config,seed,method,step,batch_seed,trajectories,transitions_used,cumulative_transitions,cumulative_oracle_calls,cumulative_jvp_calls,wall_clock_seconds,beta,gamma,g_over_f,cosine_fg,sampled_field_norm,sampled_curvature_norm,curvature_candidate_accepted,curvature_candidate_rejected,backtracking_steps,predicted_model_change,realized_merit_change,probe_model_error,merit_probe_count,field_oracle_count,jvp_count
Hard-C8-H64-Trajectory,400,QP+G,1,160001200,128,8192,8192,1.0,1.0,0.1121487000000001,0.0,0.018160952194796322,4.405055370550587,-0.1252596899037095,1.9545296244598902,8.60981121912726,1.0,0.0,0.0,-0.011353691606548729,-0.011176823999492935,0.00017686760705579348,5.0,1.0,1.0
Hard-C8-H64-Trajectory,400,QP+G,2,160001201,128,8192,16384,2.0,2.0,0.22019350000000015,0.08,0.01595450743552395,5.014256963011832,-0.028051291380018877,2.0802223982880585,10.43076964522907,1.0,0.0,0.0,-0.055030947431955905,-0.05482434675494563,0.00020660067701027546,5.0,1.0,1.0
Hard-C8-H64-Trajectory,400,QP+G,3,160001202,128,8192,24576,3.0,3.0,0.3224973000000002,0.0,0.0,7.544413886792344,-0.3594900153179736,2.204276430142272,16.62997370989441,0.0,0.0,0.0,0.0,0.0,0.0,5.0,1.0,1.0
Hard-C8-H64-Trajectory,400,QP+G,4,160001203,128,8192,32768,4.0,4.0,0.42882430000000005,0.024504948257085702,0.0,6.120073254785187,-0.1320507076696492,2.0272047458765483,12.406641547212665,0.0,0.0,0.0,-0.0008413571040173514,-0.0008461758324296298,-4.818728412278378e-06,5.0,1.0,1.0
Hard-C8-H64-Trajectory,400,QP+G,5,160001204,128,8192,40960,5.0,5.0,0.5146853999999998,0.0,0.0,4.647205780370001,0.10915893667090724,2.264991391559683,10.525881087344452,0.0,1.0,0.0,-0.04303174744228679,0.0,0.04303174744228679,5.0,1.0,1.0
Hard-C8-H64-Trajectory,400,QP+G,6,160001205,128,8192,49152,6.0,6.0,0.6242714,0.0,0.0,5.084259108134164,0.01991171897975525,1.8715823680770263,9.515609701518928,0.0,0.0,0.0,0.0,0.0,0.0,5.0,1.0,1.0
Hard-C8-H64-Trajectory,400,QP+G,7,160001206,128,8192,57344,7.0,7.0,0.7274115999999999,0.08,0.009869251542615674,4.8845186260988,-0.042151363255633074,2.1080377580369962,10.296749693651265,1.0,0.0,0.0,-0.06926558594566598,-0.06839059951163984,0.0008749864340261426,5.0,1.0,1.0
Hard-C8-H64-Trajectory,400,QP+G,8,160001207,128,8192,65536,8.0,8.0,0.8316021999999998,0.04834914479657126,0.0,5.278467895924489,0.15121311933851053,2.1656277170108487,11.431196378766009,0.0,0.0,0.0,-0.003157538600640897,-0.0033554522082992477,-0.0001979136076583508,5.0,1.0,1.0
Hard-C8-H64-Trajectory,400,QP+G,9,160001208,128,8192,73728,9.0,9.0,0.9233875999999999,0.0,0.0,7.626284213165618,0.09328065434500203,2.196488898480405,16.75104861087465,0.0,1.0,0.0,-0.011775215929428389,0.0,0.011775215929428389,5.0,1.0,1.0
Hard-C8-H64-Trajectory,400,QP+G,10,160001209,128,8192,81920,10.0,10.0,1.0370426,0.0,0.017142530556792383,4.666755572344692,0.36085987938496683,2.0967699649533205,9.785112917870892,1.0,0.0,0.0,-0.014016195353113246,-0.013610783876600419,0.0004054114765128271,5.0,1.0,1.0
Hard-C8-H64-Trajectory,400,QP+G,11,160001210,128,8192,90112,11.0,11.0,1.1402206000000001,0.027285662737622465,0.0,6.186085002435815,-0.12427402076697545,2.0841287776094797,12.892597774314892,0.0,1.0,0.0,-0.01421017490783658,-0.0014055571683639911,0.012804617739472588,5.0,1.0,1.0
Hard-C8-H64-Trajectory,400,QP+G,12,160001211,128,8192,98304,12.0,12.0,1.2421354,0.0,0.0,4.129419735868111,-0.08321740396345101,1.8882747222601868,7.797478904842091,0.0,0.0,0.0,0.0,0.0,0.0,5.0,1.0,1.0
Hard-C8-H64-Trajectory,400,QP+G,13,160001212,128,8192,106496,13.0,13.0,1.3448613000000003,0.058061666227766616,0.0,4.870935036205716,0.009451657245578872,1.9387635130022784,9.443591122400074,0.0,0.0,0.0,-0.002735405144804386,-0.002783422810073599,-4.801766526921301e-05,5.0,1.0,1.0
Hard-C8-H64-Trajectory,400,QP+G,14,160001213,128,8192,114688,14.0,14.0,1.455339,0.0,0.0,5.663223114243795,-0.25562317702320675,2.234490380162221,12.654417569490095,0.0,0.0,0.0,0.0,0.0,0.0,5.0,1.0,1.0
Hard-C8-H64-Trajectory,400,QP+G,15,160001214,128,8192,122880,15.0,15.0,1.5561645,0.08,0.01623265462688157,4.928337467829726,0.013292248931703646,1.9379606593814704,9.550924128809703,1.0,0.0,0.0,-0.09189273686083566,-0.09386361086647854,-0.0019708740056428864,5.0,1.0,1.0
Hard-C8-H64-Trajectory,400,QP+G,16,160001215,128,8192,131072,16.0,16.0,1.6896407,0.0,0.0,6.768079094020687,-0.256141443436786,2.2546310004198995,15.25952093867287,0.0,0.0,0.0,0.0,0.0,0.0,5.0,1.0,1.0
Hard-C8-H64-Trajectory,400,QP+G,17,160001216,128,8192,139264,17.0,17.0,1.7946993000000004,0.0,0.017843362875173477,4.483459791725064,0.07830320041501472,2.0337840189038454,9.118388873808398,1.0,0.0,0.0,-0.02466559488733456,-0.024830011194706625,-0.00016441630737206586,5.0,1.0,1.0
Hard-C8-H64-Trajectory,400,QP+G,18,160001217,128,8192,147456,18.0,18.0,1.8970656000000004,0.0,0.0,5.790276158454164,-0.356531579421578,2.192045400341191,12.692548219844712,0.0,0.0,0.0,0.0,0.0,0.0,5.0,1.0,1.0
Hard-C8-H64-Trajectory,400,QP+G,19,160001218,128,8192,155648,19.0,19.0,1.9870202,0.0,0.0,5.610214733011853,-0.1998675719013058,2.106204565764442,11.816259885588504,0.0,0.0,0.0,0.0,0.0,0.0,5.0,1.0,1.0
Hard-C8-H64-Trajectory,400,QP+G,20,160001219,128,8192,163840,20.0,20.0,2.0916211000000002,0.0,0.0,5.865528888686329,-0.3175912651586571,2.211663190034481,12.972574333191412,0.0,0.0,0.0,0.0,0.0,0.0,5.0,1.0,1.0
Hard-C8-H64-Trajectory,400,QP+G,21,160001220,128,8192,172032,21.0,21.0,2.2008171,0.00403932189182188,0.0,4.842029098129527,0.010315627551377854,2.292246584970916,11.099124664517213,0.0,1.0,0.0,-0.026838460718316776,-6.694768938020346e-05,0.026771513028936572,5.0,1.0,1.0
Hard-C8-H64-Trajectory,400,QP+G,22,160001221,128,8192,180224,22.0,22.0,2.2956436,0.0,0.0,3.879942512706507,0.012378561669862558,1.7859219647756481,6.9292745555093695,0.0,0.0,0.0,0.0,0.0,0.0,5.0,1.0,1.0
Hard-C8-H64-Trajectory,400,QP+G,23,160001222,128,8192,188416,23.0,23.0,2.3854911999999997,0.0,0.0,5.323543405061324,-0.24604977429639457,2.084897268727548,11.099041105164906,0.0,0.0,0.0,0.0,0.0,0.0,5.0,1.0,1.0
Hard-C8-H64-Trajectory,400,QP+G,24,160001223,128,8192,196608,24.0,24.0,2.4656395,0.0711132673616442,0.0,5.403624115175783,-0.18402796290198886,2.122032297235128,11.466664894521603,0.0,1.0,0.0,-0.03692578035541545,-0.016332317624144554,0.020593462731270898,5.0,1.0,1.0
Hard-C8-H64-Trajectory,400,QP+G,25,160001224,128,8192,204800,25.0,25.0,2.5548710000000003,0.0,0.017658801448452194,4.530318789388283,0.21457717325803094,2.0918996026182812,9.476972075255482,1.0,0.0,0.0,-0.01111668551390316,-0.011345708272753718,-0.00022902275885055765,5.0,1.0,1.0
Hard-C8-H64-Trajectory,400,QP+G,26,160001225,128,8192,212992,26.0,26.0,2.6555806000000004,0.08,0.0,5.6792122646836845,0.11043337605390847,1.8595488927721457,10.560772878610535,0.0,1.0,0.0,-0.046460527314015454,-0.02251884305919427,0.023941684254821183,5.0,1.0,1.0
Hard-C8-H64-Trajectory,400,QP+G,27,160001226,128,8192,221184,27.0,27.0,2.7595699,0.0,0.0013342516725437152,4.993475798189078,0.05914747968891125,2.023676399481939,10.105179124179475,1.0,0.0,0.0,-4.498959394158913e-05,-4.485556102107324e-05,1.3403292051588446e-07,5.0,1.0,1.0
Hard-C8-H64-Trajectory,400,QP+G,28,160001227,128,8192,229376,28.0,28.0,2.8594923000000003,0.0,0.0,6.405258514386871,0.30318196384070517,2.1786246114894343,13.954653842395487,0.0,0.0,0.0,0.0,0.0,0.0,5.0,1.0,1.0
Hard-C8-H64-Trajectory,400,QP+G,29,160001228,128,8192,237568,29.0,29.0,2.9521898,0.08,0.015950134325068283,5.015631741374536,-0.03635980808964481,1.9359728623497434,9.71012693884109,1.0,0.0,0.0,-0.07222740959637203,-0.07290300754288026,-0.0006755979465082329,5.0,1.0,1.0
Hard-C8-H64-Trajectory,400,QP+G,30,160001229,128,8192,245760,30.0,30.0,3.0391123,0.08,0.0,5.026267876022114,0.08918011230479662,2.0156768775146374,10.131331937892384,0.0,0.0,0.0,-0.006491587747269171,-0.0066518975924294566,-0.00016030984516028548,5.0,1.0,1.0
Hard-C8-H64-Trajectory,400,noG,1,160001200,128,8192,8192,1.0,0.0,0.05499619999999972,0.0,0.0,0.0,0.0,1.9545296244598902,0.0,0.0,0.0,0.0,0.0,0.0,0.0,3.0,1.0,0.0
Hard-C8-H64-Trajectory,400,noG,2,160001201,128,8192,16384,2.0,0.0,0.11309460000000016,0.08,0.0,0.0,0.0,2.12894459366487,0.0,0.0,0.0,0.0,-0.006477597079073602,-0.007187818107297073,-0.0007102210282234709,3.0,1.0,0.0
Hard-C8-H64-Trajectory,400,noG,3,160001202,128,8192,24576,3.0,0.0,0.1654226000000003,0.0,0.0,0.0,0.0,2.140700752741799,0.0,0.0,0.0,0.0,0.0,0.0,0.0,3.0,1.0,0.0
Hard-C8-H64-Trajectory,400,noG,4,160001203,128,8192,32768,4.0,0.0,0.22078920000000046,0.004709837590540334,0.0,0.0,0.0,1.9834801790146148,0.0,0.0,0.0,0.0,-2.058065850726213e-05,-2.0458252464550242e-05,1.2240604271188755e-07,3.0,1.0,0.0
Hard-C8-H64-Trajectory,400,noG,5,160001204,128,8192,40960,5.0,0.0,0.27090619999999976,0.0,0.0,0.0,0.0,2.1999847613605787,0.0,0.0,0.0,0.0,0.0,0.0,0.0,3.0,1.0,0.0
Hard-C8-H64-Trajectory,400,noG,6,160001205,128,8192,49152,6.0,0.0,0.3337114000000003,0.0,0.0,0.0,0.0,1.929558342768091,0.0,0.0,0.0,0.0,0.0,0.0,0.0,3.0,1.0,0.0
Hard-C8-H64-Trajectory,400,noG,7,160001206,128,8192,57344,7.0,0.0,0.38967799999999997,0.08,0.0,0.0,0.0,2.103003362218136,0.0,0.0,0.0,0.0,-0.051450855579349836,-0.05079571838738772,0.000655137191962113,3.0,1.0,0.0
Hard-C8-H64-Trajectory,400,noG,8,160001207,128,8192,65536,8.0,0.0,0.44580520000000057,0.04475632730946812,0.0,0.0,0.0,2.3397242603751423,0.0,0.0,0.0,0.0,-0.0037539498699081467,-0.004065106413658981,-0.0003111565437508342,3.0,1.0,0.0
Hard-C8-H64-Trajectory,400,noG,9,160001208,128,8192,73728,9.0,0.0,0.4954150000000004,0.0,0.0,0.0,0.0,2.1258121457567913,0.0,0.0,0.0,0.0,0.0,0.0,0.0,3.0,1.0,0.0
Hard-C8-H64-Trajectory,400,noG,10,160001209,128,8192,81920,10.0,0.0,0.5454692000000003,0.0,0.0,0.0,0.0,2.1562029224753116,0.0,0.0,0.0,0.0,0.0,0.0,0.0,3.0,1.0,0.0
Hard-C8-H64-Trajectory,400,noG,11,160001210,128,8192,90112,11.0,0.0,0.6115482000000005,0.0,0.0,0.0,0.0,2.169572358291116,0.0,0.0,0.0,0.0,0.0,0.0,0.0,3.0,1.0,0.0
Hard-C8-H64-Trajectory,400,noG,12,160001211,128,8192,98304,12.0,0.0,0.6658939999999998,0.0,0.0,0.0,0.0,1.9087123719501484,0.0,0.0,0.0,0.0,0.0,0.0,0.0,3.0,1.0,0.0
Hard-C8-H64-Trajectory,400,noG,13,160001212,128,8192,106496,13.0,0.0,0.7170130000000006,0.0,0.0,0.0,0.0,2.169161630005781,0.0,0.0,0.0,0.0,0.0,0.0,0.0,3.0,1.0,0.0
Hard-C8-H64-Trajectory,400,noG,14,160001213,128,8192,114688,14.0,0.0,0.7686780999999998,0.0,0.0,0.0,0.0,2.124304565071628,0.0,0.0,0.0,0.0,0.0,0.0,0.0,3.0,1.0,0.0
Hard-C8-H64-Trajectory,400,noG,15,160001214,128,8192,122880,15.0,0.0,0.8185688000000004,0.08,0.0,0.0,0.0,1.9394143228875738,0.0,0.0,0.0,0.0,-0.03472852445438981,-0.034100388067313414,0.0006281363870763931,3.0,1.0,0.0
Hard-C8-H64-Trajectory,400,noG,16,160001215,128,8192,131072,16.0,0.0,0.8772066000000001,0.0,0.0,0.0,0.0,2.2741712309923505,0.0,0.0,0.0,0.0,0.0,0.0,0.0,3.0,1.0,0.0
Hard-C8-H64-Trajectory,400,noG,17,160001216,128,8192,139264,17.0,0.0,0.9300407000000002,0.0,0.0,0.0,0.0,1.872295551185532,0.0,0.0,0.0,0.0,0.0,0.0,0.0,3.0,1.0,0.0
Hard-C8-H64-Trajectory,400,noG,18,160001217,128,8192,147456,18.0,0.0,0.9827672000000005,0.046232826613643745,0.0,0.0,0.0,2.2280350064689225,0.0,0.0,0.0,0.0,-0.003064515423486945,-0.0030434098295777368,2.1105593909208267e-05,3.0,1.0,0.0
Hard-C8-H64-Trajectory,400,noG,19,160001218,128,8192,155648,19.0,0.0,1.0352636000000004,0.008749904711617953,0.0,0.0,0.0,2.2723185749566994,0.0,0.0,0.0,0.0,-0.00015366636417834837,-0.00015363222955588896,3.413462245941356e-08,3.0,1.0,0.0
Hard-C8-H64-Trajectory,400,noG,20,160001219,128,8192,163840,20.0,0.0,1.0909089000000005,0.0,0.0,0.0,0.0,2.1919491875814248,0.0,0.0,0.0,0.0,0.0,0.0,0.0,3.0,1.0,0.0
Hard-C8-H64-Trajectory,400,noG,21,160001220,128,8192,172032,21.0,0.0,1.1577359999999999,0.022121154236035976,0.0,0.0,0.0,2.4921584314688707,0.0,0.0,0.0,0.0,-0.0017586249320957383,-0.001812965678170464,-5.43407460747256e-05,3.0,1.0,0.0
Hard-C8-H64-Trajectory,400,noG,22,160001221,128,8192,180224,22.0,0.0,1.2179612000000004,0.0,0.0,0.0,0.0,1.852867178356671,0.0,0.0,0.0,0.0,0.0,0.0,0.0,3.0,1.0,0.0
Hard-C8-H64-Trajectory,400,noG,23,160001222,128,8192,188416,23.0,0.0,1.2793011000000005,0.038371806508050665,0.0,0.0,0.0,2.2248275266268442,0.0,0.0,0.0,0.0,-0.0024088274800238515,-0.0024536986912622183,-4.487121123836679e-05,3.0,1.0,0.0
Hard-C8-H64-Trajectory,400,noG,24,160001223,128,8192,196608,24.0,0.0,1.3326376,0.08,0.0,0.0,0.0,2.132318261403887,0.0,0.0,0.0,0.0,-0.016595492647689624,-0.016936391063041345,-0.00034089841535172097,3.0,1.0,0.0
Hard-C8-H64-Trajectory,400,noG,25,160001224,128,8192,204800,25.0,0.0,1.382771,0.0,0.0,0.0,0.0,2.1332538495051048,0.0,0.0,0.0,0.0,0.0,0.0,0.0,3.0,1.0,0.0
Hard-C8-H64-Trajectory,400,noG,26,160001225,128,8192,212992,26.0,0.0,1.4390844000000005,0.08,0.0,0.0,0.0,2.0774290131206454,0.0,0.0,0.0,0.0,-0.01606746819899299,-0.016107170395366577,-3.970219637358663e-05,3.0,1.0,0.0
Hard-C8-H64-Trajectory,400,noG,27,160001226,128,8192,221184,27.0,0.0,1.4928376000000005,0.0,0.0,0.0,0.0,2.0074300834498,0.0,0.0,0.0,0.0,0.0,0.0,0.0,3.0,1.0,0.0
Hard-C8-H64-Trajectory,400,noG,28,160001227,128,8192,229376,28.0,0.0,1.5525243,0.0,0.0,0.0,0.0,2.2104992810350037,0.0,0.0,0.0,0.0,0.0,0.0,0.0,3.0,1.0,0.0
Hard-C8-H64-Trajectory,400,noG,29,160001228,128,8192,237568,29.0,0.0,1.6268301000000003,0.08,0.0,0.0,0.0,1.8142469149810172,0.0,0.0,0.0,0.0,-0.018351693413416234,-0.01813369464978498,0.00021799876363125248,3.0,1.0,0.0
Hard-C8-H64-Trajectory,400,noG,30,160001229,128,8192,245760,30.0,0.0,1.6930592999999998,0.0,0.0,0.0,0.0,2.05146767568686,0.0,0.0,0.0,0.0,0.0,0.0,0.0,3.0,1.0,0.0
Hard-C8-H64-Trajectory,400,GDA,1,160001200,128,8192,8192,1.0,0.0,0.026934599999999698,0.01,0.0,0.0,0.0,1.9545296244598902,0.0,0.0,0.0,0.0,nan,nan,nan,0.0,1.0,0.0
Hard-C8-H64-Trajectory,400,GDA,2,160001201,128,8192,16384,2.0,0.0,0.043583599999999834,0.01,0.0,0.0,0.0,2.1112937787973,0.0,0.0,0.0,0.0,nan,nan,nan,0.0,1.0,0.0
Hard-C8-H64-Trajectory,400,GDA,3,160001202,128,8192,24576,3.0,0.0,0.05812550000000005,0.01,0.0,0.0,0.0,2.2015955965600624,0.0,0.0,0.0,0.0,nan,nan,nan,0.0,1.0,0.0
Hard-C8-H64-Trajectory,400,GDA,4,160001203,128,8192,32768,4.0,0.0,0.07238970000000045,0.01,0.0,0.0,0.0,1.9072219854664396,0.0,0.0,0.0,0.0,nan,nan,nan,0.0,1.0,0.0
Hard-C8-H64-Trajectory,400,GDA,5,160001204,128,8192,40960,5.0,0.0,0.08746290000000023,0.01,0.0,0.0,0.0,2.1791293637178217,0.0,0.0,0.0,0.0,nan,nan,nan,0.0,1.0,0.0
Hard-C8-H64-Trajectory,400,GDA,6,160001205,128,8192,49152,6.0,0.0,0.10934060000000034,0.01,0.0,0.0,0.0,1.773686187242408,0.0,0.0,0.0,0.0,nan,nan,nan,0.0,1.0,0.0
Hard-C8-H64-Trajectory,400,GDA,7,160001206,128,8192,57344,7.0,0.0,0.12531800000000004,0.01,0.0,0.0,0.0,2.080913322763371,0.0,0.0,0.0,0.0,nan,nan,nan,0.0,1.0,0.0
Hard-C8-H64-Trajectory,400,GDA,8,160001207,128,8192,65536,8.0,0.0,0.14019099999999973,0.01,0.0,0.0,0.0,2.2605734924096916,0.0,0.0,0.0,0.0,nan,nan,nan,0.0,1.0,0.0
Hard-C8-H64-Trajectory,400,GDA,9,160001208,128,8192,73728,9.0,0.0,0.15480530000000048,0.01,0.0,0.0,0.0,2.1006876962589502,0.0,0.0,0.0,0.0,nan,nan,nan,0.0,1.0,0.0
Hard-C8-H64-Trajectory,400,GDA,10,160001209,128,8192,81920,10.0,0.0,0.16858519999999988,0.01,0.0,0.0,0.0,2.18417022630844,0.0,0.0,0.0,0.0,nan,nan,nan,0.0,1.0,0.0
Hard-C8-H64-Trajectory,400,GDA,11,160001210,128,8192,90112,11.0,0.0,0.19071200000000044,0.01,0.0,0.0,0.0,2.08560573558423,0.0,0.0,0.0,0.0,nan,nan,nan,0.0,1.0,0.0
Hard-C8-H64-Trajectory,400,GDA,12,160001211,128,8192,98304,12.0,0.0,0.20717609999999986,0.01,0.0,0.0,0.0,1.912988756904061,0.0,0.0,0.0,0.0,nan,nan,nan,0.0,1.0,0.0
Hard-C8-H64-Trajectory,400,GDA,13,160001212,128,8192,106496,13.0,0.0,0.22369950000000038,0.01,0.0,0.0,0.0,2.3298018184094618,0.0,0.0,0.0,0.0,nan,nan,nan,0.0,1.0,0.0
Hard-C8-H64-Trajectory,400,GDA,14,160001213,128,8192,114688,14.0,0.0,0.23865040000000004,0.01,0.0,0.0,0.0,2.0553660587999807,0.0,0.0,0.0,0.0,nan,nan,nan,0.0,1.0,0.0
Hard-C8-H64-Trajectory,400,GDA,15,160001214,128,8192,122880,15.0,0.0,0.25351440000000025,0.01,0.0,0.0,0.0,1.9738626133132118,0.0,0.0,0.0,0.0,nan,nan,nan,0.0,1.0,0.0
Hard-C8-H64-Trajectory,400,GDA,16,160001215,128,8192,131072,16.0,0.0,0.27603889999999964,0.01,0.0,0.0,0.0,2.3169934351999264,0.0,0.0,0.0,0.0,nan,nan,nan,0.0,1.0,0.0
Hard-C8-H64-Trajectory,400,GDA,17,160001216,128,8192,139264,17.0,0.0,0.29171679999999967,0.01,0.0,0.0,0.0,2.13245600298363,0.0,0.0,0.0,0.0,nan,nan,nan,0.0,1.0,0.0
Hard-C8-H64-Trajectory,400,GDA,18,160001217,128,8192,147456,18.0,0.0,0.3064676000000004,0.01,0.0,0.0,0.0,2.1386147232563424,0.0,0.0,0.0,0.0,nan,nan,nan,0.0,1.0,0.0
Hard-C8-H64-Trajectory,400,GDA,19,160001218,128,8192,155648,19.0,0.0,0.32079080000000015,0.01,0.0,0.0,0.0,2.311995524704178,0.0,0.0,0.0,0.0,nan,nan,nan,0.0,1.0,0.0
Hard-C8-H64-Trajectory,400,GDA,20,160001219,128,8192,163840,20.0,0.0,0.33493010000000023,0.01,0.0,0.0,0.0,2.1912611208002666,0.0,0.0,0.0,0.0,nan,nan,nan,0.0,1.0,0.0
Hard-C8-H64-Trajectory,400,GDA,21,160001220,128,8192,172032,21.0,0.0,0.35655820000000027,0.01,0.0,0.0,0.0,2.4536410355485168,0.0,0.0,0.0,0.0,nan,nan,nan,0.0,1.0,0.0
Hard-C8-H64-Trajectory,400,GDA,22,160001221,128,8192,180224,22.0,0.0,0.37252490000000016,0.01,0.0,0.0,0.0,1.91751780280289,0.0,0.0,0.0,0.0,nan,nan,nan,0.0,1.0,0.0
Hard-C8-H64-Trajectory,400,GDA,23,160001222,128,8192,188416,23.0,0.0,0.3881812,0.01,0.0,0.0,0.0,2.2619517785589824,0.0,0.0,0.0,0.0,nan,nan,nan,0.0,1.0,0.0
Hard-C8-H64-Trajectory,400,GDA,24,160001223,128,8192,196608,24.0,0.0,0.4023593999999999,0.01,0.0,0.0,0.0,2.170331991052643,0.0,0.0,0.0,0.0,nan,nan,nan,0.0,1.0,0.0
Hard-C8-H64-Trajectory,400,GDA,25,160001224,128,8192,204800,25.0,0.0,0.41652809999999985,0.01,0.0,0.0,0.0,2.1634853963774336,0.0,0.0,0.0,0.0,nan,nan,nan,0.0,1.0,0.0
Hard-C8-H64-Trajectory,400,GDA,26,160001225,128,8192,212992,26.0,0.0,0.44078090000000003,0.01,0.0,0.0,0.0,2.00601394783714,0.0,0.0,0.0,0.0,nan,nan,nan,0.0,1.0,0.0
Hard-C8-H64-Trajectory,400,GDA,27,160001226,128,8192,221184,27.0,0.0,0.45571750000000044,0.01,0.0,0.0,0.0,2.1174670217608167,0.0,0.0,0.0,0.0,nan,nan,nan,0.0,1.0,0.0
Hard-C8-H64-Trajectory,400,GDA,28,160001227,128,8192,229376,28.0,0.0,0.47037070000000014,0.01,0.0,0.0,0.0,2.19735167165141,0.0,0.0,0.0,0.0,nan,nan,nan,0.0,1.0,0.0
Hard-C8-H64-Trajectory,400,GDA,29,160001228,128,8192,237568,29.0,0.0,0.4853037000000002,0.01,0.0,0.0,0.0,1.8425489889852102,0.0,0.0,0.0,0.0,nan,nan,nan,0.0,1.0,0.0
Hard-C8-H64-Trajectory,400,GDA,30,160001229,128,8192,245760,30.0,0.0,0.5021725999999997,0.01,0.0,0.0,0.0,2.185602151353766,0.0,0.0,0.0,0.0,nan,nan,nan,0.0,1.0,0.0
Hard-C8-H64-Trajectory,400,EGM,1,160001200,128,8192,8192,2.0,0.0,0.023548299999999855,0.01,0.0,0.0,0.0,1.9545296244598902,0.0,0.0,0.0,0.0,nan,nan,nan,0.0,2.0,0.0
Hard-C8-H64-Trajectory,400,EGM,2,160001201,128,8192,16384,4.0,0.0,0.04221699999999995,0.01,0.0,0.0,0.0,2.1227064091212102,0.0,0.0,0.0,0.0,nan,nan,nan,0.0,2.0,0.0
Hard-C8-H64-Trajectory,400,EGM,3,160001202,128,8192,24576,6.0,0.0,0.0591254999999995,0.01,0.0,0.0,0.0,2.1874514881830325,0.0,0.0,0.0,0.0,nan,nan,nan,0.0,2.0,0.0
Hard-C8-H64-Trajectory,400,EGM,4,160001203,128,8192,32768,8.0,0.0,0.07755119999999938,0.01,0.0,0.0,0.0,1.8825649183234405,0.0,0.0,0.0,0.0,nan,nan,nan,0.0,2.0,0.0
Hard-C8-H64-Trajectory,400,EGM,5,160001204,128,8192,40960,10.0,0.0,0.0948960999999997,0.01,0.0,0.0,0.0,2.1906159192593675,0.0,0.0,0.0,0.0,nan,nan,nan,0.0,2.0,0.0
Hard-C8-H64-Trajectory,400,EGM,6,160001205,128,8192,49152,12.0,0.0,0.11708819999999953,0.01,0.0,0.0,0.0,1.7790961720602017,0.0,0.0,0.0,0.0,nan,nan,nan,0.0,2.0,0.0
Hard-C8-H64-Trajectory,400,EGM,7,160001206,128,8192,57344,14.0,0.0,0.1340513999999997,0.01,0.0,0.0,0.0,2.1020233837844717,0.0,0.0,0.0,0.0,nan,nan,nan,0.0,2.0,0.0
Hard-C8-H64-Trajectory,400,EGM,8,160001207,128,8192,65536,16.0,0.0,0.15028029999999948,0.01,0.0,0.0,0.0,2.250993493315828,0.0,0.0,0.0,0.0,nan,nan,nan,0.0,2.0,0.0
Hard-C8-H64-Trajectory,400,EGM,9,160001208,128,8192,73728,18.0,0.0,0.16799919999999968,0.01,0.0,0.0,0.0,2.0975581905353855,0.0,0.0,0.0,0.0,nan,nan,nan,0.0,2.0,0.0
Hard-C8-H64-Trajectory,400,EGM,10,160001209,128,8192,81920,20.0,0.0,0.1864663999999996,0.01,0.0,0.0,0.0,2.1743385988457113,0.0,0.0,0.0,0.0,nan,nan,nan,0.0,2.0,0.0
Hard-C8-H64-Trajectory,400,EGM,11,160001210,128,8192,90112,22.0,0.0,0.21002269999999967,0.01,0.0,0.0,0.0,2.0830193394537457,0.0,0.0,0.0,0.0,nan,nan,nan,0.0,2.0,0.0
Hard-C8-H64-Trajectory,400,EGM,12,160001211,128,8192,98304,24.0,0.0,0.22625549999999972,0.01,0.0,0.0,0.0,1.8988353189564893,0.0,0.0,0.0,0.0,nan,nan,nan,0.0,2.0,0.0
Hard-C8-H64-Trajectory,400,EGM,13,160001212,128,8192,106496,26.0,0.0,0.2432943999999999,0.01,0.0,0.0,0.0,2.3476666544922447,0.0,0.0,0.0,0.0,nan,nan,nan,0.0,2.0,0.0
Hard-C8-H64-Trajectory,400,EGM,14,160001213,128,8192,114688,28.0,0.0,0.26215920000000015,0.01,0.0,0.0,0.0,2.0707295720882524,0.0,0.0,0.0,0.0,nan,nan,nan,0.0,2.0,0.0
Hard-C8-H64-Trajectory,400,EGM,15,160001214,128,8192,122880,30.0,0.0,0.2829259999999998,0.01,0.0,0.0,0.0,1.9784676251259024,0.0,0.0,0.0,0.0,nan,nan,nan,0.0,2.0,0.0
Hard-C8-H64-Trajectory,400,EGM,16,160001215,128,8192,131072,32.0,0.0,0.3084224999999998,0.01,0.0,0.0,0.0,2.2918591364257153,0.0,0.0,0.0,0.0,nan,nan,nan,0.0,2.0,0.0
Hard-C8-H64-Trajectory,400,EGM,17,160001216,128,8192,139264,34.0,0.0,0.3270730999999998,0.01,0.0,0.0,0.0,2.091680448006903,0.0,0.0,0.0,0.0,nan,nan,nan,0.0,2.0,0.0
Hard-C8-H64-Trajectory,400,EGM,18,160001217,128,8192,147456,36.0,0.0,0.34500639999999994,0.01,0.0,0.0,0.0,2.1645763248491288,0.0,0.0,0.0,0.0,nan,nan,nan,0.0,2.0,0.0
Hard-C8-H64-Trajectory,400,EGM,19,160001218,128,8192,155648,38.0,0.0,0.3624882999999999,0.01,0.0,0.0,0.0,2.3688033765459333,0.0,0.0,0.0,0.0,nan,nan,nan,0.0,2.0,0.0
Hard-C8-H64-Trajectory,400,EGM,20,160001219,128,8192,163840,40.0,0.0,0.3794366,0.01,0.0,0.0,0.0,2.2159912344196853,0.0,0.0,0.0,0.0,nan,nan,nan,0.0,2.0,0.0
Hard-C8-H64-Trajectory,400,EGM,21,160001220,128,8192,172032,42.0,0.0,0.40152870000000007,0.01,0.0,0.0,0.0,2.4210953089234772,0.0,0.0,0.0,0.0,nan,nan,nan,0.0,2.0,0.0
Hard-C8-H64-Trajectory,400,EGM,22,160001221,128,8192,180224,44.0,0.0,0.4195216000000004,0.01,0.0,0.0,0.0,1.9309067829247575,0.0,0.0,0.0,0.0,nan,nan,nan,0.0,2.0,0.0
Hard-C8-H64-Trajectory,400,EGM,23,160001222,128,8192,188416,46.0,0.0,0.4389624999999997,0.01,0.0,0.0,0.0,2.2499829133061104,0.0,0.0,0.0,0.0,nan,nan,nan,0.0,2.0,0.0
Hard-C8-H64-Trajectory,400,EGM,24,160001223,128,8192,196608,48.0,0.0,0.4556250000000004,0.01,0.0,0.0,0.0,2.178816576664871,0.0,0.0,0.0,0.0,nan,nan,nan,0.0,2.0,0.0
Hard-C8-H64-Trajectory,400,EGM,25,160001224,128,8192,204800,50.0,0.0,0.4730894000000001,0.01,0.0,0.0,0.0,2.201070284998161,0.0,0.0,0.0,0.0,nan,nan,nan,0.0,2.0,0.0
Hard-C8-H64-Trajectory,400,EGM,26,160001225,128,8192,212992,52.0,0.0,0.4943450999999994,0.01,0.0,0.0,0.0,2.025239711200993,0.0,0.0,0.0,0.0,nan,nan,nan,0.0,2.0,0.0
Hard-C8-H64-Trajectory,400,EGM,27,160001226,128,8192,221184,54.0,0.0,0.5106156999999998,0.01,0.0,0.0,0.0,2.112716554770431,0.0,0.0,0.0,0.0,nan,nan,nan,0.0,2.0,0.0
Hard-C8-H64-Trajectory,400,EGM,28,160001227,128,8192,229376,56.0,0.0,0.5273437000000003,0.01,0.0,0.0,0.0,2.1994107672776404,0.0,0.0,0.0,0.0,nan,nan,nan,0.0,2.0,0.0
Hard-C8-H64-Trajectory,400,EGM,29,160001228,128,8192,237568,58.0,0.0,0.5463560000000003,0.01,0.0,0.0,0.0,1.861148221214466,0.0,0.0,0.0,0.0,nan,nan,nan,0.0,2.0,0.0
Hard-C8-H64-Trajectory,400,EGM,30,160001229,128,8192,245760,60.0,0.0,0.5699224000000003,0.01,0.0,0.0,0.0,2.225206077677309,0.0,0.0,0.0,0.0,nan,nan,nan,0.0,2.0,0.0
Hard-C8-H64-Trajectory,400,PPM-3,1,160001200,128,8192,8192,3.0,0.0,0.02705210000000058,0.01,0.0,0.0,0.0,1.9545296244598902,0.0,0.0,0.0,0.0,nan,nan,nan,0.0,3.0,0.0
Hard-C8-H64-Trajectory,400,PPM-3,2,160001201,128,8192,16384,6.0,0.0,0.050860800000000594,0.01,0.0,0.0,0.0,2.122605050675544,0.0,0.0,0.0,0.0,nan,nan,nan,0.0,3.0,0.0
Hard-C8-H64-Trajectory,400,PPM-3,3,160001202,128,8192,24576,9.0,0.0,0.0751261999999997,0.01,0.0,0.0,0.0,2.1876822942646847,0.0,0.0,0.0,0.0,nan,nan,nan,0.0,3.0,0.0
Hard-C8-H64-Trajectory,400,PPM-3,4,160001203,128,8192,32768,12.0,0.0,0.1030457000000009,0.01,0.0,0.0,0.0,1.8808914784124182,0.0,0.0,0.0,0.0,nan,nan,nan,0.0,3.0,0.0
Hard-C8-H64-Trajectory,400,PPM-3,5,160001204,128,8192,40960,15.0,0.0,0.12584799999999952,0.01,0.0,0.0,0.0,2.1892433517042273,0.0,0.0,0.0,0.0,nan,nan,nan,0.0,3.0,0.0
Hard-C8-H64-Trajectory,400,PPM-3,6,160001205,128,8192,49152,18.0,0.0,0.15158880000000075,0.01,0.0,0.0,0.0,1.7823264326085027,0.0,0.0,0.0,0.0,nan,nan,nan,0.0,3.0,0.0
Hard-C8-H64-Trajectory,400,PPM-3,7,160001206,128,8192,57344,21.0,0.0,0.17286750000000062,0.01,0.0,0.0,0.0,2.1034310927566877,0.0,0.0,0.0,0.0,nan,nan,nan,0.0,3.0,0.0
Hard-C8-H64-Trajectory,400,PPM-3,8,160001207,128,8192,65536,24.0,0.0,0.19487140000000025,0.01,0.0,0.0,0.0,2.2482094140746063,0.0,0.0,0.0,0.0,nan,nan,nan,0.0,3.0,0.0
Hard-C8-H64-Trajectory,400,PPM-3,9,160001208,128,8192,73728,27.0,0.0,0.21849779999999974,0.01,0.0,0.0,0.0,2.0987318694991037,0.0,0.0,0.0,0.0,nan,nan,nan,0.0,3.0,0.0
Hard-C8-H64-Trajectory,400,PPM-3,10,160001209,128,8192,81920,30.0,0.0,0.24210369999999948,0.01,0.0,0.0,0.0,2.175219331594933,0.0,0.0,0.0,0.0,nan,nan,nan,0.0,3.0,0.0
Hard-C8-H64-Trajectory,400,PPM-3,11,160001210,128,8192,90112,33.0,0.0,0.2694799000000003,0.01,0.0,0.0,0.0,2.085670489278176,0.0,0.0,0.0,0.0,nan,nan,nan,0.0,3.0,0.0
Hard-C8-H64-Trajectory,400,PPM-3,12,160001211,128,8192,98304,36.0,0.0,0.2911911000000007,0.01,0.0,0.0,0.0,1.9029358379786465,0.0,0.0,0.0,0.0,nan,nan,nan,0.0,3.0,0.0
Hard-C8-H64-Trajectory,400,PPM-3,13,160001212,128,8192,106496,39.0,0.0,0.3120471000000009,0.01,0.0,0.0,0.0,2.3453378845032673,0.0,0.0,0.0,0.0,nan,nan,nan,0.0,3.0,0.0
Hard-C8-H64-Trajectory,400,PPM-3,14,160001213,128,8192,114688,42.0,0.0,0.3326752000000006,0.01,0.0,0.0,0.0,2.0687022404732938,0.0,0.0,0.0,0.0,nan,nan,nan,0.0,3.0,0.0
Hard-C8-H64-Trajectory,400,PPM-3,15,160001214,128,8192,122880,45.0,0.0,0.3545826000000005,0.01,0.0,0.0,0.0,1.9802224426777166,0.0,0.0,0.0,0.0,nan,nan,nan,0.0,3.0,0.0
Hard-C8-H64-Trajectory,400,PPM-3,16,160001215,128,8192,131072,48.0,0.0,0.3804849000000008,0.01,0.0,0.0,0.0,2.302087136161339,0.0,0.0,0.0,0.0,nan,nan,nan,0.0,3.0,0.0
Hard-C8-H64-Trajectory,400,PPM-3,17,160001216,128,8192,139264,51.0,0.0,0.4039345000000001,0.01,0.0,0.0,0.0,2.0905975626021807,0.0,0.0,0.0,0.0,nan,nan,nan,0.0,3.0,0.0
Hard-C8-H64-Trajectory,400,PPM-3,18,160001217,128,8192,147456,54.0,0.0,0.4283210999999998,0.01,0.0,0.0,0.0,2.163507174993013,0.0,0.0,0.0,0.0,nan,nan,nan,0.0,3.0,0.0
Hard-C8-H64-Trajectory,400,PPM-3,19,160001218,128,8192,155648,57.0,0.0,0.45618230000000004,0.01,0.0,0.0,0.0,2.3645704001056513,0.0,0.0,0.0,0.0,nan,nan,nan,0.0,3.0,0.0
Hard-C8-H64-Trajectory,400,PPM-3,20,160001219,128,8192,163840,60.0,0.0,0.4832976000000002,0.01,0.0,0.0,0.0,2.232505864933464,0.0,0.0,0.0,0.0,nan,nan,nan,0.0,3.0,0.0
Hard-C8-H64-Trajectory,400,PPM-3,21,160001220,128,8192,172032,63.0,0.0,0.5109340000000007,0.01,0.0,0.0,0.0,2.4198544276918423,0.0,0.0,0.0,0.0,nan,nan,nan,0.0,3.0,0.0
Hard-C8-H64-Trajectory,400,PPM-3,22,160001221,128,8192,180224,66.0,0.0,0.5346483000000006,0.01,0.0,0.0,0.0,1.9298928785530138,0.0,0.0,0.0,0.0,nan,nan,nan,0.0,3.0,0.0
Hard-C8-H64-Trajectory,400,PPM-3,23,160001222,128,8192,188416,69.0,0.0,0.5553339000000008,0.01,0.0,0.0,0.0,2.2471525953582137,0.0,0.0,0.0,0.0,nan,nan,nan,0.0,3.0,0.0
Hard-C8-H64-Trajectory,400,PPM-3,24,160001223,128,8192,196608,72.0,0.0,0.5769587000000005,0.01,0.0,0.0,0.0,2.1696718889713904,0.0,0.0,0.0,0.0,nan,nan,nan,0.0,3.0,0.0
Hard-C8-H64-Trajectory,400,PPM-3,25,160001224,128,8192,204800,75.0,0.0,0.598438100000001,0.01,0.0,0.0,0.0,2.2000274150824426,0.0,0.0,0.0,0.0,nan,nan,nan,0.0,3.0,0.0
Hard-C8-H64-Trajectory,400,PPM-3,26,160001225,128,8192,212992,78.0,0.0,0.6268399999999996,0.01,0.0,0.0,0.0,2.026891054892642,0.0,0.0,0.0,0.0,nan,nan,nan,0.0,3.0,0.0
Hard-C8-H64-Trajectory,400,PPM-3,27,160001226,128,8192,221184,81.0,0.0,0.6489246000000009,0.01,0.0,0.0,0.0,2.1097483846579674,0.0,0.0,0.0,0.0,nan,nan,nan,0.0,3.0,0.0
Hard-C8-H64-Trajectory,400,PPM-3,28,160001227,128,8192,229376,84.0,0.0,0.6725305000000006,0.01,0.0,0.0,0.0,2.197530943568203,0.0,0.0,0.0,0.0,nan,nan,nan,0.0,3.0,0.0
Hard-C8-H64-Trajectory,400,PPM-3,29,160001228,128,8192,237568,87.0,0.0,0.6949968999999996,0.01,0.0,0.0,0.0,1.8693490745264534,0.0,0.0,0.0,0.0,nan,nan,nan,0.0,3.0,0.0
Hard-C8-H64-Trajectory,400,PPM-3,30,160001229,128,8192,245760,90.0,0.0,0.7153463000000002,0.01,0.0,0.0,0.0,2.228200709477584,0.0,0.0,0.0,0.0,nan,nan,nan,0.0,3.0,0.0
Hard-C8-H64-Trajectory,401,QP+G,1,160101203,128,8192,8192,1.0,1.0,0.09337030000000013,0.08,0.016612844305779143,4.815551059620191,0.1689524693281971,2.120257515552446,10.210208325686255,1.0,0.0,0.0,-0.09326027644010643,-0.09477961328032203,-0.0015193368402156016,5.0,1.0,1.0
Hard-C8-H64-Trajectory,401,QP+G,2,160101204,128,8192,16384,2.0,2.0,0.1721805000000014,0.08,0.0,6.056605648626358,0.030349312185307863,2.191988646242567,13.276010816557575,0.0,1.0,0.0,-0.08470942974041965,-0.07013858792653416,0.014570841813885488,5.0,1.0,1.0
Hard-C8-H64-Trajectory,401,QP+G,3,160101205,128,8192,24576,3.0,3.0,0.26367910000000094,0.0,0.0,5.685133513251718,0.021913000622980464,2.321317680369966,13.197000939575034,0.0,0.0,0.0,0.0,0.0,0.0,5.0,1.0,1.0
Hard-C8-H64-Trajectory,401,QP+G,4,160101206,128,8192,32768,4.0,4.0,0.3450160000000011,0.0,0.0,4.745894351975188,-0.07421018166339824,2.032607561357288,9.646540745227613,0.0,1.0,0.0,-0.00831081104173328,0.0,0.00831081104173328,5.0,1.0,1.0
Hard-C8-H64-Trajectory,401,QP+G,5,160101207,128,8192,40960,5.0,5.0,0.4384339000000015,0.08,0.0,5.456737376796377,-0.09586309683963842,2.0935638060026145,11.424027870922545,0.0,0.0,0.0,-0.02431122643743163,-0.02399124882126724,0.0003199776161643894,5.0,1.0,1.0
Hard-C8-H64-Trajectory,401,QP+G,6,160101208,128,8192,49152,6.0,6.0,0.5313959000000015,0.0,0.013525805338934032,5.914620090658853,0.0036714330759401947,2.1628058048579146,12.792174665606213,1.0,0.0,0.0,-0.046481031473208576,-0.04628851362739628,0.00019251784581229836,5.0,1.0,1.0
Hard-C8-H64-Trajectory,401,QP+G,7,160101209,128,8192,57344,7.0,7.0,0.6284691000000002,0.0,0.0,4.62751133454372,0.09681025087549179,2.2434919131336937,10.381784256983343,0.0,0.0,0.0,0.0,0.0,0.0,5.0,1.0,1.0
Hard-C8-H64-Trajectory,401,QP+G,8,160101210,128,8192,65536,8.0,8.0,0.7249552000000001,0.0,0.0,5.689810121446916,-0.17885353619177116,1.981468917278962,11.2741819008663,0.0,1.0,0.0,-0.038725728454121554,0.0,0.038725728454121554,5.0,1.0,1.0
Hard-C8-H64-Trajectory,401,QP+G,9,160101211,128,8192,73728,9.0,9.0,0.8137015999999999,0.0,0.0,5.5986870436318386,0.07685331023177153,1.8915868950336308,10.590403041128567,0.0,0.0,0.0,0.0,0.0,0.0,5.0,1.0,1.0
Hard-C8-H64-Trajectory,401,QP+G,10,160101212,128,8192,81920,10.0,10.0,0.9063899000000006,0.0,0.0,6.156063851600245,-0.06146257749767024,2.1481709954778645,13.224277812317395,0.0,0.0,0.0,0.0,0.0,0.0,5.0,1.0,1.0
Hard-C8-H64-Trajectory,401,QP+G,11,160101213,128,8192,90112,11.0,11.0,1.014880100000001,0.07644913396329386,0.014258814079605425,5.610564774417327,0.025615882610663172,2.435708723892453,13.665701567011975,1.0,0.0,0.0,-0.09987630863491816,-0.08859768521066913,0.011278623424249026,5.0,1.0,1.0
Hard-C8-H64-Trajectory,401,QP+G,12,160101214,128,8192,98304,12.0,12.0,1.1258036000000011,0.0145326934863765,0.0,4.427002356130288,-0.013961503020543643,2.072158377899346,9.17345002123552,0.0,0.0,0.0,-0.00031132264789262724,-0.0003084857423893972,2.8369055032300534e-06,5.0,1.0,1.0
Hard-C8-H64-Trajectory,401,QP+G,13,160101215,128,8192,106496,13.0,13.0,1.2170073000000006,0.0,0.0,7.076761714062726,-0.35970304984626017,2.017337086653728,14.276213859189943,0.0,0.0,0.0,0.0,0.0,0.0,5.0,1.0,1.0
Hard-C8-H64-Trajectory,401,QP+G,14,160101216,128,8192,114688,14.0,14.0,1.3117063000000009,0.012261573508423601,0.0,6.5125546001941315,0.272022877521145,2.0629635173392495,13.435162544880395,0.0,0.0,0.0,-0.00016616827965383073,-0.0001665728013273693,-4.045216735385599e-07,5.0,1.0,1.0
Hard-C8-H64-Trajectory,401,QP+G,15,160101217,128,8192,122880,15.0,15.0,1.4058710000000012,0.08,0.0,4.150062445355459,0.13524689316710065,1.9586031350223658,8.128325316011788,0.0,0.0,0.0,-0.025997616568206733,-0.025764770507969992,0.00023284606023674104,5.0,1.0,1.0
Hard-C8-H64-Trajectory,401,QP+G,16,160101218,128,8192,131072,16.0,16.0,1.5061004000000011,0.0,0.0,4.748768111085948,-0.17194595934060403,1.9732649329603111,9.370577588366077,0.0,0.0,0.0,0.0,0.0,0.0,5.0,1.0,1.0
Hard-C8-H64-Trajectory,401,QP+G,17,160101219,128,8192,139264,17.0,17.0,1.5931843000000008,0.0,0.0,4.25482041478906,0.18037972316343,1.7341927773781762,7.378678832368403,0.0,1.0,0.0,-0.00125013875831426,0.0,0.00125013875831426,5.0,1.0,1.0
Hard-C8-H64-Trajectory,401,QP+G,18,160101220,128,8192,147456,18.0,18.0,1.6890616999999999,0.08,0.0,4.974842650256921,-0.19887168678557204,2.073782097496273,10.316739625963715,0.0,0.0,0.0,-0.05363427572831573,-0.053652983596283566,-1.8707867967836245e-05,5.0,1.0,1.0
Hard-C8-H64-Trajectory,401,QP+G,19,160101221,128,8192,155648,19.0,19.0,1.7759178000000002,0.0,0.01435852592860772,5.086129451828157,0.2371465080946264,1.8841155429274326,9.582855553530413,1.0,0.0,0.0,-0.005536616326420485,-0.005461239730033096,7.537659638738852e-05,5.0,1.0,1.0
Hard-C8-H64-Trajectory,401,QP+G,20,160101222,128,8192,163840,20.0,20.0,1.8664696000000003,0.015083021920876141,0.016314383429154273,4.903648387780178,-0.19597259108244613,2.076599712769681,10.182914833587827,1.0,0.0,0.0,-0.02669320943423496,-0.027389011670880592,-0.0006958022366456325,5.0,1.0,1.0
Hard-C8-H64-Trajectory,401,QP+G,21,160101223,128,8192,172032,21.0,21.0,1.9716396000000014,0.0,0.0,4.518343907875833,-0.04890949098188051,1.9761399880856303,8.92888007627653,0.0,0.0,0.0,0.0,0.0,0.0,5.0,1.0,1.0
Hard-C8-H64-Trajectory,401,QP+G,22,160101224,128,8192,180224,22.0,22.0,2.067025900000001,0.06711295035703417,0.0,5.387357643465365,-0.24105679772291755,1.8426835273333135,9.927195185466847,0.0,1.0,0.0,-0.006143809080805215,-0.006539920574053948,-0.00039611149324873286,5.0,1.0,1.0
Hard-C8-H64-Trajectory,401,QP+G,23,160101225,128,8192,188416,23.0,23.0,2.1659868000000007,0.0,0.013285787284353482,6.021472291236747,0.17776279677211976,2.000031251081797,12.043132759996606,1.0,0.0,0.0,-0.04700130372225121,-0.047125557137020824,-0.00012425341476961227,5.0,1.0,1.0
Hard-C8-H64-Trajectory,401,QP+G,24,160101226,128,8192,196608,24.0,24.0,2.260689300000001,0.0,0.0,4.6535579899848525,0.007556312845000262,2.119900827941611,9.865081435843189,0.0,0.0,0.0,0.0,0.0,0.0,5.0,1.0,1.0
Hard-C8-H64-Trajectory,401,QP+G,25,160101227,128,8192,204800,25.0,25.0,2.3598208000000014,0.0,0.0,5.359252784847013,0.1789844420455624,1.9530837587913037,10.467069573341766,0.0,0.0,0.0,0.0,0.0,0.0,5.0,1.0,1.0
Hard-C8-H64-Trajectory,401,QP+G,26,160101228,128,8192,212992,26.0,26.0,2.462216100000001,0.0,0.017605127443531744,4.544130694685348,-0.08023420191270514,2.1519464839450952,9.778726071015118,1.0,0.0,0.0,-0.012825755892652734,-0.012505951936165438,0.00031980395648729606,5.0,1.0,1.0
Hard-C8-H64-Trajectory,401,QP+G,27,160101229,128,8192,221184,27.0,27.0,2.5573541000000013,0.0,0.0,7.019053638026592,-0.505205577756059,2.3161476160883687,16.257164350911683,0.0,0.0,0.0,0.0,0.0,0.0,5.0,1.0,1.0
Hard-C8-H64-Trajectory,401,QP+G,28,160101230,128,8192,229376,28.0,28.0,2.6528693000000008,0.0,0.0,5.121333678011694,-0.14383114849730239,1.8500590201139,9.47476956601863,0.0,0.0,0.0,0.0,0.0,0.0,5.0,1.0,1.0
Hard-C8-H64-Trajectory,401,QP+G,29,160101231,128,8192,237568,29.0,29.0,2.7445891000000007,0.08,0.0,6.632565658909077,-0.3433823010884504,2.2827954622858857,15.140790789470836,0.0,1.0,0.0,-0.027786675880717718,-0.020713727987554442,0.0070729478931632755,5.0,1.0,1.0
Hard-C8-H64-Trajectory,401,QP+G,30,160101232,128,8192,245760,30.0,30.0,2.8371568000000007,0.0,0.0,5.3165376118855345,0.00999217093487708,1.9762648457205376,10.506886383320401,0.0,0.0,0.0,0.0,0.0,0.0,5.0,1.0,1.0
Hard-C8-H64-Trajectory,401,noG,1,160101203,128,8192,8192,1.0,0.0,0.057463200000000825,0.08,0.0,0.0,0.0,2.120257515552446,0.0,0.0,0.0,0.0,-0.009729959842167108,-0.009625946723425205,0.00010401311874190348,3.0,1.0,0.0
Hard-C8-H64-Trajectory,401,noG,2,160101204,128,8192,16384,2.0,0.0,0.11438570000000148,0.08,0.0,0.0,0.0,2.158450785408934,0.0,0.0,0.0,0.0,-0.05222052123298898,-0.052366257285547224,-0.00014573605255824296,3.0,1.0,0.0
Hard-C8-H64-Trajectory,401,noG,3,160101205,128,8192,24576,3.0,0.0,0.17101820000000068,0.03205187827024191,0.0,0.0,0.0,2.1628995652079706,0.0,0.0,0.0,0.0,-0.0007612232551832022,-0.0007656847775927567,-4.461522409554509e-06,3.0,1.0,0.0
Hard-C8-H64-Trajectory,401,noG,4,160101206,128,8192,32768,4.0,0.0,0.2279909,0.0,0.0,0.0,0.0,1.9569109698002751,0.0,0.0,0.0,0.0,0.0,0.0,0.0,3.0,1.0,0.0
Hard-C8-H64-Trajectory,401,noG,5,160101207,128,8192,40960,5.0,0.0,0.2783343000000009,0.08,0.0,0.0,0.0,2.3065195682596538,0.0,0.0,0.0,0.0,-0.027387568423857447,-0.026984403683248726,0.0004031647406087212,3.0,1.0,0.0
Hard-C8-H64-Trajectory,401,noG,6,160101208,128,8192,49152,6.0,0.0,0.3358257000000009,0.0,0.0,0.0,0.0,2.068018416525526,0.0,0.0,0.0,0.0,0.0,0.0,0.0,3.0,1.0,0.0
Hard-C8-H64-Trajectory,401,noG,7,160101209,128,8192,57344,7.0,0.0,0.3842811000000008,0.0,0.0,0.0,0.0,2.144560704138495,0.0,0.0,0.0,0.0,0.0,0.0,0.0,3.0,1.0,0.0
Hard-C8-H64-Trajectory,401,noG,8,160101210,128,8192,65536,8.0,0.0,0.43597080000000155,0.0,0.0,0.0,0.0,2.0203611857883312,0.0,0.0,0.0,0.0,0.0,0.0,0.0,3.0,1.0,0.0
Hard-C8-H64-Trajectory,401,noG,9,160101211,128,8192,73728,9.0,0.0,0.4857826000000003,0.0,0.0,0.0,0.0,1.9221184067249963,0.0,0.0,0.0,0.0,0.0,0.0,0.0,3.0,1.0,0.0
Hard-C8-H64-Trajectory,401,noG,10,160101212,128,8192,81920,10.0,0.0,0.5392270000000003,0.0,0.0,0.0,0.0,2.1602111836650537,0.0,0.0,0.0,0.0,0.0,0.0,0.0,3.0,1.0,0.0
Hard-C8-H64-Trajectory,401,noG,11,160101213,128,8192,90112,11.0,0.0,0.6045046000000003,0.08,0.0,0.0,0.0,2.2238971196236617,0.0,0.0,0.0,0.0,-0.015552535115062514,-0.015368501467351248,0.00018403364771126668,3.0,1.0,0.0
Hard-C8-H64-Trajectory,401,noG,12,160101214,128,8192,98304,12.0,0.0,0.6540151000000005,0.0,0.0,0.0,0.0,2.1438128986670506,0.0,0.0,0.0,0.0,0.0,0.0,0.0,3.0,1.0,0.0
Hard-C8-H64-Trajectory,401,noG,13,160101215,128,8192,106496,13.0,0.0,0.7092841000000014,0.0,0.0,0.0,0.0,2.082177693579754,0.0,0.0,0.0,0.0,0.0,0.0,0.0,3.0,1.0,0.0
Hard-C8-H64-Trajectory,401,noG,14,160101216,128,8192,114688,14.0,0.0,0.7615711000000012,0.0,0.0,0.0,0.0,1.9743302326122314,0.0,0.0,0.0,0.0,0.0,0.0,0.0,3.0,1.0,0.0
Hard-C8-H64-Trajectory,401,noG,15,160101217,128,8192,122880,15.0,0.0,0.8222919000000015,0.08,0.0,0.0,0.0,2.1510844362581225,0.0,0.0,0.0,0.0,-0.00766061117955157,-0.007505657732900239,0.0001549534466513307,3.0,1.0,0.0
Hard-C8-H64-Trajectory,401,noG,16,160101218,128,8192,131072,16.0,0.0,0.8814137000000013,0.0,0.0,0.0,0.0,2.0588142840556776,0.0,0.0,0.0,0.0,0.0,0.0,0.0,3.0,1.0,0.0
Hard-C8-H64-Trajectory,401,noG,17,160101219,128,8192,139264,17.0,0.0,0.9323782999999999,0.02848075407045512,0.0,0.0,0.0,1.9174756188174313,0.0,0.0,0.0,0.0,-0.0008344038157520782,-0.000836505532213927,-2.101716461848737e-06,3.0,1.0,0.0
Hard-C8-H64-Trajectory,401,noG,18,160101220,128,8192,147456,18.0,0.0,0.9937631000000007,0.08,0.0,0.0,0.0,2.206364821248191,0.0,0.0,0.0,0.0,-0.06141171040394214,-0.06148902692287628,-7.73165189341396e-05,3.0,1.0,0.0
Hard-C8-H64-Trajectory,401,noG,19,160101221,128,8192,155648,19.0,0.0,1.0506016000000002,0.0,0.0,0.0,0.0,2.027493141496359,0.0,0.0,0.0,0.0,0.0,0.0,0.0,3.0,1.0,0.0
Hard-C8-H64-Trajectory,401,noG,20,160101222,128,8192,163840,20.0,0.0,1.1094194000000002,0.08,0.0,0.0,0.0,2.0813097254740995,0.0,0.0,0.0,0.0,-0.018798793851654554,-0.018791954599783445,6.839251871108842e-06,3.0,1.0,0.0
Hard-C8-H64-Trajectory,401,noG,21,160101223,128,8192,172032,21.0,0.0,1.1652662000000014,0.0,0.0,0.0,0.0,2.160165868668518,0.0,0.0,0.0,0.0,0.0,0.0,0.0,3.0,1.0,0.0
Hard-C8-H64-Trajectory,401,noG,22,160101224,128,8192,180224,22.0,0.0,1.2258184000000014,0.08,0.0,0.0,0.0,2.000172744545982,0.0,0.0,0.0,0.0,-0.017756239470665316,-0.01799180350741114,-0.00023556403674582574,3.0,1.0,0.0
Hard-C8-H64-Trajectory,401,noG,23,160101225,128,8192,188416,23.0,0.0,1.2822165000000005,0.0,0.0,0.0,0.0,1.9361787961154118,0.0,0.0,0.0,0.0,0.0,0.0,0.0,3.0,1.0,0.0
Hard-C8-H64-Trajectory,401,noG,24,160101226,128,8192,196608,24.0,0.0,1.3349569,0.0,0.0,0.0,0.0,2.2976075371091573,0.0,0.0,0.0,0.0,0.0,0.0,0.0,3.0,1.0,0.0
Hard-C8-H64-Trajectory,401,noG,25,160101227,128,8192,204800,25.0,0.0,1.385962600000001,0.0,0.0,0.0,0.0,2.1530657387707257,0.0,0.0,0.0,0.0,0.0,0.0,0.0,3.0,1.0,0.0
Hard-C8-H64-Trajectory,401,noG,26,160101228,128,8192,212992,26.0,0.0,1.4432512000000006,0.0,0.0,0.0,0.0,2.2073699020757434,0.0,0.0,0.0,0.0,0.0,0.0,0.0,3.0,1.0,0.0
Hard-C8-H64-Trajectory,401,noG,27,160101229,128,8192,221184,27.0,0.0,1.5059554000000013,0.0,0.0,0.0,0.0,2.278779435901998,0.0,0.0,0.0,0.0,0.0,0.0,0.0,3.0,1.0,0.0
Hard-C8-H64-Trajectory,401,noG,28,160101230,128,8192,229376,28.0,0.0,1.557246300000001,0.0,0.0,0.0,0.0,2.0397299045710207,0.0,0.0,0.0,0.0,0.0,0.0,0.0,3.0,1.0,0.0
Hard-C8-H64-Trajectory,401,noG,29,160101231,128,8192,237568,29.0,0.0,1.6115312,0.08,0.0,0.0,0.0,2.190606008150533,0.0,0.0,0.0,0.0,-0.04878195513948469,-0.04688287616035591,0.0018990789791287765,3.0,1.0,0.0
Hard-C8-H64-Trajectory,401,noG,30,160101232,128,8192,245760,30.0,0.0,1.6607316,0.08,0.0,0.0,0.0,1.9981892663035452,0.0,0.0,0.0,0.0,-0.016956301343154814,-0.016926089083787232,3.021225936758118e-05,3.0,1.0,0.0
Hard-C8-H64-Trajectory,401,GDA,1,160101203,128,8192,8192,1.0,0.0,0.019290399999999153,0.01,0.0,0.0,0.0,2.120257515552446,0.0,0.0,0.0,0.0,nan,nan,nan,0.0,1.0,0.0
Hard-C8-H64-Trajectory,401,GDA,2,160101204,128,8192,16384,2.0,0.0,0.037018099999999166,0.01,0.0,0.0,0.0,2.067836486335672,0.0,0.0,0.0,0.0,nan,nan,nan,0.0,1.0,0.0
Hard-C8-H64-Trajectory,401,GDA,3,160101205,128,8192,24576,3.0,0.0,0.05267149999999887,0.01,0.0,0.0,0.0,2.2153882673403458,0.0,0.0,0.0,0.0,nan,nan,nan,0.0,1.0,0.0
Hard-C8-H64-Trajectory,401,GDA,4,160101206,128,8192,32768,4.0,0.0,0.06885509999999861,0.01,0.0,0.0,0.0,1.8850243789910641,0.0,0.0,0.0,0.0,nan,nan,nan,0.0,1.0,0.0
Hard-C8-H64-Trajectory,401,GDA,5,160101207,128,8192,40960,5.0,0.0,0.08555099999999882,0.01,0.0,0.0,0.0,2.2114116182593793,0.0,0.0,0.0,0.0,nan,nan,nan,0.0,1.0,0.0
Hard-C8-H64-Trajectory,401,GDA,6,160101208,128,8192,49152,6.0,0.0,0.10805639999999883,0.01,0.0,0.0,0.0,1.999594467099562,0.0,0.0,0.0,0.0,nan,nan,nan,0.0,1.0,0.0
Hard-C8-H64-Trajectory,401,GDA,7,160101209,128,8192,57344,7.0,0.0,0.12384249999999852,0.01,0.0,0.0,0.0,2.078493896912307,0.0,0.0,0.0,0.0,nan,nan,nan,0.0,1.0,0.0
Hard-C8-H64-Trajectory,401,GDA,8,160101210,128,8192,65536,8.0,0.0,0.14297889999999924,0.01,0.0,0.0,0.0,1.9329999816590817,0.0,0.0,0.0,0.0,nan,nan,nan,0.0,1.0,0.0
Hard-C8-H64-Trajectory,401,GDA,9,160101211,128,8192,73728,9.0,0.0,0.16413759999999833,0.01,0.0,0.0,0.0,2.181068708070499,0.0,0.0,0.0,0.0,nan,nan,nan,0.0,1.0,0.0
Hard-C8-H64-Trajectory,401,GDA,10,160101212,128,8192,81920,10.0,0.0,0.18077419999999833,0.01,0.0,0.0,0.0,2.279857962200519,0.0,0.0,0.0,0.0,nan,nan,nan,0.0,1.0,0.0
Hard-C8-H64-Trajectory,401,GDA,11,160101213,128,8192,90112,11.0,0.0,0.20300609999999963,0.01,0.0,0.0,0.0,2.248077915038326,0.0,0.0,0.0,0.0,nan,nan,nan,0.0,1.0,0.0
Hard-C8-H64-Trajectory,401,GDA,12,160101214,128,8192,98304,12.0,0.0,0.21916009999999986,0.01,0.0,0.0,0.0,2.1675034138029696,0.0,0.0,0.0,0.0,nan,nan,nan,0.0,1.0,0.0
Hard-C8-H64-Trajectory,401,GDA,13,160101215,128,8192,106496,13.0,0.0,0.2379876999999997,0.01,0.0,0.0,0.0,2.159711069586117,0.0,0.0,0.0,0.0,nan,nan,nan,0.0,1.0,0.0
Hard-C8-H64-Trajectory,401,GDA,14,160101216,128,8192,114688,14.0,0.0,0.25377349999999943,0.01,0.0,0.0,0.0,2.1649695548461554,0.0,0.0,0.0,0.0,nan,nan,nan,0.0,1.0,0.0
Hard-C8-H64-Trajectory,401,GDA,15,160101217,128,8192,122880,15.0,0.0,0.2714762999999998,0.01,0.0,0.0,0.0,2.043932936851598,0.0,0.0,0.0,0.0,nan,nan,nan,0.0,1.0,0.0
Hard-C8-H64-Trajectory,401,GDA,16,160101218,128,8192,131072,16.0,0.0,0.2938938999999987,0.01,0.0,0.0,0.0,2.154363710201646,0.0,0.0,0.0,0.0,nan,nan,nan,0.0,1.0,0.0
Hard-C8-H64-Trajectory,401,GDA,17,160101219,128,8192,139264,17.0,0.0,0.31134679999999904,0.01,0.0,0.0,0.0,1.8256230863083174,0.0,0.0,0.0,0.0,nan,nan,nan,0.0,1.0,0.0
Hard-C8-H64-Trajectory,401,GDA,18,160101220,128,8192,147456,18.0,0.0,0.3291233999999985,0.01,0.0,0.0,0.0,2.165393309818219,0.0,0.0,0.0,0.0,nan,nan,nan,0.0,1.0,0.0
Hard-C8-H64-Trajectory,401,GDA,19,160101221,128,8192,155648,19.0,0.0,0.3460654999999999,0.01,0.0,0.0,0.0,2.110084497136216,0.0,0.0,0.0,0.0,nan,nan,nan,0.0,1.0,0.0
Hard-C8-H64-Trajectory,401,GDA,20,160101222,128,8192,163840,20.0,0.0,0.3633778999999997,0.01,0.0,0.0,0.0,2.0894719502953705,0.0,0.0,0.0,0.0,nan,nan,nan,0.0,1.0,0.0
Hard-C8-H64-Trajectory,401,GDA,21,160101223,128,8192,172032,21.0,0.0,0.3870534999999986,0.01,0.0,0.0,0.0,2.144142527314783,0.0,0.0,0.0,0.0,nan,nan,nan,0.0,1.0,0.0
Hard-C8-H64-Trajectory,401,GDA,22,160101224,128,8192,180224,22.0,0.0,0.4080877999999988,0.01,0.0,0.0,0.0,1.9980886250185543,0.0,0.0,0.0,0.0,nan,nan,nan,0.0,1.0,0.0
Hard-C8-H64-Trajectory,401,GDA,23,160101225,128,8192,188416,23.0,0.0,0.4259422999999991,0.01,0.0,0.0,0.0,2.1195609104426,0.0,0.0,0.0,0.0,nan,nan,nan,0.0,1.0,0.0
Hard-C8-H64-Trajectory,401,GDA,24,160101226,128,8192,196608,24.0,0.0,0.44283929999999927,0.01,0.0,0.0,0.0,2.1567123418171095,0.0,0.0,0.0,0.0,nan,nan,nan,0.0,1.0,0.0
Hard-C8-H64-Trajectory,401,GDA,25,160101227,128,8192,204800,25.0,0.0,0.46038149999999867,0.01,0.0,0.0,0.0,2.0784881626352116,0.0,0.0,0.0,0.0,nan,nan,nan,0.0,1.0,0.0
Hard-C8-H64-Trajectory,401,GDA,26,160101228,128,8192,212992,26.0,0.0,0.4890978999999991,0.01,0.0,0.0,0.0,2.074846496746948,0.0,0.0,0.0,0.0,nan,nan,nan,0.0,1.0,0.0
Hard-C8-H64-Trajectory,401,GDA,27,160101229,128,8192,221184,27.0,0.0,0.5064653999999997,0.01,0.0,0.0,0.0,2.3234841144568326,0.0,0.0,0.0,0.0,nan,nan,nan,0.0,1.0,0.0
Hard-C8-H64-Trajectory,401,GDA,28,160101230,128,8192,229376,28.0,0.0,0.525971199999999,0.01,0.0,0.0,0.0,1.9416195542582664,0.0,0.0,0.0,0.0,nan,nan,nan,0.0,1.0,0.0
Hard-C8-H64-Trajectory,401,GDA,29,160101231,128,8192,237568,29.0,0.0,0.5432366999999996,0.01,0.0,0.0,0.0,2.2593491612047583,0.0,0.0,0.0,0.0,nan,nan,nan,0.0,1.0,0.0
Hard-C8-H64-Trajectory,401,GDA,30,160101232,128,8192,245760,30.0,0.0,0.5659319999999983,0.01,0.0,0.0,0.0,2.028203238854536,0.0,0.0,0.0,0.0,nan,nan,nan,0.0,1.0,0.0
Hard-C8-H64-Trajectory,401,EGM,1,160101203,128,8192,8192,2.0,0.0,0.026381300000000607,0.01,0.0,0.0,0.0,2.120257515552446,0.0,0.0,0.0,0.0,nan,nan,nan,0.0,2.0,0.0
Hard-C8-H64-Trajectory,401,EGM,2,160101204,128,8192,16384,4.0,0.0,0.04665319999999973,0.01,0.0,0.0,0.0,2.0747906756116286,0.0,0.0,0.0,0.0,nan,nan,nan,0.0,2.0,0.0
Hard-C8-H64-Trajectory,401,EGM,3,160101205,128,8192,24576,6.0,0.0,0.06726749999999981,0.01,0.0,0.0,0.0,2.2084976961806686,0.0,0.0,0.0,0.0,nan,nan,nan,0.0,2.0,0.0
Hard-C8-H64-Trajectory,401,EGM,4,160101206,128,8192,32768,8.0,0.0,0.0848772000000011,0.01,0.0,0.0,0.0,1.892032189954194,0.0,0.0,0.0,0.0,nan,nan,nan,0.0,2.0,0.0
Hard-C8-H64-Trajectory,401,EGM,5,160101207,128,8192,40960,10.0,0.0,0.1034164999999998,0.01,0.0,0.0,0.0,2.1966300042962428,0.0,0.0,0.0,0.0,nan,nan,nan,0.0,2.0,0.0
Hard-C8-H64-Trajectory,401,EGM,6,160101208,128,8192,49152,12.0,0.0,0.13024000000000058,0.01,0.0,0.0,0.0,1.9852933178473344,0.0,0.0,0.0,0.0,nan,nan,nan,0.0,2.0,0.0
Hard-C8-H64-Trajectory,401,EGM,7,160101209,128,8192,57344,14.0,0.0,0.1579662000000006,0.01,0.0,0.0,0.0,2.07867250204528,0.0,0.0,0.0,0.0,nan,nan,nan,0.0,2.0,0.0
Hard-C8-H64-Trajectory,401,EGM,8,160101210,128,8192,65536,16.0,0.0,0.1778013000000005,0.01,0.0,0.0,0.0,1.944428174964703,0.0,0.0,0.0,0.0,nan,nan,nan,0.0,2.0,0.0
Hard-C8-H64-Trajectory,401,EGM,9,160101211,128,8192,73728,18.0,0.0,0.20126560000000104,0.01,0.0,0.0,0.0,2.207660277669146,0.0,0.0,0.0,0.0,nan,nan,nan,0.0,2.0,0.0
Hard-C8-H64-Trajectory,401,EGM,10,160101212,128,8192,81920,20.0,0.0,0.22398369999999979,0.01,0.0,0.0,0.0,2.2906412154323856,0.0,0.0,0.0,0.0,nan,nan,nan,0.0,2.0,0.0
Hard-C8-H64-Trajectory,401,EGM,11,160101213,128,8192,90112,22.0,0.0,0.2496211000000006,0.01,0.0,0.0,0.0,2.269759549726581,0.0,0.0,0.0,0.0,nan,nan,nan,0.0,2.0,0.0
Hard-C8-H64-Trajectory,401,EGM,12,160101214,128,8192,98304,24.0,0.0,0.2689471000000001,0.01,0.0,0.0,0.0,2.187948011295148,0.0,0.0,0.0,0.0,nan,nan,nan,0.0,2.0,0.0
Hard-C8-H64-Trajectory,401,EGM,13,160101215,128,8192,106496,26.0,0.0,0.2870726999999995,0.01,0.0,0.0,0.0,2.149866492087414,0.0,0.0,0.0,0.0,nan,nan,nan,0.0,2.0,0.0
Hard-C8-H64-Trajectory,401,EGM,14,160101216,128,8192,114688,28.0,0.0,0.30761960000000066,0.01,0.0,0.0,0.0,2.1617595988736906,0.0,0.0,0.0,0.0,nan,nan,nan,0.0,2.0,0.0
Hard-C8-H64-Trajectory,401,EGM,15,160101217,128,8192,122880,30.0,0.0,0.3266939000000004,0.01,0.0,0.0,0.0,2.0351875749122885,0.0,0.0,0.0,0.0,nan,nan,nan,0.0,2.0,0.0
Hard-C8-H64-Trajectory,401,EGM,16,160101218,128,8192,131072,32.0,0.0,0.35232369999999946,0.01,0.0,0.0,0.0,2.1512267609476616,0.0,0.0,0.0,0.0,nan,nan,nan,0.0,2.0,0.0
Hard-C8-H64-Trajectory,401,EGM,17,160101219,128,8192,139264,34.0,0.0,0.3728896000000006,0.01,0.0,0.0,0.0,1.8081852788477042,0.0,0.0,0.0,0.0,nan,nan,nan,0.0,2.0,0.0
Hard-C8-H64-Trajectory,401,EGM,18,160101220,128,8192,147456,36.0,0.0,0.39304950000000005,0.01,0.0,0.0,0.0,2.167325383848714,0.0,0.0,0.0,0.0,nan,nan,nan,0.0,2.0,0.0
Hard-C8-H64-Trajectory,401,EGM,19,160101221,128,8192,155648,38.0,0.0,0.41237369999999984,0.01,0.0,0.0,0.0,2.111424837451555,0.0,0.0,0.0,0.0,nan,nan,nan,0.0,2.0,0.0
Hard-C8-H64-Trajectory,401,EGM,20,160101222,128,8192,163840,40.0,0.0,0.4308721000000002,0.01,0.0,0.0,0.0,2.1320049797230327,0.0,0.0,0.0,0.0,nan,nan,nan,0.0,2.0,0.0
Hard-C8-H64-Trajectory,401,EGM,21,160101223,128,8192,172032,42.0,0.0,0.4566832000000005,0.01,0.0,0.0,0.0,2.1414307020723458,0.0,0.0,0.0,0.0,nan,nan,nan,0.0,2.0,0.0
Hard-C8-H64-Trajectory,401,EGM,22,160101224,128,8192,180224,44.0,0.0,0.47992529999999967,0.01,0.0,0.0,0.0,2.010140669424746,0.0,0.0,0.0,0.0,nan,nan,nan,0.0,2.0,0.0
Hard-C8-H64-Trajectory,401,EGM,23,160101225,128,8192,188416,46.0,0.0,0.5077315000000002,0.01,0.0,0.0,0.0,2.135476782656091,0.0,0.0,0.0,0.0,nan,nan,nan,0.0,2.0,0.0
Hard-C8-H64-Trajectory,401,EGM,24,160101226,128,8192,196608,48.0,0.0,0.5302982000000007,0.01,0.0,0.0,0.0,2.2033266266782383,0.0,0.0,0.0,0.0,nan,nan,nan,0.0,2.0,0.0
Hard-C8-H64-Trajectory,401,EGM,25,160101227,128,8192,204800,50.0,0.0,0.549676100000001,0.01,0.0,0.0,0.0,2.0785121723568176,0.0,0.0,0.0,0.0,nan,nan,nan,0.0,2.0,0.0
Hard-C8-H64-Trajectory,401,EGM,26,160101228,128,8192,212992,52.0,0.0,0.5763137,0.01,0.0,0.0,0.0,2.0876228417265126,0.0,0.0,0.0,0.0,nan,nan,nan,0.0,2.0,0.0
Hard-C8-H64-Trajectory,401,EGM,27,160101229,128,8192,221184,54.0,0.0,0.6020389000000002,0.01,0.0,0.0,0.0,2.325199020421924,0.0,0.0,0.0,0.0,nan,nan,nan,0.0,2.0,0.0
Hard-C8-H64-Trajectory,401,EGM,28,160101230,128,8192,229376,56.0,0.0,0.628126,0.01,0.0,0.0,0.0,1.9573461094275593,0.0,0.0,0.0,0.0,nan,nan,nan,0.0,2.0,0.0
Hard-C8-H64-Trajectory,401,EGM,29,160101231,128,8192,237568,58.0,0.0,0.6534440000000004,0.01,0.0,0.0,0.0,2.2885767722064507,0.0,0.0,0.0,0.0,nan,nan,nan,0.0,2.0,0.0
Hard-C8-H64-Trajectory,401,EGM,30,160101232,128,8192,245760,60.0,0.0,0.6726801000000009,0.01,0.0,0.0,0.0,2.052657770287088,0.0,0.0,0.0,0.0,nan,nan,nan,0.0,2.0,0.0
Hard-C8-H64-Trajectory,401,PPM-3,1,160101203,128,8192,8192,3.0,0.0,0.024028899999999354,0.01,0.0,0.0,0.0,2.120257515552446,0.0,0.0,0.0,0.0,nan,nan,nan,0.0,3.0,0.0
Hard-C8-H64-Trajectory,401,PPM-3,2,160101204,128,8192,16384,6.0,0.0,0.05366740000000014,0.01,0.0,0.0,0.0,2.07478585767134,0.0,0.0,0.0,0.0,nan,nan,nan,0.0,3.0,0.0
Hard-C8-H64-Trajectory,401,PPM-3,3,160101205,128,8192,24576,9.0,0.0,0.08338419999999935,0.01,0.0,0.0,0.0,2.2085348270202703,0.0,0.0,0.0,0.0,nan,nan,nan,0.0,3.0,0.0
Hard-C8-H64-Trajectory,401,PPM-3,4,160101206,128,8192,32768,12.0,0.0,0.10644059999999911,0.01,0.0,0.0,0.0,1.8899096601861638,0.0,0.0,0.0,0.0,nan,nan,nan,0.0,3.0,0.0
Hard-C8-H64-Trajectory,401,PPM-3,5,160101207,128,8192,40960,15.0,0.0,0.1285229000000001,0.01,0.0,0.0,0.0,2.196271605838234,0.0,0.0,0.0,0.0,nan,nan,nan,0.0,3.0,0.0
Hard-C8-H64-Trajectory,401,PPM-3,6,160101208,128,8192,49152,18.0,0.0,0.15968230000000005,0.01,0.0,0.0,0.0,1.9850929284333583,0.0,0.0,0.0,0.0,nan,nan,nan,0.0,3.0,0.0
Hard-C8-H64-Trajectory,401,PPM-3,7,160101209,128,8192,57344,21.0,0.0,0.18480070000000026,0.01,0.0,0.0,0.0,2.0756352730243974,0.0,0.0,0.0,0.0,nan,nan,nan,0.0,3.0,0.0
Hard-C8-H64-Trajectory,401,PPM-3,8,160101210,128,8192,65536,24.0,0.0,0.21150309999999983,0.01,0.0,0.0,0.0,1.9457871569787477,0.0,0.0,0.0,0.0,nan,nan,nan,0.0,3.0,0.0
Hard-C8-H64-Trajectory,401,PPM-3,9,160101211,128,8192,73728,27.0,0.0,0.23669519999999977,0.01,0.0,0.0,0.0,2.209523178707804,0.0,0.0,0.0,0.0,nan,nan,nan,0.0,3.0,0.0
Hard-C8-H64-Trajectory,401,PPM-3,10,160101212,128,8192,81920,30.0,0.0,0.26021429999999945,0.01,0.0,0.0,0.0,2.293258450760855,0.0,0.0,0.0,0.0,nan,nan,nan,0.0,3.0,0.0
Hard-C8-H64-Trajectory,401,PPM-3,11,160101213,128,8192,90112,33.0,0.0,0.2929928999999998,0.01,0.0,0.0,0.0,2.260961462500407,0.0,0.0,0.0,0.0,nan,nan,nan,0.0,3.0,0.0
Hard-C8-H64-Trajectory,401,PPM-3,12,160101214,128,8192,98304,36.0,0.0,0.3155330999999997,0.01,0.0,0.0,0.0,2.1929643884418066,0.0,0.0,0.0,0.0,nan,nan,nan,0.0,3.0,0.0
Hard-C8-H64-Trajectory,401,PPM-3,13,160101215,128,8192,106496,39.0,0.0,0.3419901000000003,0.01,0.0,0.0,0.0,2.1575571319448854,0.0,0.0,0.0,0.0,nan,nan,nan,0.0,3.0,0.0
Hard-C8-H64-Trajectory,401,PPM-3,14,160101216,128,8192,114688,42.0,0.0,0.37013669999999976,0.01,0.0,0.0,0.0,2.1571488011285833,0.0,0.0,0.0,0.0,nan,nan,nan,0.0,3.0,0.0
Hard-C8-H64-Trajectory,401,PPM-3,15,160101217,128,8192,122880,45.0,0.0,0.3961313999999998,0.01,0.0,0.0,0.0,2.0566060798603316,0.0,0.0,0.0,0.0,nan,nan,nan,0.0,3.0,0.0
Hard-C8-H64-Trajectory,401,PPM-3,16,160101218,128,8192,131072,48.0,0.0,0.4282434999999989,0.01,0.0,0.0,0.0,2.152008885122421,0.0,0.0,0.0,0.0,nan,nan,nan,0.0,3.0,0.0
Hard-C8-H64-Trajectory,401,PPM-3,17,160101219,128,8192,139264,51.0,0.0,0.45330029999999866,0.01,0.0,0.0,0.0,1.8031578539265767,0.0,0.0,0.0,0.0,nan,nan,nan,0.0,3.0,0.0
Hard-C8-H64-Trajectory,401,PPM-3,18,160101220,128,8192,147456,54.0,0.0,0.4787536999999986,0.01,0.0,0.0,0.0,2.1611166187024793,0.0,0.0,0.0,0.0,nan,nan,nan,0.0,3.0,0.0
Hard-C8-H64-Trajectory,401,PPM-3,19,160101221,128,8192,155648,57.0,0.0,0.5049712999999993,0.01,0.0,0.0,0.0,2.110550705200794,0.0,0.0,0.0,0.0,nan,nan,nan,0.0,3.0,0.0
Hard-C8-H64-Trajectory,401,PPM-3,20,160101222,128,8192,163840,60.0,0.0,0.5314148999999997,0.01,0.0,0.0,0.0,2.1247345310478516,0.0,0.0,0.0,0.0,nan,nan,nan,0.0,3.0,0.0
Hard-C8-H64-Trajectory,401,PPM-3,21,160101223,128,8192,172032,63.0,0.0,0.5658572,0.01,0.0,0.0,0.0,2.1405218893166125,0.0,0.0,0.0,0.0,nan,nan,nan,0.0,3.0,0.0
Hard-C8-H64-Trajectory,401,PPM-3,22,160101224,128,8192,180224,66.0,0.0,0.5922041999999994,0.01,0.0,0.0,0.0,2.033285885871176,0.0,0.0,0.0,0.0,nan,nan,nan,0.0,3.0,0.0
Hard-C8-H64-Trajectory,401,PPM-3,23,160101225,128,8192,188416,69.0,0.0,0.6266150999999986,0.01,0.0,0.0,0.0,2.128883845798684,0.0,0.0,0.0,0.0,nan,nan,nan,0.0,3.0,0.0
Hard-C8-H64-Trajectory,401,PPM-3,24,160101226,128,8192,196608,72.0,0.0,0.6528504999999996,0.01,0.0,0.0,0.0,2.1797965299195887,0.0,0.0,0.0,0.0,nan,nan,nan,0.0,3.0,0.0
Hard-C8-H64-Trajectory,401,PPM-3,25,160101227,128,8192,204800,75.0,0.0,0.6822982,0.01,0.0,0.0,0.0,2.0917598329932536,0.0,0.0,0.0,0.0,nan,nan,nan,0.0,3.0,0.0
Hard-C8-H64-Trajectory,401,PPM-3,26,160101228,128,8192,212992,78.0,0.0,0.7259697000000003,0.01,0.0,0.0,0.0,2.0860514357907265,0.0,0.0,0.0,0.0,nan,nan,nan,0.0,3.0,0.0
Hard-C8-H64-Trajectory,401,PPM-3,27,160101229,128,8192,221184,81.0,0.0,0.7524347999999996,0.01,0.0,0.0,0.0,2.3192440081679977,0.0,0.0,0.0,0.0,nan,nan,nan,0.0,3.0,0.0
Hard-C8-H64-Trajectory,401,PPM-3,28,160101230,128,8192,229376,84.0,0.0,0.7908562000000003,0.01,0.0,0.0,0.0,1.962783719827702,0.0,0.0,0.0,0.0,nan,nan,nan,0.0,3.0,0.0
Hard-C8-H64-Trajectory,401,PPM-3,29,160101231,128,8192,237568,87.0,0.0,0.8232121999999986,0.01,0.0,0.0,0.0,2.28345500268477,0.0,0.0,0.0,0.0,nan,nan,nan,0.0,3.0,0.0
Hard-C8-H64-Trajectory,401,PPM-3,30,160101232,128,8192,245760,90.0,0.0,0.8480317999999993,0.01,0.0,0.0,0.0,2.0508250264076495,0.0,0.0,0.0,0.0,nan,nan,nan,0.0,3.0,0.0
Hard-C8-H64-Trajectory,402,QP+G,1,160201206,128,8192,8192,1.0,1.0,0.10573789999999939,0.0,0.0,5.75483296585544,-0.12363857383602991,2.1733613629755912,12.507331618368442,0.0,0.0,0.0,0.0,0.0,0.0,5.0,1.0,1.0
Hard-C8-H64-Trajectory,402,QP+G,2,160201207,128,8192,16384,2.0,2.0,0.20690209999999887,0.0,0.0,5.329816163720948,-0.10505086059601486,2.1789359568252573,11.613328082400026,0.0,0.0,0.0,0.0,0.0,0.0,5.0,1.0,1.0
Hard-C8-H64-Trajectory,402,QP+G,3,160201208,128,8192,24576,3.0,3.0,0.31537359999999914,0.0,0.015256941516200672,4.8349784038354,0.0704714715928681,1.83886577654999,8.890876317171214,1.0,0.0,0.0,-0.009186987270701425,-0.009040260598020655,0.00014672667268077026,5.0,1.0,1.0
Hard-C8-H64-Trajectory,402,QP+G,4,160201209,128,8192,32768,4.0,4.0,0.41290419999999983,0.0,0.0,5.537080896404916,0.0392392869654572,1.954931601047369,10.824614421937664,0.0,0.0,0.0,0.0,0.0,0.0,5.0,1.0,1.0
Hard-C8-H64-Trajectory,402,QP+G,5,160201210,128,8192,40960,5.0,5.0,0.5091713000000002,0.08,0.0,5.32606243184173,-0.035638443919850396,1.7929086927081734,9.54914363195547,0.0,0.0,0.0,-0.011377150503302676,-0.011062624856252867,0.0003145256470498091,5.0,1.0,1.0
Hard-C8-H64-Trajectory,402,QP+G,6,160201211,128,8192,49152,6.0,6.0,0.6104380999999979,0.0,0.0,4.415344318710003,0.044815768021990575,1.7476388683126263,7.716427348360934,0.0,0.0,0.0,0.0,0.0,0.0,5.0,1.0,1.0
Hard-C8-H64-Trajectory,402,QP+G,7,160201212,128,8192,57344,7.0,7.0,0.7062401999999981,0.0,0.00788263472693153,4.653761315676403,-0.17760220900197554,2.0680362588240837,9.624147140731674,1.0,0.0,0.0,-0.0026600078261706387,-0.0026809199770947423,-2.091215092410361e-05,5.0,1.0,1.0
Hard-C8-H64-Trajectory,402,QP+G,8,160201213,128,8192,65536,8.0,8.0,0.8037061999999988,0.0,0.0,4.5712460815568825,0.02618446550217066,1.8215367451241273,8.326692708560545,0.0,0.0,0.0,0.0,0.0,0.0,5.0,1.0,1.0
Hard-C8-H64-Trajectory,402,QP+G,9,160201214,128,8192,73728,9.0,9.0,0.8923535999999981,0.023839781888570267,0.014113511433794187,5.668327147023348,0.1179558199225212,2.0999805466007535,11.90337674051798,1.0,0.0,0.0,-0.016680505775898392,-0.01707006313298942,-0.00038955735709102907,5.0,1.0,1.0
Hard-C8-H64-Trajectory,402,QP+G,10,160201215,128,8192,81920,10.0,10.0,0.9894938,0.08,0.0,5.030002179021079,0.022226329435168383,2.0874354148721697,10.499804685372784,0.0,0.0,0.0,-0.03714879178725448,-0.0371702113519623,-2.1419564707823857e-05,5.0,1.0,1.0
Hard-C8-H64-Trajectory,402,QP+G,11,160201216,128,8192,90112,11.0,11.0,1.080165899999999,0.0,0.0,5.514195925006696,-0.17311270084435806,2.2412825228126123,12.358870954082034,0.0,1.0,0.0,-0.029941875555673077,0.0,0.029941875555673077,5.0,1.0,1.0
Hard-C8-H64-Trajectory,402,QP+G,12,160201217,128,8192,98304,12.0,12.0,1.1744365999999982,0.0,0.0,5.33356169856502,-0.13728589356323934,2.14752932285782,11.453980142939741,0.0,0.0,0.0,0.0,0.0,0.0,5.0,1.0,1.0
Hard-C8-H64-Trajectory,402,QP+G,13,160201218,128,8192,106496,13.0,13.0,1.264129800000001,0.08,0.0,4.5570602129663085,0.0268818638461905,2.0514980826087483,9.348800289232996,0.0,0.0,0.0,-0.010883885290775665,-0.011147893168705458,-0.00026400787792979323,5.0,1.0,1.0
Hard-C8-H64-Trajectory,402,QP+G,14,160201219,128,8192,114688,14.0,14.0,1.363623500000001,0.0,0.017291357961062622,4.6265886219085415,-0.15904334012301324,2.137269283185952,9.88826574754275,1.0,0.0,0.0,-0.03678725015641118,-0.03671950024019566,6.774991621552595e-05,5.0,1.0,1.0
Hard-C8-H64-Trajectory,402,QP+G,15,160201220,128,8192,122880,15.0,15.0,1.4705613999999994,0.0,0.0017371853632341693,4.723829136108918,-0.02970240353966411,2.1475651321428275,10.144730742907887,1.0,0.0,0.0,-8.623855108101014e-05,-8.630988116653526e-05,-7.133008552512256e-08,5.0,1.0,1.0
Hard-C8-H64-Trajectory,402,QP+G,16,160201221,128,8192,131072,16.0,16.0,1.571330699999999,0.004236717901540537,0.0,6.453171502464204,0.22238250646939364,1.9491067603913952,12.577920201418076,0.0,0.0,0.0,-2.921485931387213e-05,-2.8711273491133227e-05,5.035858227389026e-07,5.0,1.0,1.0
Hard-C8-H64-Trajectory,402,QP+G,17,160201222,128,8192,139264,17.0,17.0,1.6688187999999986,0.0,0.01620583489024184,4.93649358652735,0.032600322295705655,1.8882762869039358,9.321463779892957,1.0,0.0,0.0,-0.009107875777721337,-0.008962897086545407,0.00014497869117592946,5.0,1.0,1.0
Hard-C8-H64-Trajectory,402,QP+G,18,160201223,128,8192,147456,18.0,18.0,1.7528728000000005,0.08,0.0,5.421502682509807,-0.4128051005832441,2.054536731193827,11.138676399482263,0.0,1.0,0.0,-0.028727715729861734,-0.015844008502461815,0.01288370722739992,5.0,1.0,1.0
Hard-C8-H64-Trajectory,402,QP+G,19,160201224,128,8192,155648,19.0,19.0,1.844671,0.08,0.0,5.720919139485421,0.11096354509220799,1.8933399627243641,10.831644830302428,0.0,1.0,0.0,-0.1031913907320208,-0.01906551395627476,0.08412587677574604,5.0,1.0,1.0
Hard-C8-H64-Trajectory,402,QP+G,20,160201225,128,8192,163840,20.0,20.0,1.9425793000000002,0.08,0.015048038640731941,5.316307454411798,-0.06743193318725652,2.0959569426493743,11.14275151833303,1.0,0.0,0.0,-0.05568237954671556,-0.04596297262318805,0.009719406923527511,5.0,1.0,1.0
Hard-C8-H64-Trajectory,402,QP+G,21,160201226,128,8192,172032,21.0,21.0,2.0454431999999994,0.01922873394361011,0.0,5.575955948781049,0.3259348660200339,2.149188715301824,11.983781602140306,0.0,0.0,0.0,-0.0006322617131920112,-0.0006279397471899983,4.321966002012812e-06,5.0,1.0,1.0
Hard-C8-H64-Trajectory,402,QP+G,22,160201227,128,8192,180224,22.0,22.0,2.1509982999999995,0.08,0.0,5.500057635450746,-0.07561579296800988,2.1571680327716916,11.864548509596208,0.0,0.0,0.0,-0.014005860131454025,-0.014118305794974972,-0.00011244566352094747,5.0,1.0,1.0
Hard-C8-H64-Trajectory,402,QP+G,23,160201228,128,8192,188416,23.0,23.0,2.244866199999999,0.0,0.0,5.774290025046236,-0.06097355460993519,2.103782255364789,12.147848892022175,0.0,1.0,0.0,-0.07435115890474342,0.0,0.07435115890474342,5.0,1.0,1.0
Hard-C8-H64-Trajectory,402,QP+G,24,160201229,128,8192,196608,24.0,24.0,2.3330140000000004,0.0,0.0,5.917096224042243,-0.011633289173231951,1.9674380319829363,11.641520150083334,0.0,1.0,0.0,-0.014346448878517458,0.0,0.014346448878517458,5.0,1.0,1.0
Hard-C8-H64-Trajectory,402,QP+G,25,160201230,128,8192,204800,25.0,25.0,2.426280099999998,0.08,0.0,4.436830012298603,-0.03373696482640558,2.0338315807901526,9.02376499761046,0.0,1.0,0.0,-0.02268666104622381,-0.02255749774052518,0.0001291633056986312,5.0,1.0,1.0
Hard-C8-H64-Trajectory,402,QP+G,26,160201231,128,8192,212992,26.0,26.0,2.5363235999999976,0.0,0.0,5.404778318693081,0.09524089291080638,2.0158801680131555,10.89538542516087,0.0,0.0,0.0,0.0,0.0,0.0,5.0,1.0,1.0
Hard-C8-H64-Trajectory,402,QP+G,27,160201232,128,8192,221184,27.0,27.0,2.6224152999999983,0.0,0.0,6.242440950851644,-0.19428621965176399,2.3203492422112326,14.484643129856979,0.0,1.0,0.0,-0.0018743730372745733,0.0,0.0018743730372745733,5.0,1.0,1.0
Hard-C8-H64-Trajectory,402,QP+G,28,160201233,128,8192,229376,28.0,28.0,2.722124799999998,0.0,0.0,5.030605320293774,-0.12081156066533257,1.8477270835722779,9.2951856970696,0.0,0.0,0.0,0.0,0.0,0.0,5.0,1.0,1.0
Hard-C8-H64-Trajectory,402,QP+G,29,160201234,128,8192,237568,29.0,29.0,2.816114999999998,0.0,0.0,5.356489454596671,-0.004014065246482701,1.8999680583260101,10.177158868493786,0.0,1.0,0.0,-0.03202827167519785,0.0,0.03202827167519785,5.0,1.0,1.0
Hard-C8-H64-Trajectory,402,QP+G,30,160201235,128,8192,245760,30.0,30.0,2.9272492000000003,0.0,0.0,4.833958503622157,-0.1324940899328264,1.8396178563897192,8.892636380310247,0.0,0.0,0.0,0.0,0.0,0.0,5.0,1.0,1.0
Hard-C8-H64-Trajectory,402,noG,1,160201206,128,8192,8192,1.0,0.0,0.06028710000000004,0.0,0.0,0.0,0.0,2.1733613629755912,0.0,0.0,0.0,0.0,0.0,0.0,0.0,3.0,1.0,0.0
Hard-C8-H64-Trajectory,402,noG,2,160201207,128,8192,16384,2.0,0.0,0.12757999999999825,0.0,0.0,0.0,0.0,2.1789359568252573,0.0,0.0,0.0,0.0,0.0,0.0,0.0,3.0,1.0,0.0
Hard-C8-H64-Trajectory,402,noG,3,160201208,128,8192,24576,3.0,0.0,0.1863948999999998,0.0,0.0,0.0,0.0,1.83886577654999,0.0,0.0,0.0,0.0,0.0,0.0,0.0,3.0,1.0,0.0
Hard-C8-H64-Trajectory,402,noG,4,160201209,128,8192,32768,4.0,0.0,0.24958080000000038,0.0,0.0,0.0,0.0,1.9795097518283489,0.0,0.0,0.0,0.0,0.0,0.0,0.0,3.0,1.0,0.0
Hard-C8-H64-Trajectory,402,noG,5,160201210,128,8192,40960,5.0,0.0,0.304585399999997,0.08,0.0,0.0,0.0,1.7778811043902192,0.0,0.0,0.0,0.0,-0.01655620571404488,-0.016469515392361966,8.669032168291332e-05,3.0,1.0,0.0
Hard-C8-H64-Trajectory,402,noG,6,160201211,128,8192,49152,6.0,0.0,0.3680078999999985,0.0,0.0,0.0,0.0,1.8990043371527587,0.0,0.0,0.0,0.0,0.0,0.0,0.0,3.0,1.0,0.0
Hard-C8-H64-Trajectory,402,noG,7,160201212,128,8192,57344,7.0,0.0,0.42766400000000004,0.0,0.0,0.0,0.0,2.1137500039696815,0.0,0.0,0.0,0.0,0.0,0.0,0.0,3.0,1.0,0.0
Hard-C8-H64-Trajectory,402,noG,8,160201213,128,8192,65536,8.0,0.0,0.4921492999999977,0.0,0.0,0.0,0.0,1.8705971530441592,0.0,0.0,0.0,0.0,0.0,0.0,0.0,3.0,1.0,0.0
Hard-C8-H64-Trajectory,402,noG,9,160201214,128,8192,73728,9.0,0.0,0.5560835999999973,0.07763308667210249,0.0,0.0,0.0,2.022319935877978,0.0,0.0,0.0,0.0,-0.0061147992035871564,-0.006435831834822103,-0.00032103263123494687,3.0,1.0,0.0
Hard-C8-H64-Trajectory,402,noG,10,160201215,128,8192,81920,10.0,0.0,0.6116745999999971,0.08,0.0,0.0,0.0,2.1424924447465776,0.0,0.0,0.0,0.0,-0.05567033796663532,-0.055524416164566937,0.00014592180206838418,3.0,1.0,0.0
Hard-C8-H64-Trajectory,402,noG,11,160201216,128,8192,90112,11.0,0.0,0.6749007999999996,0.0,0.0,0.0,0.0,2.277188674477898,0.0,0.0,0.0,0.0,0.0,0.0,0.0,3.0,1.0,0.0
Hard-C8-H64-Trajectory,402,noG,12,160201217,128,8192,98304,12.0,0.0,0.7335843000000004,0.0,0.0,0.0,0.0,2.247574592494444,0.0,0.0,0.0,0.0,0.0,0.0,0.0,3.0,1.0,0.0
Hard-C8-H64-Trajectory,402,noG,13,160201218,128,8192,106496,13.0,0.0,0.8000201999999987,0.0,0.0,0.0,0.0,2.1888715783566313,0.0,0.0,0.0,0.0,0.0,0.0,0.0,3.0,1.0,0.0
Hard-C8-H64-Trajectory,402,noG,14,160201219,128,8192,114688,14.0,0.0,0.8545813999999972,0.0,0.0,0.0,0.0,2.231636308667229,0.0,0.0,0.0,0.0,0.0,0.0,0.0,3.0,1.0,0.0
Hard-C8-H64-Trajectory,402,noG,15,160201220,128,8192,122880,15.0,0.0,0.9086551999999983,0.0,0.0,0.0,0.0,2.0779660611004704,0.0,0.0,0.0,0.0,0.0,0.0,0.0,3.0,1.0,0.0
Hard-C8-H64-Trajectory,402,noG,16,160201221,128,8192,131072,16.0,0.0,0.9798462999999984,0.004017510790185944,0.0,0.0,0.0,2.2402372595935707,0.0,0.0,0.0,0.0,-2.256546735498498e-05,-2.2005889525722466e-05,5.595778292625121e-07,3.0,1.0,0.0
Hard-C8-H64-Trajectory,402,noG,17,160201222,128,8192,139264,17.0,0.0,1.0363796999999977,0.0,0.0,0.0,0.0,2.177749101052576,0.0,0.0,0.0,0.0,0.0,0.0,0.0,3.0,1.0,0.0
Hard-C8-H64-Trajectory,402,noG,18,160201223,128,8192,147456,18.0,0.0,1.091124299999997,0.014374162996311817,0.0,0.0,0.0,2.0564098433738645,0.0,0.0,0.0,0.0,-0.00014680646072427636,-0.00014764345777118493,-8.369970469085668e-07,3.0,1.0,0.0
Hard-C8-H64-Trajectory,402,noG,19,160201224,128,8192,155648,19.0,0.0,1.1570894000000003,0.08,0.0,0.0,0.0,1.8747417493190055,0.0,0.0,0.0,0.0,-0.02823585004316122,-0.028313844963170798,-7.799492000957683e-05,3.0,1.0,0.0
Hard-C8-H64-Trajectory,402,noG,20,160201225,128,8192,163840,20.0,0.0,1.2216273999999991,0.08,0.0,0.0,0.0,2.0842902794779787,0.0,0.0,0.0,0.0,-0.02143286664389149,-0.022411266626507942,-0.0009783999826164513,3.0,1.0,0.0
Hard-C8-H64-Trajectory,402,noG,21,160201226,128,8192,172032,21.0,0.0,1.2842987999999984,0.04470215070975466,0.0,0.0,0.0,2.1265412973339664,0.0,0.0,0.0,0.0,-0.0034572988590582366,-0.0033780373854459533,7.926147361228325e-05,3.0,1.0,0.0
Hard-C8-H64-Trajectory,402,noG,22,160201227,128,8192,180224,22.0,0.0,1.340989999999998,0.08,0.0,0.0,0.0,2.0380844568968906,0.0,0.0,0.0,0.0,-0.07295221111276459,-0.07333825753329482,-0.00038604642053022276,3.0,1.0,0.0
Hard-C8-H64-Trajectory,402,noG,23,160201228,128,8192,188416,23.0,0.0,1.4106399999999972,0.0,0.0,0.0,0.0,2.2419780934633415,0.0,0.0,0.0,0.0,0.0,0.0,0.0,3.0,1.0,0.0
Hard-C8-H64-Trajectory,402,noG,24,160201229,128,8192,196608,24.0,0.0,1.4734011000000002,0.0,0.0,0.0,0.0,2.005168236318966,0.0,0.0,0.0,0.0,0.0,0.0,0.0,3.0,1.0,0.0
Hard-C8-H64-Trajectory,402,noG,25,160201230,128,8192,204800,25.0,0.0,1.5263654999999972,0.08,0.0,0.0,0.0,2.006906622269596,0.0,0.0,0.0,0.0,-0.012308304256631038,-0.012525572722332345,-0.000217268465701307,3.0,1.0,0.0
Hard-C8-H64-Trajectory,402,noG,26,160201231,128,8192,212992,26.0,0.0,1.5864843999999998,0.0,0.0,0.0,0.0,2.0908136456339554,0.0,0.0,0.0,0.0,0.0,0.0,0.0,3.0,1.0,0.0
Hard-C8-H64-Trajectory,402,noG,27,160201232,128,8192,221184,27.0,0.0,1.639863499999997,0.0,0.0,0.0,0.0,2.4487983476768047,0.0,0.0,0.0,0.0,0.0,0.0,0.0,3.0,1.0,0.0
Hard-C8-H64-Trajectory,402,noG,28,160201233,128,8192,229376,28.0,0.0,1.699956199999999,0.0,0.0,0.0,0.0,2.0515780212836483,0.0,0.0,0.0,0.0,0.0,0.0,0.0,3.0,1.0,0.0
Hard-C8-H64-Trajectory,402,noG,29,160201234,128,8192,237568,29.0,0.0,1.7520109999999995,0.0,0.0,0.0,0.0,1.9244914150821968,0.0,0.0,0.0,0.0,0.0,0.0,0.0,3.0,1.0,0.0
Hard-C8-H64-Trajectory,402,noG,30,160201235,128,8192,245760,30.0,0.0,1.8072728999999974,0.0,0.0,0.0,0.0,1.709005021415761,0.0,0.0,0.0,0.0,0.0,0.0,0.0,3.0,1.0,0.0
Hard-C8-H64-Trajectory,402,GDA,1,160201206,128,8192,8192,1.0,0.0,0.020010100000000364,0.01,0.0,0.0,0.0,2.1733613629755912,0.0,0.0,0.0,0.0,nan,nan,nan,0.0,1.0,0.0
Hard-C8-H64-Trajectory,402,GDA,2,160201207,128,8192,16384,2.0,0.0,0.04268300000000025,0.01,0.0,0.0,0.0,2.256963221567788,0.0,0.0,0.0,0.0,nan,nan,nan,0.0,1.0,0.0
Hard-C8-H64-Trajectory,402,GDA,3,160201208,128,8192,24576,3.0,0.0,0.06970669999999757,0.01,0.0,0.0,0.0,1.8267765339292776,0.0,0.0,0.0,0.0,nan,nan,nan,0.0,1.0,0.0
Hard-C8-H64-Trajectory,402,GDA,4,160201209,128,8192,32768,4.0,0.0,0.10146649999999724,0.01,0.0,0.0,0.0,2.027039645367229,0.0,0.0,0.0,0.0,nan,nan,nan,0.0,1.0,0.0
Hard-C8-H64-Trajectory,402,GDA,5,160201210,128,8192,40960,5.0,0.0,0.1278644,0.01,0.0,0.0,0.0,1.798609603588908,0.0,0.0,0.0,0.0,nan,nan,nan,0.0,1.0,0.0
Hard-C8-H64-Trajectory,402,GDA,6,160201211,128,8192,49152,6.0,0.0,0.16562940000000026,0.01,0.0,0.0,0.0,1.948601832956968,0.0,0.0,0.0,0.0,nan,nan,nan,0.0,1.0,0.0
Hard-C8-H64-Trajectory,402,GDA,7,160201212,128,8192,57344,7.0,0.0,0.2013941999999993,0.01,0.0,0.0,0.0,2.0775279790596533,0.0,0.0,0.0,0.0,nan,nan,nan,0.0,1.0,0.0
Hard-C8-H64-Trajectory,402,GDA,8,160201213,128,8192,65536,8.0,0.0,0.22446809999999928,0.01,0.0,0.0,0.0,2.018128277961193,0.0,0.0,0.0,0.0,nan,nan,nan,0.0,1.0,0.0
Hard-C8-H64-Trajectory,402,GDA,9,160201214,128,8192,73728,9.0,0.0,0.2461841999999983,0.01,0.0,0.0,0.0,2.120771561900193,0.0,0.0,0.0,0.0,nan,nan,nan,0.0,1.0,0.0
Hard-C8-H64-Trajectory,402,GDA,10,160201215,128,8192,81920,10.0,0.0,0.26846240000000066,0.01,0.0,0.0,0.0,2.104966802338773,0.0,0.0,0.0,0.0,nan,nan,nan,0.0,1.0,0.0
Hard-C8-H64-Trajectory,402,GDA,11,160201216,128,8192,90112,11.0,0.0,0.3011000999999993,0.01,0.0,0.0,0.0,2.2864484756857015,0.0,0.0,0.0,0.0,nan,nan,nan,0.0,1.0,0.0
Hard-C8-H64-Trajectory,402,GDA,12,160201217,128,8192,98304,12.0,0.0,0.3241058999999993,0.01,0.0,0.0,0.0,2.405597820254033,0.0,0.0,0.0,0.0,nan,nan,nan,0.0,1.0,0.0
Hard-C8-H64-Trajectory,402,GDA,13,160201218,128,8192,106496,13.0,0.0,0.34897829999999885,0.01,0.0,0.0,0.0,2.228103867074063,0.0,0.0,0.0,0.0,nan,nan,nan,0.0,1.0,0.0
Hard-C8-H64-Trajectory,402,GDA,14,160201219,128,8192,114688,14.0,0.0,0.36983499999999836,0.01,0.0,0.0,0.0,2.2443619890857955,0.0,0.0,0.0,0.0,nan,nan,nan,0.0,1.0,0.0
Hard-C8-H64-Trajectory,402,GDA,15,160201220,128,8192,122880,15.0,0.0,0.39509419999999906,0.01,0.0,0.0,0.0,2.1119152197036564,0.0,0.0,0.0,0.0,nan,nan,nan,0.0,1.0,0.0
Hard-C8-H64-Trajectory,402,GDA,16,160201221,128,8192,131072,16.0,0.0,0.4296447999999984,0.01,0.0,0.0,0.0,2.269429809153525,0.0,0.0,0.0,0.0,nan,nan,nan,0.0,1.0,0.0
Hard-C8-H64-Trajectory,402,GDA,17,160201222,128,8192,139264,17.0,0.0,0.4507306,0.01,0.0,0.0,0.0,2.1789653431802694,0.0,0.0,0.0,0.0,nan,nan,nan,0.0,1.0,0.0
Hard-C8-H64-Trajectory,402,GDA,18,160201223,128,8192,147456,18.0,0.0,0.4704942999999986,0.01,0.0,0.0,0.0,2.2468808631603223,0.0,0.0,0.0,0.0,nan,nan,nan,0.0,1.0,0.0
Hard-C8-H64-Trajectory,402,GDA,19,160201224,128,8192,155648,19.0,0.0,0.4957680999999994,0.01,0.0,0.0,0.0,1.915825801234095,0.0,0.0,0.0,0.0,nan,nan,nan,0.0,1.0,0.0
Hard-C8-H64-Trajectory,402,GDA,20,160201225,128,8192,163840,20.0,0.0,0.5225641000000003,0.01,0.0,0.0,0.0,2.0700437760040042,0.0,0.0,0.0,0.0,nan,nan,nan,0.0,1.0,0.0
Hard-C8-H64-Trajectory,402,GDA,21,160201226,128,8192,172032,21.0,0.0,0.5538552999999986,0.01,0.0,0.0,0.0,2.183154655115134,0.0,0.0,0.0,0.0,nan,nan,nan,0.0,1.0,0.0
Hard-C8-H64-Trajectory,402,GDA,22,160201227,128,8192,180224,22.0,0.0,0.5773904999999999,0.01,0.0,0.0,0.0,2.236237103118962,0.0,0.0,0.0,0.0,nan,nan,nan,0.0,1.0,0.0
Hard-C8-H64-Trajectory,402,GDA,23,160201228,128,8192,188416,23.0,0.0,0.5982552000000005,0.01,0.0,0.0,0.0,2.2579329920423388,0.0,0.0,0.0,0.0,nan,nan,nan,0.0,1.0,0.0
Hard-C8-H64-Trajectory,402,GDA,24,160201229,128,8192,196608,24.0,0.0,0.6279912000000003,0.01,0.0,0.0,0.0,1.965495593458475,0.0,0.0,0.0,0.0,nan,nan,nan,0.0,1.0,0.0
Hard-C8-H64-Trajectory,402,GDA,25,160201230,128,8192,204800,25.0,0.0,0.6606249999999996,0.01,0.0,0.0,0.0,1.8631092008602645,0.0,0.0,0.0,0.0,nan,nan,nan,0.0,1.0,0.0
Hard-C8-H64-Trajectory,402,GDA,26,160201231,128,8192,212992,26.0,0.0,0.6959789999999977,0.01,0.0,0.0,0.0,2.024913210516346,0.0,0.0,0.0,0.0,nan,nan,nan,0.0,1.0,0.0
Hard-C8-H64-Trajectory,402,GDA,27,160201232,128,8192,221184,27.0,0.0,0.7160185000000006,0.01,0.0,0.0,0.0,2.4425191735818457,0.0,0.0,0.0,0.0,nan,nan,nan,0.0,1.0,0.0
Hard-C8-H64-Trajectory,402,GDA,28,160201233,128,8192,229376,28.0,0.0,0.7364330999999993,0.01,0.0,0.0,0.0,1.9189784821219023,0.0,0.0,0.0,0.0,nan,nan,nan,0.0,1.0,0.0
Hard-C8-H64-Trajectory,402,GDA,29,160201234,128,8192,237568,29.0,0.0,0.7606584999999981,0.01,0.0,0.0,0.0,2.0246967150493367,0.0,0.0,0.0,0.0,nan,nan,nan,0.0,1.0,0.0
Hard-C8-H64-Trajectory,402,GDA,30,160201235,128,8192,245760,30.0,0.0,0.7887479000000006,0.01,0.0,0.0,0.0,1.7526125461297797,0.0,0.0,0.0,0.0,nan,nan,nan,0.0,1.0,0.0
Hard-C8-H64-Trajectory,402,EGM,1,160201206,128,8192,8192,2.0,0.0,0.024077800000000593,0.01,0.0,0.0,0.0,2.1733613629755912,0.0,0.0,0.0,0.0,nan,nan,nan,0.0,2.0,0.0
Hard-C8-H64-Trajectory,402,EGM,2,160201207,128,8192,16384,4.0,0.0,0.054465199999999214,0.01,0.0,0.0,0.0,2.24758873564557,0.0,0.0,0.0,0.0,nan,nan,nan,0.0,2.0,0.0
Hard-C8-H64-Trajectory,402,EGM,3,160201208,128,8192,24576,6.0,0.0,0.08307890000000029,0.01,0.0,0.0,0.0,1.8354978442297922,0.0,0.0,0.0,0.0,nan,nan,nan,0.0,2.0,0.0
Hard-C8-H64-Trajectory,402,EGM,4,160201209,128,8192,32768,8.0,0.0,0.10944339999999997,0.01,0.0,0.0,0.0,2.0205096028473943,0.0,0.0,0.0,0.0,nan,nan,nan,0.0,2.0,0.0
Hard-C8-H64-Trajectory,402,EGM,5,160201210,128,8192,40960,10.0,0.0,0.13961849999999743,0.01,0.0,0.0,0.0,1.7983105453693222,0.0,0.0,0.0,0.0,nan,nan,nan,0.0,2.0,0.0
Hard-C8-H64-Trajectory,402,EGM,6,160201211,128,8192,49152,12.0,0.0,0.1789796999999993,0.01,0.0,0.0,0.0,1.9460069213219588,0.0,0.0,0.0,0.0,nan,nan,nan,0.0,2.0,0.0
Hard-C8-H64-Trajectory,402,EGM,7,160201212,128,8192,57344,14.0,0.0,0.21083690000000033,0.01,0.0,0.0,0.0,2.0885111410153194,0.0,0.0,0.0,0.0,nan,nan,nan,0.0,2.0,0.0
Hard-C8-H64-Trajectory,402,EGM,8,160201213,128,8192,65536,16.0,0.0,0.23750599999999977,0.01,0.0,0.0,0.0,2.005283891259193,0.0,0.0,0.0,0.0,nan,nan,nan,0.0,2.0,0.0
Hard-C8-H64-Trajectory,402,EGM,9,160201214,128,8192,73728,18.0,0.0,0.2651781999999976,0.01,0.0,0.0,0.0,2.1194454836516883,0.0,0.0,0.0,0.0,nan,nan,nan,0.0,2.0,0.0
Hard-C8-H64-Trajectory,402,EGM,10,160201215,128,8192,81920,20.0,0.0,0.29349189999999936,0.01,0.0,0.0,0.0,2.0961936031004327,0.0,0.0,0.0,0.0,nan,nan,nan,0.0,2.0,0.0
Hard-C8-H64-Trajectory,402,EGM,11,160201216,128,8192,90112,22.0,0.0,0.3227441999999989,0.01,0.0,0.0,0.0,2.275989207340812,0.0,0.0,0.0,0.0,nan,nan,nan,0.0,2.0,0.0
Hard-C8-H64-Trajectory,402,EGM,12,160201217,128,8192,98304,24.0,0.0,0.3456457999999998,0.01,0.0,0.0,0.0,2.3676308973567286,0.0,0.0,0.0,0.0,nan,nan,nan,0.0,2.0,0.0
Hard-C8-H64-Trajectory,402,EGM,13,160201218,128,8192,106496,26.0,0.0,0.3680224999999986,0.01,0.0,0.0,0.0,2.1830748552622126,0.0,0.0,0.0,0.0,nan,nan,nan,0.0,2.0,0.0
Hard-C8-H64-Trajectory,402,EGM,14,160201219,128,8192,114688,28.0,0.0,0.3945980999999996,0.01,0.0,0.0,0.0,2.2395787553341227,0.0,0.0,0.0,0.0,nan,nan,nan,0.0,2.0,0.0
Hard-C8-H64-Trajectory,402,EGM,15,160201220,128,8192,122880,30.0,0.0,0.42111019999999755,0.01,0.0,0.0,0.0,2.0973588093805264,0.0,0.0,0.0,0.0,nan,nan,nan,0.0,2.0,0.0
Hard-C8-H64-Trajectory,402,EGM,16,160201221,128,8192,131072,32.0,0.0,0.45331119999999814,0.01,0.0,0.0,0.0,2.27368317520785,0.0,0.0,0.0,0.0,nan,nan,nan,0.0,2.0,0.0
Hard-C8-H64-Trajectory,402,EGM,17,160201222,128,8192,139264,34.0,0.0,0.47722089999999895,0.01,0.0,0.0,0.0,2.195458138364018,0.0,0.0,0.0,0.0,nan,nan,nan,0.0,2.0,0.0
Hard-C8-H64-Trajectory,402,EGM,18,160201223,128,8192,147456,36.0,0.0,0.49989030000000056,0.01,0.0,0.0,0.0,2.2412284068437995,0.0,0.0,0.0,0.0,nan,nan,nan,0.0,2.0,0.0
Hard-C8-H64-Trajectory,402,EGM,19,160201224,128,8192,155648,38.0,0.0,0.5272316000000004,0.01,0.0,0.0,0.0,1.9004216006761474,0.0,0.0,0.0,0.0,nan,nan,nan,0.0,2.0,0.0
Hard-C8-H64-Trajectory,402,EGM,20,160201225,128,8192,163840,40.0,0.0,0.5541565999999989,0.01,0.0,0.0,0.0,2.0703361032009453,0.0,0.0,0.0,0.0,nan,nan,nan,0.0,2.0,0.0
Hard-C8-H64-Trajectory,402,EGM,21,160201226,128,8192,172032,42.0,0.0,0.5917794999999977,0.01,0.0,0.0,0.0,2.1884836071558653,0.0,0.0,0.0,0.0,nan,nan,nan,0.0,2.0,0.0
Hard-C8-H64-Trajectory,402,EGM,22,160201227,128,8192,180224,44.0,0.0,0.6157098999999988,0.01,0.0,0.0,0.0,2.216790546510967,0.0,0.0,0.0,0.0,nan,nan,nan,0.0,2.0,0.0
Hard-C8-H64-Trajectory,402,EGM,23,160201228,128,8192,188416,46.0,0.0,0.6403076999999975,0.01,0.0,0.0,0.0,2.238978115237347,0.0,0.0,0.0,0.0,nan,nan,nan,0.0,2.0,0.0
Hard-C8-H64-Trajectory,402,EGM,24,160201229,128,8192,196608,48.0,0.0,0.6711814999999994,0.01,0.0,0.0,0.0,1.9555456716885298,0.0,0.0,0.0,0.0,nan,nan,nan,0.0,2.0,0.0
Hard-C8-H64-Trajectory,402,EGM,25,160201230,128,8192,204800,50.0,0.0,0.698219899999998,0.01,0.0,0.0,0.0,1.8736638149757325,0.0,0.0,0.0,0.0,nan,nan,nan,0.0,2.0,0.0
Hard-C8-H64-Trajectory,402,EGM,26,160201231,128,8192,212992,52.0,0.0,0.7312574999999981,0.01,0.0,0.0,0.0,2.039815900301708,0.0,0.0,0.0,0.0,nan,nan,nan,0.0,2.0,0.0
Hard-C8-H64-Trajectory,402,EGM,27,160201232,128,8192,221184,54.0,0.0,0.7612317999999973,0.01,0.0,0.0,0.0,2.456214470438004,0.0,0.0,0.0,0.0,nan,nan,nan,0.0,2.0,0.0
Hard-C8-H64-Trajectory,402,EGM,28,160201233,128,8192,229376,56.0,0.0,0.7951061999999993,0.01,0.0,0.0,0.0,1.9318712086160454,0.0,0.0,0.0,0.0,nan,nan,nan,0.0,2.0,0.0
Hard-C8-H64-Trajectory,402,EGM,29,160201234,128,8192,237568,58.0,0.0,0.8206683999999989,0.01,0.0,0.0,0.0,2.054810582233122,0.0,0.0,0.0,0.0,nan,nan,nan,0.0,2.0,0.0
Hard-C8-H64-Trajectory,402,EGM,30,160201235,128,8192,245760,60.0,0.0,0.8459766999999978,0.01,0.0,0.0,0.0,1.7296180736021063,0.0,0.0,0.0,0.0,nan,nan,nan,0.0,2.0,0.0
Hard-C8-H64-Trajectory,402,PPM-3,1,160201206,128,8192,8192,3.0,0.0,0.030965900000001767,0.01,0.0,0.0,0.0,2.1733613629755912,0.0,0.0,0.0,0.0,nan,nan,nan,0.0,3.0,0.0
Hard-C8-H64-Trajectory,402,PPM-3,2,160201207,128,8192,16384,6.0,0.0,0.06308770000000052,0.01,0.0,0.0,0.0,2.247619212811374,0.0,0.0,0.0,0.0,nan,nan,nan,0.0,3.0,0.0
Hard-C8-H64-Trajectory,402,PPM-3,3,160201208,128,8192,24576,9.0,0.0,0.09337170000000228,0.01,0.0,0.0,0.0,1.8331989038567258,0.0,0.0,0.0,0.0,nan,nan,nan,0.0,3.0,0.0
Hard-C8-H64-Trajectory,402,PPM-3,4,160201209,128,8192,32768,12.0,0.0,0.12698680000000095,0.01,0.0,0.0,0.0,2.0272265028652696,0.0,0.0,0.0,0.0,nan,nan,nan,0.0,3.0,0.0
Hard-C8-H64-Trajectory,402,PPM-3,5,160201210,128,8192,40960,15.0,0.0,0.16677440000000132,0.01,0.0,0.0,0.0,1.7975166823357351,0.0,0.0,0.0,0.0,nan,nan,nan,0.0,3.0,0.0
Hard-C8-H64-Trajectory,402,PPM-3,6,160201211,128,8192,49152,18.0,0.0,0.21115250000000074,0.01,0.0,0.0,0.0,1.944241137723095,0.0,0.0,0.0,0.0,nan,nan,nan,0.0,3.0,0.0
Hard-C8-H64-Trajectory,402,PPM-3,7,160201212,128,8192,57344,21.0,0.0,0.2516537999999997,0.01,0.0,0.0,0.0,2.0895297193464963,0.0,0.0,0.0,0.0,nan,nan,nan,0.0,3.0,0.0
Hard-C8-H64-Trajectory,402,PPM-3,8,160201213,128,8192,65536,24.0,0.0,0.28988930000000224,0.01,0.0,0.0,0.0,2.0045833103033406,0.0,0.0,0.0,0.0,nan,nan,nan,0.0,3.0,0.0
Hard-C8-H64-Trajectory,402,PPM-3,9,160201214,128,8192,73728,27.0,0.0,0.331982,0.01,0.0,0.0,0.0,2.1265740229566976,0.0,0.0,0.0,0.0,nan,nan,nan,0.0,3.0,0.0
Hard-C8-H64-Trajectory,402,PPM-3,10,160201215,128,8192,81920,30.0,0.0,0.36794980000000166,0.01,0.0,0.0,0.0,2.0963054824323124,0.0,0.0,0.0,0.0,nan,nan,nan,0.0,3.0,0.0
Hard-C8-H64-Trajectory,402,PPM-3,11,160201216,128,8192,90112,33.0,0.0,0.42979130000000154,0.01,0.0,0.0,0.0,2.2788407142667175,0.0,0.0,0.0,0.0,nan,nan,nan,0.0,3.0,0.0
Hard-C8-H64-Trajectory,402,PPM-3,12,160201217,128,8192,98304,36.0,0.0,0.4677059000000021,0.01,0.0,0.0,0.0,2.366838270943055,0.0,0.0,0.0,0.0,nan,nan,nan,0.0,3.0,0.0
Hard-C8-H64-Trajectory,402,PPM-3,13,160201218,128,8192,106496,39.0,0.0,0.5042180999999992,0.01,0.0,0.0,0.0,2.195472868539532,0.0,0.0,0.0,0.0,nan,nan,nan,0.0,3.0,0.0
Hard-C8-H64-Trajectory,402,PPM-3,14,160201219,128,8192,114688,42.0,0.0,0.5441383000000002,0.01,0.0,0.0,0.0,2.2393412816907,0.0,0.0,0.0,0.0,nan,nan,nan,0.0,3.0,0.0
Hard-C8-H64-Trajectory,402,PPM-3,15,160201220,128,8192,122880,45.0,0.0,0.5836402000000014,0.01,0.0,0.0,0.0,2.1078332858896496,0.0,0.0,0.0,0.0,nan,nan,nan,0.0,3.0,0.0
Hard-C8-H64-Trajectory,402,PPM-3,16,160201221,128,8192,131072,48.0,0.0,0.6436819000000007,0.01,0.0,0.0,0.0,2.263782767484655,0.0,0.0,0.0,0.0,nan,nan,nan,0.0,3.0,0.0
Hard-C8-H64-Trajectory,402,PPM-3,17,160201222,128,8192,139264,51.0,0.0,0.6861048000000025,0.01,0.0,0.0,0.0,2.19078507959578,0.0,0.0,0.0,0.0,nan,nan,nan,0.0,3.0,0.0
Hard-C8-H64-Trajectory,402,PPM-3,18,160201223,128,8192,147456,54.0,0.0,0.7248084000000006,0.01,0.0,0.0,0.0,2.2390440212933576,0.0,0.0,0.0,0.0,nan,nan,nan,0.0,3.0,0.0
Hard-C8-H64-Trajectory,402,PPM-3,19,160201224,128,8192,155648,57.0,0.0,0.7564995000000003,0.01,0.0,0.0,0.0,1.9075211916360733,0.0,0.0,0.0,0.0,nan,nan,nan,0.0,3.0,0.0
Hard-C8-H64-Trajectory,402,PPM-3,20,160201225,128,8192,163840,60.0,0.0,0.7885564000000009,0.01,0.0,0.0,0.0,2.0705791783174017,0.0,0.0,0.0,0.0,nan,nan,nan,0.0,3.0,0.0
Hard-C8-H64-Trajectory,402,PPM-3,21,160201226,128,8192,172032,63.0,0.0,0.8333131999999992,0.01,0.0,0.0,0.0,2.1889795955938505,0.0,0.0,0.0,0.0,nan,nan,nan,0.0,3.0,0.0
Hard-C8-H64-Trajectory,402,PPM-3,22,160201227,128,8192,180224,66.0,0.0,0.8646707000000013,0.01,0.0,0.0,0.0,2.2231609862446766,0.0,0.0,0.0,0.0,nan,nan,nan,0.0,3.0,0.0
Hard-C8-H64-Trajectory,402,PPM-3,23,160201228,128,8192,188416,69.0,0.0,0.8974522,0.01,0.0,0.0,0.0,2.24286916183584,0.0,0.0,0.0,0.0,nan,nan,nan,0.0,3.0,0.0
Hard-C8-H64-Trajectory,402,PPM-3,24,160201229,128,8192,196608,72.0,0.0,0.9352377000000018,0.01,0.0,0.0,0.0,1.960287007280723,0.0,0.0,0.0,0.0,nan,nan,nan,0.0,3.0,0.0
Hard-C8-H64-Trajectory,402,PPM-3,25,160201230,128,8192,204800,75.0,0.0,0.9729948999999998,0.01,0.0,0.0,0.0,1.875416936980404,0.0,0.0,0.0,0.0,nan,nan,nan,0.0,3.0,0.0
Hard-C8-H64-Trajectory,402,PPM-3,26,160201231,128,8192,212992,78.0,0.0,1.0134010999999994,0.01,0.0,0.0,0.0,2.0456444996106167,0.0,0.0,0.0,0.0,nan,nan,nan,0.0,3.0,0.0
Hard-C8-H64-Trajectory,402,PPM-3,27,160201232,128,8192,221184,81.0,0.0,1.0474664000000011,0.01,0.0,0.0,0.0,2.4519957422480334,0.0,0.0,0.0,0.0,nan,nan,nan,0.0,3.0,0.0
Hard-C8-H64-Trajectory,402,PPM-3,28,160201233,128,8192,229376,84.0,0.0,1.0823166000000022,0.01,0.0,0.0,0.0,1.9304228046548952,0.0,0.0,0.0,0.0,nan,nan,nan,0.0,3.0,0.0
Hard-C8-H64-Trajectory,402,PPM-3,29,160201234,128,8192,237568,87.0,0.0,1.1158034000000008,0.01,0.0,0.0,0.0,2.059877720006356,0.0,0.0,0.0,0.0,nan,nan,nan,0.0,3.0,0.0
Hard-C8-H64-Trajectory,402,PPM-3,30,160201235,128,8192,245760,90.0,0.0,1.1560012000000022,0.01,0.0,0.0,0.0,1.727372116901505,0.0,0.0,0.0,0.0,nan,nan,nan,0.0,3.0,0.0
Hard-C8-H64-Trajectory,403,QP+G,1,160301209,128,8192,8192,1.0,1.0,0.10482810000000242,0.0,0.0,6.166530108818692,0.04789749188828424,2.370118073045093,14.615404458887904,0.0,0.0,0.0,0.0,0.0,0.0,5.0,1.0,1.0
Hard-C8-H64-Trajectory,403,QP+G,2,160301210,128,8192,16384,2.0,2.0,0.21030210000000338,0.0,0.0,5.676000767457515,0.10198741281738131,2.16791759093537,12.305101909933807,0.0,0.0,0.0,0.0,0.0,0.0,5.0,1.0,1.0
Hard-C8-H64-Trajectory,403,QP+G,3,160301211,128,8192,24576,3.0,3.0,0.314532100000001,0.0,0.0,6.564351454125742,0.023118089264582056,2.2673827941697535,14.88389754196791,0.0,0.0,0.0,0.0,0.0,0.0,5.0,1.0,1.0
Hard-C8-H64-Trajectory,403,QP+G,4,160301212,128,8192,32768,4.0,4.0,0.4289430000000003,0.05938236666434604,0.0,5.123222235049497,-0.35806292995470096,2.1024986977903786,10.77156807768228,0.0,0.0,0.0,-0.006164946565118299,-0.006478919643996495,-0.000313973078878196,5.0,1.0,1.0
Hard-C8-H64-Trajectory,403,QP+G,5,160301213,128,8192,40960,5.0,5.0,0.5334531000000027,0.0,0.0,6.172145379593766,-0.09973507853538488,2.1049631349611695,12.992138487665791,0.0,0.0,0.0,0.0,0.0,0.0,5.0,1.0,1.0
Hard-C8-H64-Trajectory,403,QP+G,6,160301214,128,8192,49152,6.0,6.0,0.6478282000000029,0.08,0.0,5.522928092602171,0.18431505101714274,2.04784277309818,11.31008838077627,0.0,1.0,0.0,-0.04130363383024402,-0.019355412938976357,0.02194822089126766,5.0,1.0,1.0
Hard-C8-H64-Trajectory,403,QP+G,7,160301215,128,8192,57344,7.0,7.0,0.7661156000000027,0.0,0.011929506092809515,6.706061372332911,-0.12359368252320473,2.2473107166579154,15.070603588609439,1.0,0.0,0.0,-0.01616028113041061,-0.01633855132254869,-0.0001782701921380775,5.0,1.0,1.0
Hard-C8-H64-Trajectory,403,QP+G,8,160301216,128,8192,65536,8.0,8.0,0.8890040000000035,0.0,0.0,5.384684611430387,0.1431657408665943,1.9193997448697286,10.33536226938344,0.0,0.0,0.0,0.0,0.0,0.0,5.0,1.0,1.0
Hard-C8-H64-Trajectory,403,QP+G,9,160301217,128,8192,73728,9.0,9.0,0.9964274000000017,0.08,0.0,5.0585137738335435,-0.10284746369157678,2.0274360095999655,10.255812980127542,0.0,0.0,0.0,-0.030355412023114935,-0.030312855423169083,4.2556599945852563e-05,5.0,1.0,1.0
Hard-C8-H64-Trajectory,403,QP+G,10,160301218,128,8192,81920,10.0,10.0,1.121469900000001,0.0,0.0,6.3475313449694015,0.04422079998273679,2.1110537964805998,13.399980144077263,0.0,0.0,0.0,0.0,0.0,0.0,5.0,1.0,1.0
Hard-C8-H64-Trajectory,403,QP+G,11,160301219,128,8192,90112,11.0,11.0,1.2506138000000036,0.08,0.0,5.6278562060175,-0.07228511011225454,2.314903625391642,13.027944734492765,0.0,1.0,0.0,-0.08673882976672487,-0.07739341641501696,0.00934541335170791,5.0,1.0,1.0
Hard-C8-H64-Trajectory,403,QP+G,12,160301220,128,8192,98304,12.0,12.0,1.3681822000000032,0.0,0.0,6.522532755760536,-0.10745339187239647,2.251376549410137,14.684677289078747,0.0,0.0,0.0,0.0,0.0,0.0,5.0,1.0,1.0
Hard-C8-H64-Trajectory,403,QP+G,13,160301221,128,8192,106496,13.0,13.0,1.4718565000000012,0.0,0.0,5.565857424566325,-0.08205053160590615,2.2703197092828735,12.636275810051341,0.0,0.0,0.0,0.0,0.0,0.0,5.0,1.0,1.0
Hard-C8-H64-Trajectory,403,QP+G,14,160301222,128,8192,114688,14.0,14.0,1.5849655000000027,0.08,0.0,5.857811699216613,-0.1018238800526072,2.0506439007791495,12.012285832911294,0.0,0.0,0.0,-0.014049412516405147,-0.013877084274051654,0.00017232824235349255,5.0,1.0,1.0
Hard-C8-H64-Trajectory,403,QP+G,15,160301223,128,8192,122880,15.0,15.0,1.6842595000000031,0.0,0.01205087624607514,6.638521412586514,-0.08604379338459801,2.3424878646246876,15.550655848035047,1.0,0.0,0.0,-0.0820494410593853,-0.08107239370229191,0.0009770473570933913,5.0,1.0,1.0
Hard-C8-H64-Trajectory,403,QP+G,16,160301224,128,8192,131072,16.0,16.0,1.7991450000000029,0.0,0.0,6.090883289601456,0.08153290832180951,1.9881353000064563,12.109500076276102,0.0,0.0,0.0,0.0,0.0,0.0,5.0,1.0,1.0
Hard-C8-H64-Trajectory,403,QP+G,17,160301225,128,8192,139264,17.0,17.0,1.9257458000000014,0.05570957399122359,0.0,5.798910535403889,0.06996191631524445,1.9275862446924097,11.177900182246432,0.0,0.0,0.0,-0.0019483065693725215,-0.0020431909330476117,-9.48843636750902e-05,5.0,1.0,1.0
Hard-C8-H64-Trajectory,403,QP+G,18,160301226,128,8192,147456,18.0,18.0,2.0257921000000003,0.0,0.0,5.578363031154745,-0.1350818035811042,1.8571207979742155,10.359694003807963,0.0,0.0,0.0,0.0,0.0,0.0,5.0,1.0,1.0
Hard-C8-H64-Trajectory,403,QP+G,19,160301227,128,8192,155648,19.0,19.0,2.1223145000000017,0.0,0.01639406949658423,4.879813399392282,0.011648683712915121,1.9861804299732537,9.692189875794208,1.0,0.0,0.0,-0.03162330941486716,-0.03127880016416329,0.0003445092507038672,5.0,1.0,1.0
Hard-C8-H64-Trajectory,403,QP+G,20,160301228,128,8192,163840,20.0,20.0,2.224412600000001,0.0,0.010726858577763732,7.457915047545812,0.22665654751950962,2.2760779658975494,16.974796111254797,1.0,0.0,0.0,-0.015522590914138327,-0.0149575289376922,0.0005650619764461275,5.0,1.0,1.0
Hard-C8-H64-Trajectory,403,QP+G,21,160301229,128,8192,172032,21.0,21.0,2.333788700000003,0.08,0.014156085117309395,5.651279950427803,0.3075847824510299,2.1629355554542644,12.223354338606107,1.0,0.0,0.0,-0.06675948079011929,-0.07382895661923916,-0.007069475829119876,5.0,1.0,1.0
Hard-C8-H64-Trajectory,403,QP+G,22,160301230,128,8192,180224,22.0,22.0,2.4386425000000003,0.0,0.0,5.916735950937547,0.008874410756740845,2.1482004682086044,12.71033494007072,0.0,0.0,0.0,0.0,0.0,0.0,5.0,1.0,1.0
Hard-C8-H64-Trajectory,403,QP+G,23,160301231,128,8192,188416,23.0,23.0,2.5400374000000028,0.0,0.0,4.609651825532339,0.18364533023036253,2.049116623808925,9.445714185669475,0.0,0.0,0.0,0.0,0.0,0.0,5.0,1.0,1.0
Hard-C8-H64-Trajectory,403,QP+G,24,160301232,128,8192,196608,24.0,24.0,2.6363312000000008,0.0,0.0,5.3382329039746415,-0.02104298638555477,1.7272890292466057,9.220671130598648,0.0,0.0,0.0,0.0,0.0,0.0,5.0,1.0,1.0
Hard-C8-H64-Trajectory,403,QP+G,25,160301233,128,8192,204800,25.0,25.0,2.7372586000000005,0.08,0.0,7.567407586738908,-0.4376178095330917,2.2930235059528936,17.352243475518577,0.0,0.0,0.0,-0.03271148054442646,-0.03082959394925089,0.0018818865951755748,5.0,1.0,1.0
Hard-C8-H64-Trajectory,403,QP+G,26,160301234,128,8192,212992,26.0,26.0,2.8607224,0.018638005929084083,0.014779460233968431,5.412917571653373,-0.08026177410757389,1.8461065201070905,9.992822421831532,1.0,0.0,0.0,-0.01449922033039294,-0.013458687340407671,0.0010405329899852694,5.0,1.0,1.0
Hard-C8-H64-Trajectory,403,QP+G,27,160301235,128,8192,221184,27.0,27.0,2.9687569000000025,0.0,0.0,6.547893190444472,-0.0282758080074076,1.8889192641755774,12.368441587194646,0.0,0.0,0.0,0.0,0.0,0.0,5.0,1.0,1.0
Hard-C8-H64-Trajectory,403,QP+G,28,160301236,128,8192,229376,28.0,28.0,3.0758851000000007,0.003604365467261442,0.004222004782365189,4.590592180018309,-0.031517739737183324,2.234181254532932,10.256214995802372,1.0,0.0,0.0,-0.000647829895912243,-0.0007607873690353983,-0.00011295747312315535,5.0,1.0,1.0
Hard-C8-H64-Trajectory,403,QP+G,29,160301237,128,8192,237568,29.0,29.0,3.178165500000002,0.0,0.0,4.9344909022737715,-0.20681863548971885,2.0650423074543434,10.189932478943893,0.0,0.0,0.0,0.0,0.0,0.0,5.0,1.0,1.0
Hard-C8-H64-Trajectory,403,QP+G,30,160301238,128,8192,245760,30.0,30.0,3.2849587000000007,0.0,0.0,6.131897803137013,0.053017727596680504,2.2063157353877663,13.528902610850867,0.0,0.0,0.0,0.0,0.0,0.0,5.0,1.0,1.0
Hard-C8-H64-Trajectory,403,noG,1,160301209,128,8192,8192,1.0,0.0,0.05557179999999917,0.0,0.0,0.0,0.0,2.370118073045093,0.0,0.0,0.0,0.0,0.0,0.0,0.0,3.0,1.0,0.0
Hard-C8-H64-Trajectory,403,noG,2,160301210,128,8192,16384,2.0,0.0,0.11540179999999722,0.0,0.0,0.0,0.0,2.16791759093537,0.0,0.0,0.0,0.0,0.0,0.0,0.0,3.0,1.0,0.0
Hard-C8-H64-Trajectory,403,noG,3,160301211,128,8192,24576,3.0,0.0,0.1715360999999973,0.0,0.0,0.0,0.0,2.2673827941697535,0.0,0.0,0.0,0.0,0.0,0.0,0.0,3.0,1.0,0.0
Hard-C8-H64-Trajectory,403,noG,4,160301212,128,8192,32768,4.0,0.0,0.2304329999999979,0.05938236666434604,0.0,0.0,0.0,2.1024986977903786,0.0,0.0,0.0,0.0,-0.006164946565118298,-0.006478919643996495,-0.0003139730788781969,3.0,1.0,0.0
Hard-C8-H64-Trajectory,403,noG,5,160301213,128,8192,40960,5.0,0.0,0.29132029999999887,0.0,0.0,0.0,0.0,2.1049631349611695,0.0,0.0,0.0,0.0,0.0,0.0,0.0,3.0,1.0,0.0
Hard-C8-H64-Trajectory,403,noG,6,160301214,128,8192,49152,6.0,0.0,0.3604190999999979,0.08,0.0,0.0,0.0,2.04784277309818,0.0,0.0,0.0,0.0,-0.019072553770855538,-0.019355412938976357,-0.00028285916812081924,3.0,1.0,0.0
Hard-C8-H64-Trajectory,403,noG,7,160301215,128,8192,57344,7.0,0.0,0.42156679999999724,0.0,0.0,0.0,0.0,2.2473107166579154,0.0,0.0,0.0,0.0,0.0,0.0,0.0,3.0,1.0,0.0
Hard-C8-H64-Trajectory,403,noG,8,160301216,128,8192,65536,8.0,0.0,0.49215819999999866,0.0,0.0,0.0,0.0,2.072857447230076,0.0,0.0,0.0,0.0,0.0,0.0,0.0,3.0,1.0,0.0
Hard-C8-H64-Trajectory,403,noG,9,160301217,128,8192,73728,9.0,0.0,0.570308899999997,0.08,0.0,0.0,0.0,2.0311148368916903,0.0,0.0,0.0,0.0,-0.05571425432541152,-0.05579502579848494,-8.077147307342103e-05,3.0,1.0,0.0
Hard-C8-H64-Trajectory,403,noG,10,160301218,128,8192,81920,10.0,0.0,0.6321435999999991,0.0,0.0,0.0,0.0,2.1875690005530495,0.0,0.0,0.0,0.0,0.0,0.0,0.0,3.0,1.0,0.0
Hard-C8-H64-Trajectory,403,noG,11,160301219,128,8192,90112,11.0,0.0,0.7005224999999982,0.08,0.0,0.0,0.0,2.21052040971143,0.0,0.0,0.0,0.0,-0.052112321866734986,-0.05209648609260009,1.5835774134893843e-05,3.0,1.0,0.0
Hard-C8-H64-Trajectory,403,noG,12,160301220,128,8192,98304,12.0,0.0,0.7719228999999999,0.0,0.0,0.0,0.0,2.206650916797498,0.0,0.0,0.0,0.0,0.0,0.0,0.0,3.0,1.0,0.0
Hard-C8-H64-Trajectory,403,noG,13,160301221,128,8192,106496,13.0,0.0,0.845020899999998,0.0,0.0,0.0,0.0,2.272893394145746,0.0,0.0,0.0,0.0,0.0,0.0,0.0,3.0,1.0,0.0
Hard-C8-H64-Trajectory,403,noG,14,160301222,128,8192,114688,14.0,0.0,0.9102656999999965,0.08,0.0,0.0,0.0,2.0562490756078144,0.0,0.0,0.0,0.0,-0.02865440451988116,-0.02848106714371701,0.00017333737616415101,3.0,1.0,0.0
Hard-C8-H64-Trajectory,403,noG,15,160301223,128,8192,122880,15.0,0.0,0.9800441999999983,0.0,0.0,0.0,0.0,2.294338639628499,0.0,0.0,0.0,0.0,0.0,0.0,0.0,3.0,1.0,0.0
Hard-C8-H64-Trajectory,403,noG,16,160301224,128,8192,131072,16.0,0.0,1.0534911999999998,0.0,0.0,0.0,0.0,2.0626743392007656,0.0,0.0,0.0,0.0,0.0,0.0,0.0,3.0,1.0,0.0
Hard-C8-H64-Trajectory,403,noG,17,160301225,128,8192,139264,17.0,0.0,1.118306399999998,0.08,0.0,0.0,0.0,1.9204291350400988,0.0,0.0,0.0,0.0,-0.0473195819364026,-0.048375215763662105,-0.0010556338272595042,3.0,1.0,0.0
Hard-C8-H64-Trajectory,403,noG,18,160301226,128,8192,147456,18.0,0.0,1.1809993999999975,0.0,0.0,0.0,0.0,1.9766184986527342,0.0,0.0,0.0,0.0,0.0,0.0,0.0,3.0,1.0,0.0
Hard-C8-H64-Trajectory,403,noG,19,160301227,128,8192,155648,19.0,0.0,1.2487566999999977,0.0,0.0,0.0,0.0,2.2463700210313795,0.0,0.0,0.0,0.0,0.0,0.0,0.0,3.0,1.0,0.0
Hard-C8-H64-Trajectory,403,noG,20,160301228,128,8192,163840,20.0,0.0,1.3071199999999976,0.0,0.0,0.0,0.0,2.103277914906319,0.0,0.0,0.0,0.0,0.0,0.0,0.0,3.0,1.0,0.0
Hard-C8-H64-Trajectory,403,noG,21,160301229,128,8192,172032,21.0,0.0,1.3725436999999978,0.08,0.0,0.0,0.0,2.3218449004080037,0.0,0.0,0.0,0.0,-0.05957795205485168,-0.05935967815016374,0.0002182739046879406,3.0,1.0,0.0
Hard-C8-H64-Trajectory,403,noG,22,160301230,128,8192,180224,22.0,0.0,1.436498199999999,0.08,0.0,0.0,0.0,1.9545045547021251,0.0,0.0,0.0,0.0,-0.015349313297176759,-0.01520548534367272,0.00014382795350403876,3.0,1.0,0.0
Hard-C8-H64-Trajectory,403,noG,23,160301231,128,8192,188416,23.0,0.0,1.4985771999999997,0.0,0.0,0.0,0.0,2.1894228062875873,0.0,0.0,0.0,0.0,0.0,0.0,0.0,3.0,1.0,0.0
Hard-C8-H64-Trajectory,403,noG,24,160301232,128,8192,196608,24.0,0.0,1.5579617999999975,0.0,0.0,0.0,0.0,2.0130703205008538,0.0,0.0,0.0,0.0,0.0,0.0,0.0,3.0,1.0,0.0
Hard-C8-H64-Trajectory,403,noG,25,160301233,128,8192,204800,25.0,0.0,1.6149319999999996,0.038039983061372455,0.0,0.0,0.0,2.426013875406068,0.0,0.0,0.0,0.0,-0.0019500831800068853,-0.0019239689145673644,2.6114265439520883e-05,3.0,1.0,0.0
Hard-C8-H64-Trajectory,403,noG,26,160301234,128,8192,212992,26.0,0.0,1.6829906999999977,0.08,0.0,0.0,0.0,1.976013760785771,0.0,0.0,0.0,0.0,-0.025075461548138306,-0.024901197112162876,0.00017426443597542973,3.0,1.0,0.0
Hard-C8-H64-Trajectory,403,noG,27,160301235,128,8192,221184,27.0,0.0,1.7510704999999973,0.0,0.0,0.0,0.0,1.871590415862161,0.0,0.0,0.0,0.0,0.0,0.0,0.0,3.0,1.0,0.0
Hard-C8-H64-Trajectory,403,noG,28,160301236,128,8192,229376,28.0,0.0,1.8103473999999977,0.07633104562964255,0.0,0.0,0.0,2.2126751261693456,0.0,0.0,0.0,0.0,-0.0028022539030992805,-0.0025095662656600126,0.00029268763743926784,3.0,1.0,0.0
Hard-C8-H64-Trajectory,403,noG,29,160301237,128,8192,237568,29.0,0.0,1.8775949999999995,0.0,0.0,0.0,0.0,1.9833402988832394,0.0,0.0,0.0,0.0,0.0,0.0,0.0,3.0,1.0,0.0
Hard-C8-H64-Trajectory,403,noG,30,160301238,128,8192,245760,30.0,0.0,1.9357826999999972,0.01109246027889652,0.0,0.0,0.0,2.0261744302305646,0.0,0.0,0.0,0.0,-0.00020149206727989726,-0.00020164553447044042,-1.534671905431659e-07,3.0,1.0,0.0
Hard-C8-H64-Trajectory,403,GDA,1,160301209,128,8192,8192,1.0,0.0,0.021178299999998984,0.01,0.0,0.0,0.0,2.370118073045093,0.0,0.0,0.0,0.0,nan,nan,nan,0.0,1.0,0.0
Hard-C8-H64-Trajectory,403,GDA,2,160301210,128,8192,16384,2.0,0.0,0.04933019999999999,0.01,0.0,0.0,0.0,2.1516566652097975,0.0,0.0,0.0,0.0,nan,nan,nan,0.0,1.0,0.0
Hard-C8-H64-Trajectory,403,GDA,3,160301211,128,8192,24576,3.0,0.0,0.07328670000000059,0.01,0.0,0.0,0.0,2.2583560679763366,0.0,0.0,0.0,0.0,nan,nan,nan,0.0,1.0,0.0
Hard-C8-H64-Trajectory,403,GDA,4,160301212,128,8192,32768,4.0,0.0,0.09482699999999866,0.01,0.0,0.0,0.0,2.1339574793864036,0.0,0.0,0.0,0.0,nan,nan,nan,0.0,1.0,0.0
Hard-C8-H64-Trajectory,403,GDA,5,160301213,128,8192,40960,5.0,0.0,0.11538129999999924,0.01,0.0,0.0,0.0,2.129798043142813,0.0,0.0,0.0,0.0,nan,nan,nan,0.0,1.0,0.0
Hard-C8-H64-Trajectory,403,GDA,6,160301214,128,8192,49152,6.0,0.0,0.14629339999999758,0.01,0.0,0.0,0.0,1.9131209128215876,0.0,0.0,0.0,0.0,nan,nan,nan,0.0,1.0,0.0
Hard-C8-H64-Trajectory,403,GDA,7,160301215,128,8192,57344,7.0,0.0,0.16952329999999804,0.01,0.0,0.0,0.0,2.1440048823376756,0.0,0.0,0.0,0.0,nan,nan,nan,0.0,1.0,0.0
Hard-C8-H64-Trajectory,403,GDA,8,160301216,128,8192,65536,8.0,0.0,0.19285029999999992,0.01,0.0,0.0,0.0,2.1116889353296644,0.0,0.0,0.0,0.0,nan,nan,nan,0.0,1.0,0.0
Hard-C8-H64-Trajectory,403,GDA,9,160301217,128,8192,73728,9.0,0.0,0.21486249999999885,0.01,0.0,0.0,0.0,1.9617741637201176,0.0,0.0,0.0,0.0,nan,nan,nan,0.0,1.0,0.0
Hard-C8-H64-Trajectory,403,GDA,10,160301218,128,8192,81920,10.0,0.0,0.23695659999999918,0.01,0.0,0.0,0.0,2.2016108097430243,0.0,0.0,0.0,0.0,nan,nan,nan,0.0,1.0,0.0
Hard-C8-H64-Trajectory,403,GDA,11,160301219,128,8192,90112,11.0,0.0,0.267039699999998,0.01,0.0,0.0,0.0,2.337211156101789,0.0,0.0,0.0,0.0,nan,nan,nan,0.0,1.0,0.0
Hard-C8-H64-Trajectory,403,GDA,12,160301220,128,8192,98304,12.0,0.0,0.293257999999998,0.01,0.0,0.0,0.0,2.1173834585173674,0.0,0.0,0.0,0.0,nan,nan,nan,0.0,1.0,0.0
Hard-C8-H64-Trajectory,403,GDA,13,160301221,128,8192,106496,13.0,0.0,0.31585150000000084,0.01,0.0,0.0,0.0,2.252940834284498,0.0,0.0,0.0,0.0,nan,nan,nan,0.0,1.0,0.0
Hard-C8-H64-Trajectory,403,GDA,14,160301222,128,8192,114688,14.0,0.0,0.3382290999999995,0.01,0.0,0.0,0.0,2.075237805756302,0.0,0.0,0.0,0.0,nan,nan,nan,0.0,1.0,0.0
Hard-C8-H64-Trajectory,403,GDA,15,160301223,128,8192,122880,15.0,0.0,0.3619445999999975,0.01,0.0,0.0,0.0,2.107659987557941,0.0,0.0,0.0,0.0,nan,nan,nan,0.0,1.0,0.0
Hard-C8-H64-Trajectory,403,GDA,16,160301224,128,8192,131072,16.0,0.0,0.3924222999999998,0.01,0.0,0.0,0.0,1.9465319582870317,0.0,0.0,0.0,0.0,nan,nan,nan,0.0,1.0,0.0
Hard-C8-H64-Trajectory,403,GDA,17,160301225,128,8192,139264,17.0,0.0,0.4150154999999991,0.01,0.0,0.0,0.0,2.0819336373446204,0.0,0.0,0.0,0.0,nan,nan,nan,0.0,1.0,0.0
Hard-C8-H64-Trajectory,403,GDA,18,160301226,128,8192,147456,18.0,0.0,0.4370763999999987,0.01,0.0,0.0,0.0,2.23160564677098,0.0,0.0,0.0,0.0,nan,nan,nan,0.0,1.0,0.0
Hard-C8-H64-Trajectory,403,GDA,19,160301227,128,8192,155648,19.0,0.0,0.45820489999999836,0.01,0.0,0.0,0.0,2.213768036558203,0.0,0.0,0.0,0.0,nan,nan,nan,0.0,1.0,0.0
Hard-C8-H64-Trajectory,403,GDA,20,160301228,128,8192,163840,20.0,0.0,0.4805062999999983,0.01,0.0,0.0,0.0,2.625614256215337,0.0,0.0,0.0,0.0,nan,nan,nan,0.0,1.0,0.0
Hard-C8-H64-Trajectory,403,GDA,21,160301229,128,8192,172032,21.0,0.0,0.512231400000001,0.01,0.0,0.0,0.0,2.4184191075934383,0.0,0.0,0.0,0.0,nan,nan,nan,0.0,1.0,0.0
Hard-C8-H64-Trajectory,403,GDA,22,160301230,128,8192,180224,22.0,0.0,0.5353361999999997,0.01,0.0,0.0,0.0,2.1238605539553825,0.0,0.0,0.0,0.0,nan,nan,nan,0.0,1.0,0.0
Hard-C8-H64-Trajectory,403,GDA,23,160301231,128,8192,188416,23.0,0.0,0.5587853999999979,0.01,0.0,0.0,0.0,2.223375249297147,0.0,0.0,0.0,0.0,nan,nan,nan,0.0,1.0,0.0
Hard-C8-H64-Trajectory,403,GDA,24,160301232,128,8192,196608,24.0,0.0,0.5831622999999979,0.01,0.0,0.0,0.0,1.8728196479001509,0.0,0.0,0.0,0.0,nan,nan,nan,0.0,1.0,0.0
Hard-C8-H64-Trajectory,403,GDA,25,160301233,128,8192,204800,25.0,0.0,0.6068384999999985,0.01,0.0,0.0,0.0,2.2502955834092573,0.0,0.0,0.0,0.0,nan,nan,nan,0.0,1.0,0.0
Hard-C8-H64-Trajectory,403,GDA,26,160301234,128,8192,212992,26.0,0.0,0.638645099999998,0.01,0.0,0.0,0.0,2.080875506594113,0.0,0.0,0.0,0.0,nan,nan,nan,0.0,1.0,0.0
Hard-C8-H64-Trajectory,403,GDA,27,160301235,128,8192,221184,27.0,0.0,0.6600639999999984,0.01,0.0,0.0,0.0,1.9511835086913765,0.0,0.0,0.0,0.0,nan,nan,nan,0.0,1.0,0.0
Hard-C8-H64-Trajectory,403,GDA,28,160301236,128,8192,229376,28.0,0.0,0.6822462999999992,0.01,0.0,0.0,0.0,2.110522895284696,0.0,0.0,0.0,0.0,nan,nan,nan,0.0,1.0,0.0
Hard-C8-H64-Trajectory,403,GDA,29,160301237,128,8192,237568,29.0,0.0,0.7034847999999982,0.01,0.0,0.0,0.0,2.042068639141898,0.0,0.0,0.0,0.0,nan,nan,nan,0.0,1.0,0.0
Hard-C8-H64-Trajectory,403,GDA,30,160301238,128,8192,245760,30.0,0.0,0.7253144999999996,0.01,0.0,0.0,0.0,1.9796371573611247,0.0,0.0,0.0,0.0,nan,nan,nan,0.0,1.0,0.0
Hard-C8-H64-Trajectory,403,EGM,1,160301209,128,8192,8192,2.0,0.0,0.0234628999999984,0.01,0.0,0.0,0.0,2.370118073045093,0.0,0.0,0.0,0.0,nan,nan,nan,0.0,2.0,0.0
Hard-C8-H64-Trajectory,403,EGM,2,160301210,128,8192,16384,4.0,0.0,0.04981689999999972,0.01,0.0,0.0,0.0,2.1802615279885873,0.0,0.0,0.0,0.0,nan,nan,nan,0.0,2.0,0.0
Hard-C8-H64-Trajectory,403,EGM,3,160301211,128,8192,24576,6.0,0.0,0.07431189999999788,0.01,0.0,0.0,0.0,2.260895550095917,0.0,0.0,0.0,0.0,nan,nan,nan,0.0,2.0,0.0
Hard-C8-H64-Trajectory,403,EGM,4,160301212,128,8192,32768,8.0,0.0,0.09749509999999972,0.01,0.0,0.0,0.0,2.1423489178472015,0.0,0.0,0.0,0.0,nan,nan,nan,0.0,2.0,0.0
Hard-C8-H64-Trajectory,403,EGM,5,160301213,128,8192,40960,10.0,0.0,0.12874429999999748,0.01,0.0,0.0,0.0,2.1641948482707973,0.0,0.0,0.0,0.0,nan,nan,nan,0.0,2.0,0.0
Hard-C8-H64-Trajectory,403,EGM,6,160301214,128,8192,49152,12.0,0.0,0.16199109999999806,0.01,0.0,0.0,0.0,1.9236938230553569,0.0,0.0,0.0,0.0,nan,nan,nan,0.0,2.0,0.0
Hard-C8-H64-Trajectory,403,EGM,7,160301215,128,8192,57344,14.0,0.0,0.18839759999999828,0.01,0.0,0.0,0.0,2.154490837273383,0.0,0.0,0.0,0.0,nan,nan,nan,0.0,2.0,0.0
Hard-C8-H64-Trajectory,403,EGM,8,160301216,128,8192,65536,16.0,0.0,0.21299009999999896,0.01,0.0,0.0,0.0,2.1104808465878957,0.0,0.0,0.0,0.0,nan,nan,nan,0.0,2.0,0.0
Hard-C8-H64-Trajectory,403,EGM,9,160301217,128,8192,73728,18.0,0.0,0.23683249999999845,0.01,0.0,0.0,0.0,1.9581382416579591,0.0,0.0,0.0,0.0,nan,nan,nan,0.0,2.0,0.0
Hard-C8-H64-Trajectory,403,EGM,10,160301218,128,8192,81920,20.0,0.0,0.26538739999999805,0.01,0.0,0.0,0.0,2.2007881444903434,0.0,0.0,0.0,0.0,nan,nan,nan,0.0,2.0,0.0
Hard-C8-H64-Trajectory,403,EGM,11,160301219,128,8192,90112,22.0,0.0,0.3004837999999985,0.01,0.0,0.0,0.0,2.3145861051217755,0.0,0.0,0.0,0.0,nan,nan,nan,0.0,2.0,0.0
Hard-C8-H64-Trajectory,403,EGM,12,160301220,128,8192,98304,24.0,0.0,0.32410879999999764,0.01,0.0,0.0,0.0,2.115051069985081,0.0,0.0,0.0,0.0,nan,nan,nan,0.0,2.0,0.0
Hard-C8-H64-Trajectory,403,EGM,13,160301221,128,8192,106496,26.0,0.0,0.3485531999999978,0.01,0.0,0.0,0.0,2.2071082223705947,0.0,0.0,0.0,0.0,nan,nan,nan,0.0,2.0,0.0
Hard-C8-H64-Trajectory,403,EGM,14,160301222,128,8192,114688,28.0,0.0,0.3741537999999984,0.01,0.0,0.0,0.0,2.06299907528401,0.0,0.0,0.0,0.0,nan,nan,nan,0.0,2.0,0.0
Hard-C8-H64-Trajectory,403,EGM,15,160301223,128,8192,122880,30.0,0.0,0.39697920000000053,0.01,0.0,0.0,0.0,2.104135356241427,0.0,0.0,0.0,0.0,nan,nan,nan,0.0,2.0,0.0
Hard-C8-H64-Trajectory,403,EGM,16,160301224,128,8192,131072,32.0,0.0,0.4289038000000005,0.01,0.0,0.0,0.0,1.9426469261349204,0.0,0.0,0.0,0.0,nan,nan,nan,0.0,2.0,0.0
Hard-C8-H64-Trajectory,403,EGM,17,160301225,128,8192,139264,34.0,0.0,0.4543619999999997,0.01,0.0,0.0,0.0,2.1041813362748703,0.0,0.0,0.0,0.0,nan,nan,nan,0.0,2.0,0.0
Hard-C8-H64-Trajectory,403,EGM,18,160301226,128,8192,147456,36.0,0.0,0.48002250000000046,0.01,0.0,0.0,0.0,2.2012050441807265,0.0,0.0,0.0,0.0,nan,nan,nan,0.0,2.0,0.0
Hard-C8-H64-Trajectory,403,EGM,19,160301227,128,8192,155648,38.0,0.0,0.5064150999999981,0.01,0.0,0.0,0.0,2.26290685479575,0.0,0.0,0.0,0.0,nan,nan,nan,0.0,2.0,0.0
Hard-C8-H64-Trajectory,403,EGM,20,160301228,128,8192,163840,40.0,0.0,0.5306885000000001,0.01,0.0,0.0,0.0,2.6055225323068125,0.0,0.0,0.0,0.0,nan,nan,nan,0.0,2.0,0.0
Hard-C8-H64-Trajectory,403,EGM,21,160301229,128,8192,172032,42.0,0.0,0.5612861999999978,0.01,0.0,0.0,0.0,2.423170683505306,0.0,0.0,0.0,0.0,nan,nan,nan,0.0,2.0,0.0
Hard-C8-H64-Trajectory,403,EGM,22,160301230,128,8192,180224,44.0,0.0,0.5881723000000001,0.01,0.0,0.0,0.0,2.0977306795927286,0.0,0.0,0.0,0.0,nan,nan,nan,0.0,2.0,0.0
Hard-C8-H64-Trajectory,403,EGM,23,160301231,128,8192,188416,46.0,0.0,0.6133369000000002,0.01,0.0,0.0,0.0,2.23323804676332,0.0,0.0,0.0,0.0,nan,nan,nan,0.0,2.0,0.0
Hard-C8-H64-Trajectory,403,EGM,24,160301232,128,8192,196608,48.0,0.0,0.6391156999999978,0.01,0.0,0.0,0.0,1.8946527615237148,0.0,0.0,0.0,0.0,nan,nan,nan,0.0,2.0,0.0
Hard-C8-H64-Trajectory,403,EGM,25,160301233,128,8192,204800,50.0,0.0,0.6635053000000006,0.01,0.0,0.0,0.0,2.251472591443894,0.0,0.0,0.0,0.0,nan,nan,nan,0.0,2.0,0.0
Hard-C8-H64-Trajectory,403,EGM,26,160301234,128,8192,212992,52.0,0.0,0.6943912999999995,0.01,0.0,0.0,0.0,2.1170125378699285,0.0,0.0,0.0,0.0,nan,nan,nan,0.0,2.0,0.0
Hard-C8-H64-Trajectory,403,EGM,27,160301235,128,8192,221184,54.0,0.0,0.7193672999999983,0.01,0.0,0.0,0.0,1.897023746359774,0.0,0.0,0.0,0.0,nan,nan,nan,0.0,2.0,0.0
Hard-C8-H64-Trajectory,403,EGM,28,160301236,128,8192,229376,56.0,0.0,0.7445734000000002,0.01,0.0,0.0,0.0,2.1007310860249406,0.0,0.0,0.0,0.0,nan,nan,nan,0.0,2.0,0.0
Hard-C8-H64-Trajectory,403,EGM,29,160301237,128,8192,237568,58.0,0.0,0.7729873000000005,0.01,0.0,0.0,0.0,2.0362019138035516,0.0,0.0,0.0,0.0,nan,nan,nan,0.0,2.0,0.0
Hard-C8-H64-Trajectory,403,EGM,30,160301238,128,8192,245760,60.0,0.0,0.7965625000000003,0.01,0.0,0.0,0.0,1.9753186645308225,0.0,0.0,0.0,0.0,nan,nan,nan,0.0,2.0,0.0
Hard-C8-H64-Trajectory,403,PPM-3,1,160301209,128,8192,8192,3.0,0.0,0.026348399999999828,0.01,0.0,0.0,0.0,2.370118073045093,0.0,0.0,0.0,0.0,nan,nan,nan,0.0,3.0,0.0
Hard-C8-H64-Trajectory,403,PPM-3,2,160301210,128,8192,16384,6.0,0.0,0.0583999999999989,0.01,0.0,0.0,0.0,2.1812776041304174,0.0,0.0,0.0,0.0,nan,nan,nan,0.0,3.0,0.0
Hard-C8-H64-Trajectory,403,PPM-3,3,160301211,128,8192,24576,9.0,0.0,0.09362559999999931,0.01,0.0,0.0,0.0,2.2608371009056447,0.0,0.0,0.0,0.0,nan,nan,nan,0.0,3.0,0.0
Hard-C8-H64-Trajectory,403,PPM-3,4,160301212,128,8192,32768,12.0,0.0,0.12105199999999883,0.01,0.0,0.0,0.0,2.1353551839557934,0.0,0.0,0.0,0.0,nan,nan,nan,0.0,3.0,0.0
Hard-C8-H64-Trajectory,403,PPM-3,5,160301213,128,8192,40960,15.0,0.0,0.14879999999999782,0.01,0.0,0.0,0.0,2.1622311176155864,0.0,0.0,0.0,0.0,nan,nan,nan,0.0,3.0,0.0
Hard-C8-H64-Trajectory,403,PPM-3,6,160301214,128,8192,49152,18.0,0.0,0.18462789999999885,0.01,0.0,0.0,0.0,1.92242747505024,0.0,0.0,0.0,0.0,nan,nan,nan,0.0,3.0,0.0
Hard-C8-H64-Trajectory,403,PPM-3,7,160301215,128,8192,57344,21.0,0.0,0.21463329999999914,0.01,0.0,0.0,0.0,2.1495904605215346,0.0,0.0,0.0,0.0,nan,nan,nan,0.0,3.0,0.0
Hard-C8-H64-Trajectory,403,PPM-3,8,160301216,128,8192,65536,24.0,0.0,0.24425779999999975,0.01,0.0,0.0,0.0,2.1082292582286453,0.0,0.0,0.0,0.0,nan,nan,nan,0.0,3.0,0.0
Hard-C8-H64-Trajectory,403,PPM-3,9,160301217,128,8192,73728,27.0,0.0,0.27406660000000116,0.01,0.0,0.0,0.0,1.9756895387478366,0.0,0.0,0.0,0.0,nan,nan,nan,0.0,3.0,0.0
Hard-C8-H64-Trajectory,403,PPM-3,10,160301218,128,8192,81920,30.0,0.0,0.30951229999999796,0.01,0.0,0.0,0.0,2.20744832465863,0.0,0.0,0.0,0.0,nan,nan,nan,0.0,3.0,0.0
Hard-C8-H64-Trajectory,403,PPM-3,11,160301219,128,8192,90112,33.0,0.0,0.3480547999999999,0.01,0.0,0.0,0.0,2.320813992148719,0.0,0.0,0.0,0.0,nan,nan,nan,0.0,3.0,0.0
Hard-C8-H64-Trajectory,403,PPM-3,12,160301220,128,8192,98304,36.0,0.0,0.3776615999999997,0.01,0.0,0.0,0.0,2.114926298536238,0.0,0.0,0.0,0.0,nan,nan,nan,0.0,3.0,0.0
Hard-C8-H64-Trajectory,403,PPM-3,13,160301221,128,8192,106496,39.0,0.0,0.4074357000000006,0.01,0.0,0.0,0.0,2.2250960878415484,0.0,0.0,0.0,0.0,nan,nan,nan,0.0,3.0,0.0
Hard-C8-H64-Trajectory,403,PPM-3,14,160301222,128,8192,114688,42.0,0.0,0.4414857000000012,0.01,0.0,0.0,0.0,2.088277792382168,0.0,0.0,0.0,0.0,nan,nan,nan,0.0,3.0,0.0
Hard-C8-H64-Trajectory,403,PPM-3,15,160301223,128,8192,122880,45.0,0.0,0.47857850000000113,0.01,0.0,0.0,0.0,2.0960081340216137,0.0,0.0,0.0,0.0,nan,nan,nan,0.0,3.0,0.0
Hard-C8-H64-Trajectory,403,PPM-3,16,160301224,128,8192,131072,48.0,0.0,0.5188695999999986,0.01,0.0,0.0,0.0,1.9390642137758434,0.0,0.0,0.0,0.0,nan,nan,nan,0.0,3.0,0.0
Hard-C8-H64-Trajectory,403,PPM-3,17,160301225,128,8192,139264,51.0,0.0,0.5519016000000008,0.01,0.0,0.0,0.0,2.098241694253637,0.0,0.0,0.0,0.0,nan,nan,nan,0.0,3.0,0.0
Hard-C8-H64-Trajectory,403,PPM-3,18,160301226,128,8192,147456,54.0,0.0,0.5809491999999992,0.01,0.0,0.0,0.0,2.225646537520013,0.0,0.0,0.0,0.0,nan,nan,nan,0.0,3.0,0.0
Hard-C8-H64-Trajectory,403,PPM-3,19,160301227,128,8192,155648,57.0,0.0,0.6098075999999999,0.01,0.0,0.0,0.0,2.262035425440407,0.0,0.0,0.0,0.0,nan,nan,nan,0.0,3.0,0.0
Hard-C8-H64-Trajectory,403,PPM-3,20,160301228,128,8192,163840,60.0,0.0,0.6407816000000004,0.01,0.0,0.0,0.0,2.581689002169296,0.0,0.0,0.0,0.0,nan,nan,nan,0.0,3.0,0.0
Hard-C8-H64-Trajectory,403,PPM-3,21,160301229,128,8192,172032,63.0,0.0,0.6789051999999991,0.01,0.0,0.0,0.0,2.406200513171063,0.0,0.0,0.0,0.0,nan,nan,nan,0.0,3.0,0.0
Hard-C8-H64-Trajectory,403,PPM-3,22,160301230,128,8192,180224,66.0,0.0,0.7089751,0.01,0.0,0.0,0.0,2.111032964707469,0.0,0.0,0.0,0.0,nan,nan,nan,0.0,3.0,0.0
Hard-C8-H64-Trajectory,403,PPM-3,23,160301231,128,8192,188416,69.0,0.0,0.7414883999999979,0.01,0.0,0.0,0.0,2.222793704052011,0.0,0.0,0.0,0.0,nan,nan,nan,0.0,3.0,0.0
Hard-C8-H64-Trajectory,403,PPM-3,24,160301232,128,8192,196608,72.0,0.0,0.7737766999999991,0.01,0.0,0.0,0.0,1.9013437661310426,0.0,0.0,0.0,0.0,nan,nan,nan,0.0,3.0,0.0
Hard-C8-H64-Trajectory,403,PPM-3,25,160301233,128,8192,204800,75.0,0.0,0.8142510999999999,0.01,0.0,0.0,0.0,2.2741347365094398,0.0,0.0,0.0,0.0,nan,nan,nan,0.0,3.0,0.0
Hard-C8-H64-Trajectory,403,PPM-3,26,160301234,128,8192,212992,78.0,0.0,0.8595624999999991,0.01,0.0,0.0,0.0,2.0815293626812275,0.0,0.0,0.0,0.0,nan,nan,nan,0.0,3.0,0.0
Hard-C8-H64-Trajectory,403,PPM-3,27,160301235,128,8192,221184,81.0,0.0,0.8917260999999996,0.01,0.0,0.0,0.0,1.9024005849463417,0.0,0.0,0.0,0.0,nan,nan,nan,0.0,3.0,0.0
Hard-C8-H64-Trajectory,403,PPM-3,28,160301236,128,8192,229376,84.0,0.0,0.9194445000000009,0.01,0.0,0.0,0.0,2.1032021380910297,0.0,0.0,0.0,0.0,nan,nan,nan,0.0,3.0,0.0
Hard-C8-H64-Trajectory,403,PPM-3,29,160301237,128,8192,237568,87.0,0.0,0.9484184999999989,0.01,0.0,0.0,0.0,2.0428765392649546,0.0,0.0,0.0,0.0,nan,nan,nan,0.0,3.0,0.0
Hard-C8-H64-Trajectory,403,PPM-3,30,160301238,128,8192,245760,90.0,0.0,0.9792810999999979,0.01,0.0,0.0,0.0,1.9734312339103213,0.0,0.0,0.0,0.0,nan,nan,nan,0.0,3.0,0.0
Hard-C8-H64-Trajectory,404,QP+G,1,160401212,128,8192,8192,1.0,1.0,0.09737859999999898,0.011783042671346399,0.0,6.001760916661279,0.207441588726036,1.689734221800038,10.14138081194453,0.0,1.0,0.0,-0.009772359672627257,-8.432941557501294e-05,0.009688030257052244,5.0,1.0,1.0
Hard-C8-H64-Trajectory,404,QP+G,2,160401213,128,8192,16384,2.0,2.0,0.1954823999999995,0.0,0.0,5.392065468662444,0.0510091538387128,1.9179849945141325,10.34190065833238,0.0,1.0,0.0,-0.03812252982680858,0.0,0.03812252982680858,5.0,1.0,1.0
Hard-C8-H64-Trajectory,404,QP+G,3,160401214,128,8192,24576,3.0,3.0,0.2983791999999994,0.0,0.0,4.899071498495359,0.20281319846255907,1.7397174853492472,8.523000347908514,0.0,1.0,0.0,-0.0033737708525000297,0.0,0.0033737708525000297,5.0,1.0,1.0
Hard-C8-H64-Trajectory,404,QP+G,4,160401215,128,8192,32768,4.0,4.0,0.4108282999999986,0.0,0.0,5.874390241541068,-0.04184724719564535,2.2808091270933804,13.398362879015155,0.0,0.0,0.0,0.0,0.0,0.0,5.0,1.0,1.0
Hard-C8-H64-Trajectory,404,QP+G,5,160401216,128,8192,40960,5.0,5.0,0.5170876,0.08,0.0,5.4581179021230115,0.37823511399589194,1.8327467901507508,10.0033480653803,0.0,0.0,0.0,-0.04421059672284006,-0.04433541248759676,-0.0001248157647566958,5.0,1.0,1.0
Hard-C8-H64-Trajectory,404,QP+G,6,160401217,128,8192,49152,6.0,6.0,0.6205026999999994,0.0,0.0,4.122435934899877,-0.06499440910747423,1.9709616242901107,8.125163026282182,0.0,1.0,0.0,-0.00195323436724338,0.0,0.00195323436724338,5.0,1.0,1.0
Hard-C8-H64-Trajectory,404,QP+G,7,160401218,128,8192,57344,7.0,7.0,0.7272666999999977,0.08,0.0,6.124676747996508,0.1885965479538004,1.950877396006795,11.948493425514794,0.0,0.0,0.0,-0.03839841030326738,-0.038306968023138044,9.144228012933353e-05,5.0,1.0,1.0
Hard-C8-H64-Trajectory,404,QP+G,8,160401219,128,8192,65536,8.0,8.0,0.8184186999999987,0.08,0.0,4.165549767453391,0.009048454233795933,1.78668950584162,7.442544055569974,0.0,1.0,0.0,-0.06902156676927132,-0.057560522397568814,0.011461044371702506,5.0,1.0,1.0
Hard-C8-H64-Trajectory,404,QP+G,9,160401220,128,8192,73728,9.0,9.0,0.9155384999999967,0.08,0.0,4.1577845465025165,-0.07556592742568859,1.6279884369775937,6.768825165150225,0.0,0.0,0.0,-0.03140424069784961,-0.03144377226411388,-3.9531566264267015e-05,5.0,1.0,1.0
Hard-C8-H64-Trajectory,404,QP+G,10,160401221,128,8192,81920,10.0,10.0,1.0225854999999981,0.08,0.01724353899963574,4.6394188572131245,-0.24368253861331632,1.9356604395073491,8.98033954421184,1.0,0.0,0.0,-0.12251507943479722,-0.11592837309294524,0.006586706341851989,5.0,1.0,1.0
Hard-C8-H64-Trajectory,404,QP+G,11,160401222,128,8192,90112,11.0,11.0,1.1475110999999956,0.08,0.0,4.711073068472902,-0.15494971216494935,1.910251271447275,8.999333318931376,0.0,0.0,0.0,-0.06760647522437573,-0.06758570383356455,2.0771390811177848e-05,5.0,1.0,1.0
Hard-C8-H64-Trajectory,404,QP+G,12,160401223,128,8192,98304,12.0,12.0,1.2564435999999972,0.0,0.0,6.262185494578847,0.08055071600171912,2.3466111756949712,14.694914465853662,0.0,0.0,0.0,0.0,0.0,0.0,5.0,1.0,1.0
Hard-C8-H64-Trajectory,404,QP+G,13,160401224,128,8192,106496,13.0,13.0,1.3739082999999965,0.0,0.019208338093633724,4.164857970014316,0.20464526598534444,1.4683387819425398,6.115422478654499,1.0,0.0,0.0,-0.03631980735405518,-0.03623404522144158,8.576213261359683e-05,5.0,1.0,1.0
Hard-C8-H64-Trajectory,404,QP+G,14,160401225,128,8192,114688,14.0,14.0,1.4609485000000006,0.0,0.0,5.175647240889385,0.2127191164536223,1.7080372885346622,8.84019847974061,0.0,1.0,0.0,-0.04118369984111826,0.0,0.04118369984111826,5.0,1.0,1.0
Hard-C8-H64-Trajectory,404,QP+G,15,160401226,128,8192,122880,15.0,15.0,1.5590756,0.026721190897943618,0.0,4.908228958423997,0.015980687950680906,2.0373099145800198,9.999583520025974,0.0,0.0,0.0,-0.0016761068772445469,-0.0016764939521558553,-3.870749113084066e-07,5.0,1.0,1.0
Hard-C8-H64-Trajectory,404,QP+G,16,160401227,128,8192,131072,16.0,16.0,1.665907599999997,0.0,0.0,3.924519931446934,-0.1558391663481124,1.7343579943147853,6.806522516952703,0.0,0.0,0.0,0.0,0.0,0.0,5.0,1.0,1.0
Hard-C8-H64-Trajectory,404,QP+G,17,160401228,128,8192,139264,17.0,17.0,1.7632092999999998,0.08,0.0,4.9116258807755075,-0.0768350712703463,1.89600846057573,9.312484225133083,0.0,0.0,0.0,-0.05198860494480826,-0.051997846934761505,-9.24198995324449e-06,5.0,1.0,1.0
Hard-C8-H64-Trajectory,404,QP+G,18,160401229,128,8192,147456,18.0,18.0,1.857877600000002,0.0,0.0,4.792401696246188,-0.22367527276699414,1.655745798945081,7.934998975416905,0.0,0.0,0.0,0.0,0.0,0.0,5.0,1.0,1.0
Hard-C8-H64-Trajectory,404,QP+G,19,160401230,128,8192,155648,19.0,19.0,1.9617582999999996,0.08,0.0,4.347806800923027,0.17308950594130978,1.9561453361898973,8.504941996280296,0.0,0.0,0.0,-0.009704960689508766,-0.009675647279208555,2.931341030021177e-05,5.0,1.0,1.0
Hard-C8-H64-Trajectory,404,QP+G,20,160401231,128,8192,163840,20.0,20.0,2.0741054000000005,0.0,0.009028478551818628,5.267869923956317,0.14277245988376341,1.9145671559337463,10.085690738137966,1.0,0.0,0.0,-0.0023710143413944625,-0.002340934899247582,3.0079442146880436e-05,5.0,1.0,1.0
Hard-C8-H64-Trajectory,404,QP+G,21,160401232,128,8192,172032,21.0,21.0,2.1987127000000015,0.0,0.0,5.280946117609134,0.10453577927035665,1.8034106071384979,9.523714244223182,0.0,0.0,0.0,0.0,0.0,0.0,5.0,1.0,1.0
Hard-C8-H64-Trajectory,404,QP+G,22,160401233,128,8192,180224,22.0,22.0,2.299674500000002,0.08,0.0,6.863931455973885,0.05206300320564156,2.2254256776168635,15.275169311526389,0.0,0.0,0.0,-0.037088032415202435,-0.03975786843658691,-0.0026698360213844724,5.0,1.0,1.0
Hard-C8-H64-Trajectory,404,QP+G,23,160401234,128,8192,188416,23.0,23.0,2.392160599999997,0.0,0.01604410429943028,4.9862552939674405,0.051960673606556276,2.210045876515107,11.019852951684365,1.0,0.0,0.0,-0.011167431824203992,-0.010784959475233169,0.00038247234897082275,5.0,1.0,1.0
Hard-C8-H64-Trajectory,404,QP+G,24,160401235,128,8192,196608,24.0,24.0,2.4921401000000003,0.019865724990885427,0.0,4.82085131827198,0.05042690959806517,1.7845330790035858,8.602968646414391,0.0,0.0,0.0,-0.0004982867833928733,-0.0005051451784297001,-6.858395036826812e-06,5.0,1.0,1.0
Hard-C8-H64-Trajectory,404,QP+G,25,160401236,128,8192,204800,25.0,25.0,2.5916466999999983,0.0,0.01579215458624684,5.065806541032144,-0.0793681247590259,2.109708356673307,10.687374392905813,1.0,0.0,0.0,-0.009952063547297985,-0.01010623298378066,-0.00015416943648267553,5.0,1.0,1.0
Hard-C8-H64-Trajectory,404,QP+G,26,160401237,128,8192,212992,26.0,26.0,2.697099999999999,0.0,0.014343110903554251,5.577590561624663,0.1732553536642527,2.0882067100146036,11.647162036498743,1.0,0.0,0.0,-0.017917650058565916,-0.018093591070775794,-0.00017594101220987785,5.0,1.0,1.0
Hard-C8-H64-Trajectory,404,QP+G,27,160401238,128,8192,221184,27.0,27.0,2.7946645999999973,0.0,0.0,4.324166615252512,0.045227524358358084,1.8227534321538206,7.881889539156486,0.0,0.0,0.0,0.0,0.0,0.0,5.0,1.0,1.0
Hard-C8-H64-Trajectory,404,QP+G,28,160401239,128,8192,229376,28.0,28.0,2.8910142000000008,0.0,0.0,4.7918398153893715,-0.34079234084199755,2.147565127948039,10.290788086243182,0.0,0.0,0.0,0.0,0.0,0.0,5.0,1.0,1.0
Hard-C8-H64-Trajectory,404,QP+G,29,160401240,128,8192,237568,29.0,29.0,3.002465199999996,0.08,0.0,5.828224421094733,0.26130096428053773,1.8979493512201093,11.061674758781946,0.0,0.0,0.0,-0.05158481057532254,-0.05144167765893792,0.00014313291638461817,5.0,1.0,1.0
Hard-C8-H64-Trajectory,404,QP+G,30,160401241,128,8192,245760,30.0,30.0,3.1223242999999954,0.0,0.0,5.20176518360828,0.013088660510187073,2.0333990184935935,10.577264218783222,0.0,0.0,0.0,0.0,0.0,0.0,5.0,1.0,1.0
Hard-C8-H64-Trajectory,404,noG,1,160401212,128,8192,8192,1.0,0.0,0.0560037000000051,0.011783042671346399,0.0,0.0,0.0,1.689734221800038,0.0,0.0,0.0,0.0,-8.432609065266878e-05,-8.432941557501294e-05,-3.324922344163906e-09,3.0,1.0,0.0
Hard-C8-H64-Trajectory,404,noG,2,160401213,128,8192,16384,2.0,0.0,0.12242040000000287,0.0,0.0,0.0,0.0,1.9179849945141325,0.0,0.0,0.0,0.0,0.0,0.0,0.0,3.0,1.0,0.0
Hard-C8-H64-Trajectory,404,noG,3,160401214,128,8192,24576,3.0,0.0,0.19800490000000082,0.0,0.0,0.0,0.0,1.7397174853492472,0.0,0.0,0.0,0.0,0.0,0.0,0.0,3.0,1.0,0.0
Hard-C8-H64-Trajectory,404,noG,4,160401215,128,8192,32768,4.0,0.0,0.2524599000000052,0.0,0.0,0.0,0.0,2.2808091270933804,0.0,0.0,0.0,0.0,0.0,0.0,0.0,3.0,1.0,0.0
Hard-C8-H64-Trajectory,404,noG,5,160401216,128,8192,40960,5.0,0.0,0.30902860000000487,0.08,0.0,0.0,0.0,1.8327467901507508,0.0,0.0,0.0,0.0,-0.04421059672284006,-0.04433541248759676,-0.0001248157647566958,3.0,1.0,0.0
Hard-C8-H64-Trajectory,404,noG,6,160401217,128,8192,49152,6.0,0.0,0.38144850000000474,0.0,0.0,0.0,0.0,1.9709616242901107,0.0,0.0,0.0,0.0,0.0,0.0,0.0,3.0,1.0,0.0
Hard-C8-H64-Trajectory,404,noG,7,160401218,128,8192,57344,7.0,0.0,0.437544900000006,0.08,0.0,0.0,0.0,1.950877396006795,0.0,0.0,0.0,0.0,-0.03839841030326738,-0.038306968023138044,9.144228012933353e-05,3.0,1.0,0.0
Hard-C8-H64-Trajectory,404,noG,8,160401219,128,8192,65536,8.0,0.0,0.4937877000000057,0.08,0.0,0.0,0.0,1.78668950584162,0.0,0.0,0.0,0.0,-0.05764879836813566,-0.057560522397568814,8.827597056684788e-05,3.0,1.0,0.0
Hard-C8-H64-Trajectory,404,noG,9,160401220,128,8192,73728,9.0,0.0,0.5588256999999999,0.08,0.0,0.0,0.0,1.6279884369775937,0.0,0.0,0.0,0.0,-0.03140424069784961,-0.03144377226411388,-3.9531566264267015e-05,3.0,1.0,0.0
Hard-C8-H64-Trajectory,404,noG,10,160401221,128,8192,81920,10.0,0.0,0.6188523000000004,0.08,0.0,0.0,0.0,1.9356604395073491,0.0,0.0,0.0,0.0,-0.0515705442947108,-0.05147412820469599,9.641609001481005e-05,3.0,1.0,0.0
Hard-C8-H64-Trajectory,404,noG,11,160401222,128,8192,90112,11.0,0.0,0.6845872000000028,0.08,0.0,0.0,0.0,2.0965104055918418,0.0,0.0,0.0,0.0,-0.06802235030061905,-0.06823004306635738,-0.0002076927657383293,3.0,1.0,0.0
Hard-C8-H64-Trajectory,404,noG,12,160401223,128,8192,98304,12.0,0.0,0.7494395000000011,0.0,0.0,0.0,0.0,2.3678341187834357,0.0,0.0,0.0,0.0,0.0,0.0,0.0,3.0,1.0,0.0
Hard-C8-H64-Trajectory,404,noG,13,160401224,128,8192,106496,13.0,0.0,0.814386000000006,0.0,0.0,0.0,0.0,1.5354101587739426,0.0,0.0,0.0,0.0,0.0,0.0,0.0,3.0,1.0,0.0
Hard-C8-H64-Trajectory,404,noG,14,160401225,128,8192,114688,14.0,0.0,0.8829454000000041,0.0,0.0,0.0,0.0,1.8043780563599727,0.0,0.0,0.0,0.0,0.0,0.0,0.0,3.0,1.0,0.0
Hard-C8-H64-Trajectory,404,noG,15,160401226,128,8192,122880,15.0,0.0,0.9619698000000056,0.03304727264728568,0.0,0.0,0.0,2.211645604336505,0.0,0.0,0.0,0.0,-0.001973982350151384,-0.0018833377302254206,9.06446199259634e-05,3.0,1.0,0.0
Hard-C8-H64-Trajectory,404,noG,16,160401227,128,8192,131072,16.0,0.0,1.0310951000000017,0.0,0.0,0.0,0.0,1.7266492409374687,0.0,0.0,0.0,0.0,0.0,0.0,0.0,3.0,1.0,0.0
Hard-C8-H64-Trajectory,404,noG,17,160401228,128,8192,139264,17.0,0.0,1.098977000000005,0.08,0.0,0.0,0.0,1.9522195250856746,0.0,0.0,0.0,0.0,-0.03945190975234583,-0.03947261041182237,-2.0700659476541317e-05,3.0,1.0,0.0
Hard-C8-H64-Trajectory,404,noG,18,160401229,128,8192,147456,18.0,0.0,1.1641302000000024,0.0,0.0,0.0,0.0,1.8736506449328671,0.0,0.0,0.0,0.0,0.0,0.0,0.0,3.0,1.0,0.0
Hard-C8-H64-Trajectory,404,noG,19,160401230,128,8192,155648,19.0,0.0,1.2266469999999998,0.08,0.0,0.0,0.0,1.9958517822315542,0.0,0.0,0.0,0.0,-0.01001989629956478,-0.010003284036951055,1.6612262613725087e-05,3.0,1.0,0.0
Hard-C8-H64-Trajectory,404,noG,20,160401231,128,8192,163840,20.0,0.0,1.2860624000000058,0.0,0.0,0.0,0.0,1.8934201420381847,0.0,0.0,0.0,0.0,0.0,0.0,0.0,3.0,1.0,0.0
Hard-C8-H64-Trajectory,404,noG,21,160401232,128,8192,172032,21.0,0.0,1.359878700000003,0.0,0.0,0.0,0.0,1.851610161092762,0.0,0.0,0.0,0.0,0.0,0.0,0.0,3.0,1.0,0.0
Hard-C8-H64-Trajectory,404,noG,22,160401233,128,8192,180224,22.0,0.0,1.4208197000000027,0.08,0.0,0.0,0.0,2.295940337811683,0.0,0.0,0.0,0.0,-0.02744181501570912,-0.028223111766907838,-0.0007812967511987186,3.0,1.0,0.0
Hard-C8-H64-Trajectory,404,noG,23,160401234,128,8192,188416,23.0,0.0,1.4828045000000003,0.0,0.0,0.0,0.0,2.2735110986461904,0.0,0.0,0.0,0.0,0.0,0.0,0.0,3.0,1.0,0.0
Hard-C8-H64-Trajectory,404,noG,24,160401235,128,8192,196608,24.0,0.0,1.5431038000000044,0.08,0.0,0.0,0.0,1.7811629473571904,0.0,0.0,0.0,0.0,-0.02466946718207854,-0.024696201898191106,-2.673471611256556e-05,3.0,1.0,0.0
Hard-C8-H64-Trajectory,404,noG,25,160401236,128,8192,204800,25.0,0.0,1.6034767000000016,0.0,0.0,0.0,0.0,2.10483849740911,0.0,0.0,0.0,0.0,0.0,0.0,0.0,3.0,1.0,0.0
Hard-C8-H64-Trajectory,404,noG,26,160401237,128,8192,212992,26.0,0.0,1.6719643000000062,0.0,0.0,0.0,0.0,2.003172603086549,0.0,0.0,0.0,0.0,0.0,0.0,0.0,3.0,1.0,0.0
Hard-C8-H64-Trajectory,404,noG,27,160401238,128,8192,221184,27.0,0.0,1.7298545000000018,0.0,0.0,0.0,0.0,1.8438015251040143,0.0,0.0,0.0,0.0,0.0,0.0,0.0,3.0,1.0,0.0
Hard-C8-H64-Trajectory,404,noG,28,160401239,128,8192,229376,28.0,0.0,1.7895737000000054,0.0,0.0,0.0,0.0,2.1523150143976464,0.0,0.0,0.0,0.0,0.0,0.0,0.0,3.0,1.0,0.0
Hard-C8-H64-Trajectory,404,noG,29,160401240,128,8192,237568,29.0,0.0,1.8557074,0.08,0.0,0.0,0.0,2.1511236324166982,0.0,0.0,0.0,0.0,-0.07697201705543631,-0.07685248122766097,0.00011953582777533833,3.0,1.0,0.0
Hard-C8-H64-Trajectory,404,noG,30,160401241,128,8192,245760,30.0,0.0,1.9168888000000024,0.0,0.0,0.0,0.0,1.9154138452480944,0.0,0.0,0.0,0.0,0.0,0.0,0.0,3.0,1.0,0.0
Hard-C8-H64-Trajectory,404,GDA,1,160401212,128,8192,8192,1.0,0.0,0.022168600000000538,0.01,0.0,0.0,0.0,1.689734221800038,0.0,0.0,0.0,0.0,nan,nan,nan,0.0,1.0,0.0
Hard-C8-H64-Trajectory,404,GDA,2,160401213,128,8192,16384,2.0,0.0,0.048386000000000706,0.01,0.0,0.0,0.0,1.9117510456238989,0.0,0.0,0.0,0.0,nan,nan,nan,0.0,1.0,0.0
Hard-C8-H64-Trajectory,404,GDA,3,160401214,128,8192,24576,3.0,0.0,0.0741274999999959,0.01,0.0,0.0,0.0,1.7275562962391096,0.0,0.0,0.0,0.0,nan,nan,nan,0.0,1.0,0.0
Hard-C8-H64-Trajectory,404,GDA,4,160401215,128,8192,32768,4.0,0.0,0.09862109999999547,0.01,0.0,0.0,0.0,2.272557911115566,0.0,0.0,0.0,0.0,nan,nan,nan,0.0,1.0,0.0
Hard-C8-H64-Trajectory,404,GDA,5,160401216,128,8192,40960,5.0,0.0,0.12783529999999388,0.01,0.0,0.0,0.0,1.8993031026218847,0.0,0.0,0.0,0.0,nan,nan,nan,0.0,1.0,0.0
Hard-C8-H64-Trajectory,404,GDA,6,160401217,128,8192,49152,6.0,0.0,0.17050499999999857,0.01,0.0,0.0,0.0,1.9788727857087152,0.0,0.0,0.0,0.0,nan,nan,nan,0.0,1.0,0.0
Hard-C8-H64-Trajectory,404,GDA,7,160401218,128,8192,57344,7.0,0.0,0.19601889999999855,0.01,0.0,0.0,0.0,2.018863427054911,0.0,0.0,0.0,0.0,nan,nan,nan,0.0,1.0,0.0
Hard-C8-H64-Trajectory,404,GDA,8,160401219,128,8192,65536,8.0,0.0,0.2280263999999974,0.01,0.0,0.0,0.0,1.8711864364879267,0.0,0.0,0.0,0.0,nan,nan,nan,0.0,1.0,0.0
Hard-C8-H64-Trajectory,404,GDA,9,160401220,128,8192,73728,9.0,0.0,0.2611030999999997,0.01,0.0,0.0,0.0,1.6359367260989397,0.0,0.0,0.0,0.0,nan,nan,nan,0.0,1.0,0.0
Hard-C8-H64-Trajectory,404,GDA,10,160401221,128,8192,81920,10.0,0.0,0.2858182999999954,0.01,0.0,0.0,0.0,1.9153671982188856,0.0,0.0,0.0,0.0,nan,nan,nan,0.0,1.0,0.0
Hard-C8-H64-Trajectory,404,GDA,11,160401222,128,8192,90112,11.0,0.0,0.3205363999999946,0.01,0.0,0.0,0.0,2.0699311989916542,0.0,0.0,0.0,0.0,nan,nan,nan,0.0,1.0,0.0
Hard-C8-H64-Trajectory,404,GDA,12,160401223,128,8192,98304,12.0,0.0,0.3447058999999939,0.01,0.0,0.0,0.0,2.1732117090993213,0.0,0.0,0.0,0.0,nan,nan,nan,0.0,1.0,0.0
Hard-C8-H64-Trajectory,404,GDA,13,160401224,128,8192,106496,13.0,0.0,0.37038839999999595,0.01,0.0,0.0,0.0,1.6929200641513882,0.0,0.0,0.0,0.0,nan,nan,nan,0.0,1.0,0.0
Hard-C8-H64-Trajectory,404,GDA,14,160401225,128,8192,114688,14.0,0.0,0.39799689999999543,0.01,0.0,0.0,0.0,1.9002204438038321,0.0,0.0,0.0,0.0,nan,nan,nan,0.0,1.0,0.0
Hard-C8-H64-Trajectory,404,GDA,15,160401226,128,8192,122880,15.0,0.0,0.4216407999999987,0.01,0.0,0.0,0.0,2.0544556483940632,0.0,0.0,0.0,0.0,nan,nan,nan,0.0,1.0,0.0
Hard-C8-H64-Trajectory,404,GDA,16,160401227,128,8192,131072,16.0,0.0,0.4558781999999937,0.01,0.0,0.0,0.0,1.7200236207389994,0.0,0.0,0.0,0.0,nan,nan,nan,0.0,1.0,0.0
Hard-C8-H64-Trajectory,404,GDA,17,160401228,128,8192,139264,17.0,0.0,0.48122549999999364,0.01,0.0,0.0,0.0,2.119747095634396,0.0,0.0,0.0,0.0,nan,nan,nan,0.0,1.0,0.0
Hard-C8-H64-Trajectory,404,GDA,18,160401229,128,8192,147456,18.0,0.0,0.5057244999999995,0.01,0.0,0.0,0.0,1.8962343541118283,0.0,0.0,0.0,0.0,nan,nan,nan,0.0,1.0,0.0
Hard-C8-H64-Trajectory,404,GDA,19,160401230,128,8192,155648,19.0,0.0,0.5331993999999938,0.01,0.0,0.0,0.0,2.1124091000274707,0.0,0.0,0.0,0.0,nan,nan,nan,0.0,1.0,0.0
Hard-C8-H64-Trajectory,404,GDA,20,160401231,128,8192,163840,20.0,0.0,0.5583053000000007,0.01,0.0,0.0,0.0,1.784272479118451,0.0,0.0,0.0,0.0,nan,nan,nan,0.0,1.0,0.0
Hard-C8-H64-Trajectory,404,GDA,21,160401232,128,8192,172032,21.0,0.0,0.5932957999999999,0.01,0.0,0.0,0.0,1.9343566870149183,0.0,0.0,0.0,0.0,nan,nan,nan,0.0,1.0,0.0
Hard-C8-H64-Trajectory,404,GDA,22,160401233,128,8192,180224,22.0,0.0,0.6170507000000001,0.01,0.0,0.0,0.0,2.327111571687161,0.0,0.0,0.0,0.0,nan,nan,nan,0.0,1.0,0.0
Hard-C8-H64-Trajectory,404,GDA,23,160401234,128,8192,188416,23.0,0.0,0.6426384999999968,0.01,0.0,0.0,0.0,2.176732506839106,0.0,0.0,0.0,0.0,nan,nan,nan,0.0,1.0,0.0
Hard-C8-H64-Trajectory,404,GDA,24,160401235,128,8192,196608,24.0,0.0,0.667021499999997,0.01,0.0,0.0,0.0,1.7026500640667925,0.0,0.0,0.0,0.0,nan,nan,nan,0.0,1.0,0.0
Hard-C8-H64-Trajectory,404,GDA,25,160401236,128,8192,204800,25.0,0.0,0.6912801999999942,0.01,0.0,0.0,0.0,2.0101492928807634,0.0,0.0,0.0,0.0,nan,nan,nan,0.0,1.0,0.0
Hard-C8-H64-Trajectory,404,GDA,26,160401237,128,8192,212992,26.0,0.0,0.7237949999999955,0.01,0.0,0.0,0.0,2.051792620582815,0.0,0.0,0.0,0.0,nan,nan,nan,0.0,1.0,0.0
Hard-C8-H64-Trajectory,404,GDA,27,160401238,128,8192,221184,27.0,0.0,0.7474471999999963,0.01,0.0,0.0,0.0,1.8353811749091045,0.0,0.0,0.0,0.0,nan,nan,nan,0.0,1.0,0.0
Hard-C8-H64-Trajectory,404,GDA,28,160401239,128,8192,229376,28.0,0.0,0.7718123000000006,0.01,0.0,0.0,0.0,2.196047434109497,0.0,0.0,0.0,0.0,nan,nan,nan,0.0,1.0,0.0
Hard-C8-H64-Trajectory,404,GDA,29,160401240,128,8192,237568,29.0,0.0,0.7961104999999975,0.01,0.0,0.0,0.0,1.886479619344368,0.0,0.0,0.0,0.0,nan,nan,nan,0.0,1.0,0.0
Hard-C8-H64-Trajectory,404,GDA,30,160401241,128,8192,245760,30.0,0.0,0.8208387999999971,0.01,0.0,0.0,0.0,2.002539734898642,0.0,0.0,0.0,0.0,nan,nan,nan,0.0,1.0,0.0
Hard-C8-H64-Trajectory,404,EGM,1,160401212,128,8192,8192,2.0,0.0,0.02257409999999993,0.01,0.0,0.0,0.0,1.689734221800038,0.0,0.0,0.0,0.0,nan,nan,nan,0.0,2.0,0.0
Hard-C8-H64-Trajectory,404,EGM,2,160401213,128,8192,16384,4.0,0.0,0.04894810000000405,0.01,0.0,0.0,0.0,1.90255848534667,0.0,0.0,0.0,0.0,nan,nan,nan,0.0,2.0,0.0
Hard-C8-H64-Trajectory,404,EGM,3,160401214,128,8192,24576,6.0,0.0,0.07743839999999835,0.01,0.0,0.0,0.0,1.7274736103996768,0.0,0.0,0.0,0.0,nan,nan,nan,0.0,2.0,0.0
Hard-C8-H64-Trajectory,404,EGM,4,160401215,128,8192,32768,8.0,0.0,0.10614689999999882,0.01,0.0,0.0,0.0,2.272050725731496,0.0,0.0,0.0,0.0,nan,nan,nan,0.0,2.0,0.0
Hard-C8-H64-Trajectory,404,EGM,5,160401216,128,8192,40960,10.0,0.0,0.13416780000000017,0.01,0.0,0.0,0.0,1.9179622679329618,0.0,0.0,0.0,0.0,nan,nan,nan,0.0,2.0,0.0
Hard-C8-H64-Trajectory,404,EGM,6,160401217,128,8192,49152,12.0,0.0,0.16881539999999973,0.01,0.0,0.0,0.0,1.9826482521009112,0.0,0.0,0.0,0.0,nan,nan,nan,0.0,2.0,0.0
Hard-C8-H64-Trajectory,404,EGM,7,160401218,128,8192,57344,14.0,0.0,0.195180900000004,0.01,0.0,0.0,0.0,2.008671358768204,0.0,0.0,0.0,0.0,nan,nan,nan,0.0,2.0,0.0
Hard-C8-H64-Trajectory,404,EGM,8,160401219,128,8192,65536,16.0,0.0,0.22235419999999806,0.01,0.0,0.0,0.0,1.8657367867370012,0.0,0.0,0.0,0.0,nan,nan,nan,0.0,2.0,0.0
Hard-C8-H64-Trajectory,404,EGM,9,160401220,128,8192,73728,18.0,0.0,0.24899369999999976,0.01,0.0,0.0,0.0,1.6301956621072033,0.0,0.0,0.0,0.0,nan,nan,nan,0.0,2.0,0.0
Hard-C8-H64-Trajectory,404,EGM,10,160401221,128,8192,81920,20.0,0.0,0.2755909999999986,0.01,0.0,0.0,0.0,1.920844696967402,0.0,0.0,0.0,0.0,nan,nan,nan,0.0,2.0,0.0
Hard-C8-H64-Trajectory,404,EGM,11,160401222,128,8192,90112,22.0,0.0,0.3140652000000017,0.01,0.0,0.0,0.0,2.076512945440366,0.0,0.0,0.0,0.0,nan,nan,nan,0.0,2.0,0.0
Hard-C8-H64-Trajectory,404,EGM,12,160401223,128,8192,98304,24.0,0.0,0.34133770000000396,0.01,0.0,0.0,0.0,2.209125914625298,0.0,0.0,0.0,0.0,nan,nan,nan,0.0,2.0,0.0
Hard-C8-H64-Trajectory,404,EGM,13,160401224,128,8192,106496,26.0,0.0,0.3683661000000029,0.01,0.0,0.0,0.0,1.7040325077325371,0.0,0.0,0.0,0.0,nan,nan,nan,0.0,2.0,0.0
Hard-C8-H64-Trajectory,404,EGM,14,160401225,128,8192,114688,28.0,0.0,0.3955144999999973,0.01,0.0,0.0,0.0,1.8883671020069315,0.0,0.0,0.0,0.0,nan,nan,nan,0.0,2.0,0.0
Hard-C8-H64-Trajectory,404,EGM,15,160401226,128,8192,122880,30.0,0.0,0.42380649999999775,0.01,0.0,0.0,0.0,2.04033780994608,0.0,0.0,0.0,0.0,nan,nan,nan,0.0,2.0,0.0
Hard-C8-H64-Trajectory,404,EGM,16,160401227,128,8192,131072,32.0,0.0,0.45674910000000324,0.01,0.0,0.0,0.0,1.728333161926578,0.0,0.0,0.0,0.0,nan,nan,nan,0.0,2.0,0.0
Hard-C8-H64-Trajectory,404,EGM,17,160401228,128,8192,139264,34.0,0.0,0.48291550000000427,0.01,0.0,0.0,0.0,2.1387544648046886,0.0,0.0,0.0,0.0,nan,nan,nan,0.0,2.0,0.0
Hard-C8-H64-Trajectory,404,EGM,18,160401229,128,8192,147456,36.0,0.0,0.5100935999999976,0.01,0.0,0.0,0.0,1.8885124646293305,0.0,0.0,0.0,0.0,nan,nan,nan,0.0,2.0,0.0
Hard-C8-H64-Trajectory,404,EGM,19,160401230,128,8192,155648,38.0,0.0,0.5375771,0.01,0.0,0.0,0.0,2.103148431824706,0.0,0.0,0.0,0.0,nan,nan,nan,0.0,2.0,0.0
Hard-C8-H64-Trajectory,404,EGM,20,160401231,128,8192,163840,40.0,0.0,0.5659558999999987,0.01,0.0,0.0,0.0,1.8007706058875905,0.0,0.0,0.0,0.0,nan,nan,nan,0.0,2.0,0.0
Hard-C8-H64-Trajectory,404,EGM,21,160401232,128,8192,172032,42.0,0.0,0.604265599999998,0.01,0.0,0.0,0.0,1.9305465660346977,0.0,0.0,0.0,0.0,nan,nan,nan,0.0,2.0,0.0
Hard-C8-H64-Trajectory,404,EGM,22,160401233,128,8192,180224,44.0,0.0,0.6326329000000044,0.01,0.0,0.0,0.0,2.291258179670784,0.0,0.0,0.0,0.0,nan,nan,nan,0.0,2.0,0.0
Hard-C8-H64-Trajectory,404,EGM,23,160401234,128,8192,188416,46.0,0.0,0.6612344999999991,0.01,0.0,0.0,0.0,2.1569998043582035,0.0,0.0,0.0,0.0,nan,nan,nan,0.0,2.0,0.0
Hard-C8-H64-Trajectory,404,EGM,24,160401235,128,8192,196608,48.0,0.0,0.6914183000000023,0.01,0.0,0.0,0.0,1.7141325332183186,0.0,0.0,0.0,0.0,nan,nan,nan,0.0,2.0,0.0
Hard-C8-H64-Trajectory,404,EGM,25,160401236,128,8192,204800,50.0,0.0,0.7213841000000016,0.01,0.0,0.0,0.0,1.9970906239055484,0.0,0.0,0.0,0.0,nan,nan,nan,0.0,2.0,0.0
Hard-C8-H64-Trajectory,404,EGM,26,160401237,128,8192,212992,52.0,0.0,0.756809699999998,0.01,0.0,0.0,0.0,2.072968433978136,0.0,0.0,0.0,0.0,nan,nan,nan,0.0,2.0,0.0
Hard-C8-H64-Trajectory,404,EGM,27,160401238,128,8192,221184,54.0,0.0,0.7845151000000001,0.01,0.0,0.0,0.0,1.8518831727027383,0.0,0.0,0.0,0.0,nan,nan,nan,0.0,2.0,0.0
Hard-C8-H64-Trajectory,404,EGM,28,160401239,128,8192,229376,56.0,0.0,0.8142737000000011,0.01,0.0,0.0,0.0,2.2166123833573277,0.0,0.0,0.0,0.0,nan,nan,nan,0.0,2.0,0.0
Hard-C8-H64-Trajectory,404,EGM,29,160401240,128,8192,237568,58.0,0.0,0.8441535999999985,0.01,0.0,0.0,0.0,1.8795438965527564,0.0,0.0,0.0,0.0,nan,nan,nan,0.0,2.0,0.0
Hard-C8-H64-Trajectory,404,EGM,30,160401241,128,8192,245760,60.0,0.0,0.8717942000000036,0.01,0.0,0.0,0.0,2.0110889839583748,0.0,0.0,0.0,0.0,nan,nan,nan,0.0,2.0,0.0
Hard-C8-H64-Trajectory,404,PPM-3,1,160401212,128,8192,8192,3.0,0.0,0.0274421000000018,0.01,0.0,0.0,0.0,1.689734221800038,0.0,0.0,0.0,0.0,nan,nan,nan,0.0,3.0,0.0
Hard-C8-H64-Trajectory,404,PPM-3,2,160401213,128,8192,16384,6.0,0.0,0.05919240000000059,0.01,0.0,0.0,0.0,1.9024606284186085,0.0,0.0,0.0,0.0,nan,nan,nan,0.0,3.0,0.0
Hard-C8-H64-Trajectory,404,PPM-3,3,160401214,128,8192,24576,9.0,0.0,0.08925280000000413,0.01,0.0,0.0,0.0,1.727466581991336,0.0,0.0,0.0,0.0,nan,nan,nan,0.0,3.0,0.0
Hard-C8-H64-Trajectory,404,PPM-3,4,160401215,128,8192,32768,12.0,0.0,0.12155059999999906,0.01,0.0,0.0,0.0,2.271898761639226,0.0,0.0,0.0,0.0,nan,nan,nan,0.0,3.0,0.0
Hard-C8-H64-Trajectory,404,PPM-3,5,160401216,128,8192,40960,15.0,0.0,0.15482039999999841,0.01,0.0,0.0,0.0,1.9177703139946216,0.0,0.0,0.0,0.0,nan,nan,nan,0.0,3.0,0.0
Hard-C8-H64-Trajectory,404,PPM-3,6,160401217,128,8192,49152,18.0,0.0,0.19767650000000003,0.01,0.0,0.0,0.0,1.9826628973945006,0.0,0.0,0.0,0.0,nan,nan,nan,0.0,3.0,0.0
Hard-C8-H64-Trajectory,404,PPM-3,7,160401218,128,8192,57344,21.0,0.0,0.23011280000000056,0.01,0.0,0.0,0.0,2.0100159636109374,0.0,0.0,0.0,0.0,nan,nan,nan,0.0,3.0,0.0
Hard-C8-H64-Trajectory,404,PPM-3,8,160401219,128,8192,65536,24.0,0.0,0.2615073999999993,0.01,0.0,0.0,0.0,1.8679508581004507,0.0,0.0,0.0,0.0,nan,nan,nan,0.0,3.0,0.0
Hard-C8-H64-Trajectory,404,PPM-3,9,160401220,128,8192,73728,27.0,0.0,0.29207699999999903,0.01,0.0,0.0,0.0,1.633911367316727,0.0,0.0,0.0,0.0,nan,nan,nan,0.0,3.0,0.0
Hard-C8-H64-Trajectory,404,PPM-3,10,160401221,128,8192,81920,30.0,0.0,0.32516880000000015,0.01,0.0,0.0,0.0,1.9203348384092653,0.0,0.0,0.0,0.0,nan,nan,nan,0.0,3.0,0.0
Hard-C8-H64-Trajectory,404,PPM-3,11,160401222,128,8192,90112,33.0,0.0,0.36409940000000063,0.01,0.0,0.0,0.0,2.0758457697417008,0.0,0.0,0.0,0.0,nan,nan,nan,0.0,3.0,0.0
Hard-C8-H64-Trajectory,404,PPM-3,12,160401223,128,8192,98304,36.0,0.0,0.39606549999999885,0.01,0.0,0.0,0.0,2.2120499745214475,0.0,0.0,0.0,0.0,nan,nan,nan,0.0,3.0,0.0
Hard-C8-H64-Trajectory,404,PPM-3,13,160401224,128,8192,106496,39.0,0.0,0.43371400000000193,0.01,0.0,0.0,0.0,1.7027507160711692,0.0,0.0,0.0,0.0,nan,nan,nan,0.0,3.0,0.0
Hard-C8-H64-Trajectory,404,PPM-3,14,160401225,128,8192,114688,42.0,0.0,0.4708433999999997,0.01,0.0,0.0,0.0,1.8874136423891577,0.0,0.0,0.0,0.0,nan,nan,nan,0.0,3.0,0.0
Hard-C8-H64-Trajectory,404,PPM-3,15,160401226,128,8192,122880,45.0,0.0,0.5004873999999973,0.01,0.0,0.0,0.0,2.0304219625398687,0.0,0.0,0.0,0.0,nan,nan,nan,0.0,3.0,0.0
Hard-C8-H64-Trajectory,404,PPM-3,16,160401227,128,8192,131072,48.0,0.0,0.5426634000000021,0.01,0.0,0.0,0.0,1.7292402658052413,0.0,0.0,0.0,0.0,nan,nan,nan,0.0,3.0,0.0
Hard-C8-H64-Trajectory,404,PPM-3,17,160401228,128,8192,139264,51.0,0.0,0.5739056999999974,0.01,0.0,0.0,0.0,2.13294825501381,0.0,0.0,0.0,0.0,nan,nan,nan,0.0,3.0,0.0
Hard-C8-H64-Trajectory,404,PPM-3,18,160401229,128,8192,147456,54.0,0.0,0.6053834000000009,0.01,0.0,0.0,0.0,1.883249022990356,0.0,0.0,0.0,0.0,nan,nan,nan,0.0,3.0,0.0
Hard-C8-H64-Trajectory,404,PPM-3,19,160401230,128,8192,155648,57.0,0.0,0.636530399999998,0.01,0.0,0.0,0.0,2.0975797229919637,0.0,0.0,0.0,0.0,nan,nan,nan,0.0,3.0,0.0
Hard-C8-H64-Trajectory,404,PPM-3,20,160401231,128,8192,163840,60.0,0.0,0.6746032,0.01,0.0,0.0,0.0,1.7880477195942701,0.0,0.0,0.0,0.0,nan,nan,nan,0.0,3.0,0.0
Hard-C8-H64-Trajectory,404,PPM-3,21,160401232,128,8192,172032,63.0,0.0,0.7143802000000008,0.01,0.0,0.0,0.0,1.9206970728294346,0.0,0.0,0.0,0.0,nan,nan,nan,0.0,3.0,0.0
Hard-C8-H64-Trajectory,404,PPM-3,22,160401233,128,8192,180224,66.0,0.0,0.746016400000002,0.01,0.0,0.0,0.0,2.301327558774738,0.0,0.0,0.0,0.0,nan,nan,nan,0.0,3.0,0.0
Hard-C8-H64-Trajectory,404,PPM-3,23,160401234,128,8192,188416,69.0,0.0,0.7761727000000036,0.01,0.0,0.0,0.0,2.1722666100519232,0.0,0.0,0.0,0.0,nan,nan,nan,0.0,3.0,0.0
Hard-C8-H64-Trajectory,404,PPM-3,24,160401235,128,8192,196608,72.0,0.0,0.8069630000000032,0.01,0.0,0.0,0.0,1.7227964832283231,0.0,0.0,0.0,0.0,nan,nan,nan,0.0,3.0,0.0
Hard-C8-H64-Trajectory,404,PPM-3,25,160401236,128,8192,204800,75.0,0.0,0.8401106000000027,0.01,0.0,0.0,0.0,1.9888939436586854,0.0,0.0,0.0,0.0,nan,nan,nan,0.0,3.0,0.0
Hard-C8-H64-Trajectory,404,PPM-3,26,160401237,128,8192,212992,78.0,0.0,0.8837497000000027,0.01,0.0,0.0,0.0,2.063678455200995,0.0,0.0,0.0,0.0,nan,nan,nan,0.0,3.0,0.0
Hard-C8-H64-Trajectory,404,PPM-3,27,160401238,128,8192,221184,81.0,0.0,0.917723500000001,0.01,0.0,0.0,0.0,1.847004765453391,0.0,0.0,0.0,0.0,nan,nan,nan,0.0,3.0,0.0
Hard-C8-H64-Trajectory,404,PPM-3,28,160401239,128,8192,229376,84.0,0.0,0.9543330999999995,0.01,0.0,0.0,0.0,2.206369682972013,0.0,0.0,0.0,0.0,nan,nan,nan,0.0,3.0,0.0
Hard-C8-H64-Trajectory,404,PPM-3,29,160401240,128,8192,237568,87.0,0.0,0.9891738000000032,0.01,0.0,0.0,0.0,1.8780057293491985,0.0,0.0,0.0,0.0,nan,nan,nan,0.0,3.0,0.0
Hard-C8-H64-Trajectory,404,PPM-3,30,160401241,128,8192,245760,90.0,0.0,1.0249643000000006,0.01,0.0,0.0,0.0,2.0033298330789555,0.0,0.0,0.0,0.0,nan,nan,nan,0.0,3.0,0.0
Hard-C8-H64-Trajectory,405,QP+G,1,160501215,128,8192,8192,1.0,1.0,0.10684160000000276,0.0,0.0,4.24824384833539,-0.07104524423055279,1.89900613162285,8.067441116617958,0.0,0.0,0.0,0.0,0.0,0.0,5.0,1.0,1.0
Hard-C8-H64-Trajectory,405,QP+G,2,160501216,128,8192,16384,2.0,2.0,0.20918629999999894,0.0,0.0,6.186492588947512,-0.029231570383481845,2.2489324368727126,13.913003853756706,0.0,1.0,0.0,-0.02638378462123404,0.0,0.02638378462123404,5.0,1.0,1.0
Hard-C8-H64-Trajectory,405,QP+G,3,160501217,128,8192,24576,3.0,3.0,0.3193898000000033,0.08,0.01682059206917597,4.756075153062026,-0.17958766825655115,1.6341683590861704,7.7722275285698785,1.0,0.0,0.0,-0.07431160442516424,-0.07467731634645425,-0.0003657119212900073,5.0,1.0,1.0
Hard-C8-H64-Trajectory,405,QP+G,4,160501218,128,8192,32768,4.0,4.0,0.42157249999999635,0.08,0.0,4.8891268988611944,0.06539701179455285,1.8054081049322002,8.826869329246033,0.0,1.0,0.0,-0.02753737963882963,-0.02070597242287464,0.006831407215954988,5.0,1.0,1.0
Hard-C8-H64-Trajectory,405,QP+G,5,160501219,128,8192,40960,5.0,5.0,0.5318625999999966,0.08,0.0,4.675713496101373,0.25669195569014375,2.0717468584023173,9.686894746337336,0.0,0.0,0.0,-0.03202600967294185,-0.032031782258825636,-5.77258588378704e-06,5.0,1.0,1.0
Hard-C8-H64-Trajectory,405,QP+G,6,160501220,128,8192,49152,6.0,6.0,0.6651370000000014,0.0,0.0,5.042526655617507,-0.21609376096597224,2.101458100644668,10.596658488164076,0.0,0.0,0.0,0.0,0.0,0.0,5.0,1.0,1.0
Hard-C8-H64-Trajectory,405,QP+G,7,160501221,128,8192,57344,7.0,7.0,0.777318600000001,0.0,0.0012254084650232054,5.552577916721624,-0.12909698835178648,2.0059469378776176,11.138176669374623,1.0,0.0,0.0,-6.619769459281358e-05,-6.586638561589808e-05,3.313089769154987e-07,5.0,1.0,1.0
Hard-C8-H64-Trajectory,405,QP+G,8,160501222,128,8192,65536,8.0,8.0,0.8931261999999975,0.0,0.0,4.771112192457408,0.3858682243554858,2.265372880607578,10.808348171129175,0.0,1.0,0.0,-0.0005680051890303276,0.0,0.0005680051890303276,5.0,1.0,1.0
Hard-C8-H64-Trajectory,405,QP+G,9,160501223,128,8192,73728,9.0,9.0,1.0029309000000026,0.0,0.01647816812794719,4.854908590495502,0.22245101105799747,1.8619376639480223,9.039537159668381,1.0,0.0,0.0,-0.0465170515801034,-0.046583188934319786,-6.613735421638622e-05,5.0,1.0,1.0
Hard-C8-H64-Trajectory,405,QP+G,10,160501224,128,8192,81920,10.0,10.0,1.1198874999999973,0.08,0.0,4.3113400827624,-0.18123079884269555,1.971960862667067,8.501793908855246,0.0,0.0,0.0,-0.02639608690064839,-0.02649163649943853,-9.55495987901428e-05,5.0,1.0,1.0
Hard-C8-H64-Trajectory,405,QP+G,11,160501225,128,8192,90112,11.0,11.0,1.2281465000000011,0.0,0.0,5.865451482485234,0.36681815531223433,2.300331296739037,13.492481614665165,0.0,1.0,0.0,-0.016610553004325294,0.0,0.016610553004325294,5.0,1.0,1.0
Hard-C8-H64-Trajectory,405,QP+G,12,160501226,128,8192,98304,12.0,12.0,1.3342247,0.0,0.0,4.530648067780119,-0.19548943915026026,1.7810164311243661,8.069158652358253,0.0,0.0,0.0,0.0,0.0,0.0,5.0,1.0,1.0
Hard-C8-H64-Trajectory,405,QP+G,13,160501227,128,8192,106496,13.0,13.0,1.4401769999999985,0.0,0.0,4.511281306185029,-0.28634879577797484,2.1652948672462893,9.768254256986578,0.0,0.0,0.0,0.0,0.0,0.0,5.0,1.0,1.0
Hard-C8-H64-Trajectory,405,QP+G,14,160501228,128,8192,114688,14.0,14.0,1.5525090000000006,0.08,0.0,4.811310564414078,-0.018308438336386682,1.9310537020722658,9.290899077231208,0.0,0.0,0.0,-0.020640632720025538,-0.020555165291777477,8.54674282480608e-05,5.0,1.0,1.0
Hard-C8-H64-Trajectory,405,QP+G,15,160501229,128,8192,122880,15.0,15.0,1.6589657999999972,0.0,0.0,4.023749110888711,0.10533696247014122,1.9440181845594093,7.82224144167241,0.0,1.0,0.0,-0.027498640457433412,0.0,0.027498640457433412,5.0,1.0,1.0
Hard-C8-H64-Trajectory,405,QP+G,16,160501230,128,8192,131072,16.0,16.0,1.7688835000000012,0.0,0.0,4.751052010447248,-0.05080678842144075,2.230257972290652,10.596071623067504,0.0,0.0,0.0,0.0,0.0,0.0,5.0,1.0,1.0
Hard-C8-H64-Trajectory,405,QP+G,17,160501231,128,8192,139264,17.0,17.0,1.8633252999999996,0.0,0.0,4.8410793692660254,-0.13119643688773694,2.1804274067164036,10.555622134837002,0.0,1.0,0.0,-0.010378538225810263,0.0,0.010378538225810263,5.0,1.0,1.0
Hard-C8-H64-Trajectory,405,QP+G,18,160501232,128,8192,147456,18.0,18.0,1.9717891999999964,0.0,0.0,5.051925985048951,0.2527944910634335,2.2115084217075056,11.17237686177874,0.0,0.0,0.0,0.0,0.0,0.0,5.0,1.0,1.0
Hard-C8-H64-Trajectory,405,QP+G,19,160501233,128,8192,155648,19.0,19.0,2.0867766000000003,0.08,0.0,4.199020275138588,0.12955106128168217,1.867387997908446,7.84120006476802,0.0,0.0,0.0,-0.0144301283320407,-0.014276822886456042,0.00015330544558465713,5.0,1.0,1.0
Hard-C8-H64-Trajectory,405,QP+G,20,160501234,128,8192,163840,20.0,20.0,2.2192137999999986,0.0,0.0,4.999598286688956,-0.056138794488504416,2.0321832427518216,10.160099858700013,0.0,0.0,0.0,0.0,0.0,0.0,5.0,1.0,1.0
Hard-C8-H64-Trajectory,405,QP+G,21,160501235,128,8192,172032,21.0,21.0,2.331075200000001,0.0,0.0,5.583013411327527,-0.19311321742378296,2.207331016495801,12.32355866833528,0.0,1.0,0.0,-0.001998127873293317,0.0,0.001998127873293317,5.0,1.0,1.0
Hard-C8-H64-Trajectory,405,QP+G,22,160501236,128,8192,180224,22.0,22.0,2.429071999999998,0.0,0.0,5.787419626705,-0.4519673443014008,2.0601206692631684,11.9227827946743,0.0,1.0,0.0,-0.0052978537418288665,0.0,0.0052978537418288665,5.0,1.0,1.0
Hard-C8-H64-Trajectory,405,QP+G,23,160501237,128,8192,188416,23.0,23.0,2.529260999999998,0.0,0.0,5.116819528737188,-0.1008341151118854,1.8922179685425282,9.682137854065818,0.0,1.0,0.0,-0.014916819998389527,0.0,0.014916819998389527,5.0,1.0,1.0
Hard-C8-H64-Trajectory,405,QP+G,24,160501238,128,8192,196608,24.0,24.0,2.6403985999999975,0.0,0.0,5.0920897219996935,-0.024602611231952638,2.3476543377292,11.954466523958857,0.0,0.0,0.0,0.0,0.0,0.0,5.0,1.0,1.0
Hard-C8-H64-Trajectory,405,QP+G,25,160501239,128,8192,204800,25.0,25.0,2.7554534000000004,0.065727726724751,0.0,4.662425780125792,-0.1546842576066131,2.0700826225421536,9.651606586330946,0.0,0.0,0.0,-0.004352917782010253,-0.0040359390288431385,0.0003169787531671145,5.0,1.0,1.0
Hard-C8-H64-Trajectory,405,QP+G,26,160501240,128,8192,212992,26.0,26.0,2.8849605999999994,0.0,0.019032131461462258,4.203417791748141,-0.16040306277791563,1.9268397462832598,8.099312471374528,1.0,0.0,0.0,-0.02885898683076534,-0.028871647372539666,-1.2660541774324463e-05,5.0,1.0,1.0
Hard-C8-H64-Trajectory,405,QP+G,27,160501241,128,8192,221184,27.0,27.0,2.9787303999999963,0.08,0.0,6.315269736753655,-0.07866164762049348,2.2503661949385583,14.211669527508954,0.0,1.0,0.0,-0.0645246087092389,-0.05633004603265723,0.008194562676581668,5.0,1.0,1.0
Hard-C8-H64-Trajectory,405,QP+G,28,160501242,128,8192,229376,28.0,28.0,3.0872758000000005,0.07866968042434955,0.0,5.001847480690568,-0.0627559403839209,1.9956072540680554,9.981723116208125,0.0,0.0,0.0,-0.005375984085116152,-0.005489062158873015,-0.00011307807375686256,5.0,1.0,1.0
Hard-C8-H64-Trajectory,405,QP+G,29,160501243,128,8192,237568,29.0,29.0,3.204459100000001,0.0,0.0,5.474329013277692,-0.2507347155253875,2.0927545042910873,11.456426700508274,0.0,0.0,0.0,0.0,0.0,0.0,5.0,1.0,1.0
Hard-C8-H64-Trajectory,405,QP+G,30,160501244,128,8192,245760,30.0,30.0,3.3111497000000014,0.08,0.0,4.722079443789596,-0.02363155790472757,2.159492480303927,10.197295050261383,0.0,0.0,0.0,-0.011517615496432373,-0.01139797689869182,0.00011963859774055327,5.0,1.0,1.0
Hard-C8-H64-Trajectory,405,noG,1,160501215,128,8192,8192,1.0,0.0,0.05624960000000101,0.0,0.0,0.0,0.0,1.89900613162285,0.0,0.0,0.0,0.0,0.0,0.0,0.0,3.0,1.0,0.0
Hard-C8-H64-Trajectory,405,noG,2,160501216,128,8192,16384,2.0,0.0,0.11956839999999858,0.0,0.0,0.0,0.0,2.2489324368727126,0.0,0.0,0.0,0.0,0.0,0.0,0.0,3.0,1.0,0.0
Hard-C8-H64-Trajectory,405,noG,3,160501217,128,8192,24576,3.0,0.0,0.19559830000000034,0.08,0.0,0.0,0.0,1.6341683590861704,0.0,0.0,0.0,0.0,-0.011211848106413354,-0.011489570831513252,-0.00027772272509989787,3.0,1.0,0.0
Hard-C8-H64-Trajectory,405,noG,4,160501218,128,8192,32768,4.0,0.0,0.2543004000000053,0.08,0.0,0.0,0.0,1.9458583986082914,0.0,0.0,0.0,0.0,-0.028404896156814192,-0.028404252214643932,6.439421702600368e-07,3.0,1.0,0.0
Hard-C8-H64-Trajectory,405,noG,5,160501219,128,8192,40960,5.0,0.0,0.31836110000000417,0.08,0.0,0.0,0.0,1.9776734106245673,0.0,0.0,0.0,0.0,-0.030480848124717925,-0.030499825634657363,-1.897750993943778e-05,3.0,1.0,0.0
Hard-C8-H64-Trajectory,405,noG,6,160501220,128,8192,49152,6.0,0.0,0.38874309999999923,0.0,0.0,0.0,0.0,2.0164228243282234,0.0,0.0,0.0,0.0,0.0,0.0,0.0,3.0,1.0,0.0
Hard-C8-H64-Trajectory,405,noG,7,160501221,128,8192,57344,7.0,0.0,0.46885980000000416,0.0,0.0,0.0,0.0,2.1052066401795897,0.0,0.0,0.0,0.0,0.0,0.0,0.0,3.0,1.0,0.0
Hard-C8-H64-Trajectory,405,noG,8,160501222,128,8192,65536,8.0,0.0,0.5313844000000003,0.0,0.0,0.0,0.0,2.3262923739159835,0.0,0.0,0.0,0.0,0.0,0.0,0.0,3.0,1.0,0.0
Hard-C8-H64-Trajectory,405,noG,9,160501223,128,8192,73728,9.0,0.0,0.5926848000000007,0.0,0.0,0.0,0.0,1.73797924644828,0.0,0.0,0.0,0.0,0.0,0.0,0.0,3.0,1.0,0.0
Hard-C8-H64-Trajectory,405,noG,10,160501224,128,8192,81920,10.0,0.0,0.6645882000000043,0.04282451487275134,0.0,0.0,0.0,2.1413738174827293,0.0,0.0,0.0,0.0,-0.002442119813494995,-0.0024495757977645027,-7.455984269507873e-06,3.0,1.0,0.0
Hard-C8-H64-Trajectory,405,noG,11,160501225,128,8192,90112,11.0,0.0,0.7400279000000012,0.0,0.0,0.0,0.0,2.007785232319623,0.0,0.0,0.0,0.0,0.0,0.0,0.0,3.0,1.0,0.0
Hard-C8-H64-Trajectory,405,noG,12,160501226,128,8192,98304,12.0,0.0,0.8195870999999997,0.0,0.0,0.0,0.0,1.8584265096147206,0.0,0.0,0.0,0.0,0.0,0.0,0.0,3.0,1.0,0.0
Hard-C8-H64-Trajectory,405,noG,13,160501227,128,8192,106496,13.0,0.0,0.8988000000000014,0.0,0.0,0.0,0.0,2.114460457880471,0.0,0.0,0.0,0.0,0.0,0.0,0.0,3.0,1.0,0.0
Hard-C8-H64-Trajectory,405,noG,14,160501228,128,8192,114688,14.0,0.0,0.967831700000005,0.08,0.0,0.0,0.0,1.9315761764741883,0.0,0.0,0.0,0.0,-0.01561755966392784,-0.015417441389628195,0.00020011827429964463,3.0,1.0,0.0
Hard-C8-H64-Trajectory,405,noG,15,160501229,128,8192,122880,15.0,0.0,1.0375094000000047,0.08,0.0,0.0,0.0,1.8091915286816853,0.0,0.0,0.0,0.0,-0.004659570755422959,-0.004465779917735446,0.00019379083768751235,3.0,1.0,0.0
Hard-C8-H64-Trajectory,405,noG,16,160501230,128,8192,131072,16.0,0.0,1.1173332999999985,0.0,0.0,0.0,0.0,2.222024040731141,0.0,0.0,0.0,0.0,0.0,0.0,0.0,3.0,1.0,0.0
Hard-C8-H64-Trajectory,405,noG,17,160501231,128,8192,139264,17.0,0.0,1.185337600000004,0.0,0.0,0.0,0.0,2.243760443338574,0.0,0.0,0.0,0.0,0.0,0.0,0.0,3.0,1.0,0.0
Hard-C8-H64-Trajectory,405,noG,18,160501232,128,8192,147456,18.0,0.0,1.251728,0.0,0.0,0.0,0.0,2.1563258214061434,0.0,0.0,0.0,0.0,0.0,0.0,0.0,3.0,1.0,0.0
Hard-C8-H64-Trajectory,405,noG,19,160501233,128,8192,155648,19.0,0.0,1.315694300000004,0.08,0.0,0.0,0.0,1.8836997896965442,0.0,0.0,0.0,0.0,-0.009948276439070355,-0.009699182619480773,0.00024909381958958254,3.0,1.0,0.0
Hard-C8-H64-Trajectory,405,noG,20,160501234,128,8192,163840,20.0,0.0,1.3808810000000022,0.0,0.0,0.0,0.0,2.077520955880111,0.0,0.0,0.0,0.0,0.0,0.0,0.0,3.0,1.0,0.0
Hard-C8-H64-Trajectory,405,noG,21,160501235,128,8192,172032,21.0,0.0,1.4568896000000038,0.0,0.0,0.0,0.0,1.9858461684951159,0.0,0.0,0.0,0.0,0.0,0.0,0.0,3.0,1.0,0.0
Hard-C8-H64-Trajectory,405,noG,22,160501236,128,8192,180224,22.0,0.0,1.529776500000004,0.0,0.0,0.0,0.0,1.7778605417160647,0.0,0.0,0.0,0.0,0.0,0.0,0.0,3.0,1.0,0.0
Hard-C8-H64-Trajectory,405,noG,23,160501237,128,8192,188416,23.0,0.0,1.5985276000000042,0.0,0.0,0.0,0.0,2.0148707713323892,0.0,0.0,0.0,0.0,0.0,0.0,0.0,3.0,1.0,0.0
Hard-C8-H64-Trajectory,405,noG,24,160501238,128,8192,196608,24.0,0.0,1.6667845999999997,0.0,0.0,0.0,0.0,2.3911815250852055,0.0,0.0,0.0,0.0,0.0,0.0,0.0,3.0,1.0,0.0
Hard-C8-H64-Trajectory,405,noG,25,160501239,128,8192,204800,25.0,0.0,1.733044300000003,0.0,0.0,0.0,0.0,2.2214213681065202,0.0,0.0,0.0,0.0,0.0,0.0,0.0,3.0,1.0,0.0
Hard-C8-H64-Trajectory,405,noG,26,160501240,128,8192,212992,26.0,0.0,1.8163421,0.03877522989885579,0.0,0.0,0.0,2.100490894201524,0.0,0.0,0.0,0.0,-0.0025158906727018172,-0.002543713318066576,-2.782264536475886e-05,3.0,1.0,0.0
Hard-C8-H64-Trajectory,405,noG,27,160501241,128,8192,221184,27.0,0.0,1.8792112000000003,0.08,0.0,0.0,0.0,2.4205426008768223,0.0,0.0,0.0,0.0,-0.047078365336251725,-0.04773193666309217,-0.0006535713268404422,3.0,1.0,0.0
Hard-C8-H64-Trajectory,405,noG,28,160501242,128,8192,229376,28.0,0.0,1.9443857999999992,0.032241371829764005,0.0,0.0,0.0,2.10846440699336,0.0,0.0,0.0,0.0,-0.0010958856421011871,-0.0011139586347024277,-1.807299260124062e-05,3.0,1.0,0.0
Hard-C8-H64-Trajectory,405,noG,29,160501243,128,8192,237568,29.0,0.0,2.0112862000000007,0.0,0.0,0.0,0.0,2.135096902310669,0.0,0.0,0.0,0.0,0.0,0.0,0.0,3.0,1.0,0.0
Hard-C8-H64-Trajectory,405,noG,30,160501244,128,8192,245760,30.0,0.0,2.080805600000005,0.06850434106929405,0.0,0.0,0.0,2.1134665078894455,0.0,0.0,0.0,0.0,-0.007246147531386847,-0.007251293180804197,-5.14564941734956e-06,3.0,1.0,0.0
Hard-C8-H64-Trajectory,405,GDA,1,160501215,128,8192,8192,1.0,0.0,0.02588989999999569,0.01,0.0,0.0,0.0,1.89900613162285,0.0,0.0,0.0,0.0,nan,nan,nan,0.0,1.0,0.0
Hard-C8-H64-Trajectory,405,GDA,2,160501216,128,8192,16384,2.0,0.0,0.06050259999999952,0.01,0.0,0.0,0.0,2.1953305128201164,0.0,0.0,0.0,0.0,nan,nan,nan,0.0,1.0,0.0
Hard-C8-H64-Trajectory,405,GDA,3,160501217,128,8192,24576,3.0,0.0,0.0918111999999951,0.01,0.0,0.0,0.0,1.6552552579759165,0.0,0.0,0.0,0.0,nan,nan,nan,0.0,1.0,0.0
Hard-C8-H64-Trajectory,405,GDA,4,160501218,128,8192,32768,4.0,0.0,0.11808139999999412,0.01,0.0,0.0,0.0,1.8128042535077684,0.0,0.0,0.0,0.0,nan,nan,nan,0.0,1.0,0.0
Hard-C8-H64-Trajectory,405,GDA,5,160501219,128,8192,40960,5.0,0.0,0.14646349999999586,0.01,0.0,0.0,0.0,2.0183556390817956,0.0,0.0,0.0,0.0,nan,nan,nan,0.0,1.0,0.0
Hard-C8-H64-Trajectory,405,GDA,6,160501220,128,8192,49152,6.0,0.0,0.19330509999999634,0.01,0.0,0.0,0.0,2.1931960493444254,0.0,0.0,0.0,0.0,nan,nan,nan,0.0,1.0,0.0
Hard-C8-H64-Trajectory,405,GDA,7,160501221,128,8192,57344,7.0,0.0,0.21879389999999432,0.01,0.0,0.0,0.0,1.9720938729958248,0.0,0.0,0.0,0.0,nan,nan,nan,0.0,1.0,0.0
Hard-C8-H64-Trajectory,405,GDA,8,160501222,128,8192,65536,8.0,0.0,0.24465499999999452,0.01,0.0,0.0,0.0,2.23145617254376,0.0,0.0,0.0,0.0,nan,nan,nan,0.0,1.0,0.0
Hard-C8-H64-Trajectory,405,GDA,9,160501223,128,8192,73728,9.0,0.0,0.2740538999999984,0.01,0.0,0.0,0.0,1.8514358082402669,0.0,0.0,0.0,0.0,nan,nan,nan,0.0,1.0,0.0
Hard-C8-H64-Trajectory,405,GDA,10,160501224,128,8192,81920,10.0,0.0,0.30523069999999564,0.01,0.0,0.0,0.0,2.182933276432147,0.0,0.0,0.0,0.0,nan,nan,nan,0.0,1.0,0.0
Hard-C8-H64-Trajectory,405,GDA,11,160501225,128,8192,90112,11.0,0.0,0.34165459999999825,0.01,0.0,0.0,0.0,2.0706788146437267,0.0,0.0,0.0,0.0,nan,nan,nan,0.0,1.0,0.0
Hard-C8-H64-Trajectory,405,GDA,12,160501226,128,8192,98304,12.0,0.0,0.37498089999999706,0.01,0.0,0.0,0.0,1.9265753193636437,0.0,0.0,0.0,0.0,nan,nan,nan,0.0,1.0,0.0
Hard-C8-H64-Trajectory,405,GDA,13,160501227,128,8192,106496,13.0,0.0,0.4099026999999964,0.01,0.0,0.0,0.0,2.1237734115187714,0.0,0.0,0.0,0.0,nan,nan,nan,0.0,1.0,0.0
Hard-C8-H64-Trajectory,405,GDA,14,160501228,128,8192,114688,14.0,0.0,0.43730349999999873,0.01,0.0,0.0,0.0,1.9748874470854587,0.0,0.0,0.0,0.0,nan,nan,nan,0.0,1.0,0.0
Hard-C8-H64-Trajectory,405,GDA,15,160501229,128,8192,122880,15.0,0.0,0.4650677999999999,0.01,0.0,0.0,0.0,1.785437778902189,0.0,0.0,0.0,0.0,nan,nan,nan,0.0,1.0,0.0
Hard-C8-H64-Trajectory,405,GDA,16,160501230,128,8192,131072,16.0,0.0,0.5024840999999967,0.01,0.0,0.0,0.0,2.3156287165436025,0.0,0.0,0.0,0.0,nan,nan,nan,0.0,1.0,0.0
Hard-C8-H64-Trajectory,405,GDA,17,160501231,128,8192,139264,17.0,0.0,0.5282145999999983,0.01,0.0,0.0,0.0,2.097693830077136,0.0,0.0,0.0,0.0,nan,nan,nan,0.0,1.0,0.0
Hard-C8-H64-Trajectory,405,GDA,18,160501232,128,8192,147456,18.0,0.0,0.5543198999999959,0.01,0.0,0.0,0.0,2.0636858022097186,0.0,0.0,0.0,0.0,nan,nan,nan,0.0,1.0,0.0
Hard-C8-H64-Trajectory,405,GDA,19,160501233,128,8192,155648,19.0,0.0,0.5792791999999949,0.01,0.0,0.0,0.0,1.9771292000462612,0.0,0.0,0.0,0.0,nan,nan,nan,0.0,1.0,0.0
Hard-C8-H64-Trajectory,405,GDA,20,160501234,128,8192,163840,20.0,0.0,0.6074154999999948,0.01,0.0,0.0,0.0,2.15958497094271,0.0,0.0,0.0,0.0,nan,nan,nan,0.0,1.0,0.0
Hard-C8-H64-Trajectory,405,GDA,21,160501235,128,8192,172032,21.0,0.0,0.6518857999999952,0.01,0.0,0.0,0.0,2.085808194599603,0.0,0.0,0.0,0.0,nan,nan,nan,0.0,1.0,0.0
Hard-C8-H64-Trajectory,405,GDA,22,160501236,128,8192,180224,22.0,0.0,0.6789653999999956,0.01,0.0,0.0,0.0,2.050960813314036,0.0,0.0,0.0,0.0,nan,nan,nan,0.0,1.0,0.0
Hard-C8-H64-Trajectory,405,GDA,23,160501237,128,8192,188416,23.0,0.0,0.7066675999999958,0.01,0.0,0.0,0.0,2.12435915971537,0.0,0.0,0.0,0.0,nan,nan,nan,0.0,1.0,0.0
Hard-C8-H64-Trajectory,405,GDA,24,160501238,128,8192,196608,24.0,0.0,0.7353065999999941,0.01,0.0,0.0,0.0,2.3281445031906562,0.0,0.0,0.0,0.0,nan,nan,nan,0.0,1.0,0.0
Hard-C8-H64-Trajectory,405,GDA,25,160501239,128,8192,204800,25.0,0.0,0.7636198999999948,0.01,0.0,0.0,0.0,2.1546919462783136,0.0,0.0,0.0,0.0,nan,nan,nan,0.0,1.0,0.0
Hard-C8-H64-Trajectory,405,GDA,26,160501240,128,8192,212992,26.0,0.0,0.7981642999999963,0.01,0.0,0.0,0.0,2.110287306194471,0.0,0.0,0.0,0.0,nan,nan,nan,0.0,1.0,0.0
Hard-C8-H64-Trajectory,405,GDA,27,160501241,128,8192,221184,27.0,0.0,0.8247448999999989,0.01,0.0,0.0,0.0,2.4846259741005126,0.0,0.0,0.0,0.0,nan,nan,nan,0.0,1.0,0.0
Hard-C8-H64-Trajectory,405,GDA,28,160501242,128,8192,229376,28.0,0.0,0.8538651999999942,0.01,0.0,0.0,0.0,2.212282776202828,0.0,0.0,0.0,0.0,nan,nan,nan,0.0,1.0,0.0
Hard-C8-H64-Trajectory,405,GDA,29,160501243,128,8192,237568,29.0,0.0,0.8811632999999972,0.01,0.0,0.0,0.0,2.2894644574765417,0.0,0.0,0.0,0.0,nan,nan,nan,0.0,1.0,0.0
Hard-C8-H64-Trajectory,405,GDA,30,160501244,128,8192,245760,30.0,0.0,0.910716199999996,0.01,0.0,0.0,0.0,2.142281249907851,0.0,0.0,0.0,0.0,nan,nan,nan,0.0,1.0,0.0
Hard-C8-H64-Trajectory,405,EGM,1,160501215,128,8192,8192,2.0,0.0,0.025246400000000335,0.01,0.0,0.0,0.0,1.89900613162285,0.0,0.0,0.0,0.0,nan,nan,nan,0.0,2.0,0.0
Hard-C8-H64-Trajectory,405,EGM,2,160501216,128,8192,16384,4.0,0.0,0.056345500000006155,0.01,0.0,0.0,0.0,2.188696768866746,0.0,0.0,0.0,0.0,nan,nan,nan,0.0,2.0,0.0
Hard-C8-H64-Trajectory,405,EGM,3,160501217,128,8192,24576,6.0,0.0,0.08768290000000434,0.01,0.0,0.0,0.0,1.6528933673797597,0.0,0.0,0.0,0.0,nan,nan,nan,0.0,2.0,0.0
Hard-C8-H64-Trajectory,405,EGM,4,160501218,128,8192,32768,8.0,0.0,0.11747689999999977,0.01,0.0,0.0,0.0,1.8101392287743012,0.0,0.0,0.0,0.0,nan,nan,nan,0.0,2.0,0.0
Hard-C8-H64-Trajectory,405,EGM,5,160501219,128,8192,40960,10.0,0.0,0.14755670000000265,0.01,0.0,0.0,0.0,2.0210132583484355,0.0,0.0,0.0,0.0,nan,nan,nan,0.0,2.0,0.0
Hard-C8-H64-Trajectory,405,EGM,6,160501220,128,8192,49152,12.0,0.0,0.18613160000000306,0.01,0.0,0.0,0.0,2.1919959620541065,0.0,0.0,0.0,0.0,nan,nan,nan,0.0,2.0,0.0
Hard-C8-H64-Trajectory,405,EGM,7,160501221,128,8192,57344,14.0,0.0,0.22059520000000532,0.01,0.0,0.0,0.0,1.984294345108404,0.0,0.0,0.0,0.0,nan,nan,nan,0.0,2.0,0.0
Hard-C8-H64-Trajectory,405,EGM,8,160501222,128,8192,65536,16.0,0.0,0.25401719999999983,0.01,0.0,0.0,0.0,2.196855499778312,0.0,0.0,0.0,0.0,nan,nan,nan,0.0,2.0,0.0
Hard-C8-H64-Trajectory,405,EGM,9,160501223,128,8192,73728,18.0,0.0,0.2821680999999998,0.01,0.0,0.0,0.0,1.8517432115866022,0.0,0.0,0.0,0.0,nan,nan,nan,0.0,2.0,0.0
Hard-C8-H64-Trajectory,405,EGM,10,160501224,128,8192,81920,20.0,0.0,0.3091134000000011,0.01,0.0,0.0,0.0,2.1889209622449695,0.0,0.0,0.0,0.0,nan,nan,nan,0.0,2.0,0.0
Hard-C8-H64-Trajectory,405,EGM,11,160501225,128,8192,90112,22.0,0.0,0.34808800000000417,0.01,0.0,0.0,0.0,2.08531917854458,0.0,0.0,0.0,0.0,nan,nan,nan,0.0,2.0,0.0
Hard-C8-H64-Trajectory,405,EGM,12,160501226,128,8192,98304,24.0,0.0,0.37783940000000626,0.01,0.0,0.0,0.0,1.9175080976291865,0.0,0.0,0.0,0.0,nan,nan,nan,0.0,2.0,0.0
Hard-C8-H64-Trajectory,405,EGM,13,160501227,128,8192,106496,26.0,0.0,0.40941680000000247,0.01,0.0,0.0,0.0,2.106161546115651,0.0,0.0,0.0,0.0,nan,nan,nan,0.0,2.0,0.0
Hard-C8-H64-Trajectory,405,EGM,14,160501228,128,8192,114688,28.0,0.0,0.4432378000000057,0.01,0.0,0.0,0.0,1.9588654283571705,0.0,0.0,0.0,0.0,nan,nan,nan,0.0,2.0,0.0
Hard-C8-H64-Trajectory,405,EGM,15,160501229,128,8192,122880,30.0,0.0,0.47465980000000485,0.01,0.0,0.0,0.0,1.818584943197174,0.0,0.0,0.0,0.0,nan,nan,nan,0.0,2.0,0.0
Hard-C8-H64-Trajectory,405,EGM,16,160501230,128,8192,131072,32.0,0.0,0.5168971000000013,0.01,0.0,0.0,0.0,2.2892882865247457,0.0,0.0,0.0,0.0,nan,nan,nan,0.0,2.0,0.0
Hard-C8-H64-Trajectory,405,EGM,17,160501231,128,8192,139264,34.0,0.0,0.5485717000000037,0.01,0.0,0.0,0.0,2.0966367979992357,0.0,0.0,0.0,0.0,nan,nan,nan,0.0,2.0,0.0
Hard-C8-H64-Trajectory,405,EGM,18,160501232,128,8192,147456,36.0,0.0,0.5798778000000055,0.01,0.0,0.0,0.0,2.06496427758629,0.0,0.0,0.0,0.0,nan,nan,nan,0.0,2.0,0.0
Hard-C8-H64-Trajectory,405,EGM,19,160501233,128,8192,155648,38.0,0.0,0.6236709000000005,0.01,0.0,0.0,0.0,1.973863591158887,0.0,0.0,0.0,0.0,nan,nan,nan,0.0,2.0,0.0
Hard-C8-H64-Trajectory,405,EGM,20,160501234,128,8192,163840,40.0,0.0,0.6538804000000056,0.01,0.0,0.0,0.0,2.126978741280343,0.0,0.0,0.0,0.0,nan,nan,nan,0.0,2.0,0.0
Hard-C8-H64-Trajectory,405,EGM,21,160501235,128,8192,172032,42.0,0.0,0.6930372000000062,0.01,0.0,0.0,0.0,2.104797361540063,0.0,0.0,0.0,0.0,nan,nan,nan,0.0,2.0,0.0
Hard-C8-H64-Trajectory,405,EGM,22,160501236,128,8192,180224,44.0,0.0,0.723800500000003,0.01,0.0,0.0,0.0,2.0345162512875996,0.0,0.0,0.0,0.0,nan,nan,nan,0.0,2.0,0.0
Hard-C8-H64-Trajectory,405,EGM,23,160501237,128,8192,188416,46.0,0.0,0.7538270000000011,0.01,0.0,0.0,0.0,2.0801087325620253,0.0,0.0,0.0,0.0,nan,nan,nan,0.0,2.0,0.0
Hard-C8-H64-Trajectory,405,EGM,24,160501238,128,8192,196608,48.0,0.0,0.7861390000000057,0.01,0.0,0.0,0.0,2.332382563026534,0.0,0.0,0.0,0.0,nan,nan,nan,0.0,2.0,0.0
Hard-C8-H64-Trajectory,405,EGM,25,160501239,128,8192,204800,50.0,0.0,0.8168148000000031,0.01,0.0,0.0,0.0,2.1423510690990986,0.0,0.0,0.0,0.0,nan,nan,nan,0.0,2.0,0.0
Hard-C8-H64-Trajectory,405,EGM,26,160501240,128,8192,212992,52.0,0.0,0.8590308000000064,0.01,0.0,0.0,0.0,2.1259989315190544,0.0,0.0,0.0,0.0,nan,nan,nan,0.0,2.0,0.0
Hard-C8-H64-Trajectory,405,EGM,27,160501241,128,8192,221184,54.0,0.0,0.8925959000000034,0.01,0.0,0.0,0.0,2.455311422143022,0.0,0.0,0.0,0.0,nan,nan,nan,0.0,2.0,0.0
Hard-C8-H64-Trajectory,405,EGM,28,160501242,128,8192,229376,56.0,0.0,0.9262382000000002,0.01,0.0,0.0,0.0,2.189338240658043,0.0,0.0,0.0,0.0,nan,nan,nan,0.0,2.0,0.0
Hard-C8-H64-Trajectory,405,EGM,29,160501243,128,8192,237568,58.0,0.0,0.9684343000000055,0.01,0.0,0.0,0.0,2.2917782368536472,0.0,0.0,0.0,0.0,nan,nan,nan,0.0,2.0,0.0
Hard-C8-H64-Trajectory,405,EGM,30,160501244,128,8192,245760,60.0,0.0,0.9996598000000034,0.01,0.0,0.0,0.0,2.128062758844073,0.0,0.0,0.0,0.0,nan,nan,nan,0.0,2.0,0.0
Hard-C8-H64-Trajectory,405,PPM-3,1,160501215,128,8192,8192,3.0,0.0,0.026749100000003523,0.01,0.0,0.0,0.0,1.89900613162285,0.0,0.0,0.0,0.0,nan,nan,nan,0.0,3.0,0.0
Hard-C8-H64-Trajectory,405,PPM-3,2,160501216,128,8192,16384,6.0,0.0,0.06086650000000304,0.01,0.0,0.0,0.0,2.1886662506796797,0.0,0.0,0.0,0.0,nan,nan,nan,0.0,3.0,0.0
Hard-C8-H64-Trajectory,405,PPM-3,3,160501217,128,8192,24576,9.0,0.0,0.09406560000000042,0.01,0.0,0.0,0.0,1.6527391541440417,0.0,0.0,0.0,0.0,nan,nan,nan,0.0,3.0,0.0
Hard-C8-H64-Trajectory,405,PPM-3,4,160501218,128,8192,32768,12.0,0.0,0.12784760000000261,0.01,0.0,0.0,0.0,1.8115263069558942,0.0,0.0,0.0,0.0,nan,nan,nan,0.0,3.0,0.0
Hard-C8-H64-Trajectory,405,PPM-3,5,160501219,128,8192,40960,15.0,0.0,0.16150580000000048,0.01,0.0,0.0,0.0,2.021370413599052,0.0,0.0,0.0,0.0,nan,nan,nan,0.0,3.0,0.0
Hard-C8-H64-Trajectory,405,PPM-3,6,160501220,128,8192,49152,18.0,0.0,0.21131860000000557,0.01,0.0,0.0,0.0,2.1919637291782723,0.0,0.0,0.0,0.0,nan,nan,nan,0.0,3.0,0.0
Hard-C8-H64-Trajectory,405,PPM-3,7,160501221,128,8192,57344,21.0,0.0,0.2432370000000006,0.01,0.0,0.0,0.0,1.9826703596363808,0.0,0.0,0.0,0.0,nan,nan,nan,0.0,3.0,0.0
Hard-C8-H64-Trajectory,405,PPM-3,8,160501222,128,8192,65536,24.0,0.0,0.2750880000000038,0.01,0.0,0.0,0.0,2.198954942210973,0.0,0.0,0.0,0.0,nan,nan,nan,0.0,3.0,0.0
Hard-C8-H64-Trajectory,405,PPM-3,9,160501223,128,8192,73728,27.0,0.0,0.3076399000000052,0.01,0.0,0.0,0.0,1.8520119126529453,0.0,0.0,0.0,0.0,nan,nan,nan,0.0,3.0,0.0
Hard-C8-H64-Trajectory,405,PPM-3,10,160501224,128,8192,81920,30.0,0.0,0.3435698000000045,0.01,0.0,0.0,0.0,2.188968065972043,0.0,0.0,0.0,0.0,nan,nan,nan,0.0,3.0,0.0
Hard-C8-H64-Trajectory,405,PPM-3,11,160501225,128,8192,90112,33.0,0.0,0.3926184000000035,0.01,0.0,0.0,0.0,2.085148479510631,0.0,0.0,0.0,0.0,nan,nan,nan,0.0,3.0,0.0
Hard-C8-H64-Trajectory,405,PPM-3,12,160501226,128,8192,98304,36.0,0.0,0.42591230000000024,0.01,0.0,0.0,0.0,1.924718732966966,0.0,0.0,0.0,0.0,nan,nan,nan,0.0,3.0,0.0
Hard-C8-H64-Trajectory,405,PPM-3,13,160501227,128,8192,106496,39.0,0.0,0.45898150000000015,0.01,0.0,0.0,0.0,2.108466621694989,0.0,0.0,0.0,0.0,nan,nan,nan,0.0,3.0,0.0
Hard-C8-H64-Trajectory,405,PPM-3,14,160501228,128,8192,114688,42.0,0.0,0.49249900000000224,0.01,0.0,0.0,0.0,1.9535473648442179,0.0,0.0,0.0,0.0,nan,nan,nan,0.0,3.0,0.0
Hard-C8-H64-Trajectory,405,PPM-3,15,160501229,128,8192,122880,45.0,0.0,0.5287588000000056,0.01,0.0,0.0,0.0,1.8135131011148946,0.0,0.0,0.0,0.0,nan,nan,nan,0.0,3.0,0.0
Hard-C8-H64-Trajectory,405,PPM-3,16,160501230,128,8192,131072,48.0,0.0,0.573001700000006,0.01,0.0,0.0,0.0,2.291393361855091,0.0,0.0,0.0,0.0,nan,nan,nan,0.0,3.0,0.0
Hard-C8-H64-Trajectory,405,PPM-3,17,160501231,128,8192,139264,51.0,0.0,0.6094725000000025,0.01,0.0,0.0,0.0,2.0851272262457323,0.0,0.0,0.0,0.0,nan,nan,nan,0.0,3.0,0.0
Hard-C8-H64-Trajectory,405,PPM-3,18,160501232,128,8192,147456,54.0,0.0,0.6446229000000017,0.01,0.0,0.0,0.0,2.065348638639999,0.0,0.0,0.0,0.0,nan,nan,nan,0.0,3.0,0.0
Hard-C8-H64-Trajectory,405,PPM-3,19,160501233,128,8192,155648,57.0,0.0,0.6791644000000048,0.01,0.0,0.0,0.0,1.9753104213472772,0.0,0.0,0.0,0.0,nan,nan,nan,0.0,3.0,0.0
Hard-C8-H64-Trajectory,405,PPM-3,20,160501234,128,8192,163840,60.0,0.0,0.7142944,0.01,0.0,0.0,0.0,2.1301829426240815,0.0,0.0,0.0,0.0,nan,nan,nan,0.0,3.0,0.0
Hard-C8-H64-Trajectory,405,PPM-3,21,160501235,128,8192,172032,63.0,0.0,0.7601528000000002,0.01,0.0,0.0,0.0,2.0993638387477978,0.0,0.0,0.0,0.0,nan,nan,nan,0.0,3.0,0.0
Hard-C8-H64-Trajectory,405,PPM-3,22,160501236,128,8192,180224,66.0,0.0,0.7994951000000015,0.01,0.0,0.0,0.0,2.0371631110541983,0.0,0.0,0.0,0.0,nan,nan,nan,0.0,3.0,0.0
Hard-C8-H64-Trajectory,405,PPM-3,23,160501237,128,8192,188416,69.0,0.0,0.8360256000000064,0.01,0.0,0.0,0.0,2.0810650627010303,0.0,0.0,0.0,0.0,nan,nan,nan,0.0,3.0,0.0
Hard-C8-H64-Trajectory,405,PPM-3,24,160501238,128,8192,196608,72.0,0.0,0.8735728000000051,0.01,0.0,0.0,0.0,2.3354028517579577,0.0,0.0,0.0,0.0,nan,nan,nan,0.0,3.0,0.0
Hard-C8-H64-Trajectory,405,PPM-3,25,160501239,128,8192,204800,75.0,0.0,0.9069491000000056,0.01,0.0,0.0,0.0,2.1356841781282307,0.0,0.0,0.0,0.0,nan,nan,nan,0.0,3.0,0.0
Hard-C8-H64-Trajectory,405,PPM-3,26,160501240,128,8192,212992,78.0,0.0,0.954909200000003,0.01,0.0,0.0,0.0,2.127708206837325,0.0,0.0,0.0,0.0,nan,nan,nan,0.0,3.0,0.0
Hard-C8-H64-Trajectory,405,PPM-3,27,160501241,128,8192,221184,81.0,0.0,0.9935880000000026,0.01,0.0,0.0,0.0,2.4581122496246337,0.0,0.0,0.0,0.0,nan,nan,nan,0.0,3.0,0.0
Hard-C8-H64-Trajectory,405,PPM-3,28,160501242,128,8192,229376,84.0,0.0,1.0317527000000055,0.01,0.0,0.0,0.0,2.1937209610346704,0.0,0.0,0.0,0.0,nan,nan,nan,0.0,3.0,0.0
Hard-C8-H64-Trajectory,405,PPM-3,29,160501243,128,8192,237568,87.0,0.0,1.0689752000000041,0.01,0.0,0.0,0.0,2.287917140737349,0.0,0.0,0.0,0.0,nan,nan,nan,0.0,3.0,0.0
Hard-C8-H64-Trajectory,405,PPM-3,30,160501244,128,8192,245760,90.0,0.0,1.1075791000000024,0.01,0.0,0.0,0.0,2.1037761052921717,0.0,0.0,0.0,0.0,nan,nan,nan,0.0,3.0,0.0
Hard-C8-H64-Trajectory,406,QP+G,1,160601218,128,8192,8192,1.0,1.0,0.11411999999999978,0.08,0.01548089305693456,5.167660528742206,0.0700483247958494,2.055212862934957,10.620642389952243,1.0,0.0,0.0,-0.05093202263188078,-0.05341809766589156,-0.0024860750340107846,5.0,1.0,1.0
Hard-C8-H64-Trajectory,406,QP+G,2,160601219,128,8192,16384,2.0,2.0,0.23895250000000345,0.06483371251607409,0.01749882821166464,4.5717346917362365,-0.06732034601391626,2.0206181628893467,9.237730154033567,1.0,0.0,0.0,-0.049928013009497896,-0.04869078615155953,0.0012372268579383672,5.0,1.0,1.0
Hard-C8-H64-Trajectory,406,QP+G,3,160601220,128,8192,24576,3.0,3.0,0.3483906000000019,0.030281450384725708,0.01612017966973652,4.962723842972376,0.14394595779211591,2.239448850731444,11.11376620664202,1.0,0.0,0.0,-0.03662809725437399,-0.03902738415920126,-0.002399286904827269,5.0,1.0,1.0
Hard-C8-H64-Trajectory,406,QP+G,4,160601221,128,8192,32768,4.0,4.0,0.4681549000000018,0.08,0.0,5.80959804953261,-0.05796396660043425,2.0688460807631537,12.019164155584804,0.0,0.0,0.0,-0.010320080170419885,-0.009363921837090672,0.0009561583333292135,5.0,1.0,1.0
Hard-C8-H64-Trajectory,406,QP+G,5,160601222,128,8192,40960,5.0,5.0,0.582153500000004,0.08,0.010762093514135731,5.524001285289572,-0.04091966993528696,1.9818239926481862,10.947598282606291,1.0,0.0,0.0,-0.034961408496003904,-0.03665139585083743,-0.0016899873548335276,5.0,1.0,1.0
Hard-C8-H64-Trajectory,406,QP+G,6,160601223,128,8192,49152,6.0,6.0,0.6951155,0.07870771510621022,0.0,5.9704889488999715,0.19058643901701505,2.1681810675402757,12.94510110296336,0.0,1.0,0.0,-0.021668608106120354,-0.0138100803245087,0.007858527781611654,5.0,1.0,1.0
Hard-C8-H64-Trajectory,406,QP+G,7,160601224,128,8192,57344,7.0,7.0,0.8107836000000006,0.08,0.0,5.325227512164446,0.11432850786918378,2.204076543709306,11.73720904947712,0.0,0.0,0.0,-0.014810552385518372,-0.01511046963463869,-0.00029991724912031836,5.0,1.0,1.0
Hard-C8-H64-Trajectory,406,QP+G,8,160601225,128,8192,65536,8.0,8.0,0.9233975000000001,0.0,0.007713421749281343,5.304944145185163,-0.14282088268296927,2.1618840070994505,11.46867390603167,1.0,0.0,0.0,-0.002011382645410526,-0.001878493916664059,0.0001328887287464671,5.0,1.0,1.0
Hard-C8-H64-Trajectory,406,QP+G,9,160601226,128,8192,73728,9.0,9.0,1.0354019000000036,0.08,0.0,4.45375339938609,0.11615664476100133,2.166497894481149,9.649047362308224,0.0,0.0,0.0,-0.04885501740677885,-0.04895037518690426,-9.535778012541296e-05,5.0,1.0,1.0
Hard-C8-H64-Trajectory,406,QP+G,10,160601227,128,8192,81920,10.0,10.0,1.1529238000000035,0.08,0.01382982807315719,5.784598302799938,-0.05430714104675528,2.2982085054565804,13.294213020144516,1.0,0.0,0.0,-0.1361220367464891,-0.13178225600590743,0.004339780740581667,5.0,1.0,1.0
Hard-C8-H64-Trajectory,406,QP+G,11,160601228,128,8192,90112,11.0,11.0,1.2878287999999998,0.0,0.0,6.266962413323872,-0.2908890612489514,2.051516280416176,12.856775419690171,0.0,0.0,0.0,0.0,0.0,0.0,5.0,1.0,1.0
Hard-C8-H64-Trajectory,406,QP+G,12,160601229,128,8192,98304,12.0,12.0,1.3911529000000016,0.0,0.0,5.233958559646684,0.05998802200751586,1.9734216755693244,10.328807270638366,0.0,1.0,0.0,-0.008719667122104695,0.0,0.008719667122104695,5.0,1.0,1.0
Hard-C8-H64-Trajectory,406,QP+G,13,160601230,128,8192,106496,13.0,13.0,1.5046597999999989,0.0,0.012027162789544982,6.651610309086587,0.19728353669262727,2.528692357692208,16.819876154933958,1.0,0.0,0.0,-0.028574130817990415,-0.0281719140328498,0.0004022167851406161,5.0,1.0,1.0
Hard-C8-H64-Trajectory,406,QP+G,14,160601231,128,8192,114688,14.0,14.0,1.6134078999999986,0.08,0.0,5.19840594124073,-0.007991553301568274,2.099078307765157,10.91186114621593,0.0,1.0,0.0,-0.01746159804087273,-0.017759536279962074,-0.00029793823908934314,5.0,1.0,1.0
Hard-C8-H64-Trajectory,406,QP+G,15,160601232,128,8192,122880,15.0,15.0,1.7204498000000044,0.0,0.01837064629725531,4.354773300052732,0.28441058985893486,2.0355463204579376,8.864342767350808,1.0,0.0,0.0,-0.03640814632605968,-0.03657920034011353,-0.00017105401405384524,5.0,1.0,1.0
Hard-C8-H64-Trajectory,406,QP+G,16,160601233,128,8192,131072,16.0,16.0,1.8601871000000045,0.06954462455579527,0.014722916389789053,5.433706059451868,0.17727706157190282,2.3824371143450884,12.94546298447993,1.0,0.0,0.0,-0.030037902880640233,-0.034533433829610605,-0.004495530948970372,5.0,1.0,1.0
Hard-C8-H64-Trajectory,406,QP+G,17,160601234,128,8192,139264,17.0,17.0,1.9593167000000022,0.03328612683156945,0.0,5.736073009782829,-0.23130945430579483,2.13569396009537,12.250496481659258,0.0,1.0,0.0,-0.0201564814296739,-0.0022574692931436324,0.01789901213653027,5.0,1.0,1.0
Hard-C8-H64-Trajectory,406,QP+G,18,160601235,128,8192,147456,18.0,18.0,2.070305099999999,0.01628098317312926,0.015154596427563742,5.2789264552431785,0.0286260954151915,2.2281595984689218,11.762290650861608,1.0,0.0,0.0,-0.05564351033543121,-0.05154881163986058,0.00409469869557063,5.0,1.0,1.0
Hard-C8-H64-Trajectory,406,QP+G,19,160601236,128,8192,155648,19.0,19.0,2.1780383999999984,0.0,0.01357248742020362,5.89427696804598,-0.1737106297744005,2.0108422415917495,11.8524611109882,1.0,0.0,0.0,-0.01934318754513365,-0.017142888684261948,0.0022002988608717036,5.0,1.0,1.0
Hard-C8-H64-Trajectory,406,QP+G,20,160601237,128,8192,163840,20.0,20.0,2.2903036000000014,0.046929447885668225,0.0,4.964202392974009,-0.21067988540467553,1.9561159296325652,9.710555378816558,0.0,0.0,0.0,-0.0036269865894375353,-0.003350449853706916,0.0002765367357306192,5.0,1.0,1.0
Hard-C8-H64-Trajectory,406,QP+G,21,160601238,128,8192,172032,21.0,21.0,2.4123610999999983,0.0,0.0,5.095940725679038,-0.3776669892290506,2.0486419666824522,10.439758030352309,0.0,0.0,0.0,0.0,0.0,0.0,5.0,1.0,1.0
Hard-C8-H64-Trajectory,406,QP+G,22,160601239,128,8192,180224,22.0,22.0,2.5141999000000013,0.08,0.0,4.869047855320956,0.06717354785352338,2.0008340319055775,9.742156651903034,0.0,1.0,0.0,-0.024636180094235714,-0.02273596884329221,0.0019002112509435044,5.0,1.0,1.0
Hard-C8-H64-Trajectory,406,QP+G,23,160601240,128,8192,188416,23.0,23.0,2.6300985000000026,0.08,0.0,5.531489240850183,-0.22729167479382623,2.1010453316903535,11.621909646783694,0.0,0.0,0.0,-0.00885570692175822,-0.008677024006539913,0.00017868291521830684,5.0,1.0,1.0
Hard-C8-H64-Trajectory,406,QP+G,24,160601241,128,8192,196608,24.0,24.0,2.7418875999999983,0.03647410732984549,0.0,6.776912707364215,0.013312318309332721,2.112007852347988,14.312892852630084,0.0,0.0,0.0,-0.002979768653937248,-0.00243053419536432,0.0005492344585729279,5.0,1.0,1.0
Hard-C8-H64-Trajectory,406,QP+G,25,160601242,128,8192,204800,25.0,25.0,2.847819600000001,0.08,0.0,4.690379597477717,0.20422781676233487,1.8933457692380784,8.880510367005037,0.0,0.0,0.0,-0.0739413086167701,-0.07392733837104215,1.3970245727953912e-05,5.0,1.0,1.0
Hard-C8-H64-Trajectory,406,QP+G,26,160601243,128,8192,212992,26.0,26.0,2.9670904000000036,0.08,0.0,6.1189134702326315,0.040873847391824356,2.3874549836831553,14.608630459232886,0.0,0.0,0.0,-0.04156902684426987,-0.041297408576296935,0.00027161826797293676,5.0,1.0,1.0
Hard-C8-H64-Trajectory,406,QP+G,27,160601244,128,8192,221184,27.0,27.0,3.091725699999998,0.0,0.0,7.928358079334513,0.1932716775935412,2.083259985696803,16.51683113895355,0.0,0.0,0.0,0.0,0.0,0.0,5.0,1.0,1.0
Hard-C8-H64-Trajectory,406,QP+G,28,160601245,128,8192,229376,28.0,28.0,3.210782800000004,0.06660130974155537,0.0014355692101813582,5.684117502897765,0.15088477781861057,2.2510973458401202,12.795501824216531,1.0,0.0,0.0,-0.012460798399546651,-0.012670841045254733,-0.00021004264570808132,5.0,1.0,1.0
Hard-C8-H64-Trajectory,406,QP+G,29,160601246,128,8192,237568,29.0,29.0,3.317595600000004,0.0,0.01062514159817138,7.52931142242549,0.10782066335630358,2.2650465211358335,17.05424064391315,1.0,0.0,0.0,-0.03715934456531499,-0.03695227178779259,0.00020707277752240322,5.0,1.0,1.0
Hard-C8-H64-Trajectory,406,QP+G,30,160601247,128,8192,245760,30.0,30.0,3.445013100000004,0.08,0.0,6.106744350329609,0.0911856796741631,2.1532407285084285,13.149290653718458,0.0,0.0,0.0,-0.029967622764472346,-0.02739878409732821,0.0025688386671441354,5.0,1.0,1.0
Hard-C8-H64-Trajectory,406,noG,1,160601218,128,8192,8192,1.0,0.0,0.07245680000000476,0.08,0.0,0.0,0.0,2.055212862934957,0.0,0.0,0.0,0.0,-0.03142341167805548,-0.03150768995475817,-8.427827670268867e-05,3.0,1.0,0.0
Hard-C8-H64-Trajectory,406,noG,2,160601219,128,8192,16384,2.0,0.0,0.15895410000000254,0.08,0.0,0.0,0.0,1.9158632927542067,0.0,0.0,0.0,0.0,-0.00804080977268712,-0.008077561699501246,-3.6751926814125244e-05,3.0,1.0,0.0
Hard-C8-H64-Trajectory,406,noG,3,160601220,128,8192,24576,3.0,0.0,0.23596650000000352,0.08,0.0,0.0,0.0,2.308550550138658,0.0,0.0,0.0,0.0,-0.019238770112247502,-0.01920137151476231,3.739859748519078e-05,3.0,1.0,0.0
Hard-C8-H64-Trajectory,406,noG,4,160601221,128,8192,32768,4.0,0.0,0.3026316000000051,0.08,0.0,0.0,0.0,2.059475119764715,0.0,0.0,0.0,0.0,-0.014434171348813779,-0.014335637345664676,9.853400314910332e-05,3.0,1.0,0.0
Hard-C8-H64-Trajectory,406,noG,5,160601222,128,8192,40960,5.0,0.0,0.3758100000000013,0.08,0.0,0.0,0.0,1.9826302907842877,0.0,0.0,0.0,0.0,-0.03709825134459891,-0.03692950181716537,0.00016874952743354404,3.0,1.0,0.0
Hard-C8-H64-Trajectory,406,noG,6,160601223,128,8192,49152,6.0,0.0,0.45748790000000383,0.08,0.0,0.0,0.0,1.9642565919746693,0.0,0.0,0.0,0.0,-0.027143539018612058,-0.027763218610744822,-0.0006196795921327644,3.0,1.0,0.0
Hard-C8-H64-Trajectory,406,noG,7,160601224,128,8192,57344,7.0,0.0,0.5318027000000001,0.08,0.0,0.0,0.0,1.9878772233513629,0.0,0.0,0.0,0.0,-0.01235945278778088,-0.012808368195703856,-0.00044891540792297603,3.0,1.0,0.0
Hard-C8-H64-Trajectory,406,noG,8,160601225,128,8192,65536,8.0,0.0,0.6050467000000026,0.018491689877011778,0.0,0.0,0.0,2.100028583536424,0.0,0.0,0.0,0.0,-0.0004268268817150208,-0.0004288094353901428,-1.9825536751220084e-06,3.0,1.0,0.0
Hard-C8-H64-Trajectory,406,noG,9,160601226,128,8192,73728,9.0,0.0,0.6829031999999984,0.08,0.0,0.0,0.0,2.0281473211293455,0.0,0.0,0.0,0.0,-0.05832901438631265,-0.058306743793487215,2.2270592825432423e-05,3.0,1.0,0.0
Hard-C8-H64-Trajectory,406,noG,10,160601227,128,8192,81920,10.0,0.0,0.7526307999999986,0.08,0.0,0.0,0.0,2.232452844680971,0.0,0.0,0.0,0.0,-0.01026308527831276,-0.010319251008587216,-5.616573027445587e-05,3.0,1.0,0.0
Hard-C8-H64-Trajectory,406,noG,11,160601228,128,8192,90112,11.0,0.0,0.838810500000001,0.0,0.0,0.0,0.0,2.0918608101221245,0.0,0.0,0.0,0.0,0.0,0.0,0.0,3.0,1.0,0.0
Hard-C8-H64-Trajectory,406,noG,12,160601229,128,8192,98304,12.0,0.0,0.913367700000002,0.0,0.0,0.0,0.0,1.8818361326746618,0.0,0.0,0.0,0.0,0.0,0.0,0.0,3.0,1.0,0.0
Hard-C8-H64-Trajectory,406,noG,13,160601230,128,8192,106496,13.0,0.0,0.9841908000000004,0.0,0.0,0.0,0.0,2.3959317466541794,0.0,0.0,0.0,0.0,0.0,0.0,0.0,3.0,1.0,0.0
Hard-C8-H64-Trajectory,406,noG,14,160601231,128,8192,114688,14.0,0.0,1.052071699999999,0.0580851200781073,0.0,0.0,0.0,2.1277994359695587,0.0,0.0,0.0,0.0,-0.0052551448719468695,-0.0054259107461303024,-0.0001707658741834329,3.0,1.0,0.0
Hard-C8-H64-Trajectory,406,noG,15,160601232,128,8192,122880,15.0,0.0,1.1227262000000024,0.0,0.0,0.0,0.0,1.8469043599807944,0.0,0.0,0.0,0.0,0.0,0.0,0.0,3.0,1.0,0.0
Hard-C8-H64-Trajectory,406,noG,16,160601233,128,8192,131072,16.0,0.0,1.209415700000001,0.06433496398960788,0.0,0.0,0.0,2.313059109565845,0.0,0.0,0.0,0.0,-0.0034685231368475466,-0.00349462250110788,-2.6099364260333616e-05,3.0,1.0,0.0
Hard-C8-H64-Trajectory,406,noG,17,160601234,128,8192,139264,17.0,0.0,1.2956422000000032,0.07225233499907223,0.0,0.0,0.0,2.326051823467335,0.0,0.0,0.0,0.0,-0.012647511025451573,-0.012439403384242986,0.000208107641208587,3.0,1.0,0.0
Hard-C8-H64-Trajectory,406,noG,18,160601235,128,8192,147456,18.0,0.0,1.3643478999999985,0.0,0.0,0.0,0.0,2.125159432973634,0.0,0.0,0.0,0.0,0.0,0.0,0.0,3.0,1.0,0.0
Hard-C8-H64-Trajectory,406,noG,19,160601236,128,8192,155648,19.0,0.0,1.4321703000000028,0.0,0.0,0.0,0.0,1.9856126623380506,0.0,0.0,0.0,0.0,0.0,0.0,0.0,3.0,1.0,0.0
Hard-C8-H64-Trajectory,406,noG,20,160601237,128,8192,163840,20.0,0.0,1.4987274,0.08,0.0,0.0,0.0,2.0646674136231438,0.0,0.0,0.0,0.0,-0.028727529892996817,-0.028657900583655582,6.962930934123479e-05,3.0,1.0,0.0
Hard-C8-H64-Trajectory,406,noG,21,160601238,128,8192,172032,21.0,0.0,1.5788547000000008,0.0,0.0,0.0,0.0,2.330771888139878,0.0,0.0,0.0,0.0,0.0,0.0,0.0,3.0,1.0,0.0
Hard-C8-H64-Trajectory,406,noG,22,160601239,128,8192,180224,22.0,0.0,1.647554900000003,0.08,0.0,0.0,0.0,2.0326363293193173,0.0,0.0,0.0,0.0,-0.04007224078934823,-0.040017756784847425,5.4484004500802985e-05,3.0,1.0,0.0
Hard-C8-H64-Trajectory,406,noG,23,160601240,128,8192,188416,23.0,0.0,1.720127000000005,0.0,0.0,0.0,0.0,2.2447848806087185,0.0,0.0,0.0,0.0,0.0,0.0,0.0,3.0,1.0,0.0
Hard-C8-H64-Trajectory,406,noG,24,160601241,128,8192,196608,24.0,0.0,1.7949953000000036,0.0,0.0,0.0,0.0,2.2662577775490336,0.0,0.0,0.0,0.0,0.0,0.0,0.0,3.0,1.0,0.0
Hard-C8-H64-Trajectory,406,noG,25,160601242,128,8192,204800,25.0,0.0,1.8625438999999986,0.08,0.0,0.0,0.0,2.04148749176711,0.0,0.0,0.0,0.0,-0.11125470913598545,-0.110831238091329,0.0004234710446564538,3.0,1.0,0.0
Hard-C8-H64-Trajectory,406,noG,26,160601243,128,8192,212992,26.0,0.0,1.9394837000000038,0.08,0.0,0.0,0.0,2.474758205372734,0.0,0.0,0.0,0.0,-0.059198724951004714,-0.05972645284802791,-0.0005277278970231974,3.0,1.0,0.0
Hard-C8-H64-Trajectory,406,noG,27,160601244,128,8192,221184,27.0,0.0,2.0076177999999985,0.0,0.0,0.0,0.0,2.1022444036451624,0.0,0.0,0.0,0.0,0.0,0.0,0.0,3.0,1.0,0.0
Hard-C8-H64-Trajectory,406,noG,28,160601245,128,8192,229376,28.0,0.0,2.085903800000004,0.017911547928242913,0.0,0.0,0.0,2.2144624424747104,0.0,0.0,0.0,0.0,-0.0005746687248035959,-0.0005525641144914495,2.210461031214642e-05,3.0,1.0,0.0
Hard-C8-H64-Trajectory,406,noG,29,160601246,128,8192,237568,29.0,0.0,2.1624729999999985,0.0,0.0,0.0,0.0,2.385896716546455,0.0,0.0,0.0,0.0,0.0,0.0,0.0,3.0,1.0,0.0
Hard-C8-H64-Trajectory,406,noG,30,160601247,128,8192,245760,30.0,0.0,2.233937400000002,0.08,0.0,0.0,0.0,2.022554307390999,0.0,0.0,0.0,0.0,-0.05294479540201541,-0.05348719364880328,-0.0005423982467878674,3.0,1.0,0.0
Hard-C8-H64-Trajectory,406,GDA,1,160601218,128,8192,8192,1.0,0.0,0.02172000000000196,0.01,0.0,0.0,0.0,2.055212862934957,0.0,0.0,0.0,0.0,nan,nan,nan,0.0,1.0,0.0
Hard-C8-H64-Trajectory,406,GDA,2,160601219,128,8192,16384,2.0,0.0,0.05197379999999896,0.01,0.0,0.0,0.0,1.936210098578094,0.0,0.0,0.0,0.0,nan,nan,nan,0.0,1.0,0.0
Hard-C8-H64-Trajectory,406,GDA,3,160601220,128,8192,24576,3.0,0.0,0.08455450000000297,0.01,0.0,0.0,0.0,2.3610818335692483,0.0,0.0,0.0,0.0,nan,nan,nan,0.0,1.0,0.0
Hard-C8-H64-Trajectory,406,GDA,4,160601221,128,8192,32768,4.0,0.0,0.1114727000000002,0.01,0.0,0.0,0.0,2.014862772794586,0.0,0.0,0.0,0.0,nan,nan,nan,0.0,1.0,0.0
Hard-C8-H64-Trajectory,406,GDA,5,160601222,128,8192,40960,5.0,0.0,0.1417773000000011,0.01,0.0,0.0,0.0,2.0838220588279768,0.0,0.0,0.0,0.0,nan,nan,nan,0.0,1.0,0.0
Hard-C8-H64-Trajectory,406,GDA,6,160601223,128,8192,49152,6.0,0.0,0.19198250000000172,0.01,0.0,0.0,0.0,2.063557490696685,0.0,0.0,0.0,0.0,nan,nan,nan,0.0,1.0,0.0
Hard-C8-H64-Trajectory,406,GDA,7,160601224,128,8192,57344,7.0,0.0,0.22165010000000507,0.01,0.0,0.0,0.0,2.1823470460406873,0.0,0.0,0.0,0.0,nan,nan,nan,0.0,1.0,0.0
Hard-C8-H64-Trajectory,406,GDA,8,160601225,128,8192,65536,8.0,0.0,0.2515225000000001,0.01,0.0,0.0,0.0,1.9288943470126787,0.0,0.0,0.0,0.0,nan,nan,nan,0.0,1.0,0.0
Hard-C8-H64-Trajectory,406,GDA,9,160601226,128,8192,73728,9.0,0.0,0.28098220000000396,0.01,0.0,0.0,0.0,2.0006831811737773,0.0,0.0,0.0,0.0,nan,nan,nan,0.0,1.0,0.0
Hard-C8-H64-Trajectory,406,GDA,10,160601227,128,8192,81920,10.0,0.0,0.31587340000000097,0.01,0.0,0.0,0.0,2.376194851350194,0.0,0.0,0.0,0.0,nan,nan,nan,0.0,1.0,0.0
Hard-C8-H64-Trajectory,406,GDA,11,160601228,128,8192,90112,11.0,0.0,0.3551427000000018,0.01,0.0,0.0,0.0,2.052657215693211,0.0,0.0,0.0,0.0,nan,nan,nan,0.0,1.0,0.0
Hard-C8-H64-Trajectory,406,GDA,12,160601229,128,8192,98304,12.0,0.0,0.38407550000000157,0.01,0.0,0.0,0.0,1.8596104930046697,0.0,0.0,0.0,0.0,nan,nan,nan,0.0,1.0,0.0
Hard-C8-H64-Trajectory,406,GDA,13,160601230,128,8192,106496,13.0,0.0,0.41190140000000497,0.01,0.0,0.0,0.0,2.3660011175932874,0.0,0.0,0.0,0.0,nan,nan,nan,0.0,1.0,0.0
Hard-C8-H64-Trajectory,406,GDA,14,160601231,128,8192,114688,14.0,0.0,0.4427390000000031,0.01,0.0,0.0,0.0,2.185609363331536,0.0,0.0,0.0,0.0,nan,nan,nan,0.0,1.0,0.0
Hard-C8-H64-Trajectory,406,GDA,15,160601232,128,8192,122880,15.0,0.0,0.474218300000004,0.01,0.0,0.0,0.0,2.1061909195448654,0.0,0.0,0.0,0.0,nan,nan,nan,0.0,1.0,0.0
Hard-C8-H64-Trajectory,406,GDA,16,160601233,128,8192,131072,16.0,0.0,0.5147862000000032,0.01,0.0,0.0,0.0,2.2940506558948788,0.0,0.0,0.0,0.0,nan,nan,nan,0.0,1.0,0.0
Hard-C8-H64-Trajectory,406,GDA,17,160601234,128,8192,139264,17.0,0.0,0.5451091999999989,0.01,0.0,0.0,0.0,2.146099984217813,0.0,0.0,0.0,0.0,nan,nan,nan,0.0,1.0,0.0
Hard-C8-H64-Trajectory,406,GDA,18,160601235,128,8192,147456,18.0,0.0,0.5746353999999982,0.01,0.0,0.0,0.0,2.496550373261705,0.0,0.0,0.0,0.0,nan,nan,nan,0.0,1.0,0.0
Hard-C8-H64-Trajectory,406,GDA,19,160601236,128,8192,155648,19.0,0.0,0.6044413000000048,0.01,0.0,0.0,0.0,2.0888346152688633,0.0,0.0,0.0,0.0,nan,nan,nan,0.0,1.0,0.0
Hard-C8-H64-Trajectory,406,GDA,20,160601237,128,8192,163840,20.0,0.0,0.6337671,0.01,0.0,0.0,0.0,2.240883098482648,0.0,0.0,0.0,0.0,nan,nan,nan,0.0,1.0,0.0
Hard-C8-H64-Trajectory,406,GDA,21,160601238,128,8192,172032,21.0,0.0,0.6753916999999987,0.01,0.0,0.0,0.0,2.1841500712252886,0.0,0.0,0.0,0.0,nan,nan,nan,0.0,1.0,0.0
Hard-C8-H64-Trajectory,406,GDA,22,160601239,128,8192,180224,22.0,0.0,0.7048597000000001,0.01,0.0,0.0,0.0,2.0564205406829963,0.0,0.0,0.0,0.0,nan,nan,nan,0.0,1.0,0.0
Hard-C8-H64-Trajectory,406,GDA,23,160601240,128,8192,188416,23.0,0.0,0.736177099999999,0.01,0.0,0.0,0.0,2.3229698370343232,0.0,0.0,0.0,0.0,nan,nan,nan,0.0,1.0,0.0
Hard-C8-H64-Trajectory,406,GDA,24,160601241,128,8192,196608,24.0,0.0,0.7646251000000035,0.01,0.0,0.0,0.0,2.1795398561723824,0.0,0.0,0.0,0.0,nan,nan,nan,0.0,1.0,0.0
Hard-C8-H64-Trajectory,406,GDA,25,160601242,128,8192,204800,25.0,0.0,0.7955825000000019,0.01,0.0,0.0,0.0,2.058287764089164,0.0,0.0,0.0,0.0,nan,nan,nan,0.0,1.0,0.0
Hard-C8-H64-Trajectory,406,GDA,26,160601243,128,8192,212992,26.0,0.0,0.8393391000000037,0.01,0.0,0.0,0.0,2.393523647823884,0.0,0.0,0.0,0.0,nan,nan,nan,0.0,1.0,0.0
Hard-C8-H64-Trajectory,406,GDA,27,160601244,128,8192,221184,27.0,0.0,0.8715513000000001,0.01,0.0,0.0,0.0,2.31744966499945,0.0,0.0,0.0,0.0,nan,nan,nan,0.0,1.0,0.0
Hard-C8-H64-Trajectory,406,GDA,28,160601245,128,8192,229376,28.0,0.0,0.902496400000004,0.01,0.0,0.0,0.0,2.2323685646015754,0.0,0.0,0.0,0.0,nan,nan,nan,0.0,1.0,0.0
Hard-C8-H64-Trajectory,406,GDA,29,160601246,128,8192,237568,29.0,0.0,0.9341608000000008,0.01,0.0,0.0,0.0,2.476818847569021,0.0,0.0,0.0,0.0,nan,nan,nan,0.0,1.0,0.0
Hard-C8-H64-Trajectory,406,GDA,30,160601247,128,8192,245760,30.0,0.0,0.9649124000000029,0.01,0.0,0.0,0.0,2.1272714742496364,0.0,0.0,0.0,0.0,nan,nan,nan,0.0,1.0,0.0
Hard-C8-H64-Trajectory,406,EGM,1,160601218,128,8192,8192,2.0,0.0,0.02595500000000328,0.01,0.0,0.0,0.0,2.055212862934957,0.0,0.0,0.0,0.0,nan,nan,nan,0.0,2.0,0.0
Hard-C8-H64-Trajectory,406,EGM,2,160601219,128,8192,16384,4.0,0.0,0.0590601000000035,0.01,0.0,0.0,0.0,1.9399659878261737,0.0,0.0,0.0,0.0,nan,nan,nan,0.0,2.0,0.0
Hard-C8-H64-Trajectory,406,EGM,3,160601220,128,8192,24576,6.0,0.0,0.09313400000000627,0.01,0.0,0.0,0.0,2.365028181063396,0.0,0.0,0.0,0.0,nan,nan,nan,0.0,2.0,0.0
Hard-C8-H64-Trajectory,406,EGM,4,160601221,128,8192,32768,8.0,0.0,0.12708020000000175,0.01,0.0,0.0,0.0,2.008844361224075,0.0,0.0,0.0,0.0,nan,nan,nan,0.0,2.0,0.0
Hard-C8-H64-Trajectory,406,EGM,5,160601222,128,8192,40960,10.0,0.0,0.16497030000000024,0.01,0.0,0.0,0.0,2.083092703040652,0.0,0.0,0.0,0.0,nan,nan,nan,0.0,2.0,0.0
Hard-C8-H64-Trajectory,406,EGM,6,160601223,128,8192,49152,12.0,0.0,0.2099958000000015,0.01,0.0,0.0,0.0,2.056857716597007,0.0,0.0,0.0,0.0,nan,nan,nan,0.0,2.0,0.0
Hard-C8-H64-Trajectory,406,EGM,7,160601224,128,8192,57344,14.0,0.0,0.24062860000000086,0.01,0.0,0.0,0.0,2.1648467460159386,0.0,0.0,0.0,0.0,nan,nan,nan,0.0,2.0,0.0
Hard-C8-H64-Trajectory,406,EGM,8,160601225,128,8192,65536,16.0,0.0,0.27237180000000194,0.01,0.0,0.0,0.0,1.919662381108727,0.0,0.0,0.0,0.0,nan,nan,nan,0.0,2.0,0.0
Hard-C8-H64-Trajectory,406,EGM,9,160601226,128,8192,73728,18.0,0.0,0.3060146000000046,0.01,0.0,0.0,0.0,2.0014903801748907,0.0,0.0,0.0,0.0,nan,nan,nan,0.0,2.0,0.0
Hard-C8-H64-Trajectory,406,EGM,10,160601227,128,8192,81920,20.0,0.0,0.33920970000000494,0.01,0.0,0.0,0.0,2.3790041023951005,0.0,0.0,0.0,0.0,nan,nan,nan,0.0,2.0,0.0
Hard-C8-H64-Trajectory,406,EGM,11,160601228,128,8192,90112,22.0,0.0,0.38350380000000683,0.01,0.0,0.0,0.0,2.055878055305651,0.0,0.0,0.0,0.0,nan,nan,nan,0.0,2.0,0.0
Hard-C8-H64-Trajectory,406,EGM,12,160601229,128,8192,98304,24.0,0.0,0.41406580000000304,0.01,0.0,0.0,0.0,1.8802243076223388,0.0,0.0,0.0,0.0,nan,nan,nan,0.0,2.0,0.0
Hard-C8-H64-Trajectory,406,EGM,13,160601230,128,8192,106496,26.0,0.0,0.4458720000000014,0.01,0.0,0.0,0.0,2.3470681214840954,0.0,0.0,0.0,0.0,nan,nan,nan,0.0,2.0,0.0
Hard-C8-H64-Trajectory,406,EGM,14,160601231,128,8192,114688,28.0,0.0,0.4766619000000034,0.01,0.0,0.0,0.0,2.191761699202686,0.0,0.0,0.0,0.0,nan,nan,nan,0.0,2.0,0.0
Hard-C8-H64-Trajectory,406,EGM,15,160601232,128,8192,122880,30.0,0.0,0.508800800000003,0.01,0.0,0.0,0.0,2.1124974889730037,0.0,0.0,0.0,0.0,nan,nan,nan,0.0,2.0,0.0
Hard-C8-H64-Trajectory,406,EGM,16,160601233,128,8192,131072,32.0,0.0,0.5509166000000008,0.01,0.0,0.0,0.0,2.270470027187836,0.0,0.0,0.0,0.0,nan,nan,nan,0.0,2.0,0.0
Hard-C8-H64-Trajectory,406,EGM,17,160601234,128,8192,139264,34.0,0.0,0.5849691000000021,0.01,0.0,0.0,0.0,2.1382741130445835,0.0,0.0,0.0,0.0,nan,nan,nan,0.0,2.0,0.0
Hard-C8-H64-Trajectory,406,EGM,18,160601235,128,8192,147456,36.0,0.0,0.6157366000000053,0.01,0.0,0.0,0.0,2.4908209523604623,0.0,0.0,0.0,0.0,nan,nan,nan,0.0,2.0,0.0
Hard-C8-H64-Trajectory,406,EGM,19,160601236,128,8192,155648,38.0,0.0,0.6475691000000054,0.01,0.0,0.0,0.0,2.0713446537570097,0.0,0.0,0.0,0.0,nan,nan,nan,0.0,2.0,0.0
Hard-C8-H64-Trajectory,406,EGM,20,160601237,128,8192,163840,40.0,0.0,0.6811135000000021,0.01,0.0,0.0,0.0,2.238863632116743,0.0,0.0,0.0,0.0,nan,nan,nan,0.0,2.0,0.0
Hard-C8-H64-Trajectory,406,EGM,21,160601238,128,8192,172032,42.0,0.0,0.7234304000000051,0.01,0.0,0.0,0.0,2.188593369088731,0.0,0.0,0.0,0.0,nan,nan,nan,0.0,2.0,0.0
Hard-C8-H64-Trajectory,406,EGM,22,160601239,128,8192,180224,44.0,0.0,0.7642359000000027,0.01,0.0,0.0,0.0,2.076958782944458,0.0,0.0,0.0,0.0,nan,nan,nan,0.0,2.0,0.0
Hard-C8-H64-Trajectory,406,EGM,23,160601240,128,8192,188416,46.0,0.0,0.8015737000000058,0.01,0.0,0.0,0.0,2.331569880985467,0.0,0.0,0.0,0.0,nan,nan,nan,0.0,2.0,0.0
Hard-C8-H64-Trajectory,406,EGM,24,160601241,128,8192,196608,48.0,0.0,0.8348958000000053,0.01,0.0,0.0,0.0,2.1518982165526106,0.0,0.0,0.0,0.0,nan,nan,nan,0.0,2.0,0.0
Hard-C8-H64-Trajectory,406,EGM,25,160601242,128,8192,204800,50.0,0.0,0.8693881000000019,0.01,0.0,0.0,0.0,2.079162016213178,0.0,0.0,0.0,0.0,nan,nan,nan,0.0,2.0,0.0
Hard-C8-H64-Trajectory,406,EGM,26,160601243,128,8192,212992,52.0,0.0,0.9161223000000049,0.01,0.0,0.0,0.0,2.398335048497847,0.0,0.0,0.0,0.0,nan,nan,nan,0.0,2.0,0.0
Hard-C8-H64-Trajectory,406,EGM,27,160601244,128,8192,221184,54.0,0.0,0.9494181000000026,0.01,0.0,0.0,0.0,2.340518410405244,0.0,0.0,0.0,0.0,nan,nan,nan,0.0,2.0,0.0
Hard-C8-H64-Trajectory,406,EGM,28,160601245,128,8192,229376,56.0,0.0,0.9838986000000034,0.01,0.0,0.0,0.0,2.2358907276494495,0.0,0.0,0.0,0.0,nan,nan,nan,0.0,2.0,0.0
Hard-C8-H64-Trajectory,406,EGM,29,160601246,128,8192,237568,58.0,0.0,1.0163437000000002,0.01,0.0,0.0,0.0,2.453211099251704,0.0,0.0,0.0,0.0,nan,nan,nan,0.0,2.0,0.0
Hard-C8-H64-Trajectory,406,EGM,30,160601247,128,8192,245760,60.0,0.0,1.0510487000000026,0.01,0.0,0.0,0.0,2.1286647683411815,0.0,0.0,0.0,0.0,nan,nan,nan,0.0,2.0,0.0
Hard-C8-H64-Trajectory,406,PPM-3,1,160601218,128,8192,8192,3.0,0.0,0.03462910000000363,0.01,0.0,0.0,0.0,2.055212862934957,0.0,0.0,0.0,0.0,nan,nan,nan,0.0,3.0,0.0
Hard-C8-H64-Trajectory,406,PPM-3,2,160601219,128,8192,16384,6.0,0.0,0.07526159999999749,0.01,0.0,0.0,0.0,1.9399124428152326,0.0,0.0,0.0,0.0,nan,nan,nan,0.0,3.0,0.0
Hard-C8-H64-Trajectory,406,PPM-3,3,160601220,128,8192,24576,9.0,0.0,0.1116944999999987,0.01,0.0,0.0,0.0,2.365002610232319,0.0,0.0,0.0,0.0,nan,nan,nan,0.0,3.0,0.0
Hard-C8-H64-Trajectory,406,PPM-3,4,160601221,128,8192,32768,12.0,0.0,0.15017759999999925,0.01,0.0,0.0,0.0,2.008752799638232,0.0,0.0,0.0,0.0,nan,nan,nan,0.0,3.0,0.0
Hard-C8-H64-Trajectory,406,PPM-3,5,160601222,128,8192,40960,15.0,0.0,0.18776910000000413,0.01,0.0,0.0,0.0,2.0842995917669103,0.0,0.0,0.0,0.0,nan,nan,nan,0.0,3.0,0.0
Hard-C8-H64-Trajectory,406,PPM-3,6,160601223,128,8192,49152,18.0,0.0,0.2381865999999988,0.01,0.0,0.0,0.0,2.0565866622348326,0.0,0.0,0.0,0.0,nan,nan,nan,0.0,3.0,0.0
Hard-C8-H64-Trajectory,406,PPM-3,7,160601224,128,8192,57344,21.0,0.0,0.2772317000000015,0.01,0.0,0.0,0.0,2.164594462236885,0.0,0.0,0.0,0.0,nan,nan,nan,0.0,3.0,0.0
Hard-C8-H64-Trajectory,406,PPM-3,8,160601225,128,8192,65536,24.0,0.0,0.3181495000000041,0.01,0.0,0.0,0.0,1.9195866571633953,0.0,0.0,0.0,0.0,nan,nan,nan,0.0,3.0,0.0
Hard-C8-H64-Trajectory,406,PPM-3,9,160601226,128,8192,73728,27.0,0.0,0.35718669999999975,0.01,0.0,0.0,0.0,2.002050405698629,0.0,0.0,0.0,0.0,nan,nan,nan,0.0,3.0,0.0
Hard-C8-H64-Trajectory,406,PPM-3,10,160601227,128,8192,81920,30.0,0.0,0.39710810000000407,0.01,0.0,0.0,0.0,2.3763956503287957,0.0,0.0,0.0,0.0,nan,nan,nan,0.0,3.0,0.0
Hard-C8-H64-Trajectory,406,PPM-3,11,160601228,128,8192,90112,33.0,0.0,0.4466146999999978,0.01,0.0,0.0,0.0,2.0482111592118986,0.0,0.0,0.0,0.0,nan,nan,nan,0.0,3.0,0.0
Hard-C8-H64-Trajectory,406,PPM-3,12,160601229,128,8192,98304,36.0,0.0,0.4865120999999988,0.01,0.0,0.0,0.0,1.8835318654823139,0.0,0.0,0.0,0.0,nan,nan,nan,0.0,3.0,0.0
Hard-C8-H64-Trajectory,406,PPM-3,13,160601230,128,8192,106496,39.0,0.0,0.5278534999999991,0.01,0.0,0.0,0.0,2.3460972177896635,0.0,0.0,0.0,0.0,nan,nan,nan,0.0,3.0,0.0
Hard-C8-H64-Trajectory,406,PPM-3,14,160601231,128,8192,114688,42.0,0.0,0.5642476000000016,0.01,0.0,0.0,0.0,2.192010728498476,0.0,0.0,0.0,0.0,nan,nan,nan,0.0,3.0,0.0
Hard-C8-H64-Trajectory,406,PPM-3,15,160601232,128,8192,122880,45.0,0.0,0.5996711000000019,0.01,0.0,0.0,0.0,2.1227763302168983,0.0,0.0,0.0,0.0,nan,nan,nan,0.0,3.0,0.0
Hard-C8-H64-Trajectory,406,PPM-3,16,160601233,128,8192,131072,48.0,0.0,0.6471085000000016,0.01,0.0,0.0,0.0,2.26843103367054,0.0,0.0,0.0,0.0,nan,nan,nan,0.0,3.0,0.0
Hard-C8-H64-Trajectory,406,PPM-3,17,160601234,128,8192,139264,51.0,0.0,0.6834378000000001,0.01,0.0,0.0,0.0,2.1336506212484707,0.0,0.0,0.0,0.0,nan,nan,nan,0.0,3.0,0.0
Hard-C8-H64-Trajectory,406,PPM-3,18,160601235,128,8192,147456,54.0,0.0,0.7190559000000007,0.01,0.0,0.0,0.0,2.4903065353218254,0.0,0.0,0.0,0.0,nan,nan,nan,0.0,3.0,0.0
Hard-C8-H64-Trajectory,406,PPM-3,19,160601236,128,8192,155648,57.0,0.0,0.7574114000000023,0.01,0.0,0.0,0.0,2.071099283598572,0.0,0.0,0.0,0.0,nan,nan,nan,0.0,3.0,0.0
Hard-C8-H64-Trajectory,406,PPM-3,20,160601237,128,8192,163840,60.0,0.0,0.7932909000000024,0.01,0.0,0.0,0.0,2.2242841782787917,0.0,0.0,0.0,0.0,nan,nan,nan,0.0,3.0,0.0
Hard-C8-H64-Trajectory,406,PPM-3,21,160601238,128,8192,172032,63.0,0.0,0.8440039999999982,0.01,0.0,0.0,0.0,2.1864747407797553,0.0,0.0,0.0,0.0,nan,nan,nan,0.0,3.0,0.0
Hard-C8-H64-Trajectory,406,PPM-3,22,160601239,128,8192,180224,66.0,0.0,0.8861674999999991,0.01,0.0,0.0,0.0,2.0735973292421437,0.0,0.0,0.0,0.0,nan,nan,nan,0.0,3.0,0.0
Hard-C8-H64-Trajectory,406,PPM-3,23,160601240,128,8192,188416,69.0,0.0,0.9342506999999998,0.01,0.0,0.0,0.0,2.330943533203372,0.0,0.0,0.0,0.0,nan,nan,nan,0.0,3.0,0.0
Hard-C8-H64-Trajectory,406,PPM-3,24,160601241,128,8192,196608,72.0,0.0,0.9705713000000031,0.01,0.0,0.0,0.0,2.1640446390597927,0.0,0.0,0.0,0.0,nan,nan,nan,0.0,3.0,0.0
Hard-C8-H64-Trajectory,406,PPM-3,25,160601242,128,8192,204800,75.0,0.0,1.007833699999999,0.01,0.0,0.0,0.0,2.082041576171602,0.0,0.0,0.0,0.0,nan,nan,nan,0.0,3.0,0.0
Hard-C8-H64-Trajectory,406,PPM-3,26,160601243,128,8192,212992,78.0,0.0,1.0570483999999993,0.01,0.0,0.0,0.0,2.4018729610278022,0.0,0.0,0.0,0.0,nan,nan,nan,0.0,3.0,0.0
Hard-C8-H64-Trajectory,406,PPM-3,27,160601244,128,8192,221184,81.0,0.0,1.0971305999999998,0.01,0.0,0.0,0.0,2.339372868437784,0.0,0.0,0.0,0.0,nan,nan,nan,0.0,3.0,0.0
Hard-C8-H64-Trajectory,406,PPM-3,28,160601245,128,8192,229376,84.0,0.0,1.1318362000000022,0.01,0.0,0.0,0.0,2.237047830200086,0.0,0.0,0.0,0.0,nan,nan,nan,0.0,3.0,0.0
Hard-C8-H64-Trajectory,406,PPM-3,29,160601246,128,8192,237568,87.0,0.0,1.1673191000000003,0.01,0.0,0.0,0.0,2.4562889909942216,0.0,0.0,0.0,0.0,nan,nan,nan,0.0,3.0,0.0
Hard-C8-H64-Trajectory,406,PPM-3,30,160601247,128,8192,245760,90.0,0.0,1.206434999999999,0.01,0.0,0.0,0.0,2.115966068029944,0.0,0.0,0.0,0.0,nan,nan,nan,0.0,3.0,0.0
Hard-C8-H64-Trajectory,407,QP+G,1,160701221,128,8192,8192,1.0,1.0,0.10571110000000061,0.0,0.0,6.075307920710068,-0.36365282934203225,1.915541742595502,11.63750592124122,0.0,0.0,0.0,0.0,0.0,0.0,5.0,1.0,1.0
Hard-C8-H64-Trajectory,407,QP+G,2,160701222,128,8192,16384,2.0,2.0,0.22554219999999958,0.0,0.0,4.652670600210268,-0.09434424530662085,1.7386927507184493,8.08956464406645,0.0,1.0,0.0,-0.04370036654260367,0.0,0.04370036654260367,5.0,1.0,1.0
Hard-C8-H64-Trajectory,407,QP+G,3,160701223,128,8192,24576,3.0,3.0,0.328535500000001,0.013193093508044672,0.0,4.254167539235494,-0.08152992102849511,1.8897070119121626,8.039130228742424,0.0,0.0,0.0,-0.00023197200238726624,-0.00023023661608112533,1.7353863061409078e-06,5.0,1.0,1.0
Hard-C8-H64-Trajectory,407,QP+G,4,160701224,128,8192,32768,4.0,4.0,0.43360049999999717,0.08,0.0,4.212072871173898,0.06916396419629603,1.710326798405516,7.204021108405583,0.0,0.0,0.0,-0.0395776206625377,-0.039570568261451555,7.052401086143911e-06,5.0,1.0,1.0
Hard-C8-H64-Trajectory,407,QP+G,5,160701225,128,8192,40960,5.0,5.0,0.5427156999999951,0.08,0.0,4.358369029369065,-0.09870589014660712,1.7783018039522651,7.750495507216691,0.0,0.0,0.0,-0.0061754109760493465,-0.006050409641736643,0.00012500133431270384,5.0,1.0,1.0
Hard-C8-H64-Trajectory,407,QP+G,6,160701226,128,8192,49152,6.0,6.0,0.6631661999999992,0.08,0.01489970034290185,5.369235498626094,0.1962954985577449,2.166699857432004,11.633521789392013,1.0,0.0,0.0,-0.0521717764418754,-0.062253815990644945,-0.010082039548769545,5.0,1.0,1.0
Hard-C8-H64-Trajectory,407,QP+G,7,160701227,128,8192,57344,7.0,7.0,0.7719330999999983,0.08,0.016971656359865087,4.71374144654411,-0.10855199371845752,1.8068205930950636,8.516885116141612,1.0,0.0,0.0,-0.01832587362531632,-0.01551223985776673,0.0028136337675495893,5.0,1.0,1.0
Hard-C8-H64-Trajectory,407,QP+G,8,160701228,128,8192,65536,8.0,8.0,0.8988918999999953,0.08,0.014428283186857046,5.544665222046188,0.01902231377035233,2.156564696191131,11.957429270063566,1.0,0.0,0.0,-0.16906968155916902,-0.16424744708518757,0.004822234473981446,5.0,1.0,1.0
Hard-C8-H64-Trajectory,407,QP+G,9,160701229,128,8192,73728,9.0,9.0,1.0078067999999973,0.005577286115558495,0.0,4.712843196512432,-0.061387655079011165,2.150919285809449,10.136945322374443,0.0,1.0,0.0,-0.034918712472631355,-4.7800292371835695e-05,0.03487091218025952,5.0,1.0,1.0
Hard-C8-H64-Trajectory,407,QP+G,10,160701230,128,8192,81920,10.0,10.0,1.1154147999999964,0.08,0.0,5.674520580660271,-0.16787221676020778,2.0332285802798786,11.537597423984836,0.0,0.0,0.0,-0.018810711842028104,-0.019936536541158567,-0.0011258246991304628,5.0,1.0,1.0
Hard-C8-H64-Trajectory,407,QP+G,11,160701231,128,8192,90112,11.0,11.0,1.2279324000000003,0.06025579526818914,0.0,6.1860749538982756,-0.02431424244615026,2.01503125089222,12.465134352466674,0.0,1.0,0.0,-0.041102152326570135,-0.009720538786590183,0.03138161353997995,5.0,1.0,1.0
Hard-C8-H64-Trajectory,407,QP+G,12,160701232,128,8192,98304,12.0,12.0,1.3375561999999945,0.0,0.0,4.2727276380800845,-0.1771470218367662,2.198006638171338,9.391483711598168,0.0,0.0,0.0,0.0,0.0,0.0,5.0,1.0,1.0
Hard-C8-H64-Trajectory,407,QP+G,13,160701233,128,8192,106496,13.0,13.0,1.4416213999999954,0.02785404848553953,0.0,4.731272677548223,-0.16358442711096796,1.960417628033767,9.275270360100057,0.0,1.0,0.0,-0.0018186989602488443,-0.0008878839959747253,0.000930814964274119,5.0,1.0,1.0
Hard-C8-H64-Trajectory,407,QP+G,14,160701234,128,8192,114688,14.0,14.0,1.5566750999999996,0.0,0.0,5.010601959303972,0.04437519304760798,1.9919362737441546,9.980799796031114,0.0,0.0,0.0,0.0,0.0,0.0,5.0,1.0,1.0
Hard-C8-H64-Trajectory,407,QP+G,15,160701235,128,8192,122880,15.0,15.0,1.669982300000001,0.0,0.0,5.043252381213758,0.1195581921428937,2.1083871023663363,10.633128274529401,0.0,1.0,0.0,-0.02377861373094546,0.0,0.02377861373094546,5.0,1.0,1.0
Hard-C8-H64-Trajectory,407,QP+G,16,160701236,128,8192,131072,16.0,16.0,1.7873184999999978,0.0,0.0,4.984194574229085,0.04779136892711265,1.9352053331587575,9.645439921549068,0.0,0.0,0.0,0.0,0.0,0.0,5.0,1.0,1.0
Hard-C8-H64-Trajectory,407,QP+G,17,160701237,128,8192,139264,17.0,17.0,1.9030446999999953,0.0,0.0,5.314150394304973,0.07592139079554826,1.9710496824970505,10.474454447436393,0.0,0.0,0.0,0.0,0.0,0.0,5.0,1.0,1.0
Hard-C8-H64-Trajectory,407,QP+G,18,160701238,128,8192,147456,18.0,18.0,2.0282021999999955,0.037392643748989825,0.0,6.769241363601131,0.24108862797159805,2.074011012560583,14.039481134789362,0.0,0.0,0.0,-0.0018583163547205748,-0.0018251870824927963,3.312927222777853e-05,5.0,1.0,1.0
Hard-C8-H64-Trajectory,407,QP+G,19,160701239,128,8192,155648,19.0,19.0,2.153857599999995,0.0,0.0,5.687303583835568,-0.22247633930078348,2.036863277912739,11.584259820256182,0.0,0.0,0.0,0.0,0.0,0.0,5.0,1.0,1.0
Hard-C8-H64-Trajectory,407,QP+G,20,160701240,128,8192,163840,20.0,20.0,2.2647692999999975,0.0,0.014489878639276895,5.521095241139462,-0.16251451986547444,2.165945721299234,11.95839261443158,1.0,0.0,0.0,-0.0043211181966654345,-0.004691878563352958,-0.0003707603666875236,5.0,1.0,1.0
Hard-C8-H64-Trajectory,407,QP+G,21,160701241,128,8192,172032,21.0,21.0,2.398563899999999,0.0,0.0,6.499117233289915,-0.34733299903398274,1.9652848321964176,12.772616521251017,0.0,0.0,0.0,0.0,0.0,0.0,5.0,1.0,1.0
Hard-C8-H64-Trajectory,407,QP+G,22,160701242,128,8192,180224,22.0,22.0,2.5263828999999944,0.0,0.0,4.85280149668883,0.2641619811211712,1.8608718705065885,9.030441798340515,0.0,1.0,0.0,-0.00015601489905868874,0.0,0.00015601489905868874,5.0,1.0,1.0
Hard-C8-H64-Trajectory,407,QP+G,23,160701243,128,8192,188416,23.0,23.0,2.6497704000000013,0.0,0.0,5.76344934268096,-0.13255713193475613,2.1940829160027837,12.645485740023767,0.0,0.0,0.0,0.0,0.0,0.0,5.0,1.0,1.0
Hard-C8-H64-Trajectory,407,QP+G,24,160701244,128,8192,196608,24.0,24.0,2.771943499999999,0.0,0.005701065379392996,6.6067120294749,0.19304757070525908,2.026035521115718,13.38543324949866,1.0,0.0,0.0,-0.00160146606608295,-0.0016327117288033044,-3.1245662720354346e-05,5.0,1.0,1.0
Hard-C8-H64-Trajectory,407,QP+G,25,160701245,128,8192,204800,25.0,25.0,2.8876019,0.08,0.0,5.610764452735316,0.014105356140204969,2.2350884822094788,12.540555004699074,0.0,0.0,0.0,-0.013785090945670877,-0.013489395364826962,0.00029569558084391497,5.0,1.0,1.0
Hard-C8-H64-Trajectory,407,QP+G,26,160701246,128,8192,212992,26.0,26.0,3.0313969999999983,0.032734551830673246,0.013818639237596306,5.789282043223503,-0.07731481748674629,1.930948078669672,11.178803038239256,1.0,0.0,0.0,-0.017835719604307,-0.016007930850768126,0.001827788753538874,5.0,1.0,1.0
Hard-C8-H64-Trajectory,407,QP+G,27,160701247,128,8192,221184,27.0,27.0,3.152275599999996,0.0,0.0,6.150273579053853,0.006128924580857909,2.1985768389026865,13.521849043822932,0.0,0.0,0.0,0.0,0.0,0.0,5.0,1.0,1.0
Hard-C8-H64-Trajectory,407,QP+G,28,160701248,128,8192,229376,28.0,28.0,3.2762235999999945,0.08,0.00956860414260812,6.128568124157717,-0.1190932714851239,1.8465951028827894,11.316983885753203,1.0,0.0,0.0,-0.022202588764014722,-0.01607397331144611,0.0061286154525686115,5.0,1.0,1.0
Hard-C8-H64-Trajectory,407,QP+G,29,160701249,128,8192,237568,29.0,29.0,3.3825635999999975,0.0,0.0,6.431722995587019,0.2504654028800154,2.5934380288379386,16.68027500770684,0.0,1.0,0.0,-0.04546255126219958,0.0,0.04546255126219958,5.0,1.0,1.0
Hard-C8-H64-Trajectory,407,QP+G,30,160701250,128,8192,245760,30.0,30.0,3.5188737000000003,0.08,0.013249684187382873,6.037879761404478,0.178364294618649,2.1690382372778463,13.096392074572353,1.0,0.0,0.0,-0.05261823420922163,-0.05258669200839927,3.15422008223612e-05,5.0,1.0,1.0
Hard-C8-H64-Trajectory,407,noG,1,160701221,128,8192,8192,1.0,0.0,0.059015700000003335,0.0,0.0,0.0,0.0,1.915541742595502,0.0,0.0,0.0,0.0,0.0,0.0,0.0,3.0,1.0,0.0
Hard-C8-H64-Trajectory,407,noG,2,160701222,128,8192,16384,2.0,0.0,0.1293841000000029,0.0,0.0,0.0,0.0,1.7386927507184493,0.0,0.0,0.0,0.0,0.0,0.0,0.0,3.0,1.0,0.0
Hard-C8-H64-Trajectory,407,noG,3,160701223,128,8192,24576,3.0,0.0,0.19571690000000075,0.013193093508044672,0.0,0.0,0.0,1.8897070119121626,0.0,0.0,0.0,0.0,-0.00023197200238726621,-0.00023023661608112533,1.7353863061408807e-06,3.0,1.0,0.0
Hard-C8-H64-Trajectory,407,noG,4,160701224,128,8192,32768,4.0,0.0,0.2619955999999988,0.08,0.0,0.0,0.0,1.710326798405516,0.0,0.0,0.0,0.0,-0.0395776206625377,-0.039570568261451555,7.052401086143911e-06,3.0,1.0,0.0
Hard-C8-H64-Trajectory,407,noG,5,160701225,128,8192,40960,5.0,0.0,0.33495510000000195,0.08,0.0,0.0,0.0,1.7783018039522651,0.0,0.0,0.0,0.0,-0.0061754109760493465,-0.006050409641736643,0.00012500133431270384,3.0,1.0,0.0
Hard-C8-H64-Trajectory,407,noG,6,160701226,128,8192,49152,6.0,0.0,0.4232104000000021,0.08,0.0,0.0,0.0,2.166699857432004,0.0,0.0,0.0,0.0,-0.01580831601427542,-0.015837384093232654,-2.9068078957233262e-05,3.0,1.0,0.0
Hard-C8-H64-Trajectory,407,noG,7,160701227,128,8192,57344,7.0,0.0,0.4896856000000014,0.08,0.0,0.0,0.0,1.8556362951356984,0.0,0.0,0.0,0.0,-0.012026272986459358,-0.01193949199924349,8.678098721586792e-05,3.0,1.0,0.0
Hard-C8-H64-Trajectory,407,noG,8,160701228,128,8192,65536,8.0,0.0,0.5616926000000007,0.08,0.0,0.0,0.0,2.1596964893553383,0.0,0.0,0.0,0.0,-0.04096157776464786,-0.040411475307525535,0.0005501024571223229,3.0,1.0,0.0
Hard-C8-H64-Trajectory,407,noG,9,160701229,128,8192,73728,9.0,0.0,0.6341271000000006,0.0,0.0,0.0,0.0,2.015800772396989,0.0,0.0,0.0,0.0,0.0,0.0,0.0,3.0,1.0,0.0
Hard-C8-H64-Trajectory,407,noG,10,160701230,128,8192,81920,10.0,0.0,0.7029661999999988,0.08,0.0,0.0,0.0,1.9636871611284228,0.0,0.0,0.0,0.0,-0.07938778568860624,-0.07894337819424102,0.0004444074943652232,3.0,1.0,0.0
Hard-C8-H64-Trajectory,407,noG,11,160701231,128,8192,90112,11.0,0.0,0.7801219999999986,0.08,0.0,0.0,0.0,2.067063797670379,0.0,0.0,0.0,0.0,-0.040962095573890564,-0.03923515371379338,0.0017269418600971836,3.0,1.0,0.0
Hard-C8-H64-Trajectory,407,noG,12,160701232,128,8192,98304,12.0,0.0,0.8472270000000037,0.0,0.0,0.0,0.0,2.2681029977162566,0.0,0.0,0.0,0.0,0.0,0.0,0.0,3.0,1.0,0.0
Hard-C8-H64-Trajectory,407,noG,13,160701233,128,8192,106496,13.0,0.0,0.9119422999999998,0.08,0.0,0.0,0.0,1.9517641871079987,0.0,0.0,0.0,0.0,-0.01080652426872284,-0.011503904281163102,-0.0006973800124402615,3.0,1.0,0.0
Hard-C8-H64-Trajectory,407,noG,14,160701234,128,8192,114688,14.0,0.0,0.9831664000000018,0.0,0.0,0.0,0.0,2.1133011017526915,0.0,0.0,0.0,0.0,0.0,0.0,0.0,3.0,1.0,0.0
Hard-C8-H64-Trajectory,407,noG,15,160701235,128,8192,122880,15.0,0.0,1.0577503000000021,0.07438743663740896,0.0,0.0,0.0,2.1046457560232206,0.0,0.0,0.0,0.0,-0.005696377691302661,-0.006695953932392751,-0.00099957624109009,3.0,1.0,0.0
Hard-C8-H64-Trajectory,407,noG,16,160701236,128,8192,131072,16.0,0.0,1.1430389000000005,0.0,0.0,0.0,0.0,2.0750789094397053,0.0,0.0,0.0,0.0,0.0,0.0,0.0,3.0,1.0,0.0
Hard-C8-H64-Trajectory,407,noG,17,160701237,128,8192,139264,17.0,0.0,1.216661000000002,0.0,0.0,0.0,0.0,2.1049699712864567,0.0,0.0,0.0,0.0,0.0,0.0,0.0,3.0,1.0,0.0
Hard-C8-H64-Trajectory,407,noG,18,160701238,128,8192,147456,18.0,0.0,1.288741200000004,0.0,0.0,0.0,0.0,2.0680265954488335,0.0,0.0,0.0,0.0,0.0,0.0,0.0,3.0,1.0,0.0
Hard-C8-H64-Trajectory,407,noG,19,160701239,128,8192,155648,19.0,0.0,1.3573604999999986,0.08,0.0,0.0,0.0,2.0614527967319556,0.0,0.0,0.0,0.0,-0.023542773928285635,-0.02344438143191452,9.839249637111705e-05,3.0,1.0,0.0
Hard-C8-H64-Trajectory,407,noG,20,160701240,128,8192,163840,20.0,0.0,1.4299729000000028,0.0,0.0,0.0,0.0,2.2090631562785132,0.0,0.0,0.0,0.0,0.0,0.0,0.0,3.0,1.0,0.0
Hard-C8-H64-Trajectory,407,noG,21,160701241,128,8192,172032,21.0,0.0,1.5148253999999994,0.0,0.0,0.0,0.0,2.0195769674241317,0.0,0.0,0.0,0.0,0.0,0.0,0.0,3.0,1.0,0.0
Hard-C8-H64-Trajectory,407,noG,22,160701242,128,8192,180224,22.0,0.0,1.5877200000000045,0.0,0.0,0.0,0.0,2.020547069090402,0.0,0.0,0.0,0.0,0.0,0.0,0.0,3.0,1.0,0.0
Hard-C8-H64-Trajectory,407,noG,23,160701243,128,8192,188416,23.0,0.0,1.657685100000002,0.0,0.0,0.0,0.0,2.1404099083604917,0.0,0.0,0.0,0.0,0.0,0.0,0.0,3.0,1.0,0.0
Hard-C8-H64-Trajectory,407,noG,24,160701244,128,8192,196608,24.0,0.0,1.7273296000000045,0.0,0.0,0.0,0.0,2.0532017172764427,0.0,0.0,0.0,0.0,0.0,0.0,0.0,3.0,1.0,0.0
Hard-C8-H64-Trajectory,407,noG,25,160701245,128,8192,204800,25.0,0.0,1.7978846000000033,0.0,0.0,0.0,0.0,2.2367004585395347,0.0,0.0,0.0,0.0,0.0,0.0,0.0,3.0,1.0,0.0
Hard-C8-H64-Trajectory,407,noG,26,160701246,128,8192,212992,26.0,0.0,1.8810122000000007,0.08,0.0,0.0,0.0,2.0587796501003925,0.0,0.0,0.0,0.0,-0.016734535291389616,-0.015813943948441267,0.0009205913429483487,3.0,1.0,0.0
Hard-C8-H64-Trajectory,407,noG,27,160701247,128,8192,221184,27.0,0.0,1.9609087999999986,0.07027790562789782,0.0,0.0,0.0,1.9347050420305043,0.0,0.0,0.0,0.0,-0.004522713902883015,-0.004697922367311591,-0.00017520846442857594,3.0,1.0,0.0
Hard-C8-H64-Trajectory,407,noG,28,160701248,128,8192,229376,28.0,0.0,2.0405568000000045,0.0,0.0,0.0,0.0,2.008142768307077,0.0,0.0,0.0,0.0,0.0,0.0,0.0,3.0,1.0,0.0
Hard-C8-H64-Trajectory,407,noG,29,160701249,128,8192,237568,29.0,0.0,2.111587499999999,0.003297113164326826,0.0,0.0,0.0,2.2879162393658223,0.0,0.0,0.0,0.0,-1.9544621817494926e-05,-1.9345493524003388e-05,1.9912829349153868e-07,3.0,1.0,0.0
Hard-C8-H64-Trajectory,407,noG,30,160701250,128,8192,245760,30.0,0.0,2.1891868000000017,0.08,0.0,0.0,0.0,2.1730237487125406,0.0,0.0,0.0,0.0,-0.03177105549089172,-0.031877548982421455,-0.00010649349152973275,3.0,1.0,0.0
Hard-C8-H64-Trajectory,407,GDA,1,160701221,128,8192,8192,1.0,0.0,0.025166000000005795,0.01,0.0,0.0,0.0,1.915541742595502,0.0,0.0,0.0,0.0,nan,nan,nan,0.0,1.0,0.0
Hard-C8-H64-Trajectory,407,GDA,2,160701222,128,8192,16384,2.0,0.0,0.05916340000000275,0.01,0.0,0.0,0.0,1.7460671611568133,0.0,0.0,0.0,0.0,nan,nan,nan,0.0,1.0,0.0
Hard-C8-H64-Trajectory,407,GDA,3,160701223,128,8192,24576,3.0,0.0,0.09338550000000367,0.01,0.0,0.0,0.0,1.8368191695252685,0.0,0.0,0.0,0.0,nan,nan,nan,0.0,1.0,0.0
Hard-C8-H64-Trajectory,407,GDA,4,160701224,128,8192,32768,4.0,0.0,0.12794330000000542,0.01,0.0,0.0,0.0,1.6514174326063178,0.0,0.0,0.0,0.0,nan,nan,nan,0.0,1.0,0.0
Hard-C8-H64-Trajectory,407,GDA,5,160701225,128,8192,40960,5.0,0.0,0.162122200000006,0.01,0.0,0.0,0.0,1.6802283213750313,0.0,0.0,0.0,0.0,nan,nan,nan,0.0,1.0,0.0
Hard-C8-H64-Trajectory,407,GDA,6,160701226,128,8192,49152,6.0,0.0,0.20716080000000403,0.01,0.0,0.0,0.0,2.1530736439563434,0.0,0.0,0.0,0.0,nan,nan,nan,0.0,1.0,0.0
Hard-C8-H64-Trajectory,407,GDA,7,160701227,128,8192,57344,7.0,0.0,0.23959840000000554,0.01,0.0,0.0,0.0,1.7802754617579437,0.0,0.0,0.0,0.0,nan,nan,nan,0.0,1.0,0.0
Hard-C8-H64-Trajectory,407,GDA,8,160701228,128,8192,65536,8.0,0.0,0.27447320000000275,0.01,0.0,0.0,0.0,1.9272144019497661,0.0,0.0,0.0,0.0,nan,nan,nan,0.0,1.0,0.0
Hard-C8-H64-Trajectory,407,GDA,9,160701229,128,8192,73728,9.0,0.0,0.30849429999999955,0.01,0.0,0.0,0.0,2.062584589537331,0.0,0.0,0.0,0.0,nan,nan,nan,0.0,1.0,0.0
Hard-C8-H64-Trajectory,407,GDA,10,160701230,128,8192,81920,10.0,0.0,0.3430747000000025,0.01,0.0,0.0,0.0,1.9542215800361773,0.0,0.0,0.0,0.0,nan,nan,nan,0.0,1.0,0.0
Hard-C8-H64-Trajectory,407,GDA,11,160701231,128,8192,90112,11.0,0.0,0.38742970000000554,0.01,0.0,0.0,0.0,1.8961236825282362,0.0,0.0,0.0,0.0,nan,nan,nan,0.0,1.0,0.0
Hard-C8-H64-Trajectory,407,GDA,12,160701232,128,8192,98304,12.0,0.0,0.42164570000000623,0.01,0.0,0.0,0.0,2.1121183057515247,0.0,0.0,0.0,0.0,nan,nan,nan,0.0,1.0,0.0
Hard-C8-H64-Trajectory,407,GDA,13,160701233,128,8192,106496,13.0,0.0,0.45418180000000064,0.01,0.0,0.0,0.0,1.9560615445192004,0.0,0.0,0.0,0.0,nan,nan,nan,0.0,1.0,0.0
Hard-C8-H64-Trajectory,407,GDA,14,160701234,128,8192,114688,14.0,0.0,0.48557980000000356,0.01,0.0,0.0,0.0,2.190399314703125,0.0,0.0,0.0,0.0,nan,nan,nan,0.0,1.0,0.0
Hard-C8-H64-Trajectory,407,GDA,15,160701235,128,8192,122880,15.0,0.0,0.5192276000000007,0.01,0.0,0.0,0.0,2.092520503620185,0.0,0.0,0.0,0.0,nan,nan,nan,0.0,1.0,0.0
Hard-C8-H64-Trajectory,407,GDA,16,160701236,128,8192,131072,16.0,0.0,0.5625495000000029,0.01,0.0,0.0,0.0,1.9060219763413146,0.0,0.0,0.0,0.0,nan,nan,nan,0.0,1.0,0.0
Hard-C8-H64-Trajectory,407,GDA,17,160701237,128,8192,139264,17.0,0.0,0.5982816,0.01,0.0,0.0,0.0,2.0282523729443462,0.0,0.0,0.0,0.0,nan,nan,nan,0.0,1.0,0.0
Hard-C8-H64-Trajectory,407,GDA,18,160701238,128,8192,147456,18.0,0.0,0.6321146000000013,0.01,0.0,0.0,0.0,1.9173463202684833,0.0,0.0,0.0,0.0,nan,nan,nan,0.0,1.0,0.0
Hard-C8-H64-Trajectory,407,GDA,19,160701239,128,8192,155648,19.0,0.0,0.6644047000000057,0.01,0.0,0.0,0.0,2.03332675421249,0.0,0.0,0.0,0.0,nan,nan,nan,0.0,1.0,0.0
Hard-C8-H64-Trajectory,407,GDA,20,160701240,128,8192,163840,20.0,0.0,0.7015493000000035,0.01,0.0,0.0,0.0,2.0730413686145623,0.0,0.0,0.0,0.0,nan,nan,nan,0.0,1.0,0.0
Hard-C8-H64-Trajectory,407,GDA,21,160701241,128,8192,172032,21.0,0.0,0.7503293000000042,0.01,0.0,0.0,0.0,1.8940164235593377,0.0,0.0,0.0,0.0,nan,nan,nan,0.0,1.0,0.0
Hard-C8-H64-Trajectory,407,GDA,22,160701242,128,8192,180224,22.0,0.0,0.7925742000000042,0.01,0.0,0.0,0.0,1.9091258949601642,0.0,0.0,0.0,0.0,nan,nan,nan,0.0,1.0,0.0
Hard-C8-H64-Trajectory,407,GDA,23,160701243,128,8192,188416,23.0,0.0,0.832802700000002,0.01,0.0,0.0,0.0,1.9003454544288805,0.0,0.0,0.0,0.0,nan,nan,nan,0.0,1.0,0.0
Hard-C8-H64-Trajectory,407,GDA,24,160701244,128,8192,196608,24.0,0.0,0.8698366000000064,0.01,0.0,0.0,0.0,1.987971700428983,0.0,0.0,0.0,0.0,nan,nan,nan,0.0,1.0,0.0
Hard-C8-H64-Trajectory,407,GDA,25,160701245,128,8192,204800,25.0,0.0,0.9040311000000045,0.01,0.0,0.0,0.0,2.1141292037388557,0.0,0.0,0.0,0.0,nan,nan,nan,0.0,1.0,0.0
Hard-C8-H64-Trajectory,407,GDA,26,160701246,128,8192,212992,26.0,0.0,0.950687600000002,0.01,0.0,0.0,0.0,2.085348546042113,0.0,0.0,0.0,0.0,nan,nan,nan,0.0,1.0,0.0
Hard-C8-H64-Trajectory,407,GDA,27,160701247,128,8192,221184,27.0,0.0,0.986605400000002,0.01,0.0,0.0,0.0,1.9605617271260296,0.0,0.0,0.0,0.0,nan,nan,nan,0.0,1.0,0.0
Hard-C8-H64-Trajectory,407,GDA,28,160701248,128,8192,229376,28.0,0.0,1.0220266000000038,0.01,0.0,0.0,0.0,1.6279476923962821,0.0,0.0,0.0,0.0,nan,nan,nan,0.0,1.0,0.0
Hard-C8-H64-Trajectory,407,GDA,29,160701249,128,8192,237568,29.0,0.0,1.0579187000000019,0.01,0.0,0.0,0.0,2.3504647141019652,0.0,0.0,0.0,0.0,nan,nan,nan,0.0,1.0,0.0
Hard-C8-H64-Trajectory,407,GDA,30,160701250,128,8192,245760,30.0,0.0,1.0934416999999996,0.01,0.0,0.0,0.0,1.7554143332068453,0.0,0.0,0.0,0.0,nan,nan,nan,0.0,1.0,0.0
Hard-C8-H64-Trajectory,407,EGM,1,160701221,128,8192,8192,2.0,0.0,0.02543439999999464,0.01,0.0,0.0,0.0,1.915541742595502,0.0,0.0,0.0,0.0,nan,nan,nan,0.0,2.0,0.0
Hard-C8-H64-Trajectory,407,EGM,2,160701222,128,8192,16384,4.0,0.0,0.061187799999999015,0.01,0.0,0.0,0.0,1.7372378644027529,0.0,0.0,0.0,0.0,nan,nan,nan,0.0,2.0,0.0
Hard-C8-H64-Trajectory,407,EGM,3,160701223,128,8192,24576,6.0,0.0,0.09814589999999868,0.01,0.0,0.0,0.0,1.8348495872588648,0.0,0.0,0.0,0.0,nan,nan,nan,0.0,2.0,0.0
Hard-C8-H64-Trajectory,407,EGM,4,160701224,128,8192,32768,8.0,0.0,0.13487669999999952,0.01,0.0,0.0,0.0,1.657080253645958,0.0,0.0,0.0,0.0,nan,nan,nan,0.0,2.0,0.0
Hard-C8-H64-Trajectory,407,EGM,5,160701225,128,8192,40960,10.0,0.0,0.17238629999999944,0.01,0.0,0.0,0.0,1.683360417330113,0.0,0.0,0.0,0.0,nan,nan,nan,0.0,2.0,0.0
Hard-C8-H64-Trajectory,407,EGM,6,160701226,128,8192,49152,12.0,0.0,0.22118019999999916,0.01,0.0,0.0,0.0,2.1531718840427887,0.0,0.0,0.0,0.0,nan,nan,nan,0.0,2.0,0.0
Hard-C8-H64-Trajectory,407,EGM,7,160701227,128,8192,57344,14.0,0.0,0.25636239999999333,0.01,0.0,0.0,0.0,1.78641784162601,0.0,0.0,0.0,0.0,nan,nan,nan,0.0,2.0,0.0
Hard-C8-H64-Trajectory,407,EGM,8,160701228,128,8192,65536,16.0,0.0,0.2937918999999951,0.01,0.0,0.0,0.0,1.9354460171522936,0.0,0.0,0.0,0.0,nan,nan,nan,0.0,2.0,0.0
Hard-C8-H64-Trajectory,407,EGM,9,160701229,128,8192,73728,18.0,0.0,0.3320359999999951,0.01,0.0,0.0,0.0,2.067510053959732,0.0,0.0,0.0,0.0,nan,nan,nan,0.0,2.0,0.0
Hard-C8-H64-Trajectory,407,EGM,10,160701230,128,8192,81920,20.0,0.0,0.36950099999999964,0.01,0.0,0.0,0.0,1.9694463035862362,0.0,0.0,0.0,0.0,nan,nan,nan,0.0,2.0,0.0
Hard-C8-H64-Trajectory,407,EGM,11,160701231,128,8192,90112,22.0,0.0,0.42113109999999665,0.01,0.0,0.0,0.0,1.8709969403120303,0.0,0.0,0.0,0.0,nan,nan,nan,0.0,2.0,0.0
Hard-C8-H64-Trajectory,407,EGM,12,160701232,128,8192,98304,24.0,0.0,0.4582167999999953,0.01,0.0,0.0,0.0,2.107023613834573,0.0,0.0,0.0,0.0,nan,nan,nan,0.0,2.0,0.0
Hard-C8-H64-Trajectory,407,EGM,13,160701233,128,8192,106496,26.0,0.0,0.494312199999996,0.01,0.0,0.0,0.0,1.962577530557862,0.0,0.0,0.0,0.0,nan,nan,nan,0.0,2.0,0.0
Hard-C8-H64-Trajectory,407,EGM,14,160701234,128,8192,114688,28.0,0.0,0.532375199999997,0.01,0.0,0.0,0.0,2.1500837381534446,0.0,0.0,0.0,0.0,nan,nan,nan,0.0,2.0,0.0
Hard-C8-H64-Trajectory,407,EGM,15,160701235,128,8192,122880,30.0,0.0,0.5659469000000001,0.01,0.0,0.0,0.0,2.1011748040958187,0.0,0.0,0.0,0.0,nan,nan,nan,0.0,2.0,0.0
Hard-C8-H64-Trajectory,407,EGM,16,160701236,128,8192,131072,32.0,0.0,0.6111945999999975,0.01,0.0,0.0,0.0,1.9045074644260727,0.0,0.0,0.0,0.0,nan,nan,nan,0.0,2.0,0.0
Hard-C8-H64-Trajectory,407,EGM,17,160701237,128,8192,139264,34.0,0.0,0.6488145999999944,0.01,0.0,0.0,0.0,2.035400312396263,0.0,0.0,0.0,0.0,nan,nan,nan,0.0,2.0,0.0
Hard-C8-H64-Trajectory,407,EGM,18,160701238,128,8192,147456,36.0,0.0,0.6949675999999982,0.01,0.0,0.0,0.0,1.9250496434708337,0.0,0.0,0.0,0.0,nan,nan,nan,0.0,2.0,0.0
Hard-C8-H64-Trajectory,407,EGM,19,160701239,128,8192,155648,38.0,0.0,0.7301767000000012,0.01,0.0,0.0,0.0,2.050170619853612,0.0,0.0,0.0,0.0,nan,nan,nan,0.0,2.0,0.0
Hard-C8-H64-Trajectory,407,EGM,20,160701240,128,8192,163840,40.0,0.0,0.7660838999999982,0.01,0.0,0.0,0.0,2.057272850592423,0.0,0.0,0.0,0.0,nan,nan,nan,0.0,2.0,0.0
Hard-C8-H64-Trajectory,407,EGM,21,160701241,128,8192,172032,42.0,0.0,0.8123391999999967,0.01,0.0,0.0,0.0,1.8822321622759155,0.0,0.0,0.0,0.0,nan,nan,nan,0.0,2.0,0.0
Hard-C8-H64-Trajectory,407,EGM,22,160701242,128,8192,180224,44.0,0.0,0.8464441999999934,0.01,0.0,0.0,0.0,1.874882656197475,0.0,0.0,0.0,0.0,nan,nan,nan,0.0,2.0,0.0
Hard-C8-H64-Trajectory,407,EGM,23,160701243,128,8192,188416,46.0,0.0,0.8813087999999993,0.01,0.0,0.0,0.0,1.900580140977087,0.0,0.0,0.0,0.0,nan,nan,nan,0.0,2.0,0.0
Hard-C8-H64-Trajectory,407,EGM,24,160701244,128,8192,196608,48.0,0.0,0.9160272999999961,0.01,0.0,0.0,0.0,1.9543703273116153,0.0,0.0,0.0,0.0,nan,nan,nan,0.0,2.0,0.0
Hard-C8-H64-Trajectory,407,EGM,25,160701245,128,8192,204800,50.0,0.0,0.9505145999999911,0.01,0.0,0.0,0.0,2.111263082339908,0.0,0.0,0.0,0.0,nan,nan,nan,0.0,2.0,0.0
Hard-C8-H64-Trajectory,407,EGM,26,160701246,128,8192,212992,52.0,0.0,1.0026955000000015,0.01,0.0,0.0,0.0,2.118519731408327,0.0,0.0,0.0,0.0,nan,nan,nan,0.0,2.0,0.0
Hard-C8-H64-Trajectory,407,EGM,27,160701247,128,8192,221184,54.0,0.0,1.036393199999992,0.01,0.0,0.0,0.0,1.9452638548377952,0.0,0.0,0.0,0.0,nan,nan,nan,0.0,2.0,0.0
Hard-C8-H64-Trajectory,407,EGM,28,160701248,128,8192,229376,56.0,0.0,1.0708655999999905,0.01,0.0,0.0,0.0,1.6227191302792299,0.0,0.0,0.0,0.0,nan,nan,nan,0.0,2.0,0.0
Hard-C8-H64-Trajectory,407,EGM,29,160701249,128,8192,237568,58.0,0.0,1.1076146999999992,0.01,0.0,0.0,0.0,2.3343965496428694,0.0,0.0,0.0,0.0,nan,nan,nan,0.0,2.0,0.0
Hard-C8-H64-Trajectory,407,EGM,30,160701250,128,8192,245760,60.0,0.0,1.1437341000000032,0.01,0.0,0.0,0.0,1.7450179072152678,0.0,0.0,0.0,0.0,nan,nan,nan,0.0,2.0,0.0
Hard-C8-H64-Trajectory,407,PPM-3,1,160701221,128,8192,8192,3.0,0.0,0.02954300000000387,0.01,0.0,0.0,0.0,1.915541742595502,0.0,0.0,0.0,0.0,nan,nan,nan,0.0,3.0,0.0
Hard-C8-H64-Trajectory,407,PPM-3,2,160701222,128,8192,16384,6.0,0.0,0.07063380000001018,0.01,0.0,0.0,0.0,1.7372022266465101,0.0,0.0,0.0,0.0,nan,nan,nan,0.0,3.0,0.0
Hard-C8-H64-Trajectory,407,PPM-3,3,160701223,128,8192,24576,9.0,0.0,0.11203840000000298,0.01,0.0,0.0,0.0,1.8389708443127117,0.0,0.0,0.0,0.0,nan,nan,nan,0.0,3.0,0.0
Hard-C8-H64-Trajectory,407,PPM-3,4,160701224,128,8192,32768,12.0,0.0,0.1522367000000031,0.01,0.0,0.0,0.0,1.6572148145597627,0.0,0.0,0.0,0.0,nan,nan,nan,0.0,3.0,0.0
Hard-C8-H64-Trajectory,407,PPM-3,5,160701225,128,8192,40960,15.0,0.0,0.19184840000001202,0.01,0.0,0.0,0.0,1.687655721303015,0.0,0.0,0.0,0.0,nan,nan,nan,0.0,3.0,0.0
Hard-C8-H64-Trajectory,407,PPM-3,6,160701226,128,8192,49152,18.0,0.0,0.24282820000000527,0.01,0.0,0.0,0.0,2.1499530724213805,0.0,0.0,0.0,0.0,nan,nan,nan,0.0,3.0,0.0
Hard-C8-H64-Trajectory,407,PPM-3,7,160701227,128,8192,57344,21.0,0.0,0.2826951000000122,0.01,0.0,0.0,0.0,1.787394641073591,0.0,0.0,0.0,0.0,nan,nan,nan,0.0,3.0,0.0
Hard-C8-H64-Trajectory,407,PPM-3,8,160701228,128,8192,65536,24.0,0.0,0.32193640000001267,0.01,0.0,0.0,0.0,1.939224183116769,0.0,0.0,0.0,0.0,nan,nan,nan,0.0,3.0,0.0
Hard-C8-H64-Trajectory,407,PPM-3,9,160701229,128,8192,73728,27.0,0.0,0.3598942000000136,0.01,0.0,0.0,0.0,2.064334059782768,0.0,0.0,0.0,0.0,nan,nan,nan,0.0,3.0,0.0
Hard-C8-H64-Trajectory,407,PPM-3,10,160701230,128,8192,81920,30.0,0.0,0.3994318000000021,0.01,0.0,0.0,0.0,1.9742396604900714,0.0,0.0,0.0,0.0,nan,nan,nan,0.0,3.0,0.0
Hard-C8-H64-Trajectory,407,PPM-3,11,160701231,128,8192,90112,33.0,0.0,0.45294990000000723,0.01,0.0,0.0,0.0,1.8654028242967786,0.0,0.0,0.0,0.0,nan,nan,nan,0.0,3.0,0.0
Hard-C8-H64-Trajectory,407,PPM-3,12,160701232,128,8192,98304,36.0,0.0,0.49345210000001316,0.01,0.0,0.0,0.0,2.1127902845187485,0.0,0.0,0.0,0.0,nan,nan,nan,0.0,3.0,0.0
Hard-C8-H64-Trajectory,407,PPM-3,13,160701233,128,8192,106496,39.0,0.0,0.5366174000000115,0.01,0.0,0.0,0.0,1.9692704813376005,0.0,0.0,0.0,0.0,nan,nan,nan,0.0,3.0,0.0
Hard-C8-H64-Trajectory,407,PPM-3,14,160701234,128,8192,114688,42.0,0.0,0.5741482000000104,0.01,0.0,0.0,0.0,2.176146209964061,0.0,0.0,0.0,0.0,nan,nan,nan,0.0,3.0,0.0
Hard-C8-H64-Trajectory,407,PPM-3,15,160701235,128,8192,122880,45.0,0.0,0.6121109000000047,0.01,0.0,0.0,0.0,2.0975173039017814,0.0,0.0,0.0,0.0,nan,nan,nan,0.0,3.0,0.0
Hard-C8-H64-Trajectory,407,PPM-3,16,160701236,128,8192,131072,48.0,0.0,0.6622104000000064,0.01,0.0,0.0,0.0,1.9011588761422553,0.0,0.0,0.0,0.0,nan,nan,nan,0.0,3.0,0.0
Hard-C8-H64-Trajectory,407,PPM-3,17,160701237,128,8192,139264,51.0,0.0,0.7009901000000127,0.01,0.0,0.0,0.0,2.0454045617110626,0.0,0.0,0.0,0.0,nan,nan,nan,0.0,3.0,0.0
Hard-C8-H64-Trajectory,407,PPM-3,18,160701238,128,8192,147456,54.0,0.0,0.7420966000000107,0.01,0.0,0.0,0.0,1.9198666191179308,0.0,0.0,0.0,0.0,nan,nan,nan,0.0,3.0,0.0
Hard-C8-H64-Trajectory,407,PPM-3,19,160701239,128,8192,155648,57.0,0.0,0.7829059000000029,0.01,0.0,0.0,0.0,2.05269289384805,0.0,0.0,0.0,0.0,nan,nan,nan,0.0,3.0,0.0
Hard-C8-H64-Trajectory,407,PPM-3,20,160701240,128,8192,163840,60.0,0.0,0.8287135000000063,0.01,0.0,0.0,0.0,2.0628784595656473,0.0,0.0,0.0,0.0,nan,nan,nan,0.0,3.0,0.0
Hard-C8-H64-Trajectory,407,PPM-3,21,160701241,128,8192,172032,63.0,0.0,0.8835597000000064,0.01,0.0,0.0,0.0,1.8840623995581325,0.0,0.0,0.0,0.0,nan,nan,nan,0.0,3.0,0.0
Hard-C8-H64-Trajectory,407,PPM-3,22,160701242,128,8192,180224,66.0,0.0,0.9235416000000072,0.01,0.0,0.0,0.0,1.8818319591473394,0.0,0.0,0.0,0.0,nan,nan,nan,0.0,3.0,0.0
Hard-C8-H64-Trajectory,407,PPM-3,23,160701243,128,8192,188416,69.0,0.0,0.9612728000000033,0.01,0.0,0.0,0.0,1.8963448748797826,0.0,0.0,0.0,0.0,nan,nan,nan,0.0,3.0,0.0
Hard-C8-H64-Trajectory,407,PPM-3,24,160701244,128,8192,196608,72.0,0.0,1.002589400000005,0.01,0.0,0.0,0.0,1.9605671291403983,0.0,0.0,0.0,0.0,nan,nan,nan,0.0,3.0,0.0
Hard-C8-H64-Trajectory,407,PPM-3,25,160701245,128,8192,204800,75.0,0.0,1.0428229000000044,0.01,0.0,0.0,0.0,2.1113488368855897,0.0,0.0,0.0,0.0,nan,nan,nan,0.0,3.0,0.0
Hard-C8-H64-Trajectory,407,PPM-3,26,160701246,128,8192,212992,78.0,0.0,1.0957600000000127,0.01,0.0,0.0,0.0,2.1136948410120437,0.0,0.0,0.0,0.0,nan,nan,nan,0.0,3.0,0.0
Hard-C8-H64-Trajectory,407,PPM-3,27,160701247,128,8192,221184,81.0,0.0,1.1370846000000085,0.01,0.0,0.0,0.0,1.941051375868142,0.0,0.0,0.0,0.0,nan,nan,nan,0.0,3.0,0.0
Hard-C8-H64-Trajectory,407,PPM-3,28,160701248,128,8192,229376,84.0,0.0,1.1757363000000112,0.01,0.0,0.0,0.0,1.6221517126700695,0.0,0.0,0.0,0.0,nan,nan,nan,0.0,3.0,0.0
Hard-C8-H64-Trajectory,407,PPM-3,29,160701249,128,8192,237568,87.0,0.0,1.216680800000006,0.01,0.0,0.0,0.0,2.3493621451748354,0.0,0.0,0.0,0.0,nan,nan,nan,0.0,3.0,0.0
Hard-C8-H64-Trajectory,407,PPM-3,30,160701250,128,8192,245760,90.0,0.0,1.2585949999999997,0.01,0.0,0.0,0.0,1.740238701290479,0.0,0.0,0.0,0.0,nan,nan,nan,0.0,3.0,0.0
Hard-C8-H64-Trajectory,408,QP+G,1,160801224,128,8192,8192,1.0,1.0,0.10857680000000869,0.0,0.0,5.613067507911665,-0.3052655965800735,2.1831643929735844,12.25424911862972,0.0,0.0,0.0,0.0,0.0,0.0,5.0,1.0,1.0
Hard-C8-H64-Trajectory,408,QP+G,2,160801225,128,8192,16384,2.0,2.0,0.22418310000000474,0.0,0.0,4.952404420884166,0.3025741535117687,2.0660991362861387,10.232158496528431,0.0,0.0,0.0,0.0,0.0,0.0,5.0,1.0,1.0
Hard-C8-H64-Trajectory,408,QP+G,3,160801226,128,8192,24576,3.0,3.0,0.34377519999999606,0.0,0.0,4.53293837518892,-0.038186433828699226,1.8801456986126055,8.52258458818746,0.0,0.0,0.0,0.0,0.0,0.0,5.0,1.0,1.0
Hard-C8-H64-Trajectory,408,QP+G,4,160801227,128,8192,32768,4.0,4.0,0.46214640000000884,0.08,0.0,4.551753050369563,0.17733594011448553,2.0662524290108193,9.405070796583516,0.0,0.0,0.0,-0.02200216048790738,-0.022270557879832786,-0.0002683973919254054,5.0,1.0,1.0
Hard-C8-H64-Trajectory,408,QP+G,5,160801228,128,8192,40960,5.0,5.0,0.5816316000000086,0.08,0.0,4.90258226031067,0.23232442396307063,2.050251390075873,10.051526094163266,0.0,0.0,0.0,-0.008695704422692137,-0.007179051216870125,0.001516653205822012,5.0,1.0,1.0
Hard-C8-H64-Trajectory,408,QP+G,6,160801229,128,8192,49152,6.0,6.0,0.716048200000003,0.0,0.0,5.885036258035176,-0.311265254392535,2.3055429040164825,13.568203584592712,0.0,0.0,0.0,0.0,0.0,0.0,5.0,1.0,1.0
Hard-C8-H64-Trajectory,408,QP+G,7,160801230,128,8192,57344,7.0,7.0,0.8326986000000005,0.0,0.018883203707740485,4.236569241013213,0.2250642389626103,1.9560660484556576,8.2870092542775,1.0,0.0,0.0,-0.03236737718124794,-0.03175174985439533,0.000615627326852615,5.0,1.0,1.0
Hard-C8-H64-Trajectory,408,QP+G,8,160801231,128,8192,65536,8.0,8.0,0.9412382000000008,0.08,0.0,4.628188328347046,-0.004402688120224068,2.222264214848249,10.28505730166398,0.0,1.0,0.0,-0.027771633237281386,-0.026635435584717815,0.0011361976525635711,5.0,1.0,1.0
Hard-C8-H64-Trajectory,408,QP+G,9,160801232,128,8192,73728,9.0,9.0,1.0659066000000053,0.0,0.0,4.650971882870122,-0.1905940798021623,1.8848569441276304,8.76641665037011,0.0,0.0,0.0,0.0,0.0,0.0,5.0,1.0,1.0
Hard-C8-H64-Trajectory,408,QP+G,10,160801233,128,8192,81920,10.0,10.0,1.1932665000000071,0.08,0.0,5.0366319754169,-0.19936217926017127,2.252682911585629,11.34593478296742,0.0,1.0,0.0,-0.023445951864969613,-0.005708635414920504,0.01773731645004911,5.0,1.0,1.0
Hard-C8-H64-Trajectory,408,QP+G,11,160801234,128,8192,90112,11.0,11.0,1.3358830000000097,0.0,0.0,4.433060600139223,0.21399695441661662,1.997068408149236,8.853125275949134,0.0,0.0,0.0,0.0,0.0,0.0,5.0,1.0,1.0
Hard-C8-H64-Trajectory,408,QP+G,12,160801235,128,8192,98304,12.0,12.0,1.4633454000000086,0.08,0.0,3.83214345055564,-0.14399089061455694,2.0939542031372302,8.024332885315792,0.0,0.0,0.0,-0.01628997147330237,-0.016255918366215205,3.405310708716469e-05,5.0,1.0,1.0
Hard-C8-H64-Trajectory,408,QP+G,13,160801236,128,8192,106496,13.0,13.0,1.584128800000002,0.004514721049452924,0.016244516976783762,4.924738612685985,0.08739022849197758,1.9190057708524018,9.450601817684056,1.0,0.0,0.0,-0.04220405377578187,-0.04180422590447108,0.00039982787131078584,5.0,1.0,1.0
Hard-C8-H64-Trajectory,408,QP+G,14,160801237,128,8192,114688,14.0,14.0,1.6974096000000003,0.0,0.0,4.923201453271525,-0.15595139343814754,1.841837323496219,9.067736187726322,0.0,1.0,0.0,-0.0109280511177992,0.0,0.0109280511177992,5.0,1.0,1.0
Hard-C8-H64-Trajectory,408,QP+G,15,160801238,128,8192,122880,15.0,15.0,1.8179966000000007,0.0,0.0,4.4528978231967615,-0.23772841731936903,2.124890076822662,9.461918397616031,0.0,0.0,0.0,0.0,0.0,0.0,5.0,1.0,1.0
Hard-C8-H64-Trajectory,408,QP+G,16,160801239,128,8192,131072,16.0,16.0,1.946436900000009,0.08,0.0,5.511694723539027,0.16291435811800295,1.9024239498526851,10.48558004633732,0.0,1.0,0.0,-0.03790919702565125,-0.035125421680557434,0.002783775345093817,5.0,1.0,1.0
Hard-C8-H64-Trajectory,408,QP+G,17,160801240,128,8192,139264,17.0,17.0,2.080592899999999,0.08,0.0,6.774213718250186,-0.3516173291163189,2.138559489990079,14.487059034384915,0.0,1.0,1.0,-0.010345494050299671,-0.006105999432267861,0.00423949461803181,5.0,1.0,1.0
Hard-C8-H64-Trajectory,408,QP+G,18,160801241,128,8192,147456,18.0,18.0,2.229746300000002,0.08,0.0,5.559492328833201,0.3585548627992308,2.260901610960898,12.56946516238374,0.0,0.0,0.0,-0.01853755745057819,-0.018890049232409112,-0.00035249178183092283,5.0,1.0,1.0
Hard-C8-H64-Trajectory,408,QP+G,19,160801242,128,8192,155648,19.0,19.0,2.3473655000000093,0.0792814964592674,0.0,4.605905410270522,0.08138938664030283,1.7725501528964402,8.164198339201556,0.0,1.0,0.0,-0.006185754885910423,-0.005444065731437853,0.0007416891544725704,5.0,1.0,1.0
Hard-C8-H64-Trajectory,408,QP+G,20,160801243,128,8192,163840,20.0,20.0,2.4614705000000043,0.04333131475366304,0.0,5.357886843552535,0.12388180195824162,2.0125924557414643,10.783242640050279,0.0,0.0,0.0,-0.0034901596269972415,-0.0032974165297829927,0.0001927430972142488,5.0,1.0,1.0
Hard-C8-H64-Trajectory,408,QP+G,21,160801244,128,8192,172032,21.0,21.0,2.5817465000000084,0.0,0.0,5.390275964305495,-0.08041616253570803,1.8585855404301117,10.01828896618617,0.0,1.0,0.0,-0.020754591441180872,0.0,0.020754591441180872,5.0,1.0,1.0
Hard-C8-H64-Trajectory,408,QP+G,22,160801245,128,8192,180224,22.0,22.0,2.693197100000006,0.0,0.0,6.607751351728501,8.257507291576635e-05,2.1348552925107,14.106592944832322,0.0,1.0,0.0,-0.0002454273082106082,0.0,0.0002454273082106082,5.0,1.0,1.0
Hard-C8-H64-Trajectory,408,QP+G,23,160801246,128,8192,188416,23.0,23.0,2.808179899999999,0.0,0.0,5.70205019935605,0.176056575524866,2.0657732024688795,11.77914250096206,0.0,1.0,0.0,-0.007820488302037663,0.0,0.007820488302037663,5.0,1.0,1.0
Hard-C8-H64-Trajectory,408,QP+G,24,160801247,128,8192,196608,24.0,24.0,2.9223405000000042,0.0,0.016283191490098197,4.91304177369946,0.03268651265723054,1.872174269096448,9.198070391716103,1.0,0.0,0.0,-0.014823151423436343,-0.014826933713665724,-3.782290229381244e-06,5.0,1.0,1.0
Hard-C8-H64-Trajectory,408,QP+G,25,160801248,128,8192,204800,25.0,25.0,3.0417539000000033,0.0,0.01868503852394518,4.281500404587269,0.27306797962674006,1.9699298921166144,8.43425563010584,1.0,0.0,0.0,-0.05136810789670947,-0.0515022764242854,-0.00013416852757593134,5.0,1.0,1.0
Hard-C8-H64-Trajectory,408,QP+G,26,160801249,128,8192,212992,26.0,26.0,3.1780240000000077,0.08,0.0,5.728786376663664,0.1463391253749172,1.8806846026181525,10.77404033027999,0.0,0.0,0.0,-0.006451754873539435,-0.006499904439602133,-4.8149566062698386e-05,5.0,1.0,1.0
Hard-C8-H64-Trajectory,408,QP+G,27,160801250,128,8192,221184,27.0,27.0,3.2913275000000084,0.08,0.0,5.2376502464061225,-0.18877995411119758,1.8410239436791462,9.642639512250652,0.0,0.0,0.0,-0.02487226219409816,-0.022809248326923104,0.0020630138671750564,5.0,1.0,1.0
Hard-C8-H64-Trajectory,408,QP+G,28,160801251,128,8192,229376,28.0,28.0,3.4116637999999995,0.0,0.0,5.6191699504581045,0.2001385643017398,1.9884108668776257,11.173218592323105,0.0,0.0,0.0,0.0,0.0,0.0,5.0,1.0,1.0
Hard-C8-H64-Trajectory,408,QP+G,29,160801252,128,8192,237568,29.0,29.0,3.530555200000009,0.08,0.0,5.325315643593144,0.08797865134350732,2.132948646478229,11.358624794071336,0.0,0.0,0.0,-0.05226918037253497,-0.052308457005215914,-3.927663268094711e-05,5.0,1.0,1.0
Hard-C8-H64-Trajectory,408,QP+G,30,160801253,128,8192,245760,30.0,30.0,3.650351900000004,0.08,0.0,4.551525214533795,0.12207578880560618,1.995768701731106,9.083791568306506,0.0,0.0,0.0,-0.031272315409199725,-0.03165892644349633,-0.00038661103429660226,5.0,1.0,1.0
Hard-C8-H64-Trajectory,408,noG,1,160801224,128,8192,8192,1.0,0.0,0.05985870000000659,0.0,0.0,0.0,0.0,2.1831643929735844,0.0,0.0,0.0,0.0,0.0,0.0,0.0,3.0,1.0,0.0
Hard-C8-H64-Trajectory,408,noG,2,160801225,128,8192,16384,2.0,0.0,0.1314629000000025,0.0,0.0,0.0,0.0,2.0660991362861387,0.0,0.0,0.0,0.0,0.0,0.0,0.0,3.0,1.0,0.0
Hard-C8-H64-Trajectory,408,noG,3,160801226,128,8192,24576,3.0,0.0,0.2107941000000011,0.0,0.0,0.0,0.0,1.8801456986126055,0.0,0.0,0.0,0.0,0.0,0.0,0.0,3.0,1.0,0.0
Hard-C8-H64-Trajectory,408,noG,4,160801227,128,8192,32768,4.0,0.0,0.2814963000000006,0.08,0.0,0.0,0.0,2.0662524290108193,0.0,0.0,0.0,0.0,-0.022002160487907377,-0.022270557879832786,-0.0002683973919254089,3.0,1.0,0.0
Hard-C8-H64-Trajectory,408,noG,5,160801228,128,8192,40960,5.0,0.0,0.35371430000000714,0.08,0.0,0.0,0.0,2.050251390075873,0.0,0.0,0.0,0.0,-0.008695704422692137,-0.007179051216870125,0.001516653205822012,3.0,1.0,0.0
Hard-C8-H64-Trajectory,408,noG,6,160801229,128,8192,49152,6.0,0.0,0.44737349999999765,0.0,0.0,0.0,0.0,2.3055429040164825,0.0,0.0,0.0,0.0,0.0,0.0,0.0,3.0,1.0,0.0
Hard-C8-H64-Trajectory,408,noG,7,160801230,128,8192,57344,7.0,0.0,0.5262163999999956,0.0,0.0,0.0,0.0,1.9560660484556576,0.0,0.0,0.0,0.0,0.0,0.0,0.0,3.0,1.0,0.0
Hard-C8-H64-Trajectory,408,noG,8,160801231,128,8192,65536,8.0,0.0,0.6067454000000083,0.08,0.0,0.0,0.0,2.1540034576980522,0.0,0.0,0.0,0.0,-0.04145617649167502,-0.040948882977842604,0.0005072935138324131,3.0,1.0,0.0
Hard-C8-H64-Trajectory,408,noG,9,160801232,128,8192,73728,9.0,0.0,0.6790253000000064,0.024178571422160414,0.0,0.0,0.0,1.9989171057910922,0.0,0.0,0.0,0.0,-0.0011439746696849892,-0.0011537272614017269,-9.752591716737698e-06,3.0,1.0,0.0
Hard-C8-H64-Trajectory,408,noG,10,160801233,128,8192,81920,10.0,0.0,0.7615552999999977,0.08,0.0,0.0,0.0,2.333412563437111,0.0,0.0,0.0,0.0,-0.009762058288591932,-0.00955115943201612,0.0002108988565758113,3.0,1.0,0.0
Hard-C8-H64-Trajectory,408,noG,11,160801234,128,8192,90112,11.0,0.0,0.8491407000000066,0.0,0.0,0.0,0.0,2.1857915323330275,0.0,0.0,0.0,0.0,0.0,0.0,0.0,3.0,1.0,0.0
Hard-C8-H64-Trajectory,408,noG,12,160801235,128,8192,98304,12.0,0.0,0.924455100000003,0.08,0.0,0.0,0.0,2.1626848722992387,0.0,0.0,0.0,0.0,-0.010124213610471574,-0.010171468496870784,-4.7254886399209287e-05,3.0,1.0,0.0
Hard-C8-H64-Trajectory,408,noG,13,160801236,128,8192,106496,13.0,0.0,0.9961162999999971,0.08,0.0,0.0,0.0,2.013738856945213,0.0,0.0,0.0,0.0,-0.014079533081060702,-0.013874703370036823,0.00020482971102387879,3.0,1.0,0.0
Hard-C8-H64-Trajectory,408,noG,14,160801237,128,8192,114688,14.0,0.0,1.066090900000006,0.04810370284408919,0.0,0.0,0.0,1.9295714613469435,0.0,0.0,0.0,0.0,-0.0026049538306844827,-0.0026284976429380436,-2.3543812253560854e-05,3.0,1.0,0.0
Hard-C8-H64-Trajectory,408,noG,15,160801238,128,8192,122880,15.0,0.0,1.1393817000000013,0.0,0.0,0.0,0.0,2.1904918889292104,0.0,0.0,0.0,0.0,0.0,0.0,0.0,3.0,1.0,0.0
Hard-C8-H64-Trajectory,408,noG,16,160801239,128,8192,131072,16.0,0.0,1.226678899999996,0.08,0.0,0.0,0.0,1.7747611024601506,0.0,0.0,0.0,0.0,-0.02098101437162476,-0.020995425243016896,-1.4410871392134955e-05,3.0,1.0,0.0
Hard-C8-H64-Trajectory,408,noG,17,160801240,128,8192,139264,17.0,0.0,1.3030994000000078,0.04874046757043162,0.0,0.0,0.0,2.219564038744794,0.0,0.0,0.0,0.0,-0.005263479849656414,-0.004728777861890965,0.0005347019877654496,3.0,1.0,0.0
Hard-C8-H64-Trajectory,408,noG,18,160801241,128,8192,147456,18.0,0.0,1.3813844000000017,0.08,0.0,0.0,0.0,2.4954468651751083,0.0,0.0,0.0,0.0,-0.04039227248401842,-0.04178051598946553,-0.0013882435054471051,3.0,1.0,0.0
Hard-C8-H64-Trajectory,408,noG,19,160801242,128,8192,155648,19.0,0.0,1.4620790000000028,0.08,0.0,0.0,0.0,1.8575157857092623,0.0,0.0,0.0,0.0,-0.006491371792889604,-0.00591562990474781,0.0005757418881417939,3.0,1.0,0.0
Hard-C8-H64-Trajectory,408,noG,20,160801243,128,8192,163840,20.0,0.0,1.5513052000000016,0.009265972629767095,0.0,0.0,0.0,2.1242762565477267,0.0,0.0,0.0,0.0,-0.0002116503436045602,-0.00021173155870890525,-8.121510434506334e-08,3.0,1.0,0.0
Hard-C8-H64-Trajectory,408,noG,21,160801244,128,8192,172032,21.0,0.0,1.651852599999998,0.0,0.0,0.0,0.0,1.7849877672783303,0.0,0.0,0.0,0.0,0.0,0.0,0.0,3.0,1.0,0.0
Hard-C8-H64-Trajectory,408,noG,22,160801245,128,8192,180224,22.0,0.0,1.7313137999999952,0.011736844389085127,0.0,0.0,0.0,2.0600948133250894,0.0,0.0,0.0,0.0,-0.00023545340153212832,-0.00023532512124635474,1.2828028577357704e-07,3.0,1.0,0.0
Hard-C8-H64-Trajectory,408,noG,23,160801246,128,8192,188416,23.0,0.0,1.807805799999997,0.0,0.0,0.0,0.0,2.156484451554853,0.0,0.0,0.0,0.0,0.0,0.0,0.0,3.0,1.0,0.0
Hard-C8-H64-Trajectory,408,noG,24,160801247,128,8192,196608,24.0,0.0,1.887012299999995,0.0,0.0,0.0,0.0,1.9310829709931565,0.0,0.0,0.0,0.0,0.0,0.0,0.0,3.0,1.0,0.0
Hard-C8-H64-Trajectory,408,noG,25,160801248,128,8192,204800,25.0,0.0,1.9747411999999969,0.0,0.0,0.0,0.0,2.067054919182326,0.0,0.0,0.0,0.0,0.0,0.0,0.0,3.0,1.0,0.0
Hard-C8-H64-Trajectory,408,noG,26,160801249,128,8192,212992,26.0,0.0,2.0692810999999978,0.02614013164601031,0.0,0.0,0.0,2.1834538281086227,0.0,0.0,0.0,0.0,-0.0008186712472848335,-0.0008245852199237902,-5.913972638956649e-06,3.0,1.0,0.0
Hard-C8-H64-Trajectory,408,noG,27,160801250,128,8192,221184,27.0,0.0,2.1438379000000083,0.08,0.0,0.0,0.0,1.9814678482319896,0.0,0.0,0.0,0.0,-0.015839343809563665,-0.014413103696084839,0.0014262401134788258,3.0,1.0,0.0
Hard-C8-H64-Trajectory,408,noG,28,160801251,128,8192,229376,28.0,0.0,2.2243236000000053,0.0,0.0,0.0,0.0,2.210977846092031,0.0,0.0,0.0,0.0,0.0,0.0,0.0,3.0,1.0,0.0
Hard-C8-H64-Trajectory,408,noG,29,160801252,128,8192,237568,29.0,0.0,2.2977539000000036,0.08,0.0,0.0,0.0,1.9572371309189398,0.0,0.0,0.0,0.0,-0.01891814716525565,-0.01886228218228414,5.5864982971508964e-05,3.0,1.0,0.0
Hard-C8-H64-Trajectory,408,noG,30,160801253,128,8192,245760,30.0,0.0,2.3691551000000004,0.08,0.0,0.0,0.0,2.1257707845573717,0.0,0.0,0.0,0.0,-0.03899576882750352,-0.04022385722377342,-0.001228088396269901,3.0,1.0,0.0
Hard-C8-H64-Trajectory,408,GDA,1,160801224,128,8192,8192,1.0,0.0,0.028094199999998182,0.01,0.0,0.0,0.0,2.1831643929735844,0.0,0.0,0.0,0.0,nan,nan,nan,0.0,1.0,0.0
Hard-C8-H64-Trajectory,408,GDA,2,160801225,128,8192,16384,2.0,0.0,0.06341840000000332,0.01,0.0,0.0,0.0,2.1143241747769426,0.0,0.0,0.0,0.0,nan,nan,nan,0.0,1.0,0.0
Hard-C8-H64-Trajectory,408,GDA,3,160801226,128,8192,24576,3.0,0.0,0.10613320000000215,0.01,0.0,0.0,0.0,1.8653786054702899,0.0,0.0,0.0,0.0,nan,nan,nan,0.0,1.0,0.0
Hard-C8-H64-Trajectory,408,GDA,4,160801227,128,8192,32768,4.0,0.0,0.13998340000000553,0.01,0.0,0.0,0.0,2.0572130472125023,0.0,0.0,0.0,0.0,nan,nan,nan,0.0,1.0,0.0
Hard-C8-H64-Trajectory,408,GDA,5,160801228,128,8192,40960,5.0,0.0,0.17233280000000661,0.01,0.0,0.0,0.0,1.9847814782611723,0.0,0.0,0.0,0.0,nan,nan,nan,0.0,1.0,0.0
Hard-C8-H64-Trajectory,408,GDA,6,160801229,128,8192,49152,6.0,0.0,0.2188555999999977,0.01,0.0,0.0,0.0,2.297670539386266,0.0,0.0,0.0,0.0,nan,nan,nan,0.0,1.0,0.0
Hard-C8-H64-Trajectory,408,GDA,7,160801230,128,8192,57344,7.0,0.0,0.25684220000000835,0.01,0.0,0.0,0.0,2.2345811769675024,0.0,0.0,0.0,0.0,nan,nan,nan,0.0,1.0,0.0
Hard-C8-H64-Trajectory,408,GDA,8,160801231,128,8192,65536,8.0,0.0,0.28925320000000454,0.01,0.0,0.0,0.0,2.1931939805556007,0.0,0.0,0.0,0.0,nan,nan,nan,0.0,1.0,0.0
Hard-C8-H64-Trajectory,408,GDA,9,160801232,128,8192,73728,9.0,0.0,0.3235214000000042,0.01,0.0,0.0,0.0,1.8906830609447236,0.0,0.0,0.0,0.0,nan,nan,nan,0.0,1.0,0.0
Hard-C8-H64-Trajectory,408,GDA,10,160801233,128,8192,81920,10.0,0.0,0.3608829000000071,0.01,0.0,0.0,0.0,2.2761029595851556,0.0,0.0,0.0,0.0,nan,nan,nan,0.0,1.0,0.0
Hard-C8-H64-Trajectory,408,GDA,11,160801234,128,8192,90112,11.0,0.0,0.407108000000008,0.01,0.0,0.0,0.0,2.0960580316227193,0.0,0.0,0.0,0.0,nan,nan,nan,0.0,1.0,0.0
Hard-C8-H64-Trajectory,408,GDA,12,160801235,128,8192,98304,12.0,0.0,0.4419141000000053,0.01,0.0,0.0,0.0,2.1807246032336622,0.0,0.0,0.0,0.0,nan,nan,nan,0.0,1.0,0.0
Hard-C8-H64-Trajectory,408,GDA,13,160801236,128,8192,106496,13.0,0.0,0.47772240000000465,0.01,0.0,0.0,0.0,2.0292905506995824,0.0,0.0,0.0,0.0,nan,nan,nan,0.0,1.0,0.0
Hard-C8-H64-Trajectory,408,GDA,14,160801237,128,8192,114688,14.0,0.0,0.5137098000000009,0.01,0.0,0.0,0.0,1.7756531849263886,0.0,0.0,0.0,0.0,nan,nan,nan,0.0,1.0,0.0
Hard-C8-H64-Trajectory,408,GDA,15,160801238,128,8192,122880,15.0,0.0,0.5483400000000103,0.01,0.0,0.0,0.0,2.227537260074002,0.0,0.0,0.0,0.0,nan,nan,nan,0.0,1.0,0.0
Hard-C8-H64-Trajectory,408,GDA,16,160801239,128,8192,131072,16.0,0.0,0.5931367000000023,0.01,0.0,0.0,0.0,1.732333753423227,0.0,0.0,0.0,0.0,nan,nan,nan,0.0,1.0,0.0
Hard-C8-H64-Trajectory,408,GDA,17,160801240,128,8192,139264,17.0,0.0,0.6295567000000091,0.01,0.0,0.0,0.0,2.3701170487799845,0.0,0.0,0.0,0.0,nan,nan,nan,0.0,1.0,0.0
Hard-C8-H64-Trajectory,408,GDA,18,160801241,128,8192,147456,18.0,0.0,0.669567200000003,0.01,0.0,0.0,0.0,2.2020991236802816,0.0,0.0,0.0,0.0,nan,nan,nan,0.0,1.0,0.0
Hard-C8-H64-Trajectory,408,GDA,19,160801242,128,8192,155648,19.0,0.0,0.7139668000000086,0.01,0.0,0.0,0.0,1.765612415451894,0.0,0.0,0.0,0.0,nan,nan,nan,0.0,1.0,0.0
Hard-C8-H64-Trajectory,408,GDA,20,160801243,128,8192,163840,20.0,0.0,0.7501091000000031,0.01,0.0,0.0,0.0,1.9063525128404764,0.0,0.0,0.0,0.0,nan,nan,nan,0.0,1.0,0.0
Hard-C8-H64-Trajectory,408,GDA,21,160801244,128,8192,172032,21.0,0.0,0.7964436999999975,0.01,0.0,0.0,0.0,1.5979474876649828,0.0,0.0,0.0,0.0,nan,nan,nan,0.0,1.0,0.0
Hard-C8-H64-Trajectory,408,GDA,22,160801245,128,8192,180224,22.0,0.0,0.8298356000000098,0.01,0.0,0.0,0.0,2.2171327244608685,0.0,0.0,0.0,0.0,nan,nan,nan,0.0,1.0,0.0
Hard-C8-H64-Trajectory,408,GDA,23,160801246,128,8192,188416,23.0,0.0,0.8628582999999992,0.01,0.0,0.0,0.0,2.118008956335524,0.0,0.0,0.0,0.0,nan,nan,nan,0.0,1.0,0.0
Hard-C8-H64-Trajectory,408,GDA,24,160801247,128,8192,196608,24.0,0.0,0.9001287000000104,0.01,0.0,0.0,0.0,1.7833030010895397,0.0,0.0,0.0,0.0,nan,nan,nan,0.0,1.0,0.0
Hard-C8-H64-Trajectory,408,GDA,25,160801248,128,8192,204800,25.0,0.0,0.9380270999999993,0.01,0.0,0.0,0.0,1.974329994478146,0.0,0.0,0.0,0.0,nan,nan,nan,0.0,1.0,0.0
Hard-C8-H64-Trajectory,408,GDA,26,160801249,128,8192,212992,26.0,0.0,0.9872318000000035,0.01,0.0,0.0,0.0,1.8272796421970385,0.0,0.0,0.0,0.0,nan,nan,nan,0.0,1.0,0.0
Hard-C8-H64-Trajectory,408,GDA,27,160801250,128,8192,221184,27.0,0.0,1.0237366000000065,0.01,0.0,0.0,0.0,1.9830395901027684,0.0,0.0,0.0,0.0,nan,nan,nan,0.0,1.0,0.0
Hard-C8-H64-Trajectory,408,GDA,28,160801251,128,8192,229376,28.0,0.0,1.0606659999999977,0.01,0.0,0.0,0.0,2.051226792162682,0.0,0.0,0.0,0.0,nan,nan,nan,0.0,1.0,0.0
Hard-C8-H64-Trajectory,408,GDA,29,160801252,128,8192,237568,29.0,0.0,1.0978520999999972,0.01,0.0,0.0,0.0,2.0670380140035443,0.0,0.0,0.0,0.0,nan,nan,nan,0.0,1.0,0.0
Hard-C8-H64-Trajectory,408,GDA,30,160801253,128,8192,245760,30.0,0.0,1.1334453000000053,0.01,0.0,0.0,0.0,2.105120205341281,0.0,0.0,0.0,0.0,nan,nan,nan,0.0,1.0,0.0
Hard-C8-H64-Trajectory,408,EGM,1,160801224,128,8192,8192,2.0,0.0,0.02853880000000686,0.01,0.0,0.0,0.0,2.1831643929735844,0.0,0.0,0.0,0.0,nan,nan,nan,0.0,2.0,0.0
Hard-C8-H64-Trajectory,408,EGM,2,160801225,128,8192,16384,4.0,0.0,0.06607460000000742,0.01,0.0,0.0,0.0,2.1070397517014796,0.0,0.0,0.0,0.0,nan,nan,nan,0.0,2.0,0.0
Hard-C8-H64-Trajectory,408,EGM,3,160801226,128,8192,24576,6.0,0.0,0.10274280000000147,0.01,0.0,0.0,0.0,1.865886590353208,0.0,0.0,0.0,0.0,nan,nan,nan,0.0,2.0,0.0
Hard-C8-H64-Trajectory,408,EGM,4,160801227,128,8192,32768,8.0,0.0,0.14133660000000248,0.01,0.0,0.0,0.0,2.0478523751614897,0.0,0.0,0.0,0.0,nan,nan,nan,0.0,2.0,0.0
Hard-C8-H64-Trajectory,408,EGM,5,160801228,128,8192,40960,10.0,0.0,0.18173880000000509,0.01,0.0,0.0,0.0,1.9778424645095518,0.0,0.0,0.0,0.0,nan,nan,nan,0.0,2.0,0.0
Hard-C8-H64-Trajectory,408,EGM,6,160801229,128,8192,49152,12.0,0.0,0.23134920000001102,0.01,0.0,0.0,0.0,2.3064209755834746,0.0,0.0,0.0,0.0,nan,nan,nan,0.0,2.0,0.0
Hard-C8-H64-Trajectory,408,EGM,7,160801230,128,8192,57344,14.0,0.0,0.27097910000000525,0.01,0.0,0.0,0.0,2.2520816335853833,0.0,0.0,0.0,0.0,nan,nan,nan,0.0,2.0,0.0
Hard-C8-H64-Trajectory,408,EGM,8,160801231,128,8192,65536,16.0,0.0,0.3139420000000115,0.01,0.0,0.0,0.0,2.214250339879365,0.0,0.0,0.0,0.0,nan,nan,nan,0.0,2.0,0.0
Hard-C8-H64-Trajectory,408,EGM,9,160801232,128,8192,73728,18.0,0.0,0.3651595000000043,0.01,0.0,0.0,0.0,1.9061634309348539,0.0,0.0,0.0,0.0,nan,nan,nan,0.0,2.0,0.0
Hard-C8-H64-Trajectory,408,EGM,10,160801233,128,8192,81920,20.0,0.0,0.4030137000000025,0.01,0.0,0.0,0.0,2.27750356061054,0.0,0.0,0.0,0.0,nan,nan,nan,0.0,2.0,0.0
Hard-C8-H64-Trajectory,408,EGM,11,160801234,128,8192,90112,22.0,0.0,0.45103090000000634,0.01,0.0,0.0,0.0,2.1078688663951284,0.0,0.0,0.0,0.0,nan,nan,nan,0.0,2.0,0.0
Hard-C8-H64-Trajectory,408,EGM,12,160801235,128,8192,98304,24.0,0.0,0.4878491999999994,0.01,0.0,0.0,0.0,2.1770567817889157,0.0,0.0,0.0,0.0,nan,nan,nan,0.0,2.0,0.0
Hard-C8-H64-Trajectory,408,EGM,13,160801236,128,8192,106496,26.0,0.0,0.5242503999999997,0.01,0.0,0.0,0.0,2.012291360674725,0.0,0.0,0.0,0.0,nan,nan,nan,0.0,2.0,0.0
Hard-C8-H64-Trajectory,408,EGM,14,160801237,128,8192,114688,28.0,0.0,0.5611583000000024,0.01,0.0,0.0,0.0,1.7780139357488525,0.0,0.0,0.0,0.0,nan,nan,nan,0.0,2.0,0.0
Hard-C8-H64-Trajectory,408,EGM,15,160801238,128,8192,122880,30.0,0.0,0.5985567000000032,0.01,0.0,0.0,0.0,2.229859965906377,0.0,0.0,0.0,0.0,nan,nan,nan,0.0,2.0,0.0
Hard-C8-H64-Trajectory,408,EGM,16,160801239,128,8192,131072,32.0,0.0,0.6441493000000094,0.01,0.0,0.0,0.0,1.7190939940087493,0.0,0.0,0.0,0.0,nan,nan,nan,0.0,2.0,0.0
Hard-C8-H64-Trajectory,408,EGM,17,160801240,128,8192,139264,34.0,0.0,0.6818221000000051,0.01,0.0,0.0,0.0,2.392356624729694,0.0,0.0,0.0,0.0,nan,nan,nan,0.0,2.0,0.0
Hard-C8-H64-Trajectory,408,EGM,18,160801241,128,8192,147456,36.0,0.0,0.7220476000000104,0.01,0.0,0.0,0.0,2.2348098117403796,0.0,0.0,0.0,0.0,nan,nan,nan,0.0,2.0,0.0
Hard-C8-H64-Trajectory,408,EGM,19,160801242,128,8192,155648,38.0,0.0,0.7613019000000065,0.01,0.0,0.0,0.0,1.7660644323502388,0.0,0.0,0.0,0.0,nan,nan,nan,0.0,2.0,0.0
Hard-C8-H64-Trajectory,408,EGM,20,160801243,128,8192,163840,40.0,0.0,0.7970039000000071,0.01,0.0,0.0,0.0,1.9079546745867226,0.0,0.0,0.0,0.0,nan,nan,nan,0.0,2.0,0.0
Hard-C8-H64-Trajectory,408,EGM,21,160801244,128,8192,172032,42.0,0.0,0.8480969000000016,0.01,0.0,0.0,0.0,1.6024998415984608,0.0,0.0,0.0,0.0,nan,nan,nan,0.0,2.0,0.0
Hard-C8-H64-Trajectory,408,EGM,22,160801245,128,8192,180224,44.0,0.0,0.8866256000000021,0.01,0.0,0.0,0.0,2.235931063500212,0.0,0.0,0.0,0.0,nan,nan,nan,0.0,2.0,0.0
Hard-C8-H64-Trajectory,408,EGM,23,160801246,128,8192,188416,46.0,0.0,0.9242948000000126,0.01,0.0,0.0,0.0,2.154507501894767,0.0,0.0,0.0,0.0,nan,nan,nan,0.0,2.0,0.0
Hard-C8-H64-Trajectory,408,EGM,24,160801247,128,8192,196608,48.0,0.0,0.9648714000000069,0.01,0.0,0.0,0.0,1.7904391246686095,0.0,0.0,0.0,0.0,nan,nan,nan,0.0,2.0,0.0
Hard-C8-H64-Trajectory,408,EGM,25,160801248,128,8192,204800,50.0,0.0,1.011954700000004,0.01,0.0,0.0,0.0,1.9738770338539904,0.0,0.0,0.0,0.0,nan,nan,nan,0.0,2.0,0.0
Hard-C8-H64-Trajectory,408,EGM,26,160801249,128,8192,212992,52.0,0.0,1.0672449000000057,0.01,0.0,0.0,0.0,1.8266276361124045,0.0,0.0,0.0,0.0,nan,nan,nan,0.0,2.0,0.0
Hard-C8-H64-Trajectory,408,EGM,27,160801250,128,8192,221184,54.0,0.0,1.102317400000004,0.01,0.0,0.0,0.0,2.002970828436824,0.0,0.0,0.0,0.0,nan,nan,nan,0.0,2.0,0.0
Hard-C8-H64-Trajectory,408,EGM,28,160801251,128,8192,229376,56.0,0.0,1.1391377000000062,0.01,0.0,0.0,0.0,2.028540262905306,0.0,0.0,0.0,0.0,nan,nan,nan,0.0,2.0,0.0
Hard-C8-H64-Trajectory,408,EGM,29,160801252,128,8192,237568,58.0,0.0,1.1765393000000017,0.01,0.0,0.0,0.0,2.0786959758181016,0.0,0.0,0.0,0.0,nan,nan,nan,0.0,2.0,0.0
Hard-C8-H64-Trajectory,408,EGM,30,160801253,128,8192,245760,60.0,0.0,1.2157218000000114,0.01,0.0,0.0,0.0,2.117124008741472,0.0,0.0,0.0,0.0,nan,nan,nan,0.0,2.0,0.0
Hard-C8-H64-Trajectory,408,PPM-3,1,160801224,128,8192,8192,3.0,0.0,0.029532400000007897,0.01,0.0,0.0,0.0,2.1831643929735844,0.0,0.0,0.0,0.0,nan,nan,nan,0.0,3.0,0.0
Hard-C8-H64-Trajectory,408,PPM-3,2,160801225,128,8192,16384,6.0,0.0,0.07590980000000513,0.01,0.0,0.0,0.0,2.1070846128930967,0.0,0.0,0.0,0.0,nan,nan,nan,0.0,3.0,0.0
Hard-C8-H64-Trajectory,408,PPM-3,3,160801226,128,8192,24576,9.0,0.0,0.12056820000000812,0.01,0.0,0.0,0.0,1.8659391489214299,0.0,0.0,0.0,0.0,nan,nan,nan,0.0,3.0,0.0
Hard-C8-H64-Trajectory,408,PPM-3,4,160801227,128,8192,32768,12.0,0.0,0.1640457999999967,0.01,0.0,0.0,0.0,2.048119669515938,0.0,0.0,0.0,0.0,nan,nan,nan,0.0,3.0,0.0
Hard-C8-H64-Trajectory,408,PPM-3,5,160801228,128,8192,40960,15.0,0.0,0.2080365999999998,0.01,0.0,0.0,0.0,1.9778618440885094,0.0,0.0,0.0,0.0,nan,nan,nan,0.0,3.0,0.0
Hard-C8-H64-Trajectory,408,PPM-3,6,160801229,128,8192,49152,18.0,0.0,0.2632741999999979,0.01,0.0,0.0,0.0,2.307403775786726,0.0,0.0,0.0,0.0,nan,nan,nan,0.0,3.0,0.0
Hard-C8-H64-Trajectory,408,PPM-3,7,160801230,128,8192,57344,21.0,0.0,0.3037656000000055,0.01,0.0,0.0,0.0,2.253329952339473,0.0,0.0,0.0,0.0,nan,nan,nan,0.0,3.0,0.0
Hard-C8-H64-Trajectory,408,PPM-3,8,160801231,128,8192,65536,24.0,0.0,0.3467836000000091,0.01,0.0,0.0,0.0,2.20993534380104,0.0,0.0,0.0,0.0,nan,nan,nan,0.0,3.0,0.0
Hard-C8-H64-Trajectory,408,PPM-3,9,160801232,128,8192,73728,27.0,0.0,0.38564200000000426,0.01,0.0,0.0,0.0,1.9060857160873652,0.0,0.0,0.0,0.0,nan,nan,nan,0.0,3.0,0.0
Hard-C8-H64-Trajectory,408,PPM-3,10,160801233,128,8192,81920,30.0,0.0,0.4299366000000049,0.01,0.0,0.0,0.0,2.2803770861568258,0.0,0.0,0.0,0.0,nan,nan,nan,0.0,3.0,0.0
Hard-C8-H64-Trajectory,408,PPM-3,11,160801234,128,8192,90112,33.0,0.0,0.48544160000000147,0.01,0.0,0.0,0.0,2.108074874299263,0.0,0.0,0.0,0.0,nan,nan,nan,0.0,3.0,0.0
Hard-C8-H64-Trajectory,408,PPM-3,12,160801235,128,8192,98304,36.0,0.0,0.5361438000000049,0.01,0.0,0.0,0.0,2.1759549849644815,0.0,0.0,0.0,0.0,nan,nan,nan,0.0,3.0,0.0
Hard-C8-H64-Trajectory,408,PPM-3,13,160801236,128,8192,106496,39.0,0.0,0.5780716000000012,0.01,0.0,0.0,0.0,2.0133017339657466,0.0,0.0,0.0,0.0,nan,nan,nan,0.0,3.0,0.0
Hard-C8-H64-Trajectory,408,PPM-3,14,160801237,128,8192,114688,42.0,0.0,0.622253900000004,0.01,0.0,0.0,0.0,1.7754209885892633,0.0,0.0,0.0,0.0,nan,nan,nan,0.0,3.0,0.0
Hard-C8-H64-Trajectory,408,PPM-3,15,160801238,128,8192,122880,45.0,0.0,0.6683691000000067,0.01,0.0,0.0,0.0,2.2366261392458266,0.0,0.0,0.0,0.0,nan,nan,nan,0.0,3.0,0.0
Hard-C8-H64-Trajectory,408,PPM-3,16,160801239,128,8192,131072,48.0,0.0,0.7257972999999964,0.01,0.0,0.0,0.0,1.7228467574946214,0.0,0.0,0.0,0.0,nan,nan,nan,0.0,3.0,0.0
Hard-C8-H64-Trajectory,408,PPM-3,17,160801240,128,8192,139264,51.0,0.0,0.7745612000000079,0.01,0.0,0.0,0.0,2.390395547005438,0.0,0.0,0.0,0.0,nan,nan,nan,0.0,3.0,0.0
Hard-C8-H64-Trajectory,408,PPM-3,18,160801241,128,8192,147456,54.0,0.0,0.8156649000000016,0.01,0.0,0.0,0.0,2.2383180304091415,0.0,0.0,0.0,0.0,nan,nan,nan,0.0,3.0,0.0
Hard-C8-H64-Trajectory,408,PPM-3,19,160801242,128,8192,155648,57.0,0.0,0.8561830000000015,0.01,0.0,0.0,0.0,1.774800144574769,0.0,0.0,0.0,0.0,nan,nan,nan,0.0,3.0,0.0
Hard-C8-H64-Trajectory,408,PPM-3,20,160801243,128,8192,163840,60.0,0.0,0.9039681000000002,0.01,0.0,0.0,0.0,1.9071434554868654,0.0,0.0,0.0,0.0,nan,nan,nan,0.0,3.0,0.0
Hard-C8-H64-Trajectory,408,PPM-3,21,160801244,128,8192,172032,63.0,0.0,0.965676600000009,0.01,0.0,0.0,0.0,1.6009427460709214,0.0,0.0,0.0,0.0,nan,nan,nan,0.0,3.0,0.0
Hard-C8-H64-Trajectory,408,PPM-3,22,160801245,128,8192,180224,66.0,0.0,1.007477399999999,0.01,0.0,0.0,0.0,2.2362994348151504,0.0,0.0,0.0,0.0,nan,nan,nan,0.0,3.0,0.0
Hard-C8-H64-Trajectory,408,PPM-3,23,160801246,128,8192,188416,69.0,0.0,1.0494179000000088,0.01,0.0,0.0,0.0,2.147865077121942,0.0,0.0,0.0,0.0,nan,nan,nan,0.0,3.0,0.0
Hard-C8-H64-Trajectory,408,PPM-3,24,160801247,128,8192,196608,72.0,0.0,1.091805000000008,0.01,0.0,0.0,0.0,1.7864511720517642,0.0,0.0,0.0,0.0,nan,nan,nan,0.0,3.0,0.0
Hard-C8-H64-Trajectory,408,PPM-3,25,160801248,128,8192,204800,75.0,0.0,1.1416096000000096,0.01,0.0,0.0,0.0,1.978086147142312,0.0,0.0,0.0,0.0,nan,nan,nan,0.0,3.0,0.0
Hard-C8-H64-Trajectory,408,PPM-3,26,160801249,128,8192,212992,78.0,0.0,1.1959273000000081,0.01,0.0,0.0,0.0,1.824451976759784,0.0,0.0,0.0,0.0,nan,nan,nan,0.0,3.0,0.0
Hard-C8-H64-Trajectory,408,PPM-3,27,160801250,128,8192,221184,81.0,0.0,1.2482327999999967,0.01,0.0,0.0,0.0,2.009947403069625,0.0,0.0,0.0,0.0,nan,nan,nan,0.0,3.0,0.0
Hard-C8-H64-Trajectory,408,PPM-3,28,160801251,128,8192,229376,84.0,0.0,1.300820299999998,0.01,0.0,0.0,0.0,2.0149623415701345,0.0,0.0,0.0,0.0,nan,nan,nan,0.0,3.0,0.0
Hard-C8-H64-Trajectory,408,PPM-3,29,160801252,128,8192,237568,87.0,0.0,1.3460327000000092,0.01,0.0,0.0,0.0,2.098869837706936,0.0,0.0,0.0,0.0,nan,nan,nan,0.0,3.0,0.0
Hard-C8-H64-Trajectory,408,PPM-3,30,160801253,128,8192,245760,90.0,0.0,1.3881099000000034,0.01,0.0,0.0,0.0,2.1119394042056587,0.0,0.0,0.0,0.0,nan,nan,nan,0.0,3.0,0.0
Hard-C8-H64-Trajectory,409,QP+G,1,160901227,128,8192,8192,1.0,1.0,0.10189099999999485,0.0,0.012182953742066389,5.980561028793122,0.05189455584399475,2.2912116229491923,13.70273094092778,1.0,0.0,0.0,-0.01430512465787612,-0.014268208083084044,3.691657479207647e-05,5.0,1.0,1.0
Hard-C8-H64-Trajectory,409,QP+G,2,160901228,128,8192,16384,2.0,2.0,0.21684909999999036,0.0,0.0,6.094308824613839,0.30450505648374154,2.3830099911750238,14.522798818360895,0.0,0.0,0.0,0.0,0.0,0.0,5.0,1.0,1.0
Hard-C8-H64-Trajectory,409,QP+G,3,160901229,128,8192,24576,3.0,3.0,0.33698160000000144,0.08,0.016774445254672136,4.769159205292816,-0.1281923746650817,2.0244757102580286,9.655046969468788,1.0,0.0,0.0,-0.07009007376661901,-0.06605656674406735,0.004033507022551661,5.0,1.0,1.0
Hard-C8-H64-Trajectory,409,QP+G,4,160901230,128,8192,32768,4.0,4.0,0.45176739999999427,0.0,0.002792597264602048,5.207103782978955,-0.17568625032361318,1.9100254649034096,9.94570082388468,1.0,0.0,0.0,-0.0003852112113372252,-0.0003824129579164115,2.7982534208137217e-06,5.0,1.0,1.0
Hard-C8-H64-Trajectory,409,QP+G,5,160901231,128,8192,40960,5.0,5.0,0.5801685999999933,0.013106370121825974,0.0,5.2904110948074905,0.13186108708106495,2.2062830413554053,11.67214428027225,0.0,0.0,0.0,-0.0004169600181082076,-0.0004202677250328968,-3.3077069246891704e-06,5.0,1.0,1.0
Hard-C8-H64-Trajectory,409,QP+G,6,160901232,128,8192,49152,6.0,6.0,0.724009499999994,0.0,0.0,5.400419618742295,-0.3299283676678524,2.1595112126074305,11.662266719459131,0.0,0.0,0.0,0.0,0.0,0.0,5.0,1.0,1.0
Hard-C8-H64-Trajectory,409,QP+G,7,160901233,128,8192,57344,7.0,7.0,0.8422577999999987,0.08,0.016143323424751683,4.955609071013242,0.05678166687805665,2.2414045395478404,11.107524667993538,1.0,0.0,0.0,-0.07254291817817307,-0.08409075644114328,-0.011547838262970206,5.0,1.0,1.0
Hard-C8-H64-Trajectory,409,QP+G,8,160901234,128,8192,65536,8.0,8.0,0.9491359000000017,0.0,0.0,5.688229570663939,-0.0203411103511292,2.016997254699137,11.473143428127615,0.0,1.0,0.0,-0.02936521725346775,0.0,0.02936521725346775,5.0,1.0,1.0
Hard-C8-H64-Trajectory,409,QP+G,9,160901235,128,8192,73728,9.0,9.0,1.064641800000004,0.08,0.0,4.507810661374524,0.024320019328028394,1.9409504658785444,8.749437203287151,0.0,0.0,0.0,-0.046866288500376725,-0.04716511850230187,-0.00029883000192514747,5.0,1.0,1.0
Hard-C8-H64-Trajectory,409,QP+G,10,160901236,128,8192,81920,10.0,10.0,1.1803080999999906,0.0,0.0,4.359661862013365,-0.4029224204659321,1.806159972583836,7.874246749168854,0.0,0.0,0.0,0.0,0.0,0.0,5.0,1.0,1.0
Hard-C8-H64-Trajectory,409,QP+G,11,160901237,128,8192,90112,11.0,11.0,1.3093271999999985,0.05427105839718796,0.0,8.09917283091998,-0.21063849585891734,2.0507536680062968,16.60940839082609,0.0,1.0,0.0,-0.018860242236392204,-0.00679644706704341,0.012063795169348794,5.0,1.0,1.0
Hard-C8-H64-Trajectory,409,QP+G,12,160901238,128,8192,98304,12.0,12.0,1.4197041000000041,0.08,0.0,5.607428846785445,-0.21661212845013741,2.1052834447848605,11.80522711894646,0.0,1.0,0.0,-0.05437876420770102,-0.049229229960620735,0.005149534247080284,5.0,1.0,1.0
Hard-C8-H64-Trajectory,409,QP+G,13,160901239,128,8192,106496,13.0,13.0,1.5216183999999942,0.0,0.0,4.264536725426459,-0.19420322899963338,1.67985961810763,7.163823034980854,0.0,1.0,0.0,-0.0001482888732053831,0.0,0.0001482888732053831,5.0,1.0,1.0
Hard-C8-H64-Trajectory,409,QP+G,14,160901240,128,8192,114688,14.0,14.0,1.6358606000000009,0.0,0.0,5.492976917440599,-0.011458233151307328,2.3897588764796596,13.12689034675155,0.0,0.0,0.0,0.0,0.0,0.0,5.0,1.0,1.0
Hard-C8-H64-Trajectory,409,QP+G,15,160901241,128,8192,122880,15.0,15.0,1.7470156999999915,0.0,0.0,6.4853381541632995,0.17744968629471938,2.1958628552922503,14.240913156736795,0.0,0.0,0.0,0.0,0.0,0.0,5.0,1.0,1.0
Hard-C8-H64-Trajectory,409,QP+G,16,160901242,128,8192,131072,16.0,16.0,1.8736801999999955,0.08,0.02186859008517627,3.6582148043567013,-0.11070152018534908,1.8603012664648306,6.8053816335451645,1.0,0.0,0.0,-0.04457051990024298,-0.04921904154234902,-0.004648521642106038,5.0,1.0,1.0
Hard-C8-H64-Trajectory,409,QP+G,17,160901243,128,8192,139264,17.0,17.0,1.9892672999999945,0.0,0.013554387630813734,5.902147863776065,-0.025560195928739395,1.9935910672784551,11.76646925898058,1.0,0.0,0.0,-0.018934687215770164,-0.019174046240829856,-0.00023935902505969192,5.0,1.0,1.0
Hard-C8-H64-Trajectory,409,QP+G,18,160901244,128,8192,147456,18.0,18.0,2.099900699999992,0.0,0.0,5.41996651874035,-0.259390030091622,2.14206892078229,11.609941831474288,0.0,0.0,0.0,0.0,0.0,0.0,5.0,1.0,1.0
Hard-C8-H64-Trajectory,409,QP+G,19,160901245,128,8192,155648,19.0,19.0,2.2303414000000004,0.0,0.0,4.154011387077264,-0.05433002385839774,2.041613019470553,8.480883730885873,0.0,0.0,0.0,0.0,0.0,0.0,5.0,1.0,1.0
Hard-C8-H64-Trajectory,409,QP+G,20,160901246,128,8192,163840,20.0,20.0,2.354584399999993,0.0,0.0,6.703682035072412,-0.18255173145800185,1.8632919568549318,12.490916817263326,0.0,0.0,0.0,0.0,0.0,0.0,5.0,1.0,1.0
Hard-C8-H64-Trajectory,409,QP+G,21,160901247,128,8192,172032,21.0,21.0,2.4828653999999943,0.08,0.0,5.571665676140709,-0.17128982494075198,2.3372745728075723,13.02251251302839,0.0,1.0,0.0,-0.04982949094037492,-0.028819655723669513,0.021009835216705408,5.0,1.0,1.0
Hard-C8-H64-Trajectory,409,QP+G,22,160901248,128,8192,180224,22.0,22.0,2.6018667999999963,0.061964890343113394,0.016071940964472883,4.977619080162156,-0.0873710613779072,1.9503258859848942,9.707979342612571,1.0,0.0,0.0,-0.022124954044837084,-0.019041103635330625,0.003083850409506459,5.0,1.0,1.0
Hard-C8-H64-Trajectory,409,QP+G,23,160901249,128,8192,188416,23.0,23.0,2.726186900000002,0.08,0.0059830009369644666,4.974324209385287,0.14492568299555209,1.9121271943723028,9.511540594390112,1.0,0.0,0.0,-0.017416663400907674,-0.01781688679412463,-0.00040022339321695716,5.0,1.0,1.0
Hard-C8-H64-Trajectory,409,QP+G,24,160901250,128,8192,196608,24.0,24.0,2.8359856000000008,0.08,0.0,5.480695731871898,-0.1759256198825728,2.0282749216806413,11.116357706317899,0.0,1.0,0.0,-0.038718119328555,-0.028796210692583202,0.009921908635971796,5.0,1.0,1.0
Hard-C8-H64-Trajectory,409,QP+G,25,160901251,128,8192,204800,25.0,25.0,2.9418131999999986,0.0,0.0,5.6152368986912595,-0.08186355082856342,1.8932598040898931,10.631102310734553,0.0,1.0,0.0,-0.03256039487455886,0.0,0.03256039487455886,5.0,1.0,1.0
Hard-C8-H64-Trajectory,409,QP+G,26,160901252,128,8192,212992,26.0,26.0,3.066868200000002,0.08,0.0,5.389831257774206,-0.09703200161549662,1.9822574728232822,10.68403328797943,0.0,0.0,0.0,-0.04714134767445104,-0.04725119359576979,-0.0001098459213187547,5.0,1.0,1.0
Hard-C8-H64-Trajectory,409,QP+G,27,160901253,128,8192,221184,27.0,27.0,3.2063050000000004,0.0,0.0,5.485538524602001,0.07935374635061092,2.098585754399335,11.511873002938504,0.0,0.0,0.0,0.0,0.0,0.0,5.0,1.0,1.0
Hard-C8-H64-Trajectory,409,QP+G,28,160901254,128,8192,229376,28.0,28.0,3.337947900000003,0.08,0.01726810574191766,4.632818514992243,0.05109018993367514,2.0298712009893314,9.404024882992916,1.0,0.0,0.0,-0.06105635168969401,-0.05850268169365913,0.002553669996034881,5.0,1.0,1.0
Hard-C8-H64-Trajectory,409,QP+G,29,160901255,128,8192,237568,29.0,29.0,3.481702200000001,0.0,0.015242949606199057,5.248328051118487,0.16512313425681321,2.2693737650206702,11.910417989430357,1.0,0.0,0.0,-0.012012817645652613,-0.010209924534724024,0.001802893110928589,5.0,1.0,1.0
Hard-C8-H64-Trajectory,409,QP+G,30,160901256,128,8192,245760,30.0,30.0,3.609942899999993,0.0,0.016674750136673074,4.79767308920897,-0.13565102277403165,1.8310945447230516,8.784993021015135,1.0,0.0,0.0,-0.06155931275463302,-0.06158583176874233,-2.6519014109306627e-05,5.0,1.0,1.0
Hard-C8-H64-Trajectory,409,noG,1,160901227,128,8192,8192,1.0,0.0,0.06422720000000481,0.0,0.0,0.0,0.0,2.2912116229491923,0.0,0.0,0.0,0.0,0.0,0.0,0.0,3.0,1.0,0.0
Hard-C8-H64-Trajectory,409,noG,2,160901228,128,8192,16384,2.0,0.0,0.1429323999999923,0.0,0.0,0.0,0.0,2.436313932919028,0.0,0.0,0.0,0.0,0.0,0.0,0.0,3.0,1.0,0.0
Hard-C8-H64-Trajectory,409,noG,3,160901229,128,8192,24576,3.0,0.0,0.22007499999999425,0.08,0.0,0.0,0.0,2.0583775739961974,0.0,0.0,0.0,0.0,-0.03607642740100831,-0.036249204815881786,-0.0001727774148734748,3.0,1.0,0.0
Hard-C8-H64-Trajectory,409,noG,4,160901230,128,8192,32768,4.0,0.0,0.29237220000000264,0.0,0.0,0.0,0.0,1.999403040345079,0.0,0.0,0.0,0.0,0.0,0.0,0.0,3.0,1.0,0.0
Hard-C8-H64-Trajectory,409,noG,5,160901231,128,8192,40960,5.0,0.0,0.3733746999999994,0.004459317979950619,0.0,0.0,0.0,2.18129339567159,0.0,0.0,0.0,0.0,-3.536470342634691e-05,-3.5184682630973185e-05,1.8002079537372546e-07,3.0,1.0,0.0
Hard-C8-H64-Trajectory,409,noG,6,160901232,128,8192,49152,6.0,0.0,0.46422800000000564,0.0,0.0,0.0,0.0,2.1666147679256333,0.0,0.0,0.0,0.0,0.0,0.0,0.0,3.0,1.0,0.0
Hard-C8-H64-Trajectory,409,noG,7,160901233,128,8192,57344,7.0,0.0,0.5465688000000029,0.08,0.0,0.0,0.0,2.264136909113545,0.0,0.0,0.0,0.0,-0.01702567006725101,-0.017483783985130508,-0.0004581139178794977,3.0,1.0,0.0
Hard-C8-H64-Trajectory,409,noG,8,160901234,128,8192,65536,8.0,0.0,0.625702700000005,0.0,0.0,0.0,0.0,2.1681453259996943,0.0,0.0,0.0,0.0,0.0,0.0,0.0,3.0,1.0,0.0
Hard-C8-H64-Trajectory,409,noG,9,160901235,128,8192,73728,9.0,0.0,0.7140231999999997,0.08,0.0,0.0,0.0,2.0513635075052457,0.0,0.0,0.0,0.0,-0.03508949352367552,-0.035272991926138086,-0.00018349840246256743,3.0,1.0,0.0
Hard-C8-H64-Trajectory,409,noG,10,160901236,128,8192,81920,10.0,0.0,0.7854440999999923,0.0,0.0,0.0,0.0,1.7975329072426882,0.0,0.0,0.0,0.0,0.0,0.0,0.0,3.0,1.0,0.0
Hard-C8-H64-Trajectory,409,noG,11,160901237,128,8192,90112,11.0,0.0,0.8743718000000058,0.06500357810834353,0.0,0.0,0.0,2.006835858571988,0.0,0.0,0.0,0.0,-0.0051558162377676395,-0.005134798989980371,2.1017247787268045e-05,3.0,1.0,0.0
Hard-C8-H64-Trajectory,409,noG,12,160901238,128,8192,98304,12.0,0.0,0.9472619999999949,0.08,0.0,0.0,0.0,2.054591552274084,0.0,0.0,0.0,0.0,-0.046734526969127055,-0.04737042446330619,-0.0006358974941791384,3.0,1.0,0.0
Hard-C8-H64-Trajectory,409,noG,13,160901239,128,8192,106496,13.0,0.0,1.0177817000000005,0.0,0.0,0.0,0.0,1.7316313296967791,0.0,0.0,0.0,0.0,0.0,0.0,0.0,3.0,1.0,0.0
Hard-C8-H64-Trajectory,409,noG,14,160901240,128,8192,114688,14.0,0.0,1.1031679000000025,0.0,0.0,0.0,0.0,2.3492391354047393,0.0,0.0,0.0,0.0,0.0,0.0,0.0,3.0,1.0,0.0
Hard-C8-H64-Trajectory,409,noG,15,160901241,128,8192,122880,15.0,0.0,1.176002799999992,0.0,0.0,0.0,0.0,2.0689021676879316,0.0,0.0,0.0,0.0,0.0,0.0,0.0,3.0,1.0,0.0
Hard-C8-H64-Trajectory,409,noG,16,160901242,128,8192,131072,16.0,0.0,1.259456599999993,0.08,0.0,0.0,0.0,2.0593274529571413,0.0,0.0,0.0,0.0,-0.0389612931887852,-0.0388468766577188,0.00011441653106639832,3.0,1.0,0.0
Hard-C8-H64-Trajectory,409,noG,17,160901243,128,8192,139264,17.0,0.0,1.3532306000000034,0.0,0.0,0.0,0.0,2.1275391701538213,0.0,0.0,0.0,0.0,0.0,0.0,0.0,3.0,1.0,0.0
Hard-C8-H64-Trajectory,409,noG,18,160901244,128,8192,147456,18.0,0.0,1.4311624000000052,0.0,0.0,0.0,0.0,2.1339639232632903,0.0,0.0,0.0,0.0,0.0,0.0,0.0,3.0,1.0,0.0
Hard-C8-H64-Trajectory,409,noG,19,160901245,128,8192,155648,19.0,0.0,1.5186257999999953,0.0,0.0,0.0,0.0,2.2185140586812944,0.0,0.0,0.0,0.0,0.0,0.0,0.0,3.0,1.0,0.0
Hard-C8-H64-Trajectory,409,noG,20,160901246,128,8192,163840,20.0,0.0,1.586958100000004,0.0,0.0,0.0,0.0,2.1370250199375587,0.0,0.0,0.0,0.0,0.0,0.0,0.0,3.0,1.0,0.0
Hard-C8-H64-Trajectory,409,noG,21,160901247,128,8192,172032,21.0,0.0,1.6711360000000042,0.08,0.0,0.0,0.0,2.4514737766978882,0.0,0.0,0.0,0.0,-0.02940287198608621,-0.028302611257346122,0.0011002607287400878,3.0,1.0,0.0
Hard-C8-H64-Trajectory,409,noG,22,160901248,128,8192,180224,22.0,0.0,1.7513273999999939,0.0,0.0,0.0,0.0,1.9518602521041057,0.0,0.0,0.0,0.0,0.0,0.0,0.0,3.0,1.0,0.0
Hard-C8-H64-Trajectory,409,noG,23,160901249,128,8192,188416,23.0,0.0,1.8389106000000055,0.041729947255282486,0.0,0.0,0.0,1.887336895333227,0.0,0.0,0.0,0.0,-0.0014670349237868962,-0.0014832158796833639,-1.6180955896467637e-05,3.0,1.0,0.0
Hard-C8-H64-Trajectory,409,noG,24,160901250,128,8192,196608,24.0,0.0,1.9124649999999974,0.08,0.0,0.0,0.0,2.09356673906756,0.0,0.0,0.0,0.0,-0.028516065176452336,-0.028199794312260273,0.0003162708641920621,3.0,1.0,0.0
Hard-C8-H64-Trajectory,409,noG,25,160901251,128,8192,204800,25.0,0.0,1.9859263999999968,0.0,0.0,0.0,0.0,1.9403328832126154,0.0,0.0,0.0,0.0,0.0,0.0,0.0,3.0,1.0,0.0
Hard-C8-H64-Trajectory,409,noG,26,160901252,128,8192,212992,26.0,0.0,2.0715931999999952,0.08,0.0,0.0,0.0,2.3229813769682717,0.0,0.0,0.0,0.0,-0.02470188673601777,-0.024861615232993906,-0.0001597284969761352,3.0,1.0,0.0
Hard-C8-H64-Trajectory,409,noG,27,160901253,128,8192,221184,27.0,0.0,2.1435127000000023,0.052545180865614445,0.0,0.0,0.0,2.202895237259632,0.0,0.0,0.0,0.0,-0.001928068397526189,-0.0020613396849094023,-0.00013327128738321327,3.0,1.0,0.0
Hard-C8-H64-Trajectory,409,noG,28,160901254,128,8192,229376,28.0,0.0,2.225243599999999,0.08,0.0,0.0,0.0,2.11971269329887,0.0,0.0,0.0,0.0,-0.041498949389036435,-0.0414429286593081,5.602072972833716e-05,3.0,1.0,0.0
Hard-C8-H64-Trajectory,409,noG,29,160901255,128,8192,237568,29.0,0.0,2.297268399999993,0.0,0.0,0.0,0.0,2.4439784344456177,0.0,0.0,0.0,0.0,0.0,0.0,0.0,3.0,1.0,0.0
Hard-C8-H64-Trajectory,409,noG,30,160901256,128,8192,245760,30.0,0.0,2.370265599999996,0.0,0.0,0.0,0.0,1.8476777221979004,0.0,0.0,0.0,0.0,0.0,0.0,0.0,3.0,1.0,0.0
Hard-C8-H64-Trajectory,409,GDA,1,160901227,128,8192,8192,1.0,0.0,0.025609500000001617,0.01,0.0,0.0,0.0,2.2912116229491923,0.0,0.0,0.0,0.0,nan,nan,nan,0.0,1.0,0.0
Hard-C8-H64-Trajectory,409,GDA,2,160901228,128,8192,16384,2.0,0.0,0.06656819999999186,0.01,0.0,0.0,0.0,2.4667467720881127,0.0,0.0,0.0,0.0,nan,nan,nan,0.0,1.0,0.0
Hard-C8-H64-Trajectory,409,GDA,3,160901229,128,8192,24576,3.0,0.0,0.10540129999999692,0.01,0.0,0.0,0.0,2.06310049500299,0.0,0.0,0.0,0.0,nan,nan,nan,0.0,1.0,0.0
Hard-C8-H64-Trajectory,409,GDA,4,160901230,128,8192,32768,4.0,0.0,0.1464296000000047,0.01,0.0,0.0,0.0,1.9930209985660041,0.0,0.0,0.0,0.0,nan,nan,nan,0.0,1.0,0.0
Hard-C8-H64-Trajectory,409,GDA,5,160901231,128,8192,40960,5.0,0.0,0.18562090000000353,0.01,0.0,0.0,0.0,2.2814829042424893,0.0,0.0,0.0,0.0,nan,nan,nan,0.0,1.0,0.0
Hard-C8-H64-Trajectory,409,GDA,6,160901232,128,8192,49152,6.0,0.0,0.23530820000000574,0.01,0.0,0.0,0.0,2.072041753428379,0.0,0.0,0.0,0.0,nan,nan,nan,0.0,1.0,0.0
Hard-C8-H64-Trajectory,409,GDA,7,160901233,128,8192,57344,7.0,0.0,0.27054689999999937,0.01,0.0,0.0,0.0,2.307959125950535,0.0,0.0,0.0,0.0,nan,nan,nan,0.0,1.0,0.0
Hard-C8-H64-Trajectory,409,GDA,8,160901234,128,8192,65536,8.0,0.0,0.30531299999999817,0.01,0.0,0.0,0.0,2.0874826473650305,0.0,0.0,0.0,0.0,nan,nan,nan,0.0,1.0,0.0
Hard-C8-H64-Trajectory,409,GDA,9,160901235,128,8192,73728,9.0,0.0,0.34179179999999576,0.01,0.0,0.0,0.0,2.1691728268419204,0.0,0.0,0.0,0.0,nan,nan,nan,0.0,1.0,0.0
Hard-C8-H64-Trajectory,409,GDA,10,160901236,128,8192,81920,10.0,0.0,0.37977569999999616,0.01,0.0,0.0,0.0,1.8194924200580995,0.0,0.0,0.0,0.0,nan,nan,nan,0.0,1.0,0.0
Hard-C8-H64-Trajectory,409,GDA,11,160901237,128,8192,90112,11.0,0.0,0.4298931999999951,0.01,0.0,0.0,0.0,2.000313354770808,0.0,0.0,0.0,0.0,nan,nan,nan,0.0,1.0,0.0
Hard-C8-H64-Trajectory,409,GDA,12,160901238,128,8192,98304,12.0,0.0,0.4641642999999931,0.01,0.0,0.0,0.0,1.939519172682943,0.0,0.0,0.0,0.0,nan,nan,nan,0.0,1.0,0.0
Hard-C8-H64-Trajectory,409,GDA,13,160901239,128,8192,106496,13.0,0.0,0.503367499999996,0.01,0.0,0.0,0.0,1.789108385123617,0.0,0.0,0.0,0.0,nan,nan,nan,0.0,1.0,0.0
Hard-C8-H64-Trajectory,409,GDA,14,160901240,128,8192,114688,14.0,0.0,0.5417783000000043,0.01,0.0,0.0,0.0,2.422352302754793,0.0,0.0,0.0,0.0,nan,nan,nan,0.0,1.0,0.0
Hard-C8-H64-Trajectory,409,GDA,15,160901241,128,8192,122880,15.0,0.0,0.5804689999999937,0.01,0.0,0.0,0.0,2.158459956337502,0.0,0.0,0.0,0.0,nan,nan,nan,0.0,1.0,0.0
Hard-C8-H64-Trajectory,409,GDA,16,160901242,128,8192,131072,16.0,0.0,0.6355624999999918,0.01,0.0,0.0,0.0,1.9796797774401749,0.0,0.0,0.0,0.0,nan,nan,nan,0.0,1.0,0.0
Hard-C8-H64-Trajectory,409,GDA,17,160901243,128,8192,139264,17.0,0.0,0.6715368999999924,0.01,0.0,0.0,0.0,2.104774804182896,0.0,0.0,0.0,0.0,nan,nan,nan,0.0,1.0,0.0
Hard-C8-H64-Trajectory,409,GDA,18,160901244,128,8192,147456,18.0,0.0,0.7112728000000033,0.01,0.0,0.0,0.0,2.0704312925330584,0.0,0.0,0.0,0.0,nan,nan,nan,0.0,1.0,0.0
Hard-C8-H64-Trajectory,409,GDA,19,160901245,128,8192,155648,19.0,0.0,0.7518115999999964,0.01,0.0,0.0,0.0,2.1642487007136593,0.0,0.0,0.0,0.0,nan,nan,nan,0.0,1.0,0.0
Hard-C8-H64-Trajectory,409,GDA,20,160901246,128,8192,163840,20.0,0.0,0.7909406999999931,0.01,0.0,0.0,0.0,2.1103823579245544,0.0,0.0,0.0,0.0,nan,nan,nan,0.0,1.0,0.0
Hard-C8-H64-Trajectory,409,GDA,21,160901247,128,8192,172032,21.0,0.0,0.8430053000000015,0.01,0.0,0.0,0.0,2.3137424743235275,0.0,0.0,0.0,0.0,nan,nan,nan,0.0,1.0,0.0
Hard-C8-H64-Trajectory,409,GDA,22,160901248,128,8192,180224,22.0,0.0,0.8879424999999941,0.01,0.0,0.0,0.0,1.9558076043429111,0.0,0.0,0.0,0.0,nan,nan,nan,0.0,1.0,0.0
Hard-C8-H64-Trajectory,409,GDA,23,160901249,128,8192,188416,23.0,0.0,0.9270345999999989,0.01,0.0,0.0,0.0,1.863363378437438,0.0,0.0,0.0,0.0,nan,nan,nan,0.0,1.0,0.0
Hard-C8-H64-Trajectory,409,GDA,24,160901250,128,8192,196608,24.0,0.0,0.9670835000000011,0.01,0.0,0.0,0.0,2.2741451811808195,0.0,0.0,0.0,0.0,nan,nan,nan,0.0,1.0,0.0
Hard-C8-H64-Trajectory,409,GDA,25,160901251,128,8192,204800,25.0,0.0,1.0055461999999977,0.01,0.0,0.0,0.0,1.960977489834958,0.0,0.0,0.0,0.0,nan,nan,nan,0.0,1.0,0.0
Hard-C8-H64-Trajectory,409,GDA,26,160901252,128,8192,212992,26.0,0.0,1.0568410999999998,0.01,0.0,0.0,0.0,2.0511770378573764,0.0,0.0,0.0,0.0,nan,nan,nan,0.0,1.0,0.0
Hard-C8-H64-Trajectory,409,GDA,27,160901253,128,8192,221184,27.0,0.0,1.0943644999999975,0.01,0.0,0.0,0.0,2.1119711656223314,0.0,0.0,0.0,0.0,nan,nan,nan,0.0,1.0,0.0
Hard-C8-H64-Trajectory,409,GDA,28,160901254,128,8192,229376,28.0,0.0,1.1318456000000054,0.01,0.0,0.0,0.0,2.2693091635124394,0.0,0.0,0.0,0.0,nan,nan,nan,0.0,1.0,0.0
Hard-C8-H64-Trajectory,409,GDA,29,160901255,128,8192,237568,29.0,0.0,1.1768038000000018,0.01,0.0,0.0,0.0,2.3622825164545973,0.0,0.0,0.0,0.0,nan,nan,nan,0.0,1.0,0.0
Hard-C8-H64-Trajectory,409,GDA,30,160901256,128,8192,245760,30.0,0.0,1.224361799999997,0.01,0.0,0.0,0.0,1.932418876056339,0.0,0.0,0.0,0.0,nan,nan,nan,0.0,1.0,0.0
Hard-C8-H64-Trajectory,409,EGM,1,160901227,128,8192,8192,2.0,0.0,0.029513399999999024,0.01,0.0,0.0,0.0,2.2912116229491923,0.0,0.0,0.0,0.0,nan,nan,nan,0.0,2.0,0.0
Hard-C8-H64-Trajectory,409,EGM,2,160901228,128,8192,16384,4.0,0.0,0.08225439999999651,0.01,0.0,0.0,0.0,2.4934245177759404,0.0,0.0,0.0,0.0,nan,nan,nan,0.0,2.0,0.0
Hard-C8-H64-Trajectory,409,EGM,3,160901229,128,8192,24576,6.0,0.0,0.1321238999999963,0.01,0.0,0.0,0.0,2.069765610832914,0.0,0.0,0.0,0.0,nan,nan,nan,0.0,2.0,0.0
Hard-C8-H64-Trajectory,409,EGM,4,160901230,128,8192,32768,8.0,0.0,0.1728119999999933,0.01,0.0,0.0,0.0,2.0058325845477967,0.0,0.0,0.0,0.0,nan,nan,nan,0.0,2.0,0.0
Hard-C8-H64-Trajectory,409,EGM,5,160901231,128,8192,40960,10.0,0.0,0.21530409999999733,0.01,0.0,0.0,0.0,2.280846956317439,0.0,0.0,0.0,0.0,nan,nan,nan,0.0,2.0,0.0
Hard-C8-H64-Trajectory,409,EGM,6,160901232,128,8192,49152,12.0,0.0,0.2665338000000048,0.01,0.0,0.0,0.0,2.0745681149980357,0.0,0.0,0.0,0.0,nan,nan,nan,0.0,2.0,0.0
Hard-C8-H64-Trajectory,409,EGM,7,160901233,128,8192,57344,14.0,0.0,0.3172248000000053,0.01,0.0,0.0,0.0,2.3035993546817286,0.0,0.0,0.0,0.0,nan,nan,nan,0.0,2.0,0.0
Hard-C8-H64-Trajectory,409,EGM,8,160901234,128,8192,65536,16.0,0.0,0.3563463999999925,0.01,0.0,0.0,0.0,2.108456030330874,0.0,0.0,0.0,0.0,nan,nan,nan,0.0,2.0,0.0
Hard-C8-H64-Trajectory,409,EGM,9,160901235,128,8192,73728,18.0,0.0,0.4049833999999919,0.01,0.0,0.0,0.0,2.1583306549606913,0.0,0.0,0.0,0.0,nan,nan,nan,0.0,2.0,0.0
Hard-C8-H64-Trajectory,409,EGM,10,160901236,128,8192,81920,20.0,0.0,0.4485574999999926,0.01,0.0,0.0,0.0,1.8220638007759071,0.0,0.0,0.0,0.0,nan,nan,nan,0.0,2.0,0.0
Hard-C8-H64-Trajectory,409,EGM,11,160901237,128,8192,90112,22.0,0.0,0.504286399999998,0.01,0.0,0.0,0.0,1.9591768148802857,0.0,0.0,0.0,0.0,nan,nan,nan,0.0,2.0,0.0
Hard-C8-H64-Trajectory,409,EGM,12,160901238,128,8192,98304,24.0,0.0,0.548641399999994,0.01,0.0,0.0,0.0,1.9150098963518867,0.0,0.0,0.0,0.0,nan,nan,nan,0.0,2.0,0.0
Hard-C8-H64-Trajectory,409,EGM,13,160901239,128,8192,106496,26.0,0.0,0.5931822999999952,0.01,0.0,0.0,0.0,1.784281879940122,0.0,0.0,0.0,0.0,nan,nan,nan,0.0,2.0,0.0
Hard-C8-H64-Trajectory,409,EGM,14,160901240,128,8192,114688,28.0,0.0,0.6336850999999939,0.01,0.0,0.0,0.0,2.4247926035024903,0.0,0.0,0.0,0.0,nan,nan,nan,0.0,2.0,0.0
Hard-C8-H64-Trajectory,409,EGM,15,160901241,128,8192,122880,30.0,0.0,0.6762372000000028,0.01,0.0,0.0,0.0,2.1707277393267543,0.0,0.0,0.0,0.0,nan,nan,nan,0.0,2.0,0.0
Hard-C8-H64-Trajectory,409,EGM,16,160901242,128,8192,131072,32.0,0.0,0.727053600000005,0.01,0.0,0.0,0.0,1.98374188691922,0.0,0.0,0.0,0.0,nan,nan,nan,0.0,2.0,0.0
Hard-C8-H64-Trajectory,409,EGM,17,160901243,128,8192,139264,34.0,0.0,0.7670114000000012,0.01,0.0,0.0,0.0,2.1128715874242316,0.0,0.0,0.0,0.0,nan,nan,nan,0.0,2.0,0.0
Hard-C8-H64-Trajectory,409,EGM,18,160901244,128,8192,147456,36.0,0.0,0.8185272999999995,0.01,0.0,0.0,0.0,2.0706075731751112,0.0,0.0,0.0,0.0,nan,nan,nan,0.0,2.0,0.0
Hard-C8-H64-Trajectory,409,EGM,19,160901245,128,8192,155648,38.0,0.0,0.8678689999999989,0.01,0.0,0.0,0.0,2.1539612984461796,0.0,0.0,0.0,0.0,nan,nan,nan,0.0,2.0,0.0
Hard-C8-H64-Trajectory,409,EGM,20,160901246,128,8192,163840,40.0,0.0,0.9201917999999978,0.01,0.0,0.0,0.0,2.0922642404993685,0.0,0.0,0.0,0.0,nan,nan,nan,0.0,2.0,0.0
Hard-C8-H64-Trajectory,409,EGM,21,160901247,128,8192,172032,42.0,0.0,0.9804230000000018,0.01,0.0,0.0,0.0,2.3408852330348973,0.0,0.0,0.0,0.0,nan,nan,nan,0.0,2.0,0.0
Hard-C8-H64-Trajectory,409,EGM,22,160901248,128,8192,180224,44.0,0.0,1.0217810000000043,0.01,0.0,0.0,0.0,1.9495511417291256,0.0,0.0,0.0,0.0,nan,nan,nan,0.0,2.0,0.0
Hard-C8-H64-Trajectory,409,EGM,23,160901249,128,8192,188416,46.0,0.0,1.061723200000003,0.01,0.0,0.0,0.0,1.8592505053463932,0.0,0.0,0.0,0.0,nan,nan,nan,0.0,2.0,0.0
Hard-C8-H64-Trajectory,409,EGM,24,160901250,128,8192,196608,48.0,0.0,1.1078844999999973,0.01,0.0,0.0,0.0,2.272940618611667,0.0,0.0,0.0,0.0,nan,nan,nan,0.0,2.0,0.0
Hard-C8-H64-Trajectory,409,EGM,25,160901251,128,8192,204800,50.0,0.0,1.1519091999999915,0.01,0.0,0.0,0.0,1.9673163507682092,0.0,0.0,0.0,0.0,nan,nan,nan,0.0,2.0,0.0
Hard-C8-H64-Trajectory,409,EGM,26,160901252,128,8192,212992,52.0,0.0,1.2070150999999925,0.01,0.0,0.0,0.0,2.046964676219534,0.0,0.0,0.0,0.0,nan,nan,nan,0.0,2.0,0.0
Hard-C8-H64-Trajectory,409,EGM,27,160901253,128,8192,221184,54.0,0.0,1.2495693999999986,0.01,0.0,0.0,0.0,2.116895206114005,0.0,0.0,0.0,0.0,nan,nan,nan,0.0,2.0,0.0
Hard-C8-H64-Trajectory,409,EGM,28,160901254,128,8192,229376,56.0,0.0,1.2905844999999943,0.01,0.0,0.0,0.0,2.288963321741388,0.0,0.0,0.0,0.0,nan,nan,nan,0.0,2.0,0.0
Hard-C8-H64-Trajectory,409,EGM,29,160901255,128,8192,237568,58.0,0.0,1.3305642999999918,0.01,0.0,0.0,0.0,2.395256990204804,0.0,0.0,0.0,0.0,nan,nan,nan,0.0,2.0,0.0
Hard-C8-H64-Trajectory,409,EGM,30,160901256,128,8192,245760,60.0,0.0,1.3802467000000007,0.01,0.0,0.0,0.0,1.9484092750276156,0.0,0.0,0.0,0.0,nan,nan,nan,0.0,2.0,0.0
Hard-C8-H64-Trajectory,409,PPM-3,1,160901227,128,8192,8192,3.0,0.0,0.02916489999999783,0.01,0.0,0.0,0.0,2.2912116229491923,0.0,0.0,0.0,0.0,nan,nan,nan,0.0,3.0,0.0
Hard-C8-H64-Trajectory,409,PPM-3,2,160901228,128,8192,16384,6.0,0.0,0.0744158999999911,0.01,0.0,0.0,0.0,2.495247931532744,0.0,0.0,0.0,0.0,nan,nan,nan,0.0,3.0,0.0
Hard-C8-H64-Trajectory,409,PPM-3,3,160901229,128,8192,24576,9.0,0.0,0.11640239999999835,0.01,0.0,0.0,0.0,2.0702182594122727,0.0,0.0,0.0,0.0,nan,nan,nan,0.0,3.0,0.0
Hard-C8-H64-Trajectory,409,PPM-3,4,160901230,128,8192,32768,12.0,0.0,0.15889399999998943,0.01,0.0,0.0,0.0,2.0009599837290435,0.0,0.0,0.0,0.0,nan,nan,nan,0.0,3.0,0.0
Hard-C8-H64-Trajectory,409,PPM-3,5,160901231,128,8192,40960,15.0,0.0,0.20728389999999308,0.01,0.0,0.0,0.0,2.270867713813978,0.0,0.0,0.0,0.0,nan,nan,nan,0.0,3.0,0.0
Hard-C8-H64-Trajectory,409,PPM-3,6,160901232,128,8192,49152,18.0,0.0,0.27386849999999185,0.01,0.0,0.0,0.0,2.0720545031856266,0.0,0.0,0.0,0.0,nan,nan,nan,0.0,3.0,0.0
Hard-C8-H64-Trajectory,409,PPM-3,7,160901233,128,8192,57344,21.0,0.0,0.317482499999997,0.01,0.0,0.0,0.0,2.2951688852324845,0.0,0.0,0.0,0.0,nan,nan,nan,0.0,3.0,0.0
Hard-C8-H64-Trajectory,409,PPM-3,8,160901234,128,8192,65536,24.0,0.0,0.3606472000000025,0.01,0.0,0.0,0.0,2.0957930453046276,0.0,0.0,0.0,0.0,nan,nan,nan,0.0,3.0,0.0
Hard-C8-H64-Trajectory,409,PPM-3,9,160901235,128,8192,73728,27.0,0.0,0.4071337999999969,0.01,0.0,0.0,0.0,2.152878241767387,0.0,0.0,0.0,0.0,nan,nan,nan,0.0,3.0,0.0
Hard-C8-H64-Trajectory,409,PPM-3,10,160901236,128,8192,81920,30.0,0.0,0.4512488000000019,0.01,0.0,0.0,0.0,1.828009054689904,0.0,0.0,0.0,0.0,nan,nan,nan,0.0,3.0,0.0
Hard-C8-H64-Trajectory,409,PPM-3,11,160901237,128,8192,90112,33.0,0.0,0.5126601999999991,0.01,0.0,0.0,0.0,1.9700478121937306,0.0,0.0,0.0,0.0,nan,nan,nan,0.0,3.0,0.0
Hard-C8-H64-Trajectory,409,PPM-3,12,160901238,128,8192,98304,36.0,0.0,0.5600549999999913,0.01,0.0,0.0,0.0,1.9257226419163727,0.0,0.0,0.0,0.0,nan,nan,nan,0.0,3.0,0.0
Hard-C8-H64-Trajectory,409,PPM-3,13,160901239,128,8192,106496,39.0,0.0,0.603068499999992,0.01,0.0,0.0,0.0,1.7849217232778782,0.0,0.0,0.0,0.0,nan,nan,nan,0.0,3.0,0.0
Hard-C8-H64-Trajectory,409,PPM-3,14,160901240,128,8192,114688,42.0,0.0,0.6471933999999919,0.01,0.0,0.0,0.0,2.4317475044543113,0.0,0.0,0.0,0.0,nan,nan,nan,0.0,3.0,0.0
Hard-C8-H64-Trajectory,409,PPM-3,15,160901241,128,8192,122880,45.0,0.0,0.6934627999999918,0.01,0.0,0.0,0.0,2.1728373566807315,0.0,0.0,0.0,0.0,nan,nan,nan,0.0,3.0,0.0
Hard-C8-H64-Trajectory,409,PPM-3,16,160901242,128,8192,131072,48.0,0.0,0.7492790000000014,0.01,0.0,0.0,0.0,1.9810812268878142,0.0,0.0,0.0,0.0,nan,nan,nan,0.0,3.0,0.0
Hard-C8-H64-Trajectory,409,PPM-3,17,160901243,128,8192,139264,51.0,0.0,0.7919406999999978,0.01,0.0,0.0,0.0,2.1097896897439252,0.0,0.0,0.0,0.0,nan,nan,nan,0.0,3.0,0.0
Hard-C8-H64-Trajectory,409,PPM-3,18,160901244,128,8192,147456,54.0,0.0,0.834222799999992,0.01,0.0,0.0,0.0,2.069226437741883,0.0,0.0,0.0,0.0,nan,nan,nan,0.0,3.0,0.0
Hard-C8-H64-Trajectory,409,PPM-3,19,160901245,128,8192,155648,57.0,0.0,0.8800423999999936,0.01,0.0,0.0,0.0,2.159513063347119,0.0,0.0,0.0,0.0,nan,nan,nan,0.0,3.0,0.0
Hard-C8-H64-Trajectory,409,PPM-3,20,160901246,128,8192,163840,60.0,0.0,0.927583399999989,0.01,0.0,0.0,0.0,2.085477322173061,0.0,0.0,0.0,0.0,nan,nan,nan,0.0,3.0,0.0
Hard-C8-H64-Trajectory,409,PPM-3,21,160901247,128,8192,172032,63.0,0.0,0.9859347000000014,0.01,0.0,0.0,0.0,2.3415061241225503,0.0,0.0,0.0,0.0,nan,nan,nan,0.0,3.0,0.0
Hard-C8-H64-Trajectory,409,PPM-3,22,160901248,128,8192,180224,66.0,0.0,1.0392531999999903,0.01,0.0,0.0,0.0,1.9442493638453022,0.0,0.0,0.0,0.0,nan,nan,nan,0.0,3.0,0.0
Hard-C8-H64-Trajectory,409,PPM-3,23,160901249,128,8192,188416,69.0,0.0,1.0815135999999939,0.01,0.0,0.0,0.0,1.8555014028319796,0.0,0.0,0.0,0.0,nan,nan,nan,0.0,3.0,0.0
Hard-C8-H64-Trajectory,409,PPM-3,24,160901250,128,8192,196608,72.0,0.0,1.1255055000000027,0.01,0.0,0.0,0.0,2.2775345150733024,0.0,0.0,0.0,0.0,nan,nan,nan,0.0,3.0,0.0
Hard-C8-H64-Trajectory,409,PPM-3,25,160901251,128,8192,204800,75.0,0.0,1.1718408999999923,0.01,0.0,0.0,0.0,1.9611984374597506,0.0,0.0,0.0,0.0,nan,nan,nan,0.0,3.0,0.0
Hard-C8-H64-Trajectory,409,PPM-3,26,160901252,128,8192,212992,78.0,0.0,1.226694699999996,0.01,0.0,0.0,0.0,2.0505776574988093,0.0,0.0,0.0,0.0,nan,nan,nan,0.0,3.0,0.0
Hard-C8-H64-Trajectory,409,PPM-3,27,160901253,128,8192,221184,81.0,0.0,1.272482999999994,0.01,0.0,0.0,0.0,2.1006661877899195,0.0,0.0,0.0,0.0,nan,nan,nan,0.0,3.0,0.0
Hard-C8-H64-Trajectory,409,PPM-3,28,160901254,128,8192,229376,84.0,0.0,1.3172216999999904,0.01,0.0,0.0,0.0,2.2819950676629923,0.0,0.0,0.0,0.0,nan,nan,nan,0.0,3.0,0.0
Hard-C8-H64-Trajectory,409,PPM-3,29,160901255,128,8192,237568,87.0,0.0,1.3671001000000018,0.01,0.0,0.0,0.0,2.3772395547496608,0.0,0.0,0.0,0.0,nan,nan,nan,0.0,3.0,0.0
Hard-C8-H64-Trajectory,409,PPM-3,30,160901256,128,8192,245760,90.0,0.0,1.4158681999999914,0.01,0.0,0.0,0.0,1.9348060021780396,0.0,0.0,0.0,0.0,nan,nan,nan,0.0,3.0,0.0
Hard-C8-H64-Trajectory,410,QP+G,1,161001230,128,8192,8192,1.0,1.0,0.10420040000001052,0.0,0.0,4.6363102547501365,0.11842712096262821,1.9227550063736474,8.914488753422305,0.0,0.0,0.0,0.0,0.0,0.0,5.0,1.0,1.0
Hard-C8-H64-Trajectory,410,QP+G,2,161001231,128,8192,16384,2.0,2.0,0.217398799999998,0.0,0.016644239307326617,4.8064677828072835,0.009879443494415607,2.133155501051635,10.252943191522814,1.0,0.0,0.0,-0.04470888149676075,-0.043736138787188406,0.000972742709572344,5.0,1.0,1.0
Hard-C8-H64-Trajectory,410,QP+G,3,161001232,128,8192,24576,3.0,3.0,0.33764750000000276,0.08,0.0,5.428115831591092,0.05048873924030135,1.910777572877367,10.371921993984838,0.0,1.0,0.0,-0.030084642192087608,-0.02798357771430826,0.002101064477779347,5.0,1.0,1.0
Hard-C8-H64-Trajectory,410,QP+G,4,161001233,128,8192,32768,4.0,4.0,0.4536851000000013,0.08,0.014176263294189837,5.154599750372545,0.05198499729440865,1.7830521105040011,9.190919963705163,1.0,0.0,0.0,-0.018079571427070208,-0.02943773203055322,-0.011358160603483013,5.0,1.0,1.0
Hard-C8-H64-Trajectory,410,QP+G,5,161001234,128,8192,40960,5.0,5.0,0.5557816999999972,0.0,0.0,5.144756860700815,-0.12165069007893989,2.0983397016569056,10.795447576180266,0.0,1.0,0.0,-0.04992703052998874,0.0,0.04992703052998874,5.0,1.0,1.0
Hard-C8-H64-Trajectory,410,QP+G,6,161001235,128,8192,49152,6.0,6.0,0.6792227000000111,0.0,0.0020700413862878107,5.0960074365724015,0.24177594743534817,1.8973104884959535,9.668708358862196,1.0,0.0,0.0,-4.574728688783916e-05,-4.5747760502035106e-05,-4.736141959437454e-10,5.0,1.0,1.0
Hard-C8-H64-Trajectory,410,QP+G,7,161001236,128,8192,57344,7.0,7.0,0.7897092999999984,0.05892167425498299,0.017895982000476648,4.47027718277037,-0.32536075640941514,1.976806951942705,8.836875012011317,1.0,0.0,0.0,-0.04174200811568414,-0.03292372242628616,0.008818285689397978,5.0,1.0,1.0
Hard-C8-H64-Trajectory,410,QP+G,8,161001237,128,8192,65536,8.0,8.0,0.8949259999999981,0.0,0.0,4.405229789708021,-0.03825021253136125,1.9871447599297571,8.75382929290476,0.0,1.0,0.0,-0.021553328288290662,0.0,0.021553328288290662,5.0,1.0,1.0
Hard-C8-H64-Trajectory,410,QP+G,9,161001238,128,8192,73728,9.0,9.0,1.029910600000008,0.0,0.0,6.128756059871565,0.2894235549155162,1.8806291506372905,11.525917303339408,0.0,1.0,0.0,-0.02165285524775329,0.0,0.02165285524775329,5.0,1.0,1.0
Hard-C8-H64-Trajectory,410,QP+G,10,161001239,128,8192,81920,10.0,10.0,1.1370179999999976,0.0,0.0,5.16963225169682,0.13666762829022253,1.8530695270107351,9.579687991471268,0.0,1.0,0.0,-0.008260424266808439,0.0,0.008260424266808439,5.0,1.0,1.0
Hard-C8-H64-Trajectory,410,QP+G,11,161001240,128,8192,90112,11.0,11.0,1.275459600000005,0.08,0.0,4.703741600877154,0.06358733038042741,1.801775216718202,8.475085042306857,0.0,0.0,0.0,-0.02143220867680228,-0.02108782434147516,0.0003443843353271199,5.0,1.0,1.0
Hard-C8-H64-Trajectory,410,QP+G,12,161001241,128,8192,98304,12.0,12.0,1.3880814999999984,0.0,0.017531666999176392,4.563171317579685,0.07751673345441444,1.8746085366281797,8.554159906031735,1.0,0.0,0.0,-0.03529417971026708,-0.03546328126089726,-0.00016910155063017823,5.0,1.0,1.0
Hard-C8-H64-Trajectory,410,QP+G,13,161001242,128,8192,106496,13.0,13.0,1.5140408000000036,0.0,0.0,6.101324887567277,0.12435504236061598,2.1231994407703363,12.954329589240979,0.0,0.0,0.0,0.0,0.0,0.0,5.0,1.0,1.0
Hard-C8-H64-Trajectory,410,QP+G,14,161001243,128,8192,114688,14.0,14.0,1.6231905000000069,0.08,0.0,7.526052877226193,-0.5674891650341304,2.1815937167941972,16.418789669217553,0.0,1.0,0.0,-0.038575215619706095,-0.030574095869316587,0.008001119750389508,5.0,1.0,1.0
Hard-C8-H64-Trajectory,410,QP+G,15,161001244,128,8192,122880,15.0,15.0,1.7432866999999987,0.0,0.001396985001632808,4.972361659272464,-0.2741366127611659,2.1526016105043064,10.703513715759772,1.0,0.0,0.0,-8.25035894213495e-05,-8.22386161543065e-05,2.649732670430044e-07,5.0,1.0,1.0
Hard-C8-H64-Trajectory,410,QP+G,16,161001245,128,8192,131072,16.0,16.0,1.8616295000000065,0.08,0.0,6.176833326355347,-0.038556469358910904,1.7624986201185897,10.886660214403818,0.0,1.0,0.0,-0.039594394170484416,-0.0295934859248721,0.010000908245612318,5.0,1.0,1.0
Hard-C8-H64-Trajectory,410,QP+G,17,161001246,128,8192,139264,17.0,17.0,2.01304660000001,0.08,0.0,5.719571402882196,0.34429274898501017,2.012441325971597,11.510301858005475,0.0,0.0,0.0,-0.05606823116162174,-0.05689284270623096,-0.0008246115446092217,5.0,1.0,1.0
Hard-C8-H64-Trajectory,410,QP+G,18,161001247,128,8192,147456,18.0,18.0,2.1456491,0.021655205205733687,0.0,6.170776193317611,-0.10742211373355771,1.813413544367277,11.190169128221301,0.0,1.0,0.0,-0.0009830135940267113,-0.0008367127976600663,0.00014630079636664497,5.0,1.0,1.0
Hard-C8-H64-Trajectory,410,QP+G,19,161001248,128,8192,155648,19.0,19.0,2.2640395000000098,0.08,0.0,4.981975881746277,-0.09083721917446126,1.989136231452036,9.909828730601724,0.0,1.0,0.0,-0.010943641864267639,-0.011203419639970846,-0.0002597777757032075,5.0,1.0,1.0
Hard-C8-H64-Trajectory,410,QP+G,20,161001249,128,8192,163840,20.0,20.0,2.37505680000001,0.0,0.0,5.01786217032476,0.027853222571151495,2.0182435283141977,10.127267851230581,0.0,0.0,0.0,0.0,0.0,0.0,5.0,1.0,1.0
Hard-C8-H64-Trajectory,410,QP+G,21,161001250,128,8192,172032,21.0,21.0,2.506106900000006,0.0,0.0,5.379096818151,0.008022539868768693,2.1753655029605805,11.701501655290707,0.0,0.0,0.0,0.0,0.0,0.0,5.0,1.0,1.0
Hard-C8-H64-Trajectory,410,QP+G,22,161001251,128,8192,180224,22.0,22.0,2.6242751000000055,0.0,0.0,6.099558153069558,-0.12137507526566063,2.0294369166510933,12.378668491099521,0.0,0.0,0.0,0.0,0.0,0.0,5.0,1.0,1.0
Hard-C8-H64-Trajectory,410,QP+G,23,161001252,128,8192,188416,23.0,23.0,2.738251599999998,0.018246298916374117,0.015178014107459187,5.270781765888876,-0.019948182320247847,2.1000722230990405,11.069022380560138,1.0,0.0,0.0,-0.03921671392479509,-0.039195481247834785,2.1232676960303287e-05,5.0,1.0,1.0
Hard-C8-H64-Trajectory,410,QP+G,24,161001253,128,8192,196608,24.0,24.0,2.855831600000002,0.00697716099483165,0.0,4.6619711363015215,-0.16046598062302211,2.074173934916367,9.669739016249054,0.0,0.0,0.0,-0.00017859508538416394,-0.0001792315326798466,-6.364472956826557e-07,5.0,1.0,1.0
Hard-C8-H64-Trajectory,410,QP+G,25,161001254,128,8192,204800,25.0,25.0,2.991484,0.0,0.0,4.253898611634389,-0.04358665054825622,1.8128672796932064,7.7117536041643415,0.0,0.0,0.0,0.0,0.0,0.0,5.0,1.0,1.0
Hard-C8-H64-Trajectory,410,QP+G,26,161001255,128,8192,212992,26.0,26.0,3.109224100000006,0.0,0.0,5.2206336216507205,-0.1367749488137915,2.2575057860287795,11.785610607612885,0.0,1.0,0.0,-0.005720405725818934,0.0,0.005720405725818934,5.0,1.0,1.0
Hard-C8-H64-Trajectory,410,QP+G,27,161001256,128,8192,221184,27.0,27.0,3.231143000000003,0.0,0.011877507806041417,6.557538446334426,-0.0015776283797720103,2.1453777958713998,14.068397378338915,1.0,0.0,0.0,-0.02100775316803669,-0.021174280964994185,-0.00016652779695749617,5.0,1.0,1.0
Hard-C8-H64-Trajectory,410,QP+G,28,161001257,128,8192,229376,28.0,28.0,3.361582200000001,0.08,0.0,4.862166410329428,0.07966120072045171,1.7343831970239187,8.432859723209464,0.0,0.0,0.0,-0.018897874637267706,-0.019160078421617932,-0.0002622037843502262,5.0,1.0,1.0
Hard-C8-H64-Trajectory,410,QP+G,29,161001258,128,8192,237568,29.0,29.0,3.480488500000007,0.07454766428448893,0.0176243204726327,4.539182099203494,0.007204117654433631,2.007223009277053,9.111150752819768,1.0,0.0,0.0,-0.04159093474608644,-0.05514102489283479,-0.01355009014674835,5.0,1.0,1.0
Hard-C8-H64-Trajectory,410,QP+G,30,161001259,128,8192,245760,30.0,30.0,3.588615500000003,0.0,0.0,4.1034478852330425,0.005385259463866672,1.7651516200486892,7.243207682404473,0.0,1.0,0.0,-0.008615196539206012,0.0,0.008615196539206012,5.0,1.0,1.0
Hard-C8-H64-Trajectory,410,noG,1,161001230,128,8192,8192,1.0,0.0,0.06379239999999697,0.0,0.0,0.0,0.0,1.9227550063736474,0.0,0.0,0.0,0.0,0.0,0.0,0.0,3.0,1.0,0.0
Hard-C8-H64-Trajectory,410,noG,2,161001231,128,8192,16384,2.0,0.0,0.13731599999999844,0.0,0.0,0.0,0.0,2.133155501051635,0.0,0.0,0.0,0.0,0.0,0.0,0.0,3.0,1.0,0.0
Hard-C8-H64-Trajectory,410,noG,3,161001232,128,8192,24576,3.0,0.0,0.2134638999999936,0.08,0.0,0.0,0.0,1.807676496591576,0.0,0.0,0.0,0.0,-0.03330928558294583,-0.03270367485823655,0.0006056107247092782,3.0,1.0,0.0
Hard-C8-H64-Trajectory,410,noG,4,161001233,128,8192,32768,4.0,0.0,0.2907754999999952,0.08,0.0,0.0,0.0,1.874116625767007,0.0,0.0,0.0,0.0,-0.03625065935162192,-0.03648767825191257,-0.0002370189002906531,3.0,1.0,0.0
Hard-C8-H64-Trajectory,410,noG,5,161001234,128,8192,40960,5.0,0.0,0.389090699999997,0.0,0.0,0.0,0.0,2.1041836463966734,0.0,0.0,0.0,0.0,0.0,0.0,0.0,3.0,1.0,0.0
Hard-C8-H64-Trajectory,410,noG,6,161001235,128,8192,49152,6.0,0.0,0.4844678999999985,0.0,0.0,0.0,0.0,2.0133037609805475,0.0,0.0,0.0,0.0,0.0,0.0,0.0,3.0,1.0,0.0
Hard-C8-H64-Trajectory,410,noG,7,161001236,128,8192,57344,7.0,0.0,0.55901759999999,0.08,0.0,0.0,0.0,1.916084232356717,0.0,0.0,0.0,0.0,-0.017549059990078667,-0.017265892986129128,0.00028316700394953945,3.0,1.0,0.0
Hard-C8-H64-Trajectory,410,noG,8,161001237,128,8192,65536,8.0,0.0,0.6449309999999997,0.0,0.0,0.0,0.0,1.8876885507187884,0.0,0.0,0.0,0.0,0.0,0.0,0.0,3.0,1.0,0.0
Hard-C8-H64-Trajectory,410,noG,9,161001238,128,8192,73728,9.0,0.0,0.7207812999999987,0.0,0.0,0.0,0.0,1.779229067989093,0.0,0.0,0.0,0.0,0.0,0.0,0.0,3.0,1.0,0.0
Hard-C8-H64-Trajectory,410,noG,10,161001239,128,8192,81920,10.0,0.0,0.795224300000001,0.0,0.0,0.0,0.0,1.8001992546245131,0.0,0.0,0.0,0.0,0.0,0.0,0.0,3.0,1.0,0.0
Hard-C8-H64-Trajectory,410,noG,11,161001240,128,8192,90112,11.0,0.0,0.8926965999999936,0.019010203917262387,0.0,0.0,0.0,1.6911327782018528,0.0,0.0,0.0,0.0,-0.0003747579426217947,-0.00037317938253966787,1.5785600821268536e-06,3.0,1.0,0.0
Hard-C8-H64-Trajectory,410,noG,12,161001241,128,8192,98304,12.0,0.0,0.9752342000000027,0.0,0.0,0.0,0.0,2.0116630166927494,0.0,0.0,0.0,0.0,0.0,0.0,0.0,3.0,1.0,0.0
Hard-C8-H64-Trajectory,410,noG,13,161001242,128,8192,106496,13.0,0.0,1.0487399999999951,0.0,0.0,0.0,0.0,2.1652670458340006,0.0,0.0,0.0,0.0,0.0,0.0,0.0,3.0,1.0,0.0
Hard-C8-H64-Trajectory,410,noG,14,161001243,128,8192,114688,14.0,0.0,1.1310321999999928,0.08,0.0,0.0,0.0,2.0684051320473924,0.0,0.0,0.0,0.0,-0.03843705700859924,-0.03824862972420284,0.00018842728439640022,3.0,1.0,0.0
Hard-C8-H64-Trajectory,410,noG,15,161001244,128,8192,122880,15.0,0.0,1.2042136000000028,0.0,0.0,0.0,0.0,1.9458504532810816,0.0,0.0,0.0,0.0,0.0,0.0,0.0,3.0,1.0,0.0
Hard-C8-H64-Trajectory,410,noG,16,161001245,128,8192,131072,16.0,0.0,1.2922027999999983,0.054048612526829826,0.0,0.0,0.0,1.7732993862543265,0.0,0.0,0.0,0.0,-0.003655025429828462,-0.0036112516369102288,4.377379291823323e-05,3.0,1.0,0.0
Hard-C8-H64-Trajectory,410,noG,17,161001246,128,8192,139264,17.0,0.0,1.3759900000000016,0.08,0.0,0.0,0.0,2.0391655332575156,0.0,0.0,0.0,0.0,-0.07236833167722369,-0.07310266807840105,-0.0007343364011773573,3.0,1.0,0.0
Hard-C8-H64-Trajectory,410,noG,18,161001247,128,8192,147456,18.0,0.0,1.4563194999999922,0.0016828600114167848,0.0,0.0,0.0,1.9005836938895315,0.0,0.0,0.0,0.0,-5.2695316151900235e-06,-5.151159275573747e-06,1.1837233961627675e-07,3.0,1.0,0.0
Hard-C8-H64-Trajectory,410,noG,19,161001248,128,8192,155648,19.0,0.0,1.5353463999999946,0.0,0.0,0.0,0.0,1.9958158380286204,0.0,0.0,0.0,0.0,0.0,0.0,0.0,3.0,1.0,0.0
Hard-C8-H64-Trajectory,410,noG,20,161001249,128,8192,163840,20.0,0.0,1.6179138999999907,0.0,0.0,0.0,0.0,2.1801801418719418,0.0,0.0,0.0,0.0,0.0,0.0,0.0,3.0,1.0,0.0
Hard-C8-H64-Trajectory,410,noG,21,161001250,128,8192,172032,21.0,0.0,1.719271699999993,0.08,0.0,0.0,0.0,1.928634847274289,0.0,0.0,0.0,0.0,-0.020539356753552653,-0.02066929309488419,-0.0001299363413315366,3.0,1.0,0.0
Hard-C8-H64-Trajectory,410,noG,22,161001251,128,8192,180224,22.0,0.0,1.7923880999999966,0.0,0.0,0.0,0.0,2.0320659993501153,0.0,0.0,0.0,0.0,0.0,0.0,0.0,3.0,1.0,0.0
Hard-C8-H64-Trajectory,410,noG,23,161001252,128,8192,188416,23.0,0.0,1.8719292999999908,0.0,0.0,0.0,0.0,2.2437537856501,0.0,0.0,0.0,0.0,0.0,0.0,0.0,3.0,1.0,0.0
Hard-C8-H64-Trajectory,410,noG,24,161001253,128,8192,196608,24.0,0.0,1.9470328999999964,0.04188282918859291,0.0,0.0,0.0,2.1023343596007105,0.0,0.0,0.0,0.0,-0.004592188935812207,-0.004478980107470054,0.00011320882834215274,3.0,1.0,0.0
Hard-C8-H64-Trajectory,410,noG,25,161001254,128,8192,204800,25.0,0.0,2.0255173999999982,0.05480036936132153,0.0,0.0,0.0,1.9771162627218437,0.0,0.0,0.0,0.0,-0.005240593780965223,-0.005490384791854819,-0.0002497910108895957,3.0,1.0,0.0
Hard-C8-H64-Trajectory,410,noG,26,161001255,128,8192,212992,26.0,0.0,2.1222422999999964,0.0,0.0,0.0,0.0,2.3010999531785394,0.0,0.0,0.0,0.0,0.0,0.0,0.0,3.0,1.0,0.0
Hard-C8-H64-Trajectory,410,noG,27,161001256,128,8192,221184,27.0,0.0,2.2000585999999913,0.0,0.0,0.0,0.0,2.0066100233951114,0.0,0.0,0.0,0.0,0.0,0.0,0.0,3.0,1.0,0.0
Hard-C8-H64-Trajectory,410,noG,28,161001257,128,8192,229376,28.0,0.0,2.276785099999998,0.05506675821160587,0.0,0.0,0.0,1.8232025661428408,0.0,0.0,0.0,0.0,-0.0037785276862123554,-0.003965589502649802,-0.00018706181643744681,3.0,1.0,0.0
Hard-C8-H64-Trajectory,410,noG,29,161001258,128,8192,237568,29.0,0.0,2.3615197000000023,0.07783266937245477,0.0,0.0,0.0,2.071796409422654,0.0,0.0,0.0,0.0,-0.014929205499157688,-0.015741599138868523,-0.0008123936397108344,3.0,1.0,0.0
Hard-C8-H64-Trajectory,410,noG,30,161001259,128,8192,245760,30.0,0.0,2.445906999999991,0.016796347498843064,0.0,0.0,0.0,2.3353329053808483,0.0,0.0,0.0,0.0,-0.0004995590387265857,-0.0005026555415050815,-3.0965027784957697e-06,3.0,1.0,0.0
Hard-C8-H64-Trajectory,410,GDA,1,161001230,128,8192,8192,1.0,0.0,0.02507819999999583,0.01,0.0,0.0,0.0,1.9227550063736474,0.0,0.0,0.0,0.0,nan,nan,nan,0.0,1.0,0.0
Hard-C8-H64-Trajectory,410,GDA,2,161001231,128,8192,16384,2.0,0.0,0.06374420000000214,0.01,0.0,0.0,0.0,2.1423448183943234,0.0,0.0,0.0,0.0,nan,nan,nan,0.0,1.0,0.0
Hard-C8-H64-Trajectory,410,GDA,3,161001232,128,8192,24576,3.0,0.0,0.10508839999999964,0.01,0.0,0.0,0.0,1.804585091922887,0.0,0.0,0.0,0.0,nan,nan,nan,0.0,1.0,0.0
Hard-C8-H64-Trajectory,410,GDA,4,161001233,128,8192,32768,4.0,0.0,0.1452033000000057,0.01,0.0,0.0,0.0,1.8203428766519325,0.0,0.0,0.0,0.0,nan,nan,nan,0.0,1.0,0.0
Hard-C8-H64-Trajectory,410,GDA,5,161001234,128,8192,40960,5.0,0.0,0.1857533000000018,0.01,0.0,0.0,0.0,2.124225778183636,0.0,0.0,0.0,0.0,nan,nan,nan,0.0,1.0,0.0
Hard-C8-H64-Trajectory,410,GDA,6,161001235,128,8192,49152,6.0,0.0,0.24067270000000462,0.01,0.0,0.0,0.0,2.057413568391143,0.0,0.0,0.0,0.0,nan,nan,nan,0.0,1.0,0.0
Hard-C8-H64-Trajectory,410,GDA,7,161001236,128,8192,57344,7.0,0.0,0.2797058000000021,0.01,0.0,0.0,0.0,1.924568620040133,0.0,0.0,0.0,0.0,nan,nan,nan,0.0,1.0,0.0
Hard-C8-H64-Trajectory,410,GDA,8,161001237,128,8192,65536,8.0,0.0,0.32141169999999875,0.01,0.0,0.0,0.0,1.9164363742793191,0.0,0.0,0.0,0.0,nan,nan,nan,0.0,1.0,0.0
Hard-C8-H64-Trajectory,410,GDA,9,161001238,128,8192,73728,9.0,0.0,0.3708440000000053,0.01,0.0,0.0,0.0,1.7944029337228173,0.0,0.0,0.0,0.0,nan,nan,nan,0.0,1.0,0.0
Hard-C8-H64-Trajectory,410,GDA,10,161001239,128,8192,81920,10.0,0.0,0.412833599999999,0.01,0.0,0.0,0.0,2.1139562660291142,0.0,0.0,0.0,0.0,nan,nan,nan,0.0,1.0,0.0
Hard-C8-H64-Trajectory,410,GDA,11,161001240,128,8192,90112,11.0,0.0,0.46473439999999755,0.01,0.0,0.0,0.0,1.7973994191655334,0.0,0.0,0.0,0.0,nan,nan,nan,0.0,1.0,0.0
Hard-C8-H64-Trajectory,410,GDA,12,161001241,128,8192,98304,12.0,0.0,0.5073248000000063,0.01,0.0,0.0,0.0,2.0082514032314034,0.0,0.0,0.0,0.0,nan,nan,nan,0.0,1.0,0.0
Hard-C8-H64-Trajectory,410,GDA,13,161001242,128,8192,106496,13.0,0.0,0.5492057999999957,0.01,0.0,0.0,0.0,2.111567862609558,0.0,0.0,0.0,0.0,nan,nan,nan,0.0,1.0,0.0
Hard-C8-H64-Trajectory,410,GDA,14,161001243,128,8192,114688,14.0,0.0,0.5884513999999967,0.01,0.0,0.0,0.0,2.0401699857927453,0.0,0.0,0.0,0.0,nan,nan,nan,0.0,1.0,0.0
Hard-C8-H64-Trajectory,410,GDA,15,161001244,128,8192,122880,15.0,0.0,0.6275119999999959,0.01,0.0,0.0,0.0,1.9100683832998502,0.0,0.0,0.0,0.0,nan,nan,nan,0.0,1.0,0.0
Hard-C8-H64-Trajectory,410,GDA,16,161001245,128,8192,131072,16.0,0.0,0.6790229000000068,0.01,0.0,0.0,0.0,1.752700826335336,0.0,0.0,0.0,0.0,nan,nan,nan,0.0,1.0,0.0
Hard-C8-H64-Trajectory,410,GDA,17,161001246,128,8192,139264,17.0,0.0,0.7208851000000038,0.01,0.0,0.0,0.0,2.0820313181954178,0.0,0.0,0.0,0.0,nan,nan,nan,0.0,1.0,0.0
Hard-C8-H64-Trajectory,410,GDA,18,161001247,128,8192,147456,18.0,0.0,0.7597618000000068,0.01,0.0,0.0,0.0,1.890254872147275,0.0,0.0,0.0,0.0,nan,nan,nan,0.0,1.0,0.0
Hard-C8-H64-Trajectory,410,GDA,19,161001248,128,8192,155648,19.0,0.0,0.7976665999999994,0.01,0.0,0.0,0.0,2.0383739658903433,0.0,0.0,0.0,0.0,nan,nan,nan,0.0,1.0,0.0
Hard-C8-H64-Trajectory,410,GDA,20,161001249,128,8192,163840,20.0,0.0,0.8402717999999965,0.01,0.0,0.0,0.0,2.122127100680516,0.0,0.0,0.0,0.0,nan,nan,nan,0.0,1.0,0.0
Hard-C8-H64-Trajectory,410,GDA,21,161001250,128,8192,172032,21.0,0.0,0.9016414000000026,0.01,0.0,0.0,0.0,1.9903273359683364,0.0,0.0,0.0,0.0,nan,nan,nan,0.0,1.0,0.0
Hard-C8-H64-Trajectory,410,GDA,22,161001251,128,8192,180224,22.0,0.0,0.9636423999999977,0.01,0.0,0.0,0.0,2.0210318257784188,0.0,0.0,0.0,0.0,nan,nan,nan,0.0,1.0,0.0
Hard-C8-H64-Trajectory,410,GDA,23,161001252,128,8192,188416,23.0,0.0,1.0105575999999985,0.01,0.0,0.0,0.0,2.2106714417837683,0.0,0.0,0.0,0.0,nan,nan,nan,0.0,1.0,0.0
Hard-C8-H64-Trajectory,410,GDA,24,161001253,128,8192,196608,24.0,0.0,1.0512113000000056,0.01,0.0,0.0,0.0,2.187254516128465,0.0,0.0,0.0,0.0,nan,nan,nan,0.0,1.0,0.0
Hard-C8-H64-Trajectory,410,GDA,25,161001254,128,8192,204800,25.0,0.0,1.0941394999999972,0.01,0.0,0.0,0.0,1.9605760323337196,0.0,0.0,0.0,0.0,nan,nan,nan,0.0,1.0,0.0
Hard-C8-H64-Trajectory,410,GDA,26,161001255,128,8192,212992,26.0,0.0,1.159967899999998,0.01,0.0,0.0,0.0,2.0472017939359115,0.0,0.0,0.0,0.0,nan,nan,nan,0.0,1.0,0.0
Hard-C8-H64-Trajectory,410,GDA,27,161001256,128,8192,221184,27.0,0.0,1.2110243000000054,0.01,0.0,0.0,0.0,1.963538498785878,0.0,0.0,0.0,0.0,nan,nan,nan,0.0,1.0,0.0
Hard-C8-H64-Trajectory,410,GDA,28,161001257,128,8192,229376,28.0,0.0,1.254105899999999,0.01,0.0,0.0,0.0,1.8565162139321105,0.0,0.0,0.0,0.0,nan,nan,nan,0.0,1.0,0.0
Hard-C8-H64-Trajectory,410,GDA,29,161001258,128,8192,237568,29.0,0.0,1.2984794999999991,0.01,0.0,0.0,0.0,2.205310605513135,0.0,0.0,0.0,0.0,nan,nan,nan,0.0,1.0,0.0
Hard-C8-H64-Trajectory,410,GDA,30,161001259,128,8192,245760,30.0,0.0,1.3454950999999937,0.01,0.0,0.0,0.0,1.9980439182676606,0.0,0.0,0.0,0.0,nan,nan,nan,0.0,1.0,0.0
Hard-C8-H64-Trajectory,410,EGM,1,161001230,128,8192,8192,2.0,0.0,0.033850000000001046,0.01,0.0,0.0,0.0,1.9227550063736474,0.0,0.0,0.0,0.0,nan,nan,nan,0.0,2.0,0.0
Hard-C8-H64-Trajectory,410,EGM,2,161001231,128,8192,16384,4.0,0.0,0.09291600000000244,0.01,0.0,0.0,0.0,2.1289219174947513,0.0,0.0,0.0,0.0,nan,nan,nan,0.0,2.0,0.0
Hard-C8-H64-Trajectory,410,EGM,3,161001232,128,8192,24576,6.0,0.0,0.1506526000000008,0.01,0.0,0.0,0.0,1.8074189164587378,0.0,0.0,0.0,0.0,nan,nan,nan,0.0,2.0,0.0
Hard-C8-H64-Trajectory,410,EGM,4,161001233,128,8192,32768,8.0,0.0,0.2842200000000048,0.01,0.0,0.0,0.0,1.8187161617093006,0.0,0.0,0.0,0.0,nan,nan,nan,0.0,2.0,0.0
Hard-C8-H64-Trajectory,410,EGM,5,161001234,128,8192,40960,10.0,0.0,0.38316420000001017,0.01,0.0,0.0,0.0,2.114164842168633,0.0,0.0,0.0,0.0,nan,nan,nan,0.0,2.0,0.0
Hard-C8-H64-Trajectory,410,EGM,6,161001235,128,8192,49152,12.0,0.0,0.45134769999999946,0.01,0.0,0.0,0.0,2.0559730806128687,0.0,0.0,0.0,0.0,nan,nan,nan,0.0,2.0,0.0
Hard-C8-H64-Trajectory,410,EGM,7,161001236,128,8192,57344,14.0,0.0,0.4951913000000019,0.01,0.0,0.0,0.0,1.9363848959182106,0.0,0.0,0.0,0.0,nan,nan,nan,0.0,2.0,0.0
Hard-C8-H64-Trajectory,410,EGM,8,161001237,128,8192,65536,16.0,0.0,0.543102300000001,0.01,0.0,0.0,0.0,1.90029581778861,0.0,0.0,0.0,0.0,nan,nan,nan,0.0,2.0,0.0
Hard-C8-H64-Trajectory,410,EGM,9,161001238,128,8192,73728,18.0,0.0,0.5852332000000047,0.01,0.0,0.0,0.0,1.791350804658507,0.0,0.0,0.0,0.0,nan,nan,nan,0.0,2.0,0.0
Hard-C8-H64-Trajectory,410,EGM,10,161001239,128,8192,81920,20.0,0.0,0.628298700000002,0.01,0.0,0.0,0.0,2.127697790369973,0.0,0.0,0.0,0.0,nan,nan,nan,0.0,2.0,0.0
Hard-C8-H64-Trajectory,410,EGM,11,161001240,128,8192,90112,22.0,0.0,0.6953789000000086,0.01,0.0,0.0,0.0,1.8062659690732354,0.0,0.0,0.0,0.0,nan,nan,nan,0.0,2.0,0.0
Hard-C8-H64-Trajectory,410,EGM,12,161001241,128,8192,98304,24.0,0.0,0.7423379000000097,0.01,0.0,0.0,0.0,2.0045283316769478,0.0,0.0,0.0,0.0,nan,nan,nan,0.0,2.0,0.0
Hard-C8-H64-Trajectory,410,EGM,13,161001242,128,8192,106496,26.0,0.0,0.7873270999999988,0.01,0.0,0.0,0.0,2.113355260583257,0.0,0.0,0.0,0.0,nan,nan,nan,0.0,2.0,0.0
Hard-C8-H64-Trajectory,410,EGM,14,161001243,128,8192,114688,28.0,0.0,0.8521754000000072,0.01,0.0,0.0,0.0,2.0519709094085408,0.0,0.0,0.0,0.0,nan,nan,nan,0.0,2.0,0.0
Hard-C8-H64-Trajectory,410,EGM,15,161001244,128,8192,122880,30.0,0.0,0.9172220000000095,0.01,0.0,0.0,0.0,1.905548777555243,0.0,0.0,0.0,0.0,nan,nan,nan,0.0,2.0,0.0
Hard-C8-H64-Trajectory,410,EGM,16,161001245,128,8192,131072,32.0,0.0,0.9912089000000037,0.01,0.0,0.0,0.0,1.7472346406660384,0.0,0.0,0.0,0.0,nan,nan,nan,0.0,2.0,0.0
Hard-C8-H64-Trajectory,410,EGM,17,161001246,128,8192,139264,34.0,0.0,1.0414220000000114,0.01,0.0,0.0,0.0,2.0637894758927677,0.0,0.0,0.0,0.0,nan,nan,nan,0.0,2.0,0.0
Hard-C8-H64-Trajectory,410,EGM,18,161001247,128,8192,147456,36.0,0.0,1.089247400000005,0.01,0.0,0.0,0.0,1.8144644501907041,0.0,0.0,0.0,0.0,nan,nan,nan,0.0,2.0,0.0
Hard-C8-H64-Trajectory,410,EGM,19,161001248,128,8192,155648,38.0,0.0,1.1368266000000062,0.01,0.0,0.0,0.0,2.030420184060022,0.0,0.0,0.0,0.0,nan,nan,nan,0.0,2.0,0.0
Hard-C8-H64-Trajectory,410,EGM,20,161001249,128,8192,163840,40.0,0.0,1.1934063000000066,0.01,0.0,0.0,0.0,2.1473940546398356,0.0,0.0,0.0,0.0,nan,nan,nan,0.0,2.0,0.0
Hard-C8-H64-Trajectory,410,EGM,21,161001250,128,8192,172032,42.0,0.0,1.2619563000000085,0.01,0.0,0.0,0.0,1.9854686582873364,0.0,0.0,0.0,0.0,nan,nan,nan,0.0,2.0,0.0
Hard-C8-H64-Trajectory,410,EGM,22,161001251,128,8192,180224,44.0,0.0,1.3081522000000092,0.01,0.0,0.0,0.0,2.020214720648345,0.0,0.0,0.0,0.0,nan,nan,nan,0.0,2.0,0.0
Hard-C8-H64-Trajectory,410,EGM,23,161001252,128,8192,188416,46.0,0.0,1.3697330000000107,0.01,0.0,0.0,0.0,2.185126966236589,0.0,0.0,0.0,0.0,nan,nan,nan,0.0,2.0,0.0
Hard-C8-H64-Trajectory,410,EGM,24,161001253,128,8192,196608,48.0,0.0,1.4159286000000009,0.01,0.0,0.0,0.0,2.179351933009953,0.0,0.0,0.0,0.0,nan,nan,nan,0.0,2.0,0.0
Hard-C8-H64-Trajectory,410,EGM,25,161001254,128,8192,204800,50.0,0.0,1.4605101000000076,0.01,0.0,0.0,0.0,1.9410011629028603,0.0,0.0,0.0,0.0,nan,nan,nan,0.0,2.0,0.0
Hard-C8-H64-Trajectory,410,EGM,26,161001255,128,8192,212992,52.0,0.0,1.5212195000000008,0.01,0.0,0.0,0.0,2.0785767061218348,0.0,0.0,0.0,0.0,nan,nan,nan,0.0,2.0,0.0
Hard-C8-H64-Trajectory,410,EGM,27,161001256,128,8192,221184,54.0,0.0,1.578385400000002,0.01,0.0,0.0,0.0,1.9630494531520144,0.0,0.0,0.0,0.0,nan,nan,nan,0.0,2.0,0.0
Hard-C8-H64-Trajectory,410,EGM,28,161001257,128,8192,229376,56.0,0.0,1.6264260000000093,0.01,0.0,0.0,0.0,1.8261886397888447,0.0,0.0,0.0,0.0,nan,nan,nan,0.0,2.0,0.0
Hard-C8-H64-Trajectory,410,EGM,29,161001258,128,8192,237568,58.0,0.0,1.679473900000005,0.01,0.0,0.0,0.0,2.2003907424932443,0.0,0.0,0.0,0.0,nan,nan,nan,0.0,2.0,0.0
Hard-C8-H64-Trajectory,410,EGM,30,161001259,128,8192,245760,60.0,0.0,1.7293652000000037,0.01,0.0,0.0,0.0,2.0292953064424846,0.0,0.0,0.0,0.0,nan,nan,nan,0.0,2.0,0.0
Hard-C8-H64-Trajectory,410,PPM-3,1,161001230,128,8192,8192,3.0,0.0,0.034972499999994966,0.01,0.0,0.0,0.0,1.9227550063736474,0.0,0.0,0.0,0.0,nan,nan,nan,0.0,3.0,0.0
Hard-C8-H64-Trajectory,410,PPM-3,2,161001231,128,8192,16384,6.0,0.0,0.08197590000000332,0.01,0.0,0.0,0.0,2.128819609524858,0.0,0.0,0.0,0.0,nan,nan,nan,0.0,3.0,0.0
Hard-C8-H64-Trajectory,410,PPM-3,3,161001232,128,8192,24576,9.0,0.0,0.12968680000000177,0.01,0.0,0.0,0.0,1.8074426066430946,0.0,0.0,0.0,0.0,nan,nan,nan,0.0,3.0,0.0
Hard-C8-H64-Trajectory,410,PPM-3,4,161001233,128,8192,32768,12.0,0.0,0.18147960000000296,0.01,0.0,0.0,0.0,1.8188564064859083,0.0,0.0,0.0,0.0,nan,nan,nan,0.0,3.0,0.0
Hard-C8-H64-Trajectory,410,PPM-3,5,161001234,128,8192,40960,15.0,0.0,0.23889049999999656,0.01,0.0,0.0,0.0,2.1141363559931285,0.0,0.0,0.0,0.0,nan,nan,nan,0.0,3.0,0.0
Hard-C8-H64-Trajectory,410,PPM-3,6,161001235,128,8192,49152,18.0,0.0,0.3002189000000044,0.01,0.0,0.0,0.0,2.057053096418038,0.0,0.0,0.0,0.0,nan,nan,nan,0.0,3.0,0.0
Hard-C8-H64-Trajectory,410,PPM-3,7,161001236,128,8192,57344,21.0,0.0,0.3570610000000016,0.01,0.0,0.0,0.0,1.9361970363509604,0.0,0.0,0.0,0.0,nan,nan,nan,0.0,3.0,0.0
Hard-C8-H64-Trajectory,410,PPM-3,8,161001237,128,8192,65536,24.0,0.0,0.4046108000000004,0.01,0.0,0.0,0.0,1.8980202646473632,0.0,0.0,0.0,0.0,nan,nan,nan,0.0,3.0,0.0
Hard-C8-H64-Trajectory,410,PPM-3,9,161001238,128,8192,73728,27.0,0.0,0.4609306999999916,0.01,0.0,0.0,0.0,1.7940017975431475,0.0,0.0,0.0,0.0,nan,nan,nan,0.0,3.0,0.0
Hard-C8-H64-Trajectory,410,PPM-3,10,161001239,128,8192,81920,30.0,0.0,0.5217298999999969,0.01,0.0,0.0,0.0,2.1264674415497886,0.0,0.0,0.0,0.0,nan,nan,nan,0.0,3.0,0.0
Hard-C8-H64-Trajectory,410,PPM-3,11,161001240,128,8192,90112,33.0,0.0,0.5841120999999987,0.01,0.0,0.0,0.0,1.8059654772786973,0.0,0.0,0.0,0.0,nan,nan,nan,0.0,3.0,0.0
Hard-C8-H64-Trajectory,410,PPM-3,12,161001241,128,8192,98304,36.0,0.0,0.6334396999999967,0.01,0.0,0.0,0.0,1.9992310173790295,0.0,0.0,0.0,0.0,nan,nan,nan,0.0,3.0,0.0
Hard-C8-H64-Trajectory,410,PPM-3,13,161001242,128,8192,106496,39.0,0.0,0.6821937999999932,0.01,0.0,0.0,0.0,2.111737216334533,0.0,0.0,0.0,0.0,nan,nan,nan,0.0,3.0,0.0
Hard-C8-H64-Trajectory,410,PPM-3,14,161001243,128,8192,114688,42.0,0.0,0.7346831999999921,0.01,0.0,0.0,0.0,2.0530390218827397,0.0,0.0,0.0,0.0,nan,nan,nan,0.0,3.0,0.0
Hard-C8-H64-Trajectory,410,PPM-3,15,161001244,128,8192,122880,45.0,0.0,0.7860395000000011,0.01,0.0,0.0,0.0,1.9104292823655258,0.0,0.0,0.0,0.0,nan,nan,nan,0.0,3.0,0.0
Hard-C8-H64-Trajectory,410,PPM-3,16,161001245,128,8192,131072,48.0,0.0,0.8497018999999995,0.01,0.0,0.0,0.0,1.748846457219197,0.0,0.0,0.0,0.0,nan,nan,nan,0.0,3.0,0.0
Hard-C8-H64-Trajectory,410,PPM-3,17,161001246,128,8192,139264,51.0,0.0,0.9096086999999926,0.01,0.0,0.0,0.0,2.0594744611843545,0.0,0.0,0.0,0.0,nan,nan,nan,0.0,3.0,0.0
Hard-C8-H64-Trajectory,410,PPM-3,18,161001247,128,8192,147456,54.0,0.0,0.9684275999999983,0.01,0.0,0.0,0.0,1.827355107327531,0.0,0.0,0.0,0.0,nan,nan,nan,0.0,3.0,0.0
Hard-C8-H64-Trajectory,410,PPM-3,19,161001248,128,8192,155648,57.0,0.0,1.0226040999999952,0.01,0.0,0.0,0.0,2.035302490563756,0.0,0.0,0.0,0.0,nan,nan,nan,0.0,3.0,0.0
Hard-C8-H64-Trajectory,410,PPM-3,20,161001249,128,8192,163840,60.0,0.0,1.0709653999999915,0.01,0.0,0.0,0.0,2.1426664631149923,0.0,0.0,0.0,0.0,nan,nan,nan,0.0,3.0,0.0
Hard-C8-H64-Trajectory,410,PPM-3,21,161001250,128,8192,172032,63.0,0.0,1.1349546999999944,0.01,0.0,0.0,0.0,1.9948823861577518,0.0,0.0,0.0,0.0,nan,nan,nan,0.0,3.0,0.0
Hard-C8-H64-Trajectory,410,PPM-3,22,161001251,128,8192,180224,66.0,0.0,1.1923604999999924,0.01,0.0,0.0,0.0,2.0132316117015456,0.0,0.0,0.0,0.0,nan,nan,nan,0.0,3.0,0.0
Hard-C8-H64-Trajectory,410,PPM-3,23,161001252,128,8192,188416,69.0,0.0,1.2438542000000012,0.01,0.0,0.0,0.0,2.184585265415507,0.0,0.0,0.0,0.0,nan,nan,nan,0.0,3.0,0.0
Hard-C8-H64-Trajectory,410,PPM-3,24,161001253,128,8192,196608,72.0,0.0,1.2934111999999942,0.01,0.0,0.0,0.0,2.181691729946631,0.0,0.0,0.0,0.0,nan,nan,nan,0.0,3.0,0.0
Hard-C8-H64-Trajectory,410,PPM-3,25,161001254,128,8192,204800,75.0,0.0,1.3421440000000047,0.01,0.0,0.0,0.0,1.946172483635857,0.0,0.0,0.0,0.0,nan,nan,nan,0.0,3.0,0.0
Hard-C8-H64-Trajectory,410,PPM-3,26,161001255,128,8192,212992,78.0,0.0,1.408391199999997,0.01,0.0,0.0,0.0,2.052444886908978,0.0,0.0,0.0,0.0,nan,nan,nan,0.0,3.0,0.0
Hard-C8-H64-Trajectory,410,PPM-3,27,161001256,128,8192,221184,81.0,0.0,1.4588741000000027,0.01,0.0,0.0,0.0,1.9662568496859285,0.0,0.0,0.0,0.0,nan,nan,nan,0.0,3.0,0.0
Hard-C8-H64-Trajectory,410,PPM-3,28,161001257,128,8192,229376,84.0,0.0,1.5193809000000016,0.01,0.0,0.0,0.0,1.8388485844986155,0.0,0.0,0.0,0.0,nan,nan,nan,0.0,3.0,0.0
Hard-C8-H64-Trajectory,410,PPM-3,29,161001258,128,8192,237568,87.0,0.0,1.572023399999992,0.01,0.0,0.0,0.0,2.1910253978290086,0.0,0.0,0.0,0.0,nan,nan,nan,0.0,3.0,0.0
Hard-C8-H64-Trajectory,410,PPM-3,30,161001259,128,8192,245760,90.0,0.0,1.6232688999999993,0.01,0.0,0.0,0.0,2.0397180227874907,0.0,0.0,0.0,0.0,nan,nan,nan,0.0,3.0,0.0
Hard-C8-H64-Trajectory,411,QP+G,1,161101233,128,8192,8192,1.0,1.0,0.1142487999999986,0.0,0.0,4.648248256398121,-0.3209736979521214,2.0574930490550063,9.563738477821188,0.0,0.0,0.0,0.0,0.0,0.0,5.0,1.0,1.0
Hard-C8-H64-Trajectory,411,QP+G,2,161101234,128,8192,16384,2.0,2.0,0.24872110000001157,0.08,0.017715196999051466,4.515896718748511,-0.013714189409336542,2.001672602732563,9.039346738688774,1.0,0.0,0.0,-0.09020022431488064,-0.09228286241081207,-0.0020826380959314272,5.0,1.0,1.0
Hard-C8-H64-Trajectory,411,QP+G,3,161101235,128,8192,24576,3.0,3.0,0.3989898000000096,0.038608154962100426,0.0,5.947602850817748,-0.1760267011015341,2.150756709539486,12.791846737072447,0.0,0.0,0.0,-0.0021687974299008255,-0.0022171372677464163,-4.833983784559076e-05,5.0,1.0,1.0
Hard-C8-H64-Trajectory,411,QP+G,4,161101236,128,8192,32768,4.0,4.0,0.5191029000000071,0.0,0.0,4.85774189077501,-0.10093309850924409,1.9226910104393489,9.339936664427757,0.0,1.0,0.0,-0.014165558945395201,0.0,0.014165558945395201,5.0,1.0,1.0
Hard-C8-H64-Trajectory,411,QP+G,5,161101237,128,8192,40960,5.0,5.0,0.6508383000000038,0.08,0.018137728167344314,4.4106957200976415,0.33357870083398067,1.9970648917291476,8.808445570707011,1.0,0.0,0.0,-0.0805327417483576,-0.08603097722216901,-0.005498235473811411,5.0,1.0,1.0
Hard-C8-H64-Trajectory,411,QP+G,6,161101238,128,8192,49152,6.0,6.0,0.8022248999999988,0.0,0.0,4.550882833164147,-0.14439929572132376,1.7620630629671101,8.018942544209658,0.0,1.0,0.0,-0.008873914033140792,0.0,0.008873914033140792,5.0,1.0,1.0
Hard-C8-H64-Trajectory,411,QP+G,7,161101239,128,8192,57344,7.0,7.0,0.9290351000000072,0.0047054034256914816,0.0,4.312774590979641,0.10265696883689365,1.8951374577735685,8.173300674299599,0.0,1.0,0.0,-0.003141977600083493,-3.4858468632936734e-05,0.0031071191314505564,5.0,1.0,1.0
Hard-C8-H64-Trajectory,411,QP+G,8,161101240,128,8192,65536,8.0,8.0,1.0668380999999982,0.0,0.0,4.920212921702073,-0.1502580151509626,1.9225701666560524,9.459454576860017,0.0,1.0,0.0,-0.0025675971814569584,0.0,0.0025675971814569584,5.0,1.0,1.0
Hard-C8-H64-Trajectory,411,QP+G,9,161101241,128,8192,73728,9.0,9.0,1.2242135000000047,0.0,0.014216580940354016,4.2488291115871,-0.009322496066251094,1.8866348783640468,8.01598919412875,1.0,0.0,0.0,-0.004274457990170706,-0.004291438038784623,-1.6980048613917352e-05,5.0,1.0,1.0
Hard-C8-H64-Trajectory,411,QP+G,10,161101242,128,8192,81920,10.0,10.0,1.3602077000000037,0.08,0.0,4.933827213303303,0.0007939663400672506,2.160944082498673,10.661724720658691,0.0,0.0,0.0,-0.012594032358418298,-0.012651268437296803,-5.723607887850486e-05,5.0,1.0,1.0
Hard-C8-H64-Trajectory,411,QP+G,11,161101243,128,8192,90112,11.0,11.0,1.5012001999999995,0.0,0.0,4.985212142010173,0.20233615796351445,2.050080632745199,10.220086862461264,0.0,1.0,0.0,-0.025963062851602815,0.0,0.025963062851602815,5.0,1.0,1.0
Hard-C8-H64-Trajectory,411,QP+G,12,161101244,128,8192,98304,12.0,12.0,1.6404581000000036,0.0,0.0,4.451055199477542,-0.16856253414107028,1.6610229291776422,7.393304745367562,0.0,0.0,0.0,0.0,0.0,0.0,5.0,1.0,1.0
Hard-C8-H64-Trajectory,411,QP+G,13,161101245,128,8192,106496,13.0,13.0,1.799721500000004,0.08,0.0,5.5229134804509235,-0.18363197295134806,1.8971201958718285,10.477630703816217,0.0,0.0,0.0,-0.023060339675324514,-0.02307976870984607,-1.9429034521557115e-05,5.0,1.0,1.0
Hard-C8-H64-Trajectory,411,QP+G,14,161101246,128,8192,114688,14.0,14.0,1.9244117000000074,0.0,0.015543981932029083,5.1466863735318915,-0.02367373952036261,2.373798965559902,12.217198789551247,1.0,0.0,0.0,-0.06532184230977855,-0.06295808519574564,0.002363757114032916,5.0,1.0,1.0
Hard-C8-H64-Trajectory,411,QP+G,15,161101247,128,8192,122880,15.0,15.0,2.04109840000001,0.02433988491407063,0.0,4.798724216521257,-0.06056040901075574,1.9773307596560257,9.488665000433743,0.0,1.0,0.0,-0.001966101204813,-0.0009830257393765862,0.0009830754654364137,5.0,1.0,1.0
Hard-C8-H64-Trajectory,411,QP+G,16,161101248,128,8192,131072,16.0,16.0,2.188492100000005,0.08,0.016208841113150893,4.935578024458069,-0.045660292405125556,2.2351396168519897,11.031705974530308,1.0,0.0,0.0,-0.07226619020737436,-0.07721656633705853,-0.0049503761296841725,5.0,1.0,1.0
Hard-C8-H64-Trajectory,411,QP+G,17,161101249,128,8192,139264,17.0,17.0,2.3160748000000098,0.0,0.0,5.6646814824539025,-0.26610032718675025,2.07107328616967,11.731970492970282,0.0,0.0,0.0,0.0,0.0,0.0,5.0,1.0,1.0
Hard-C8-H64-Trajectory,411,QP+G,18,161101250,128,8192,147456,18.0,18.0,2.4385957000000076,0.05103967729698302,0.0,5.034915419523449,-0.21761536055669586,2.474259681753614,12.457688223566452,0.0,1.0,0.0,-0.03588064092654078,-0.005522475377611524,0.030358165548929256,5.0,1.0,1.0
Hard-C8-H64-Trajectory,411,QP+G,19,161101251,128,8192,155648,19.0,19.0,2.580351399999998,0.0,0.0,5.281232326184912,0.20637422658900792,1.9936973363614,10.52917882142058,0.0,0.0,0.0,0.0,0.0,0.0,5.0,1.0,1.0
Hard-C8-H64-Trajectory,411,QP+G,20,161101252,128,8192,163840,20.0,20.0,2.7055837000000054,0.0,0.014446217691721852,5.5377817022543265,-0.26482959137489426,2.0987137097045774,11.622218379872306,1.0,0.0,0.0,-0.012852223893206586,-0.01311245986268661,-0.0002602359694800233,5.0,1.0,1.0
Hard-C8-H64-Trajectory,411,QP+G,21,161101253,128,8192,172032,21.0,21.0,2.8456814000000037,0.08,0.0,4.154044759332691,-0.09272710244383416,2.0962645024583177,8.707976570612125,0.0,0.0,0.0,-0.0420570967770351,-0.0413752521287698,0.0006818446482652965,5.0,1.0,1.0
Hard-C8-H64-Trajectory,411,QP+G,22,161101254,128,8192,180224,22.0,22.0,2.9634915000000035,0.0,0.0,5.054797051556076,0.04554946458799836,1.9930302530846566,10.074363446954381,0.0,1.0,0.0,-0.007512771353757244,0.0,0.007512771353757244,5.0,1.0,1.0
Hard-C8-H64-Trajectory,411,QP+G,23,161101255,128,8192,188416,23.0,23.0,3.0881729000000036,0.0,0.0,5.8904253121681,0.27374136886082345,2.0506545366658515,12.079227389288878,0.0,1.0,0.0,-0.022560229145575983,0.0,0.022560229145575983,5.0,1.0,1.0
Hard-C8-H64-Trajectory,411,QP+G,24,161101256,128,8192,196608,24.0,24.0,3.219201400000003,0.0,0.0,5.16658648625955,-0.0651753258815837,2.086387083593143,10.779499311198805,0.0,0.0,0.0,0.0,0.0,0.0,5.0,1.0,1.0
Hard-C8-H64-Trajectory,411,QP+G,25,161101257,128,8192,204800,25.0,25.0,3.3371647000000024,0.0,0.0,4.9806362124951695,-0.01864469356476352,2.124718962423949,10.582452205623884,0.0,1.0,0.0,-0.02496985512869832,0.0,0.02496985512869832,5.0,1.0,1.0
Hard-C8-H64-Trajectory,411,QP+G,26,161101258,128,8192,212992,26.0,26.0,3.479122200000006,0.0,0.0,5.2523195051727765,-0.14877773063320468,2.1782076368744256,11.440642457471846,0.0,0.0,0.0,0.0,0.0,0.0,5.0,1.0,1.0
Hard-C8-H64-Trajectory,411,QP+G,27,161101259,128,8192,221184,27.0,27.0,3.6074649000000107,0.08,0.0,4.297236913821337,0.012152902761308454,1.882132395240624,8.087968805526978,0.0,0.0,0.0,-0.007665945275908614,-0.007612244787892575,5.370048801603931e-05,5.0,1.0,1.0
Hard-C8-H64-Trajectory,411,QP+G,28,161101260,128,8192,229376,28.0,28.0,3.730939200000009,0.08,0.0,4.999679409116631,0.039621910157459375,2.178877638725074,10.89368966531842,0.0,0.0,0.0,-0.06663767131783709,-0.06612581404533735,0.0005118572724997356,5.0,1.0,1.0
Hard-C8-H64-Trajectory,411,QP+G,29,161101261,128,8192,237568,29.0,29.0,3.8690382000000056,0.0,0.0,4.932407685672169,0.008158171410087732,2.025203477554895,9.989129197741768,0.0,0.0,0.0,0.0,0.0,0.0,5.0,1.0,1.0
Hard-C8-H64-Trajectory,411,QP+G,30,161101262,128,8192,245760,30.0,30.0,4.007063400000007,0.08,0.0,5.470112381905652,0.2063678887259806,2.1294514225609205,11.648338593217096,0.0,0.0,0.0,-0.018488175481061898,-0.01846304135306731,2.5134127994586725e-05,5.0,1.0,1.0
Hard-C8-H64-Trajectory,411,noG,1,161101233,128,8192,8192,1.0,0.0,0.06713799999999992,0.0,0.0,0.0,0.0,2.0574930490550063,0.0,0.0,0.0,0.0,0.0,0.0,0.0,3.0,1.0,0.0
Hard-C8-H64-Trajectory,411,noG,2,161101234,128,8192,16384,2.0,0.0,0.1424216000000058,0.08,0.0,0.0,0.0,2.001672602732563,0.0,0.0,0.0,0.0,-0.0255130914595462,-0.02519954521921397,0.00031354624033223116,3.0,1.0,0.0
Hard-C8-H64-Trajectory,411,noG,3,161101235,128,8192,24576,3.0,0.0,0.2254093000000097,0.0,0.0,0.0,0.0,2.2338768913839298,0.0,0.0,0.0,0.0,0.0,0.0,0.0,3.0,1.0,0.0
Hard-C8-H64-Trajectory,411,noG,4,161101236,128,8192,32768,4.0,0.0,0.3069078000000047,0.03208803693939936,0.0,0.0,0.0,1.931226742415525,0.0,0.0,0.0,0.0,-0.0008938533187530495,-0.0008673922193240813,2.646109942896818e-05,3.0,1.0,0.0
Hard-C8-H64-Trajectory,411,noG,5,161101237,128,8192,40960,5.0,0.0,0.38767149999999617,0.08,0.0,0.0,0.0,1.9741311919076463,0.0,0.0,0.0,0.0,-0.03838350896892591,-0.03827749330940344,0.00010601565952246539,3.0,1.0,0.0
Hard-C8-H64-Trajectory,411,noG,6,161101238,128,8192,49152,6.0,0.0,0.48911700000000735,0.07520792532323724,0.0,0.0,0.0,1.7405515218959762,0.0,0.0,0.0,0.0,-0.006618167220464922,-0.006164143836624891,0.0004540233838400305,3.0,1.0,0.0
Hard-C8-H64-Trajectory,411,noG,7,161101239,128,8192,57344,7.0,0.0,0.5662803000000025,0.07132449768620532,0.0,0.0,0.0,1.9901058062102368,0.0,0.0,0.0,0.0,-0.008441862552005136,-0.008478928239988193,-3.7065687983057e-05,3.0,1.0,0.0
Hard-C8-H64-Trajectory,411,noG,8,161101240,128,8192,65536,8.0,0.0,0.6503945000000044,0.0,0.0,0.0,0.0,1.956804924486353,0.0,0.0,0.0,0.0,0.0,0.0,0.0,3.0,1.0,0.0
Hard-C8-H64-Trajectory,411,noG,9,161101241,128,8192,73728,9.0,0.0,0.7417248000000001,0.0,0.0,0.0,0.0,2.0954714469517657,0.0,0.0,0.0,0.0,0.0,0.0,0.0,3.0,1.0,0.0
Hard-C8-H64-Trajectory,411,noG,10,161101242,128,8192,81920,10.0,0.0,0.8236030000000056,0.08,0.0,0.0,0.0,2.074684950306231,0.0,0.0,0.0,0.0,-0.04139460513266158,-0.04162387938922185,-0.00022927425656027456,3.0,1.0,0.0
Hard-C8-H64-Trajectory,411,noG,11,161101243,128,8192,90112,11.0,0.0,0.9287074000000075,0.01695975715095912,0.0,0.0,0.0,2.0331552694967616,0.0,0.0,0.0,0.0,-0.00030029679092872575,-0.0002992405577217916,1.0562332069341627e-06,3.0,1.0,0.0
Hard-C8-H64-Trajectory,411,noG,12,161101244,128,8192,98304,12.0,0.0,1.0180607000000066,0.0,0.0,0.0,0.0,1.5844048751108886,0.0,0.0,0.0,0.0,0.0,0.0,0.0,3.0,1.0,0.0
Hard-C8-H64-Trajectory,411,noG,13,161101245,128,8192,106496,13.0,0.0,1.1101397000000048,0.05965265346301828,0.0,0.0,0.0,1.8517345006385155,0.0,0.0,0.0,0.0,-0.006422921826979664,-0.006371182104281559,5.173972269810565e-05,3.0,1.0,0.0
Hard-C8-H64-Trajectory,411,noG,14,161101246,128,8192,114688,14.0,0.0,1.1968604000000056,0.0,0.0,0.0,0.0,2.3669840245656024,0.0,0.0,0.0,0.0,0.0,0.0,0.0,3.0,1.0,0.0
Hard-C8-H64-Trajectory,411,noG,15,161101247,128,8192,122880,15.0,0.0,1.2798674000000005,0.027944465727000965,0.0,0.0,0.0,1.976626380331196,0.0,0.0,0.0,0.0,-0.0008553557441829416,-0.0008152861881023377,4.006955608060398e-05,3.0,1.0,0.0
Hard-C8-H64-Trajectory,411,noG,16,161101248,128,8192,131072,16.0,0.0,1.381278899999998,0.08,0.0,0.0,0.0,2.1598540579699983,0.0,0.0,0.0,0.0,-0.033437438320751925,-0.033708852959398516,-0.00027141463864659154,3.0,1.0,0.0
Hard-C8-H64-Trajectory,411,noG,17,161101249,128,8192,139264,17.0,0.0,1.485385700000009,0.0,0.0,0.0,0.0,1.992455458884153,0.0,0.0,0.0,0.0,0.0,0.0,0.0,3.0,1.0,0.0
Hard-C8-H64-Trajectory,411,noG,18,161101250,128,8192,147456,18.0,0.0,1.5687130999999965,0.08,0.0,0.0,0.0,2.290464837882223,0.0,0.0,0.0,0.0,-0.03021261535411647,-0.03035808284859387,-0.00014546749447739982,3.0,1.0,0.0
Hard-C8-H64-Trajectory,411,noG,19,161101251,128,8192,155648,19.0,0.0,1.6502938,0.0,0.0,0.0,0.0,2.026801068790448,0.0,0.0,0.0,0.0,0.0,0.0,0.0,3.0,1.0,0.0
Hard-C8-H64-Trajectory,411,noG,20,161101252,128,8192,163840,20.0,0.0,1.7356751000000088,0.0,0.0,0.0,0.0,2.02499079160617,0.0,0.0,0.0,0.0,0.0,0.0,0.0,3.0,1.0,0.0
Hard-C8-H64-Trajectory,411,noG,21,161101253,128,8192,172032,21.0,0.0,1.8368195000000043,0.08,0.0,0.0,0.0,1.995532587928553,0.0,0.0,0.0,0.0,-0.028787222479429286,-0.028802045774401375,-1.4823294972089035e-05,3.0,1.0,0.0
Hard-C8-H64-Trajectory,411,noG,22,161101254,128,8192,180224,22.0,0.0,1.918762600000008,0.0,0.0,0.0,0.0,2.0248442227812617,0.0,0.0,0.0,0.0,0.0,0.0,0.0,3.0,1.0,0.0
Hard-C8-H64-Trajectory,411,noG,23,161101255,128,8192,188416,23.0,0.0,2.0089279999999974,0.0,0.0,0.0,0.0,1.9844520712692189,0.0,0.0,0.0,0.0,0.0,0.0,0.0,3.0,1.0,0.0
Hard-C8-H64-Trajectory,411,noG,24,161101256,128,8192,196608,24.0,0.0,2.104970199999997,0.03773191848297247,0.0,0.0,0.0,1.9823393504932294,0.0,0.0,0.0,0.0,-0.0019943502934169945,-0.0020104020305851122,-1.605173716811778e-05,3.0,1.0,0.0
Hard-C8-H64-Trajectory,411,noG,25,161101257,128,8192,204800,25.0,0.0,2.1833328000000023,0.0,0.0,0.0,0.0,2.1068624980429784,0.0,0.0,0.0,0.0,0.0,0.0,0.0,3.0,1.0,0.0
Hard-C8-H64-Trajectory,411,noG,26,161101258,128,8192,212992,26.0,0.0,2.286670200000003,0.0,0.0,0.0,0.0,2.1224382198967215,0.0,0.0,0.0,0.0,0.0,0.0,0.0,3.0,1.0,0.0
Hard-C8-H64-Trajectory,411,noG,27,161101259,128,8192,221184,27.0,0.0,2.3694346000000053,0.03502735876621574,0.0,0.0,0.0,1.9675714862311022,0.0,0.0,0.0,0.0,-0.0007988365276953484,-0.0008163567382397652,-1.752021054441679e-05,3.0,1.0,0.0
Hard-C8-H64-Trajectory,411,noG,28,161101260,128,8192,229376,28.0,0.0,2.4511889999999994,0.08,0.0,0.0,0.0,2.3118551714088724,0.0,0.0,0.0,0.0,-0.07886192697659869,-0.07667038823384997,0.0021915387427487165,3.0,1.0,0.0
Hard-C8-H64-Trajectory,411,noG,29,161101261,128,8192,237568,29.0,0.0,2.537025600000007,0.0,0.0,0.0,0.0,1.8519076537186387,0.0,0.0,0.0,0.0,0.0,0.0,0.0,3.0,1.0,0.0
Hard-C8-H64-Trajectory,411,noG,30,161101262,128,8192,245760,30.0,0.0,2.622405299999997,0.08,0.0,0.0,0.0,1.8884336562696857,0.0,0.0,0.0,0.0,-0.025197474687251892,-0.025215334919903576,-1.7860232651684127e-05,3.0,1.0,0.0
Hard-C8-H64-Trajectory,411,GDA,1,161101233,128,8192,8192,1.0,0.0,0.027046900000001983,0.01,0.0,0.0,0.0,2.0574930490550063,0.0,0.0,0.0,0.0,nan,nan,nan,0.0,1.0,0.0
Hard-C8-H64-Trajectory,411,GDA,2,161101234,128,8192,16384,2.0,0.0,0.07161359999999206,0.01,0.0,0.0,0.0,1.9665178327128188,0.0,0.0,0.0,0.0,nan,nan,nan,0.0,1.0,0.0
Hard-C8-H64-Trajectory,411,GDA,3,161101235,128,8192,24576,3.0,0.0,0.11141349999999761,0.01,0.0,0.0,0.0,2.1787762832836064,0.0,0.0,0.0,0.0,nan,nan,nan,0.0,1.0,0.0
Hard-C8-H64-Trajectory,411,GDA,4,161101236,128,8192,32768,4.0,0.0,0.1530948000000052,0.01,0.0,0.0,0.0,1.9441175458841786,0.0,0.0,0.0,0.0,nan,nan,nan,0.0,1.0,0.0
Hard-C8-H64-Trajectory,411,GDA,5,161101237,128,8192,40960,5.0,0.0,0.19624709999999368,0.01,0.0,0.0,0.0,1.8903163461534116,0.0,0.0,0.0,0.0,nan,nan,nan,0.0,1.0,0.0
Hard-C8-H64-Trajectory,411,GDA,6,161101238,128,8192,49152,6.0,0.0,0.25160929999999837,0.01,0.0,0.0,0.0,1.749570329735514,0.0,0.0,0.0,0.0,nan,nan,nan,0.0,1.0,0.0
Hard-C8-H64-Trajectory,411,GDA,7,161101239,128,8192,57344,7.0,0.0,0.30487100000000567,0.01,0.0,0.0,0.0,1.984911046020284,0.0,0.0,0.0,0.0,nan,nan,nan,0.0,1.0,0.0
Hard-C8-H64-Trajectory,411,GDA,8,161101240,128,8192,65536,8.0,0.0,0.35443449999999643,0.01,0.0,0.0,0.0,1.9763553920006967,0.0,0.0,0.0,0.0,nan,nan,nan,0.0,1.0,0.0
Hard-C8-H64-Trajectory,411,GDA,9,161101241,128,8192,73728,9.0,0.0,0.3992544000000038,0.01,0.0,0.0,0.0,1.8931089518729662,0.0,0.0,0.0,0.0,nan,nan,nan,0.0,1.0,0.0
Hard-C8-H64-Trajectory,411,GDA,10,161101242,128,8192,81920,10.0,0.0,0.4451090000000022,0.01,0.0,0.0,0.0,2.1541579364922177,0.0,0.0,0.0,0.0,nan,nan,nan,0.0,1.0,0.0
Hard-C8-H64-Trajectory,411,GDA,11,161101243,128,8192,90112,11.0,0.0,0.49903559999999914,0.01,0.0,0.0,0.0,2.0305452679792646,0.0,0.0,0.0,0.0,nan,nan,nan,0.0,1.0,0.0
Hard-C8-H64-Trajectory,411,GDA,12,161101244,128,8192,98304,12.0,0.0,0.5418082999999996,0.01,0.0,0.0,0.0,1.688548843406343,0.0,0.0,0.0,0.0,nan,nan,nan,0.0,1.0,0.0
Hard-C8-H64-Trajectory,411,GDA,13,161101245,128,8192,106496,13.0,0.0,0.5871647999999965,0.01,0.0,0.0,0.0,1.9348686474673154,0.0,0.0,0.0,0.0,nan,nan,nan,0.0,1.0,0.0
Hard-C8-H64-Trajectory,411,GDA,14,161101246,128,8192,114688,14.0,0.0,0.6300425000000018,0.01,0.0,0.0,0.0,2.4415428948140567,0.0,0.0,0.0,0.0,nan,nan,nan,0.0,1.0,0.0
Hard-C8-H64-Trajectory,411,GDA,15,161101247,128,8192,122880,15.0,0.0,0.6729490000000027,0.01,0.0,0.0,0.0,1.8639539331430126,0.0,0.0,0.0,0.0,nan,nan,nan,0.0,1.0,0.0
Hard-C8-H64-Trajectory,411,GDA,16,161101248,128,8192,131072,16.0,0.0,0.7430662999999953,0.01,0.0,0.0,0.0,2.1956040964937404,0.0,0.0,0.0,0.0,nan,nan,nan,0.0,1.0,0.0
Hard-C8-H64-Trajectory,411,GDA,17,161101249,128,8192,139264,17.0,0.0,0.7981884999999949,0.01,0.0,0.0,0.0,2.0193308711564337,0.0,0.0,0.0,0.0,nan,nan,nan,0.0,1.0,0.0
Hard-C8-H64-Trajectory,411,GDA,18,161101250,128,8192,147456,18.0,0.0,0.8442579000000023,0.01,0.0,0.0,0.0,2.2471649999707806,0.0,0.0,0.0,0.0,nan,nan,nan,0.0,1.0,0.0
Hard-C8-H64-Trajectory,411,GDA,19,161101251,128,8192,155648,19.0,0.0,0.8882811000000004,0.01,0.0,0.0,0.0,2.018676201655138,0.0,0.0,0.0,0.0,nan,nan,nan,0.0,1.0,0.0
Hard-C8-H64-Trajectory,411,GDA,20,161101252,128,8192,163840,20.0,0.0,0.9307103999999953,0.01,0.0,0.0,0.0,1.9343438942874784,0.0,0.0,0.0,0.0,nan,nan,nan,0.0,1.0,0.0
Hard-C8-H64-Trajectory,411,GDA,21,161101253,128,8192,172032,21.0,0.0,0.9875837999999959,0.01,0.0,0.0,0.0,2.067170098612249,0.0,0.0,0.0,0.0,nan,nan,nan,0.0,1.0,0.0
Hard-C8-H64-Trajectory,411,GDA,22,161101254,128,8192,180224,22.0,0.0,1.031675100000001,0.01,0.0,0.0,0.0,1.9960131341616838,0.0,0.0,0.0,0.0,nan,nan,nan,0.0,1.0,0.0
Hard-C8-H64-Trajectory,411,GDA,23,161101255,128,8192,188416,23.0,0.0,1.0802328999999986,0.01,0.0,0.0,0.0,2.1646857400702735,0.0,0.0,0.0,0.0,nan,nan,nan,0.0,1.0,0.0
Hard-C8-H64-Trajectory,411,GDA,24,161101256,128,8192,196608,24.0,0.0,1.1209776000000033,0.01,0.0,0.0,0.0,2.0431128011182675,0.0,0.0,0.0,0.0,nan,nan,nan,0.0,1.0,0.0
Hard-C8-H64-Trajectory,411,GDA,25,161101257,128,8192,204800,25.0,0.0,1.1631629000000032,0.01,0.0,0.0,0.0,1.9956880002624307,0.0,0.0,0.0,0.0,nan,nan,nan,0.0,1.0,0.0
Hard-C8-H64-Trajectory,411,GDA,26,161101258,128,8192,212992,26.0,0.0,1.2199348999999984,0.01,0.0,0.0,0.0,2.1176707476478693,0.0,0.0,0.0,0.0,nan,nan,nan,0.0,1.0,0.0
Hard-C8-H64-Trajectory,411,GDA,27,161101259,128,8192,221184,27.0,0.0,1.2645201999999927,0.01,0.0,0.0,0.0,1.8868897390811035,0.0,0.0,0.0,0.0,nan,nan,nan,0.0,1.0,0.0
Hard-C8-H64-Trajectory,411,GDA,28,161101260,128,8192,229376,28.0,0.0,1.3079932999999926,0.01,0.0,0.0,0.0,2.345086644739674,0.0,0.0,0.0,0.0,nan,nan,nan,0.0,1.0,0.0
Hard-C8-H64-Trajectory,411,GDA,29,161101261,128,8192,237568,29.0,0.0,1.3504575999999986,0.01,0.0,0.0,0.0,1.792028434788252,0.0,0.0,0.0,0.0,nan,nan,nan,0.0,1.0,0.0
Hard-C8-H64-Trajectory,411,GDA,30,161101262,128,8192,245760,30.0,0.0,1.3957697999999965,0.01,0.0,0.0,0.0,1.824657941223358,0.0,0.0,0.0,0.0,nan,nan,nan,0.0,1.0,0.0
Hard-C8-H64-Trajectory,411,EGM,1,161101233,128,8192,8192,2.0,0.0,0.03038429999999437,0.01,0.0,0.0,0.0,2.0574930490550063,0.0,0.0,0.0,0.0,nan,nan,nan,0.0,2.0,0.0
Hard-C8-H64-Trajectory,411,EGM,2,161101234,128,8192,16384,4.0,0.0,0.07313899999999762,0.01,0.0,0.0,0.0,1.967846693274267,0.0,0.0,0.0,0.0,nan,nan,nan,0.0,2.0,0.0
Hard-C8-H64-Trajectory,411,EGM,3,161101235,128,8192,24576,6.0,0.0,0.11862519999999677,0.01,0.0,0.0,0.0,2.1799407704400493,0.0,0.0,0.0,0.0,nan,nan,nan,0.0,2.0,0.0
Hard-C8-H64-Trajectory,411,EGM,4,161101236,128,8192,32768,8.0,0.0,0.1643653999999941,0.01,0.0,0.0,0.0,1.953478453070585,0.0,0.0,0.0,0.0,nan,nan,nan,0.0,2.0,0.0
Hard-C8-H64-Trajectory,411,EGM,5,161101237,128,8192,40960,10.0,0.0,0.22335879999999975,0.01,0.0,0.0,0.0,1.881609589830447,0.0,0.0,0.0,0.0,nan,nan,nan,0.0,2.0,0.0
Hard-C8-H64-Trajectory,411,EGM,6,161101238,128,8192,49152,12.0,0.0,0.2830245999999903,0.01,0.0,0.0,0.0,1.7451656766531698,0.0,0.0,0.0,0.0,nan,nan,nan,0.0,2.0,0.0
Hard-C8-H64-Trajectory,411,EGM,7,161101239,128,8192,57344,14.0,0.0,0.33129369999998914,0.01,0.0,0.0,0.0,1.9849288327201169,0.0,0.0,0.0,0.0,nan,nan,nan,0.0,2.0,0.0
Hard-C8-H64-Trajectory,411,EGM,8,161101240,128,8192,65536,16.0,0.0,0.3757885999999928,0.01,0.0,0.0,0.0,1.9824290913943015,0.0,0.0,0.0,0.0,nan,nan,nan,0.0,2.0,0.0
Hard-C8-H64-Trajectory,411,EGM,9,161101241,128,8192,73728,18.0,0.0,0.42215789999998776,0.01,0.0,0.0,0.0,1.9151875852209725,0.0,0.0,0.0,0.0,nan,nan,nan,0.0,2.0,0.0
Hard-C8-H64-Trajectory,411,EGM,10,161101242,128,8192,81920,20.0,0.0,0.476589699999991,0.01,0.0,0.0,0.0,2.1564852203950085,0.0,0.0,0.0,0.0,nan,nan,nan,0.0,2.0,0.0
Hard-C8-H64-Trajectory,411,EGM,11,161101243,128,8192,90112,22.0,0.0,0.5366998999999879,0.01,0.0,0.0,0.0,2.0567120930057667,0.0,0.0,0.0,0.0,nan,nan,nan,0.0,2.0,0.0
Hard-C8-H64-Trajectory,411,EGM,12,161101244,128,8192,98304,24.0,0.0,0.5917892999999879,0.01,0.0,0.0,0.0,1.6847710805289087,0.0,0.0,0.0,0.0,nan,nan,nan,0.0,2.0,0.0
Hard-C8-H64-Trajectory,411,EGM,13,161101245,128,8192,106496,26.0,0.0,0.6366672999999992,0.01,0.0,0.0,0.0,1.937868578610647,0.0,0.0,0.0,0.0,nan,nan,nan,0.0,2.0,0.0
Hard-C8-H64-Trajectory,411,EGM,14,161101246,128,8192,114688,28.0,0.0,0.6954302999999982,0.01,0.0,0.0,0.0,2.446987851559685,0.0,0.0,0.0,0.0,nan,nan,nan,0.0,2.0,0.0
Hard-C8-H64-Trajectory,411,EGM,15,161101247,128,8192,122880,30.0,0.0,0.7499180999999879,0.01,0.0,0.0,0.0,1.860193687523518,0.0,0.0,0.0,0.0,nan,nan,nan,0.0,2.0,0.0
Hard-C8-H64-Trajectory,411,EGM,16,161101248,128,8192,131072,32.0,0.0,0.8085588000000001,0.01,0.0,0.0,0.0,2.173724193547091,0.0,0.0,0.0,0.0,nan,nan,nan,0.0,2.0,0.0
Hard-C8-H64-Trajectory,411,EGM,17,161101249,128,8192,139264,34.0,0.0,0.8560382000000004,0.01,0.0,0.0,0.0,2.0293208669617346,0.0,0.0,0.0,0.0,nan,nan,nan,0.0,2.0,0.0
Hard-C8-H64-Trajectory,411,EGM,18,161101250,128,8192,147456,36.0,0.0,0.9061747999999881,0.01,0.0,0.0,0.0,2.235961937346454,0.0,0.0,0.0,0.0,nan,nan,nan,0.0,2.0,0.0
Hard-C8-H64-Trajectory,411,EGM,19,161101251,128,8192,155648,38.0,0.0,0.9571765999999968,0.01,0.0,0.0,0.0,2.03788221938407,0.0,0.0,0.0,0.0,nan,nan,nan,0.0,2.0,0.0
Hard-C8-H64-Trajectory,411,EGM,20,161101252,128,8192,163840,40.0,0.0,1.0048822999999913,0.01,0.0,0.0,0.0,1.9230801592096978,0.0,0.0,0.0,0.0,nan,nan,nan,0.0,2.0,0.0
Hard-C8-H64-Trajectory,411,EGM,21,161101253,128,8192,172032,42.0,0.0,1.072262099999989,0.01,0.0,0.0,0.0,2.074568526956181,0.0,0.0,0.0,0.0,nan,nan,nan,0.0,2.0,0.0
Hard-C8-H64-Trajectory,411,EGM,22,161101254,128,8192,180224,44.0,0.0,1.1220461999999998,0.01,0.0,0.0,0.0,1.9870093315270738,0.0,0.0,0.0,0.0,nan,nan,nan,0.0,2.0,0.0
Hard-C8-H64-Trajectory,411,EGM,23,161101255,128,8192,188416,46.0,0.0,1.168842799999993,0.01,0.0,0.0,0.0,2.158603869217237,0.0,0.0,0.0,0.0,nan,nan,nan,0.0,2.0,0.0
Hard-C8-H64-Trajectory,411,EGM,24,161101256,128,8192,196608,48.0,0.0,1.220271799999992,0.01,0.0,0.0,0.0,2.0384801135770974,0.0,0.0,0.0,0.0,nan,nan,nan,0.0,2.0,0.0
Hard-C8-H64-Trajectory,411,EGM,25,161101257,128,8192,204800,50.0,0.0,1.2696652999999998,0.01,0.0,0.0,0.0,1.9763516954078713,0.0,0.0,0.0,0.0,nan,nan,nan,0.0,2.0,0.0
Hard-C8-H64-Trajectory,411,EGM,26,161101258,128,8192,212992,52.0,0.0,1.341715999999991,0.01,0.0,0.0,0.0,2.1475265459945394,0.0,0.0,0.0,0.0,nan,nan,nan,0.0,2.0,0.0
Hard-C8-H64-Trajectory,411,EGM,27,161101259,128,8192,221184,54.0,0.0,1.3873147999999986,0.01,0.0,0.0,0.0,1.8724761546404074,0.0,0.0,0.0,0.0,nan,nan,nan,0.0,2.0,0.0
Hard-C8-H64-Trajectory,411,EGM,28,161101260,128,8192,229376,56.0,0.0,1.4329826999999966,0.01,0.0,0.0,0.0,2.335182686499716,0.0,0.0,0.0,0.0,nan,nan,nan,0.0,2.0,0.0
Hard-C8-H64-Trajectory,411,EGM,29,161101261,128,8192,237568,58.0,0.0,1.4764884999999879,0.01,0.0,0.0,0.0,1.7696413589256745,0.0,0.0,0.0,0.0,nan,nan,nan,0.0,2.0,0.0
Hard-C8-H64-Trajectory,411,EGM,30,161101262,128,8192,245760,60.0,0.0,1.5208224999999942,0.01,0.0,0.0,0.0,1.8533484583252104,0.0,0.0,0.0,0.0,nan,nan,nan,0.0,2.0,0.0
Hard-C8-H64-Trajectory,411,PPM-3,1,161101233,128,8192,8192,3.0,0.0,0.03521549999999252,0.01,0.0,0.0,0.0,2.0574930490550063,0.0,0.0,0.0,0.0,nan,nan,nan,0.0,3.0,0.0
Hard-C8-H64-Trajectory,411,PPM-3,2,161101234,128,8192,16384,6.0,0.0,0.08336559999999338,0.01,0.0,0.0,0.0,1.9677902165437966,0.0,0.0,0.0,0.0,nan,nan,nan,0.0,3.0,0.0
Hard-C8-H64-Trajectory,411,PPM-3,3,161101235,128,8192,24576,9.0,0.0,0.13568580000000452,0.01,0.0,0.0,0.0,2.179964138099727,0.0,0.0,0.0,0.0,nan,nan,nan,0.0,3.0,0.0
Hard-C8-H64-Trajectory,411,PPM-3,4,161101236,128,8192,32768,12.0,0.0,0.18887359999999376,0.01,0.0,0.0,0.0,1.957954519093857,0.0,0.0,0.0,0.0,nan,nan,nan,0.0,3.0,0.0
Hard-C8-H64-Trajectory,411,PPM-3,5,161101237,128,8192,40960,15.0,0.0,0.23931699999999978,0.01,0.0,0.0,0.0,1.881351873457088,0.0,0.0,0.0,0.0,nan,nan,nan,0.0,3.0,0.0
Hard-C8-H64-Trajectory,411,PPM-3,6,161101238,128,8192,49152,18.0,0.0,0.30051240000000234,0.01,0.0,0.0,0.0,1.7447737525718587,0.0,0.0,0.0,0.0,nan,nan,nan,0.0,3.0,0.0
Hard-C8-H64-Trajectory,411,PPM-3,7,161101239,128,8192,57344,21.0,0.0,0.3511543000000046,0.01,0.0,0.0,0.0,1.98468670647686,0.0,0.0,0.0,0.0,nan,nan,nan,0.0,3.0,0.0
Hard-C8-H64-Trajectory,411,PPM-3,8,161101240,128,8192,65536,24.0,0.0,0.41633380000000386,0.01,0.0,0.0,0.0,1.98289267917249,0.0,0.0,0.0,0.0,nan,nan,nan,0.0,3.0,0.0
Hard-C8-H64-Trajectory,411,PPM-3,9,161101241,128,8192,73728,27.0,0.0,0.471207899999996,0.01,0.0,0.0,0.0,1.9170490103166558,0.0,0.0,0.0,0.0,nan,nan,nan,0.0,3.0,0.0
Hard-C8-H64-Trajectory,411,PPM-3,10,161101242,128,8192,81920,30.0,0.0,0.5197856000000058,0.01,0.0,0.0,0.0,2.1559707719551096,0.0,0.0,0.0,0.0,nan,nan,nan,0.0,3.0,0.0
Hard-C8-H64-Trajectory,411,PPM-3,11,161101243,128,8192,90112,33.0,0.0,0.5807181999999926,0.01,0.0,0.0,0.0,2.069921985537929,0.0,0.0,0.0,0.0,nan,nan,nan,0.0,3.0,0.0
Hard-C8-H64-Trajectory,411,PPM-3,12,161101244,128,8192,98304,36.0,0.0,0.6320355999999947,0.01,0.0,0.0,0.0,1.6864687630253918,0.0,0.0,0.0,0.0,nan,nan,nan,0.0,3.0,0.0
Hard-C8-H64-Trajectory,411,PPM-3,13,161101245,128,8192,106496,39.0,0.0,0.6806741000000045,0.01,0.0,0.0,0.0,1.9367570670986964,0.0,0.0,0.0,0.0,nan,nan,nan,0.0,3.0,0.0
Hard-C8-H64-Trajectory,411,PPM-3,14,161101246,128,8192,114688,42.0,0.0,0.7283378999999996,0.01,0.0,0.0,0.0,2.440080948767654,0.0,0.0,0.0,0.0,nan,nan,nan,0.0,3.0,0.0
Hard-C8-H64-Trajectory,411,PPM-3,15,161101247,128,8192,122880,45.0,0.0,0.7775063999999929,0.01,0.0,0.0,0.0,1.8678668848633253,0.0,0.0,0.0,0.0,nan,nan,nan,0.0,3.0,0.0
Hard-C8-H64-Trajectory,411,PPM-3,16,161101248,128,8192,131072,48.0,0.0,0.848106400000006,0.01,0.0,0.0,0.0,2.173947463277461,0.0,0.0,0.0,0.0,nan,nan,nan,0.0,3.0,0.0
Hard-C8-H64-Trajectory,411,PPM-3,17,161101249,128,8192,139264,51.0,0.0,0.8985856999999982,0.01,0.0,0.0,0.0,2.0191346230448906,0.0,0.0,0.0,0.0,nan,nan,nan,0.0,3.0,0.0
Hard-C8-H64-Trajectory,411,PPM-3,18,161101250,128,8192,147456,54.0,0.0,0.9462834999999927,0.01,0.0,0.0,0.0,2.2394217906793545,0.0,0.0,0.0,0.0,nan,nan,nan,0.0,3.0,0.0
Hard-C8-H64-Trajectory,411,PPM-3,19,161101251,128,8192,155648,57.0,0.0,0.9993505999999996,0.01,0.0,0.0,0.0,2.037254590797986,0.0,0.0,0.0,0.0,nan,nan,nan,0.0,3.0,0.0
Hard-C8-H64-Trajectory,411,PPM-3,20,161101252,128,8192,163840,60.0,0.0,1.0510914999999983,0.01,0.0,0.0,0.0,1.9143302221602863,0.0,0.0,0.0,0.0,nan,nan,nan,0.0,3.0,0.0
Hard-C8-H64-Trajectory,411,PPM-3,21,161101253,128,8192,172032,63.0,0.0,1.113978000000003,0.01,0.0,0.0,0.0,2.037996612835487,0.0,0.0,0.0,0.0,nan,nan,nan,0.0,3.0,0.0
Hard-C8-H64-Trajectory,411,PPM-3,22,161101254,128,8192,180224,66.0,0.0,1.1641554999999926,0.01,0.0,0.0,0.0,1.9852786049375652,0.0,0.0,0.0,0.0,nan,nan,nan,0.0,3.0,0.0
Hard-C8-H64-Trajectory,411,PPM-3,23,161101255,128,8192,188416,69.0,0.0,1.2119316999999938,0.01,0.0,0.0,0.0,2.165544451694229,0.0,0.0,0.0,0.0,nan,nan,nan,0.0,3.0,0.0
Hard-C8-H64-Trajectory,411,PPM-3,24,161101256,128,8192,196608,72.0,0.0,1.2617785000000055,0.01,0.0,0.0,0.0,2.0386880989661282,0.0,0.0,0.0,0.0,nan,nan,nan,0.0,3.0,0.0
Hard-C8-H64-Trajectory,411,PPM-3,25,161101257,128,8192,204800,75.0,0.0,1.3112602000000066,0.01,0.0,0.0,0.0,1.9820258503204997,0.0,0.0,0.0,0.0,nan,nan,nan,0.0,3.0,0.0
Hard-C8-H64-Trajectory,411,PPM-3,26,161101258,128,8192,212992,78.0,0.0,1.3754754999999932,0.01,0.0,0.0,0.0,2.137953132134178,0.0,0.0,0.0,0.0,nan,nan,nan,0.0,3.0,0.0
Hard-C8-H64-Trajectory,411,PPM-3,27,161101259,128,8192,221184,81.0,0.0,1.4283728999999994,0.01,0.0,0.0,0.0,1.8865180052383954,0.0,0.0,0.0,0.0,nan,nan,nan,0.0,3.0,0.0
Hard-C8-H64-Trajectory,411,PPM-3,28,161101260,128,8192,229376,84.0,0.0,1.4973777000000013,0.01,0.0,0.0,0.0,2.3387594571727957,0.0,0.0,0.0,0.0,nan,nan,nan,0.0,3.0,0.0
Hard-C8-H64-Trajectory,411,PPM-3,29,161101261,128,8192,237568,87.0,0.0,1.5500648999999953,0.01,0.0,0.0,0.0,1.7740493071546182,0.0,0.0,0.0,0.0,nan,nan,nan,0.0,3.0,0.0
Hard-C8-H64-Trajectory,411,PPM-3,30,161101262,128,8192,245760,90.0,0.0,1.6047827999999953,0.01,0.0,0.0,0.0,1.8640534591000621,0.0,0.0,0.0,0.0,nan,nan,nan,0.0,3.0,0.0
