config,seed,method,step,cumulative_transitions,cumulative_oracle_calls,cumulative_jvp_calls,wall_clock_seconds,robust_rate,hard_exploitability,field_norm,maximum_br_residual,beta,gamma,g_over_f,cosine_fg,sampled_field_norm,sampled_curvature_norm,curvature_candidate_accepted,curvature_candidate_rejected,backtracking_steps,predicted_model_change,realized_merit_change,probe_model_error,merit_probe_count,field_oracle_count,jvp_count
Hard-C8-H64-Trajectory,400,QP+G,0,0,0.0,0.0,5.799999999833716e-06,1.1075008243464175,1.4154155460769398,0.4468140174474885,2.1316282072803006e-14,0.0,0.0,0.0,0.0,nan,nan,0.0,0.0,0.0,nan,nan,nan,0.0,0.0,0.0
Hard-C8-H64-Trajectory,400,QP+G,5,40960,5.0,5.0,0.5154103000000001,1.1049591165568733,1.3562784880036085,0.4380937839715511,2.1316282072803006e-14,0.0,0.0,4.647205780370001,0.10915893667090724,2.264991391559683,10.525881087344452,0.0,1.0,0.0,-0.04303174744228679,0.0,0.04303174744228679,5.0,1.0,1.0
Hard-C8-H64-Trajectory,400,QP+G,10,81920,10.0,10.0,1.0378365999999999,1.1088256127153597,1.3385374503826641,0.42114409292849203,2.1316282072803006e-14,0.0,0.017142530556792383,4.666755572344692,0.36085987938496683,2.0967699649533205,9.785112917870892,1.0,0.0,0.0,-0.014016195353113246,-0.013610783876600419,0.0004054114765128271,5.0,1.0,1.0
Hard-C8-H64-Trajectory,400,QP+G,15,122880,15.0,15.0,1.5571237,1.1159604897160431,1.3158321670226312,0.4016272999484025,2.1316282072803006e-14,0.08,0.01623265462688157,4.928337467829726,0.013292248931703646,1.9379606593814704,9.550924128809703,1.0,0.0,0.0,-0.09189273686083566,-0.09386361086647854,-0.0019708740056428864,5.0,1.0,1.0
Hard-C8-H64-Trajectory,400,QP+G,20,163840,20.0,20.0,2.0930100000000005,1.1219522220340723,1.3180333746349313,0.3969071823192128,2.842170943040401e-14,0.0,0.0,5.865528888686329,-0.3175912651586571,2.211663190034481,12.972574333191412,0.0,0.0,0.0,0.0,0.0,0.0,5.0,1.0,1.0
Hard-C8-H64-Trajectory,400,QP+G,25,204800,25.0,25.0,2.5561065000000003,1.1180916683868007,1.3026170375693296,0.39100182336421474,2.1316282072803006e-14,0.0,0.017658801448452194,4.530318789388283,0.21457717325803094,2.0918996026182812,9.476972075255482,1.0,0.0,0.0,-0.01111668551390316,-0.011345708272753718,-0.00022902275885055765,5.0,1.0,1.0
Hard-C8-H64-Trajectory,400,QP+G,30,245760,30.0,30.0,3.0402529000000005,1.1259049221730462,1.2802929423402625,0.3693730125686061,2.1316282072803006e-14,0.08,0.0,5.026267876022114,0.08918011230479662,2.0156768775146374,10.131331937892384,0.0,0.0,0.0,-0.006491587747269171,-0.0066518975924294566,-0.00016030984516028548,5.0,1.0,1.0
Hard-C8-H64-Trajectory,400,noG,0,0,0.0,0.0,9.300000000322939e-06,1.1075008243464175,1.4154155460769398,0.4468140174474885,2.1316282072803006e-14,0.0,0.0,0.0,0.0,nan,nan,0.0,0.0,0.0,nan,nan,nan,0.0,0.0,0.0
Hard-C8-H64-Trajectory,400,noG,5,40960,5.0,0.0,0.27227390000000007,1.096632756211303,1.3998957689255627,0.4444536572392575,2.842170943040401e-14,0.0,0.0,0.0,0.0,2.1999847613605787,0.0,0.0,0.0,0.0,0.0,0.0,0.0,3.0,1.0,0.0
Hard-C8-H64-Trajectory,400,noG,10,81920,10.0,0.0,0.5469340000000003,1.105047407611127,1.380740778095031,0.4362006303483714,2.1316282072803006e-14,0.0,0.0,0.0,0.0,2.1562029224753116,0.0,0.0,0.0,0.0,0.0,0.0,0.0,3.0,1.0,0.0
Hard-C8-H64-Trajectory,400,noG,15,122880,15.0,0.0,0.8202230000000004,1.1050141451373288,1.3840874417634972,0.42777147223524936,2.1316282072803006e-14,0.08,0.0,0.0,0.0,1.9394143228875738,0.0,0.0,0.0,0.0,-0.03472852445438981,-0.034100388067313414,0.0006281363870763931,3.0,1.0,0.0
Hard-C8-H64-Trajectory,400,noG,20,163840,20.0,0.0,1.0926481,1.0986538673681745,1.3873126947433667,0.42508137462272294,2.1316282072803006e-14,0.0,0.0,0.0,0.0,2.1919491875814248,0.0,0.0,0.0,0.0,0.0,0.0,0.0,3.0,1.0,0.0
Hard-C8-H64-Trajectory,400,noG,25,204800,25.0,0.0,1.3844127000000004,1.090007728452586,1.3759680979576718,0.4189851619490732,2.1316282072803006e-14,0.0,0.0,0.0,0.0,2.1332538495051048,0.0,0.0,0.0,0.0,0.0,0.0,0.0,3.0,1.0,0.0
Hard-C8-H64-Trajectory,400,noG,30,245760,30.0,0.0,1.6952897,1.0998320670626802,1.359378211966675,0.4153768663299719,2.1316282072803006e-14,0.0,0.0,0.0,0.0,2.05146767568686,0.0,0.0,0.0,0.0,0.0,0.0,0.0,3.0,1.0,0.0
Hard-C8-H64-Trajectory,400,GDA,0,0,0.0,0.0,8.900000000089392e-06,1.1075008243464175,1.4154155460769398,0.4468140174474885,2.1316282072803006e-14,0.0,0.0,0.0,0.0,nan,nan,0.0,0.0,0.0,nan,nan,nan,0.0,0.0,0.0
Hard-C8-H64-Trajectory,400,GDA,5,40960,5.0,0.0,0.09017609999999987,1.1035376190871409,1.4131380499200863,0.4474699581632733,2.1316282072803006e-14,0.01,0.0,0.0,0.0,2.1791293637178217,0.0,0.0,0.0,0.0,nan,nan,nan,0.0,1.0,0.0
Hard-C8-H64-Trajectory,400,GDA,10,81920,10.0,0.0,0.1710073000000003,1.1045608425658306,1.4154444283526777,0.4481781969428109,1.4210854715202004e-14,0.01,0.0,0.0,0.0,2.18417022630844,0.0,0.0,0.0,0.0,nan,nan,nan,0.0,1.0,0.0
Hard-C8-H64-Trajectory,400,GDA,15,122880,15.0,0.0,0.2556048999999998,1.1032626041891351,1.417161010903755,0.44818577819614835,1.4210854715202004e-14,0.01,0.0,0.0,0.0,1.9738626133132118,0.0,0.0,0.0,0.0,nan,nan,nan,0.0,1.0,0.0
Hard-C8-H64-Trajectory,400,GDA,20,163840,20.0,0.0,0.33741290000000035,1.1014019808244964,1.4263344590141172,0.4522131661934186,2.1316282072803006e-14,0.01,0.0,0.0,0.0,2.1912611208002666,0.0,0.0,0.0,0.0,nan,nan,nan,0.0,1.0,0.0
Hard-C8-H64-Trajectory,400,GDA,25,204800,25.0,0.0,0.4191010999999998,1.0979398980213135,1.4309935635330953,0.4538062694089537,2.1316282072803006e-14,0.01,0.0,0.0,0.0,2.1634853963774336,0.0,0.0,0.0,0.0,nan,nan,nan,0.0,1.0,0.0
Hard-C8-H64-Trajectory,400,GDA,30,245760,30.0,0.0,0.5063227000000001,1.0963340125138972,1.4378640176416009,0.4552479778764961,2.1316282072803006e-14,0.01,0.0,0.0,0.0,2.185602151353766,0.0,0.0,0.0,0.0,nan,nan,nan,0.0,1.0,0.0
Hard-C8-H64-Trajectory,400,EGM,0,0,0.0,0.0,8.69999999952853e-06,1.1075008243464175,1.4154155460769398,0.4468140174474885,2.1316282072803006e-14,0.0,0.0,0.0,0.0,nan,nan,0.0,0.0,0.0,nan,nan,nan,0.0,0.0,0.0
Hard-C8-H64-Trajectory,400,EGM,5,40960,10.0,0.0,0.09693340000000017,1.1031391190697395,1.4135328271488317,0.44754933125095836,2.1316282072803006e-14,0.01,0.0,0.0,0.0,2.1906159192593675,0.0,0.0,0.0,0.0,nan,nan,nan,0.0,2.0,0.0
Hard-C8-H64-Trajectory,400,EGM,10,81920,20.0,0.0,0.18891309999999972,1.1042940546058924,1.4158093562271732,0.4482051236957824,2.1316282072803006e-14,0.01,0.0,0.0,0.0,2.1743385988457113,0.0,0.0,0.0,0.0,nan,nan,nan,0.0,2.0,0.0
Hard-C8-H64-Trajectory,400,EGM,15,122880,30.0,0.0,0.28587969999999974,1.1029124236588588,1.4173084772141678,0.44811572294342783,1.4210854715202004e-14,0.01,0.0,0.0,0.0,1.9784676251259024,0.0,0.0,0.0,0.0,nan,nan,nan,0.0,2.0,0.0
Hard-C8-H64-Trajectory,400,EGM,20,163840,40.0,0.0,0.38169459999999944,1.1010487417534076,1.4265828685742767,0.4522571121979308,2.842170943040401e-14,0.01,0.0,0.0,0.0,2.2159912344196853,0.0,0.0,0.0,0.0,nan,nan,nan,0.0,2.0,0.0
Hard-C8-H64-Trajectory,400,EGM,25,204800,50.0,0.0,0.4756373999999992,1.0975909143855467,1.4313382621076296,0.4537838871549917,2.1316282072803006e-14,0.01,0.0,0.0,0.0,2.201070284998161,0.0,0.0,0.0,0.0,nan,nan,nan,0.0,2.0,0.0
Hard-C8-H64-Trajectory,400,EGM,30,245760,60.0,0.0,0.5737785999999998,1.0960946777232123,1.4379471925390452,0.455114899501168,2.1316282072803006e-14,0.01,0.0,0.0,0.0,2.225206077677309,0.0,0.0,0.0,0.0,nan,nan,nan,0.0,2.0,0.0
Hard-C8-H64-Trajectory,400,PPM-3,0,0,0.0,0.0,9.300000000322939e-06,1.1075008243464175,1.4154155460769398,0.4468140174474885,2.1316282072803006e-14,0.0,0.0,0.0,0.0,nan,nan,0.0,0.0,0.0,nan,nan,nan,0.0,0.0,0.0
Hard-C8-H64-Trajectory,400,PPM-3,5,40960,15.0,0.0,0.1283574000000005,1.1031116887909813,1.413555596032551,0.4475455619227446,1.4210854715202004e-14,0.01,0.0,0.0,0.0,2.1892433517042273,0.0,0.0,0.0,0.0,nan,nan,nan,0.0,3.0,0.0
Hard-C8-H64-Trajectory,400,PPM-3,10,81920,30.0,0.0,0.2447789999999994,1.1042705933179053,1.4157661003443287,0.4481724196294267,2.1316282072803006e-14,0.01,0.0,0.0,0.0,2.175219331594933,0.0,0.0,0.0,0.0,nan,nan,nan,0.0,3.0,0.0
Hard-C8-H64-Trajectory,400,PPM-3,15,122880,45.0,0.0,0.3574438000000004,1.1028943196437493,1.41731109720656,0.44812713881338145,1.4210854715202004e-14,0.01,0.0,0.0,0.0,1.9802224426777166,0.0,0.0,0.0,0.0,nan,nan,nan,0.0,3.0,0.0
Hard-C8-H64-Trajectory,400,PPM-3,20,163840,60.0,0.0,0.4861967000000007,1.1010165110289707,1.4266450439120928,0.4522916614856921,1.4210854715202004e-14,0.01,0.0,0.0,0.0,2.232505864933464,0.0,0.0,0.0,0.0,nan,nan,nan,0.0,3.0,0.0
Hard-C8-H64-Trajectory,400,PPM-3,25,204800,75.0,0.0,0.6012681999999998,1.097544477541498,1.4313820782801563,0.4537875387159509,1.4210854715202004e-14,0.01,0.0,0.0,0.0,2.2000274150824426,0.0,0.0,0.0,0.0,nan,nan,nan,0.0,3.0,0.0
Hard-C8-H64-Trajectory,400,PPM-3,30,245760,90.0,0.0,0.7186800000000009,1.0960355279710796,1.4379993686839734,0.4551161790741447,1.4210854715202004e-14,0.01,0.0,0.0,0.0,2.228200709477584,0.0,0.0,0.0,0.0,nan,nan,nan,0.0,3.0,0.0
Hard-C8-H64-Trajectory,401,QP+G,0,0,0.0,0.0,6.400000000184036e-06,1.1141493208398305,1.3985462194733116,0.3828041933973328,1.4210854715202004e-14,0.0,0.0,0.0,0.0,nan,nan,0.0,0.0,0.0,nan,nan,nan,0.0,0.0,0.0
Hard-C8-H64-Trajectory,401,QP+G,5,40960,5.0,5.0,0.4414037000000004,1.1265598655772133,1.3569576525907072,0.35192598003719094,2.1316282072803006e-14,0.08,0.0,5.456737376796377,-0.09586309683963842,2.0935638060026145,11.424027870922545,0.0,0.0,0.0,-0.02431122643743163,-0.02399124882126724,0.0003199776161643894,5.0,1.0,1.0
Hard-C8-H64-Trajectory,401,QP+G,10,81920,10.0,10.0,0.909452700000001,1.13087196069068,1.3293311993364971,0.34592012608778094,2.1316282072803006e-14,0.0,0.0,6.156063851600245,-0.06146257749767024,2.1481709954778645,13.224277812317395,0.0,0.0,0.0,0.0,0.0,0.0,5.0,1.0,1.0
Hard-C8-H64-Trajectory,401,QP+G,15,122880,15.0,15.0,1.4100612000000012,1.1246318714999741,1.288708368177584,0.3233642047468031,2.1316282072803006e-14,0.08,0.0,4.150062445355459,0.13524689316710065,1.9586031350223658,8.128325316011788,0.0,0.0,0.0,-0.025997616568206733,-0.025764770507969992,0.00023284606023674104,5.0,1.0,1.0
Hard-C8-H64-Trajectory,401,QP+G,20,163840,20.0,20.0,1.8708519,1.1314696489197225,1.2431956859287596,0.31006397750139375,2.1316282072803006e-14,0.015083021920876141,0.016314383429154273,4.903648387780178,-0.19597259108244613,2.076599712769681,10.182914833587827,1.0,0.0,0.0,-0.02669320943423496,-0.027389011670880592,-0.0006958022366456325,5.0,1.0,1.0
Hard-C8-H64-Trajectory,401,QP+G,25,204800,25.0,25.0,2.3639291,1.137825522155249,1.2239932627418073,0.3014781490770173,1.4210854715202004e-14,0.0,0.0,5.359252784847013,0.1789844420455624,1.9530837587913037,10.467069573341766,0.0,0.0,0.0,0.0,0.0,0.0,5.0,1.0,1.0
Hard-C8-H64-Trajectory,401,QP+G,30,245760,30.0,30.0,2.8412070000000007,1.1334362655509622,1.167582176656365,0.2977770161265919,2.1316282072803006e-14,0.0,0.0,5.3165376118855345,0.00999217093487708,1.9762648457205376,10.506886383320401,0.0,0.0,0.0,0.0,0.0,0.0,5.0,1.0,1.0
Hard-C8-H64-Trajectory,401,noG,0,0,0.0,0.0,1.4500000000694513e-05,1.1141493208398305,1.3985462194733116,0.3828041933973328,1.4210854715202004e-14,0.0,0.0,0.0,0.0,nan,nan,0.0,0.0,0.0,nan,nan,nan,0.0,0.0,0.0
Hard-C8-H64-Trajectory,401,noG,5,40960,5.0,0.0,0.28245390000000015,1.1166692157748672,1.3725509707656411,0.3683908603922476,2.1316282072803006e-14,0.08,0.0,0.0,0.0,2.3065195682596538,0.0,0.0,0.0,0.0,-0.027387568423857447,-0.026984403683248726,0.0004031647406087212,3.0,1.0,0.0
Hard-C8-H64-Trajectory,401,noG,10,81920,10.0,0.0,0.5428488000000016,1.1166692157748672,1.3725509707656411,0.3683908603922476,2.1316282072803006e-14,0.0,0.0,0.0,0.0,2.1602111836650537,0.0,0.0,0.0,0.0,0.0,0.0,0.0,3.0,1.0,0.0
Hard-C8-H64-Trajectory,401,noG,15,122880,15.0,0.0,0.8263274000000003,1.1043551055991592,1.3663860335341504,0.3613583384379228,2.1316282072803006e-14,0.08,0.0,0.0,0.0,2.1510844362581225,0.0,0.0,0.0,0.0,-0.00766061117955157,-0.007505657732900239,0.0001549534466513307,3.0,1.0,0.0
Hard-C8-H64-Trajectory,401,noG,20,163840,20.0,0.0,1.1130918000000012,1.1050424838353365,1.3144542743476728,0.35032220110282514,2.1316282072803006e-14,0.08,0.0,0.0,0.0,2.0813097254740995,0.0,0.0,0.0,0.0,-0.018798793851654554,-0.018791954599783445,6.839251871108842e-06,3.0,1.0,0.0
Hard-C8-H64-Trajectory,401,noG,25,204800,25.0,0.0,1.3907734999999999,1.1023051051530774,1.3057444400219593,0.3468739887902972,1.4210854715202004e-14,0.0,0.0,0.0,0.0,2.1530657387707257,0.0,0.0,0.0,0.0,0.0,0.0,0.0,3.0,1.0,0.0
Hard-C8-H64-Trajectory,401,noG,30,245760,30.0,0.0,1.6648942000000009,1.107448505176987,1.2675810136133985,0.33819037956061326,2.1316282072803006e-14,0.08,0.0,0.0,0.0,1.9981892663035452,0.0,0.0,0.0,0.0,-0.016956301343154814,-0.016926089083787232,3.021225936758118e-05,3.0,1.0,0.0
Hard-C8-H64-Trajectory,401,GDA,0,0,0.0,0.0,7.499999998827889e-06,1.1141493208398305,1.3985462194733116,0.3828041933973328,1.4210854715202004e-14,0.0,0.0,0.0,0.0,nan,nan,0.0,0.0,0.0,nan,nan,nan,0.0,0.0,0.0
Hard-C8-H64-Trajectory,401,GDA,5,40960,5.0,0.0,0.08976599999999912,1.1144143042546315,1.3926474609753063,0.38055702095897254,2.1316282072803006e-14,0.01,0.0,0.0,0.0,2.2114116182593793,0.0,0.0,0.0,0.0,nan,nan,nan,0.0,1.0,0.0
Hard-C8-H64-Trajectory,401,GDA,10,81920,10.0,0.0,0.1849502999999988,1.1089414102626132,1.3984678564333939,0.3841070987722238,1.4210854715202004e-14,0.01,0.0,0.0,0.0,2.279857962200519,0.0,0.0,0.0,0.0,nan,nan,nan,0.0,1.0,0.0
Hard-C8-H64-Trajectory,401,GDA,15,122880,15.0,0.0,0.27591649999999923,1.1038384507772712,1.4003292516186976,0.3836150511433377,2.1316282072803006e-14,0.01,0.0,0.0,0.0,2.043932936851598,0.0,0.0,0.0,0.0,nan,nan,nan,0.0,1.0,0.0
Hard-C8-H64-Trajectory,401,GDA,20,163840,20.0,0.0,0.36785359999999834,1.1031272868205262,1.398023665161754,0.38276806922050466,1.4210854715202004e-14,0.01,0.0,0.0,0.0,2.0894719502953705,0.0,0.0,0.0,0.0,nan,nan,nan,0.0,1.0,0.0
Hard-C8-H64-Trajectory,401,GDA,25,204800,25.0,0.0,0.4661376999999991,1.0991459284406722,1.4013169360187805,0.3846291022999926,2.1316282072803006e-14,0.01,0.0,0.0,0.0,2.0784881626352116,0.0,0.0,0.0,0.0,nan,nan,nan,0.0,1.0,0.0
Hard-C8-H64-Trajectory,401,GDA,30,245760,30.0,0.0,0.5725137,1.0947601430337257,1.3992207454388486,0.3875418061176162,2.1316282072803006e-14,0.01,0.0,0.0,0.0,2.028203238854536,0.0,0.0,0.0,0.0,nan,nan,nan,0.0,1.0,0.0
Hard-C8-H64-Trajectory,401,EGM,0,0,0.0,0.0,1.3400000000274304e-05,1.1141493208398305,1.3985462194733116,0.3828041933973328,1.4210854715202004e-14,0.0,0.0,0.0,0.0,nan,nan,0.0,0.0,0.0,nan,nan,nan,0.0,0.0,0.0
Hard-C8-H64-Trajectory,401,EGM,5,40960,10.0,0.0,0.10799590000000059,1.1143568743934629,1.3924630689983029,0.38053505913073726,2.1316282072803006e-14,0.01,0.0,0.0,0.0,2.1966300042962428,0.0,0.0,0.0,0.0,nan,nan,nan,0.0,2.0,0.0
Hard-C8-H64-Trajectory,401,EGM,10,81920,20.0,0.0,0.22875759999999978,1.108935668053122,1.3974462645112422,0.38402098632907233,2.1316282072803006e-14,0.01,0.0,0.0,0.0,2.2906412154323856,0.0,0.0,0.0,0.0,nan,nan,nan,0.0,2.0,0.0
Hard-C8-H64-Trajectory,401,EGM,15,122880,30.0,0.0,0.33141789999999993,1.1037809876282187,1.3992664618448938,0.38359289637924493,1.4210854715202004e-14,0.01,0.0,0.0,0.0,2.0351875749122885,0.0,0.0,0.0,0.0,nan,nan,nan,0.0,2.0,0.0
Hard-C8-H64-Trajectory,401,EGM,20,163840,40.0,0.0,0.4355968000000008,1.102859083813226,1.397064376693755,0.38295870966525813,2.1316282072803006e-14,0.01,0.0,0.0,0.0,2.1320049797230327,0.0,0.0,0.0,0.0,nan,nan,nan,0.0,2.0,0.0
Hard-C8-H64-Trajectory,401,EGM,25,204800,50.0,0.0,0.5548622000000005,1.098676313146413,1.4004773163112083,0.3851809579680507,1.4210854715202004e-14,0.01,0.0,0.0,0.0,2.0785121723568176,0.0,0.0,0.0,0.0,nan,nan,nan,0.0,2.0,0.0
Hard-C8-H64-Trajectory,401,EGM,30,245760,60.0,0.0,0.6772536000000002,1.0942567630760147,1.3985942239735165,0.3880502054731634,2.1316282072803006e-14,0.01,0.0,0.0,0.0,2.052657770287088,0.0,0.0,0.0,0.0,nan,nan,nan,0.0,2.0,0.0
Hard-C8-H64-Trajectory,401,PPM-3,0,0,0.0,0.0,1.0500000000135401e-05,1.1141493208398305,1.3985462194733116,0.3828041933973328,1.4210854715202004e-14,0.0,0.0,0.0,0.0,nan,nan,0.0,0.0,0.0,nan,nan,nan,0.0,0.0,0.0
Hard-C8-H64-Trajectory,401,PPM-3,5,40960,15.0,0.0,0.13344189999999934,1.1143632267912862,1.3924959577311395,0.38054863858962257,2.1316282072803006e-14,0.01,0.0,0.0,0.0,2.196271605838234,0.0,0.0,0.0,0.0,nan,nan,nan,0.0,3.0,0.0
Hard-C8-H64-Trajectory,401,PPM-3,10,81920,30.0,0.0,0.26488279999999875,1.108903533973848,1.3975699510011275,0.3840580706447463,2.1316282072803006e-14,0.01,0.0,0.0,0.0,2.293258450760855,0.0,0.0,0.0,0.0,nan,nan,nan,0.0,3.0,0.0
Hard-C8-H64-Trajectory,401,PPM-3,15,122880,45.0,0.0,0.40306580000000025,1.103749378648651,1.3993964388007323,0.38367731766193547,2.1316282072803006e-14,0.01,0.0,0.0,0.0,2.0566060798603316,0.0,0.0,0.0,0.0,nan,nan,nan,0.0,3.0,0.0
Hard-C8-H64-Trajectory,401,PPM-3,20,163840,60.0,0.0,0.5386191999999994,1.1028781007016801,1.3970215947652942,0.3830053129432311,2.1316282072803006e-14,0.01,0.0,0.0,0.0,2.1247345310478516,0.0,0.0,0.0,0.0,nan,nan,nan,0.0,3.0,0.0
Hard-C8-H64-Trajectory,401,PPM-3,25,204800,75.0,0.0,0.6909291999999994,1.098711008136259,1.4006132202439225,0.3852528006354756,2.1316282072803006e-14,0.01,0.0,0.0,0.0,2.0917598329932536,0.0,0.0,0.0,0.0,nan,nan,nan,0.0,3.0,0.0
Hard-C8-H64-Trajectory,401,PPM-3,30,245760,90.0,0.0,0.8541357999999999,1.0942410840868007,1.3987405225516258,0.3880911647466773,2.1316282072803006e-14,0.01,0.0,0.0,0.0,2.0508250264076495,0.0,0.0,0.0,0.0,nan,nan,nan,0.0,3.0,0.0
Hard-C8-H64-Trajectory,402,QP+G,0,0,0.0,0.0,6.599999998968542e-06,1.125987675930926,1.3140120373604132,0.39967668703292286,2.1316282072803006e-14,0.0,0.0,0.0,0.0,nan,nan,0.0,0.0,0.0,nan,nan,nan,0.0,0.0,0.0
Hard-C8-H64-Trajectory,402,QP+G,5,40960,5.0,5.0,0.5145593000000002,1.1295650015156522,1.328137051282048,0.3947189032422844,2.842170943040401e-14,0.08,0.0,5.32606243184173,-0.035638443919850396,1.7929086927081734,9.54914363195547,0.0,0.0,0.0,-0.011377150503302676,-0.011062624856252867,0.0003145256470498091,5.0,1.0,1.0
Hard-C8-H64-Trajectory,402,QP+G,10,81920,10.0,10.0,0.9952380999999999,1.140127643544193,1.2873335383949407,0.390334907069049,2.1316282072803006e-14,0.08,0.0,5.030002179021079,0.022226329435168383,2.0874354148721697,10.499804685372784,0.0,0.0,0.0,-0.03714879178725448,-0.0371702113519623,-2.1419564707823857e-05,5.0,1.0,1.0
Hard-C8-H64-Trajectory,402,QP+G,15,122880,15.0,15.0,1.4767557999999976,1.1384494326036754,1.2761765810093058,0.38147340751045367,2.1316282072803006e-14,0.0,0.0017371853632341693,4.723829136108918,-0.02970240353966411,2.1475651321428275,10.144730742907887,1.0,0.0,0.0,-8.623855108101014e-05,-8.630988116653526e-05,-7.133008552512256e-08,5.0,1.0,1.0
Hard-C8-H64-Trajectory,402,QP+G,20,163840,20.0,20.0,1.949178899999998,1.1599674943774332,1.2491420859343414,0.3699240415027194,2.1316282072803006e-14,0.08,0.015048038640731941,5.316307454411798,-0.06743193318725652,2.0959569426493743,11.14275151833303,1.0,0.0,0.0,-0.05568237954671556,-0.04596297262318805,0.009719406923527511,5.0,1.0,1.0
Hard-C8-H64-Trajectory,402,QP+G,25,204800,25.0,25.0,2.4320891000000007,1.1474440809897357,1.209195689303831,0.36338936168153424,2.1316282072803006e-14,0.08,0.0,4.436830012298603,-0.03373696482640558,2.0338315807901526,9.02376499761046,0.0,1.0,0.0,-0.02268666104622381,-0.02255749774052518,0.0001291633056986312,5.0,1.0,1.0
Hard-C8-H64-Trajectory,402,QP+G,30,245760,30.0,30.0,2.9334884,1.1474440809897357,1.209195689303831,0.36338936168153424,2.1316282072803006e-14,0.0,0.0,4.833958503622157,-0.1324940899328264,1.8396178563897192,8.892636380310247,0.0,0.0,0.0,0.0,0.0,0.0,5.0,1.0,1.0
Hard-C8-H64-Trajectory,402,noG,0,0,0.0,0.0,9.399999999715192e-06,1.125987675930926,1.3140120373604132,0.39967668703292286,2.1316282072803006e-14,0.0,0.0,0.0,0.0,nan,nan,0.0,0.0,0.0,nan,nan,nan,0.0,0.0,0.0
Hard-C8-H64-Trajectory,402,noG,5,40960,5.0,0.0,0.31043129999999763,1.12402769079588,1.3309346313622181,0.39423945138200633,2.1316282072803006e-14,0.08,0.0,0.0,0.0,1.7778811043902192,0.0,0.0,0.0,0.0,-0.01655620571404488,-0.016469515392361966,8.669032168291332e-05,3.0,1.0,0.0
Hard-C8-H64-Trajectory,402,noG,10,81920,10.0,0.0,0.6188097999999975,1.1301569572812762,1.2933138736198841,0.38742638859956724,2.1316282072803006e-14,0.08,0.0,0.0,0.0,2.1424924447465776,0.0,0.0,0.0,0.0,-0.05567033796663532,-0.055524416164566937,0.00014592180206838418,3.0,1.0,0.0
Hard-C8-H64-Trajectory,402,noG,15,122880,15.0,0.0,0.9162241999999985,1.1301569572812762,1.2933138736198841,0.38742638859956724,2.1316282072803006e-14,0.0,0.0,0.0,0.0,2.0779660611004704,0.0,0.0,0.0,0.0,0.0,0.0,0.0,3.0,1.0,0.0
Hard-C8-H64-Trajectory,402,noG,20,163840,20.0,0.0,1.2281230999999977,1.1336741299335817,1.2770435430853833,0.37950855140596385,2.1316282072803006e-14,0.08,0.0,0.0,0.0,2.0842902794779787,0.0,0.0,0.0,0.0,-0.02143286664389149,-0.022411266626507942,-0.0009783999826164513,3.0,1.0,0.0
Hard-C8-H64-Trajectory,402,noG,25,204800,25.0,0.0,1.5341217999999976,1.1341157074346475,1.2142406178153105,0.3679719611744457,2.1316282072803006e-14,0.08,0.0,0.0,0.0,2.006906622269596,0.0,0.0,0.0,0.0,-0.012308304256631038,-0.012525572722332345,-0.000217268465701307,3.0,1.0,0.0
Hard-C8-H64-Trajectory,402,noG,30,245760,30.0,0.0,1.8154834999999991,1.1341157074346475,1.2142406178153105,0.3679719611744457,2.1316282072803006e-14,0.0,0.0,0.0,0.0,1.709005021415761,0.0,0.0,0.0,0.0,0.0,0.0,0.0,3.0,1.0,0.0
Hard-C8-H64-Trajectory,402,GDA,0,0,0.0,0.0,7.99999999756551e-06,1.125987675930926,1.3140120373604132,0.39967668703292286,2.1316282072803006e-14,0.0,0.0,0.0,0.0,nan,nan,0.0,0.0,0.0,nan,nan,nan,0.0,0.0,0.0
Hard-C8-H64-Trajectory,402,GDA,5,40960,5.0,0.0,0.1355360999999995,1.122825705148279,1.3179830122652723,0.4031771189270501,1.4210854715202004e-14,0.01,0.0,0.0,0.0,1.798609603588908,0.0,0.0,0.0,0.0,nan,nan,nan,0.0,1.0,0.0
Hard-C8-H64-Trajectory,402,GDA,10,81920,10.0,0.0,0.27939449999999866,1.121911644780266,1.3144999885013586,0.40404295685428665,2.1316282072803006e-14,0.01,0.0,0.0,0.0,2.104966802338773,0.0,0.0,0.0,0.0,nan,nan,nan,0.0,1.0,0.0
Hard-C8-H64-Trajectory,402,GDA,15,122880,15.0,0.0,0.4022434999999973,1.115871352502083,1.3193049696079293,0.4098493683348392,2.1316282072803006e-14,0.01,0.0,0.0,0.0,2.1119152197036564,0.0,0.0,0.0,0.0,nan,nan,nan,0.0,1.0,0.0
Hard-C8-H64-Trajectory,402,GDA,20,163840,20.0,0.0,0.531907799999999,1.1149255571540022,1.3160950886421794,0.40975311962188365,2.1316282072803006e-14,0.01,0.0,0.0,0.0,2.0700437760040042,0.0,0.0,0.0,0.0,nan,nan,nan,0.0,1.0,0.0
Hard-C8-H64-Trajectory,402,GDA,25,204800,25.0,0.0,0.6699632999999992,1.111812972481692,1.3072809378617247,0.4093406785278477,1.4210854715202004e-14,0.01,0.0,0.0,0.0,1.8631092008602645,0.0,0.0,0.0,0.0,nan,nan,nan,0.0,1.0,0.0
Hard-C8-H64-Trajectory,402,GDA,30,245760,30.0,0.0,0.8011367999999983,1.107230090751429,1.3128736588821557,0.4150114700128619,2.1316282072803006e-14,0.01,0.0,0.0,0.0,1.7526125461297797,0.0,0.0,0.0,0.0,nan,nan,nan,0.0,1.0,0.0
Hard-C8-H64-Trajectory,402,EGM,0,0,0.0,0.0,7.199999998874773e-06,1.125987675930926,1.3140120373604132,0.39967668703292286,2.1316282072803006e-14,0.0,0.0,0.0,0.0,nan,nan,0.0,0.0,0.0,nan,nan,nan,0.0,0.0,0.0
Hard-C8-H64-Trajectory,402,EGM,5,40960,10.0,0.0,0.14894539999999878,1.1227868987679588,1.318465604985417,0.40323029214005485,2.842170943040401e-14,0.01,0.0,0.0,0.0,1.7983105453693222,0.0,0.0,0.0,0.0,nan,nan,nan,0.0,2.0,0.0
Hard-C8-H64-Trajectory,402,EGM,10,81920,20.0,0.0,0.30039000000000016,1.1219172403650575,1.3149717199176179,0.4040666602100644,1.4210854715202004e-14,0.01,0.0,0.0,0.0,2.0961936031004327,0.0,0.0,0.0,0.0,nan,nan,nan,0.0,2.0,0.0
Hard-C8-H64-Trajectory,402,EGM,15,122880,30.0,0.0,0.4293280999999993,1.1160230470832722,1.3193795650096258,0.40976172017639645,2.1316282072803006e-14,0.01,0.0,0.0,0.0,2.0973588093805264,0.0,0.0,0.0,0.0,nan,nan,nan,0.0,2.0,0.0
Hard-C8-H64-Trajectory,402,EGM,20,163840,40.0,0.0,0.5627856999999992,1.1149718448674335,1.316614304909748,0.409801928888325,2.1316282072803006e-14,0.01,0.0,0.0,0.0,2.0703361032009453,0.0,0.0,0.0,0.0,nan,nan,nan,0.0,2.0,0.0
Hard-C8-H64-Trajectory,402,EGM,25,204800,50.0,0.0,0.7060363999999986,1.1116756020051037,1.307598166260765,0.4094984871159025,2.1316282072803006e-14,0.01,0.0,0.0,0.0,1.8736638149757325,0.0,0.0,0.0,0.0,nan,nan,nan,0.0,2.0,0.0
Hard-C8-H64-Trajectory,402,EGM,30,245760,60.0,0.0,0.8546546999999975,1.1069191761817865,1.3129496682549968,0.4150975540599463,2.1316282072803006e-14,0.01,0.0,0.0,0.0,1.7296180736021063,0.0,0.0,0.0,0.0,nan,nan,nan,0.0,2.0,0.0
Hard-C8-H64-Trajectory,402,PPM-3,0,0,0.0,0.0,7.100000001258877e-06,1.125987675930926,1.3140120373604132,0.39967668703292286,2.1316282072803006e-14,0.0,0.0,0.0,0.0,nan,nan,0.0,0.0,0.0,nan,nan,nan,0.0,0.0,0.0
Hard-C8-H64-Trajectory,402,PPM-3,5,40960,15.0,0.0,0.17746819999999985,1.1227865478608,1.3184966553796396,0.40324686359409534,2.1316282072803006e-14,0.01,0.0,0.0,0.0,1.7975166823357351,0.0,0.0,0.0,0.0,nan,nan,nan,0.0,3.0,0.0
Hard-C8-H64-Trajectory,402,PPM-3,10,81920,30.0,0.0,0.37908840000000055,1.1219157212468716,1.3149693539113105,0.4040565935592589,2.1316282072803006e-14,0.01,0.0,0.0,0.0,2.0963054824323124,0.0,0.0,0.0,0.0,nan,nan,nan,0.0,3.0,0.0
Hard-C8-H64-Trajectory,402,PPM-3,15,122880,45.0,0.0,0.5956712999999993,1.116002080725724,1.319382110999497,0.40976204986575965,2.1316282072803006e-14,0.01,0.0,0.0,0.0,2.1078332858896496,0.0,0.0,0.0,0.0,nan,nan,nan,0.0,3.0,0.0
Hard-C8-H64-Trajectory,402,PPM-3,20,163840,60.0,0.0,0.7967584000000016,1.114951268270619,1.3166073749750344,0.4098069465703218,2.1316282072803006e-14,0.01,0.0,0.0,0.0,2.0705791783174017,0.0,0.0,0.0,0.0,nan,nan,nan,0.0,3.0,0.0
Hard-C8-H64-Trajectory,402,PPM-3,25,204800,75.0,0.0,0.9823270999999991,1.111647655371952,1.3076138252237215,0.4095888893142221,2.1316282072803006e-14,0.01,0.0,0.0,0.0,1.875416936980404,0.0,0.0,0.0,0.0,nan,nan,nan,0.0,3.0,0.0
Hard-C8-H64-Trajectory,402,PPM-3,30,245760,90.0,0.0,1.1670765000000003,1.10691980405334,1.3129977957352836,0.41525504410992914,2.1316282072803006e-14,0.01,0.0,0.0,0.0,1.727372116901505,0.0,0.0,0.0,0.0,nan,nan,nan,0.0,3.0,0.0
Hard-C8-H64-Trajectory,403,QP+G,0,0,0.0,0.0,6.600000002521256e-06,1.0944320088664248,1.4526352108534462,0.43902543066903227,2.1316282072803006e-14,0.0,0.0,0.0,0.0,nan,nan,0.0,0.0,0.0,nan,nan,nan,0.0,0.0,0.0
Hard-C8-H64-Trajectory,403,QP+G,5,40960,5.0,5.0,0.5409372000000019,1.097915242823837,1.4502586414784506,0.43896903100079837,1.7763568394002505e-14,0.0,0.0,6.172145379593766,-0.09973507853538488,2.1049631349611695,12.992138487665791,0.0,0.0,0.0,0.0,0.0,0.0,5.0,1.0,1.0
Hard-C8-H64-Trajectory,403,QP+G,10,81920,10.0,10.0,1.1337688000000021,1.1044109433028888,1.3768307022474064,0.4336039818599717,2.1316282072803006e-14,0.0,0.0,6.3475313449694015,0.04422079998273679,2.1110537964805998,13.399980144077263,0.0,0.0,0.0,0.0,0.0,0.0,5.0,1.0,1.0
Hard-C8-H64-Trajectory,403,QP+G,15,122880,15.0,15.0,1.6921890000000026,1.1128086403690067,1.3370470284188116,0.4001728085305483,2.1316282072803006e-14,0.0,0.01205087624607514,6.638521412586514,-0.08604379338459801,2.3424878646246876,15.550655848035047,1.0,0.0,0.0,-0.0820494410593853,-0.08107239370229191,0.0009770473570933913,5.0,1.0,1.0
Hard-C8-H64-Trajectory,403,QP+G,20,163840,20.0,20.0,2.2332411000000008,1.131055693153422,1.3048434562096867,0.3966844209468666,2.1316282072803006e-14,0.0,0.010726858577763732,7.457915047545812,0.22665654751950962,2.2760779658975494,16.974796111254797,1.0,0.0,0.0,-0.015522590914138327,-0.0149575289376922,0.0005650619764461275,5.0,1.0,1.0
Hard-C8-H64-Trajectory,403,QP+G,25,204800,25.0,25.0,2.745834700000003,1.1328828202461694,1.265419045700302,0.37537206006792756,2.1316282072803006e-14,0.08,0.0,7.567407586738908,-0.4376178095330917,2.2930235059528936,17.352243475518577,0.0,0.0,0.0,-0.03271148054442646,-0.03082959394925089,0.0018818865951755748,5.0,1.0,1.0
Hard-C8-H64-Trajectory,403,QP+G,30,245760,30.0,30.0,3.2931160000000013,1.1314305070956148,1.250504105082404,0.37326901668566614,2.1316282072803006e-14,0.0,0.0,6.131897803137013,0.053017727596680504,2.2063157353877663,13.528902610850867,0.0,0.0,0.0,0.0,0.0,0.0,5.0,1.0,1.0
Hard-C8-H64-Trajectory,403,noG,0,0,0.0,0.0,6.699999996584438e-06,1.0944320088664248,1.4526352108534462,0.43902543066903227,2.1316282072803006e-14,0.0,0.0,0.0,0.0,nan,nan,0.0,0.0,0.0,nan,nan,nan,0.0,0.0,0.0
Hard-C8-H64-Trajectory,403,noG,5,40960,5.0,0.0,0.3007425999999995,1.097915242823837,1.4502586414784506,0.43896903100079837,1.7763568394002505e-14,0.0,0.0,0.0,0.0,2.1049631349611695,0.0,0.0,0.0,0.0,0.0,0.0,0.0,3.0,1.0,0.0
Hard-C8-H64-Trajectory,403,noG,10,81920,10.0,0.0,0.6407180999999973,1.1046892249929494,1.4056210285519255,0.42888569864426046,1.4210854715202004e-14,0.0,0.0,0.0,0.0,2.1875690005530495,0.0,0.0,0.0,0.0,0.0,0.0,0.0,3.0,1.0,0.0
Hard-C8-H64-Trajectory,403,noG,15,122880,15.0,0.0,0.9897340999999997,1.1075052050042993,1.3674210507296303,0.4151664836145181,1.4210854715202004e-14,0.0,0.0,0.0,0.0,2.294338639628499,0.0,0.0,0.0,0.0,0.0,0.0,0.0,3.0,1.0,0.0
Hard-C8-H64-Trajectory,403,noG,20,163840,20.0,0.0,1.3166776999999996,1.1155272346665253,1.360431086061704,0.40659607933244996,2.1316282072803006e-14,0.0,0.0,0.0,0.0,2.103277914906319,0.0,0.0,0.0,0.0,0.0,0.0,0.0,3.0,1.0,0.0
Hard-C8-H64-Trajectory,403,noG,25,204800,25.0,0.0,1.6232582999999998,1.111911934560669,1.3387476494119697,0.389589690688502,1.4210854715202004e-14,0.038039983061372455,0.0,0.0,0.0,2.426013875406068,0.0,0.0,0.0,0.0,-0.0019500831800068853,-0.0019239689145673644,2.6114265439520883e-05,3.0,1.0,0.0
Hard-C8-H64-Trajectory,403,noG,30,245760,30.0,0.0,1.9452968999999989,1.1006293833845078,1.3366914041794677,0.37992609563099167,2.1316282072803006e-14,0.01109246027889652,0.0,0.0,0.0,2.0261744302305646,0.0,0.0,0.0,0.0,-0.00020149206727989726,-0.00020164553447044042,-1.534671905431659e-07,3.0,1.0,0.0
Hard-C8-H64-Trajectory,403,GDA,0,0,0.0,0.0,7.000000000090267e-06,1.0944320088664248,1.4526352108534462,0.43902543066903227,2.1316282072803006e-14,0.0,0.0,0.0,0.0,nan,nan,0.0,0.0,0.0,nan,nan,nan,0.0,0.0,0.0
Hard-C8-H64-Trajectory,403,GDA,5,40960,5.0,0.0,0.12468810000000019,1.094554485851158,1.452955693405428,0.44140046469112554,1.4210854715202004e-14,0.01,0.0,0.0,0.0,2.129798043142813,0.0,0.0,0.0,0.0,nan,nan,nan,0.0,1.0,0.0
Hard-C8-H64-Trajectory,403,GDA,10,81920,10.0,0.0,0.24673429999999996,1.0920772717445486,1.4512024949028757,0.44280324579240865,1.4210854715202004e-14,0.01,0.0,0.0,0.0,2.2016108097430243,0.0,0.0,0.0,0.0,nan,nan,nan,0.0,1.0,0.0
Hard-C8-H64-Trajectory,403,GDA,15,122880,15.0,0.0,0.3729723000000007,1.0894996722211745,1.4510420889493492,0.4445921108359092,1.4210854715202004e-14,0.01,0.0,0.0,0.0,2.107659987557941,0.0,0.0,0.0,0.0,nan,nan,nan,0.0,1.0,0.0
Hard-C8-H64-Trajectory,403,GDA,20,163840,20.0,0.0,0.49013120000000043,1.085653167331867,1.4562103041452092,0.44737017561862313,2.1316282072803006e-14,0.01,0.0,0.0,0.0,2.625614256215337,0.0,0.0,0.0,0.0,nan,nan,nan,0.0,1.0,0.0
Hard-C8-H64-Trajectory,403,GDA,25,204800,25.0,0.0,0.6170587999999988,1.083531963319572,1.4510416891308848,0.44782962397141207,2.1316282072803006e-14,0.01,0.0,0.0,0.0,2.2502955834092573,0.0,0.0,0.0,0.0,nan,nan,nan,0.0,1.0,0.0
Hard-C8-H64-Trajectory,403,GDA,30,245760,30.0,0.0,0.7352388999999988,1.0814033064532032,1.4551270862310526,0.44855638630271305,1.4210854715202004e-14,0.01,0.0,0.0,0.0,1.9796371573611247,0.0,0.0,0.0,0.0,nan,nan,nan,0.0,1.0,0.0
Hard-C8-H64-Trajectory,403,EGM,0,0,0.0,0.0,1.0499999998359044e-05,1.0944320088664248,1.4526352108534462,0.43902543066903227,2.1316282072803006e-14,0.0,0.0,0.0,0.0,nan,nan,0.0,0.0,0.0,nan,nan,nan,0.0,0.0,0.0
Hard-C8-H64-Trajectory,403,EGM,5,40960,10.0,0.0,0.13906109999999927,1.0942852353753239,1.4535666809214178,0.44166908193831966,2.1316282072803006e-14,0.01,0.0,0.0,0.0,2.1641948482707973,0.0,0.0,0.0,0.0,nan,nan,nan,0.0,2.0,0.0
Hard-C8-H64-Trajectory,403,EGM,10,81920,20.0,0.0,0.2759873999999982,1.0919207954213423,1.4518608993930686,0.4430522186453456,2.842170943040401e-14,0.01,0.0,0.0,0.0,2.2007881444903434,0.0,0.0,0.0,0.0,nan,nan,nan,0.0,2.0,0.0
Hard-C8-H64-Trajectory,403,EGM,15,122880,30.0,0.0,0.4070617999999975,1.0891533468993018,1.4518450255861817,0.4450163701632962,2.1316282072803006e-14,0.01,0.0,0.0,0.0,2.104135356241427,0.0,0.0,0.0,0.0,nan,nan,nan,0.0,2.0,0.0
Hard-C8-H64-Trajectory,403,EGM,20,163840,40.0,0.0,0.5404506999999974,1.085339408780107,1.45748054933131,0.4479381810472644,1.4210854715202004e-14,0.01,0.0,0.0,0.0,2.6055225323068125,0.0,0.0,0.0,0.0,nan,nan,nan,0.0,2.0,0.0
Hard-C8-H64-Trajectory,403,EGM,25,204800,50.0,0.0,0.6731109999999987,1.0830892259014029,1.451787735892654,0.44849683478937985,1.4210854715202004e-14,0.01,0.0,0.0,0.0,2.251472591443894,0.0,0.0,0.0,0.0,nan,nan,nan,0.0,2.0,0.0
Hard-C8-H64-Trajectory,403,EGM,30,245760,60.0,0.0,0.8060797999999991,1.0810156928714745,1.455378150706754,0.4491394557221778,2.1316282072803006e-14,0.01,0.0,0.0,0.0,1.9753186645308225,0.0,0.0,0.0,0.0,nan,nan,nan,0.0,2.0,0.0
Hard-C8-H64-Trajectory,403,PPM-3,0,0,0.0,0.0,8.09999999873412e-06,1.0944320088664248,1.4526352108534462,0.43902543066903227,2.1316282072803006e-14,0.0,0.0,0.0,0.0,nan,nan,0.0,0.0,0.0,nan,nan,nan,0.0,0.0,0.0
Hard-C8-H64-Trajectory,403,PPM-3,5,40960,15.0,0.0,0.15914850000000058,1.094198528663413,1.453625564846674,0.4418294469872464,2.1316282072803006e-14,0.01,0.0,0.0,0.0,2.1622311176155864,0.0,0.0,0.0,0.0,nan,nan,nan,0.0,3.0,0.0
Hard-C8-H64-Trajectory,403,PPM-3,10,81920,30.0,0.0,0.32066349999999844,1.0919097141352796,1.4518270944262488,0.4430509216890007,2.1316282072803006e-14,0.01,0.0,0.0,0.0,2.20744832465863,0.0,0.0,0.0,0.0,nan,nan,nan,0.0,3.0,0.0
Hard-C8-H64-Trajectory,403,PPM-3,15,122880,45.0,0.0,0.48984689999999986,1.0892147057916541,1.4516835336872531,0.4450401860812603,2.1316282072803006e-14,0.01,0.0,0.0,0.0,2.0960081340216137,0.0,0.0,0.0,0.0,nan,nan,nan,0.0,3.0,0.0
Hard-C8-H64-Trajectory,403,PPM-3,20,163840,60.0,0.0,0.6516166000000005,1.0855134186531024,1.4569648322335478,0.44775049790529325,2.1316282072803006e-14,0.01,0.0,0.0,0.0,2.581689002169296,0.0,0.0,0.0,0.0,nan,nan,nan,0.0,3.0,0.0
Hard-C8-H64-Trajectory,403,PPM-3,25,204800,75.0,0.0,0.8292406999999997,1.083261499496697,1.4515042519204304,0.4483889488460613,2.1316282072803006e-14,0.01,0.0,0.0,0.0,2.2741347365094398,0.0,0.0,0.0,0.0,nan,nan,nan,0.0,3.0,0.0
Hard-C8-H64-Trajectory,403,PPM-3,30,245760,90.0,0.0,0.989358799999998,1.0810500394507248,1.45520484806107,0.44911251322794504,2.1316282072803006e-14,0.01,0.0,0.0,0.0,1.9734312339103213,0.0,0.0,0.0,0.0,nan,nan,nan,0.0,3.0,0.0
Hard-C8-H64-Trajectory,404,QP+G,0,0,0.0,0.0,9.199999997377972e-06,1.141585503655514,1.273733493077508,0.3367396424907779,2.1316282072803006e-14,0.0,0.0,0.0,0.0,nan,nan,0.0,0.0,0.0,nan,nan,nan,0.0,0.0,0.0
Hard-C8-H64-Trajectory,404,QP+G,5,40960,5.0,5.0,0.5285606999999999,1.1403720588928774,1.243579485153556,0.3318365701759404,1.4210854715202004e-14,0.08,0.0,5.4581179021230115,0.37823511399589194,1.8327467901507508,10.0033480653803,0.0,0.0,0.0,-0.04421059672284006,-0.04433541248759676,-0.0001248157647566958,5.0,1.0,1.0
Hard-C8-H64-Trajectory,404,QP+G,10,81920,10.0,10.0,1.0336148999999963,1.1467642593260456,1.1488265658179935,0.29826962385088307,2.1316282072803006e-14,0.08,0.01724353899963574,4.6394188572131245,-0.24368253861331632,1.9356604395073491,8.98033954421184,1.0,0.0,0.0,-0.12251507943479722,-0.11592837309294524,0.006586706341851989,5.0,1.0,1.0
Hard-C8-H64-Trajectory,404,QP+G,15,122880,15.0,15.0,1.5722483999999994,1.1501451350654182,1.0968239101371395,0.2837064073382422,2.1316282072803006e-14,0.026721190897943618,0.0,4.908228958423997,0.015980687950680906,2.0373099145800198,9.999583520025974,0.0,0.0,0.0,-0.0016761068772445469,-0.0016764939521558553,-3.870749113084066e-07,5.0,1.0,1.0
Hard-C8-H64-Trajectory,404,QP+G,20,163840,20.0,20.0,2.085645299999996,1.1546735416052878,1.0867811143699664,0.2728721189761361,1.4210854715202004e-14,0.0,0.009028478551818628,5.267869923956317,0.14277245988376341,1.9145671559337463,10.085690738137966,1.0,0.0,0.0,-0.0023710143413944625,-0.002340934899247582,3.0079442146880436e-05,5.0,1.0,1.0
Hard-C8-H64-Trajectory,404,QP+G,25,204800,25.0,25.0,2.6022710000000018,1.1615543295700834,1.0483536821898198,0.2655920178538208,2.1316282072803006e-14,0.0,0.01579215458624684,5.065806541032144,-0.0793681247590259,2.109708356673307,10.687374392905813,1.0,0.0,0.0,-0.009952063547297985,-0.01010623298378066,-0.00015416943648267553,5.0,1.0,1.0
Hard-C8-H64-Trajectory,404,QP+G,30,245760,30.0,30.0,3.1328049999999976,1.1593487922819792,1.0239767602641607,0.2525818364526498,2.1316282072803006e-14,0.0,0.0,5.20176518360828,0.013088660510187073,2.0333990184935935,10.577264218783222,0.0,0.0,0.0,0.0,0.0,0.0,5.0,1.0,1.0
Hard-C8-H64-Trajectory,404,noG,0,0,0.0,0.0,9.600000005605125e-06,1.141585503655514,1.273733493077508,0.3367396424907779,2.1316282072803006e-14,0.0,0.0,0.0,0.0,nan,nan,0.0,0.0,0.0,nan,nan,nan,0.0,0.0,0.0
Hard-C8-H64-Trajectory,404,noG,5,40960,5.0,0.0,0.32052270000000505,1.1403720588928774,1.243579485153556,0.3318365701759404,1.4210854715202004e-14,0.08,0.0,0.0,0.0,1.8327467901507508,0.0,0.0,0.0,0.0,-0.04421059672284006,-0.04433541248759676,-0.0001248157647566958,3.0,1.0,0.0
Hard-C8-H64-Trajectory,404,noG,10,81920,10.0,0.0,0.630035300000003,1.1449125774814461,1.1747162574908605,0.30759806635546455,2.1316282072803006e-14,0.08,0.0,0.0,0.0,1.9356604395073491,0.0,0.0,0.0,0.0,-0.0515705442947108,-0.05147412820469599,9.641609001481005e-05,3.0,1.0,0.0
Hard-C8-H64-Trajectory,404,noG,15,122880,15.0,0.0,0.9733143000000055,1.14298773140458,1.1377670207284678,0.29793864854199825,1.4210854715202004e-14,0.03304727264728568,0.0,0.0,0.0,2.211645604336505,0.0,0.0,0.0,0.0,-0.001973982350151384,-0.0018833377302254206,9.06446199259634e-05,3.0,1.0,0.0
Hard-C8-H64-Trajectory,404,noG,20,163840,20.0,0.0,1.2979702000000017,1.140799531169556,1.1396173653970723,0.28787333403681853,1.4210854715202004e-14,0.0,0.0,0.0,0.0,1.8934201420381847,0.0,0.0,0.0,0.0,0.0,0.0,0.0,3.0,1.0,0.0
Hard-C8-H64-Trajectory,404,noG,25,204800,25.0,0.0,1.6143003000000036,1.1454188880285519,1.1239983626479582,0.27986083239863013,2.1316282072803006e-14,0.0,0.0,0.0,0.0,2.10483849740911,0.0,0.0,0.0,0.0,0.0,0.0,0.0,3.0,1.0,0.0
Hard-C8-H64-Trajectory,404,noG,30,245760,30.0,0.0,1.9289065000000036,1.146214204006153,1.0722905952543504,0.2695144931818487,2.1316282072803006e-14,0.0,0.0,0.0,0.0,1.9154138452480944,0.0,0.0,0.0,0.0,0.0,0.0,0.0,3.0,1.0,0.0
Hard-C8-H64-Trajectory,404,GDA,0,0,0.0,0.0,8.199999996350016e-06,1.141585503655514,1.273733493077508,0.3367396424907779,2.1316282072803006e-14,0.0,0.0,0.0,0.0,nan,nan,0.0,0.0,0.0,nan,nan,nan,0.0,0.0,0.0
Hard-C8-H64-Trajectory,404,GDA,5,40960,5.0,0.0,0.14320209999999634,1.1402269354135268,1.2733045822529094,0.33819586850417294,2.1316282072803006e-14,0.01,0.0,0.0,0.0,1.8993031026218847,0.0,0.0,0.0,0.0,nan,nan,nan,0.0,1.0,0.0
Hard-C8-H64-Trajectory,404,GDA,10,81920,10.0,0.0,0.29748099999999766,1.1406399839507293,1.2685851115862798,0.3350444318769945,2.1316282072803006e-14,0.01,0.0,0.0,0.0,1.9153671982188856,0.0,0.0,0.0,0.0,nan,nan,nan,0.0,1.0,0.0
Hard-C8-H64-Trajectory,404,GDA,15,122880,15.0,0.0,0.43384309999999715,1.1391139480590478,1.272283393832773,0.3359179516659919,2.1316282072803006e-14,0.01,0.0,0.0,0.0,2.0544556483940632,0.0,0.0,0.0,0.0,nan,nan,nan,0.0,1.0,0.0
Hard-C8-H64-Trajectory,404,GDA,20,163840,20.0,0.0,0.5708674999999985,1.138338931222077,1.2754071163899152,0.33630568374533837,2.1316282072803006e-14,0.01,0.0,0.0,0.0,1.784272479118451,0.0,0.0,0.0,0.0,nan,nan,nan,0.0,1.0,0.0
Hard-C8-H64-Trajectory,404,GDA,25,204800,25.0,0.0,0.7030987999999994,1.137297523812908,1.2716759223224914,0.337305888255987,2.1316282072803006e-14,0.01,0.0,0.0,0.0,2.0101492928807634,0.0,0.0,0.0,0.0,nan,nan,nan,0.0,1.0,0.0
Hard-C8-H64-Trajectory,404,GDA,30,245760,30.0,0.0,0.8334824999999952,1.133472891709255,1.2772246834278367,0.3405218159197857,2.1316282072803006e-14,0.01,0.0,0.0,0.0,2.002539734898642,0.0,0.0,0.0,0.0,nan,nan,nan,0.0,1.0,0.0
Hard-C8-H64-Trajectory,404,EGM,0,0,0.0,0.0,1.5500000003498826e-05,1.141585503655514,1.273733493077508,0.3367396424907779,2.1316282072803006e-14,0.0,0.0,0.0,0.0,nan,nan,0.0,0.0,0.0,nan,nan,nan,0.0,0.0,0.0
Hard-C8-H64-Trajectory,404,EGM,5,40960,10.0,0.0,0.14566440000000114,1.1401497912251142,1.2727557729102268,0.3381634458612298,2.1316282072803006e-14,0.01,0.0,0.0,0.0,1.9179622679329618,0.0,0.0,0.0,0.0,nan,nan,nan,0.0,2.0,0.0
Hard-C8-H64-Trajectory,404,EGM,10,81920,20.0,0.0,0.2882109000000028,1.1405988646511533,1.2681035758040726,0.3349866361984046,1.4210854715202004e-14,0.01,0.0,0.0,0.0,1.920844696967402,0.0,0.0,0.0,0.0,nan,nan,nan,0.0,2.0,0.0
Hard-C8-H64-Trajectory,404,EGM,15,122880,30.0,0.0,0.4352955000000023,1.13897334278026,1.2715368528148414,0.3359072142346063,2.1316282072803006e-14,0.01,0.0,0.0,0.0,2.04033780994608,0.0,0.0,0.0,0.0,nan,nan,nan,0.0,2.0,0.0
Hard-C8-H64-Trajectory,404,EGM,20,163840,40.0,0.0,0.5792460999999989,1.1381985886032147,1.2747910471614161,0.3365059708070145,2.842170943040401e-14,0.01,0.0,0.0,0.0,1.8007706058875905,0.0,0.0,0.0,0.0,nan,nan,nan,0.0,2.0,0.0
Hard-C8-H64-Trajectory,404,EGM,25,204800,50.0,0.0,0.733756200000002,1.1370501821423549,1.270722830517255,0.3375106678804748,1.4210854715202004e-14,0.01,0.0,0.0,0.0,1.9970906239055484,0.0,0.0,0.0,0.0,nan,nan,nan,0.0,2.0,0.0
Hard-C8-H64-Trajectory,404,EGM,30,245760,60.0,0.0,0.8841499999999982,1.1332597362759254,1.276365566663948,0.3408154531466311,2.1316282072803006e-14,0.01,0.0,0.0,0.0,2.0110889839583748,0.0,0.0,0.0,0.0,nan,nan,nan,0.0,2.0,0.0
Hard-C8-H64-Trajectory,404,PPM-3,0,0,0.0,0.0,7.899999999949614e-06,1.141585503655514,1.273733493077508,0.3367396424907779,2.1316282072803006e-14,0.0,0.0,0.0,0.0,nan,nan,0.0,0.0,0.0,nan,nan,nan,0.0,0.0,0.0
Hard-C8-H64-Trajectory,404,PPM-3,5,40960,15.0,0.0,0.16834159999999798,1.1401495979196248,1.2727688696911594,0.33815680548809346,2.1316282072803006e-14,0.01,0.0,0.0,0.0,1.9177703139946216,0.0,0.0,0.0,0.0,nan,nan,nan,0.0,3.0,0.0
Hard-C8-H64-Trajectory,404,PPM-3,10,81920,30.0,0.0,0.3369774000000021,1.1405956884360926,1.268068896695585,0.33495041290425825,2.1316282072803006e-14,0.01,0.0,0.0,0.0,1.9203348384092653,0.0,0.0,0.0,0.0,nan,nan,nan,0.0,3.0,0.0
Hard-C8-H64-Trajectory,404,PPM-3,15,122880,45.0,0.0,0.5140469000000039,1.1389805195353322,1.271478652402215,0.3358834728721771,2.1316282072803006e-14,0.01,0.0,0.0,0.0,2.0304219625398687,0.0,0.0,0.0,0.0,nan,nan,nan,0.0,3.0,0.0
Hard-C8-H64-Trajectory,404,PPM-3,20,163840,60.0,0.0,0.6869754000000015,1.1381953404974132,1.274822303564245,0.3365045526158009,2.1316282072803006e-14,0.01,0.0,0.0,0.0,1.7880477195942701,0.0,0.0,0.0,0.0,nan,nan,nan,0.0,3.0,0.0
Hard-C8-H64-Trajectory,404,PPM-3,25,204800,75.0,0.0,0.8546605000000014,1.137081588909773,1.2707173388272792,0.33750381419640346,2.1316282072803006e-14,0.01,0.0,0.0,0.0,1.9888939436586854,0.0,0.0,0.0,0.0,nan,nan,nan,0.0,3.0,0.0
Hard-C8-H64-Trajectory,404,PPM-3,30,245760,90.0,0.0,1.0390483999999987,1.1332911789198274,1.2765023893070955,0.34082846156849506,2.1316282072803006e-14,0.01,0.0,0.0,0.0,2.0033298330789555,0.0,0.0,0.0,0.0,nan,nan,nan,0.0,3.0,0.0
Hard-C8-H64-Trajectory,405,QP+G,0,0,0.0,0.0,5.700000002661909e-06,1.1010135709443993,1.2956377171959526,0.3469088222502325,2.1316282072803006e-14,0.0,0.0,0.0,0.0,nan,nan,0.0,0.0,0.0,nan,nan,nan,0.0,0.0,0.0
Hard-C8-H64-Trajectory,405,QP+G,5,40960,5.0,5.0,0.5455291999999972,1.1024691086493363,1.2362685746182698,0.3304054044016299,2.1316282072803006e-14,0.08,0.0,4.675713496101373,0.25669195569014375,2.0717468584023173,9.686894746337336,0.0,0.0,0.0,-0.03202600967294185,-0.032031782258825636,-5.77258588378704e-06,5.0,1.0,1.0
Hard-C8-H64-Trajectory,405,QP+G,10,81920,10.0,10.0,1.133073699999997,1.105966857016793,1.212072928549956,0.31995900419884066,2.1316282072803006e-14,0.08,0.0,4.3113400827624,-0.18123079884269555,1.971960862667067,8.501793908855246,0.0,0.0,0.0,-0.02639608690064839,-0.02649163649943853,-9.55495987901428e-05,5.0,1.0,1.0
Hard-C8-H64-Trajectory,405,QP+G,15,122880,15.0,15.0,1.6727311,1.1064940263580327,1.1942552393138652,0.3181656716789561,2.1316282072803006e-14,0.0,0.0,4.023749110888711,0.10533696247014122,1.9440181845594093,7.82224144167241,0.0,1.0,0.0,-0.027498640457433412,0.0,0.027498640457433412,5.0,1.0,1.0
Hard-C8-H64-Trajectory,405,QP+G,20,163840,20.0,20.0,2.2336065000000005,1.1033920419603394,1.1815046952491934,0.31606522894508726,2.1316282072803006e-14,0.0,0.0,4.999598286688956,-0.056138794488504416,2.0321832427518216,10.160099858700013,0.0,0.0,0.0,0.0,0.0,0.0,5.0,1.0,1.0
Hard-C8-H64-Trajectory,405,QP+G,25,204800,25.0,25.0,2.770762900000001,1.0988254423667327,1.1662734712823184,0.3158288487188772,2.1316282072803006e-14,0.065727726724751,0.0,4.662425780125792,-0.1546842576066131,2.0700826225421536,9.651606586330946,0.0,0.0,0.0,-0.004352917782010253,-0.0040359390288431385,0.0003169787531671145,5.0,1.0,1.0
Hard-C8-H64-Trajectory,405,QP+G,30,245760,30.0,30.0,3.324482400000001,1.0993375583938334,1.1578618188079421,0.29667292601700573,2.1316282072803006e-14,0.08,0.0,4.722079443789596,-0.02363155790472757,2.159492480303927,10.197295050261383,0.0,0.0,0.0,-0.011517615496432373,-0.01139797689869182,0.00011963859774055327,5.0,1.0,1.0
Hard-C8-H64-Trajectory,405,noG,0,0,0.0,0.0,6.900000002474371e-06,1.1010135709443993,1.2956377171959526,0.3469088222502325,2.1316282072803006e-14,0.0,0.0,0.0,0.0,nan,nan,0.0,0.0,0.0,nan,nan,nan,0.0,0.0,0.0
Hard-C8-H64-Trajectory,405,noG,5,40960,5.0,0.0,0.3320571000000001,1.1023074405981808,1.2622825720038393,0.33807463319576353,2.1316282072803006e-14,0.08,0.0,0.0,0.0,1.9776734106245673,0.0,0.0,0.0,0.0,-0.030480848124717925,-0.030499825634657363,-1.897750993943778e-05,3.0,1.0,0.0
Hard-C8-H64-Trajectory,405,noG,10,81920,10.0,0.0,0.6781894000000008,1.1015960473195345,1.2695379752102485,0.3368113882771368,2.1316282072803006e-14,0.04282451487275134,0.0,0.0,0.0,2.1413738174827293,0.0,0.0,0.0,0.0,-0.002442119813494995,-0.0024495757977645027,-7.455984269507873e-06,3.0,1.0,0.0
Hard-C8-H64-Trajectory,405,noG,15,122880,15.0,0.0,1.0538136000000051,1.096549427522966,1.2531797383212653,0.3339252948714945,2.1316282072803006e-14,0.08,0.0,0.0,0.0,1.8091915286816853,0.0,0.0,0.0,0.0,-0.004659570755422959,-0.004465779917735446,0.00019379083768751235,3.0,1.0,0.0
Hard-C8-H64-Trajectory,405,noG,20,163840,20.0,0.0,1.3940695000000005,1.0918125358493733,1.2357609600429615,0.3329838774185733,1.4210854715202004e-14,0.0,0.0,0.0,0.0,2.077520955880111,0.0,0.0,0.0,0.0,0.0,0.0,0.0,3.0,1.0,0.0
Hard-C8-H64-Trajectory,405,noG,25,204800,25.0,0.0,1.7529328000000035,1.0918125358493733,1.2357609600429615,0.3329838774185733,1.4210854715202004e-14,0.0,0.0,0.0,0.0,2.2214213681065202,0.0,0.0,0.0,0.0,0.0,0.0,0.0,3.0,1.0,0.0
Hard-C8-H64-Trajectory,405,noG,30,245760,30.0,0.0,2.0974337000000034,1.0933737592840451,1.2465071941085601,0.3214846371032731,2.1316282072803006e-14,0.06850434106929405,0.0,0.0,0.0,2.1134665078894455,0.0,0.0,0.0,0.0,-0.007246147531386847,-0.007251293180804197,-5.14564941734956e-06,3.0,1.0,0.0
Hard-C8-H64-Trajectory,405,GDA,0,0,0.0,0.0,8.799999996256247e-06,1.1010135709443993,1.2956377171959526,0.3469088222502325,2.1316282072803006e-14,0.0,0.0,0.0,0.0,nan,nan,0.0,0.0,0.0,nan,nan,nan,0.0,0.0,0.0
Hard-C8-H64-Trajectory,405,GDA,5,40960,5.0,0.0,0.1645280999999983,1.1002379939841394,1.2979223294187956,0.3476167016140308,1.4210854715202004e-14,0.01,0.0,0.0,0.0,2.0183556390817956,0.0,0.0,0.0,0.0,nan,nan,nan,0.0,1.0,0.0
Hard-C8-H64-Trajectory,405,GDA,10,81920,10.0,0.0,0.3209065999999936,1.0979943730363626,1.3045528344287152,0.3491200808177261,2.1316282072803006e-14,0.01,0.0,0.0,0.0,2.182933276432147,0.0,0.0,0.0,0.0,nan,nan,nan,0.0,1.0,0.0
Hard-C8-H64-Trajectory,405,GDA,15,122880,15.0,0.0,0.4799909999999983,1.0958847531402423,1.3024188775401526,0.3504011140596836,2.1316282072803006e-14,0.01,0.0,0.0,0.0,1.785437778902189,0.0,0.0,0.0,0.0,nan,nan,nan,0.0,1.0,0.0
Hard-C8-H64-Trajectory,405,GDA,20,163840,20.0,0.0,0.6239784999999998,1.0943485940749038,1.3017414937678462,0.3522015936974826,2.1316282072803006e-14,0.01,0.0,0.0,0.0,2.15958497094271,0.0,0.0,0.0,0.0,nan,nan,nan,0.0,1.0,0.0
Hard-C8-H64-Trajectory,405,GDA,25,204800,25.0,0.0,0.7774955999999946,1.0907912125189438,1.3040474533423823,0.35421041117130897,2.1316282072803006e-14,0.01,0.0,0.0,0.0,2.1546919462783136,0.0,0.0,0.0,0.0,nan,nan,nan,0.0,1.0,0.0
Hard-C8-H64-Trajectory,405,GDA,30,245760,30.0,0.0,0.9282995999999955,1.0899106190921504,1.3061298725242863,0.3527080634859611,2.842170943040401e-14,0.01,0.0,0.0,0.0,2.142281249907851,0.0,0.0,0.0,0.0,nan,nan,nan,0.0,1.0,0.0
Hard-C8-H64-Trajectory,405,EGM,0,0,0.0,0.0,1.200000000523005e-05,1.1010135709443993,1.2956377171959526,0.3469088222502325,2.1316282072803006e-14,0.0,0.0,0.0,0.0,nan,nan,0.0,0.0,0.0,nan,nan,nan,0.0,0.0,0.0
Hard-C8-H64-Trajectory,405,EGM,5,40960,10.0,0.0,0.161549100000002,1.100196406281823,1.297662321766967,0.3474434406862466,2.1316282072803006e-14,0.01,0.0,0.0,0.0,2.0210132583484355,0.0,0.0,0.0,0.0,nan,nan,nan,0.0,2.0,0.0
Hard-C8-H64-Trajectory,405,EGM,10,81920,20.0,0.0,0.32413200000000586,1.0980691655974921,1.3038527134129667,0.348826173906714,2.1316282072803006e-14,0.01,0.0,0.0,0.0,2.1889209622449695,0.0,0.0,0.0,0.0,nan,nan,nan,0.0,2.0,0.0
Hard-C8-H64-Trajectory,405,EGM,15,122880,30.0,0.0,0.4906368000000043,1.0958629821707186,1.3016337606608184,0.3499518621121263,1.4210854715202004e-14,0.01,0.0,0.0,0.0,1.818584943197174,0.0,0.0,0.0,0.0,nan,nan,nan,0.0,2.0,0.0
Hard-C8-H64-Trajectory,405,EGM,20,163840,40.0,0.0,0.6686162000000024,1.0943917302639457,1.3008800448084727,0.35174975892555616,2.1316282072803006e-14,0.01,0.0,0.0,0.0,2.126978741280343,0.0,0.0,0.0,0.0,nan,nan,nan,0.0,2.0,0.0
Hard-C8-H64-Trajectory,405,EGM,25,204800,50.0,0.0,0.8320931000000016,1.0908902124937854,1.3033452144612216,0.35361387131776373,2.1316282072803006e-14,0.01,0.0,0.0,0.0,2.1423510690990986,0.0,0.0,0.0,0.0,nan,nan,nan,0.0,2.0,0.0
Hard-C8-H64-Trajectory,405,EGM,30,245760,60.0,0.0,1.0138813000000013,1.0899753401801753,1.3053400768486652,0.352248376033365,2.1316282072803006e-14,0.01,0.0,0.0,0.0,2.128062758844073,0.0,0.0,0.0,0.0,nan,nan,nan,0.0,2.0,0.0
Hard-C8-H64-Trajectory,405,PPM-3,0,0,0.0,0.0,1.0000000003174137e-05,1.1010135709443993,1.2956377171959526,0.3469088222502325,2.1316282072803006e-14,0.0,0.0,0.0,0.0,nan,nan,0.0,0.0,0.0,nan,nan,nan,0.0,0.0,0.0
Hard-C8-H64-Trajectory,405,PPM-3,5,40960,15.0,0.0,0.17731060000000554,1.1001955629781726,1.2976359401040665,0.34743655501501464,2.1316282072803006e-14,0.01,0.0,0.0,0.0,2.021370413599052,0.0,0.0,0.0,0.0,nan,nan,nan,0.0,3.0,0.0
Hard-C8-H64-Trajectory,405,PPM-3,10,81920,30.0,0.0,0.36023320000000325,1.0980679355569414,1.303792602841942,0.3487996710330517,2.1316282072803006e-14,0.01,0.0,0.0,0.0,2.188968065972043,0.0,0.0,0.0,0.0,nan,nan,nan,0.0,3.0,0.0
Hard-C8-H64-Trajectory,405,PPM-3,15,122880,45.0,0.0,0.5434191000000013,1.0958604645949896,1.301571822919784,0.34993458623927287,2.842170943040401e-14,0.01,0.0,0.0,0.0,1.8135131011148946,0.0,0.0,0.0,0.0,nan,nan,nan,0.0,3.0,0.0
Hard-C8-H64-Trajectory,405,PPM-3,20,163840,60.0,0.0,0.7298252000000005,1.0943968412872387,1.3008553192264136,0.35176267052539495,2.1316282072803006e-14,0.01,0.0,0.0,0.0,2.1301829426240815,0.0,0.0,0.0,0.0,nan,nan,nan,0.0,3.0,0.0
Hard-C8-H64-Trajectory,405,PPM-3,25,204800,75.0,0.0,0.923209700000001,1.0908919376569353,1.3032320399914643,0.3535848438765629,2.1316282072803006e-14,0.01,0.0,0.0,0.0,2.1356841781282307,0.0,0.0,0.0,0.0,nan,nan,nan,0.0,3.0,0.0
Hard-C8-H64-Trajectory,405,PPM-3,30,245760,90.0,0.0,1.123046500000001,1.0899882305187338,1.3052507084356177,0.3522060954405558,2.1316282072803006e-14,0.01,0.0,0.0,0.0,2.1037761052921717,0.0,0.0,0.0,0.0,nan,nan,nan,0.0,3.0,0.0
Hard-C8-H64-Trajectory,406,QP+G,0,0,0.0,0.0,1.250000000396767e-05,1.0962293140944832,1.2726027010679448,0.4124791147127563,2.1316282072803006e-14,0.0,0.0,0.0,0.0,nan,nan,0.0,0.0,0.0,nan,nan,nan,0.0,0.0,0.0
Hard-C8-H64-Trajectory,406,QP+G,5,40960,5.0,5.0,0.5974347000000009,1.1173018895607678,1.2317745746073558,0.38223374120444176,2.1316282072803006e-14,0.08,0.010762093514135731,5.524001285289572,-0.04091966993528696,1.9818239926481862,10.947598282606291,1.0,0.0,0.0,-0.034961408496003904,-0.03665139585083743,-0.0016899873548335276,5.0,1.0,1.0
Hard-C8-H64-Trajectory,406,QP+G,10,81920,10.0,10.0,1.1683783000000005,1.106554904141192,1.0828283619046257,0.34855871660215293,2.842170943040401e-14,0.08,0.01382982807315719,5.784598302799938,-0.05430714104675528,2.2982085054565804,13.294213020144516,1.0,0.0,0.0,-0.1361220367464891,-0.13178225600590743,0.004339780740581667,5.0,1.0,1.0
Hard-C8-H64-Trajectory,406,QP+G,15,122880,15.0,15.0,1.735356000000003,1.1162977713293212,1.0481469137447772,0.33488691837535883,2.1316282072803006e-14,0.0,0.01837064629725531,4.354773300052732,0.28441058985893486,2.0355463204579376,8.864342767350808,1.0,0.0,0.0,-0.03640814632605968,-0.03657920034011353,-0.00017105401405384524,5.0,1.0,1.0
Hard-C8-H64-Trajectory,406,QP+G,20,163840,20.0,20.0,2.3077967000000044,1.133898274981764,0.978363178884478,0.3197645401905423,2.1316282072803006e-14,0.046929447885668225,0.0,4.964202392974009,-0.21067988540467553,1.9561159296325652,9.710555378816558,0.0,0.0,0.0,-0.0036269865894375353,-0.003350449853706916,0.0002765367357306192,5.0,1.0,1.0
Hard-C8-H64-Trajectory,406,QP+G,25,204800,25.0,25.0,2.864443399999999,1.1219694874977084,0.9106925352461714,0.29389907246880587,1.4210854715202004e-14,0.08,0.0,4.690379597477717,0.20422781676233487,1.8933457692380784,8.880510367005037,0.0,0.0,0.0,-0.0739413086167701,-0.07392733837104215,1.3970245727953912e-05,5.0,1.0,1.0
Hard-C8-H64-Trajectory,406,QP+G,30,245760,30.0,30.0,3.4606961,1.111115438428226,0.8558756391159859,0.25975366136945355,2.1316282072803006e-14,0.08,0.0,6.106744350329609,0.0911856796741631,2.1532407285084285,13.149290653718458,0.0,0.0,0.0,-0.029967622764472346,-0.02739878409732821,0.0025688386671441354,5.0,1.0,1.0
Hard-C8-H64-Trajectory,406,noG,0,0,0.0,0.0,1.260000000513628e-05,1.0962293140944832,1.2726027010679448,0.4124791147127563,2.1316282072803006e-14,0.0,0.0,0.0,0.0,nan,nan,0.0,0.0,0.0,nan,nan,nan,0.0,0.0,0.0
Hard-C8-H64-Trajectory,406,noG,5,40960,5.0,0.0,0.39341830000000044,1.100267141823506,1.2597490717709499,0.3914925945564133,2.1316282072803006e-14,0.08,0.0,0.0,0.0,1.9826302907842877,0.0,0.0,0.0,0.0,-0.03709825134459891,-0.03692950181716537,0.00016874952743354404,3.0,1.0,0.0
Hard-C8-H64-Trajectory,406,noG,10,81920,10.0,0.0,0.7696645999999987,1.0873153190678806,1.1638353678472197,0.3759826948260986,2.1316282072803006e-14,0.08,0.0,0.0,0.0,2.232452844680971,0.0,0.0,0.0,0.0,-0.01026308527831276,-0.010319251008587216,-5.616573027445587e-05,3.0,1.0,0.0
Hard-C8-H64-Trajectory,406,noG,15,122880,15.0,0.0,1.1384445999999997,1.0829776209406343,1.1539511964385378,0.37500180987451104,2.1316282072803006e-14,0.0,0.0,0.0,0.0,1.8469043599807944,0.0,0.0,0.0,0.0,0.0,0.0,0.0,3.0,1.0,0.0
Hard-C8-H64-Trajectory,406,noG,20,163840,20.0,0.0,1.5153284000000014,1.0798416495115097,1.0874990673188691,0.37178468249941055,3.552713678800501e-14,0.08,0.0,0.0,0.0,2.0646674136231438,0.0,0.0,0.0,0.0,-0.028727529892996817,-0.028657900583655582,6.962930934123479e-05,3.0,1.0,0.0
Hard-C8-H64-Trajectory,406,noG,25,204800,25.0,0.0,1.8788918000000052,1.0839326044629989,0.9951739363990499,0.3468372167138233,2.1316282072803006e-14,0.08,0.0,0.0,0.0,2.04148749176711,0.0,0.0,0.0,0.0,-0.11125470913598545,-0.110831238091329,0.0004234710446564538,3.0,1.0,0.0
Hard-C8-H64-Trajectory,406,noG,30,245760,30.0,0.0,2.2573131000000046,1.0797282751862265,0.9647772451059384,0.3200804479916196,1.4210854715202004e-14,0.08,0.0,0.0,0.0,2.022554307390999,0.0,0.0,0.0,0.0,-0.05294479540201541,-0.05348719364880328,-0.0005423982467878674,3.0,1.0,0.0
Hard-C8-H64-Trajectory,406,GDA,0,0,0.0,0.0,1.0500000001911758e-05,1.0962293140944832,1.2726027010679448,0.4124791147127563,2.1316282072803006e-14,0.0,0.0,0.0,0.0,nan,nan,0.0,0.0,0.0,nan,nan,nan,0.0,0.0,0.0
Hard-C8-H64-Trajectory,406,GDA,5,40960,5.0,0.0,0.1617424000000014,1.096834069334801,1.270380577456612,0.40938829171991026,2.1316282072803006e-14,0.01,0.0,0.0,0.0,2.0838220588279768,0.0,0.0,0.0,0.0,nan,nan,nan,0.0,1.0,0.0
Hard-C8-H64-Trajectory,406,GDA,10,81920,10.0,0.0,0.3321655000000021,1.0945226983515954,1.261132355978113,0.4084809636244796,2.1316282072803006e-14,0.01,0.0,0.0,0.0,2.376194851350194,0.0,0.0,0.0,0.0,nan,nan,nan,0.0,1.0,0.0
Hard-C8-H64-Trajectory,406,GDA,15,122880,15.0,0.0,0.49138470000000467,1.0905566630689274,1.2650713146931893,0.4104513081369555,2.842170943040401e-14,0.01,0.0,0.0,0.0,2.1061909195448654,0.0,0.0,0.0,0.0,nan,nan,nan,0.0,1.0,0.0
Hard-C8-H64-Trajectory,406,GDA,20,163840,20.0,0.0,0.6513162000000037,1.0890025866256792,1.2528314437491581,0.4095386174359654,3.552713678800501e-14,0.01,0.0,0.0,0.0,2.240883098482648,0.0,0.0,0.0,0.0,nan,nan,nan,0.0,1.0,0.0
Hard-C8-H64-Trajectory,406,GDA,25,204800,25.0,0.0,0.8140184000000019,1.0839012516408413,1.2487081724740638,0.4090028819801791,1.7763568394002505e-14,0.01,0.0,0.0,0.0,2.058287764089164,0.0,0.0,0.0,0.0,nan,nan,nan,0.0,1.0,0.0
Hard-C8-H64-Trajectory,406,GDA,30,245760,30.0,0.0,0.9834518000000045,1.0821276292747373,1.2547429485924637,0.4081365351123435,1.4210854715202004e-14,0.01,0.0,0.0,0.0,2.1272714742496364,0.0,0.0,0.0,0.0,nan,nan,nan,0.0,1.0,0.0
Hard-C8-H64-Trajectory,406,EGM,0,0,0.0,0.0,9.000000005698894e-06,1.0962293140944832,1.2726027010679448,0.4124791147127563,2.1316282072803006e-14,0.0,0.0,0.0,0.0,nan,nan,0.0,0.0,0.0,nan,nan,nan,0.0,0.0,0.0
Hard-C8-H64-Trajectory,406,EGM,5,40960,10.0,0.0,0.18505030000000033,1.0969185003126958,1.2701184017689657,0.409264930163083,2.842170943040401e-14,0.01,0.0,0.0,0.0,2.083092703040652,0.0,0.0,0.0,0.0,nan,nan,nan,0.0,2.0,0.0
Hard-C8-H64-Trajectory,406,EGM,10,81920,20.0,0.0,0.35628040000000283,1.0946570141385028,1.2606777346636646,0.40821773186264726,1.4210854715202004e-14,0.01,0.0,0.0,0.0,2.3790041023951005,0.0,0.0,0.0,0.0,nan,nan,nan,0.0,2.0,0.0
Hard-C8-H64-Trajectory,406,EGM,15,122880,30.0,0.0,0.5255619000000067,1.090717619241089,1.264930255376951,0.4101777311796966,2.1316282072803006e-14,0.01,0.0,0.0,0.0,2.1124974889730037,0.0,0.0,0.0,0.0,nan,nan,nan,0.0,2.0,0.0
Hard-C8-H64-Trajectory,406,EGM,20,163840,40.0,0.0,0.6985367000000053,1.089311967796368,1.2516292210122775,0.4089526108087181,2.842170943040401e-14,0.01,0.0,0.0,0.0,2.238863632116743,0.0,0.0,0.0,0.0,nan,nan,nan,0.0,2.0,0.0
Hard-C8-H64-Trajectory,406,EGM,25,204800,50.0,0.0,0.8895913000000064,1.084105324618515,1.2471731413627134,0.40846412687451944,2.1316282072803006e-14,0.01,0.0,0.0,0.0,2.079162016213178,0.0,0.0,0.0,0.0,nan,nan,nan,0.0,2.0,0.0
Hard-C8-H64-Trajectory,406,EGM,30,245760,60.0,0.0,1.0691240000000022,1.0823377922664736,1.2532034970567651,0.407447171343376,2.842170943040401e-14,0.01,0.0,0.0,0.0,2.1286647683411815,0.0,0.0,0.0,0.0,nan,nan,nan,0.0,2.0,0.0
Hard-C8-H64-Trajectory,406,PPM-3,0,0,0.0,0.0,1.4499999998918156e-05,1.0962293140944832,1.2726027010679448,0.4124791147127563,2.1316282072803006e-14,0.0,0.0,0.0,0.0,nan,nan,0.0,0.0,0.0,nan,nan,nan,0.0,0.0,0.0
Hard-C8-H64-Trajectory,406,PPM-3,5,40960,15.0,0.0,0.20503049999999945,1.0969140199208245,1.2701617327136052,0.4092854688762884,2.1316282072803006e-14,0.01,0.0,0.0,0.0,2.0842995917669103,0.0,0.0,0.0,0.0,nan,nan,nan,0.0,3.0,0.0
Hard-C8-H64-Trajectory,406,PPM-3,10,81920,30.0,0.0,0.4163003000000032,1.0946530775932075,1.2607935416537548,0.40822117585269335,2.842170943040401e-14,0.01,0.0,0.0,0.0,2.3763956503287957,0.0,0.0,0.0,0.0,nan,nan,nan,0.0,3.0,0.0
Hard-C8-H64-Trajectory,406,PPM-3,15,122880,45.0,0.0,0.6163178999999985,1.0907270450900575,1.2649025161155556,0.4101639869069237,3.552713678800501e-14,0.01,0.0,0.0,0.0,2.1227763302168983,0.0,0.0,0.0,0.0,nan,nan,nan,0.0,3.0,0.0
Hard-C8-H64-Trajectory,406,PPM-3,20,163840,60.0,0.0,0.8116561000000004,1.089327258866306,1.2517026006896415,0.408936622036145,2.1316282072803006e-14,0.01,0.0,0.0,0.0,2.2242841782787917,0.0,0.0,0.0,0.0,nan,nan,nan,0.0,3.0,0.0
Hard-C8-H64-Trajectory,406,PPM-3,25,204800,75.0,0.0,1.0264802000000017,1.0841130198531228,1.247304833670299,0.40846839681530983,2.1316282072803006e-14,0.01,0.0,0.0,0.0,2.082041576171602,0.0,0.0,0.0,0.0,nan,nan,nan,0.0,3.0,0.0
Hard-C8-H64-Trajectory,406,PPM-3,30,245760,90.0,0.0,1.2263473000000005,1.082370783398258,1.253483084771853,0.40739196064754085,2.842170943040401e-14,0.01,0.0,0.0,0.0,2.115966068029944,0.0,0.0,0.0,0.0,nan,nan,nan,0.0,3.0,0.0
Hard-C8-H64-Trajectory,407,QP+G,0,0,0.0,0.0,6.599999998968542e-06,1.0745076391773216,1.3641997019393177,0.3631889119861014,2.1316282072803006e-14,0.0,0.0,0.0,0.0,nan,nan,0.0,0.0,0.0,nan,nan,nan,0.0,0.0,0.0
Hard-C8-H64-Trajectory,407,QP+G,5,40960,5.0,5.0,0.5595248999999995,1.0760656832196287,1.3298055200412398,0.3587393390621408,2.1316282072803006e-14,0.08,0.0,4.358369029369065,-0.09870589014660712,1.7783018039522651,7.750495507216691,0.0,0.0,0.0,-0.0061754109760493465,-0.006050409641736643,0.00012500133431270384,5.0,1.0,1.0
Hard-C8-H64-Trajectory,407,QP+G,10,81920,10.0,10.0,1.1341238999999987,1.1360467465404283,1.1449810360857249,0.3387480274973415,2.1316282072803006e-14,0.08,0.0,5.674520580660271,-0.16787221676020778,2.0332285802798786,11.537597423984836,0.0,0.0,0.0,-0.018810711842028104,-0.019936536541158567,-0.0011258246991304628,5.0,1.0,1.0
Hard-C8-H64-Trajectory,407,QP+G,15,122880,15.0,15.0,1.6871050999999966,1.1344340320634878,1.1442885276904786,0.3368328062397994,2.1316282072803006e-14,0.0,0.0,5.043252381213758,0.1195581921428937,2.1083871023663363,10.633128274529401,0.0,1.0,0.0,-0.02377861373094546,0.0,0.02377861373094546,5.0,1.0,1.0
Hard-C8-H64-Trajectory,407,QP+G,20,163840,20.0,20.0,2.2863351999999963,1.1386424543801528,1.1401940642214947,0.33673298278193947,2.1316282072803006e-14,0.0,0.014489878639276895,5.521095241139462,-0.16251451986547444,2.165945721299234,11.95839261443158,1.0,0.0,0.0,-0.0043211181966654345,-0.004691878563352958,-0.0003707603666875236,5.0,1.0,1.0
Hard-C8-H64-Trajectory,407,QP+G,25,204800,25.0,25.0,2.9096442999999965,1.136693100893042,1.1405662099929512,0.3331412410457427,1.4210854715202004e-14,0.08,0.0,5.610764452735316,0.014105356140204969,2.2350884822094788,12.540555004699074,0.0,0.0,0.0,-0.013785090945670877,-0.013489395364826962,0.00029569558084391497,5.0,1.0,1.0
Hard-C8-H64-Trajectory,407,QP+G,30,245760,30.0,30.0,3.542853099999995,1.1434427652773276,1.1123386271305415,0.3201552098006793,1.4210854715202004e-14,0.08,0.013249684187382873,6.037879761404478,0.178364294618649,2.1690382372778463,13.096392074572353,1.0,0.0,0.0,-0.05261823420922163,-0.05258669200839927,3.15422008223612e-05,5.0,1.0,1.0
Hard-C8-H64-Trajectory,407,noG,0,0,0.0,0.0,1.5500000003498826e-05,1.0745076391773216,1.3641997019393177,0.3631889119861014,2.1316282072803006e-14,0.0,0.0,0.0,0.0,nan,nan,0.0,0.0,0.0,nan,nan,nan,0.0,0.0,0.0
Hard-C8-H64-Trajectory,407,noG,5,40960,5.0,0.0,0.3530496000000056,1.0760656832196287,1.3298055200412398,0.3587393390621408,2.1316282072803006e-14,0.08,0.0,0.0,0.0,1.7783018039522651,0.0,0.0,0.0,0.0,-0.0061754109760493465,-0.006050409641736643,0.00012500133431270384,3.0,1.0,0.0
Hard-C8-H64-Trajectory,407,noG,10,81920,10.0,0.0,0.7210403999999997,1.1226891087459308,1.2243605282296959,0.35057264948215733,1.4210854715202004e-14,0.08,0.0,0.0,0.0,1.9636871611284228,0.0,0.0,0.0,0.0,-0.07938778568860624,-0.07894337819424102,0.0004444074943652232,3.0,1.0,0.0
Hard-C8-H64-Trajectory,407,noG,15,122880,15.0,0.0,1.0783156000000034,1.1396009978843573,1.1729033963880646,0.3485534750623689,2.842170943040401e-14,0.07438743663740896,0.0,0.0,0.0,2.1046457560232206,0.0,0.0,0.0,0.0,-0.005696377691302661,-0.006695953932392751,-0.00099957624109009,3.0,1.0,0.0
Hard-C8-H64-Trajectory,407,noG,20,163840,20.0,0.0,1.4515642,1.1366503744108487,1.1689483157057519,0.3440069576631399,1.4210854715202004e-14,0.0,0.0,0.0,0.0,2.2090631562785132,0.0,0.0,0.0,0.0,0.0,0.0,0.0,3.0,1.0,0.0
Hard-C8-H64-Trajectory,407,noG,25,204800,25.0,0.0,1.8190345000000008,1.1366503744108487,1.1689483157057519,0.3440069576631399,1.4210854715202004e-14,0.0,0.0,0.0,0.0,2.2367004585395347,0.0,0.0,0.0,0.0,0.0,0.0,0.0,3.0,1.0,0.0
Hard-C8-H64-Trajectory,407,noG,30,245760,30.0,0.0,2.207941400000003,1.1294693978274417,1.1287995513240088,0.3360103383503582,2.1316282072803006e-14,0.08,0.0,0.0,0.0,2.1730237487125406,0.0,0.0,0.0,0.0,-0.03177105549089172,-0.031877548982421455,-0.00010649349152973275,3.0,1.0,0.0
Hard-C8-H64-Trajectory,407,GDA,0,0,0.0,0.0,9.699999999668307e-06,1.0745076391773216,1.3641997019393177,0.3631889119861014,2.1316282072803006e-14,0.0,0.0,0.0,0.0,nan,nan,0.0,0.0,0.0,nan,nan,nan,0.0,0.0,0.0
Hard-C8-H64-Trajectory,407,GDA,5,40960,5.0,0.0,0.18315540000000397,1.0730198642553856,1.3667988125839579,0.36417117302724533,1.4210854715202004e-14,0.01,0.0,0.0,0.0,1.6802283213750313,0.0,0.0,0.0,0.0,nan,nan,nan,0.0,1.0,0.0
Hard-C8-H64-Trajectory,407,GDA,10,81920,10.0,0.0,0.3630960999999999,1.0788338216284952,1.3553115015155373,0.36308360838322173,2.1316282072803006e-14,0.01,0.0,0.0,0.0,1.9542215800361773,0.0,0.0,0.0,0.0,nan,nan,nan,0.0,1.0,0.0
Hard-C8-H64-Trajectory,407,GDA,15,122880,15.0,0.0,0.5398109000000062,1.0890431686185522,1.3390213228696104,0.36462992102184466,2.1316282072803006e-14,0.01,0.0,0.0,0.0,2.092520503620185,0.0,0.0,0.0,0.0,nan,nan,nan,0.0,1.0,0.0
Hard-C8-H64-Trajectory,407,GDA,20,163840,20.0,0.0,0.7246876000000029,1.0855015238295427,1.3396871785750268,0.3677956859215581,2.1316282072803006e-14,0.01,0.0,0.0,0.0,2.0730413686145623,0.0,0.0,0.0,0.0,nan,nan,nan,0.0,1.0,0.0
Hard-C8-H64-Trajectory,407,GDA,25,204800,25.0,0.0,0.9247204000000053,1.0889429830685695,1.3406676943916138,0.37020816567747417,1.4210854715202004e-14,0.01,0.0,0.0,0.0,2.1141292037388557,0.0,0.0,0.0,0.0,nan,nan,nan,0.0,1.0,0.0
Hard-C8-H64-Trajectory,407,GDA,30,245760,30.0,0.0,1.1134408000000064,1.0974246571791426,1.3271865853081557,0.3706751588657699,2.1316282072803006e-14,0.01,0.0,0.0,0.0,1.7554143332068453,0.0,0.0,0.0,0.0,nan,nan,nan,0.0,1.0,0.0
Hard-C8-H64-Trajectory,407,EGM,0,0,0.0,0.0,7.999999994012796e-06,1.0745076391773216,1.3641997019393177,0.3631889119861014,2.1316282072803006e-14,0.0,0.0,0.0,0.0,nan,nan,0.0,0.0,0.0,nan,nan,nan,0.0,0.0,0.0
Hard-C8-H64-Trajectory,407,EGM,5,40960,10.0,0.0,0.19376669999999763,1.0726825743748998,1.3672627779152478,0.36424089450611097,2.1316282072803006e-14,0.01,0.0,0.0,0.0,1.683360417330113,0.0,0.0,0.0,0.0,nan,nan,nan,0.0,2.0,0.0
Hard-C8-H64-Trajectory,407,EGM,10,81920,20.0,0.0,0.3916691999999955,1.0785546755465227,1.3555096662211032,0.36306075966839824,1.4210854715202004e-14,0.01,0.0,0.0,0.0,1.9694463035862362,0.0,0.0,0.0,0.0,nan,nan,nan,0.0,2.0,0.0
Hard-C8-H64-Trajectory,407,EGM,15,122880,30.0,0.0,0.5849965999999966,1.0889199432927945,1.3384108086269395,0.36440530375056207,1.4210854715202004e-14,0.01,0.0,0.0,0.0,2.1011748040958187,0.0,0.0,0.0,0.0,nan,nan,nan,0.0,2.0,0.0
Hard-C8-H64-Trajectory,407,EGM,20,163840,40.0,0.0,0.7867961000000037,1.0853262587842014,1.3386967648458747,0.36759532972556175,1.4210854715202004e-14,0.01,0.0,0.0,0.0,2.057272850592423,0.0,0.0,0.0,0.0,nan,nan,nan,0.0,2.0,0.0
Hard-C8-H64-Trajectory,407,EGM,25,204800,50.0,0.0,0.9709232000000014,1.0886963215397543,1.3400368798874374,0.3702801761192415,2.1316282072803006e-14,0.01,0.0,0.0,0.0,2.111263082339908,0.0,0.0,0.0,0.0,nan,nan,nan,0.0,2.0,0.0
Hard-C8-H64-Trajectory,407,EGM,30,245760,60.0,0.0,1.1628795999999966,1.097253115829645,1.326722211279516,0.37076282115009834,1.4210854715202004e-14,0.01,0.0,0.0,0.0,1.7450179072152678,0.0,0.0,0.0,0.0,nan,nan,nan,0.0,2.0,0.0
Hard-C8-H64-Trajectory,407,PPM-3,0,0,0.0,0.0,1.2700000013410317e-05,1.0745076391773216,1.3641997019393177,0.3631889119861014,2.1316282072803006e-14,0.0,0.0,0.0,0.0,nan,nan,0.0,0.0,0.0,nan,nan,nan,0.0,0.0,0.0
Hard-C8-H64-Trajectory,407,PPM-3,5,40960,15.0,0.0,0.21217910000000018,1.072666223885881,1.3672932724716607,0.3642867382288307,1.4210854715202004e-14,0.01,0.0,0.0,0.0,1.687655721303015,0.0,0.0,0.0,0.0,nan,nan,nan,0.0,3.0,0.0
Hard-C8-H64-Trajectory,407,PPM-3,10,81920,30.0,0.0,0.4215792000000107,1.0785262293142739,1.3556102315680896,0.36310486155826155,2.1316282072803006e-14,0.01,0.0,0.0,0.0,1.9742396604900714,0.0,0.0,0.0,0.0,nan,nan,nan,0.0,3.0,0.0
Hard-C8-H64-Trajectory,407,PPM-3,15,122880,45.0,0.0,0.6313130000000058,1.0889779427588941,1.3384919312361985,0.36444268701620475,2.1316282072803006e-14,0.01,0.0,0.0,0.0,2.0975173039017814,0.0,0.0,0.0,0.0,nan,nan,nan,0.0,3.0,0.0
Hard-C8-H64-Trajectory,407,PPM-3,20,163840,60.0,0.0,0.8506654000000111,1.0853511206165516,1.3389590875538397,0.36764633973694144,2.1316282072803006e-14,0.01,0.0,0.0,0.0,2.0628784595656473,0.0,0.0,0.0,0.0,nan,nan,nan,0.0,3.0,0.0
Hard-C8-H64-Trajectory,407,PPM-3,25,204800,75.0,0.0,1.064321200000009,1.0887037434109077,1.340283648778744,0.3703268660923367,2.842170943040401e-14,0.01,0.0,0.0,0.0,2.1113488368855897,0.0,0.0,0.0,0.0,nan,nan,nan,0.0,3.0,0.0
Hard-C8-H64-Trajectory,407,PPM-3,30,245760,90.0,0.0,1.2803118000000069,1.0973132027675407,1.3269617450385733,0.37096692654282937,2.1316282072803006e-14,0.01,0.0,0.0,0.0,1.740238701290479,0.0,0.0,0.0,0.0,nan,nan,nan,0.0,3.0,0.0
Hard-C8-H64-Trajectory,408,QP+G,0,0,0.0,0.0,5.900000004999129e-06,1.1084373047107778,1.1930175095483038,0.3521879520224364,2.1316282072803006e-14,0.0,0.0,0.0,0.0,nan,nan,0.0,0.0,0.0,nan,nan,nan,0.0,0.0,0.0
Hard-C8-H64-Trajectory,408,QP+G,5,40960,5.0,5.0,0.6043908000000044,1.1026984613124788,1.2062073687484685,0.34418620579045706,2.842170943040401e-14,0.08,0.0,4.90258226031067,0.23232442396307063,2.050251390075873,10.051526094163266,0.0,0.0,0.0,-0.008695704422692137,-0.007179051216870125,0.001516653205822012,5.0,1.0,1.0
Hard-C8-H64-Trajectory,408,QP+G,10,81920,10.0,10.0,1.2169475000000034,1.1049471593997184,1.1710305032169237,0.33705788929422476,1.4210854715202004e-14,0.08,0.0,5.0366319754169,-0.19936217926017127,2.252682911585629,11.34593478296742,0.0,1.0,0.0,-0.023445951864969613,-0.005708635414920504,0.01773731645004911,5.0,1.0,1.0
Hard-C8-H64-Trajectory,408,QP+G,15,122880,15.0,15.0,1.8411918000000043,1.1141055349411875,1.153239712433156,0.32989874270157843,2.1316282072803006e-14,0.0,0.0,4.4528978231967615,-0.23772841731936903,2.124890076822662,9.461918397616031,0.0,0.0,0.0,0.0,0.0,0.0,5.0,1.0,1.0
Hard-C8-H64-Trajectory,408,QP+G,20,163840,20.0,20.0,2.4818525999999963,1.0996654038143374,1.1853175932059483,0.3097769938518128,2.1316282072803006e-14,0.04333131475366304,0.0,5.357886843552535,0.12388180195824162,2.0125924557414643,10.783242640050279,0.0,0.0,0.0,-0.0034901596269972415,-0.0032974165297829927,0.0001927430972142488,5.0,1.0,1.0
Hard-C8-H64-Trajectory,408,QP+G,25,204800,25.0,25.0,3.0640460999999988,1.1111610890083141,1.146798805993873,0.3038966729281016,1.4210854715202004e-14,0.0,0.01868503852394518,4.281500404587269,0.27306797962674006,1.9699298921166144,8.43425563010584,1.0,0.0,0.0,-0.05136810789670947,-0.0515022764242854,-0.00013416852757593134,5.0,1.0,1.0
Hard-C8-H64-Trajectory,408,QP+G,30,245760,30.0,30.0,3.671255099999996,1.1142797293333748,1.0776922044242747,0.2891050658947921,1.4210854715202004e-14,0.08,0.0,4.551525214533795,0.12207578880560618,1.995768701731106,9.083791568306506,0.0,0.0,0.0,-0.031272315409199725,-0.03165892644349633,-0.00038661103429660226,5.0,1.0,1.0
Hard-C8-H64-Trajectory,408,noG,0,0,0.0,0.0,7.499999995275175e-06,1.1084373047107778,1.1930175095483038,0.3521879520224364,2.1316282072803006e-14,0.0,0.0,0.0,0.0,nan,nan,0.0,0.0,0.0,nan,nan,nan,0.0,0.0,0.0
Hard-C8-H64-Trajectory,408,noG,5,40960,5.0,0.0,0.3768898999999948,1.1026984613124788,1.2062073687484685,0.34418620579045706,2.842170943040401e-14,0.08,0.0,0.0,0.0,2.050251390075873,0.0,0.0,0.0,0.0,-0.008695704422692137,-0.007179051216870125,0.001516653205822012,3.0,1.0,0.0
Hard-C8-H64-Trajectory,408,noG,10,81920,10.0,0.0,0.7839924999999965,1.0962734517083108,1.1835340590677954,0.3361189093593995,2.1316282072803006e-14,0.08,0.0,0.0,0.0,2.333412563437111,0.0,0.0,0.0,0.0,-0.009762058288591932,-0.00955115943201612,0.0002108988565758113,3.0,1.0,0.0
Hard-C8-H64-Trajectory,408,noG,15,122880,15.0,0.0,1.1623134999999962,1.1091635656871726,1.1700767023357532,0.3354346060226573,1.7763568394002505e-14,0.0,0.0,0.0,0.0,2.1904918889292104,0.0,0.0,0.0,0.0,0.0,0.0,0.0,3.0,1.0,0.0
Hard-C8-H64-Trajectory,408,noG,20,163840,20.0,0.0,1.5836153999999993,1.1044732375049047,1.18552166533284,0.3187760562134409,2.1316282072803006e-14,0.009265972629767095,0.0,0.0,0.0,2.1242762565477267,0.0,0.0,0.0,0.0,-0.0002116503436045602,-0.00021173155870890525,-8.121510434506334e-08,3.0,1.0,0.0
Hard-C8-H64-Trajectory,408,noG,25,204800,25.0,0.0,2.0048117000000047,1.1043588346310742,1.1832001193223427,0.3190148843673985,2.1316282072803006e-14,0.0,0.0,0.0,0.0,2.067054919182326,0.0,0.0,0.0,0.0,0.0,0.0,0.0,3.0,1.0,0.0
Hard-C8-H64-Trajectory,408,noG,30,245760,30.0,0.0,2.391902799999997,1.102307141465916,1.1493344899247004,0.30790855702358905,2.1316282072803006e-14,0.08,0.0,0.0,0.0,2.1257707845573717,0.0,0.0,0.0,0.0,-0.03899576882750352,-0.04022385722377342,-0.001228088396269901,3.0,1.0,0.0
Hard-C8-H64-Trajectory,408,GDA,0,0,0.0,0.0,8.20000001056087e-06,1.1084373047107778,1.1930175095483038,0.3521879520224364,2.1316282072803006e-14,0.0,0.0,0.0,0.0,nan,nan,0.0,0.0,0.0,nan,nan,nan,0.0,0.0,0.0
Hard-C8-H64-Trajectory,408,GDA,5,40960,5.0,0.0,0.19464950000001124,1.1078752691818148,1.1995208994750015,0.3519877364298544,2.1316282072803006e-14,0.01,0.0,0.0,0.0,1.9847814782611723,0.0,0.0,0.0,0.0,nan,nan,nan,0.0,1.0,0.0
Hard-C8-H64-Trajectory,408,GDA,10,81920,10.0,0.0,0.38320760000000575,1.105666093208389,1.201271372365085,0.3519317243630118,1.4210854715202004e-14,0.01,0.0,0.0,0.0,2.2761029595851556,0.0,0.0,0.0,0.0,nan,nan,nan,0.0,1.0,0.0
Hard-C8-H64-Trajectory,408,GDA,15,122880,15.0,0.0,0.5695725000000067,1.1069957891991802,1.2023766005425376,0.35277381590082135,2.1316282072803006e-14,0.01,0.0,0.0,0.0,2.227537260074002,0.0,0.0,0.0,0.0,nan,nan,nan,0.0,1.0,0.0
Hard-C8-H64-Trajectory,408,GDA,20,163840,20.0,0.0,0.7702353000000102,1.1076806119432712,1.2029696583038818,0.3494446436969044,2.1316282072803006e-14,0.01,0.0,0.0,0.0,1.9063525128404764,0.0,0.0,0.0,0.0,nan,nan,nan,0.0,1.0,0.0
Hard-C8-H64-Trajectory,408,GDA,25,204800,25.0,0.0,0.9608864000000068,1.1080366974462565,1.2069449895110451,0.3519964069510211,2.1316282072803006e-14,0.01,0.0,0.0,0.0,1.974329994478146,0.0,0.0,0.0,0.0,nan,nan,nan,0.0,1.0,0.0
Hard-C8-H64-Trajectory,408,GDA,30,245760,30.0,0.0,1.155426200000008,1.1071193780068305,1.2006518634494838,0.3505606643961768,2.1316282072803006e-14,0.01,0.0,0.0,0.0,2.105120205341281,0.0,0.0,0.0,0.0,nan,nan,nan,0.0,1.0,0.0
Hard-C8-H64-Trajectory,408,EGM,0,0,0.0,0.0,9.400000010373333e-06,1.1084373047107778,1.1930175095483038,0.3521879520224364,2.1316282072803006e-14,0.0,0.0,0.0,0.0,nan,nan,0.0,0.0,0.0,nan,nan,nan,0.0,0.0,0.0
Hard-C8-H64-Trajectory,408,EGM,5,40960,10.0,0.0,0.20586130000000935,1.1078612152275737,1.1997280565287385,0.3520835640132196,2.1316282072803006e-14,0.01,0.0,0.0,0.0,1.9778424645095518,0.0,0.0,0.0,0.0,nan,nan,nan,0.0,2.0,0.0
Hard-C8-H64-Trajectory,408,EGM,10,81920,20.0,0.0,0.42566630000000316,1.10541230534235,1.2017002702637622,0.3519479271275471,2.1316282072803006e-14,0.01,0.0,0.0,0.0,2.27750356061054,0.0,0.0,0.0,0.0,nan,nan,nan,0.0,2.0,0.0
Hard-C8-H64-Trajectory,408,EGM,15,122880,30.0,0.0,0.6187291000000101,1.1068504853434014,1.2027204528652804,0.35274631238188686,2.1316282072803006e-14,0.01,0.0,0.0,0.0,2.229859965906377,0.0,0.0,0.0,0.0,nan,nan,nan,0.0,2.0,0.0
Hard-C8-H64-Trajectory,408,EGM,20,163840,40.0,0.0,0.8208105000000074,1.10769818210875,1.2032511913744526,0.3492568575839678,2.1316282072803006e-14,0.01,0.0,0.0,0.0,1.9079546745867226,0.0,0.0,0.0,0.0,nan,nan,nan,0.0,2.0,0.0
Hard-C8-H64-Trajectory,408,EGM,25,204800,50.0,0.0,1.0384260000000012,1.1080755892934215,1.20717920906959,0.3517986016474694,1.4210854715202004e-14,0.01,0.0,0.0,0.0,1.9738770338539904,0.0,0.0,0.0,0.0,nan,nan,nan,0.0,2.0,0.0
Hard-C8-H64-Trajectory,408,EGM,30,245760,60.0,0.0,1.2392743999999993,1.1071883105125204,1.2009151238200775,0.35049941672530815,2.1316282072803006e-14,0.01,0.0,0.0,0.0,2.117124008741472,0.0,0.0,0.0,0.0,nan,nan,nan,0.0,2.0,0.0
Hard-C8-H64-Trajectory,408,PPM-3,0,0,0.0,0.0,7.100000004811591e-06,1.1084373047107778,1.1930175095483038,0.3521879520224364,2.1316282072803006e-14,0.0,0.0,0.0,0.0,nan,nan,0.0,0.0,0.0,nan,nan,nan,0.0,0.0,0.0
Hard-C8-H64-Trajectory,408,PPM-3,5,40960,15.0,0.0,0.2329024000000004,1.1078642487140282,1.1997124022714236,0.3520742524666798,2.842170943040401e-14,0.01,0.0,0.0,0.0,1.9778618440885094,0.0,0.0,0.0,0.0,nan,nan,nan,0.0,3.0,0.0
Hard-C8-H64-Trajectory,408,PPM-3,10,81920,30.0,0.0,0.45372700000000066,1.105408475535615,1.2017523858897614,0.3519588157044599,2.1316282072803006e-14,0.01,0.0,0.0,0.0,2.2803770861568258,0.0,0.0,0.0,0.0,nan,nan,nan,0.0,3.0,0.0
Hard-C8-H64-Trajectory,408,PPM-3,15,122880,45.0,0.0,0.6946281999999968,1.1068506215599978,1.2027635011523574,0.35273762107071643,2.1316282072803006e-14,0.01,0.0,0.0,0.0,2.2366261392458266,0.0,0.0,0.0,0.0,nan,nan,nan,0.0,3.0,0.0
Hard-C8-H64-Trajectory,408,PPM-3,20,163840,60.0,0.0,0.9276331000000084,1.107701146570542,1.2033418209466777,0.34923643736282584,2.1316282072803006e-14,0.01,0.0,0.0,0.0,1.9071434554868654,0.0,0.0,0.0,0.0,nan,nan,nan,0.0,3.0,0.0
Hard-C8-H64-Trajectory,408,PPM-3,25,204800,75.0,0.0,1.164382500000002,1.108051256269036,1.2075390390247485,0.35178364507138304,1.4210854715202004e-14,0.01,0.0,0.0,0.0,1.978086147142312,0.0,0.0,0.0,0.0,nan,nan,nan,0.0,3.0,0.0
Hard-C8-H64-Trajectory,408,PPM-3,30,245760,90.0,0.0,1.4113722000000024,1.1071541221648857,1.2013322147369885,0.3504496214817067,2.1316282072803006e-14,0.01,0.0,0.0,0.0,2.1119394042056587,0.0,0.0,0.0,0.0,nan,nan,nan,0.0,3.0,0.0
Hard-C8-H64-Trajectory,409,QP+G,0,0,0.0,0.0,6.599999991863115e-06,1.0950683013077525,1.2742299436283022,0.377072168932153,2.842170943040401e-14,0.0,0.0,0.0,0.0,nan,nan,0.0,0.0,0.0,nan,nan,nan,0.0,0.0,0.0
Hard-C8-H64-Trajectory,409,QP+G,5,40960,5.0,5.0,0.6071050999999983,1.1240408535358262,1.2294814281540105,0.3725090500936554,2.1316282072803006e-14,0.013106370121825974,0.0,5.2904110948074905,0.13186108708106495,2.2062830413554053,11.67214428027225,0.0,0.0,0.0,-0.0004169600181082076,-0.0004202677250328968,-3.3077069246891704e-06,5.0,1.0,1.0
Hard-C8-H64-Trajectory,409,QP+G,10,81920,10.0,10.0,1.2057894999999945,1.12103648683073,1.177358523144607,0.3521315878508157,2.1316282072803006e-14,0.0,0.0,4.359661862013365,-0.4029224204659321,1.806159972583836,7.874246749168854,0.0,0.0,0.0,0.0,0.0,0.0,5.0,1.0,1.0
Hard-C8-H64-Trajectory,409,QP+G,15,122880,15.0,15.0,1.7699685999999986,1.1287946270587597,1.1417309787490568,0.34600598834187385,1.4210854715202004e-14,0.0,0.0,6.4853381541632995,0.17744968629471938,2.1958628552922503,14.240913156736795,0.0,0.0,0.0,0.0,0.0,0.0,5.0,1.0,1.0
Hard-C8-H64-Trajectory,409,QP+G,20,163840,20.0,20.0,2.3805904999999967,1.1352822963307312,1.0844005594525292,0.3393529382762707,2.1316282072803006e-14,0.0,0.0,6.703682035072412,-0.18255173145800185,1.8632919568549318,12.490916817263326,0.0,0.0,0.0,0.0,0.0,0.0,5.0,1.0,1.0
Hard-C8-H64-Trajectory,409,QP+G,25,204800,25.0,25.0,2.9654539,1.1336804736079702,1.0787641040098195,0.31915001106801116,2.1316282072803006e-14,0.0,0.0,5.6152368986912595,-0.08186355082856342,1.8932598040898931,10.631102310734553,0.0,1.0,0.0,-0.03256039487455886,0.0,0.03256039487455886,5.0,1.0,1.0
Hard-C8-H64-Trajectory,409,QP+G,30,245760,30.0,30.0,3.6360640999999987,1.1357581521618147,1.0213710152975701,0.2840886316217379,2.1316282072803006e-14,0.0,0.016674750136673074,4.79767308920897,-0.13565102277403165,1.8310945447230516,8.784993021015135,1.0,0.0,0.0,-0.06155931275463302,-0.06158583176874233,-2.6519014109306627e-05,5.0,1.0,1.0
Hard-C8-H64-Trajectory,409,noG,0,0,0.0,0.0,1.1299999997049781e-05,1.0950683013077525,1.2742299436283022,0.377072168932153,2.842170943040401e-14,0.0,0.0,0.0,0.0,nan,nan,0.0,0.0,0.0,nan,nan,nan,0.0,0.0,0.0
Hard-C8-H64-Trajectory,409,noG,5,40960,5.0,0.0,0.3993983999999955,1.1085418712235358,1.2393227160432008,0.376642305262717,2.1316282072803006e-14,0.004459317979950619,0.0,0.0,0.0,2.18129339567159,0.0,0.0,0.0,0.0,-3.536470342634691e-05,-3.5184682630973185e-05,1.8002079537372546e-07,3.0,1.0,0.0
Hard-C8-H64-Trajectory,409,noG,10,81920,10.0,0.0,0.809437200000005,1.0971376494182663,1.1998637882912906,0.36877466244586066,2.1316282072803006e-14,0.0,0.0,0.0,0.0,1.7975329072426882,0.0,0.0,0.0,0.0,0.0,0.0,0.0,3.0,1.0,0.0
Hard-C8-H64-Trajectory,409,noG,15,122880,15.0,0.0,1.1993039000000039,1.1123748069863244,1.1627650482502325,0.36572913073350155,2.1316282072803006e-14,0.0,0.0,0.0,0.0,2.0689021676879316,0.0,0.0,0.0,0.0,0.0,0.0,0.0,3.0,1.0,0.0
Hard-C8-H64-Trajectory,409,noG,20,163840,20.0,0.0,1.6090532000000053,1.1207434305952748,1.1459540318135384,0.36164788200885706,2.1316282072803006e-14,0.0,0.0,0.0,0.0,2.1370250199375587,0.0,0.0,0.0,0.0,0.0,0.0,0.0,3.0,1.0,0.0
Hard-C8-H64-Trajectory,409,noG,25,204800,25.0,0.0,2.0100994999999955,1.108941466819331,1.1399748893816546,0.3479024380719825,2.1316282072803006e-14,0.0,0.0,0.0,0.0,1.9403328832126154,0.0,0.0,0.0,0.0,0.0,0.0,0.0,3.0,1.0,0.0
Hard-C8-H64-Trajectory,409,noG,30,245760,30.0,0.0,2.3942155000000014,1.0864242485975417,1.127090771443354,0.3298849057556321,2.1316282072803006e-14,0.0,0.0,0.0,0.0,1.8476777221979004,0.0,0.0,0.0,0.0,0.0,0.0,0.0,3.0,1.0,0.0
Hard-C8-H64-Trajectory,409,GDA,0,0,0.0,0.0,1.0700000004248977e-05,1.0950683013077525,1.2742299436283022,0.377072168932153,2.842170943040401e-14,0.0,0.0,0.0,0.0,nan,nan,0.0,0.0,0.0,nan,nan,nan,0.0,0.0,0.0
Hard-C8-H64-Trajectory,409,GDA,5,40960,5.0,0.0,0.21001680000000533,1.094876687127311,1.2690154748068647,0.3781052338217257,2.1316282072803006e-14,0.01,0.0,0.0,0.0,2.2814829042424893,0.0,0.0,0.0,0.0,nan,nan,nan,0.0,1.0,0.0
Hard-C8-H64-Trajectory,409,GDA,10,81920,10.0,0.0,0.4050718999999958,1.0923793470166188,1.268756255210449,0.37955718611216005,2.1316282072803006e-14,0.01,0.0,0.0,0.0,1.8194924200580995,0.0,0.0,0.0,0.0,nan,nan,nan,0.0,1.0,0.0
Hard-C8-H64-Trajectory,409,GDA,15,122880,15.0,0.0,0.606878800000004,1.0937647311728114,1.2604912039842633,0.379821112987242,2.1316282072803006e-14,0.01,0.0,0.0,0.0,2.158459956337502,0.0,0.0,0.0,0.0,nan,nan,nan,0.0,1.0,0.0
Hard-C8-H64-Trajectory,409,GDA,20,163840,20.0,0.0,0.8164189000000022,1.0943434288793614,1.262481594746996,0.38401645137467333,2.1316282072803006e-14,0.01,0.0,0.0,0.0,2.1103823579245544,0.0,0.0,0.0,0.0,nan,nan,nan,0.0,1.0,0.0
Hard-C8-H64-Trajectory,409,GDA,25,204800,25.0,0.0,1.0301613999999972,1.094144397488377,1.2589698033071628,0.380908308218332,1.4210854715202004e-14,0.01,0.0,0.0,0.0,1.960977489834958,0.0,0.0,0.0,0.0,nan,nan,nan,0.0,1.0,0.0
Hard-C8-H64-Trajectory,409,GDA,30,245760,30.0,0.0,1.251150999999993,1.0917971184446593,1.2578633930628322,0.380651888624056,1.4210854715202004e-14,0.01,0.0,0.0,0.0,1.932418876056339,0.0,0.0,0.0,0.0,nan,nan,nan,0.0,1.0,0.0
Hard-C8-H64-Trajectory,409,EGM,0,0,0.0,0.0,9.800000000836917e-06,1.0950683013077525,1.2742299436283022,0.377072168932153,2.842170943040401e-14,0.0,0.0,0.0,0.0,nan,nan,0.0,0.0,0.0,nan,nan,nan,0.0,0.0,0.0
Hard-C8-H64-Trajectory,409,EGM,5,40960,10.0,0.0,0.23894760000000304,1.0949903601233775,1.2688047642893867,0.3780204676255926,2.1316282072803006e-14,0.01,0.0,0.0,0.0,2.280846956317439,0.0,0.0,0.0,0.0,nan,nan,nan,0.0,2.0,0.0
Hard-C8-H64-Trajectory,409,EGM,10,81920,20.0,0.0,0.47540349999999876,1.0926450132637164,1.2679585165899803,0.3794138682105574,2.842170943040401e-14,0.01,0.0,0.0,0.0,1.8220638007759071,0.0,0.0,0.0,0.0,nan,nan,nan,0.0,2.0,0.0
Hard-C8-H64-Trajectory,409,EGM,15,122880,30.0,0.0,0.7008016999999995,1.093794877994454,1.2599966817289556,0.37976303157733476,3.552713678800501e-14,0.01,0.0,0.0,0.0,2.1707277393267543,0.0,0.0,0.0,0.0,nan,nan,nan,0.0,2.0,0.0
Hard-C8-H64-Trajectory,409,EGM,20,163840,40.0,0.0,0.9516399999999976,1.0942873737391003,1.261859527255537,0.38395449110418906,1.4210854715202004e-14,0.01,0.0,0.0,0.0,2.0922642404993685,0.0,0.0,0.0,0.0,nan,nan,nan,0.0,2.0,0.0
Hard-C8-H64-Trajectory,409,EGM,25,204800,50.0,0.0,1.1780188999999979,1.0940274273753707,1.2585158291923828,0.38084396120146474,1.4210854715202004e-14,0.01,0.0,0.0,0.0,1.9673163507682092,0.0,0.0,0.0,0.0,nan,nan,nan,0.0,2.0,0.0
Hard-C8-H64-Trajectory,409,EGM,30,245760,60.0,0.0,1.4184419999999989,1.09178215848364,1.2573475052919807,0.3804585370291662,1.4210854715202004e-14,0.01,0.0,0.0,0.0,1.9484092750276156,0.0,0.0,0.0,0.0,nan,nan,nan,0.0,2.0,0.0
Hard-C8-H64-Trajectory,409,PPM-3,0,0,0.0,0.0,9.599999998499698e-06,1.0950683013077525,1.2742299436283022,0.377072168932153,2.842170943040401e-14,0.0,0.0,0.0,0.0,nan,nan,0.0,0.0,0.0,nan,nan,nan,0.0,0.0,0.0
Hard-C8-H64-Trajectory,409,PPM-3,5,40960,15.0,0.0,0.2400835999999913,1.094963614174135,1.268830429227274,0.3780395908649326,1.4210854715202004e-14,0.01,0.0,0.0,0.0,2.270867713813978,0.0,0.0,0.0,0.0,nan,nan,nan,0.0,3.0,0.0
Hard-C8-H64-Trajectory,409,PPM-3,10,81920,30.0,0.0,0.47698509999999317,1.092562610104983,1.268075033169017,0.37940664085279874,2.1316282072803006e-14,0.01,0.0,0.0,0.0,1.828009054689904,0.0,0.0,0.0,0.0,nan,nan,nan,0.0,3.0,0.0
Hard-C8-H64-Trajectory,409,PPM-3,15,122880,45.0,0.0,0.7185719999999947,1.0936641698962344,1.2603666585491027,0.3798665608745263,1.4210854715202004e-14,0.01,0.0,0.0,0.0,2.1728373566807315,0.0,0.0,0.0,0.0,nan,nan,nan,0.0,3.0,0.0
Hard-C8-H64-Trajectory,409,PPM-3,20,163840,60.0,0.0,0.9533660000000026,1.0941983717687331,1.2623233298177765,0.38408556072415306,1.4210854715202004e-14,0.01,0.0,0.0,0.0,2.085477322173061,0.0,0.0,0.0,0.0,nan,nan,nan,0.0,3.0,0.0
Hard-C8-H64-Trajectory,409,PPM-3,25,204800,75.0,0.0,1.195750199999992,1.0939650122968565,1.2591022248836075,0.3809652008854218,2.1316282072803006e-14,0.01,0.0,0.0,0.0,1.9611984374597506,0.0,0.0,0.0,0.0,nan,nan,nan,0.0,3.0,0.0
Hard-C8-H64-Trajectory,409,PPM-3,30,245760,90.0,0.0,1.4410633999999902,1.0917273648392622,1.257950123667139,0.38053581070577513,2.1316282072803006e-14,0.01,0.0,0.0,0.0,1.9348060021780396,0.0,0.0,0.0,0.0,nan,nan,nan,0.0,3.0,0.0
Hard-C8-H64-Trajectory,410,QP+G,0,0,0.0,0.0,5.700000002661909e-06,1.1095760573171964,1.3458900657414619,0.31998972659933617,2.1316282072803006e-14,0.0,0.0,0.0,0.0,nan,nan,0.0,0.0,0.0,nan,nan,nan,0.0,0.0,0.0
Hard-C8-H64-Trajectory,410,QP+G,5,40960,5.0,5.0,0.5820448000000056,1.1335983534654404,1.3071142657791548,0.3111212477333114,2.1316282072803006e-14,0.0,0.0,5.144756860700815,-0.12165069007893989,2.0983397016569056,10.795447576180266,0.0,1.0,0.0,-0.04992703052998874,0.0,0.04992703052998874,5.0,1.0,1.0
Hard-C8-H64-Trajectory,410,QP+G,10,81920,10.0,10.0,1.164309799999998,1.1417825384264273,1.2861009291529208,0.3091805088730519,2.842170943040401e-14,0.0,0.0,5.16963225169682,0.13666762829022253,1.8530695270107351,9.579687991471268,0.0,1.0,0.0,-0.008260424266808439,0.0,0.008260424266808439,5.0,1.0,1.0
Hard-C8-H64-Trajectory,410,QP+G,15,122880,15.0,15.0,1.7709377000000046,1.1413657327575397,1.2748735057453418,0.2953204313171523,1.4210854715202004e-14,0.0,0.001396985001632808,4.972361659272464,-0.2741366127611659,2.1526016105043064,10.703513715759772,1.0,0.0,0.0,-8.25035894213495e-05,-8.22386161543065e-05,2.649732670430044e-07,5.0,1.0,1.0
Hard-C8-H64-Trajectory,410,QP+G,20,163840,20.0,20.0,2.4087207999999976,1.1333980040967355,1.2686682754394956,0.27688045211113305,2.1316282072803006e-14,0.0,0.0,5.01786217032476,0.027853222571151495,2.0182435283141977,10.127267851230581,0.0,0.0,0.0,0.0,0.0,0.0,5.0,1.0,1.0
Hard-C8-H64-Trajectory,410,QP+G,25,204800,25.0,25.0,3.019204799999997,1.13479961462987,1.259839400170473,0.2706259295973013,2.1316282072803006e-14,0.0,0.0,4.253898611634389,-0.04358665054825622,1.8128672796932064,7.7117536041643415,0.0,0.0,0.0,0.0,0.0,0.0,5.0,1.0,1.0
Hard-C8-H64-Trajectory,410,QP+G,30,245760,30.0,30.0,3.6179118000000017,1.1454428858016146,1.228476440490631,0.25713203411137986,1.4210854715202004e-14,0.0,0.0,4.1034478852330425,0.005385259463866672,1.7651516200486892,7.243207682404473,0.0,1.0,0.0,-0.008615196539206012,0.0,0.008615196539206012,5.0,1.0,1.0
Hard-C8-H64-Trajectory,410,noG,0,0,0.0,0.0,1.100000000064938e-05,1.1095760573171964,1.3458900657414619,0.31998972659933617,2.1316282072803006e-14,0.0,0.0,0.0,0.0,nan,nan,0.0,0.0,0.0,nan,nan,nan,0.0,0.0,0.0
Hard-C8-H64-Trajectory,410,noG,5,40960,5.0,0.0,0.41744309999999984,1.1268704712669113,1.2957162017904775,0.31606241141984215,2.1316282072803006e-14,0.0,0.0,0.0,0.0,2.1041836463966734,0.0,0.0,0.0,0.0,0.0,0.0,0.0,3.0,1.0,0.0
Hard-C8-H64-Trajectory,410,noG,10,81920,10.0,0.0,0.8243247999999994,1.1360417933658657,1.287098194835816,0.3156365145012638,2.842170943040401e-14,0.0,0.0,0.0,0.0,1.8001992546245131,0.0,0.0,0.0,0.0,0.0,0.0,0.0,3.0,1.0,0.0
Hard-C8-H64-Trajectory,410,noG,15,122880,15.0,0.0,1.2289990999999958,1.1372596377719282,1.2795352731388456,0.3099784681007052,2.842170943040401e-14,0.0,0.0,0.0,0.0,1.9458504532810816,0.0,0.0,0.0,0.0,0.0,0.0,0.0,3.0,1.0,0.0
Hard-C8-H64-Trajectory,410,noG,20,163840,20.0,0.0,1.6489576000000028,1.1370349358336187,1.2679327494717192,0.2983552005962214,2.1316282072803006e-14,0.0,0.0,0.0,0.0,2.1801801418719418,0.0,0.0,0.0,0.0,0.0,0.0,0.0,3.0,1.0,0.0
Hard-C8-H64-Trajectory,410,noG,25,204800,25.0,0.0,2.0568858999999975,1.138762296154741,1.2600275999833577,0.294374033261076,2.842170943040401e-14,0.05480036936132153,0.0,0.0,0.0,1.9771162627218437,0.0,0.0,0.0,0.0,-0.005240593780965223,-0.005490384791854819,-0.0002497910108895957,3.0,1.0,0.0
Hard-C8-H64-Trajectory,410,noG,30,245760,30.0,0.0,2.4752453999999915,1.1376364295978496,1.246679275350963,0.29187722072657796,1.4210854715202004e-14,0.016796347498843064,0.0,0.0,0.0,2.3353329053808483,0.0,0.0,0.0,0.0,-0.0004995590387265857,-0.0005026555415050815,-3.0965027784957697e-06,3.0,1.0,0.0
Hard-C8-H64-Trajectory,410,GDA,0,0,0.0,0.0,9.500000004436515e-06,1.1095760573171964,1.3458900657414619,0.31998972659933617,2.1316282072803006e-14,0.0,0.0,0.0,0.0,nan,nan,0.0,0.0,0.0,nan,nan,nan,0.0,0.0,0.0
Hard-C8-H64-Trajectory,410,GDA,5,40960,5.0,0.0,0.2147391999999968,1.1099038365447695,1.3460095247822217,0.32134958642516687,2.1316282072803006e-14,0.01,0.0,0.0,0.0,2.124225778183636,0.0,0.0,0.0,0.0,nan,nan,nan,0.0,1.0,0.0
Hard-C8-H64-Trajectory,410,GDA,10,81920,10.0,0.0,0.44005599999999845,1.1113771678456255,1.3458965950080675,0.3235299477108091,2.842170943040401e-14,0.01,0.0,0.0,0.0,2.1139562660291142,0.0,0.0,0.0,0.0,nan,nan,nan,0.0,1.0,0.0
Hard-C8-H64-Trajectory,410,GDA,15,122880,15.0,0.0,0.6539393000000047,1.1118745130992689,1.349446993136297,0.3239433110478568,2.1316282072803006e-14,0.01,0.0,0.0,0.0,1.9100683832998502,0.0,0.0,0.0,0.0,nan,nan,nan,0.0,1.0,0.0
Hard-C8-H64-Trajectory,410,GDA,20,163840,20.0,0.0,0.8675340000000062,1.1115581129832963,1.3463100740922427,0.3240122688436184,1.4210854715202004e-14,0.01,0.0,0.0,0.0,2.122127100680516,0.0,0.0,0.0,0.0,nan,nan,nan,0.0,1.0,0.0
Hard-C8-H64-Trajectory,410,GDA,25,204800,25.0,0.0,1.1249509999999958,1.1117248656968015,1.3446065403378156,0.3251148087297238,1.4210854715202004e-14,0.01,0.0,0.0,0.0,1.9605760323337196,0.0,0.0,0.0,0.0,nan,nan,nan,0.0,1.0,0.0
Hard-C8-H64-Trajectory,410,GDA,30,245760,30.0,0.0,1.3731989000000056,1.1125181914516442,1.343177240195905,0.32411644343925766,2.842170943040401e-14,0.01,0.0,0.0,0.0,1.9980439182676606,0.0,0.0,0.0,0.0,nan,nan,nan,0.0,1.0,0.0
Hard-C8-H64-Trajectory,410,EGM,0,0,0.0,0.0,7.800000005886432e-06,1.1095760573171964,1.3458900657414619,0.31998972659933617,2.1316282072803006e-14,0.0,0.0,0.0,0.0,nan,nan,0.0,0.0,0.0,nan,nan,nan,0.0,0.0,0.0
Hard-C8-H64-Trajectory,410,EGM,5,40960,10.0,0.0,0.41645530000000974,1.110137129890845,1.3459491824823948,0.3213304310523923,2.1316282072803006e-14,0.01,0.0,0.0,0.0,2.114164842168633,0.0,0.0,0.0,0.0,nan,nan,nan,0.0,2.0,0.0
Hard-C8-H64-Trajectory,410,EGM,10,81920,20.0,0.0,0.6579197000000079,1.1115706112820654,1.3455271077361166,0.32348780006632083,1.4210854715202004e-14,0.01,0.0,0.0,0.0,2.127697790369973,0.0,0.0,0.0,0.0,nan,nan,nan,0.0,2.0,0.0
Hard-C8-H64-Trajectory,410,EGM,15,122880,30.0,0.0,0.9578498000000053,1.11204381171921,1.348758865100777,0.3238772370967625,1.4210854715202004e-14,0.01,0.0,0.0,0.0,1.905548777555243,0.0,0.0,0.0,0.0,nan,nan,nan,0.0,2.0,0.0
Hard-C8-H64-Trajectory,410,EGM,20,163840,40.0,0.0,1.2311241000000024,1.1116160689348755,1.3460982508196373,0.3241598216276222,1.4210854715202004e-14,0.01,0.0,0.0,0.0,2.1473940546398356,0.0,0.0,0.0,0.0,nan,nan,nan,0.0,2.0,0.0
Hard-C8-H64-Trajectory,410,EGM,25,204800,50.0,0.0,1.4915421999999978,1.1118201729008614,1.3445895078074237,0.32529306800682356,1.4210854715202004e-14,0.01,0.0,0.0,0.0,1.9410011629028603,0.0,0.0,0.0,0.0,nan,nan,nan,0.0,2.0,0.0
Hard-C8-H64-Trajectory,410,EGM,30,245760,60.0,0.0,1.7569243000000085,1.1125192234239751,1.343161582297371,0.32431178021664414,1.4210854715202004e-14,0.01,0.0,0.0,0.0,2.0292953064424846,0.0,0.0,0.0,0.0,nan,nan,nan,0.0,2.0,0.0
Hard-C8-H64-Trajectory,410,PPM-3,0,0,0.0,0.0,1.3600000002611523e-05,1.1095760573171964,1.3458900657414619,0.31998972659933617,2.1316282072803006e-14,0.0,0.0,0.0,0.0,nan,nan,0.0,0.0,0.0,nan,nan,nan,0.0,0.0,0.0
Hard-C8-H64-Trajectory,410,PPM-3,5,40960,15.0,0.0,0.2681407999999976,1.1101312037469375,1.3459293295370829,0.3213246378833124,2.842170943040401e-14,0.01,0.0,0.0,0.0,2.1141363559931285,0.0,0.0,0.0,0.0,nan,nan,nan,0.0,3.0,0.0
Hard-C8-H64-Trajectory,410,PPM-3,10,81920,30.0,0.0,0.5496334000000047,1.1115842997080023,1.345423602238187,0.32347068467291906,2.1316282072803006e-14,0.01,0.0,0.0,0.0,2.1264674415497886,0.0,0.0,0.0,0.0,nan,nan,nan,0.0,3.0,0.0
Hard-C8-H64-Trajectory,410,PPM-3,15,122880,45.0,0.0,0.8143407000000025,1.1120715050397982,1.3486857733902107,0.3238611201611835,1.7763568394002505e-14,0.01,0.0,0.0,0.0,1.9104292823655258,0.0,0.0,0.0,0.0,nan,nan,nan,0.0,3.0,0.0
Hard-C8-H64-Trajectory,410,PPM-3,20,163840,60.0,0.0,1.1018576999999965,1.1116507689556694,1.3461221906810543,0.3241337256867275,2.842170943040401e-14,0.01,0.0,0.0,0.0,2.1426664631149923,0.0,0.0,0.0,0.0,nan,nan,nan,0.0,3.0,0.0
Hard-C8-H64-Trajectory,410,PPM-3,25,204800,75.0,0.0,1.3736463999999984,1.111800876586474,1.3445873948645353,0.3252657278011757,1.4210854715202004e-14,0.01,0.0,0.0,0.0,1.946172483635857,0.0,0.0,0.0,0.0,nan,nan,nan,0.0,3.0,0.0
Hard-C8-H64-Trajectory,410,PPM-3,30,245760,90.0,0.0,1.6560465999999963,1.1124574929540822,1.3431840297492348,0.32424085392518903,2.1316282072803006e-14,0.01,0.0,0.0,0.0,2.0397180227874907,0.0,0.0,0.0,0.0,nan,nan,nan,0.0,3.0,0.0
Hard-C8-H64-Trajectory,411,QP+G,0,0,0.0,0.0,6.2000000013995304e-06,1.100005500987487,1.3834497957092702,0.37894706250467824,2.1316282072803006e-14,0.0,0.0,0.0,0.0,nan,nan,0.0,0.0,0.0,nan,nan,nan,0.0,0.0,0.0
Hard-C8-H64-Trajectory,411,QP+G,5,40960,5.0,5.0,0.684610400000011,1.1120116471034078,1.3106136271982451,0.35394342317525673,2.1316282072803006e-14,0.08,0.018137728167344314,4.4106957200976415,0.33357870083398067,1.9970648917291476,8.808445570707011,1.0,0.0,0.0,-0.0805327417483576,-0.08603097722216901,-0.005498235473811411,5.0,1.0,1.0
Hard-C8-H64-Trajectory,411,QP+G,10,81920,10.0,10.0,1.3904145000000057,1.1055527779024747,1.2883315977402634,0.35190708592461584,2.1316282072803006e-14,0.08,0.0,4.933827213303303,0.0007939663400672506,2.160944082498673,10.661724720658691,0.0,0.0,0.0,-0.012594032358418298,-0.012651268437296803,-5.723607887850486e-05,5.0,1.0,1.0
Hard-C8-H64-Trajectory,411,QP+G,15,122880,15.0,15.0,2.07455130000001,1.1144094210642346,1.285657402027253,0.3357273417002944,1.4210854715202004e-14,0.02433988491407063,0.0,4.798724216521257,-0.06056040901075574,1.9773307596560257,9.488665000433743,0.0,1.0,0.0,-0.001966101204813,-0.0009830257393765862,0.0009830754654364137,5.0,1.0,1.0
Hard-C8-H64-Trajectory,411,QP+G,20,163840,20.0,20.0,2.732993399999998,1.1100558112786636,1.2374392443448514,0.31918406492793966,2.1316282072803006e-14,0.0,0.014446217691721852,5.5377817022543265,-0.26482959137489426,2.0987137097045774,11.622218379872306,1.0,0.0,0.0,-0.012852223893206586,-0.01311245986268661,-0.0002602359694800233,5.0,1.0,1.0
Hard-C8-H64-Trajectory,411,QP+G,25,204800,25.0,25.0,3.3652105000000034,1.1145010520242993,1.2374037867092418,0.3107493384904282,1.4210854715202004e-14,0.0,0.0,4.9806362124951695,-0.01864469356476352,2.124718962423949,10.582452205623884,0.0,1.0,0.0,-0.02496985512869832,0.0,0.02496985512869832,5.0,1.0,1.0
Hard-C8-H64-Trajectory,411,QP+G,30,245760,30.0,30.0,4.035681400000001,1.1154475621300033,1.1872680270534868,0.29465981467021124,1.4210854715202004e-14,0.08,0.0,5.470112381905652,0.2063678887259806,2.1294514225609205,11.648338593217096,0.0,0.0,0.0,-0.018488175481061898,-0.01846304135306731,2.5134127994586725e-05,5.0,1.0,1.0
Hard-C8-H64-Trajectory,411,noG,0,0,0.0,0.0,9.300000002099296e-06,1.100005500987487,1.3834497957092702,0.37894706250467824,2.1316282072803006e-14,0.0,0.0,0.0,0.0,nan,nan,0.0,0.0,0.0,nan,nan,nan,0.0,0.0,0.0
Hard-C8-H64-Trajectory,411,noG,5,40960,5.0,0.0,0.41741729999999677,1.088290433187618,1.3627317300282291,0.3663899238744,2.1316282072803006e-14,0.08,0.0,0.0,0.0,1.9741311919076463,0.0,0.0,0.0,0.0,-0.03838350896892591,-0.03827749330940344,0.00010601565952246539,3.0,1.0,0.0
Hard-C8-H64-Trajectory,411,noG,10,81920,10.0,0.0,0.8544810000000069,1.0857564128105568,1.318025039370386,0.3593905308683336,2.1316282072803006e-14,0.08,0.0,0.0,0.0,2.074684950306231,0.0,0.0,0.0,0.0,-0.04139460513266158,-0.04162387938922185,-0.00022927425656027456,3.0,1.0,0.0
Hard-C8-H64-Trajectory,411,noG,15,122880,15.0,0.0,1.310699900000003,1.0857866353348244,1.3213079900072642,0.3576072515458763,2.1316282072803006e-14,0.027944465727000965,0.0,0.0,0.0,1.976626380331196,0.0,0.0,0.0,0.0,-0.0008553557441829416,-0.0008152861881023377,4.006955608060398e-05,3.0,1.0,0.0
Hard-C8-H64-Trajectory,411,noG,20,163840,20.0,0.0,1.7643355000000014,1.0785937580207807,1.3040748287863766,0.34464894582362826,1.4210854715202004e-14,0.0,0.0,0.0,0.0,2.02499079160617,0.0,0.0,0.0,0.0,0.0,0.0,0.0,3.0,1.0,0.0
Hard-C8-H64-Trajectory,411,noG,25,204800,25.0,0.0,2.2124504000000087,1.077922299707395,1.3197014101473719,0.33642337489447627,1.4210854715202004e-14,0.0,0.0,0.0,0.0,2.1068624980429784,0.0,0.0,0.0,0.0,0.0,0.0,0.0,3.0,1.0,0.0
Hard-C8-H64-Trajectory,411,noG,30,245760,30.0,0.0,2.662932800000007,1.0774400660702956,1.2651199052631998,0.3202626647261388,2.1316282072803006e-14,0.08,0.0,0.0,0.0,1.8884336562696857,0.0,0.0,0.0,0.0,-0.025197474687251892,-0.025215334919903576,-1.7860232651684127e-05,3.0,1.0,0.0
Hard-C8-H64-Trajectory,411,GDA,0,0,0.0,0.0,1.589999999396241e-05,1.100005500987487,1.3834497957092702,0.37894706250467824,2.1316282072803006e-14,0.0,0.0,0.0,0.0,nan,nan,0.0,0.0,0.0,nan,nan,nan,0.0,0.0,0.0
Hard-C8-H64-Trajectory,411,GDA,5,40960,5.0,0.0,0.2260962999999947,1.0959120861533775,1.3831434462334524,0.37866914419844594,2.1316282072803006e-14,0.01,0.0,0.0,0.0,1.8903163461534116,0.0,0.0,0.0,0.0,nan,nan,nan,0.0,1.0,0.0
Hard-C8-H64-Trajectory,411,GDA,10,81920,10.0,0.0,0.47429549999999665,1.095918041461642,1.3787565991775785,0.37973108013699197,1.4210854715202004e-14,0.01,0.0,0.0,0.0,2.1541579364922177,0.0,0.0,0.0,0.0,nan,nan,nan,0.0,1.0,0.0
Hard-C8-H64-Trajectory,411,GDA,15,122880,15.0,0.0,0.7099896000000001,1.0963999962335902,1.3816175372481032,0.3822344774841254,2.1316282072803006e-14,0.01,0.0,0.0,0.0,1.8639539331430126,0.0,0.0,0.0,0.0,nan,nan,nan,0.0,1.0,0.0
Hard-C8-H64-Trajectory,411,GDA,20,163840,20.0,0.0,0.9602926999999966,1.0959391466951471,1.3816064186022263,0.3825612742167325,2.1316282072803006e-14,0.01,0.0,0.0,0.0,1.9343438942874784,0.0,0.0,0.0,0.0,nan,nan,nan,0.0,1.0,0.0
Hard-C8-H64-Trajectory,411,GDA,25,204800,25.0,0.0,1.192937299999997,1.0956420838462546,1.3819453913812865,0.38278897813385865,2.842170943040401e-14,0.01,0.0,0.0,0.0,1.9956880002624307,0.0,0.0,0.0,0.0,nan,nan,nan,0.0,1.0,0.0
Hard-C8-H64-Trajectory,411,GDA,30,245760,30.0,0.0,1.4278508999999957,1.0957982600987395,1.3791052559683579,0.3811291919293534,1.4210854715202004e-14,0.01,0.0,0.0,0.0,1.824657941223358,0.0,0.0,0.0,0.0,nan,nan,nan,0.0,1.0,0.0
Hard-C8-H64-Trajectory,411,EGM,0,0,0.0,0.0,1.059999999597494e-05,1.100005500987487,1.3834497957092702,0.37894706250467824,2.1316282072803006e-14,0.0,0.0,0.0,0.0,nan,nan,0.0,0.0,0.0,nan,nan,nan,0.0,0.0,0.0
Hard-C8-H64-Trajectory,411,EGM,5,40960,10.0,0.0,0.25321459999999263,1.0960477355793266,1.3832862470358094,0.37863703057381276,2.842170943040401e-14,0.01,0.0,0.0,0.0,1.881609589830447,0.0,0.0,0.0,0.0,nan,nan,nan,0.0,2.0,0.0
Hard-C8-H64-Trajectory,411,EGM,10,81920,20.0,0.0,0.5096308999999906,1.0962381111109394,1.3789375829296147,0.37972294217380576,1.4210854715202004e-14,0.01,0.0,0.0,0.0,2.1564852203950085,0.0,0.0,0.0,0.0,nan,nan,nan,0.0,2.0,0.0
Hard-C8-H64-Trajectory,411,EGM,15,122880,30.0,0.0,0.7796761999999973,1.0965184449022294,1.3819740095938409,0.38237644648193053,2.1316282072803006e-14,0.01,0.0,0.0,0.0,1.860193687523518,0.0,0.0,0.0,0.0,nan,nan,nan,0.0,2.0,0.0
Hard-C8-H64-Trajectory,411,EGM,20,163840,40.0,0.0,1.040945999999991,1.0962663517684255,1.3814919970058517,0.38254164333154056,2.842170943040401e-14,0.01,0.0,0.0,0.0,1.9230801592096978,0.0,0.0,0.0,0.0,nan,nan,nan,0.0,2.0,0.0
Hard-C8-H64-Trajectory,411,EGM,25,204800,50.0,0.0,1.303022999999996,1.0959388007394597,1.3816601449293338,0.38262812748799413,2.1316282072803006e-14,0.01,0.0,0.0,0.0,1.9763516954078713,0.0,0.0,0.0,0.0,nan,nan,nan,0.0,2.0,0.0
Hard-C8-H64-Trajectory,411,EGM,30,245760,60.0,0.0,1.5557913999999897,1.0961196237812125,1.3788852180242295,0.38120440413713697,2.1316282072803006e-14,0.01,0.0,0.0,0.0,1.8533484583252104,0.0,0.0,0.0,0.0,nan,nan,nan,0.0,2.0,0.0
Hard-C8-H64-Trajectory,411,PPM-3,0,0,0.0,0.0,1.7099999993774873e-05,1.100005500987487,1.3834497957092702,0.37894706250467824,2.1316282072803006e-14,0.0,0.0,0.0,0.0,nan,nan,0.0,0.0,0.0,nan,nan,nan,0.0,0.0,0.0
Hard-C8-H64-Trajectory,411,PPM-3,5,40960,15.0,0.0,0.2694513999999941,1.096051770049675,1.3832661954935832,0.37863226277863415,2.1316282072803006e-14,0.01,0.0,0.0,0.0,1.881351873457088,0.0,0.0,0.0,0.0,nan,nan,nan,0.0,3.0,0.0
Hard-C8-H64-Trajectory,411,PPM-3,10,81920,30.0,0.0,0.5484976000000046,1.0962391255185142,1.3789078087429523,0.37972567485905623,2.1316282072803006e-14,0.01,0.0,0.0,0.0,2.1559707719551096,0.0,0.0,0.0,0.0,nan,nan,nan,0.0,3.0,0.0
Hard-C8-H64-Trajectory,411,PPM-3,15,122880,45.0,0.0,0.8080573999999956,1.0965228226016261,1.3818895904298043,0.38240147938613006,2.1316282072803006e-14,0.01,0.0,0.0,0.0,1.8678668848633253,0.0,0.0,0.0,0.0,nan,nan,nan,0.0,3.0,0.0
Hard-C8-H64-Trajectory,411,PPM-3,20,163840,60.0,0.0,1.0809782999999982,1.0962865187878625,1.3813744590018908,0.38270447247420997,2.1316282072803006e-14,0.01,0.0,0.0,0.0,1.9143302221602863,0.0,0.0,0.0,0.0,nan,nan,nan,0.0,3.0,0.0
Hard-C8-H64-Trajectory,411,PPM-3,25,204800,75.0,0.0,1.3414467000000059,1.0959550377751677,1.3815423607622785,0.3828561504415786,2.1316282072803006e-14,0.01,0.0,0.0,0.0,1.9820258503204997,0.0,0.0,0.0,0.0,nan,nan,nan,0.0,3.0,0.0
Hard-C8-H64-Trajectory,411,PPM-3,30,245760,90.0,0.0,1.6349758000000065,1.096095631110139,1.3786095037598602,0.38128864435926885,2.1316282072803006e-14,0.01,0.0,0.0,0.0,1.8640534591000621,0.0,0.0,0.0,0.0,nan,nan,nan,0.0,3.0,0.0
