config,channels,hidden_width,parameters_per_player,seed,method,step,cumulative_environment_transitions,cumulative_oracle_calls,cumulative_jvp_calls,wall_clock_seconds,robust_rate,hard_exploitability,field_norm,maximum_br_residual
Hard-C8-H64,8,64,1608,400,QP+G,0,0,0.0,0.0,3.1000000000336314e-06,1.1075008243464175,1.4154155460769398,0.4468140174474885,2.1316282072803006e-14
Hard-C8-H64,8,64,1608,400,QP+G,5,0,5.0,5.0,0.47286359999999994,1.1144617121850686,1.380242210688769,0.44402760499758936,2.842170943040401e-14
Hard-C8-H64,8,64,1608,400,QP+G,10,0,10.0,10.0,0.9659781000000001,1.116968373796717,1.3490124798923175,0.44109051930585025,2.1316282072803006e-14
Hard-C8-H64,8,64,1608,400,QP+G,15,0,15.0,15.0,1.3917279000000002,1.117007506681579,1.343167806590504,0.4404812458548084,2.1316282072803006e-14
Hard-C8-H64,8,64,1608,400,QP+G,20,0,20.0,20.0,1.8125350999999998,1.117007506681579,1.343167806590504,0.4404812458548084,2.1316282072803006e-14
Hard-C8-H64,8,64,1608,400,QP+G,25,0,25.0,25.0,2.2284129,1.117007506681579,1.343167806590504,0.4404812458548084,2.1316282072803006e-14
Hard-C8-H64,8,64,1608,400,QP+G,30,0,30.0,30.0,2.6421797000000002,1.117007506681579,1.343167806590504,0.4404812458548084,2.1316282072803006e-14
Hard-C8-H64,8,64,1608,400,noG,0,0,0.0,0.0,4.700000000745774e-06,1.1075008243464175,1.4154155460769398,0.4468140174474885,2.1316282072803006e-14
Hard-C8-H64,8,64,1608,400,noG,5,0,5.0,0.0,0.19671900000000075,1.1075008243464175,1.4154155460769398,0.4468140174474885,2.1316282072803006e-14
Hard-C8-H64,8,64,1608,400,noG,10,0,10.0,0.0,0.4089400000000003,1.1075008243464175,1.4154155460769398,0.4468140174474885,2.1316282072803006e-14
Hard-C8-H64,8,64,1608,400,noG,15,0,15.0,0.0,0.6069227000000001,1.1075008243464175,1.4154155460769398,0.4468140174474885,2.1316282072803006e-14
Hard-C8-H64,8,64,1608,400,noG,20,0,20.0,0.0,0.8177718,1.1075008243464175,1.4154155460769398,0.4468140174474885,2.1316282072803006e-14
Hard-C8-H64,8,64,1608,400,noG,25,0,25.0,0.0,1.0137154000000006,1.1075008243464175,1.4154155460769398,0.4468140174474885,2.1316282072803006e-14
Hard-C8-H64,8,64,1608,400,noG,30,0,30.0,0.0,1.2113175000000007,1.1075008243464175,1.4154155460769398,0.4468140174474885,2.1316282072803006e-14
Hard-C8-H64,8,64,1608,400,Minimax-PPO,0,0,0.0,0.0,4.200000000231796e-06,1.1075008243464175,1.4154155460769398,0.4468140174474885,2.1316282072803006e-14
Hard-C8-H64,8,64,1608,400,Minimax-PPO,5,0,30.0,0.0,0.03958899999999943,1.0524820007583013,1.3926768004308374,0.4179841947875555,2.1316282072803006e-14
Hard-C8-H64,8,64,1608,400,Minimax-PPO,10,0,60.0,0.0,0.09140999999999977,0.9958735535115993,1.3236225256492467,0.4036452463045963,2.1316282072803006e-14
Hard-C8-H64,8,64,1608,400,Minimax-PPO,15,0,90.0,0.0,0.12908589999999975,0.944466923542105,1.19417815140117,0.4018093238709461,1.4210854715202004e-14
Hard-C8-H64,8,64,1608,400,Minimax-PPO,20,0,120.0,0.0,0.16682880000000022,0.9167998470757458,1.076808068805827,0.38942043926196823,2.1316282072803006e-14
Hard-C8-H64,8,64,1608,400,Minimax-PPO,25,0,150.0,0.0,0.2044416,0.9148354496611716,0.9749327064934029,0.377045752692624,1.4210854715202004e-14
Hard-C8-H64,8,64,1608,400,Minimax-PPO,30,0,180.0,0.0,0.24222710000000003,0.9380813582378171,0.9303937750878566,0.3695078432440401,1.4210854715202004e-14
Hard-C8-H64,8,64,1608,400,GDA,0,0,0.0,0.0,4.9000000004184585e-06,1.1075008243464175,1.4154155460769398,0.4468140174474885,2.1316282072803006e-14
Hard-C8-H64,8,64,1608,400,GDA,5,0,5.0,0.0,0.018093300000000312,1.1062528331916575,1.4160410540564752,0.44793656957146777,2.1316282072803006e-14
Hard-C8-H64,8,64,1608,400,GDA,10,0,10.0,0.0,0.03575980000000012,1.1048651054040821,1.4166886886934704,0.4490029892636809,2.842170943040401e-14
Hard-C8-H64,8,64,1608,400,GDA,15,0,15.0,0.0,0.05307770000000023,1.1032362070632582,1.417457652823216,0.4500124131519794,2.1316282072803006e-14
Hard-C8-H64,8,64,1608,400,GDA,20,0,20.0,0.0,0.07140000000000057,1.1009575425009384,1.418754354408535,0.45096405890580177,2.842170943040401e-14
Hard-C8-H64,8,64,1608,400,GDA,25,0,25.0,0.0,0.08913759999999993,1.0984432884843023,1.4201624759908675,0.4518572385898906,2.1316282072803006e-14
Hard-C8-H64,8,64,1608,400,GDA,30,0,30.0,0.0,0.10629270000000002,1.095364720675394,1.4220086517990436,0.45269137183882113,2.1316282072803006e-14
Hard-C8-H64,8,64,1608,400,EGM,0,0,0.0,0.0,3.9999999996709334e-06,1.1075008243464175,1.4154155460769398,0.4468140174474885,2.1316282072803006e-14
Hard-C8-H64,8,64,1608,400,EGM,5,0,10.0,0.0,0.031713599999999786,1.106260452717259,1.4160097989989429,0.4479341811236141,2.1316282072803006e-14
Hard-C8-H64,8,64,1608,400,EGM,10,0,20.0,0.0,0.06453229999999976,1.1048802419139179,1.4166255898688624,0.44899798017153186,2.1316282072803006e-14
Hard-C8-H64,8,64,1608,400,EGM,15,0,30.0,0.0,0.09621010000000041,1.1032552004705716,1.4173656928889504,0.4500045393339935,1.4210854715202004e-14
Hard-C8-H64,8,64,1608,400,EGM,20,0,40.0,0.0,0.13170329999999986,1.100979021201822,1.4186342427230116,0.4509530660320558,2.1316282072803006e-14
Hard-C8-H64,8,64,1608,400,EGM,25,0,50.0,0.0,0.16366350000000018,1.0984696744662847,1.420011144840414,0.45184286375391913,2.1316282072803006e-14
Hard-C8-H64,8,64,1608,400,EGM,30,0,60.0,0.0,0.19460540000000037,1.0953889924498026,1.4218324947649577,0.4526733452263066,2.842170943040401e-14
Hard-C8-H64,8,64,1608,400,PPM-3,0,0,0.0,0.0,3.7000000006059963e-06,1.1075008243464175,1.4154155460769398,0.4468140174474885,2.1316282072803006e-14
Hard-C8-H64,8,64,1608,400,PPM-3,5,0,15.0,0.0,0.05920550000000002,1.106260472047638,1.4160097321533396,0.4479341713666883,2.1316282072803006e-14
Hard-C8-H64,8,64,1608,400,PPM-3,10,0,30.0,0.0,0.12987060000000028,1.104880278256734,1.4166254602420214,0.44899796059630365,2.1316282072803006e-14
Hard-C8-H64,8,64,1608,400,PPM-3,15,0,45.0,0.0,0.1889365000000005,1.103255253661914,1.417365502525187,0.4500045099328898,2.842170943040401e-14
Hard-C8-H64,8,64,1608,400,PPM-3,20,0,60.0,0.0,0.2492011999999999,1.1009790915735884,1.418633993301698,0.45095302684941896,2.1316282072803006e-14
Hard-C8-H64,8,64,1608,400,PPM-3,25,0,75.0,0.0,0.3087491,1.098469757591908,1.4200108429264096,0.45184281488303457,2.1316282072803006e-14
Hard-C8-H64,8,64,1608,400,PPM-3,30,0,90.0,0.0,0.36716320000000024,1.0953890937442443,1.4218321372039124,0.45267328680542085,2.842170943040401e-14
Hard-C8-H64,8,64,1608,401,QP+G,0,0,0.0,0.0,3.200000000092018e-06,1.1141493208398305,1.3985462194733116,0.3828041933973328,1.4210854715202004e-14
Hard-C8-H64,8,64,1608,401,QP+G,5,0,5.0,5.0,0.41289520000000035,1.1141493208398305,1.3985462194733116,0.3828041933973328,1.4210854715202004e-14
Hard-C8-H64,8,64,1608,401,QP+G,10,0,10.0,10.0,0.8142657,1.1141493208398305,1.3985462194733116,0.3828041933973328,1.4210854715202004e-14
Hard-C8-H64,8,64,1608,401,QP+G,15,0,15.0,15.0,1.2045690999999996,1.1141493208398305,1.3985462194733116,0.3828041933973328,1.4210854715202004e-14
Hard-C8-H64,8,64,1608,401,QP+G,20,0,20.0,20.0,1.5968451999999997,1.1141493208398305,1.3985462194733116,0.3828041933973328,1.4210854715202004e-14
Hard-C8-H64,8,64,1608,401,QP+G,25,0,25.0,25.0,2.0252966999999993,1.1141493208398305,1.3985462194733116,0.3828041933973328,1.4210854715202004e-14
Hard-C8-H64,8,64,1608,401,QP+G,30,0,30.0,30.0,2.5025415000000004,1.1141493208398305,1.3985462194733116,0.3828041933973328,1.4210854715202004e-14
Hard-C8-H64,8,64,1608,401,noG,0,0,0.0,0.0,5.099999999202964e-06,1.1141493208398305,1.3985462194733116,0.3828041933973328,1.4210854715202004e-14
Hard-C8-H64,8,64,1608,401,noG,5,0,5.0,0.0,0.19241129999999984,1.1141493208398305,1.3985462194733116,0.3828041933973328,1.4210854715202004e-14
Hard-C8-H64,8,64,1608,401,noG,10,0,10.0,0.0,0.39629789999999865,1.1141493208398305,1.3985462194733116,0.3828041933973328,1.4210854715202004e-14
Hard-C8-H64,8,64,1608,401,noG,15,0,15.0,0.0,0.5975301999999996,1.1141493208398305,1.3985462194733116,0.3828041933973328,1.4210854715202004e-14
Hard-C8-H64,8,64,1608,401,noG,20,0,20.0,0.0,0.7958590000000001,1.1141493208398305,1.3985462194733116,0.3828041933973328,1.4210854715202004e-14
Hard-C8-H64,8,64,1608,401,noG,25,0,25.0,0.0,0.9822464999999987,1.1141493208398305,1.3985462194733116,0.3828041933973328,1.4210854715202004e-14
Hard-C8-H64,8,64,1608,401,noG,30,0,30.0,0.0,1.1864974999999998,1.1141493208398305,1.3985462194733116,0.3828041933973328,1.4210854715202004e-14
Hard-C8-H64,8,64,1608,401,Minimax-PPO,0,0,0.0,0.0,4.999999999810711e-06,1.1141493208398305,1.3985462194733116,0.3828041933973328,1.4210854715202004e-14
Hard-C8-H64,8,64,1608,401,Minimax-PPO,5,0,30.0,0.0,0.04689090000000107,1.0599094327873073,1.2617711081501433,0.3671390146841421,1.4210854715202004e-14
Hard-C8-H64,8,64,1608,401,Minimax-PPO,10,0,60.0,0.0,0.09064530000000026,1.0174366907984718,1.0922300341987756,0.36571384203189555,2.842170943040401e-14
Hard-C8-H64,8,64,1608,401,Minimax-PPO,15,0,90.0,0.0,0.13637660000000018,1.0019944843588593,0.9892689777726993,0.3536372829652052,1.4210854715202004e-14
Hard-C8-H64,8,64,1608,401,Minimax-PPO,20,0,120.0,0.0,0.18434500000000043,1.0010095695172043,0.9075815252866513,0.32980459726196787,1.4210854715202004e-14
Hard-C8-H64,8,64,1608,401,Minimax-PPO,25,0,150.0,0.0,0.22363930000000032,1.021676350500449,0.8560968397590982,0.3168309305932031,2.1316282072803006e-14
Hard-C8-H64,8,64,1608,401,Minimax-PPO,30,0,180.0,0.0,0.2616688000000007,1.0179211054309047,0.8230206461868415,0.3222076258584271,1.4210854715202004e-14
Hard-C8-H64,8,64,1608,401,GDA,0,0,0.0,0.0,4.600000000465343e-06,1.1141493208398305,1.3985462194733116,0.3828041933973328,1.4210854715202004e-14
Hard-C8-H64,8,64,1608,401,GDA,5,0,5.0,0.0,0.019383899999999343,1.111867768648672,1.3981566274728836,0.38423032914042415,2.1316282072803006e-14
Hard-C8-H64,8,64,1608,401,GDA,10,0,10.0,0.0,0.0395114999999997,1.1094519942830974,1.3977829826242025,0.385642941475599,2.1316282072803006e-14
Hard-C8-H64,8,64,1608,401,GDA,15,0,15.0,0.0,0.06107130000000005,1.1070165398274034,1.3973086876765346,0.387042301003647,2.1316282072803006e-14
Hard-C8-H64,8,64,1608,401,GDA,20,0,20.0,0.0,0.08311639999999976,1.104527374070341,1.3967657175768804,0.3884286765208862,1.4210854715202004e-14
Hard-C8-H64,8,64,1608,401,GDA,25,0,25.0,0.0,0.10584989999999905,1.101862157909389,1.3962743549685166,0.38980232295105965,2.1316282072803006e-14
Hard-C8-H64,8,64,1608,401,GDA,30,0,30.0,0.0,0.13075749999999964,1.099207033599728,1.3956464020337325,0.3911634687198462,2.1316282072803006e-14
Hard-C8-H64,8,64,1608,401,EGM,0,0,0.0,0.0,9.800000000836917e-06,1.1141493208398305,1.3985462194733116,0.3828041933973328,1.4210854715202004e-14
Hard-C8-H64,8,64,1608,401,EGM,5,0,10.0,0.0,0.05175730000000023,1.1118677292728734,1.3981333092651225,0.3842267941428716,2.1316282072803006e-14
Hard-C8-H64,8,64,1608,401,EGM,10,0,20.0,0.0,0.09596160000000076,1.1094524385039917,1.3977352242453744,0.38563581246017553,2.1316282072803006e-14
Hard-C8-H64,8,64,1608,401,EGM,15,0,30.0,0.0,0.12806280000000037,1.1070178087162967,1.3972355508960772,0.3870315183691802,2.1316282072803006e-14
Hard-C8-H64,8,64,1608,401,EGM,20,0,40.0,0.0,0.16228920000000002,1.1045290287467096,1.3966670461846589,0.388414178129809,2.1316282072803006e-14
Hard-C8-H64,8,64,1608,401,EGM,25,0,50.0,0.0,0.19513800000000003,1.1018639461526845,1.3961498084554864,0.3897840419643073,2.1316282072803006e-14
Hard-C8-H64,8,64,1608,401,EGM,30,0,60.0,0.0,0.23248470000000054,1.09921039816683,1.3954939476346113,0.39114133123422246,2.842170943040401e-14
Hard-C8-H64,8,64,1608,401,PPM-3,0,0,0.0,0.0,6.100000000230921e-06,1.1141493208398305,1.3985462194733116,0.3828041933973328,1.4210854715202004e-14
Hard-C8-H64,8,64,1608,401,PPM-3,5,0,15.0,0.0,0.06952770000000008,1.1118677521338076,1.398133248617871,0.3842267875676377,2.1316282072803006e-14
Hard-C8-H64,8,64,1608,401,PPM-3,10,0,30.0,0.0,0.12591139999999967,1.1094524839768611,1.3977351043971435,0.38563579945005777,1.4210854715202004e-14
Hard-C8-H64,8,64,1608,401,PPM-3,15,0,45.0,0.0,0.18497219999999892,1.1070178765908718,1.397235373302761,0.3870314990204876,2.1316282072803006e-14
Hard-C8-H64,8,64,1608,401,PPM-3,20,0,60.0,0.0,0.24735010000000024,1.1045291209986554,1.3966668101669106,0.38841415248636085,2.1316282072803006e-14
Hard-C8-H64,8,64,1608,401,PPM-3,25,0,75.0,0.0,0.3095704999999995,1.1018640633159467,1.396149514829104,0.3897840100091427,2.1316282072803006e-14
Hard-C8-H64,8,64,1608,401,PPM-3,30,0,90.0,0.0,0.37337819999999944,1.0992105380192676,1.3954936000283178,0.3911412928815891,2.1316282072803006e-14
Hard-C8-H64,8,64,1608,402,QP+G,0,0,0.0,0.0,3.7000000006059963e-06,1.125987675930926,1.3140120373604132,0.39967668703292286,2.1316282072803006e-14
Hard-C8-H64,8,64,1608,402,QP+G,5,0,5.0,5.0,0.42033020000000043,1.125987675930926,1.3140120373604132,0.39967668703292286,2.1316282072803006e-14
Hard-C8-H64,8,64,1608,402,QP+G,10,0,10.0,10.0,0.8333013999999999,1.125987675930926,1.3140120373604132,0.39967668703292286,2.1316282072803006e-14
Hard-C8-H64,8,64,1608,402,QP+G,15,0,15.0,15.0,1.2531789,1.125987675930926,1.3140120373604132,0.39967668703292286,2.1316282072803006e-14
Hard-C8-H64,8,64,1608,402,QP+G,20,0,20.0,20.0,1.6920938000000003,1.125987675930926,1.3140120373604132,0.39967668703292286,2.1316282072803006e-14
Hard-C8-H64,8,64,1608,402,QP+G,25,0,25.0,25.0,2.1019892000000002,1.125987675930926,1.3140120373604132,0.39967668703292286,2.1316282072803006e-14
Hard-C8-H64,8,64,1608,402,QP+G,30,0,30.0,30.0,2.5260154000000004,1.125987675930926,1.3140120373604132,0.39967668703292286,2.1316282072803006e-14
Hard-C8-H64,8,64,1608,402,noG,0,0,0.0,0.0,4.600000000465343e-06,1.125987675930926,1.3140120373604132,0.39967668703292286,2.1316282072803006e-14
Hard-C8-H64,8,64,1608,402,noG,5,0,5.0,0.0,0.19530669999999972,1.125987675930926,1.3140120373604132,0.39967668703292286,2.1316282072803006e-14
Hard-C8-H64,8,64,1608,402,noG,10,0,10.0,0.0,0.3819749000000012,1.125987675930926,1.3140120373604132,0.39967668703292286,2.1316282072803006e-14
Hard-C8-H64,8,64,1608,402,noG,15,0,15.0,0.0,0.5667871000000009,1.125987675930926,1.3140120373604132,0.39967668703292286,2.1316282072803006e-14
Hard-C8-H64,8,64,1608,402,noG,20,0,20.0,0.0,0.7614812000000004,1.125987675930926,1.3140120373604132,0.39967668703292286,2.1316282072803006e-14
Hard-C8-H64,8,64,1608,402,noG,25,0,25.0,0.0,0.9609528000000012,1.125987675930926,1.3140120373604132,0.39967668703292286,2.1316282072803006e-14
Hard-C8-H64,8,64,1608,402,noG,30,0,30.0,0.0,1.1532929999999997,1.125987675930926,1.3140120373604132,0.39967668703292286,2.1316282072803006e-14
Hard-C8-H64,8,64,1608,402,Minimax-PPO,0,0,0.0,0.0,4.9000000004184585e-06,1.125987675930926,1.3140120373604132,0.39967668703292286,2.1316282072803006e-14
Hard-C8-H64,8,64,1608,402,Minimax-PPO,5,0,30.0,0.0,0.03676109999999966,1.0661056686254364,1.229386856934551,0.37031093135946425,1.4210854715202004e-14
Hard-C8-H64,8,64,1608,402,Minimax-PPO,10,0,60.0,0.0,0.07296060000000004,1.0193292329410863,1.1099035234234185,0.36089455774180956,2.1316282072803006e-14
Hard-C8-H64,8,64,1608,402,Minimax-PPO,15,0,90.0,0.0,0.10983680000000007,0.9854722191374604,0.9979067772443043,0.35445715409573214,1.4210854715202004e-14
Hard-C8-H64,8,64,1608,402,Minimax-PPO,20,0,120.0,0.0,0.15252590000000055,0.9886289691740279,0.9271715287005077,0.3405367791795752,1.4210854715202004e-14
Hard-C8-H64,8,64,1608,402,Minimax-PPO,25,0,150.0,0.0,0.1899102999999993,1.0317465490279452,0.7965456124593953,0.33984908543525316,2.1316282072803006e-14
Hard-C8-H64,8,64,1608,402,Minimax-PPO,30,0,180.0,0.0,0.2278203999999988,1.1086409113289117,0.7456891820177851,0.29494263541900473,2.1316282072803006e-14
Hard-C8-H64,8,64,1608,402,GDA,0,0,0.0,0.0,4.599999998688986e-06,1.125987675930926,1.3140120373604132,0.39967668703292286,2.1316282072803006e-14
Hard-C8-H64,8,64,1608,402,GDA,5,0,5.0,0.0,0.017466299999998824,1.123475092250899,1.314646699787748,0.4015027098190176,2.1316282072803006e-14
Hard-C8-H64,8,64,1608,402,GDA,10,0,10.0,0.0,0.035032699999998584,1.1206958246481464,1.315426403373859,0.4033101560452455,2.842170943040401e-14
Hard-C8-H64,8,64,1608,402,GDA,15,0,15.0,0.0,0.052661999999999765,1.117730971429019,1.3162679028342152,0.40509840374104616,2.1316282072803006e-14
Hard-C8-H64,8,64,1608,402,GDA,20,0,20.0,0.0,0.0706913999999994,1.1146687358884146,1.3170808889530012,0.40686675657952037,2.1316282072803006e-14
Hard-C8-H64,8,64,1608,402,GDA,25,0,25.0,0.0,0.0883087999999983,1.1115527603950461,1.3178196580392516,0.4086144019890885,2.842170943040401e-14
Hard-C8-H64,8,64,1608,402,GDA,30,0,30.0,0.0,0.10630649999999875,1.108318792555279,1.318546449519183,0.4103403641052553,2.1316282072803006e-14
Hard-C8-H64,8,64,1608,402,EGM,0,0,0.0,0.0,3.7000000006059963e-06,1.125987675930926,1.3140120373604132,0.39967668703292286,2.1316282072803006e-14
Hard-C8-H64,8,64,1608,402,EGM,5,0,10.0,0.0,0.03432279999999999,1.1234740510141696,1.3146230873510434,0.40150057248077303,2.1316282072803006e-14
Hard-C8-H64,8,64,1608,402,EGM,10,0,20.0,0.0,0.0713115000000002,1.1206941946229652,1.3153780130255113,0.40330592967376194,2.1316282072803006e-14
Hard-C8-H64,8,64,1608,402,EGM,15,0,30.0,0.0,0.10241270000000036,1.117727709714834,1.3161950740578132,0.40509213352010337,2.1316282072803006e-14
Hard-C8-H64,8,64,1608,402,EGM,20,0,40.0,0.0,0.13404859999999985,1.114665320683387,1.3169814507103514,0.4068584780938894,1.4210854715202004e-14
Hard-C8-H64,8,64,1608,402,EGM,25,0,50.0,0.0,0.16557459999999935,1.11154931889814,1.3176928019084633,0.4086041333597575,2.1316282072803006e-14
Hard-C8-H64,8,64,1608,402,EGM,30,0,60.0,0.0,0.19676839999999984,1.1083161234783299,1.318390708318088,0.4103280966934811,1.4210854715202004e-14
Hard-C8-H64,8,64,1608,402,PPM-3,0,0,0.0,0.0,3.300000001260628e-06,1.125987675930926,1.3140120373604132,0.39967668703292286,2.1316282072803006e-14
Hard-C8-H64,8,64,1608,402,PPM-3,5,0,15.0,0.0,0.060151000000001176,1.1234740721044094,1.3146230144729527,0.4015005735117384,2.1316282072803006e-14
Hard-C8-H64,8,64,1608,402,PPM-3,10,0,30.0,0.0,0.12731600000000043,1.1206942376746192,1.3153778677372208,0.4033059324997521,1.4210854715202004e-14
Hard-C8-H64,8,64,1608,402,PPM-3,15,0,45.0,0.0,0.19607419999999998,1.1177277733873332,1.3161948591360662,0.40509213885457385,2.1316282072803006e-14
Hard-C8-H64,8,64,1608,402,PPM-3,20,0,60.0,0.0,0.26229310000000083,1.1146654061237407,1.3169811665453601,0.406858486564833,2.842170943040401e-14
Hard-C8-H64,8,64,1608,402,PPM-3,25,0,75.0,0.0,0.32118170000000035,1.1115494280411922,1.3176924482087984,0.40860414547095764,2.1316282072803006e-14
Hard-C8-H64,8,64,1608,402,PPM-3,30,0,90.0,0.0,0.38243120000000097,1.108316255168666,1.3183902879953893,0.4103281127826016,2.1316282072803006e-14
Hard-C8-H64,8,64,1608,403,QP+G,0,0,0.0,0.0,3.5000000000451337e-06,1.0944320088664248,1.4526352108534462,0.43902543066903227,2.1316282072803006e-14
Hard-C8-H64,8,64,1608,403,QP+G,5,0,5.0,5.0,0.3857102000000001,1.0944320088664248,1.4526352108534462,0.43902543066903227,2.1316282072803006e-14
Hard-C8-H64,8,64,1608,403,QP+G,10,0,10.0,10.0,0.7748401000000023,1.0944320088664248,1.4526352108534462,0.43902543066903227,2.1316282072803006e-14
Hard-C8-H64,8,64,1608,403,QP+G,15,0,15.0,15.0,1.178961300000001,1.0944320088664248,1.4526352108534462,0.43902543066903227,2.1316282072803006e-14
Hard-C8-H64,8,64,1608,403,QP+G,20,0,20.0,20.0,1.5731044000000018,1.0944320088664248,1.4526352108534462,0.43902543066903227,2.1316282072803006e-14
Hard-C8-H64,8,64,1608,403,QP+G,25,0,25.0,25.0,1.9720666000000016,1.0944320088664248,1.4526352108534462,0.43902543066903227,2.1316282072803006e-14
Hard-C8-H64,8,64,1608,403,QP+G,30,0,30.0,30.0,2.351043100000002,1.0944320088664248,1.4526352108534462,0.43902543066903227,2.1316282072803006e-14
Hard-C8-H64,8,64,1608,403,noG,0,0,0.0,0.0,4.299999996959514e-06,1.0944320088664248,1.4526352108534462,0.43902543066903227,2.1316282072803006e-14
Hard-C8-H64,8,64,1608,403,noG,5,0,5.0,0.0,0.1909124999999996,1.0944320088664248,1.4526352108534462,0.43902543066903227,2.1316282072803006e-14
Hard-C8-H64,8,64,1608,403,noG,10,0,10.0,0.0,0.38201939999999723,1.0944320088664248,1.4526352108534462,0.43902543066903227,2.1316282072803006e-14
Hard-C8-H64,8,64,1608,403,noG,15,0,15.0,0.0,0.5748280000000001,1.0944320088664248,1.4526352108534462,0.43902543066903227,2.1316282072803006e-14
Hard-C8-H64,8,64,1608,403,noG,20,0,20.0,0.0,0.764674099999997,1.0944320088664248,1.4526352108534462,0.43902543066903227,2.1316282072803006e-14
Hard-C8-H64,8,64,1608,403,noG,25,0,25.0,0.0,0.9488778999999994,1.0944320088664248,1.4526352108534462,0.43902543066903227,2.1316282072803006e-14
Hard-C8-H64,8,64,1608,403,noG,30,0,30.0,0.0,1.1356548999999987,1.0944320088664248,1.4526352108534462,0.43902543066903227,2.1316282072803006e-14
Hard-C8-H64,8,64,1608,403,Minimax-PPO,0,0,0.0,0.0,4.400000001680837e-06,1.0944320088664248,1.4526352108534462,0.43902543066903227,2.1316282072803006e-14
Hard-C8-H64,8,64,1608,403,Minimax-PPO,5,0,30.0,0.0,0.046445500000000806,1.0296083909709866,1.35370039194431,0.4081261509504358,2.842170943040401e-14
Hard-C8-H64,8,64,1608,403,Minimax-PPO,10,0,60.0,0.0,0.09241090000000085,0.97505687404691,1.2123607015857747,0.3957873401869112,2.842170943040401e-14
Hard-C8-H64,8,64,1608,403,Minimax-PPO,15,0,90.0,0.0,0.1326747000000026,0.9513193633601285,1.04966351108189,0.39229963414256896,1.4210854715202004e-14
Hard-C8-H64,8,64,1608,403,Minimax-PPO,20,0,120.0,0.0,0.17098660000000265,0.9549297218078573,0.9179439501242003,0.3814148140510631,2.1316282072803006e-14
Hard-C8-H64,8,64,1608,403,Minimax-PPO,25,0,150.0,0.0,0.2094901,0.971793222780537,0.880635011836649,0.34461312776464853,2.1316282072803006e-14
Hard-C8-H64,8,64,1608,403,Minimax-PPO,30,0,180.0,0.0,0.2464689,1.027806546313371,0.851759617402239,0.28155787920514164,1.4210854715202004e-14
Hard-C8-H64,8,64,1608,403,GDA,0,0,0.0,0.0,4.300000000512227e-06,1.0944320088664248,1.4526352108534462,0.43902543066903227,2.1316282072803006e-14
Hard-C8-H64,8,64,1608,403,GDA,5,0,5.0,0.0,0.01778110000000055,1.0911162927886962,1.453847749484903,0.4407803990104295,2.842170943040401e-14
Hard-C8-H64,8,64,1608,403,GDA,10,0,10.0,0.0,0.03900369999999853,1.0877950797646392,1.4549180651937696,0.4424579097538136,2.1316282072803006e-14
Hard-C8-H64,8,64,1608,403,GDA,15,0,15.0,0.0,0.06497269999999844,1.0843970945632762,1.4559143925038274,0.44405579590744,2.842170943040401e-14
Hard-C8-H64,8,64,1608,403,GDA,20,0,20.0,0.0,0.08766490000000005,1.0808500757860704,1.4569060069970925,0.44557207974188884,2.1316282072803006e-14
Hard-C8-H64,8,64,1608,403,GDA,25,0,25.0,0.0,0.10502409999999784,1.0772778394544538,1.457766169919293,0.44700498425251567,2.1316282072803006e-14
Hard-C8-H64,8,64,1608,403,GDA,30,0,30.0,0.0,0.12329919999999817,1.0737265217508094,1.4584458940959726,0.4483529443585198,2.1316282072803006e-14
Hard-C8-H64,8,64,1608,403,EGM,0,0,0.0,0.0,3.800000001774606e-06,1.0944320088664248,1.4526352108534462,0.43902543066903227,2.1316282072803006e-14
Hard-C8-H64,8,64,1608,403,EGM,5,0,10.0,0.0,0.03179490000000129,1.0911146301682821,1.4538210051812235,0.44077512432659705,2.1316282072803006e-14
Hard-C8-H64,8,64,1608,403,EGM,10,0,20.0,0.0,0.06325860000000105,1.087792479762629,1.454863007304953,0.4424470609534479,2.1316282072803006e-14
Hard-C8-H64,8,64,1608,403,EGM,15,0,30.0,0.0,0.09407330000000158,1.0843939399968388,1.4558298137490697,0.4440390664447149,2.1316282072803006e-14
Hard-C8-H64,8,64,1608,403,EGM,20,0,40.0,0.0,0.13361970000000056,1.0808475747846902,1.4567898968389936,0.44554915549630053,2.1316282072803006e-14
Hard-C8-H64,8,64,1608,403,EGM,25,0,50.0,0.0,0.16556560000000076,1.077276339169636,1.4576174034600282,0.44697554301354075,2.1316282072803006e-14
Hard-C8-H64,8,64,1608,403,EGM,30,0,60.0,0.0,0.19724920000000168,1.0737266886112062,1.4582630545559134,0.44831665524701814,1.4210854715202004e-14
Hard-C8-H64,8,64,1608,403,PPM-3,0,0,0.0,0.0,4.600000000465343e-06,1.0944320088664248,1.4526352108534462,0.43902543066903227,2.1316282072803006e-14
Hard-C8-H64,8,64,1608,403,PPM-3,5,0,15.0,0.0,0.059465899999999294,1.0911146595071664,1.4538209240739377,0.4407751151199127,2.1316282072803006e-14
Hard-C8-H64,8,64,1608,403,PPM-3,10,0,30.0,0.0,0.11925229999999942,1.0877925402441326,1.4548628459643493,0.4424470426611411,2.1316282072803006e-14
Hard-C8-H64,8,64,1608,403,PPM-3,15,0,45.0,0.0,0.18570550000000097,1.084394033528982,1.4558295731305049,0.4440390391906305,2.1316282072803006e-14
Hard-C8-H64,8,64,1608,403,PPM-3,20,0,60.0,0.0,0.24949020000000033,1.0808477026391108,1.4567895787226797,0.4455491194045611,2.1316282072803006e-14
Hard-C8-H64,8,64,1608,403,PPM-3,25,0,75.0,0.0,0.30878739999999993,1.0772765007171545,1.4576170117175804,0.4469754982053717,2.1316282072803006e-14
Hard-C8-H64,8,64,1608,403,PPM-3,30,0,90.0,0.0,0.3712040999999999,1.0737268843000123,1.4582625921735868,0.4483166018369768,1.4210854715202004e-14
Hard-C8-H64,8,64,1608,404,QP+G,0,0,0.0,0.0,4.199999999343618e-06,1.141585503655514,1.273733493077508,0.3367396424907779,2.1316282072803006e-14
Hard-C8-H64,8,64,1608,404,QP+G,5,0,5.0,5.0,0.39245530000000173,1.141585503655514,1.273733493077508,0.3367396424907779,2.1316282072803006e-14
Hard-C8-H64,8,64,1608,404,QP+G,10,0,10.0,10.0,0.7732095000000001,1.141585503655514,1.273733493077508,0.3367396424907779,2.1316282072803006e-14
Hard-C8-H64,8,64,1608,404,QP+G,15,0,15.0,15.0,1.1442578000000019,1.141585503655514,1.273733493077508,0.3367396424907779,2.1316282072803006e-14
Hard-C8-H64,8,64,1608,404,QP+G,20,0,20.0,20.0,1.5115437000000007,1.141585503655514,1.273733493077508,0.3367396424907779,2.1316282072803006e-14
Hard-C8-H64,8,64,1608,404,QP+G,25,0,25.0,25.0,1.8992441000000007,1.141585503655514,1.273733493077508,0.3367396424907779,2.1316282072803006e-14
Hard-C8-H64,8,64,1608,404,QP+G,30,0,30.0,30.0,2.289798000000001,1.141585503655514,1.273733493077508,0.3367396424907779,2.1316282072803006e-14
Hard-C8-H64,8,64,1608,404,noG,0,0,0.0,0.0,3.899999999390502e-06,1.141585503655514,1.273733493077508,0.3367396424907779,2.1316282072803006e-14
Hard-C8-H64,8,64,1608,404,noG,5,0,5.0,0.0,0.18139599999999945,1.141585503655514,1.273733493077508,0.3367396424907779,2.1316282072803006e-14
Hard-C8-H64,8,64,1608,404,noG,10,0,10.0,0.0,0.3558464999999984,1.141585503655514,1.273733493077508,0.3367396424907779,2.1316282072803006e-14
Hard-C8-H64,8,64,1608,404,noG,15,0,15.0,0.0,0.5467104999999997,1.141585503655514,1.273733493077508,0.3367396424907779,2.1316282072803006e-14
Hard-C8-H64,8,64,1608,404,noG,20,0,20.0,0.0,0.7254778000000002,1.141585503655514,1.273733493077508,0.3367396424907779,2.1316282072803006e-14
Hard-C8-H64,8,64,1608,404,noG,25,0,25.0,0.0,0.9091032000000006,1.141585503655514,1.273733493077508,0.3367396424907779,2.1316282072803006e-14
Hard-C8-H64,8,64,1608,404,noG,30,0,30.0,0.0,1.1085831000000006,1.141585503655514,1.273733493077508,0.3367396424907779,2.1316282072803006e-14
Hard-C8-H64,8,64,1608,404,Minimax-PPO,0,0,0.0,0.0,5.099999999202964e-06,1.141585503655514,1.273733493077508,0.3367396424907779,2.1316282072803006e-14
Hard-C8-H64,8,64,1608,404,Minimax-PPO,5,0,30.0,0.0,0.03707809999999867,1.0889407957720592,1.1188520554063686,0.30175461546458954,1.4210854715202004e-14
Hard-C8-H64,8,64,1608,404,Minimax-PPO,10,0,60.0,0.0,0.07664019999999994,1.041215366097711,0.9669558681300923,0.2915716715542335,2.1316282072803006e-14
Hard-C8-H64,8,64,1608,404,Minimax-PPO,15,0,90.0,0.0,0.11442419999999842,1.0142462799333756,0.8255760107999388,0.2862582928559746,1.4210854715202004e-14
Hard-C8-H64,8,64,1608,404,Minimax-PPO,20,0,120.0,0.0,0.15257739999999842,1.0274713638357886,0.7647349781228385,0.25418944712890695,1.4210854715202004e-14
Hard-C8-H64,8,64,1608,404,Minimax-PPO,25,0,150.0,0.0,0.19030839999999927,1.0610250076602135,0.7695289042946452,0.2461505137561226,1.4210854715202004e-14
Hard-C8-H64,8,64,1608,404,Minimax-PPO,30,0,180.0,0.0,0.22964179999999956,1.0935565758243442,0.7689401594415386,0.2541892680733033,1.4210854715202004e-14
Hard-C8-H64,8,64,1608,404,GDA,0,0,0.0,0.0,4.499999999296733e-06,1.141585503655514,1.273733493077508,0.3367396424907779,2.1316282072803006e-14
Hard-C8-H64,8,64,1608,404,GDA,5,0,5.0,0.0,0.018341799999998187,1.1398597496149012,1.273220907516913,0.3374621186428235,2.1316282072803006e-14
Hard-C8-H64,8,64,1608,404,GDA,10,0,10.0,0.0,0.03608229999999679,1.1381207642079227,1.2726116796314304,0.33817200620030335,2.1316282072803006e-14
Hard-C8-H64,8,64,1608,404,GDA,15,0,15.0,0.0,0.05667180000000016,1.1363327553921725,1.271940604596818,0.3388689261914619,1.4210854715202004e-14
Hard-C8-H64,8,64,1608,404,GDA,20,0,20.0,0.0,0.07464809999999744,1.1344483511066965,1.2712541067859928,0.33955251662939934,2.1316282072803006e-14
Hard-C8-H64,8,64,1608,404,GDA,25,0,25.0,0.0,0.09258309999999881,1.1325129188986138,1.2705059212217131,0.3402224330708705,1.4210854715202004e-14
Hard-C8-H64,8,64,1608,404,GDA,30,0,30.0,0.0,0.11097739999999945,1.1302945180495267,1.2699271424733365,0.34087834894629687,2.842170943040401e-14
Hard-C8-H64,8,64,1608,404,EGM,0,0,0.0,0.0,4.9999999980343546e-06,1.141585503655514,1.273733493077508,0.3367396424907779,2.1316282072803006e-14
Hard-C8-H64,8,64,1608,404,EGM,5,0,10.0,0.0,0.032842500000000996,1.139858152135025,1.2732008898666514,0.3374568238887658,1.4210854715202004e-14
Hard-C8-H64,8,64,1608,404,EGM,10,0,20.0,0.0,0.06706609999999813,1.1381179407613102,1.27257097505807,0.33816129364191805,2.1316282072803006e-14
Hard-C8-H64,8,64,1608,404,EGM,15,0,30.0,0.0,0.10565580000000097,1.1363289132977854,1.2718787252653085,0.33885267567246735,1.4210854715202004e-14
Hard-C8-H64,8,64,1608,404,EGM,20,0,40.0,0.0,0.1375068999999982,1.1344435250400624,1.2711707550792017,0.3395306110878703,1.4210854715202004e-14
Hard-C8-H64,8,64,1608,404,EGM,25,0,50.0,0.0,0.16880979999999823,1.1325072207831257,1.2704007401507968,0.3401947586949906,2.1316282072803006e-14
Hard-C8-H64,8,64,1608,404,EGM,30,0,60.0,0.0,0.20212210000000042,1.1302882569149715,1.2697995960897315,0.34084479528512684,2.1316282072803006e-14
Hard-C8-H64,8,64,1608,404,PPM-3,0,0,0.0,0.0,4.300000000512227e-06,1.141585503655514,1.273733493077508,0.3367396424907779,2.1316282072803006e-14
Hard-C8-H64,8,64,1608,404,PPM-3,5,0,15.0,0.0,0.0581920000000018,1.1398581674420232,1.2732008559169206,0.3374568183303173,2.1316282072803006e-14
Hard-C8-H64,8,64,1608,404,PPM-3,10,0,30.0,0.0,0.11669900000000055,1.1381179719518828,1.2725709083414452,0.3381612827766476,2.1316282072803006e-14
Hard-C8-H64,8,64,1608,404,PPM-3,15,0,45.0,0.0,0.18387279999999961,1.1363289601181898,1.2718786278265093,0.33885265975835305,2.1316282072803006e-14
Hard-C8-H64,8,64,1608,404,PPM-3,20,0,60.0,0.0,0.244893900000001,1.1344435914084954,1.271170624819659,0.3395305903873871,2.1316282072803006e-14
Hard-C8-H64,8,64,1608,404,PPM-3,25,0,75.0,0.0,0.3109073000000002,1.132507312438526,1.27040057317683,0.34019473347320456,2.1316282072803006e-14
Hard-C8-H64,8,64,1608,404,PPM-3,30,0,90.0,0.0,0.3839998999999992,1.130288374512979,1.2697993936134564,0.340844765807737,2.842170943040401e-14
Hard-C8-H64,8,64,1608,405,QP+G,0,0,0.0,0.0,5.29999999798747e-06,1.1010135709443993,1.2956377171959526,0.3469088222502325,2.1316282072803006e-14
Hard-C8-H64,8,64,1608,405,QP+G,5,0,5.0,5.0,0.43617169999999916,1.1042739324035402,1.2756325626686182,0.340049762277444,2.1316282072803006e-14
Hard-C8-H64,8,64,1608,405,QP+G,10,0,10.0,10.0,0.8682087000000003,1.106745377820551,1.2568478832588905,0.3333376726042537,2.1316282072803006e-14
Hard-C8-H64,8,64,1608,405,QP+G,15,0,15.0,15.0,1.3127980999999984,1.1062152747486185,1.2388502375643229,0.32634061893449334,1.4210854715202004e-14
Hard-C8-H64,8,64,1608,405,QP+G,20,0,20.0,20.0,1.7427281000000008,1.1027510679993853,1.2203982238168263,0.31891934090116514,1.4210854715202004e-14
Hard-C8-H64,8,64,1608,405,QP+G,25,0,25.0,25.0,2.1709248999999993,1.099423615673735,1.2008856681317504,0.3115611281879378,1.4210854715202004e-14
Hard-C8-H64,8,64,1608,405,QP+G,30,0,30.0,30.0,2.5923830999999993,1.0976469175591257,1.1818676133852724,0.30474896179632366,2.1316282072803006e-14
Hard-C8-H64,8,64,1608,405,noG,0,0,0.0,0.0,6.30000000256814e-06,1.1010135709443993,1.2956377171959526,0.3469088222502325,2.1316282072803006e-14
Hard-C8-H64,8,64,1608,405,noG,5,0,5.0,0.0,0.19111480000000114,1.1010135709443993,1.2956377171959526,0.3469088222502325,2.1316282072803006e-14
Hard-C8-H64,8,64,1608,405,noG,10,0,10.0,0.0,0.3759439000000029,1.1010135709443993,1.2956377171959526,0.3469088222502325,2.1316282072803006e-14
Hard-C8-H64,8,64,1608,405,noG,15,0,15.0,0.0,0.5700473000000024,1.1010135709443993,1.2956377171959526,0.3469088222502325,2.1316282072803006e-14
Hard-C8-H64,8,64,1608,405,noG,20,0,20.0,0.0,0.7555424000000031,1.1010135709443993,1.2956377171959526,0.3469088222502325,2.1316282072803006e-14
Hard-C8-H64,8,64,1608,405,noG,25,0,25.0,0.0,0.9398485000000001,1.1010135709443993,1.2956377171959526,0.3469088222502325,2.1316282072803006e-14
Hard-C8-H64,8,64,1608,405,noG,30,0,30.0,0.0,1.1502459000000016,1.1010135709443993,1.2956377171959526,0.3469088222502325,2.1316282072803006e-14
Hard-C8-H64,8,64,1608,405,Minimax-PPO,0,0,0.0,0.0,4.9999999980343546e-06,1.1010135709443993,1.2956377171959526,0.3469088222502325,2.1316282072803006e-14
Hard-C8-H64,8,64,1608,405,Minimax-PPO,5,0,30.0,0.0,0.04012509999999736,1.0472245320846916,1.2425818638745854,0.31254219646375664,1.4210854715202004e-14
Hard-C8-H64,8,64,1608,405,Minimax-PPO,10,0,60.0,0.0,0.08129289999999756,0.9967740883432208,1.1453599538384773,0.31410807935412816,1.4210854715202004e-14
Hard-C8-H64,8,64,1608,405,Minimax-PPO,15,0,90.0,0.0,0.11807759999999945,0.9788240396160264,0.9903425831112191,0.33267403430757736,1.4210854715202004e-14
Hard-C8-H64,8,64,1608,405,Minimax-PPO,20,0,120.0,0.0,0.15738699999999994,0.9919510405974779,0.794390875961728,0.32959563224397664,1.4210854715202004e-14
Hard-C8-H64,8,64,1608,405,Minimax-PPO,25,0,150.0,0.0,0.19620609999999772,1.012596019421121,0.7483693333793917,0.28747755872805136,1.4210854715202004e-14
Hard-C8-H64,8,64,1608,405,Minimax-PPO,30,0,180.0,0.0,0.2519948999999997,1.018504780327184,0.8216169256148302,0.23471723356134613,2.1316282072803006e-14
Hard-C8-H64,8,64,1608,405,GDA,0,0,0.0,0.0,4.9000000004184585e-06,1.1010135709443993,1.2956377171959526,0.3469088222502325,2.1316282072803006e-14
Hard-C8-H64,8,64,1608,405,GDA,5,0,5.0,0.0,0.022265399999998436,1.0993102780320432,1.2960143512709887,0.3466485761265529,2.842170943040401e-14
Hard-C8-H64,8,64,1608,405,GDA,10,0,10.0,0.0,0.04186669999999992,1.0975865677579568,1.2963417374523893,0.3463753177939607,2.1316282072803006e-14
Hard-C8-H64,8,64,1608,405,GDA,15,0,15.0,0.0,0.05965699999999785,1.0958801599938317,1.296581597758113,0.3460900184689991,1.4210854715202004e-14
Hard-C8-H64,8,64,1608,405,GDA,20,0,20.0,0.0,0.07722779999999929,1.0941464234344327,1.2967780343332285,0.3457936261938692,2.842170943040401e-14
Hard-C8-H64,8,64,1608,405,GDA,25,0,25.0,0.0,0.09558099999999925,1.0923174863471206,1.2969984194585897,0.3454870647958589,2.1316282072803006e-14
Hard-C8-H64,8,64,1608,405,GDA,30,0,30.0,0.0,0.11345679999999803,1.0904750226856996,1.2971606101641702,0.3451712329992285,2.1316282072803006e-14
Hard-C8-H64,8,64,1608,405,EGM,0,0,0.0,0.0,5.999999999062311e-06,1.1010135709443993,1.2956377171959526,0.3469088222502325,2.1316282072803006e-14
Hard-C8-H64,8,64,1608,405,EGM,5,0,10.0,0.0,0.03154320000000155,1.0993134817141688,1.2959969769057922,0.3466428002208912,2.1316282072803006e-14
Hard-C8-H64,8,64,1608,405,EGM,10,0,20.0,0.0,0.06962779999999924,1.0975932000966067,1.2963065863080874,0.3463637153312387,2.1316282072803006e-14
Hard-C8-H64,8,64,1608,405,EGM,15,0,30.0,0.0,0.10167399999999915,1.0958898595667974,1.2965288643488981,0.34607254075541466,2.842170943040401e-14
Hard-C8-H64,8,64,1608,405,EGM,20,0,40.0,0.0,0.13356160000000017,1.094159240497733,1.2967075123118998,0.34577022668385704,2.1316282072803006e-14
Hard-C8-H64,8,64,1608,405,EGM,25,0,50.0,0.0,0.16534599999999955,1.0923340454519546,1.2969093392710105,0.3454576992859345,2.1316282072803006e-14
Hard-C8-H64,8,64,1608,405,EGM,30,0,60.0,0.0,0.19705499999999887,1.0904964012659182,1.2970517607179484,0.3451358598229973,2.1316282072803006e-14
Hard-C8-H64,8,64,1608,405,PPM-3,0,0,0.0,0.0,2.2900000001158105e-05,1.1010135709443993,1.2956377171959526,0.3469088222502325,2.1316282072803006e-14
Hard-C8-H64,8,64,1608,405,PPM-3,5,0,15.0,0.0,0.059607000000003296,1.0993134952650083,1.2959969526720705,0.3466427987188048,2.1316282072803006e-14
Hard-C8-H64,8,64,1608,405,PPM-3,10,0,30.0,0.0,0.1197336,1.097593227012031,1.2963065392201953,0.34636371260513665,2.1316282072803006e-14
Hard-C8-H64,8,64,1608,405,PPM-3,15,0,45.0,0.0,0.1844284000000016,1.0958898987587424,1.2965287967105794,0.346072537079783,1.4210854715202004e-14
Hard-C8-H64,8,64,1608,405,PPM-3,20,0,60.0,0.0,0.24325740000000096,1.09415929362663,1.2967074236991105,0.34577022232940063,2.1316282072803006e-14
Hard-C8-H64,8,64,1608,405,PPM-3,25,0,75.0,0.0,0.3028704000000033,1.0923341112965772,1.2969092321603124,0.34545769451935976,2.842170943040401e-14
Hard-C8-H64,8,64,1608,405,PPM-3,30,0,90.0,0.0,0.3623036000000006,1.090496480524818,1.2970516356832151,0.3451358549068006,2.1316282072803006e-14
Hard-C8-H64,8,64,1608,406,QP+G,0,0,0.0,0.0,3.5999999994373866e-06,1.0962293140944832,1.2726027010679448,0.4124791147127563,2.1316282072803006e-14
Hard-C8-H64,8,64,1608,406,QP+G,5,0,5.0,5.0,0.5129741999999986,1.079829695402632,1.2189239564525676,0.39945563870660267,2.1316282072803006e-14
Hard-C8-H64,8,64,1608,406,QP+G,10,0,10.0,10.0,0.9809325999999992,1.0667201175261751,1.1586552940433479,0.38321390989520127,2.842170943040401e-14
Hard-C8-H64,8,64,1608,406,QP+G,15,0,15.0,15.0,1.4307841000000003,1.0570837561842843,1.094144675282344,0.36475268684418544,2.842170943040401e-14
Hard-C8-H64,8,64,1608,406,QP+G,20,0,20.0,20.0,1.8686396999999992,1.0509723402801103,1.0291108881354354,0.34512057002472507,2.842170943040401e-14
Hard-C8-H64,8,64,1608,406,QP+G,25,0,25.0,25.0,2.3457924000000006,1.0479688392181599,0.9666320770557033,0.32528949094037635,1.4210854715202004e-14
Hard-C8-H64,8,64,1608,406,QP+G,30,0,30.0,30.0,2.810738699999998,1.04732744598219,0.908993831227441,0.3060760724428217,2.1316282072803006e-14
Hard-C8-H64,8,64,1608,406,noG,0,0,0.0,0.0,4.000000000559112e-06,1.0962293140944832,1.2726027010679448,0.4124791147127563,2.1316282072803006e-14
Hard-C8-H64,8,64,1608,406,noG,5,0,5.0,0.0,0.2034622000000006,1.076023426174584,1.2539665724783775,0.4080068560059972,2.1316282072803006e-14
Hard-C8-H64,8,64,1608,406,noG,10,0,10.0,0.0,0.41567230000000066,1.0564735794601237,1.2271950848831865,0.40374030393068755,2.1316282072803006e-14
Hard-C8-H64,8,64,1608,406,noG,15,0,15.0,0.0,0.6202665999999972,1.038542540733692,1.1915303556292687,0.3994832602236085,2.1316282072803006e-14
Hard-C8-H64,8,64,1608,406,noG,20,0,20.0,0.0,0.8185018000000035,1.0227009239320446,1.1473921565169714,0.3947221291355085,1.4210854715202004e-14
Hard-C8-H64,8,64,1608,406,noG,25,0,25.0,0.0,1.0212644000000033,1.0093459045853934,1.0962061991182455,0.38860143764223737,2.1316282072803006e-14
Hard-C8-H64,8,64,1608,406,noG,30,0,30.0,0.0,1.2270232000000014,0.9986476860392853,1.0401831056822144,0.3801165497602744,1.4210854715202004e-14
Hard-C8-H64,8,64,1608,406,Minimax-PPO,0,0,0.0,0.0,5.19999999681886e-06,1.0962293140944832,1.2726027010679448,0.4124791147127563,2.1316282072803006e-14
Hard-C8-H64,8,64,1608,406,Minimax-PPO,5,0,30.0,0.0,0.038007399999997915,1.0474339738024443,1.1061290605746517,0.36787504813668015,2.1316282072803006e-14
Hard-C8-H64,8,64,1608,406,Minimax-PPO,10,0,60.0,0.0,0.07578949999999907,1.0051080359450746,0.9492549227495262,0.34896576889715974,2.1316282072803006e-14
Hard-C8-H64,8,64,1608,406,Minimax-PPO,15,0,90.0,0.0,0.1144904000000011,0.9821107874576421,0.8646446313984889,0.3268568109267085,1.4210854715202004e-14
Hard-C8-H64,8,64,1608,406,Minimax-PPO,20,0,120.0,0.0,0.16011840000000177,0.9970395220853122,0.8017386967758452,0.2868393866928409,1.4210854715202004e-14
Hard-C8-H64,8,64,1608,406,Minimax-PPO,25,0,150.0,0.0,0.2025500999999963,1.0488600761584703,0.7808922655340118,0.2617883926285121,1.4210854715202004e-14
Hard-C8-H64,8,64,1608,406,Minimax-PPO,30,0,180.0,0.0,0.24465740000000125,1.0714229663723263,0.8192093766879622,0.269625098408982,1.4210854715202004e-14
Hard-C8-H64,8,64,1608,406,GDA,0,0,0.0,0.0,5.39999999915608e-06,1.0962293140944832,1.2726027010679448,0.4124791147127563,2.1316282072803006e-14
Hard-C8-H64,8,64,1608,406,GDA,5,0,5.0,0.0,0.018505699999998626,1.0936953849929059,1.27060596260139,0.41188875284932386,2.1316282072803006e-14
Hard-C8-H64,8,64,1608,406,GDA,10,0,10.0,0.0,0.03611040000000543,1.0911500883741438,1.2684768704256744,0.41129985668214586,2.1316282072803006e-14
Hard-C8-H64,8,64,1608,406,GDA,15,0,15.0,0.0,0.05442140000000251,1.0886152046213438,1.2662033314740313,0.41071281131571846,1.4210854715202004e-14
Hard-C8-H64,8,64,1608,406,GDA,20,0,20.0,0.0,0.07246560000000102,1.0860924568509804,1.2638630290661612,0.41012790903813523,2.842170943040401e-14
Hard-C8-H64,8,64,1608,406,GDA,25,0,25.0,0.0,0.09087500000000404,1.0835828902853466,1.261400260846416,0.40954535899047434,2.1316282072803006e-14
Hard-C8-H64,8,64,1608,406,GDA,30,0,30.0,0.0,0.1121350000000021,1.0810875558050146,1.2587859124257528,0.4089652949441234,2.1316282072803006e-14
Hard-C8-H64,8,64,1608,406,EGM,0,0,0.0,0.0,5.600000001493299e-06,1.0962293140944832,1.2726027010679448,0.4124791147127563,2.1316282072803006e-14
Hard-C8-H64,8,64,1608,406,EGM,5,0,10.0,0.0,0.03151210000000049,1.0936979373774882,1.2705755252511368,0.4118829088996058,2.1316282072803006e-14
Hard-C8-H64,8,64,1608,406,EGM,10,0,20.0,0.0,0.06379490000000487,1.0911555252137797,1.2684157221349497,0.4112878251590931,2.1316282072803006e-14
Hard-C8-H64,8,64,1608,406,EGM,15,0,30.0,0.0,0.09589060000000416,1.088623698167562,1.2661123500822704,0.410694252159062,2.842170943040401e-14
Hard-C8-H64,8,64,1608,406,EGM,20,0,40.0,0.0,0.12909340000000213,1.086104236669371,1.2637440790111802,0.4101024869749502,1.4210854715202004e-14
Hard-C8-H64,8,64,1608,406,EGM,25,0,50.0,0.0,0.1654936000000049,1.0835981883914914,1.2612512582384523,0.40951274452283676,2.842170943040401e-14
Hard-C8-H64,8,64,1608,406,EGM,30,0,60.0,0.0,0.1973473000000041,1.081106606173838,1.2586067837439243,0.40892516513231,2.842170943040401e-14
Hard-C8-H64,8,64,1608,406,PPM-3,0,0,0.0,0.0,4.199999999343618e-06,1.0962293140944832,1.2726027010679448,0.4124791147127563,2.1316282072803006e-14
Hard-C8-H64,8,64,1608,406,PPM-3,5,0,15.0,0.0,0.059471600000001956,1.0936979541704233,1.2705755269304988,0.4118829014228967,2.842170943040401e-14
Hard-C8-H64,8,64,1608,406,PPM-3,10,0,30.0,0.0,0.11876949999999908,1.0911555589535182,1.2684157276267531,0.41128781102670625,2.1316282072803006e-14
Hard-C8-H64,8,64,1608,406,PPM-3,15,0,45.0,0.0,0.1833488999999986,1.0886237491692379,1.2661123595300214,0.4106942321672919,2.1316282072803006e-14
Hard-C8-H64,8,64,1608,406,PPM-3,20,0,60.0,0.0,0.24317089999999553,1.0861043051360935,1.2637440908911728,0.4101024618943737,2.1316282072803006e-14
Hard-C8-H64,8,64,1608,406,PPM-3,25,0,75.0,0.0,0.3042766999999955,1.0835982744822115,1.2612512782939587,0.40951271509810083,2.842170943040401e-14
Hard-C8-H64,8,64,1608,406,PPM-3,30,0,90.0,0.0,0.3624452999999974,1.0811067100031133,1.2586068141787816,0.4089251320825979,2.1316282072803006e-14
Hard-C8-H64,8,64,1608,407,QP+G,0,0,0.0,0.0,3.7000000006059963e-06,1.0745076391773216,1.3641997019393177,0.3631889119861014,2.1316282072803006e-14
Hard-C8-H64,8,64,1608,407,QP+G,5,0,5.0,5.0,0.4545332000000002,1.1141840560980205,1.2954747213612727,0.3667081720731324,2.1316282072803006e-14
Hard-C8-H64,8,64,1608,407,QP+G,10,0,10.0,10.0,0.8828885,1.1218520269293755,1.2642894339699822,0.36307921193045795,2.1316282072803006e-14
Hard-C8-H64,8,64,1608,407,QP+G,15,0,15.0,15.0,1.3141180000000006,1.125063783097207,1.2380572812599175,0.35987865184897283,1.4210854715202004e-14
Hard-C8-H64,8,64,1608,407,QP+G,20,0,20.0,20.0,1.7222858000000016,1.1256570525939504,1.2194427637659362,0.35760831968080137,2.842170943040401e-14
Hard-C8-H64,8,64,1608,407,QP+G,25,0,25.0,25.0,2.098101200000002,1.1256570525939504,1.2194427637659362,0.35760831968080137,2.842170943040401e-14
Hard-C8-H64,8,64,1608,407,QP+G,30,0,30.0,30.0,2.5022275999999977,1.1256570525939504,1.2194427637659362,0.35760831968080137,2.842170943040401e-14
Hard-C8-H64,8,64,1608,407,noG,0,0,0.0,0.0,4.2999999934068e-06,1.0745076391773216,1.3641997019393177,0.3631889119861014,2.1316282072803006e-14
Hard-C8-H64,8,64,1608,407,noG,5,0,5.0,0.0,0.19608479999999417,1.1048111209004947,1.3264619952081054,0.37104117571335987,1.4210854715202004e-14
Hard-C8-H64,8,64,1608,407,noG,10,0,10.0,0.0,0.38381129999999786,1.109491292073504,1.3197199589813102,0.37244313511456456,1.4210854715202004e-14
Hard-C8-H64,8,64,1608,407,noG,15,0,15.0,0.0,0.5963378999999946,1.1095263423309383,1.3196673558936383,0.37245416135358883,2.1316282072803006e-14
Hard-C8-H64,8,64,1608,407,noG,20,0,20.0,0.0,0.778357899999996,1.109526635452526,1.3196669159185608,0.3724542535471348,2.842170943040401e-14
Hard-C8-H64,8,64,1608,407,noG,25,0,25.0,0.0,0.9615408999999957,1.1095266379048443,1.319666912237631,0.37245425431844503,2.1316282072803006e-14
Hard-C8-H64,8,64,1608,407,noG,30,0,30.0,0.0,1.150064999999998,1.1095266379254352,1.3196669122067266,0.3724542543249203,2.1316282072803006e-14
Hard-C8-H64,8,64,1608,407,Minimax-PPO,0,0,0.0,0.0,5.200000003924288e-06,1.0745076391773216,1.3641997019393177,0.3631889119861014,2.1316282072803006e-14
Hard-C8-H64,8,64,1608,407,Minimax-PPO,5,0,30.0,0.0,0.03660660000000604,1.1210393041127151,1.220519442317674,0.372645165110897,2.1316282072803006e-14
Hard-C8-H64,8,64,1608,407,Minimax-PPO,10,0,60.0,0.0,0.07534000000000418,1.074527020948658,1.1498595986304474,0.38161878239200137,2.1316282072803006e-14
Hard-C8-H64,8,64,1608,407,Minimax-PPO,15,0,90.0,0.0,0.11945380000000227,1.033375442668974,1.0025003414800777,0.3760321815903285,2.1316282072803006e-14
Hard-C8-H64,8,64,1608,407,Minimax-PPO,20,0,120.0,0.0,0.1601620000000068,0.9916603062754717,0.8579830885446379,0.368562873037001,1.4210854715202004e-14
Hard-C8-H64,8,64,1608,407,Minimax-PPO,25,0,150.0,0.0,0.19827090000000425,0.9537763157677451,0.8923853567975472,0.3361191418656958,1.4210854715202004e-14
Hard-C8-H64,8,64,1608,407,Minimax-PPO,30,0,180.0,0.0,0.2402314000000061,1.0072057942295498,0.9229687790637675,0.29679312173095734,1.4210854715202004e-14
Hard-C8-H64,8,64,1608,407,GDA,0,0,0.0,0.0,5.19999999681886e-06,1.0745076391773216,1.3641997019393177,0.3631889119861014,2.1316282072803006e-14
Hard-C8-H64,8,64,1608,407,GDA,5,0,5.0,0.0,0.021070699999995668,1.0790144114803837,1.3590150084208197,0.36417302967359927,2.1316282072803006e-14
Hard-C8-H64,8,64,1608,407,GDA,10,0,10.0,0.0,0.038717099999999505,1.0832570142940336,1.3540079843480224,0.3651515002900149,2.842170943040401e-14
Hard-C8-H64,8,64,1608,407,GDA,15,0,15.0,0.0,0.0563722999999996,1.087195561876377,1.3492163537155077,0.3661250553397325,2.842170943040401e-14
Hard-C8-H64,8,64,1608,407,GDA,20,0,20.0,0.0,0.07420969999999727,1.0909127985104323,1.3445552261844647,0.3670944898683163,2.842170943040401e-14
Hard-C8-H64,8,64,1608,407,GDA,25,0,25.0,0.0,0.10118259999999424,1.094694717664001,1.339736480980959,0.368060649202707,1.4210854715202004e-14
Hard-C8-H64,8,64,1608,407,GDA,30,0,30.0,0.0,0.12275269999999949,1.0983433245027086,1.334956007501503,0.3690244147507417,2.1316282072803006e-14
Hard-C8-H64,8,64,1608,407,EGM,0,0,0.0,0.0,3.900000002943216e-06,1.0745076391773216,1.3641997019393177,0.3631889119861014,2.1316282072803006e-14
Hard-C8-H64,8,64,1608,407,EGM,5,0,10.0,0.0,0.03306400000000309,1.0790278247744194,1.3589846482839953,0.36416990436671637,2.1316282072803006e-14
Hard-C8-H64,8,64,1608,407,EGM,10,0,20.0,0.0,0.0637408999999991,1.083281541087084,1.3539488980921002,0.3651451964808413,2.1316282072803006e-14
Hard-C8-H64,8,64,1608,407,EGM,15,0,30.0,0.0,0.09536570000000211,1.0872302988804385,1.3491287840994644,0.36611551091657335,2.1316282072803006e-14
Hard-C8-H64,8,64,1608,407,EGM,20,0,40.0,0.0,0.13096500000000333,1.0909574957451147,1.3444387689784767,0.3670816332485556,1.4210854715202004e-14
Hard-C8-H64,8,64,1608,407,EGM,25,0,50.0,0.0,0.1649434999999997,1.094751285856487,1.3395885786570632,0.36804439878859274,2.842170943040401e-14
Hard-C8-H64,8,64,1608,407,EGM,30,0,60.0,0.0,0.19688140000000232,1.0984084226470499,1.3347793627819868,0.369004678405003,2.1316282072803006e-14
Hard-C8-H64,8,64,1608,407,PPM-3,0,0,0.0,0.0,4.799999999249849e-06,1.0745076391773216,1.3641997019393177,0.3631889119861014,2.1316282072803006e-14
Hard-C8-H64,8,64,1608,407,PPM-3,5,0,15.0,0.0,0.06775629999999921,1.0790278303293324,1.3589845965064993,0.36416989700274105,2.1316282072803006e-14
Hard-C8-H64,8,64,1608,407,PPM-3,10,0,30.0,0.0,0.1444047000000026,1.0832815507749234,1.3539487968348896,0.365145180943441,2.842170943040401e-14
Hard-C8-H64,8,64,1608,407,PPM-3,15,0,45.0,0.0,0.20307490000000428,1.0872303105812433,1.3491286364651267,0.3661154864067673,1.4210854715202004e-14
Hard-C8-H64,8,64,1608,407,PPM-3,20,0,60.0,0.0,0.26277540000000243,1.090957509487815,1.3444385760280468,0.3670815989831489,2.842170943040401e-14
Hard-C8-H64,8,64,1608,407,PPM-3,25,0,75.0,0.0,0.32529089999999883,1.0947513017338606,1.3395883414952108,0.3680443540053303,1.4210854715202004e-14
Hard-C8-H64,8,64,1608,407,PPM-3,30,0,90.0,0.0,0.38629680000000377,1.098408439074871,1.3347790842976754,0.3690046223674746,1.4210854715202004e-14
Hard-C8-H64,8,64,1608,408,QP+G,0,0,0.0,0.0,3.399999997100167e-06,1.1084373047107778,1.1930175095483038,0.3521879520224364,2.1316282072803006e-14
Hard-C8-H64,8,64,1608,408,QP+G,5,0,5.0,5.0,0.4683454999999981,1.1130221353295315,1.1730853989838352,0.3467326668916413,1.4210854715202004e-14
Hard-C8-H64,8,64,1608,408,QP+G,10,0,10.0,10.0,0.9659957999999946,1.1168082130697983,1.154353018079117,0.3413339175059451,2.1316282072803006e-14
Hard-C8-H64,8,64,1608,408,QP+G,15,0,15.0,15.0,1.4480454999999992,1.1198469150572457,1.1368696545447536,0.33601067697229914,1.4210854715202004e-14
Hard-C8-H64,8,64,1608,408,QP+G,20,0,20.0,20.0,1.929355699999995,1.1214903607061961,1.120621834078261,0.3306111739481824,1.4210854715202004e-14
Hard-C8-H64,8,64,1608,408,QP+G,25,0,25.0,25.0,2.3871492999999973,1.1208787956059227,1.1053186350516282,0.32486686451100594,2.1316282072803006e-14
Hard-C8-H64,8,64,1608,408,QP+G,30,0,30.0,30.0,2.8496715999999935,1.1155925453270714,1.090203989448797,0.3180013740493861,1.4210854715202004e-14
Hard-C8-H64,8,64,1608,408,noG,0,0,0.0,0.0,3.7000000006059963e-06,1.1084373047107778,1.1930175095483038,0.3521879520224364,2.1316282072803006e-14
Hard-C8-H64,8,64,1608,408,noG,5,0,5.0,0.0,0.20929679999999706,1.1084373047107778,1.1930175095483038,0.3521879520224364,2.1316282072803006e-14
Hard-C8-H64,8,64,1608,408,noG,10,0,10.0,0.0,0.42679110000000264,1.1084373047107778,1.1930175095483038,0.3521879520224364,2.1316282072803006e-14
Hard-C8-H64,8,64,1608,408,noG,15,0,15.0,0.0,0.6347657000000027,1.1084373047107778,1.1930175095483038,0.3521879520224364,2.1316282072803006e-14
Hard-C8-H64,8,64,1608,408,noG,20,0,20.0,0.0,0.8454339999999974,1.1084373047107778,1.1930175095483038,0.3521879520224364,2.1316282072803006e-14
Hard-C8-H64,8,64,1608,408,noG,25,0,25.0,0.0,1.0507704999999987,1.1084373047107778,1.1930175095483038,0.3521879520224364,2.1316282072803006e-14
Hard-C8-H64,8,64,1608,408,noG,30,0,30.0,0.0,1.243714500000003,1.1084373047107778,1.1930175095483038,0.3521879520224364,2.1316282072803006e-14
Hard-C8-H64,8,64,1608,408,Minimax-PPO,0,0,0.0,0.0,5.000000001587068e-06,1.1084373047107778,1.1930175095483038,0.3521879520224364,2.1316282072803006e-14
Hard-C8-H64,8,64,1608,408,Minimax-PPO,5,0,30.0,0.0,0.03877539999999868,1.0843294670659107,1.1901063274369057,0.3143600968219881,2.1316282072803006e-14
Hard-C8-H64,8,64,1608,408,Minimax-PPO,10,0,60.0,0.0,0.08512740000000463,1.0453363369189221,1.1260708526915721,0.30783263556163254,2.1316282072803006e-14
Hard-C8-H64,8,64,1608,408,Minimax-PPO,15,0,90.0,0.0,0.12724289999999883,1.0058230498432865,1.0019960266424632,0.3247659776973254,2.1316282072803006e-14
Hard-C8-H64,8,64,1608,408,Minimax-PPO,20,0,120.0,0.0,0.17222770000000054,1.0094382481503845,0.8378381430543194,0.32649624332799215,1.4210854715202004e-14
Hard-C8-H64,8,64,1608,408,Minimax-PPO,25,0,150.0,0.0,0.21462559999999797,1.0245689116149028,0.7616577738918522,0.2912131424722086,1.4210854715202004e-14
Hard-C8-H64,8,64,1608,408,Minimax-PPO,30,0,180.0,0.0,0.2547053000000048,1.0787324842391957,0.756151507911905,0.2386602533284785,2.1316282072803006e-14
Hard-C8-H64,8,64,1608,408,GDA,0,0,0.0,0.0,4.599999996912629e-06,1.1084373047107778,1.1930175095483038,0.3521879520224364,2.1316282072803006e-14
Hard-C8-H64,8,64,1608,408,GDA,5,0,5.0,0.0,0.01741909999999791,1.1082149461422324,1.1935485683421811,0.35215334648435825,2.1316282072803006e-14
Hard-C8-H64,8,64,1608,408,GDA,10,0,10.0,0.0,0.03605269999999905,1.1078326071063032,1.1941745668793735,0.3520978274458785,2.1316282072803006e-14
Hard-C8-H64,8,64,1608,408,GDA,15,0,15.0,0.0,0.05386329999999617,1.1070548754021474,1.1951294736605385,0.3520221418473855,1.4210854715202004e-14
Hard-C8-H64,8,64,1608,408,GDA,20,0,20.0,0.0,0.0719945000000024,1.1061068644749439,1.1961867513426283,0.35192709249222354,2.1316282072803006e-14
Hard-C8-H64,8,64,1608,408,GDA,25,0,25.0,0.0,0.09073279999999784,1.1050940894934087,1.1972394819663952,0.35181353376416236,3.552713678800501e-14
Hard-C8-H64,8,64,1608,408,GDA,30,0,30.0,0.0,0.10869609999999597,1.1039481289013877,1.198355620137911,0.3516823669542117,1.4210854715202004e-14
Hard-C8-H64,8,64,1608,408,EGM,0,0,0.0,0.0,3.399999997100167e-06,1.1084373047107778,1.1930175095483038,0.3521879520224364,2.1316282072803006e-14
Hard-C8-H64,8,64,1608,408,EGM,5,0,10.0,0.0,0.031229600000003188,1.108218944790509,1.1935315237182949,0.35214874433956994,2.1316282072803006e-14
Hard-C8-H64,8,64,1608,408,EGM,10,0,20.0,0.0,0.06552630000000192,1.1078408349735562,1.1941398118523205,0.3520885392942581,2.1316282072803006e-14
Hard-C8-H64,8,64,1608,408,EGM,15,0,30.0,0.0,0.09707960000000071,1.1070665880256172,1.1950773253590148,0.35200808641826303,2.1316282072803006e-14
Hard-C8-H64,8,64,1608,408,EGM,20,0,40.0,0.0,0.12907229999999714,1.1061217048086323,1.1961171478389878,0.3519081908039755,2.1316282072803006e-14
Hard-C8-H64,8,64,1608,408,EGM,25,0,50.0,0.0,0.16237290000000115,1.1051132214933959,1.1971508491696992,0.35178970878070975,2.1316282072803006e-14
Hard-C8-H64,8,64,1608,408,EGM,30,0,60.0,0.0,0.2064635999999993,1.1039705721647524,1.1982488631427648,0.3516535432078423,2.1316282072803006e-14
Hard-C8-H64,8,64,1608,408,PPM-3,0,0,0.0,0.0,6.999999996537554e-06,1.1084373047107778,1.1930175095483038,0.3521879520224364,2.1316282072803006e-14
Hard-C8-H64,8,64,1608,408,PPM-3,5,0,15.0,0.0,0.06765819999999678,1.1082189524298247,1.193531486847093,0.35214874103162835,1.4210854715202004e-14
Hard-C8-H64,8,64,1608,408,PPM-3,10,0,30.0,0.0,0.1329053999999985,1.107840852767794,1.194139736576913,0.3520885328103598,1.4210854715202004e-14
Hard-C8-H64,8,64,1608,408,PPM-3,15,0,45.0,0.0,0.20205929999999483,1.1070666158884932,1.195077212794299,0.35200807688612756,2.842170943040401e-14
Hard-C8-H64,8,64,1608,408,PPM-3,20,0,60.0,0.0,0.2678547000000009,1.1061217429111043,1.196116998887628,0.35190817834523663,2.1316282072803006e-14
Hard-C8-H64,8,64,1608,408,PPM-3,25,0,75.0,0.0,0.32958719999999886,1.1051132683678329,1.1971506664169207,0.35178969350925743,2.1316282072803006e-14
Hard-C8-H64,8,64,1608,408,PPM-3,30,0,90.0,0.0,0.39280989999999605,1.1039706319454623,1.198248640977032,0.35165352522836396,2.842170943040401e-14
Hard-C8-H64,8,64,1608,409,QP+G,0,0,0.0,0.0,4.300000000512227e-06,1.0950683013077525,1.2742299436283022,0.377072168932153,2.842170943040401e-14
Hard-C8-H64,8,64,1608,409,QP+G,5,0,5.0,5.0,0.44799090000000064,1.1020691812594068,1.2449334512108199,0.3670939005155908,1.4210854715202004e-14
Hard-C8-H64,8,64,1608,409,QP+G,10,0,10.0,10.0,0.9114494999999962,1.107184134230682,1.2182005904787683,0.35758939568355563,1.4210854715202004e-14
Hard-C8-H64,8,64,1608,409,QP+G,15,0,15.0,15.0,1.3663476999999986,1.1110374617264855,1.1904163145290405,0.3486693585109023,1.4210854715202004e-14
Hard-C8-H64,8,64,1608,409,QP+G,20,0,20.0,20.0,1.8186174000000008,1.1125954979244486,1.1631809518246543,0.33963528843680674,2.1316282072803006e-14
Hard-C8-H64,8,64,1608,409,QP+G,25,0,25.0,25.0,2.2518934,1.1107854093945524,1.1366218956174152,0.33018034933056745,2.1316282072803006e-14
Hard-C8-H64,8,64,1608,409,QP+G,30,0,30.0,30.0,2.7081874,1.1030110938138105,1.106732659523273,0.3193368887817099,2.842170943040401e-14
Hard-C8-H64,8,64,1608,409,noG,0,0,0.0,0.0,4.39999999457541e-06,1.0950683013077525,1.2742299436283022,0.377072168932153,2.842170943040401e-14
Hard-C8-H64,8,64,1608,409,noG,5,0,5.0,0.0,0.19841309999999623,1.0950683013077525,1.2742299436283022,0.377072168932153,2.842170943040401e-14
Hard-C8-H64,8,64,1608,409,noG,10,0,10.0,0.0,0.3811740999999955,1.0950683013077525,1.2742299436283022,0.377072168932153,2.842170943040401e-14
Hard-C8-H64,8,64,1608,409,noG,15,0,15.0,0.0,0.5649230999999943,1.0950683013077525,1.2742299436283022,0.377072168932153,2.842170943040401e-14
Hard-C8-H64,8,64,1608,409,noG,20,0,20.0,0.0,0.7545019999999951,1.0950683013077525,1.2742299436283022,0.377072168932153,2.842170943040401e-14
Hard-C8-H64,8,64,1608,409,noG,25,0,25.0,0.0,0.9576178999999954,1.0950683013077525,1.2742299436283022,0.377072168932153,2.842170943040401e-14
Hard-C8-H64,8,64,1608,409,noG,30,0,30.0,0.0,1.1556615000000008,1.0950683013077525,1.2742299436283022,0.377072168932153,2.842170943040401e-14
Hard-C8-H64,8,64,1608,409,Minimax-PPO,0,0,0.0,0.0,4.9000000004184585e-06,1.0950683013077525,1.2742299436283022,0.377072168932153,2.842170943040401e-14
Hard-C8-H64,8,64,1608,409,Minimax-PPO,5,0,30.0,0.0,0.037176500000001056,1.0709272966204175,1.1867176590953321,0.3394854868745363,1.4210854715202004e-14
Hard-C8-H64,8,64,1608,409,Minimax-PPO,10,0,60.0,0.0,0.07602070000000083,1.022977810900371,1.093586285003184,0.3267100044344896,2.1316282072803006e-14
Hard-C8-H64,8,64,1608,409,Minimax-PPO,15,0,90.0,0.0,0.11270559999999819,0.991812450321279,0.9788132330440921,0.3244425839329931,1.4210854715202004e-14
Hard-C8-H64,8,64,1608,409,Minimax-PPO,20,0,120.0,0.0,0.14959679999999764,1.008240700962237,0.8039182859634246,0.33229813610438624,1.7763568394002505e-14
Hard-C8-H64,8,64,1608,409,Minimax-PPO,25,0,150.0,0.0,0.18673700000000082,1.036300236939073,0.7747870354785042,0.2929149430668716,2.1316282072803006e-14
Hard-C8-H64,8,64,1608,409,Minimax-PPO,30,0,180.0,0.0,0.2233743999999973,1.020774443134756,0.8688020491865929,0.23465415957033467,2.1316282072803006e-14
Hard-C8-H64,8,64,1608,409,GDA,0,0,0.0,0.0,6.599999998968542e-06,1.0950683013077525,1.2742299436283022,0.377072168932153,2.842170943040401e-14
Hard-C8-H64,8,64,1608,409,GDA,5,0,5.0,0.0,0.018304000000000542,1.0951561444013103,1.2726577423438208,0.3773295379310558,2.1316282072803006e-14
Hard-C8-H64,8,64,1608,409,GDA,10,0,10.0,0.0,0.035668900000004555,1.0950230565975403,1.2712132680924553,0.37753737213948374,2.1316282072803006e-14
Hard-C8-H64,8,64,1608,409,GDA,15,0,15.0,0.0,0.05408240000000575,1.094738895741358,1.26982581955546,0.3776968550089087,2.1316282072803006e-14
Hard-C8-H64,8,64,1608,409,GDA,20,0,20.0,0.0,0.07155840000000069,1.094360369509546,1.268437928150869,0.37780933753741713,1.4210854715202004e-14
Hard-C8-H64,8,64,1608,409,GDA,25,0,25.0,0.0,0.09043730000000494,1.0939937283156156,1.2669426670284492,0.3778763245616906,2.1316282072803006e-14
Hard-C8-H64,8,64,1608,409,GDA,30,0,30.0,0.0,0.11094340000000358,1.0934449755380333,1.2655334426078868,0.3778994595267444,1.4210854715202004e-14
Hard-C8-H64,8,64,1608,409,EGM,0,0,0.0,0.0,4.199999999343618e-06,1.0950683013077525,1.2742299436283022,0.377072168932153,2.842170943040401e-14
Hard-C8-H64,8,64,1608,409,EGM,5,0,10.0,0.0,0.031371899999996344,1.0951623035348685,1.2726325935298473,0.3773210047290139,2.1316282072803006e-14
Hard-C8-H64,8,64,1608,409,EGM,10,0,20.0,0.0,0.06338629999999768,1.0950353592550213,1.2711627418228517,0.37752013329768513,2.1316282072803006e-14
Hard-C8-H64,8,64,1608,409,EGM,15,0,30.0,0.0,0.09486929999999916,1.0947569909919164,1.269750048946272,0.37767075515634846,1.4210854715202004e-14
Hard-C8-H64,8,64,1608,409,EGM,20,0,40.0,0.0,0.1261098999999959,1.0943852340775468,1.268335745537301,0.3777742378411498,1.7763568394002505e-14
Hard-C8-H64,8,64,1608,409,EGM,25,0,50.0,0.0,0.15798609999999513,1.0940259438269948,1.2668133270996902,0.3778321020475233,1.4210854715202004e-14
Hard-C8-H64,8,64,1608,409,EGM,30,0,60.0,0.0,0.19252569999999736,1.0934830834235365,1.2653782678257421,0.37784600627514786,2.842170943040401e-14
Hard-C8-H64,8,64,1608,409,PPM-3,0,0,0.0,0.0,5.000000001587068e-06,1.0950683013077525,1.2742299436283022,0.377072168932153,2.842170943040401e-14
Hard-C8-H64,8,64,1608,409,PPM-3,5,0,15.0,0.0,0.05977589999999822,1.0951623240429953,1.272632561375425,0.3773209988391097,2.1316282072803006e-14
Hard-C8-H64,8,64,1608,409,PPM-3,10,0,30.0,0.0,0.11749389999999948,1.0950353999663163,1.271162680105947,0.3775201224665948,2.1316282072803006e-14
Hard-C8-H64,8,64,1608,409,PPM-3,15,0,45.0,0.0,0.18696119999999894,1.0947570510559104,1.2697499608195841,0.37767074031662196,2.1316282072803006e-14
Hard-C8-H64,8,64,1608,409,PPM-3,20,0,60.0,0.0,0.24787930000000102,1.094385312960442,1.2683356338458096,0.3777742199023943,2.1316282072803006e-14
Hard-C8-H64,8,64,1608,409,PPM-3,25,0,75.0,0.0,0.31006229999999846,1.0940260413615617,1.2668131943244334,0.3778320818902708,2.1316282072803006e-14
Hard-C8-H64,8,64,1608,409,PPM-3,30,0,90.0,0.0,0.37966420000000056,1.0934832014593971,1.2653781144271878,0.3778459847454649,2.1316282072803006e-14
Hard-C8-H64,8,64,1608,410,QP+G,0,0,0.0,0.0,3.1000000006997652e-06,1.1095760573171964,1.3458900657414619,0.31998972659933617,2.1316282072803006e-14
Hard-C8-H64,8,64,1608,410,QP+G,5,0,5.0,5.0,0.4531659000000019,1.1171739199399815,1.3229991873003113,0.3152391265437523,2.842170943040401e-14
Hard-C8-H64,8,64,1608,410,QP+G,10,0,10.0,10.0,1.0085785999999999,1.1238327695908505,1.3007666945754524,0.31061295020416596,2.1316282072803006e-14
Hard-C8-H64,8,64,1608,410,QP+G,15,0,15.0,15.0,1.5843709000000032,1.1295375680394955,1.2792295451839344,0.3060772238442737,1.4210854715202004e-14
Hard-C8-H64,8,64,1608,410,QP+G,20,0,20.0,20.0,2.1624655000000033,1.13366082158072,1.2590531778055707,0.3016122996403887,2.1316282072803006e-14
Hard-C8-H64,8,64,1608,410,QP+G,25,0,25.0,25.0,2.5965045000000018,1.1368206821800875,1.2396730458561767,0.29721529226804144,2.1316282072803006e-14
Hard-C8-H64,8,64,1608,410,QP+G,30,0,30.0,30.0,3.058558599999998,1.138549142530677,1.2216243231129165,0.2929000792948098,2.1316282072803006e-14
Hard-C8-H64,8,64,1608,410,noG,0,0,0.0,0.0,5.29999999798747e-06,1.1095760573171964,1.3458900657414619,0.31998972659933617,2.1316282072803006e-14
Hard-C8-H64,8,64,1608,410,noG,5,0,5.0,0.0,0.18078099999999608,1.1095760573171964,1.3458900657414619,0.31998972659933617,2.1316282072803006e-14
Hard-C8-H64,8,64,1608,410,noG,10,0,10.0,0.0,0.37280359999999746,1.1095760573171964,1.3458900657414619,0.31998972659933617,2.1316282072803006e-14
Hard-C8-H64,8,64,1608,410,noG,15,0,15.0,0.0,0.5709495999999987,1.1095760573171964,1.3458900657414619,0.31998972659933617,2.1316282072803006e-14
Hard-C8-H64,8,64,1608,410,noG,20,0,20.0,0.0,0.7669536999999949,1.1095760573171964,1.3458900657414619,0.31998972659933617,2.1316282072803006e-14
Hard-C8-H64,8,64,1608,410,noG,25,0,25.0,0.0,0.9624995999999939,1.1095760573171964,1.3458900657414619,0.31998972659933617,2.1316282072803006e-14
Hard-C8-H64,8,64,1608,410,noG,30,0,30.0,0.0,1.1570496000000006,1.1095760573171964,1.3458900657414619,0.31998972659933617,2.1316282072803006e-14
Hard-C8-H64,8,64,1608,410,Minimax-PPO,0,0,0.0,0.0,6.100000000230921e-06,1.1095760573171964,1.3458900657414619,0.31998972659933617,2.1316282072803006e-14
Hard-C8-H64,8,64,1608,410,Minimax-PPO,5,0,30.0,0.0,0.038310700000003806,1.0952138922870243,1.3461455672507554,0.311933442830863,2.1316282072803006e-14
Hard-C8-H64,8,64,1608,410,Minimax-PPO,10,0,60.0,0.0,0.07727249999999941,1.0571088069449213,1.2594643478202305,0.329649057212106,2.1316282072803006e-14
Hard-C8-H64,8,64,1608,410,Minimax-PPO,15,0,90.0,0.0,0.11657010000000412,1.0291886412945905,1.0738525601613296,0.3558299212368319,2.1316282072803006e-14
Hard-C8-H64,8,64,1608,410,Minimax-PPO,20,0,120.0,0.0,0.15689670000000433,1.0193806817921953,0.8845216133453184,0.36197176911643647,2.1316282072803006e-14
Hard-C8-H64,8,64,1608,410,Minimax-PPO,25,0,150.0,0.0,0.19669320000000567,1.0210492718814193,0.8120377465680686,0.3285518828977112,2.1316282072803006e-14
Hard-C8-H64,8,64,1608,410,Minimax-PPO,30,0,180.0,0.0,0.23501980000000344,1.0428707841897487,0.8011510047834798,0.28757993728668724,2.1316282072803006e-14
Hard-C8-H64,8,64,1608,410,GDA,0,0,0.0,0.0,5.200000003924288e-06,1.1095760573171964,1.3458900657414619,0.31998972659933617,2.1316282072803006e-14
Hard-C8-H64,8,64,1608,410,GDA,5,0,5.0,0.0,0.017509000000003994,1.1100708467844747,1.3456656873986328,0.3205686653510685,2.1316282072803006e-14
Hard-C8-H64,8,64,1608,410,GDA,10,0,10.0,0.0,0.03484420000000199,1.1102620159167158,1.3456828601961404,0.321152653541911,2.1316282072803006e-14
Hard-C8-H64,8,64,1608,410,GDA,15,0,15.0,0.0,0.05256740000000093,1.1101579421744037,1.345931924871229,0.3217424078713912,2.1316282072803006e-14
Hard-C8-H64,8,64,1608,410,GDA,20,0,20.0,0.0,0.06972439999999835,1.1099701709743286,1.3462000447895326,0.3223386278920823,1.4210854715202004e-14
Hard-C8-H64,8,64,1608,410,GDA,25,0,25.0,0.0,0.08720019999999806,1.1097496765404635,1.3464349452746673,0.3229419945952996,2.1316282072803006e-14
Hard-C8-H64,8,64,1608,410,GDA,30,0,30.0,0.0,0.10883390000000048,1.1094941255793673,1.346637650119875,0.32355316911892934,2.1316282072803006e-14
Hard-C8-H64,8,64,1608,410,EGM,0,0,0.0,0.0,4.799999999249849e-06,1.1095760573171964,1.3458900657414619,0.31998972659933617,2.1316282072803006e-14
Hard-C8-H64,8,64,1608,410,EGM,5,0,10.0,0.0,0.0324050999999983,1.110077362875927,1.3456463576885294,0.32056466407158246,2.1316282072803006e-14
Hard-C8-H64,8,64,1608,410,EGM,10,0,20.0,0.0,0.06323439999999891,1.1102749980032631,1.3456438473377288,0.3211446926927565,2.842170943040401e-14
Hard-C8-H64,8,64,1608,410,EGM,15,0,30.0,0.0,0.0954954999999984,1.110177597732581,1.345872615742688,0.32173052650596295,2.1316282072803006e-14
Hard-C8-H64,8,64,1608,410,EGM,20,0,40.0,0.0,0.1265800999999982,1.109996368039954,1.3461201636867266,0.3223228621784895,2.1316282072803006e-14
Hard-C8-H64,8,64,1608,410,EGM,25,0,50.0,0.0,0.1582751999999985,1.1097830007802694,1.346333496930689,0.3229223775970482,2.1316282072803006e-14
Hard-C8-H64,8,64,1608,410,EGM,30,0,60.0,0.0,0.20062779999999947,1.1095337064335036,1.346515093657136,0.32352973058360057,2.1316282072803006e-14
Hard-C8-H64,8,64,1608,410,PPM-3,0,0,0.0,0.0,4.500000002849447e-06,1.1095760573171964,1.3458900657414619,0.31998972659933617,2.1316282072803006e-14
Hard-C8-H64,8,64,1608,410,PPM-3,5,0,15.0,0.0,0.06225740000000002,1.1100773705051796,1.345646320986588,0.32056466400722705,2.842170943040401e-14
Hard-C8-H64,8,64,1608,410,PPM-3,10,0,30.0,0.0,0.12493820000000255,1.110275015338385,1.3456437720927608,0.3211446924577944,2.1316282072803006e-14
Hard-C8-H64,8,64,1608,410,PPM-3,15,0,45.0,0.0,0.19804669999999902,1.1101776238465015,1.3458725031369239,0.32173052597467633,2.842170943040401e-14
Hard-C8-H64,8,64,1608,410,PPM-3,20,0,60.0,0.0,0.25761900000000537,1.1099964025513276,1.3461200143767313,0.3223228612061581,2.842170943040401e-14
Hard-C8-H64,8,64,1608,410,PPM-3,25,0,75.0,0.0,0.3182961999999989,1.109783043070802,1.3463333118305056,0.32292237602045193,2.1316282072803006e-14
Hard-C8-H64,8,64,1608,410,PPM-3,30,0,90.0,0.0,0.3793289000000044,1.109533755572589,1.3465148740140684,0.3235297282215261,2.1316282072803006e-14
Hard-C8-H64,8,64,1608,411,QP+G,0,0,0.0,0.0,3.499999998268777e-06,1.100005500987487,1.3834497957092702,0.37894706250467824,2.1316282072803006e-14
Hard-C8-H64,8,64,1608,411,QP+G,5,0,5.0,5.0,0.4348084000000014,1.1046214084922708,1.356382423107805,0.37512374634109996,2.1316282072803006e-14
Hard-C8-H64,8,64,1608,411,QP+G,10,0,10.0,10.0,0.8873394000000019,1.1066971890098374,1.3316042076718067,0.37094001124305304,2.1316282072803006e-14
Hard-C8-H64,8,64,1608,411,QP+G,15,0,15.0,15.0,1.3009234999999961,1.1068045275937541,1.322372206453658,0.36915382293120647,2.842170943040401e-14
Hard-C8-H64,8,64,1608,411,QP+G,20,0,20.0,20.0,1.7006101999999998,1.1068045275937541,1.322372206453658,0.36915382293120647,2.842170943040401e-14
Hard-C8-H64,8,64,1608,411,QP+G,25,0,25.0,25.0,2.093803600000001,1.1068045275937541,1.322372206453658,0.36915382293120647,2.842170943040401e-14
Hard-C8-H64,8,64,1608,411,QP+G,30,0,30.0,30.0,2.4765984000000003,1.1068045275937541,1.322372206453658,0.36915382293120647,2.842170943040401e-14
Hard-C8-H64,8,64,1608,411,noG,0,0,0.0,0.0,5.7999999967250915e-06,1.100005500987487,1.3834497957092702,0.37894706250467824,2.1316282072803006e-14
Hard-C8-H64,8,64,1608,411,noG,5,0,5.0,0.0,0.19473029999999625,1.100005500987487,1.3834497957092702,0.37894706250467824,2.1316282072803006e-14
Hard-C8-H64,8,64,1608,411,noG,10,0,10.0,0.0,0.3902451999999954,1.100005500987487,1.3834497957092702,0.37894706250467824,2.1316282072803006e-14
Hard-C8-H64,8,64,1608,411,noG,15,0,15.0,0.0,0.5878461999999942,1.100005500987487,1.3834497957092702,0.37894706250467824,2.1316282072803006e-14
Hard-C8-H64,8,64,1608,411,noG,20,0,20.0,0.0,0.7934069999999949,1.100005500987487,1.3834497957092702,0.37894706250467824,2.1316282072803006e-14
Hard-C8-H64,8,64,1608,411,noG,25,0,25.0,0.0,0.9823821999999964,1.100005500987487,1.3834497957092702,0.37894706250467824,2.1316282072803006e-14
Hard-C8-H64,8,64,1608,411,noG,30,0,30.0,0.0,1.1853519999999946,1.100005500987487,1.3834497957092702,0.37894706250467824,2.1316282072803006e-14
Hard-C8-H64,8,64,1608,411,Minimax-PPO,0,0,0.0,0.0,5.999999999062311e-06,1.100005500987487,1.3834497957092702,0.37894706250467824,2.1316282072803006e-14
Hard-C8-H64,8,64,1608,411,Minimax-PPO,5,0,30.0,0.0,0.04303629999999714,1.0620551693822737,1.3268148389901169,0.3746073908646853,1.4210854715202004e-14
Hard-C8-H64,8,64,1608,411,Minimax-PPO,10,0,60.0,0.0,0.08042219999999389,1.0108314426227374,1.1996163330002287,0.37071336162877633,1.4210854715202004e-14
Hard-C8-H64,8,64,1608,411,Minimax-PPO,15,0,90.0,0.0,0.1270561999999984,0.9692762035830835,1.0353813241947862,0.3599337541913542,2.1316282072803006e-14
Hard-C8-H64,8,64,1608,411,Minimax-PPO,20,0,120.0,0.0,0.1690152999999981,0.9537801233424907,0.9304753197062432,0.3435430715127844,1.4210854715202004e-14
Hard-C8-H64,8,64,1608,411,Minimax-PPO,25,0,150.0,0.0,0.2064381999999938,0.9756940970810595,0.8184213220874301,0.32360927271833406,2.1316282072803006e-14
Hard-C8-H64,8,64,1608,411,Minimax-PPO,30,0,180.0,0.0,0.2448442999999969,1.0305315911591206,0.7894583046425911,0.280045505334637,1.4210854715202004e-14
Hard-C8-H64,8,64,1608,411,GDA,0,0,0.0,0.0,3.900000002943216e-06,1.100005500987487,1.3834497957092702,0.37894706250467824,2.1316282072803006e-14
Hard-C8-H64,8,64,1608,411,GDA,5,0,5.0,0.0,0.016955700000004015,1.1003164830863528,1.3823968094876251,0.3800870031976025,2.1316282072803006e-14
Hard-C8-H64,8,64,1608,411,GDA,10,0,10.0,0.0,0.038403100000003576,1.1001838131422006,1.3816907248891708,0.38121556418985203,2.1316282072803006e-14
Hard-C8-H64,8,64,1608,411,GDA,15,0,15.0,0.0,0.05628390000000394,1.0998956030995783,1.3810412352911032,0.38233116953364,2.1316282072803006e-14
Hard-C8-H64,8,64,1608,411,GDA,20,0,20.0,0.0,0.07471989999999806,1.099469859007592,1.380428155060241,0.3834322647203659,2.1316282072803006e-14
Hard-C8-H64,8,64,1608,411,GDA,25,0,25.0,0.0,0.09226879999999937,1.0984789384880804,1.3802769662917174,0.3845173353393104,2.1316282072803006e-14
Hard-C8-H64,8,64,1608,411,GDA,30,0,30.0,0.0,0.11025980000000146,1.0971361218423492,1.380372252046336,0.3855849245112688,2.1316282072803006e-14
Hard-C8-H64,8,64,1608,411,EGM,0,0,0.0,0.0,5.200000003924288e-06,1.100005500987487,1.3834497957092702,0.37894706250467824,2.1316282072803006e-14
Hard-C8-H64,8,64,1608,411,EGM,5,0,10.0,0.0,0.03214330000000132,1.100320920503809,1.3823735304969673,0.38008379575083656,2.842170943040401e-14
Hard-C8-H64,8,64,1608,411,EGM,10,0,20.0,0.0,0.06405600000000078,1.1001905594526646,1.3816456676939972,0.38120885869209786,1.4210854715202004e-14
Hard-C8-H64,8,64,1608,411,EGM,15,0,30.0,0.0,0.09632440000000031,1.099906026384434,1.380972410808905,0.3823206710482614,2.1316282072803006e-14
Hard-C8-H64,8,64,1608,411,EGM,20,0,40.0,0.0,0.1315697,1.0994821836799047,1.380336726101358,0.3834176763616209,2.1316282072803006e-14
Hard-C8-H64,8,64,1608,411,EGM,25,0,50.0,0.0,0.16999080000000077,1.0984898760676791,1.3801656183150328,0.38449836050982505,2.1316282072803006e-14
Hard-C8-H64,8,64,1608,411,EGM,30,0,60.0,0.0,0.20281419999999883,1.0971493767784506,1.380236688907515,0.3855612689775932,2.1316282072803006e-14
Hard-C8-H64,8,64,1608,411,PPM-3,0,0,0.0,0.0,5.19999999681886e-06,1.100005500987487,1.3834497957092702,0.37894706250467824,2.1316282072803006e-14
Hard-C8-H64,8,64,1608,411,PPM-3,5,0,15.0,0.0,0.0689296999999982,1.1003209309037754,1.3823734808763746,0.3800837827978677,2.1316282072803006e-14
Hard-C8-H64,8,64,1608,411,PPM-3,10,0,30.0,0.0,0.14585389999999876,1.1001905816430195,1.3816455683534756,0.3812088328656396,2.1316282072803006e-14
Hard-C8-H64,8,64,1608,411,PPM-3,15,0,45.0,0.0,0.2169983000000002,1.099906060044253,1.3809722634750279,0.3823206324703144,2.1316282072803006e-14
Hard-C8-H64,8,64,1608,411,PPM-3,20,0,60.0,0.0,0.2979117000000002,1.0994822327964702,1.3803365283080584,0.38341762519555433,2.1316282072803006e-14
Hard-C8-H64,8,64,1608,411,PPM-3,25,0,75.0,0.0,0.37455870000000147,1.0984899419531142,1.380165370387574,0.38449829695909,1.4210854715202004e-14
Hard-C8-H64,8,64,1608,411,PPM-3,30,0,90.0,0.0,0.44192290000000156,1.0971494573930052,1.3802363946393892,0.3855611932842506,1.4210854715202004e-14
Stress-C10-H64,10,64,1994,420,QP+G,0,0,0.0,0.0,3.5999999994373866e-06,1.301763123195037,1.4414613868885615,0.3731990572437778,1.4210854715202004e-14
Stress-C10-H64,10,64,1994,420,QP+G,5,0,5.0,5.0,0.9751259999999959,1.3025536030855123,1.4256381890345846,0.3707984635887292,2.842170943040401e-14
Stress-C10-H64,10,64,1994,420,QP+G,10,0,10.0,10.0,1.9374429000000006,1.3028982038930292,1.4103740166002743,0.3682945451508436,2.1316282072803006e-14
Stress-C10-H64,10,64,1994,420,QP+G,15,0,15.0,15.0,2.7970333999999966,1.3028982038930292,1.4103740166002743,0.3682945451508436,2.1316282072803006e-14
Stress-C10-H64,10,64,1994,420,QP+G,20,0,20.0,20.0,3.633140300000001,1.3028982038930292,1.4103740166002743,0.3682945451508436,2.1316282072803006e-14
Stress-C10-H64,10,64,1994,420,QP+G,25,0,25.0,25.0,4.507909099999992,1.3028982038930292,1.4103740166002743,0.3682945451508436,2.1316282072803006e-14
Stress-C10-H64,10,64,1994,420,noG,0,0,0.0,0.0,4.700000005186666e-06,1.301763123195037,1.4414613868885615,0.3731990572437778,1.4210854715202004e-14
Stress-C10-H64,10,64,1994,420,noG,5,0,5.0,0.0,0.4471934000000033,1.301763123195037,1.4414613868885615,0.3731990572437778,1.4210854715202004e-14
Stress-C10-H64,10,64,1994,420,noG,10,0,10.0,0.0,0.8585586000000092,1.301763123195037,1.4414613868885615,0.3731990572437778,1.4210854715202004e-14
Stress-C10-H64,10,64,1994,420,noG,15,0,15.0,0.0,1.2919954999999987,1.301763123195037,1.4414613868885615,0.3731990572437778,1.4210854715202004e-14
Stress-C10-H64,10,64,1994,420,noG,20,0,20.0,0.0,1.7213615000000004,1.301763123195037,1.4414613868885615,0.3731990572437778,1.4210854715202004e-14
Stress-C10-H64,10,64,1994,420,noG,25,0,25.0,0.0,2.1417741000000063,1.301763123195037,1.4414613868885615,0.3731990572437778,1.4210854715202004e-14
Stress-C10-H64,10,64,1994,420,PPM-3,0,0,0.0,0.0,5.000000001587068e-06,1.301763123195037,1.4414613868885615,0.3731990572437778,1.4210854715202004e-14
Stress-C10-H64,10,64,1994,420,PPM-3,5,0,15.0,0.0,0.16490579999999966,1.3003468684089143,1.4425300549037914,0.37370599067469695,2.842170943040401e-14
Stress-C10-H64,10,64,1994,420,PPM-3,10,0,30.0,0.0,0.3089012000000082,1.2988262459315187,1.4436389025897283,0.37417890247208396,2.1316282072803006e-14
Stress-C10-H64,10,64,1994,420,PPM-3,15,0,45.0,0.0,0.45121640000000696,1.2971749293542953,1.4448133847732572,0.3746176845661729,2.842170943040401e-14
Stress-C10-H64,10,64,1994,420,PPM-3,20,0,60.0,0.0,0.5920397999999949,1.2955250230718576,1.4459205483238973,0.37502231580914364,2.842170943040401e-14
Stress-C10-H64,10,64,1994,420,PPM-3,25,0,75.0,0.0,0.733018400000006,1.2937602568755158,1.4470758377559951,0.37539286298671504,2.1316282072803006e-14
Stress-C10-H64,10,64,1994,421,QP+G,0,0,0.0,0.0,4.39999999457541e-06,1.3163446984474232,1.4531148059057675,0.33588531776071867,2.1316282072803006e-14
Stress-C10-H64,10,64,1994,421,QP+G,5,0,5.0,5.0,0.9829052000000047,1.3177413640772808,1.4406929240285409,0.33659106340620626,2.1316282072803006e-14
Stress-C10-H64,10,64,1994,421,QP+G,10,0,10.0,10.0,1.8305665999999974,1.3177413640772808,1.4406929240285409,0.33659106340620626,2.1316282072803006e-14
Stress-C10-H64,10,64,1994,421,QP+G,15,0,15.0,15.0,2.7333519999999965,1.3177413640772808,1.4406929240285409,0.33659106340620626,2.1316282072803006e-14
Stress-C10-H64,10,64,1994,421,QP+G,20,0,20.0,20.0,3.702122199999991,1.3177413640772808,1.4406929240285409,0.33659106340620626,2.1316282072803006e-14
Stress-C10-H64,10,64,1994,421,QP+G,25,0,25.0,25.0,4.574574599999991,1.3177413640772808,1.4406929240285409,0.33659106340620626,2.1316282072803006e-14
Stress-C10-H64,10,64,1994,421,noG,0,0,0.0,0.0,6.600000006073969e-06,1.3163446984474232,1.4531148059057675,0.33588531776071867,2.1316282072803006e-14
Stress-C10-H64,10,64,1994,421,noG,5,0,5.0,0.0,0.8774903999999992,1.3163446984474232,1.4531148059057675,0.33588531776071867,2.1316282072803006e-14
Stress-C10-H64,10,64,1994,421,noG,10,0,10.0,0.0,1.564489800000004,1.3163446984474232,1.4531148059057675,0.33588531776071867,2.1316282072803006e-14
Stress-C10-H64,10,64,1994,421,noG,15,0,15.0,0.0,2.1119797000000062,1.3163446984474232,1.4531148059057675,0.33588531776071867,2.1316282072803006e-14
Stress-C10-H64,10,64,1994,421,noG,20,0,20.0,0.0,2.6321094999999985,1.3163446984474232,1.4531148059057675,0.33588531776071867,2.1316282072803006e-14
Stress-C10-H64,10,64,1994,421,noG,25,0,25.0,0.0,3.106145100000006,1.3163446984474232,1.4531148059057675,0.33588531776071867,2.1316282072803006e-14
Stress-C10-H64,10,64,1994,421,PPM-3,0,0,0.0,0.0,5.7999999967250915e-06,1.3163446984474232,1.4531148059057675,0.33588531776071867,2.1316282072803006e-14
Stress-C10-H64,10,64,1994,421,PPM-3,5,0,15.0,0.0,0.14372780000000773,1.3161542043328092,1.4533982281042623,0.33693072202030766,2.1316282072803006e-14
Stress-C10-H64,10,64,1994,421,PPM-3,10,0,30.0,0.0,0.2881567999999959,1.3158371266969562,1.4537627528065395,0.33799578070225544,2.1316282072803006e-14
Stress-C10-H64,10,64,1994,421,PPM-3,15,0,45.0,0.0,0.43495450000000346,1.3150848746250097,1.454516071394791,0.3390813066241159,2.1316282072803006e-14
Stress-C10-H64,10,64,1994,421,PPM-3,20,0,60.0,0.0,0.5848838000000001,1.3142027895325767,1.4553519293864825,0.3401880942918297,2.1316282072803006e-14
Stress-C10-H64,10,64,1994,421,PPM-3,25,0,75.0,0.0,0.7363665000000026,1.3132387596530541,1.4562215117562152,0.34131691151358035,2.1316282072803006e-14
Stress-C10-H64,10,64,1994,422,QP+G,0,0,0.0,0.0,4.799999999249849e-06,1.2967750489039176,1.3735656293645775,0.3212806751071043,2.842170943040401e-14
Stress-C10-H64,10,64,1994,422,QP+G,5,0,5.0,5.0,1.0294232000000108,1.2983690994714405,1.3555588568009722,0.3175048707670683,2.1316282072803006e-14
Stress-C10-H64,10,64,1994,422,QP+G,10,0,10.0,10.0,2.1240904,1.2996719847047444,1.33828169445367,0.31385557480159676,2.1316282072803006e-14
Stress-C10-H64,10,64,1994,422,QP+G,15,0,15.0,15.0,3.123731400000011,1.3005970614874576,1.321878064396441,0.310366443718294,2.842170943040401e-14
Stress-C10-H64,10,64,1994,422,QP+G,20,0,20.0,20.0,4.145622100000011,1.3010218395406519,1.3065202671958118,0.3070690485846052,2.1316282072803006e-14
Stress-C10-H64,10,64,1994,422,QP+G,25,0,25.0,25.0,5.06558720000001,1.3010251934441923,1.3035995705243626,0.3064352360552048,2.1316282072803006e-14
Stress-C10-H64,10,64,1994,422,noG,0,0,0.0,0.0,6.800000008411189e-06,1.2967750489039176,1.3735656293645775,0.3212806751071043,2.842170943040401e-14
Stress-C10-H64,10,64,1994,422,noG,5,0,5.0,0.0,0.46462390000000653,1.2967750489039176,1.3735656293645775,0.3212806751071043,2.842170943040401e-14
Stress-C10-H64,10,64,1994,422,noG,10,0,10.0,0.0,0.9319236000000046,1.2967750489039176,1.3735656293645775,0.3212806751071043,2.842170943040401e-14
Stress-C10-H64,10,64,1994,422,noG,15,0,15.0,0.0,1.3777838999999972,1.2967750489039176,1.3735656293645775,0.3212806751071043,2.842170943040401e-14
Stress-C10-H64,10,64,1994,422,noG,20,0,20.0,0.0,1.875677600000003,1.2967750489039176,1.3735656293645775,0.3212806751071043,2.842170943040401e-14
Stress-C10-H64,10,64,1994,422,noG,25,0,25.0,0.0,2.3077407000000107,1.2967750489039176,1.3735656293645775,0.3212806751071043,2.842170943040401e-14
Stress-C10-H64,10,64,1994,422,PPM-3,0,0,0.0,0.0,5.899999990788274e-06,1.2967750489039176,1.3735656293645775,0.3212806751071043,2.842170943040401e-14
Stress-C10-H64,10,64,1994,422,PPM-3,5,0,15.0,0.0,0.14841359999999781,1.296228714312357,1.3735871155982489,0.3214757746138258,2.1316282072803006e-14
Stress-C10-H64,10,64,1994,422,PPM-3,10,0,30.0,0.0,0.29047450000000197,1.295508014350579,1.3737131404127767,0.3216824989772376,2.842170943040401e-14
Stress-C10-H64,10,64,1994,422,PPM-3,15,0,45.0,0.0,0.4528421999999921,1.2947192427804968,1.3738365691317291,0.3219010121493664,2.1316282072803006e-14
Stress-C10-H64,10,64,1994,422,PPM-3,20,0,60.0,0.0,0.6119191999999885,1.2938460829137926,1.3739728977664343,0.3221314631125331,2.1316282072803006e-14
Stress-C10-H64,10,64,1994,422,PPM-3,25,0,75.0,0.0,0.7603520999999915,1.2929771745374177,1.3740326870967399,0.3223739849061256,2.1316282072803006e-14
Stress-C10-H64,10,64,1994,423,QP+G,0,0,0.0,0.0,4.0000000041118255e-06,1.296734097890695,1.516997229730709,0.3512569208992022,2.842170943040401e-14
Stress-C10-H64,10,64,1994,423,QP+G,5,0,5.0,5.0,1.0313396000000097,1.297823617083064,1.5058991417340164,0.3500833560874576,2.1316282072803006e-14
Stress-C10-H64,10,64,1994,423,QP+G,10,0,10.0,10.0,2.0568601000000086,1.2981421589582784,1.4955190025000342,0.3490637734281908,2.1316282072803006e-14
Stress-C10-H64,10,64,1994,423,QP+G,15,0,15.0,15.0,2.9306080000000065,1.2981421589582784,1.4955190025000342,0.3490637734281908,2.1316282072803006e-14
Stress-C10-H64,10,64,1994,423,QP+G,20,0,20.0,20.0,3.7952178999999973,1.2981421589582784,1.4955190025000342,0.3490637734281908,2.1316282072803006e-14
Stress-C10-H64,10,64,1994,423,QP+G,25,0,25.0,25.0,4.6448216,1.2981421589582784,1.4955190025000342,0.3490637734281908,2.1316282072803006e-14
Stress-C10-H64,10,64,1994,423,noG,0,0,0.0,0.0,6.599999991863115e-06,1.296734097890695,1.516997229730709,0.3512569208992022,2.842170943040401e-14
Stress-C10-H64,10,64,1994,423,noG,5,0,5.0,0.0,0.4761706000000032,1.296734097890695,1.516997229730709,0.3512569208992022,2.842170943040401e-14
Stress-C10-H64,10,64,1994,423,noG,10,0,10.0,0.0,0.9264900000000011,1.296734097890695,1.516997229730709,0.3512569208992022,2.842170943040401e-14
Stress-C10-H64,10,64,1994,423,noG,15,0,15.0,0.0,1.3857959999999991,1.296734097890695,1.516997229730709,0.3512569208992022,2.842170943040401e-14
Stress-C10-H64,10,64,1994,423,noG,20,0,20.0,0.0,1.8186700999999914,1.296734097890695,1.516997229730709,0.3512569208992022,2.842170943040401e-14
Stress-C10-H64,10,64,1994,423,noG,25,0,25.0,0.0,2.281449699999996,1.296734097890695,1.516997229730709,0.3512569208992022,2.842170943040401e-14
Stress-C10-H64,10,64,1994,423,PPM-3,0,0,0.0,0.0,5.700000002661909e-06,1.296734097890695,1.516997229730709,0.3512569208992022,2.842170943040401e-14
Stress-C10-H64,10,64,1994,423,PPM-3,5,0,15.0,0.0,0.13933480000000031,1.2951148358550393,1.5180118597857097,0.3519173857798836,2.842170943040401e-14
Stress-C10-H64,10,64,1994,423,PPM-3,10,0,30.0,0.0,0.284154700000002,1.293446472352982,1.519033707380606,0.3525765565845373,2.1316282072803006e-14
Stress-C10-H64,10,64,1994,423,PPM-3,15,0,45.0,0.0,0.43113420000000247,1.2917283153800427,1.5200628899362891,0.35323481301486864,2.1316282072803006e-14
Stress-C10-H64,10,64,1994,423,PPM-3,20,0,60.0,0.0,0.5826179000000025,1.2899049238353515,1.5211542773532758,0.35389250453422627,2.1316282072803006e-14
Stress-C10-H64,10,64,1994,423,PPM-3,25,0,75.0,0.0,0.7505699999999962,1.2879897331982069,1.5222938667448649,0.3545499499287015,2.842170943040401e-14
Stress-C10-H64,10,64,1994,424,QP+G,0,0,0.0,0.0,6.299999995462713e-06,1.301673747382131,1.3797062895633605,0.3057278966669062,2.1316282072803006e-14
Stress-C10-H64,10,64,1994,424,QP+G,5,0,5.0,5.0,0.9904117999999897,1.3029261054279064,1.3671308334079406,0.3028693511166717,2.1316282072803006e-14
Stress-C10-H64,10,64,1994,424,QP+G,10,0,10.0,10.0,2.0438001999999926,1.3039780158473542,1.3544902779202295,0.3001664391155589,2.1316282072803006e-14
Stress-C10-H64,10,64,1994,424,QP+G,15,0,15.0,15.0,3.0117827999999918,1.3050024570199523,1.341485006502847,0.2974858173572058,2.1316282072803006e-14
Stress-C10-H64,10,64,1994,424,QP+G,20,0,20.0,20.0,3.9976403999999945,1.3056675568833862,1.328417730814531,0.29476524816249317,2.842170943040401e-14
Stress-C10-H64,10,64,1994,424,QP+G,25,0,25.0,25.0,5.00653419999999,1.306202652859342,1.315612607049407,0.29197639193386715,2.842170943040401e-14
Stress-C10-H64,10,64,1994,424,noG,0,0,0.0,0.0,6.40000000373675e-06,1.301673747382131,1.3797062895633605,0.3057278966669062,2.1316282072803006e-14
Stress-C10-H64,10,64,1994,424,noG,5,0,5.0,0.0,0.47589299999999923,1.301673747382131,1.3797062895633605,0.3057278966669062,2.1316282072803006e-14
Stress-C10-H64,10,64,1994,424,noG,10,0,10.0,0.0,0.9338319000000013,1.301673747382131,1.3797062895633605,0.3057278966669062,2.1316282072803006e-14
Stress-C10-H64,10,64,1994,424,noG,15,0,15.0,0.0,1.3664500999999944,1.301673747382131,1.3797062895633605,0.3057278966669062,2.1316282072803006e-14
Stress-C10-H64,10,64,1994,424,noG,20,0,20.0,0.0,1.8003231,1.301673747382131,1.3797062895633605,0.3057278966669062,2.1316282072803006e-14
Stress-C10-H64,10,64,1994,424,noG,25,0,25.0,0.0,2.2585543,1.301673747382131,1.3797062895633605,0.3057278966669062,2.1316282072803006e-14
Stress-C10-H64,10,64,1994,424,PPM-3,0,0,0.0,0.0,5.000000001587068e-06,1.301673747382131,1.3797062895633605,0.3057278966669062,2.1316282072803006e-14
Stress-C10-H64,10,64,1994,424,PPM-3,5,0,15.0,0.0,0.14482639999999947,1.3017412739243317,1.3793466742755436,0.30587773458818235,1.4210854715202004e-14
Stress-C10-H64,10,64,1994,424,PPM-3,10,0,30.0,0.0,0.2900034999999974,1.3018050393260467,1.3789441515366638,0.306029091560912,2.842170943040401e-14
Stress-C10-H64,10,64,1994,424,PPM-3,15,0,45.0,0.0,0.44355290000000025,1.3018347072726044,1.3785286247625885,0.3061818048403331,2.1316282072803006e-14
Stress-C10-H64,10,64,1994,424,PPM-3,20,0,60.0,0.0,0.5867511000000007,1.301833200221494,1.3780967486349576,0.3063357058952852,2.1316282072803006e-14
Stress-C10-H64,10,64,1994,424,PPM-3,25,0,75.0,0.0,0.7758247000000011,1.3017860484402455,1.3776625801256546,0.30649062119090076,2.842170943040401e-14
Stress-C10-H64,10,64,1994,425,QP+G,0,0,0.0,0.0,5.000000001587068e-06,1.3000208766693158,1.4314616555812925,0.3238017027146357,1.4210854715202004e-14
Stress-C10-H64,10,64,1994,425,QP+G,5,0,5.0,5.0,0.8512307000000021,1.3000208766693158,1.4314616555812925,0.3238017027146357,1.4210854715202004e-14
Stress-C10-H64,10,64,1994,425,QP+G,10,0,10.0,10.0,1.7847380999999984,1.3000208766693158,1.4314616555812925,0.3238017027146357,1.4210854715202004e-14
Stress-C10-H64,10,64,1994,425,QP+G,15,0,15.0,15.0,2.6465063999999927,1.3000208766693158,1.4314616555812925,0.3238017027146357,1.4210854715202004e-14
Stress-C10-H64,10,64,1994,425,QP+G,20,0,20.0,20.0,3.5066824999999966,1.3000208766693158,1.4314616555812925,0.3238017027146357,1.4210854715202004e-14
Stress-C10-H64,10,64,1994,425,QP+G,25,0,25.0,25.0,4.369236700000002,1.3000208766693158,1.4314616555812925,0.3238017027146357,1.4210854715202004e-14
Stress-C10-H64,10,64,1994,425,noG,0,0,0.0,0.0,5.999999999062311e-06,1.3000208766693158,1.4314616555812925,0.3238017027146357,1.4210854715202004e-14
Stress-C10-H64,10,64,1994,425,noG,5,0,5.0,0.0,0.4270100000000099,1.3000208766693158,1.4314616555812925,0.3238017027146357,1.4210854715202004e-14
Stress-C10-H64,10,64,1994,425,noG,10,0,10.0,0.0,0.9040652999999992,1.3000208766693158,1.4314616555812925,0.3238017027146357,1.4210854715202004e-14
Stress-C10-H64,10,64,1994,425,noG,15,0,15.0,0.0,1.375493800000001,1.3000208766693158,1.4314616555812925,0.3238017027146357,1.4210854715202004e-14
Stress-C10-H64,10,64,1994,425,noG,20,0,20.0,0.0,1.8260468000000003,1.3000208766693158,1.4314616555812925,0.3238017027146357,1.4210854715202004e-14
Stress-C10-H64,10,64,1994,425,noG,25,0,25.0,0.0,2.2598317000000065,1.3000208766693158,1.4314616555812925,0.3238017027146357,1.4210854715202004e-14
Stress-C10-H64,10,64,1994,425,PPM-3,0,0,0.0,0.0,5.899999990788274e-06,1.3000208766693158,1.4314616555812925,0.3238017027146357,1.4210854715202004e-14
Stress-C10-H64,10,64,1994,425,PPM-3,5,0,15.0,0.0,0.14122299999999655,1.298025690815167,1.431704854612107,0.32427820046430955,2.842170943040401e-14
Stress-C10-H64,10,64,1994,425,PPM-3,10,0,30.0,0.0,0.3046063999999973,1.2959779474420445,1.43195075954212,0.324740305246496,2.842170943040401e-14
Stress-C10-H64,10,64,1994,425,PPM-3,15,0,45.0,0.0,0.4448034999999919,1.2938935198833137,1.432182922757918,0.32518822305415934,2.1316282072803006e-14
Stress-C10-H64,10,64,1994,425,PPM-3,20,0,60.0,0.0,0.6009223999999875,1.2917866381162175,1.4323865427985074,0.32562218088199746,2.1316282072803006e-14
Stress-C10-H64,10,64,1994,425,PPM-3,25,0,75.0,0.0,0.7444705999999996,1.289660582629908,1.4325577705062633,0.3260424264894876,2.1316282072803006e-14
Stress-C10-H64,10,64,1994,426,QP+G,0,0,0.0,0.0,4.4000000087862645e-06,1.2590385240870352,1.3970856642762317,0.2990629189672881,2.842170943040401e-14
Stress-C10-H64,10,64,1994,426,QP+G,5,0,5.0,5.0,1.007497200000003,1.2608299982885174,1.382650308000013,0.296790925411858,2.842170943040401e-14
Stress-C10-H64,10,64,1994,426,QP+G,10,0,10.0,10.0,2.0329940999999963,1.261841180360749,1.3692693131652298,0.29480254419179586,2.1316282072803006e-14
Stress-C10-H64,10,64,1994,426,QP+G,15,0,15.0,15.0,3.1755401000000063,1.2624142036740613,1.3565940225162025,0.29306759702986557,2.1316282072803006e-14
Stress-C10-H64,10,64,1994,426,QP+G,20,0,20.0,20.0,4.035654100000002,1.2624142036740613,1.3565940225162025,0.29306759702986557,2.1316282072803006e-14
Stress-C10-H64,10,64,1994,426,QP+G,25,0,25.0,25.0,4.918324999999996,1.2624142036740613,1.3565940225162025,0.29306759702986557,2.1316282072803006e-14
Stress-C10-H64,10,64,1994,426,noG,0,0,0.0,0.0,5.50000000032469e-06,1.2590385240870352,1.3970856642762317,0.2990629189672881,2.842170943040401e-14
Stress-C10-H64,10,64,1994,426,noG,5,0,5.0,0.0,0.42503379999999424,1.2590385240870352,1.3970856642762317,0.2990629189672881,2.842170943040401e-14
Stress-C10-H64,10,64,1994,426,noG,10,0,10.0,0.0,0.9057291999999961,1.2590385240870352,1.3970856642762317,0.2990629189672881,2.842170943040401e-14
Stress-C10-H64,10,64,1994,426,noG,15,0,15.0,0.0,1.3850022999999965,1.2590385240870352,1.3970856642762317,0.2990629189672881,2.842170943040401e-14
Stress-C10-H64,10,64,1994,426,noG,20,0,20.0,0.0,1.83635009999999,1.2590385240870352,1.3970856642762317,0.2990629189672881,2.842170943040401e-14
Stress-C10-H64,10,64,1994,426,noG,25,0,25.0,0.0,2.254645400000001,1.2590385240870352,1.3970856642762317,0.2990629189672881,2.842170943040401e-14
Stress-C10-H64,10,64,1994,426,PPM-3,0,0,0.0,0.0,5.29999999798747e-06,1.2590385240870352,1.3970856642762317,0.2990629189672881,2.842170943040401e-14
Stress-C10-H64,10,64,1994,426,PPM-3,5,0,15.0,0.0,0.1424003000000056,1.2588096351242244,1.3964071618500717,0.2995015102321461,2.1316282072803006e-14
Stress-C10-H64,10,64,1994,426,PPM-3,10,0,30.0,0.0,0.3190620000000024,1.2585137902097823,1.3957431865278798,0.2999440969810341,2.842170943040401e-14
Stress-C10-H64,10,64,1994,426,PPM-3,15,0,45.0,0.0,0.46990239999999517,1.2580712035922184,1.3951723126373512,0.3003906927660026,1.4210854715202004e-14
Stress-C10-H64,10,64,1994,426,PPM-3,20,0,60.0,0.0,0.6204165999999987,1.2576066662451963,1.3945685439999034,0.300841313583294,2.1316282072803006e-14
Stress-C10-H64,10,64,1994,426,PPM-3,25,0,75.0,0.0,0.7620912999999945,1.2570967923742016,1.3939540681304035,0.3012959780163545,2.1316282072803006e-14
Stress-C10-H64,10,64,1994,427,QP+G,0,0,0.0,0.0,3.400000011311022e-06,1.2886740538744192,1.4517266502203847,0.3842636268059462,2.842170943040401e-14
Stress-C10-H64,10,64,1994,427,QP+G,5,0,5.0,5.0,0.8931328000000036,1.2886740538744192,1.4517266502203847,0.3842636268059462,2.842170943040401e-14
Stress-C10-H64,10,64,1994,427,QP+G,10,0,10.0,10.0,1.8179838000000075,1.2886740538744192,1.4517266502203847,0.3842636268059462,2.842170943040401e-14
Stress-C10-H64,10,64,1994,427,QP+G,15,0,15.0,15.0,2.7811625000000078,1.2886740538744192,1.4517266502203847,0.3842636268059462,2.842170943040401e-14
Stress-C10-H64,10,64,1994,427,QP+G,20,0,20.0,20.0,3.682049500000005,1.2886740538744192,1.4517266502203847,0.3842636268059462,2.842170943040401e-14
Stress-C10-H64,10,64,1994,427,QP+G,25,0,25.0,25.0,4.570539700000012,1.2886740538744192,1.4517266502203847,0.3842636268059462,2.842170943040401e-14
Stress-C10-H64,10,64,1994,427,noG,0,0,0.0,0.0,5.100000009861105e-06,1.2886740538744192,1.4517266502203847,0.3842636268059462,2.842170943040401e-14
Stress-C10-H64,10,64,1994,427,noG,5,0,5.0,0.0,0.4317081000000087,1.2886740538744192,1.4517266502203847,0.3842636268059462,2.842170943040401e-14
Stress-C10-H64,10,64,1994,427,noG,10,0,10.0,0.0,0.9219151000000068,1.2886740538744192,1.4517266502203847,0.3842636268059462,2.842170943040401e-14
Stress-C10-H64,10,64,1994,427,noG,15,0,15.0,0.0,1.4219247000000053,1.2886740538744192,1.4517266502203847,0.3842636268059462,2.842170943040401e-14
Stress-C10-H64,10,64,1994,427,noG,20,0,20.0,0.0,1.903166000000013,1.2886740538744192,1.4517266502203847,0.3842636268059462,2.842170943040401e-14
Stress-C10-H64,10,64,1994,427,noG,25,0,25.0,0.0,2.349001400000006,1.2886740538744192,1.4517266502203847,0.3842636268059462,2.842170943040401e-14
Stress-C10-H64,10,64,1994,427,PPM-3,0,0,0.0,0.0,9.800000000836917e-06,1.2886740538744192,1.4517266502203847,0.3842636268059462,2.842170943040401e-14
Stress-C10-H64,10,64,1994,427,PPM-3,5,0,15.0,0.0,0.14117189999998914,1.2863183091520218,1.4522616172543468,0.38517087929648075,2.842170943040401e-14
Stress-C10-H64,10,64,1994,427,PPM-3,10,0,30.0,0.0,0.2928208000000012,1.2839288474964845,1.452766307478357,0.3860758105038746,2.1316282072803006e-14
Stress-C10-H64,10,64,1994,427,PPM-3,15,0,45.0,0.0,0.4572026999999963,1.2814995336232675,1.4532460093815747,0.38697894852370013,2.1316282072803006e-14
Stress-C10-H64,10,64,1994,427,PPM-3,20,0,60.0,0.0,0.6565506999999968,1.2789730278605966,1.4537572095779505,0.38788078882771954,2.1316282072803006e-14
Stress-C10-H64,10,64,1994,427,PPM-3,25,0,75.0,0.0,0.8119075999999978,1.2763435396017133,1.4543048390865394,0.3887817872474176,2.1316282072803006e-14
Channels-C12-H64,12,64,2380,420,QP+G,0,0,0.0,0.0,4.200000006449045e-06,1.421583473683639,1.3350006705879167,0.331529161286776,2.842170943040401e-14
Channels-C12-H64,12,64,2380,420,QP+G,5,0,5.0,5.0,2.104110300000002,1.4118669891128712,1.3372876203592095,0.32833778370354094,2.842170943040401e-14
Channels-C12-H64,12,64,2380,420,QP+G,10,0,10.0,10.0,4.243806200000009,1.3996341470233533,1.3404433991603213,0.32472829136195686,2.1316282072803006e-14
Channels-C12-H64,12,64,2380,420,QP+G,15,0,15.0,15.0,6.558596100000003,1.3872001942855152,1.3350890551538943,0.31957795705100134,2.1316282072803006e-14
Channels-C12-H64,12,64,2380,420,QP+G,20,0,20.0,20.0,8.918523699999994,1.3758210327170224,1.3265101978866423,0.31417150326105736,2.842170943040401e-14
Channels-C12-H64,12,64,2380,420,QP+G,25,0,25.0,25.0,11.187880100000015,1.3655109768022309,1.315012903674343,0.30907421068739427,2.1316282072803006e-14
Channels-C12-H64,12,64,2380,420,noG,0,0,0.0,0.0,5.500000014535544e-06,1.421583473683639,1.3350006705879167,0.331529161286776,2.842170943040401e-14
Channels-C12-H64,12,64,2380,420,noG,5,0,5.0,0.0,1.102194499999996,1.4118669891128712,1.3372876203592095,0.32833778370354094,2.842170943040401e-14
Channels-C12-H64,12,64,2380,420,noG,10,0,10.0,0.0,2.1282836999999972,1.3996341470233533,1.3404433991603213,0.32472829136195686,2.1316282072803006e-14
Channels-C12-H64,12,64,2380,420,noG,15,0,15.0,0.0,3.145227800000015,1.38581101084113,1.3434402772816163,0.32088605422312166,2.1316282072803006e-14
Channels-C12-H64,12,64,2380,420,noG,20,0,20.0,0.0,4.218342100000001,1.3710191165171155,1.3455717070643298,0.3170660958117235,3.552713678800501e-14
Channels-C12-H64,12,64,2380,420,noG,25,0,25.0,0.0,5.360993100000002,1.3630739008384014,1.3460392725788906,0.3151603420521944,2.842170943040401e-14
Channels-C12-H64,12,64,2380,420,PPM-3,0,0,0.0,0.0,1.0199999991300501e-05,1.421583473683639,1.3350006705879167,0.331529161286776,2.842170943040401e-14
Channels-C12-H64,12,64,2380,420,PPM-3,5,0,15.0,0.0,0.3369760999999869,1.4205506521735822,1.3351689777262599,0.3311578491952916,2.842170943040401e-14
Channels-C12-H64,12,64,2380,420,PPM-3,10,0,30.0,0.0,0.7016160999999954,1.4194671628297035,1.3353634060630788,0.3307775871781443,2.1316282072803006e-14
Channels-C12-H64,12,64,2380,420,PPM-3,15,0,45.0,0.0,1.064717900000005,1.4183017750043194,1.3356149517127713,0.3303886559581918,2.842170943040401e-14
Channels-C12-H64,12,64,2380,420,PPM-3,20,0,60.0,0.0,1.3963363999999956,1.4170956208413275,1.335882252173982,0.3299913370195169,2.1316282072803006e-14
Channels-C12-H64,12,64,2380,420,PPM-3,25,0,75.0,0.0,1.7472747999999854,1.415834604705771,1.3361791768764006,0.32958591413980787,2.842170943040401e-14
Channels-C12-H64,12,64,2380,421,QP+G,0,0,0.0,0.0,5.600000008598727e-06,1.4396993725503024,1.547110102489354,0.3006665962533958,2.1316282072803006e-14
Channels-C12-H64,12,64,2380,421,QP+G,5,0,5.0,5.0,2.333157199999988,1.4396993725503024,1.547110102489354,0.3006665962533958,2.1316282072803006e-14
Channels-C12-H64,12,64,2380,421,QP+G,10,0,10.0,10.0,4.605219699999992,1.4396993725503024,1.547110102489354,0.3006665962533958,2.1316282072803006e-14
Channels-C12-H64,12,64,2380,421,QP+G,15,0,15.0,15.0,6.994720199999989,1.4396993725503024,1.547110102489354,0.3006665962533958,2.1316282072803006e-14
Channels-C12-H64,12,64,2380,421,QP+G,20,0,20.0,20.0,9.276691400000004,1.4396993725503024,1.547110102489354,0.3006665962533958,2.1316282072803006e-14
Channels-C12-H64,12,64,2380,421,QP+G,25,0,25.0,25.0,11.567258699999996,1.4396993725503024,1.547110102489354,0.3006665962533958,2.1316282072803006e-14
Channels-C12-H64,12,64,2380,421,noG,0,0,0.0,0.0,6.499999983589078e-06,1.4396993725503024,1.547110102489354,0.3006665962533958,2.1316282072803006e-14
Channels-C12-H64,12,64,2380,421,noG,5,0,5.0,0.0,0.9808037999999897,1.4396993725503024,1.547110102489354,0.3006665962533958,2.1316282072803006e-14
Channels-C12-H64,12,64,2380,421,noG,10,0,10.0,0.0,2.0613711000000023,1.4396993725503024,1.547110102489354,0.3006665962533958,2.1316282072803006e-14
Channels-C12-H64,12,64,2380,421,noG,15,0,15.0,0.0,3.1218285999999864,1.4396993725503024,1.547110102489354,0.3006665962533958,2.1316282072803006e-14
Channels-C12-H64,12,64,2380,421,noG,20,0,20.0,0.0,4.130509399999994,1.4396993725503024,1.547110102489354,0.3006665962533958,2.1316282072803006e-14
Channels-C12-H64,12,64,2380,421,noG,25,0,25.0,0.0,5.162123100000002,1.4396993725503024,1.547110102489354,0.3006665962533958,2.1316282072803006e-14
Channels-C12-H64,12,64,2380,421,PPM-3,0,0,0.0,0.0,5.999999984851456e-06,1.4396993725503024,1.547110102489354,0.3006665962533958,2.1316282072803006e-14
Channels-C12-H64,12,64,2380,421,PPM-3,5,0,15.0,0.0,0.406579899999997,1.4395292751659061,1.5468139630143127,0.30166061435537334,2.842170943040401e-14
Channels-C12-H64,12,64,2380,421,PPM-3,10,0,30.0,0.0,0.7670396000000039,1.4392063054750843,1.5466313646302399,0.30266705476184846,2.1316282072803006e-14
Channels-C12-H64,12,64,2380,421,PPM-3,15,0,45.0,0.0,1.1548434000000043,1.4386849197212572,1.5466071109026713,0.30368553113863084,2.842170943040401e-14
Channels-C12-H64,12,64,2380,421,PPM-3,20,0,60.0,0.0,1.5280202999999801,1.4379875267997475,1.5467180408900996,0.30471559348902216,2.1316282072803006e-14
Channels-C12-H64,12,64,2380,421,PPM-3,25,0,75.0,0.0,1.8767962000000011,1.4371720830763441,1.5469054342009037,0.3057567243172494,2.1316282072803006e-14
Channels-C12-H64,12,64,2380,422,QP+G,0,0,0.0,0.0,3.800000001774606e-06,1.432315416694211,1.4567336293831799,0.3193048087699319,2.4868995751603507e-14
Channels-C12-H64,12,64,2380,422,QP+G,5,0,5.0,5.0,2.357595400000008,1.435526213088838,1.451892841986043,0.3202342310650077,2.1316282072803006e-14
Channels-C12-H64,12,64,2380,422,QP+G,10,0,10.0,10.0,4.836227699999995,1.435526213088838,1.451892841986043,0.3202342310650077,2.1316282072803006e-14
Channels-C12-H64,12,64,2380,422,QP+G,15,0,15.0,15.0,7.305819899999989,1.435526213088838,1.451892841986043,0.3202342310650077,2.1316282072803006e-14
Channels-C12-H64,12,64,2380,422,QP+G,20,0,20.0,20.0,9.695065900000003,1.435526213088838,1.451892841986043,0.3202342310650077,2.1316282072803006e-14
Channels-C12-H64,12,64,2380,422,QP+G,25,0,25.0,25.0,12.08267459999999,1.435526213088838,1.451892841986043,0.3202342310650077,2.1316282072803006e-14
Channels-C12-H64,12,64,2380,422,noG,0,0,0.0,0.0,5.700000002661909e-06,1.432315416694211,1.4567336293831799,0.3193048087699319,2.4868995751603507e-14
Channels-C12-H64,12,64,2380,422,noG,5,0,5.0,0.0,1.0399878000000058,1.435526213088838,1.451892841986043,0.3202342310650077,2.1316282072803006e-14
Channels-C12-H64,12,64,2380,422,noG,10,0,10.0,0.0,2.102756100000022,1.435526213088838,1.451892841986043,0.3202342310650077,2.1316282072803006e-14
Channels-C12-H64,12,64,2380,422,noG,15,0,15.0,0.0,3.2111012000000017,1.435526213088838,1.451892841986043,0.3202342310650077,2.1316282072803006e-14
Channels-C12-H64,12,64,2380,422,noG,20,0,20.0,0.0,4.326211300000011,1.435526213088838,1.451892841986043,0.3202342310650077,2.1316282072803006e-14
Channels-C12-H64,12,64,2380,422,noG,25,0,25.0,0.0,5.343093200000027,1.435526213088838,1.451892841986043,0.3202342310650077,2.1316282072803006e-14
Channels-C12-H64,12,64,2380,422,PPM-3,0,0,0.0,0.0,5.7999999967250915e-06,1.432315416694211,1.4567336293831799,0.3193048087699319,2.4868995751603507e-14
Channels-C12-H64,12,64,2380,422,PPM-3,5,0,15.0,0.0,0.34644670000000133,1.4335927592977218,1.4549709946910847,0.3195823235556072,2.1316282072803006e-14
Channels-C12-H64,12,64,2380,422,PPM-3,10,0,30.0,0.0,0.7119232000000011,1.4345447340330515,1.4535091039293646,0.3198668883384143,3.552713678800501e-14
Channels-C12-H64,12,64,2380,422,PPM-3,15,0,45.0,0.0,1.1297411999999838,1.4352988572602394,1.4522201678414721,0.3201586763691498,3.197442310920451e-14
Channels-C12-H64,12,64,2380,422,PPM-3,20,0,60.0,0.0,1.4994925999999964,1.4358920354688574,1.4510670092809848,0.32045783892202445,2.4868995751603507e-14
Channels-C12-H64,12,64,2380,422,PPM-3,25,0,75.0,0.0,1.8889108999999848,1.4364109164739083,1.4499627117614127,0.32076450519338073,2.1316282072803006e-14
Channels-C12-H64,12,64,2380,423,QP+G,0,0,0.0,0.0,4.700000005186666e-06,1.3879095304754803,1.480448395047332,0.32625934788236793,3.552713678800501e-14
Channels-C12-H64,12,64,2380,423,QP+G,5,0,5.0,5.0,2.31223829999999,1.3912603613000671,1.4701788823140878,0.3253535622585205,3.552713678800501e-14
Channels-C12-H64,12,64,2380,423,QP+G,10,0,10.0,10.0,4.732445799999994,1.3943692155359355,1.4602738045575814,0.32455255536608385,2.842170943040401e-14
Channels-C12-H64,12,64,2380,423,QP+G,15,0,15.0,15.0,7.145657499999999,1.3971773938122225,1.4507998052963176,0.3238764049149268,2.842170943040401e-14
Channels-C12-H64,12,64,2380,423,QP+G,20,0,20.0,20.0,9.511536299999989,1.3998439759172512,1.441622121965585,0.3233431264376122,2.842170943040401e-14
Channels-C12-H64,12,64,2380,423,QP+G,25,0,25.0,25.0,11.909302699999984,1.4023970451815395,1.4327391931194868,0.3229684168597643,2.842170943040401e-14
Channels-C12-H64,12,64,2380,423,noG,0,0,0.0,0.0,7.600000003549212e-06,1.3879095304754803,1.480448395047332,0.32625934788236793,3.552713678800501e-14
Channels-C12-H64,12,64,2380,423,noG,5,0,5.0,0.0,1.055630100000002,1.3879095304754803,1.480448395047332,0.32625934788236793,3.552713678800501e-14
Channels-C12-H64,12,64,2380,423,noG,10,0,10.0,0.0,2.1045541999999955,1.3879095304754803,1.480448395047332,0.32625934788236793,3.552713678800501e-14
Channels-C12-H64,12,64,2380,423,noG,15,0,15.0,0.0,3.190378199999998,1.3879095304754803,1.480448395047332,0.32625934788236793,3.552713678800501e-14
Channels-C12-H64,12,64,2380,423,noG,20,0,20.0,0.0,4.318236299999995,1.3879095304754803,1.480448395047332,0.32625934788236793,3.552713678800501e-14
Channels-C12-H64,12,64,2380,423,noG,25,0,25.0,0.0,5.383925799999986,1.3879095304754803,1.480448395047332,0.32625934788236793,3.552713678800501e-14
Channels-C12-H64,12,64,2380,423,PPM-3,0,0,0.0,0.0,5.29999999798747e-06,1.3879095304754803,1.480448395047332,0.32625934788236793,3.552713678800501e-14
Channels-C12-H64,12,64,2380,423,PPM-3,5,0,15.0,0.0,0.3431187000000193,1.3865392672406291,1.4818148991398457,0.3261057920670974,2.1316282072803006e-14
Channels-C12-H64,12,64,2380,423,PPM-3,10,0,30.0,0.0,0.7139232000000106,1.38516563378283,1.4831559698074157,0.3259548084840747,3.552713678800501e-14
Channels-C12-H64,12,64,2380,423,PPM-3,15,0,45.0,0.0,1.056907200000012,1.3836963416448087,1.4845636740956454,0.32580662010587763,2.842170943040401e-14
Channels-C12-H64,12,64,2380,423,PPM-3,20,0,60.0,0.0,1.403431100000006,1.3822026041904807,1.4859665814792749,0.3256614470765005,2.842170943040401e-14
Channels-C12-H64,12,64,2380,423,PPM-3,25,0,75.0,0.0,1.8059781999999984,1.3807038581739202,1.487345042269186,0.3255195082825327,2.842170943040401e-14
Channels-C12-H64,12,64,2380,424,QP+G,0,0,0.0,0.0,4.39999999457541e-06,1.4048377034365847,1.5149657353886523,0.3196647452701668,3.552713678800501e-14
Channels-C12-H64,12,64,2380,424,QP+G,5,0,5.0,5.0,2.4767492999999945,1.4048377034365847,1.5149657353886523,0.3196647452701668,3.552713678800501e-14
Channels-C12-H64,12,64,2380,424,QP+G,10,0,10.0,10.0,4.8909657000000095,1.4048377034365847,1.5149657353886523,0.3196647452701668,3.552713678800501e-14
Channels-C12-H64,12,64,2380,424,QP+G,15,0,15.0,15.0,7.215011400000009,1.4048377034365847,1.5149657353886523,0.3196647452701668,3.552713678800501e-14
Channels-C12-H64,12,64,2380,424,QP+G,20,0,20.0,20.0,9.603933100000006,1.4048377034365847,1.5149657353886523,0.3196647452701668,3.552713678800501e-14
Channels-C12-H64,12,64,2380,424,QP+G,25,0,25.0,25.0,12.223936699999996,1.4048377034365847,1.5149657353886523,0.3196647452701668,3.552713678800501e-14
Channels-C12-H64,12,64,2380,424,noG,0,0,0.0,0.0,5.599999980177017e-06,1.4048377034365847,1.5149657353886523,0.3196647452701668,3.552713678800501e-14
Channels-C12-H64,12,64,2380,424,noG,5,0,5.0,0.0,1.0827117999999984,1.4048377034365847,1.5149657353886523,0.3196647452701668,3.552713678800501e-14
Channels-C12-H64,12,64,2380,424,noG,10,0,10.0,0.0,2.160490699999997,1.4048377034365847,1.5149657353886523,0.3196647452701668,3.552713678800501e-14
Channels-C12-H64,12,64,2380,424,noG,15,0,15.0,0.0,3.223464999999976,1.4048377034365847,1.5149657353886523,0.3196647452701668,3.552713678800501e-14
Channels-C12-H64,12,64,2380,424,noG,20,0,20.0,0.0,4.354994799999986,1.4048377034365847,1.5149657353886523,0.3196647452701668,3.552713678800501e-14
Channels-C12-H64,12,64,2380,424,noG,25,0,25.0,0.0,5.417574099999996,1.4048377034365847,1.5149657353886523,0.3196647452701668,3.552713678800501e-14
Channels-C12-H64,12,64,2380,424,PPM-3,0,0,0.0,0.0,9.099999999762076e-06,1.4048377034365847,1.5149657353886523,0.3196647452701668,3.552713678800501e-14
Channels-C12-H64,12,64,2380,424,PPM-3,5,0,15.0,0.0,0.3573823000000118,1.4042931600884268,1.51448851330087,0.3199998796463317,2.1316282072803006e-14
Channels-C12-H64,12,64,2380,424,PPM-3,10,0,30.0,0.0,0.714365000000015,1.403648944991962,1.5140825086653624,0.3203308054612155,2.842170943040401e-14
Channels-C12-H64,12,64,2380,424,PPM-3,15,0,45.0,0.0,1.0864591000000132,1.402903978495201,1.5137484312133749,0.32065742992409385,2.1316282072803006e-14
Channels-C12-H64,12,64,2380,424,PPM-3,20,0,60.0,0.0,1.4198293000000035,1.4020876391158024,1.5134565341424162,0.3209796653921288,2.842170943040401e-14
Channels-C12-H64,12,64,2380,424,PPM-3,25,0,75.0,0.0,1.7743063000000063,1.4011744784609013,1.5132318991414473,0.32129743040913866,4.263256414560601e-14
Channels-C12-H64,12,64,2380,425,QP+G,0,0,0.0,0.0,5.29999999798747e-06,1.4616138086868655,1.3599436393314572,0.29966133041217036,2.842170943040401e-14
Channels-C12-H64,12,64,2380,425,QP+G,5,0,5.0,5.0,2.544986999999992,1.4616138086868655,1.3599436393314572,0.29966133041217036,2.842170943040401e-14
Channels-C12-H64,12,64,2380,425,QP+G,10,0,10.0,10.0,5.043257900000015,1.4616138086868655,1.3599436393314572,0.29966133041217036,2.842170943040401e-14
Channels-C12-H64,12,64,2380,425,QP+G,15,0,15.0,15.0,7.552105600000004,1.4616138086868655,1.3599436393314572,0.29966133041217036,2.842170943040401e-14
Channels-C12-H64,12,64,2380,425,QP+G,20,0,20.0,20.0,10.299047999999999,1.4616138086868655,1.3599436393314572,0.29966133041217036,2.842170943040401e-14
Channels-C12-H64,12,64,2380,425,QP+G,25,0,25.0,25.0,13.225707199999988,1.4616138086868655,1.3599436393314572,0.29966133041217036,2.842170943040401e-14
Channels-C12-H64,12,64,2380,425,noG,0,0,0.0,0.0,1.2400000002799061e-05,1.4616138086868655,1.3599436393314572,0.29966133041217036,2.842170943040401e-14
Channels-C12-H64,12,64,2380,425,noG,5,0,5.0,0.0,1.1533143000000052,1.4616138086868655,1.3599436393314572,0.29966133041217036,2.842170943040401e-14
Channels-C12-H64,12,64,2380,425,noG,10,0,10.0,0.0,2.261815100000007,1.4616138086868655,1.3599436393314572,0.29966133041217036,2.842170943040401e-14
Channels-C12-H64,12,64,2380,425,noG,15,0,15.0,0.0,3.4076201999999967,1.4616138086868655,1.3599436393314572,0.29966133041217036,2.842170943040401e-14
Channels-C12-H64,12,64,2380,425,noG,20,0,20.0,0.0,4.541204600000015,1.4616138086868655,1.3599436393314572,0.29966133041217036,2.842170943040401e-14
Channels-C12-H64,12,64,2380,425,noG,25,0,25.0,0.0,5.629990800000002,1.4616138086868655,1.3599436393314572,0.29966133041217036,2.842170943040401e-14
Channels-C12-H64,12,64,2380,425,PPM-3,0,0,0.0,0.0,5.999999984851456e-06,1.4616138086868655,1.3599436393314572,0.29966133041217036,2.842170943040401e-14
Channels-C12-H64,12,64,2380,425,PPM-3,5,0,15.0,0.0,0.3732572999999775,1.4608565980003225,1.360691421628131,0.3001439777543321,2.842170943040401e-14
Channels-C12-H64,12,64,2380,425,PPM-3,10,0,30.0,0.0,0.7143134999999745,1.46003207860278,1.3614796082121596,0.30063276748534573,2.1316282072803006e-14
Channels-C12-H64,12,64,2380,425,PPM-3,15,0,45.0,0.0,1.0779438999999797,1.4590663907372305,1.362381657326131,0.30112755768237354,2.842170943040401e-14
Channels-C12-H64,12,64,2380,425,PPM-3,20,0,60.0,0.0,1.5242079999999874,1.457893610617968,1.363463093435826,0.30162818296904387,2.842170943040401e-14
Channels-C12-H64,12,64,2380,425,PPM-3,25,0,75.0,0.0,1.884927499999975,1.456621522153983,1.364615735607212,0.3021344532688844,2.1316282072803006e-14
Channels-C12-H64,12,64,2380,426,QP+G,0,0,0.0,0.0,6.299999995462713e-06,1.4072870347577136,1.4967320411203773,0.32593113045121247,2.842170943040401e-14
Channels-C12-H64,12,64,2380,426,QP+G,5,0,5.0,5.0,2.4136594999999943,1.4072870347577136,1.4967320411203773,0.32593113045121247,2.842170943040401e-14
Channels-C12-H64,12,64,2380,426,QP+G,10,0,10.0,10.0,4.782168299999995,1.4072870347577136,1.4967320411203773,0.32593113045121247,2.842170943040401e-14
Channels-C12-H64,12,64,2380,426,QP+G,15,0,15.0,15.0,7.028691699999996,1.4072870347577136,1.4967320411203773,0.32593113045121247,2.842170943040401e-14
Channels-C12-H64,12,64,2380,426,QP+G,20,0,20.0,20.0,9.413957699999997,1.4072870347577136,1.4967320411203773,0.32593113045121247,2.842170943040401e-14
Channels-C12-H64,12,64,2380,426,QP+G,25,0,25.0,25.0,11.721161999999993,1.4072870347577136,1.4967320411203773,0.32593113045121247,2.842170943040401e-14
Channels-C12-H64,12,64,2380,426,noG,0,0,0.0,0.0,6.399999989525895e-06,1.4072870347577136,1.4967320411203773,0.32593113045121247,2.842170943040401e-14
Channels-C12-H64,12,64,2380,426,noG,5,0,5.0,0.0,1.0825850999999886,1.4072870347577136,1.4967320411203773,0.32593113045121247,2.842170943040401e-14
Channels-C12-H64,12,64,2380,426,noG,10,0,10.0,0.0,2.113794899999988,1.4072870347577136,1.4967320411203773,0.32593113045121247,2.842170943040401e-14
Channels-C12-H64,12,64,2380,426,noG,15,0,15.0,0.0,3.1772136999999816,1.4072870347577136,1.4967320411203773,0.32593113045121247,2.842170943040401e-14
Channels-C12-H64,12,64,2380,426,noG,20,0,20.0,0.0,4.233655999999968,1.4072870347577136,1.4967320411203773,0.32593113045121247,2.842170943040401e-14
Channels-C12-H64,12,64,2380,426,noG,25,0,25.0,0.0,5.270840899999968,1.4072870347577136,1.4967320411203773,0.32593113045121247,2.842170943040401e-14
Channels-C12-H64,12,64,2380,426,PPM-3,0,0,0.0,0.0,5.900000019209983e-06,1.4072870347577136,1.4967320411203773,0.32593113045121247,2.842170943040401e-14
Channels-C12-H64,12,64,2380,426,PPM-3,5,0,15.0,0.0,0.39071960000001127,1.4058916859009782,1.4974023045607971,0.3263737591357199,2.842170943040401e-14
Channels-C12-H64,12,64,2380,426,PPM-3,10,0,30.0,0.0,0.7337165000000141,1.4044158293960143,1.4981263737176551,0.3268162590380382,2.1316282072803006e-14
Channels-C12-H64,12,64,2380,426,PPM-3,15,0,45.0,0.0,1.0795029000000227,1.4028941627499625,1.498869054937684,0.32725860626366826,2.842170943040401e-14
Channels-C12-H64,12,64,2380,426,PPM-3,20,0,60.0,0.0,1.4683203000000162,1.4013090915379194,1.4996474418452328,0.32770075974900614,2.842170943040401e-14
Channels-C12-H64,12,64,2380,426,PPM-3,25,0,75.0,0.0,1.8420966000000476,1.399662422178993,1.5004592224040325,0.32814266210692394,2.842170943040401e-14
Channels-C12-H64,12,64,2380,427,QP+G,0,0,0.0,0.0,6.499999983589078e-06,1.4278966474636698,1.5495062741755379,0.32908225790712414,2.842170943040401e-14
Channels-C12-H64,12,64,2380,427,QP+G,5,0,5.0,5.0,2.225828999999976,1.427911686021958,1.545730420091015,0.32929112496851615,3.552713678800501e-14
Channels-C12-H64,12,64,2380,427,QP+G,10,0,10.0,10.0,4.214662999999973,1.427911686021958,1.545730420091015,0.32929112496851615,3.552713678800501e-14
Channels-C12-H64,12,64,2380,427,QP+G,15,0,15.0,15.0,6.343720599999983,1.427911686021958,1.545730420091015,0.32929112496851615,3.552713678800501e-14
Channels-C12-H64,12,64,2380,427,QP+G,20,0,20.0,20.0,8.459436100000005,1.427911686021958,1.545730420091015,0.32929112496851615,3.552713678800501e-14
Channels-C12-H64,12,64,2380,427,QP+G,25,0,25.0,25.0,10.606198899999981,1.427911686021958,1.545730420091015,0.32929112496851615,3.552713678800501e-14
Channels-C12-H64,12,64,2380,427,noG,0,0,0.0,0.0,5.6999999742402e-06,1.4278966474636698,1.5495062741755379,0.32908225790712414,2.842170943040401e-14
Channels-C12-H64,12,64,2380,427,noG,5,0,5.0,0.0,1.0969291999999768,1.4278966474636698,1.5495062741755379,0.32908225790712414,2.842170943040401e-14
Channels-C12-H64,12,64,2380,427,noG,10,0,10.0,0.0,2.1375194999999962,1.4278966474636698,1.5495062741755379,0.32908225790712414,2.842170943040401e-14
Channels-C12-H64,12,64,2380,427,noG,15,0,15.0,0.0,3.273607699999957,1.4278966474636698,1.5495062741755379,0.32908225790712414,2.842170943040401e-14
Channels-C12-H64,12,64,2380,427,noG,20,0,20.0,0.0,4.301468199999988,1.4278966474636698,1.5495062741755379,0.32908225790712414,2.842170943040401e-14
Channels-C12-H64,12,64,2380,427,noG,25,0,25.0,0.0,5.326145099999962,1.4278966474636698,1.5495062741755379,0.32908225790712414,2.842170943040401e-14
Channels-C12-H64,12,64,2380,427,PPM-3,0,0,0.0,0.0,6.100000007336348e-06,1.4278966474636698,1.5495062741755379,0.32908225790712414,2.842170943040401e-14
Channels-C12-H64,12,64,2380,427,PPM-3,5,0,15.0,0.0,0.36608960000000934,1.4284167468204616,1.549000169537026,0.32965829642970534,3.197442310920451e-14
Channels-C12-H64,12,64,2380,427,PPM-3,10,0,30.0,0.0,0.750494700000047,1.4286786154602862,1.5487127543720838,0.33024421890033745,2.842170943040401e-14
Channels-C12-H64,12,64,2380,427,PPM-3,15,0,45.0,0.0,1.1599639000000366,1.4287411347653494,1.5485845823283595,0.3308395268375349,2.1316282072803006e-14
Channels-C12-H64,12,64,2380,427,PPM-3,20,0,60.0,0.0,1.5629383000000416,1.4287469918495932,1.5484724009792574,0.33144371739852024,2.842170943040401e-14
Channels-C12-H64,12,64,2380,427,PPM-3,25,0,75.0,0.0,1.9071292000000426,1.4286439816069072,1.5484278497688873,0.332056284666729,2.1316282072803006e-14
Width-C8-H8,8,8,208,400,QP+G,0,0,0.0,0.0,3.800000001774606e-06,1.1412216878264214,1.4170834706464746,0.1989730126932108,2.842170943040401e-14
Width-C8-H8,8,8,208,400,QP+G,5,0,5.0,5.0,0.4053104999999846,1.1412216878264214,1.4170834706464746,0.1989730126932108,2.842170943040401e-14
Width-C8-H8,8,8,208,400,QP+G,10,0,10.0,10.0,0.8347641999999951,1.1412216878264214,1.4170834706464746,0.1989730126932108,2.842170943040401e-14
Width-C8-H8,8,8,208,400,QP+G,15,0,15.0,15.0,1.2746412000000191,1.1412216878264214,1.4170834706464746,0.1989730126932108,2.842170943040401e-14
Width-C8-H8,8,8,208,400,QP+G,20,0,20.0,20.0,1.7037371999999777,1.1412216878264214,1.4170834706464746,0.1989730126932108,2.842170943040401e-14
Width-C8-H8,8,8,208,400,QP+G,25,0,25.0,25.0,2.150049500000023,1.1412216878264214,1.4170834706464746,0.1989730126932108,2.842170943040401e-14
Width-C8-H8,8,8,208,400,noG,0,0,0.0,0.0,4.099999955542444e-06,1.1412216878264214,1.4170834706464746,0.1989730126932108,2.842170943040401e-14
Width-C8-H8,8,8,208,400,noG,5,0,5.0,0.0,0.19338799999997036,1.1412216878264214,1.4170834706464746,0.1989730126932108,2.842170943040401e-14
Width-C8-H8,8,8,208,400,noG,10,0,10.0,0.0,0.39799099999999044,1.1412216878264214,1.4170834706464746,0.1989730126932108,2.842170943040401e-14
Width-C8-H8,8,8,208,400,noG,15,0,15.0,0.0,0.584680599999956,1.1412216878264214,1.4170834706464746,0.1989730126932108,2.842170943040401e-14
Width-C8-H8,8,8,208,400,noG,20,0,20.0,0.0,0.8067507999999748,1.1412216878264214,1.4170834706464746,0.1989730126932108,2.842170943040401e-14
Width-C8-H8,8,8,208,400,noG,25,0,25.0,0.0,1.0110098999999764,1.1412216878264214,1.4170834706464746,0.1989730126932108,2.842170943040401e-14
Width-C8-H8,8,8,208,400,PPM-3,0,0,0.0,0.0,4.699999976764957e-06,1.1412216878264214,1.4170834706464746,0.1989730126932108,2.842170943040401e-14
Width-C8-H8,8,8,208,400,PPM-3,5,0,15.0,0.0,0.061201399999958994,1.1410784116874535,1.4171338860074811,0.19911658745050556,2.1316282072803006e-14
Width-C8-H8,8,8,208,400,PPM-3,10,0,30.0,0.0,0.1353778999999804,1.1409261692551582,1.4171807278668056,0.1992674840294156,2.842170943040401e-14
Width-C8-H8,8,8,208,400,PPM-3,15,0,45.0,0.0,0.19599369999997407,1.1407336956586793,1.41725520228303,0.19942582526299135,2.1316282072803006e-14
Width-C8-H8,8,8,208,400,PPM-3,20,0,60.0,0.0,0.2555406999999832,1.1405388421848692,1.4173193993303514,0.19959173276283343,2.1316282072803006e-14
Width-C8-H8,8,8,208,400,PPM-3,25,0,75.0,0.0,0.3227073999999561,1.1403247737445885,1.4173900956223853,0.1997653267902711,1.4210854715202004e-14
Width-C8-H8,8,8,208,401,QP+G,0,0,0.0,0.0,3.5000000480067683e-06,1.1559150982032704,1.290971162144838,0.22448898071082046,2.1316282072803006e-14
Width-C8-H8,8,8,208,401,QP+G,5,0,5.0,5.0,0.46437080000004016,1.1465971063883083,1.2962282977298378,0.2213449583781605,2.1316282072803006e-14
Width-C8-H8,8,8,208,401,QP+G,10,0,10.0,10.0,0.896868100000006,1.1371711717749053,1.3009158627072606,0.2187444980285407,1.4210854715202004e-14
Width-C8-H8,8,8,208,401,QP+G,15,0,15.0,15.0,1.3115430999999944,1.1278862892820636,1.3047621603622364,0.21666969626704322,1.4210854715202004e-14
Width-C8-H8,8,8,208,401,QP+G,20,0,20.0,20.0,1.7649962000000414,1.1204612341701103,1.3073191270181634,0.21535159127886427,1.4210854715202004e-14
Width-C8-H8,8,8,208,401,QP+G,25,0,25.0,25.0,2.1831945000000132,1.1204612341701103,1.3073191270181634,0.21535159127886427,1.4210854715202004e-14
Width-C8-H8,8,8,208,401,noG,0,0,0.0,0.0,5.399999963628943e-06,1.1559150982032704,1.290971162144838,0.22448898071082046,2.1316282072803006e-14
Width-C8-H8,8,8,208,401,noG,5,0,5.0,0.0,0.17234539999998333,1.1465971063883083,1.2962282977298378,0.2213449583781605,2.1316282072803006e-14
Width-C8-H8,8,8,208,401,noG,10,0,10.0,0.0,0.3698985999999991,1.1371711717749053,1.3009158627072606,0.2187444980285407,1.4210854715202004e-14
Width-C8-H8,8,8,208,401,noG,15,0,15.0,0.0,0.5765149000000065,1.1278862892820636,1.3047621603622364,0.21666969626704322,1.4210854715202004e-14
Width-C8-H8,8,8,208,401,noG,20,0,20.0,0.0,0.7803652999999713,1.1204612341701103,1.3073191270181634,0.21535159127886427,1.4210854715202004e-14
Width-C8-H8,8,8,208,401,noG,25,0,25.0,0.0,0.9739352999999937,1.1204612341701103,1.3073191270181634,0.21535159127886427,1.4210854715202004e-14
Width-C8-H8,8,8,208,401,PPM-3,0,0,0.0,0.0,4.400000022997119e-06,1.1559150982032704,1.290971162144838,0.22448898071082046,2.1316282072803006e-14
Width-C8-H8,8,8,208,401,PPM-3,5,0,15.0,0.0,0.06683540000000221,1.1547537467252595,1.2916517496014117,0.2240757655317524,1.4210854715202004e-14
Width-C8-H8,8,8,208,401,PPM-3,10,0,30.0,0.0,0.1384649999999965,1.1535942900255496,1.292320175666377,0.22367037452226726,2.1316282072803006e-14
Width-C8-H8,8,8,208,401,PPM-3,15,0,45.0,0.0,0.2056660000000079,1.1524367633182622,1.2929763494595026,0.22327294538595968,2.1316282072803006e-14
Width-C8-H8,8,8,208,401,PPM-3,20,0,60.0,0.0,0.2960489000000166,1.1512811988499778,1.2936201843860151,0.22288359404693844,2.1316282072803006e-14
Width-C8-H8,8,8,208,401,PPM-3,25,0,75.0,0.0,0.3615092000000004,1.1501276261473496,1.294251597846414,0.22250241551250727,2.842170943040401e-14
Width-C8-H8,8,8,208,402,QP+G,0,0,0.0,0.0,4.499999988638592e-06,1.100954811738165,1.4191214126990395,0.2214521450105155,1.4210854715202004e-14
Width-C8-H8,8,8,208,402,QP+G,5,0,5.0,5.0,0.4418946000000119,1.100954811738165,1.4191214126990395,0.2214521450105155,1.4210854715202004e-14
Width-C8-H8,8,8,208,402,QP+G,10,0,10.0,10.0,0.9222589000000312,1.100954811738165,1.4191214126990395,0.2214521450105155,1.4210854715202004e-14
Width-C8-H8,8,8,208,402,QP+G,15,0,15.0,15.0,1.3605656000000295,1.100954811738165,1.4191214126990395,0.2214521450105155,1.4210854715202004e-14
Width-C8-H8,8,8,208,402,QP+G,20,0,20.0,20.0,1.802766599999984,1.100954811738165,1.4191214126990395,0.2214521450105155,1.4210854715202004e-14
Width-C8-H8,8,8,208,402,QP+G,25,0,25.0,25.0,2.2522549000000254,1.100954811738165,1.4191214126990395,0.2214521450105155,1.4210854715202004e-14
Width-C8-H8,8,8,208,402,noG,0,0,0.0,0.0,5.499999986113835e-06,1.100954811738165,1.4191214126990395,0.2214521450105155,1.4210854715202004e-14
Width-C8-H8,8,8,208,402,noG,5,0,5.0,0.0,0.19825200000002496,1.100954811738165,1.4191214126990395,0.2214521450105155,1.4210854715202004e-14
Width-C8-H8,8,8,208,402,noG,10,0,10.0,0.0,0.38283930000000055,1.100954811738165,1.4191214126990395,0.2214521450105155,1.4210854715202004e-14
Width-C8-H8,8,8,208,402,noG,15,0,15.0,0.0,0.5857482999999775,1.100954811738165,1.4191214126990395,0.2214521450105155,1.4210854715202004e-14
Width-C8-H8,8,8,208,402,noG,20,0,20.0,0.0,0.8057954999999879,1.100954811738165,1.4191214126990395,0.2214521450105155,1.4210854715202004e-14
Width-C8-H8,8,8,208,402,noG,25,0,25.0,0.0,1.0207209999999804,1.100954811738165,1.4191214126990395,0.2214521450105155,1.4210854715202004e-14
Width-C8-H8,8,8,208,402,PPM-3,0,0,0.0,0.0,5.900000019209983e-06,1.100954811738165,1.4191214126990395,0.2214521450105155,1.4210854715202004e-14
Width-C8-H8,8,8,208,402,PPM-3,5,0,15.0,0.0,0.0683945000000108,1.09999097829614,1.4191678975848572,0.22197565671625014,2.1316282072803006e-14
Width-C8-H8,8,8,208,402,PPM-3,10,0,30.0,0.0,0.13710300000002462,1.099025445590621,1.4192034217252307,0.22250954684013768,2.1316282072803006e-14
Width-C8-H8,8,8,208,402,PPM-3,15,0,45.0,0.0,0.20261490000001459,1.098058110916054,1.4192279711679192,0.22305382045852437,1.4210854715202004e-14
Width-C8-H8,8,8,208,402,PPM-3,20,0,60.0,0.0,0.26548580000002175,1.0970888709339632,1.4192415298846865,0.2236084737367697,2.1316282072803006e-14
Width-C8-H8,8,8,208,402,PPM-3,25,0,75.0,0.0,0.33563290000000734,1.0961176217888855,1.4192440796438228,0.22417349325478314,2.1316282072803006e-14
Width-C8-H8,8,8,208,403,QP+G,0,0,0.0,0.0,4.600000011123484e-06,1.0653356573463835,1.3258111195004478,0.18477495825928208,1.4210854715202004e-14
Width-C8-H8,8,8,208,403,QP+G,5,0,5.0,5.0,0.4567486000000258,1.0658176830186536,1.3217590697831767,0.18436559254620777,1.4210854715202004e-14
Width-C8-H8,8,8,208,403,QP+G,10,0,10.0,10.0,0.8947575999999913,1.0663152108286449,1.3177183498559921,0.1839736813949864,1.4210854715202004e-14
Width-C8-H8,8,8,208,403,QP+G,15,0,15.0,15.0,1.3476939000000243,1.066825621940814,1.3136918986334503,0.18359863803651028,1.4210854715202004e-14
Width-C8-H8,8,8,208,403,QP+G,20,0,20.0,20.0,1.7658445000000142,1.0673374652003433,1.3096914162126465,0.18323982561126612,1.4210854715202004e-14
Width-C8-H8,8,8,208,403,QP+G,25,0,25.0,25.0,2.1970610000000192,1.0678636254089644,1.3057042029704358,0.18289656329769488,2.842170943040401e-14
Width-C8-H8,8,8,208,403,noG,0,0,0.0,0.0,4.3999999661537e-06,1.0653356573463835,1.3258111195004478,0.18477495825928208,1.4210854715202004e-14
Width-C8-H8,8,8,208,403,noG,5,0,5.0,0.0,0.22104769999998553,1.0653356573463835,1.3258111195004478,0.18477495825928208,1.4210854715202004e-14
Width-C8-H8,8,8,208,403,noG,10,0,10.0,0.0,0.4092681999999854,1.0653356573463835,1.3258111195004478,0.18477495825928208,1.4210854715202004e-14
Width-C8-H8,8,8,208,403,noG,15,0,15.0,0.0,0.5902276999999572,1.0653356573463835,1.3258111195004478,0.18477495825928208,1.4210854715202004e-14
Width-C8-H8,8,8,208,403,noG,20,0,20.0,0.0,0.77467919999998,1.0653356573463835,1.3258111195004478,0.18477495825928208,1.4210854715202004e-14
Width-C8-H8,8,8,208,403,noG,25,0,25.0,0.0,0.9671559999999886,1.0653356573463835,1.3258111195004478,0.18477495825928208,1.4210854715202004e-14
Width-C8-H8,8,8,208,403,PPM-3,0,0,0.0,0.0,5.400000020472362e-06,1.0653356573463835,1.3258111195004478,0.18477495825928208,1.4210854715202004e-14
Width-C8-H8,8,8,208,403,PPM-3,5,0,15.0,0.0,0.06401160000001482,1.0656347550093404,1.3256990248347773,0.18504993293025646,2.1316282072803006e-14
Width-C8-H8,8,8,208,403,PPM-3,10,0,30.0,0.0,0.1459237999999914,1.065936710360308,1.325569071353894,0.1853278600682408,1.4210854715202004e-14
Width-C8-H8,8,8,208,403,PPM-3,15,0,45.0,0.0,0.211443700000018,1.0662414466581758,1.325421221655197,0.18560868036221376,2.1316282072803006e-14
Width-C8-H8,8,8,208,403,PPM-3,20,0,60.0,0.0,0.2735834000000068,1.0665443296238548,1.3252599977565591,0.1858923344739851,2.842170943040401e-14
Width-C8-H8,8,8,208,403,PPM-3,25,0,75.0,0.0,0.3396974000000341,1.0668237226282729,1.3251069259145936,0.18617876308874254,2.842170943040401e-14
Width-C8-H8,8,8,208,404,QP+G,0,0,0.0,0.0,7.699999969190685e-06,1.1324665513420433,1.1137495260991457,0.19636540046857023,2.1316282072803006e-14
Width-C8-H8,8,8,208,404,QP+G,5,0,5.0,5.0,0.4352529999999888,1.1284896884012148,1.1141239270255863,0.1952522871481808,2.1316282072803006e-14
Width-C8-H8,8,8,208,404,QP+G,10,0,10.0,10.0,0.923948600000017,1.1238959118086607,1.1129454055292345,0.19403771995883304,2.1316282072803006e-14
Width-C8-H8,8,8,208,404,QP+G,15,0,15.0,15.0,1.389072399999975,1.1188047622194333,1.1113495099943353,0.192784904242672,2.1316282072803006e-14
Width-C8-H8,8,8,208,404,QP+G,20,0,20.0,20.0,1.875398099999984,1.1134680390655507,1.1095208420293725,0.19150209859626705,2.1316282072803006e-14
Width-C8-H8,8,8,208,404,QP+G,25,0,25.0,25.0,2.3338984000000096,1.1080094247876149,1.1073556975972911,0.19017393046483105,2.1316282072803006e-14
Width-C8-H8,8,8,208,404,noG,0,0,0.0,0.0,5.400000020472362e-06,1.1324665513420433,1.1137495260991457,0.19636540046857023,2.1316282072803006e-14
Width-C8-H8,8,8,208,404,noG,5,0,5.0,0.0,0.20211260000002085,1.1284896884012148,1.1141239270255863,0.1952522871481808,2.1316282072803006e-14
Width-C8-H8,8,8,208,404,noG,10,0,10.0,0.0,0.4216963000000078,1.123776896402174,1.11471998462591,0.1941205673443649,2.1316282072803006e-14
Width-C8-H8,8,8,208,404,noG,15,0,15.0,0.0,0.631839599999978,1.118317836004423,1.1155447058517922,0.19301441288284515,2.1316282072803006e-14
Width-C8-H8,8,8,208,404,noG,20,0,20.0,0.0,0.8329481000000101,1.1124549339280667,1.1162544579640563,0.19196034556223665,2.1316282072803006e-14
Width-C8-H8,8,8,208,404,noG,25,0,25.0,0.0,1.0505481000000145,1.1064980148983228,1.116540498503109,0.19096840607956117,1.4210854715202004e-14
Width-C8-H8,8,8,208,404,PPM-3,0,0,0.0,0.0,4.799999999249849e-06,1.1324665513420433,1.1137495260991457,0.19636540046857023,2.1316282072803006e-14
Width-C8-H8,8,8,208,404,PPM-3,5,0,15.0,0.0,0.058163699999965957,1.132027116484346,1.1137590699212447,0.19622879530306545,2.842170943040401e-14
Width-C8-H8,8,8,208,404,PPM-3,10,0,30.0,0.0,0.11538469999999279,1.1315798092199092,1.113768487355272,0.196091121914923,2.1316282072803006e-14
Width-C8-H8,8,8,208,404,PPM-3,15,0,45.0,0.0,0.17341699999997218,1.1311276503438883,1.1137747479926818,0.19595250525190053,1.4210854715202004e-14
Width-C8-H8,8,8,208,404,PPM-3,20,0,60.0,0.0,0.24053570000000946,1.1306365588969711,1.1138119235800097,0.19581306673606633,1.4210854715202004e-14
Width-C8-H8,8,8,208,404,PPM-3,25,0,75.0,0.0,0.3008201000000099,1.130112785328799,1.1138737548660849,0.19567292412842102,1.4210854715202004e-14
Width-C8-H8,8,8,208,405,QP+G,0,0,0.0,0.0,3.6999999792897142e-06,1.1545967861269821,1.4052920555571926,0.1705700932588962,2.1316282072803006e-14
Width-C8-H8,8,8,208,405,QP+G,5,0,5.0,5.0,0.49451770000001716,1.1552662857119702,1.4024622892244563,0.17025460131839107,2.1316282072803006e-14
Width-C8-H8,8,8,208,405,QP+G,10,0,10.0,10.0,0.9618133000000171,1.155353080141574,1.4011541675936379,0.17025153953700908,2.842170943040401e-14
Width-C8-H8,8,8,208,405,QP+G,15,0,15.0,15.0,1.421594299999981,1.155353080141574,1.4011541675936379,0.17025153953700908,2.842170943040401e-14
Width-C8-H8,8,8,208,405,QP+G,20,0,20.0,20.0,1.8707656999999926,1.155353080141574,1.4011541675936379,0.17025153953700908,2.842170943040401e-14
Width-C8-H8,8,8,208,405,QP+G,25,0,25.0,25.0,2.3421405999999934,1.155353080141574,1.4011541675936379,0.17025153953700908,2.842170943040401e-14
Width-C8-H8,8,8,208,405,noG,0,0,0.0,0.0,4.899999964891322e-06,1.1545967861269821,1.4052920555571926,0.1705700932588962,2.1316282072803006e-14
Width-C8-H8,8,8,208,405,noG,5,0,5.0,0.0,0.19623439999998027,1.1552662857119702,1.4024622892244563,0.17025460131839107,2.1316282072803006e-14
Width-C8-H8,8,8,208,405,noG,10,0,10.0,0.0,0.3836906999999883,1.155353080141574,1.4011541675936379,0.17025153953700908,2.842170943040401e-14
Width-C8-H8,8,8,208,405,noG,15,0,15.0,0.0,0.5808187000000089,1.155353080141574,1.4011541675936379,0.17025153953700908,2.842170943040401e-14
Width-C8-H8,8,8,208,405,noG,20,0,20.0,0.0,0.7860251999999832,1.155353080141574,1.4011541675936379,0.17025153953700908,2.842170943040401e-14
Width-C8-H8,8,8,208,405,noG,25,0,25.0,0.0,0.9728491999999846,1.155353080141574,1.4011541675936379,0.17025153953700908,2.842170943040401e-14
Width-C8-H8,8,8,208,405,PPM-3,0,0,0.0,0.0,5.900000019209983e-06,1.1545967861269821,1.4052920555571926,0.1705700932588962,2.1316282072803006e-14
Width-C8-H8,8,8,208,405,PPM-3,5,0,15.0,0.0,0.0587219000000232,1.1546829016109934,1.4049543211152355,0.1705109745472235,1.4210854715202004e-14
Width-C8-H8,8,8,208,405,PPM-3,10,0,30.0,0.0,0.12020139999998491,1.1547691532027715,1.4046097173774694,0.17045809411162866,1.4210854715202004e-14
Width-C8-H8,8,8,208,405,PPM-3,15,0,45.0,0.0,0.19079400000003943,1.154855498326971,1.4042582396838956,0.17041149951956794,2.842170943040401e-14
Width-C8-H8,8,8,208,405,PPM-3,20,0,60.0,0.0,0.2539930000000368,1.1549418946506744,1.4038998824569906,0.1703712358657094,2.842170943040401e-14
Width-C8-H8,8,8,208,405,PPM-3,25,0,75.0,0.0,0.3202531000000022,1.1550283000934651,1.4035346391779335,0.1703373457568997,2.1316282072803006e-14
Width-C8-H8,8,8,208,406,QP+G,0,0,0.0,0.0,3.6000000136482413e-06,1.1288744866286928,1.389055563638965,0.24709705426354414,2.1316282072803006e-14
Width-C8-H8,8,8,208,406,QP+G,5,0,5.0,5.0,0.48258450000002995,1.1288744866286928,1.389055563638965,0.24709705426354414,2.1316282072803006e-14
Width-C8-H8,8,8,208,406,QP+G,10,0,10.0,10.0,0.9669508000000064,1.1288744866286928,1.389055563638965,0.24709705426354414,2.1316282072803006e-14
Width-C8-H8,8,8,208,406,QP+G,15,0,15.0,15.0,1.4399372000000312,1.1288744866286928,1.389055563638965,0.24709705426354414,2.1316282072803006e-14
Width-C8-H8,8,8,208,406,QP+G,20,0,20.0,20.0,1.910282900000027,1.1288744866286928,1.389055563638965,0.24709705426354414,2.1316282072803006e-14
Width-C8-H8,8,8,208,406,QP+G,25,0,25.0,25.0,2.3559247000000028,1.1288744866286928,1.389055563638965,0.24709705426354414,2.1316282072803006e-14
Width-C8-H8,8,8,208,406,noG,0,0,0.0,0.0,6.100000007336348e-06,1.1288744866286928,1.389055563638965,0.24709705426354414,2.1316282072803006e-14
Width-C8-H8,8,8,208,406,noG,5,0,5.0,0.0,0.20454910000000837,1.1288744866286928,1.389055563638965,0.24709705426354414,2.1316282072803006e-14
Width-C8-H8,8,8,208,406,noG,10,0,10.0,0.0,0.3964121000000205,1.1288744866286928,1.389055563638965,0.24709705426354414,2.1316282072803006e-14
Width-C8-H8,8,8,208,406,noG,15,0,15.0,0.0,0.582480099999998,1.1288744866286928,1.389055563638965,0.24709705426354414,2.1316282072803006e-14
Width-C8-H8,8,8,208,406,noG,20,0,20.0,0.0,0.7773645999999985,1.1288744866286928,1.389055563638965,0.24709705426354414,2.1316282072803006e-14
Width-C8-H8,8,8,208,406,noG,25,0,25.0,0.0,0.9723351000000093,1.1288744866286928,1.389055563638965,0.24709705426354414,2.1316282072803006e-14
Width-C8-H8,8,8,208,406,PPM-3,0,0,0.0,0.0,4.799999999249849e-06,1.1288744866286928,1.389055563638965,0.24709705426354414,2.1316282072803006e-14
Width-C8-H8,8,8,208,406,PPM-3,5,0,15.0,0.0,0.07366589999998041,1.1279415571754807,1.3895761167717011,0.24801006567250264,2.1316282072803006e-14
Width-C8-H8,8,8,208,406,PPM-3,10,0,30.0,0.0,0.14261479999998983,1.1270047751219676,1.3900901719968564,0.24892616643768622,2.842170943040401e-14
Width-C8-H8,8,8,208,406,PPM-3,15,0,45.0,0.0,0.2011289000000147,1.1260645686748545,1.3905973131421054,0.24984430413243802,2.1316282072803006e-14
Width-C8-H8,8,8,208,406,PPM-3,20,0,60.0,0.0,0.2662038999999936,1.1250861571075883,1.3911323407671325,0.25076337399562626,1.4210854715202004e-14
Width-C8-H8,8,8,208,406,PPM-3,25,0,75.0,0.0,0.32840579999998454,1.1241043438188412,1.3916604791961678,0.25168222162939935,2.1316282072803006e-14
Width-C8-H8,8,8,208,407,QP+G,0,0,0.0,0.0,3.199999980552093e-06,1.1220907242512403,1.3694231976938518,0.1803990533211312,2.1316282072803006e-14
Width-C8-H8,8,8,208,407,QP+G,5,0,5.0,5.0,0.4130839000000037,1.132109735231734,1.357504019113597,0.17947937078764514,1.4210854715202004e-14
Width-C8-H8,8,8,208,407,QP+G,10,0,10.0,10.0,0.879594099999963,1.1408288692147883,1.3465448802126556,0.1787423712314995,2.1316282072803006e-14
Width-C8-H8,8,8,208,407,QP+G,15,0,15.0,15.0,1.3460923000000093,1.1470698110631126,1.337733786075112,0.17819570864683326,1.4210854715202004e-14
Width-C8-H8,8,8,208,407,QP+G,20,0,20.0,20.0,1.8269288999999844,1.1509576546270028,1.330954053787254,0.1778451255842931,2.1316282072803006e-14
Width-C8-H8,8,8,208,407,QP+G,25,0,25.0,25.0,2.2469840999999633,1.1527092643949357,1.3259957024261533,0.17769501495452905,2.1316282072803006e-14
Width-C8-H8,8,8,208,407,noG,0,0,0.0,0.0,4.799999999249849e-06,1.1220907242512403,1.3694231976938518,0.1803990533211312,2.1316282072803006e-14
Width-C8-H8,8,8,208,407,noG,5,0,5.0,0.0,0.18011300000000574,1.132109735231734,1.357504019113597,0.17947937078764514,1.4210854715202004e-14
Width-C8-H8,8,8,208,407,noG,10,0,10.0,0.0,0.3672594000000231,1.1408288692147883,1.3465448802126556,0.1787423712314995,2.1316282072803006e-14
Width-C8-H8,8,8,208,407,noG,15,0,15.0,0.0,0.574112600000035,1.1470698110631126,1.337733786075112,0.17819570864683326,1.4210854715202004e-14
Width-C8-H8,8,8,208,407,noG,20,0,20.0,0.0,0.754530500000044,1.1509576546270028,1.330954053787254,0.1778451255842931,2.1316282072803006e-14
Width-C8-H8,8,8,208,407,noG,25,0,25.0,0.0,0.9350450000000023,1.1527092643949357,1.3259957024261533,0.17769501495452905,2.1316282072803006e-14
Width-C8-H8,8,8,208,407,PPM-3,0,0,0.0,0.0,4.9999999873762135e-06,1.1220907242512403,1.3694231976938518,0.1803990533211312,2.1316282072803006e-14
Width-C8-H8,8,8,208,407,PPM-3,5,0,15.0,0.0,0.05645590000000311,1.1234734000220363,1.3678169596921956,0.18027704746476084,2.1316282072803006e-14
Width-C8-H8,8,8,208,407,PPM-3,10,0,30.0,0.0,0.11350160000000642,1.1247895451011545,1.36627181920179,0.18015776373598488,2.1316282072803006e-14
Width-C8-H8,8,8,208,407,PPM-3,15,0,45.0,0.0,0.17765780000001996,1.1260768509690802,1.3647501056404356,0.18004122591128843,2.842170943040401e-14
Width-C8-H8,8,8,208,407,PPM-3,20,0,60.0,0.0,0.23855400000002192,1.1272993934722362,1.3632877638733663,0.17992745665728913,2.1316282072803006e-14
Width-C8-H8,8,8,208,407,PPM-3,25,0,75.0,0.0,0.3025266000000215,1.1285218091768603,1.3618201778466639,0.17981647759865046,2.1316282072803006e-14
Width-C8-H8,8,8,208,408,QP+G,0,0,0.0,0.0,3.4999999911633495e-06,1.1090108339219809,1.419369308316936,0.22815803414288074,2.1316282072803006e-14
Width-C8-H8,8,8,208,408,QP+G,5,0,5.0,5.0,0.44831559999994397,1.1090108339219809,1.419369308316936,0.22815803414288074,2.1316282072803006e-14
Width-C8-H8,8,8,208,408,QP+G,10,0,10.0,10.0,0.8982903999999508,1.1090108339219809,1.419369308316936,0.22815803414288074,2.1316282072803006e-14
Width-C8-H8,8,8,208,408,QP+G,15,0,15.0,15.0,1.362643799999944,1.1090108339219809,1.419369308316936,0.22815803414288074,2.1316282072803006e-14
Width-C8-H8,8,8,208,408,QP+G,20,0,20.0,20.0,1.8384568999999829,1.1090108339219809,1.419369308316936,0.22815803414288074,2.1316282072803006e-14
Width-C8-H8,8,8,208,408,QP+G,25,0,25.0,25.0,2.2917547999999783,1.1090108339219809,1.419369308316936,0.22815803414288074,2.1316282072803006e-14
Width-C8-H8,8,8,208,408,noG,0,0,0.0,0.0,4.9999999873762135e-06,1.1090108339219809,1.419369308316936,0.22815803414288074,2.1316282072803006e-14
Width-C8-H8,8,8,208,408,noG,5,0,5.0,0.0,0.20371729999999388,1.1090108339219809,1.419369308316936,0.22815803414288074,2.1316282072803006e-14
Width-C8-H8,8,8,208,408,noG,10,0,10.0,0.0,0.4031608000000233,1.1090108339219809,1.419369308316936,0.22815803414288074,2.1316282072803006e-14
Width-C8-H8,8,8,208,408,noG,15,0,15.0,0.0,0.5946096000000125,1.1090108339219809,1.419369308316936,0.22815803414288074,2.1316282072803006e-14
Width-C8-H8,8,8,208,408,noG,20,0,20.0,0.0,0.7840726000000018,1.1090108339219809,1.419369308316936,0.22815803414288074,2.1316282072803006e-14
Width-C8-H8,8,8,208,408,noG,25,0,25.0,0.0,0.9878810999999814,1.1090108339219809,1.419369308316936,0.22815803414288074,2.1316282072803006e-14
Width-C8-H8,8,8,208,408,PPM-3,0,0,0.0,0.0,4.699999976764957e-06,1.1090108339219809,1.419369308316936,0.22815803414288074,2.1316282072803006e-14
Width-C8-H8,8,8,208,408,PPM-3,5,0,15.0,0.0,0.05625830000002452,1.1088741650389418,1.418814935946069,0.228540477927901,2.1316282072803006e-14
Width-C8-H8,8,8,208,408,PPM-3,10,0,30.0,0.0,0.11612980000001016,1.1087041002889544,1.4182752349961327,0.22892746577866227,1.4210854715202004e-14
Width-C8-H8,8,8,208,408,PPM-3,15,0,45.0,0.0,0.1739349000000061,1.1084940545835202,1.417756695738278,0.22931883729019803,2.1316282072803006e-14
Width-C8-H8,8,8,208,408,PPM-3,20,0,60.0,0.0,0.23493330000002288,1.108290451659216,1.4172128013264351,0.229714431174152,2.842170943040401e-14
Width-C8-H8,8,8,208,408,PPM-3,25,0,75.0,0.0,0.2991256999999905,1.1080679374691436,1.4166688145138713,0.23011408549398152,2.1316282072803006e-14
Width-C8-H8,8,8,208,409,QP+G,0,0,0.0,0.0,3.3999999686784577e-06,1.1143524419575246,1.3506993268991088,0.219419162822003,2.1316282072803006e-14
Width-C8-H8,8,8,208,409,QP+G,5,0,5.0,5.0,0.43528870000000097,1.1094521254445908,1.3539944967675046,0.21772043846487227,2.842170943040401e-14
Width-C8-H8,8,8,208,409,QP+G,10,0,10.0,10.0,0.8872757999999976,1.1046955110847019,1.3572760074320371,0.21675556656044015,2.842170943040401e-14
Width-C8-H8,8,8,208,409,QP+G,15,0,15.0,15.0,1.335672499999987,1.1046955110847019,1.3572760074320371,0.21675556656044015,2.842170943040401e-14
Width-C8-H8,8,8,208,409,QP+G,20,0,20.0,20.0,1.7926678000000038,1.1046955110847019,1.3572760074320371,0.21675556656044015,2.842170943040401e-14
Width-C8-H8,8,8,208,409,QP+G,25,0,25.0,25.0,2.2619414999999776,1.1046955110847019,1.3572760074320371,0.21675556656044015,2.842170943040401e-14
Width-C8-H8,8,8,208,409,noG,0,0,0.0,0.0,7.000000039170118e-06,1.1143524419575246,1.3506993268991088,0.219419162822003,2.1316282072803006e-14
Width-C8-H8,8,8,208,409,noG,5,0,5.0,0.0,0.21380570000002308,1.1094521254445908,1.3539944967675046,0.21772043846487227,2.842170943040401e-14
Width-C8-H8,8,8,208,409,noG,10,0,10.0,0.0,0.4197249000000056,1.1046955110847019,1.3572760074320371,0.21675556656044015,2.842170943040401e-14
Width-C8-H8,8,8,208,409,noG,15,0,15.0,0.0,0.6140173000000004,1.1046955110847019,1.3572760074320371,0.21675556656044015,2.842170943040401e-14
Width-C8-H8,8,8,208,409,noG,20,0,20.0,0.0,0.8197432000000049,1.1046955110847019,1.3572760074320371,0.21675556656044015,2.842170943040401e-14
Width-C8-H8,8,8,208,409,noG,25,0,25.0,0.0,1.0095243000000096,1.1046955110847019,1.3572760074320371,0.21675556656044015,2.842170943040401e-14
Width-C8-H8,8,8,208,409,PPM-3,0,0,0.0,0.0,6.400000017947605e-06,1.1143524419575246,1.3506993268991088,0.219419162822003,2.1316282072803006e-14
Width-C8-H8,8,8,208,409,PPM-3,5,0,15.0,0.0,0.06012839999999642,1.1138309829901742,1.3510327229165187,0.21918728718848246,2.1316282072803006e-14
Width-C8-H8,8,8,208,409,PPM-3,10,0,30.0,0.0,0.12154010000000426,1.113288929308374,1.3513818914952447,0.2189623119859843,2.1316282072803006e-14
Width-C8-H8,8,8,208,409,PPM-3,15,0,45.0,0.0,0.1798833000000286,1.1127393249240893,1.3517338073580145,0.21874448812378824,2.1316282072803006e-14
Width-C8-H8,8,8,208,409,PPM-3,20,0,60.0,0.0,0.24067539999998644,1.112167514819683,1.3521031435196889,0.21853405284069585,2.1316282072803006e-14
Width-C8-H8,8,8,208,409,PPM-3,25,0,75.0,0.0,0.3083421000000044,1.1115874918769466,1.3524759243227813,0.21833122973347693,2.1316282072803006e-14
Width-C8-H8,8,8,208,410,QP+G,0,0,0.0,0.0,5.499999986113835e-06,1.131026782398801,1.5047193923804365,0.26683360048108895,1.4210854715202004e-14
Width-C8-H8,8,8,208,410,QP+G,5,0,5.0,5.0,0.476825099999985,1.131026782398801,1.5047193923804365,0.26683360048108895,1.4210854715202004e-14
Width-C8-H8,8,8,208,410,QP+G,10,0,10.0,10.0,0.9252121999999758,1.131026782398801,1.5047193923804365,0.26683360048108895,1.4210854715202004e-14
Width-C8-H8,8,8,208,410,QP+G,15,0,15.0,15.0,1.405723299999977,1.131026782398801,1.5047193923804365,0.26683360048108895,1.4210854715202004e-14
Width-C8-H8,8,8,208,410,QP+G,20,0,20.0,20.0,1.9508761000000163,1.131026782398801,1.5047193923804365,0.26683360048108895,1.4210854715202004e-14
Width-C8-H8,8,8,208,410,QP+G,25,0,25.0,25.0,2.4703777999999943,1.131026782398801,1.5047193923804365,0.26683360048108895,1.4210854715202004e-14
Width-C8-H8,8,8,208,410,noG,0,0,0.0,0.0,4.499999988638592e-06,1.131026782398801,1.5047193923804365,0.26683360048108895,1.4210854715202004e-14
Width-C8-H8,8,8,208,410,noG,5,0,5.0,0.0,0.20874879999996665,1.131026782398801,1.5047193923804365,0.26683360048108895,1.4210854715202004e-14
Width-C8-H8,8,8,208,410,noG,10,0,10.0,0.0,0.4167218000000048,1.131026782398801,1.5047193923804365,0.26683360048108895,1.4210854715202004e-14
Width-C8-H8,8,8,208,410,noG,15,0,15.0,0.0,0.6388273999999683,1.131026782398801,1.5047193923804365,0.26683360048108895,1.4210854715202004e-14
Width-C8-H8,8,8,208,410,noG,20,0,20.0,0.0,0.8383706999999845,1.131026782398801,1.5047193923804365,0.26683360048108895,1.4210854715202004e-14
Width-C8-H8,8,8,208,410,noG,25,0,25.0,0.0,1.060128499999962,1.131026782398801,1.5047193923804365,0.26683360048108895,1.4210854715202004e-14
Width-C8-H8,8,8,208,410,PPM-3,0,0,0.0,0.0,5.7999999967250915e-06,1.131026782398801,1.5047193923804365,0.26683360048108895,1.4210854715202004e-14
Width-C8-H8,8,8,208,410,PPM-3,5,0,15.0,0.0,0.06788440000002538,1.1300631941881747,1.5051680912797636,0.2670992083926437,2.1316282072803006e-14
Width-C8-H8,8,8,208,410,PPM-3,10,0,30.0,0.0,0.13188089999999875,1.128930440560513,1.5057734071821756,0.2673669974990954,2.1316282072803006e-14
Width-C8-H8,8,8,208,410,PPM-3,15,0,45.0,0.0,0.19204999999999472,1.1277919566135897,1.5063718308668375,0.26763703343218304,2.1316282072803006e-14
Width-C8-H8,8,8,208,410,PPM-3,20,0,60.0,0.0,0.2526025999999888,1.1266240734237765,1.5069869555400537,0.2679093750981794,2.842170943040401e-14
Width-C8-H8,8,8,208,410,PPM-3,25,0,75.0,0.0,0.3124564000000305,1.1254025353814845,1.5076429594326892,0.26818407444855596,2.1316282072803006e-14
Width-C8-H8,8,8,208,411,QP+G,0,0,0.0,0.0,3.4999999911633495e-06,1.0640116968061848,1.5294735709091272,0.23119506884084157,2.1316282072803006e-14
Width-C8-H8,8,8,208,411,QP+G,5,0,5.0,5.0,0.4316699999999969,1.0652793878910496,1.5199867323294398,0.2308690078571467,1.4210854715202004e-14
Width-C8-H8,8,8,208,411,QP+G,10,0,10.0,10.0,0.8494565999999963,1.0643032571066096,1.5115855319224707,0.23025104345388286,1.4210854715202004e-14
Width-C8-H8,8,8,208,411,QP+G,15,0,15.0,15.0,1.2829181999999832,1.0616066449695873,1.5036517321443554,0.22947983191868535,2.842170943040401e-14
Width-C8-H8,8,8,208,411,QP+G,20,0,20.0,20.0,1.6955866999999785,1.0573531310351054,1.495911135624088,0.22870271663989167,1.4210854715202004e-14
Width-C8-H8,8,8,208,411,QP+G,25,0,25.0,25.0,2.1133444000000168,1.052837573011658,1.4869483801583088,0.22805849193377856,2.842170943040401e-14
Width-C8-H8,8,8,208,411,noG,0,0,0.0,0.0,4.300000000512227e-06,1.0640116968061848,1.5294735709091272,0.23119506884084157,2.1316282072803006e-14
Width-C8-H8,8,8,208,411,noG,5,0,5.0,0.0,0.2039243000000397,1.0646820306750746,1.5243563930731556,0.23100858710459193,2.1316282072803006e-14
Width-C8-H8,8,8,208,411,noG,10,0,10.0,0.0,0.40096300000004703,1.0627667665978022,1.5208881307369329,0.23048673174372186,2.1316282072803006e-14
Width-C8-H8,8,8,208,411,noG,15,0,15.0,0.0,0.5944713000000093,1.059057381827676,1.5182240260674391,0.22973180295579446,2.1316282072803006e-14
Width-C8-H8,8,8,208,411,noG,20,0,20.0,0.0,0.7853605000000243,1.0541900283051857,1.5156645524018113,0.22886941382336717,1.4210854715202004e-14
Width-C8-H8,8,8,208,411,noG,25,0,25.0,0.0,0.9741627000000221,1.0484959849684998,1.5128036131002383,0.2280378181786858,2.1316282072803006e-14
Width-C8-H8,8,8,208,411,PPM-3,0,0,0.0,0.0,5.200000032345997e-06,1.0640116968061848,1.5294735709091272,0.23119506884084157,2.1316282072803006e-14
Width-C8-H8,8,8,208,411,PPM-3,5,0,15.0,0.0,0.07624520000001667,1.0643200722561488,1.5286451238264458,0.23119230546107647,2.1316282072803006e-14
Width-C8-H8,8,8,208,411,PPM-3,10,0,30.0,0.0,0.14385110000000623,1.0644748830452337,1.5279561630480247,0.23118325212653168,2.1316282072803006e-14
Width-C8-H8,8,8,208,411,PPM-3,15,0,45.0,0.0,0.2056824000000006,1.0646092391447048,1.5272734943019053,0.2311680314618155,2.842170943040401e-14
Width-C8-H8,8,8,208,411,PPM-3,20,0,60.0,0.0,0.276480700000036,1.0647072838960043,1.5266128882339323,0.23114677440382475,2.1316282072803006e-14
Width-C8-H8,8,8,208,411,PPM-3,25,0,75.0,0.0,0.33440970000003745,1.0647610590174732,1.5259822153356908,0.2311196201264929,2.1316282072803006e-14
Width-C8-H16,8,16,408,400,QP+G,0,0,0.0,0.0,3.999999989900971e-06,1.0748470130471472,1.3976184363077857,0.27754343436718815,2.1316282072803006e-14
Width-C8-H16,8,16,408,400,QP+G,5,0,5.0,5.0,0.4368562999999881,1.0761520075066797,1.389189890180905,0.27691195206024316,2.1316282072803006e-14
Width-C8-H16,8,16,408,400,QP+G,10,0,10.0,10.0,0.8513836000000197,1.0774334979633813,1.3807831536298032,0.27630187752466306,2.1316282072803006e-14
Width-C8-H16,8,16,408,400,QP+G,15,0,15.0,15.0,1.288519199999996,1.0786912153456272,1.3724033838007856,0.2757130380181045,1.4210854715202004e-14
Width-C8-H16,8,16,408,400,QP+G,20,0,20.0,20.0,1.727232000000015,1.079924920958751,1.3640555441293631,0.27514507126886956,2.1316282072803006e-14
Width-C8-H16,8,16,408,400,QP+G,25,0,25.0,25.0,2.1598984000000314,1.0810765555673394,1.3558022267224479,0.2745973858984637,2.1316282072803006e-14
Width-C8-H16,8,16,408,400,noG,0,0,0.0,0.0,9.099999999762076e-06,1.0748470130471472,1.3976184363077857,0.27754343436718815,2.1316282072803006e-14
Width-C8-H16,8,16,408,400,noG,5,0,5.0,0.0,0.22977440000005345,1.0748470130471472,1.3976184363077857,0.27754343436718815,2.1316282072803006e-14
Width-C8-H16,8,16,408,400,noG,10,0,10.0,0.0,0.42104440000002796,1.0748470130471472,1.3976184363077857,0.27754343436718815,2.1316282072803006e-14
Width-C8-H16,8,16,408,400,noG,15,0,15.0,0.0,0.6143267000000492,1.0748470130471472,1.3976184363077857,0.27754343436718815,2.1316282072803006e-14
Width-C8-H16,8,16,408,400,noG,20,0,20.0,0.0,0.8189692000000264,1.0748470130471472,1.3976184363077857,0.27754343436718815,2.1316282072803006e-14
Width-C8-H16,8,16,408,400,noG,25,0,25.0,0.0,1.0131227000000536,1.0748470130471472,1.3976184363077857,0.27754343436718815,2.1316282072803006e-14
Width-C8-H16,8,16,408,400,PPM-3,0,0,0.0,0.0,8.699999966665928e-06,1.0748470130471472,1.3976184363077857,0.27754343436718815,2.1316282072803006e-14
Width-C8-H16,8,16,408,400,PPM-3,5,0,15.0,0.0,0.06922119999995857,1.0733777191898617,1.3977184888987804,0.2775785484943773,2.1316282072803006e-14
Width-C8-H16,8,16,408,400,PPM-3,10,0,30.0,0.0,0.13269609999997556,1.0719140808290275,1.3977833292509603,0.2776118949336883,2.1316282072803006e-14
Width-C8-H16,8,16,408,400,PPM-3,15,0,45.0,0.0,0.1920233999999823,1.0704563152666617,1.3978127049437665,0.27764341601067527,2.1316282072803006e-14
Width-C8-H16,8,16,408,400,PPM-3,20,0,60.0,0.0,0.25651999999996633,1.0690046401037872,1.3978063674289956,0.27767305474399023,2.1316282072803006e-14
Width-C8-H16,8,16,408,400,PPM-3,25,0,75.0,0.0,0.3184618999999884,1.0675592731345833,1.3977640720900701,0.2777007550727484,2.1316282072803006e-14
Width-C8-H16,8,16,408,401,QP+G,0,0,0.0,0.0,3.2000000373955118e-06,1.056926605548517,1.414272737737205,0.2662827543379391,2.1316282072803006e-14
Width-C8-H16,8,16,408,401,QP+G,5,0,5.0,5.0,0.4626784000000157,1.0590301909609,1.406535775946673,0.2654487509519693,3.552713678800501e-14
Width-C8-H16,8,16,408,401,QP+G,10,0,10.0,10.0,0.927948200000003,1.0610714823464373,1.398980492378379,0.26462180751323094,1.4210854715202004e-14
Width-C8-H16,8,16,408,401,QP+G,15,0,15.0,15.0,1.3870851000000357,1.0629608726796633,1.3916244358441163,0.2638016889557684,3.552713678800501e-14
Width-C8-H16,8,16,408,401,QP+G,20,0,20.0,20.0,1.84802430000002,1.064751808169542,1.3844100116937652,0.2629878446211862,3.552713678800501e-14
Width-C8-H16,8,16,408,401,QP+G,25,0,25.0,25.0,2.3013657000000194,1.0664886144539776,1.377340927329008,0.26217941859210064,2.842170943040401e-14
Width-C8-H16,8,16,408,401,noG,0,0,0.0,0.0,4.600000011123484e-06,1.056926605548517,1.414272737737205,0.2662827543379391,2.1316282072803006e-14
Width-C8-H16,8,16,408,401,noG,5,0,5.0,0.0,0.20190350000001445,1.056926605548517,1.414272737737205,0.2662827543379391,2.1316282072803006e-14
Width-C8-H16,8,16,408,401,noG,10,0,10.0,0.0,0.4288955000000101,1.056926605548517,1.414272737737205,0.2662827543379391,2.1316282072803006e-14
Width-C8-H16,8,16,408,401,noG,15,0,15.0,0.0,0.6732484999999997,1.056926605548517,1.414272737737205,0.2662827543379391,2.1316282072803006e-14
Width-C8-H16,8,16,408,401,noG,20,0,20.0,0.0,0.9229975000000081,1.056926605548517,1.414272737737205,0.2662827543379391,2.1316282072803006e-14
Width-C8-H16,8,16,408,401,noG,25,0,25.0,0.0,1.1450813000000153,1.056926605548517,1.414272737737205,0.2662827543379391,2.1316282072803006e-14
Width-C8-H16,8,16,408,401,PPM-3,0,0,0.0,0.0,5.29999999798747e-06,1.056926605548517,1.414272737737205,0.2662827543379391,2.1316282072803006e-14
Width-C8-H16,8,16,408,401,PPM-3,5,0,15.0,0.0,0.06263699999999517,1.0563452257015127,1.413300116084326,0.26643679449531454,3.552713678800501e-14
Width-C8-H16,8,16,408,401,PPM-3,10,0,30.0,0.0,0.12595859999998993,1.0557751275688232,1.4122931490347228,0.2665939119139484,2.842170943040401e-14
Width-C8-H16,8,16,408,401,PPM-3,15,0,45.0,0.0,0.1920786000000021,1.0552107464477936,1.411257490235681,0.26675385591812095,3.552713678800501e-14
Width-C8-H16,8,16,408,401,PPM-3,20,0,60.0,0.0,0.2695017000000348,1.0546231374801038,1.4102647953294116,0.2669163735625377,2.842170943040401e-14
Width-C8-H16,8,16,408,401,PPM-3,25,0,75.0,0.0,0.328115299999979,1.0540471799455549,1.4092501219661575,0.26708121017538033,3.552713678800501e-14
Width-C8-H16,8,16,408,402,QP+G,0,0,0.0,0.0,7.49999998106432e-06,1.1096881111854158,1.1532321557814682,0.23481954047911974,2.1316282072803006e-14
Width-C8-H16,8,16,408,402,QP+G,5,0,5.0,5.0,0.4780017999999586,1.105753225725456,1.1493309271932834,0.2341665180138383,2.842170943040401e-14
Width-C8-H16,8,16,408,402,QP+G,10,0,10.0,10.0,0.980664499999989,1.1053322497303835,1.1451243974338505,0.2339328890825047,1.4210854715202004e-14
Width-C8-H16,8,16,408,402,QP+G,15,0,15.0,15.0,1.4668256999999585,1.1049671847244653,1.140850035350681,0.2336747557990264,2.1316282072803006e-14
Width-C8-H16,8,16,408,402,QP+G,20,0,20.0,20.0,1.946147499999995,1.104602411025154,1.1365049754180638,0.23338182922583128,2.1316282072803006e-14
Width-C8-H16,8,16,408,402,QP+G,25,0,25.0,25.0,2.446064100000001,1.1042480584229764,1.1320882071028775,0.23305170643504777,1.4210854715202004e-14
Width-C8-H16,8,16,408,402,noG,0,0,0.0,0.0,4.300000000512227e-06,1.1096881111854158,1.1532321557814682,0.23481954047911974,2.1316282072803006e-14
Width-C8-H16,8,16,408,402,noG,5,0,5.0,0.0,0.2242539000000079,1.1057232158904784,1.1533841955278226,0.2342919613860269,2.1316282072803006e-14
Width-C8-H16,8,16,408,402,noG,10,0,10.0,0.0,0.4885246000000052,1.1056651248782623,1.1533836852872763,0.23428477796150282,2.1316282072803006e-14
Width-C8-H16,8,16,408,402,noG,15,0,15.0,0.0,0.7195323000000258,1.105664809985261,1.153383682189561,0.23428473905668182,2.1316282072803006e-14
Width-C8-H16,8,16,408,402,noG,20,0,20.0,0.0,0.9715419000000338,1.1056648082743201,1.1533836821727206,0.2342847388452971,1.4210854715202004e-14
Width-C8-H16,8,16,408,402,noG,25,0,25.0,0.0,1.1979579000000058,1.1056648082648717,1.1533836821726278,0.2342847388441296,2.1316282072803006e-14
Width-C8-H16,8,16,408,402,PPM-3,0,0,0.0,0.0,8.999999977277184e-06,1.1096881111854158,1.1532321557814682,0.23481954047911974,2.1316282072803006e-14
Width-C8-H16,8,16,408,402,PPM-3,5,0,15.0,0.0,0.06162909999994781,1.1088865545439301,1.1532524514806084,0.2347037690304792,2.1316282072803006e-14
Width-C8-H16,8,16,408,402,PPM-3,10,0,30.0,0.0,0.1268256999999835,1.1080633234295425,1.1532831114933055,0.23459111681966052,1.4210854715202004e-14
Width-C8-H16,8,16,408,402,PPM-3,15,0,45.0,0.0,0.19288519999997789,1.1072313563608072,1.1533111657013442,0.23448165357810444,2.842170943040401e-14
Width-C8-H16,8,16,408,402,PPM-3,20,0,60.0,0.0,0.2768784999999525,1.106403834951363,1.1533234012595335,0.23437544663229365,1.4210854715202004e-14
Width-C8-H16,8,16,408,402,PPM-3,25,0,75.0,0.0,0.34621019999997316,1.1055808656838728,1.1533196808269985,0.23427256090442888,2.842170943040401e-14
Width-C8-H16,8,16,408,403,QP+G,0,0,0.0,0.0,3.4999999911633495e-06,1.100959273735965,1.3385794319233315,0.2499151193189042,2.1316282072803006e-14
Width-C8-H16,8,16,408,403,QP+G,5,0,5.0,5.0,0.4577449000000229,1.1021199704587792,1.332977139531255,0.25013427153412277,2.1316282072803006e-14
Width-C8-H16,8,16,408,403,QP+G,10,0,10.0,10.0,0.9374741000000313,1.1032910151092867,1.3273249637520559,0.2503589535554025,2.1316282072803006e-14
Width-C8-H16,8,16,408,403,QP+G,15,0,15.0,15.0,1.4001190000000179,1.104472338853223,1.3216239143566224,0.2505889844185116,2.1316282072803006e-14
Width-C8-H16,8,16,408,403,QP+G,20,0,20.0,20.0,1.8537582999999813,1.1056512258720284,1.3158876922390388,0.2508242215661024,2.842170943040401e-14
Width-C8-H16,8,16,408,403,QP+G,25,0,25.0,25.0,2.508954700000004,1.106798236661933,1.3101467689409376,0.2510645631789488,2.1316282072803006e-14
Width-C8-H16,8,16,408,403,noG,0,0,0.0,0.0,1.0900000006586197e-05,1.100959273735965,1.3385794319233315,0.2499151193189042,2.1316282072803006e-14
Width-C8-H16,8,16,408,403,noG,5,0,5.0,0.0,0.24353949999999713,1.100959273735965,1.3385794319233315,0.2499151193189042,2.1316282072803006e-14
Width-C8-H16,8,16,408,403,noG,10,0,10.0,0.0,0.48834909999999354,1.100959273735965,1.3385794319233315,0.2499151193189042,2.1316282072803006e-14
Width-C8-H16,8,16,408,403,noG,15,0,15.0,0.0,0.7305026999999882,1.100959273735965,1.3385794319233315,0.2499151193189042,2.1316282072803006e-14
Width-C8-H16,8,16,408,403,noG,20,0,20.0,0.0,0.9446278000000348,1.100959273735965,1.3385794319233315,0.2499151193189042,2.1316282072803006e-14
Width-C8-H16,8,16,408,403,noG,25,0,25.0,0.0,1.1651689999999917,1.100959273735965,1.3385794319233315,0.2499151193189042,2.1316282072803006e-14
Width-C8-H16,8,16,408,403,PPM-3,0,0,0.0,0.0,1.2599999990925426e-05,1.100959273735965,1.3385794319233315,0.2499151193189042,2.1316282072803006e-14
Width-C8-H16,8,16,408,403,PPM-3,5,0,15.0,0.0,0.06964390000001686,1.0998796601893193,1.3388488451495952,0.25004960211097443,2.1316282072803006e-14
Width-C8-H16,8,16,408,403,PPM-3,10,0,30.0,0.0,0.1381503000000066,1.0988059155007235,1.3390948549652857,0.25018944920743547,2.842170943040401e-14
Width-C8-H16,8,16,408,403,PPM-3,15,0,45.0,0.0,0.2080682000000138,1.097738117314114,1.3393173247377241,0.2503345029445975,2.1316282072803006e-14
Width-C8-H16,8,16,408,403,PPM-3,20,0,60.0,0.0,0.2729090999999926,1.0966763470944856,1.3395161133318694,0.25048460537923434,1.4210854715202004e-14
Width-C8-H16,8,16,408,403,PPM-3,25,0,75.0,0.0,0.33376320000002124,1.0956177530324007,1.3396940122158636,0.2506395986612143,2.1316282072803006e-14
Width-C8-H16,8,16,408,404,QP+G,0,0,0.0,0.0,3.3000000030369847e-06,1.0924051466509104,1.5041356371127605,0.293888677570817,2.1316282072803006e-14
Width-C8-H16,8,16,408,404,QP+G,5,0,5.0,5.0,0.42246070000004465,1.0924051466509104,1.5041356371127605,0.293888677570817,2.1316282072803006e-14
Width-C8-H16,8,16,408,404,QP+G,10,0,10.0,10.0,0.8592265999999995,1.0924051466509104,1.5041356371127605,0.293888677570817,2.1316282072803006e-14
Width-C8-H16,8,16,408,404,QP+G,15,0,15.0,15.0,1.3003103000000351,1.0924051466509104,1.5041356371127605,0.293888677570817,2.1316282072803006e-14
Width-C8-H16,8,16,408,404,QP+G,20,0,20.0,20.0,1.787161900000001,1.0924051466509104,1.5041356371127605,0.293888677570817,2.1316282072803006e-14
Width-C8-H16,8,16,408,404,QP+G,25,0,25.0,25.0,2.242748000000006,1.0924051466509104,1.5041356371127605,0.293888677570817,2.1316282072803006e-14
Width-C8-H16,8,16,408,404,noG,0,0,0.0,0.0,4.300000000512227e-06,1.0924051466509104,1.5041356371127605,0.293888677570817,2.1316282072803006e-14
Width-C8-H16,8,16,408,404,noG,5,0,5.0,0.0,0.18954270000000406,1.0924051466509104,1.5041356371127605,0.293888677570817,2.1316282072803006e-14
Width-C8-H16,8,16,408,404,noG,10,0,10.0,0.0,0.3849845999999957,1.0924051466509104,1.5041356371127605,0.293888677570817,2.1316282072803006e-14
Width-C8-H16,8,16,408,404,noG,15,0,15.0,0.0,0.5616228999999748,1.0924051466509104,1.5041356371127605,0.293888677570817,2.1316282072803006e-14
Width-C8-H16,8,16,408,404,noG,20,0,20.0,0.0,0.7697266999999783,1.0924051466509104,1.5041356371127605,0.293888677570817,2.1316282072803006e-14
Width-C8-H16,8,16,408,404,noG,25,0,25.0,0.0,0.9682915999999864,1.0924051466509104,1.5041356371127605,0.293888677570817,2.1316282072803006e-14
Width-C8-H16,8,16,408,404,PPM-3,0,0,0.0,0.0,5.6999999742402e-06,1.0924051466509104,1.5041356371127605,0.293888677570817,2.1316282072803006e-14
Width-C8-H16,8,16,408,404,PPM-3,5,0,15.0,0.0,0.06429370000000745,1.092064486095464,1.5047748756777475,0.2945296904488663,2.842170943040401e-14
Width-C8-H16,8,16,408,404,PPM-3,10,0,30.0,0.0,0.12619819999997617,1.0916857732780862,1.5054238066331413,0.2951599409278423,1.4210854715202004e-14
Width-C8-H16,8,16,408,404,PPM-3,15,0,45.0,0.0,0.1925408000000175,1.0912278292426,1.5061232924560508,0.2957791240755196,2.1316282072803006e-14
Width-C8-H16,8,16,408,404,PPM-3,20,0,60.0,0.0,0.25555689999998776,1.0907411317801747,1.5068225400238804,0.2963869539738825,2.1316282072803006e-14
Width-C8-H16,8,16,408,404,PPM-3,25,0,75.0,0.0,0.31910569999996596,1.0901873527649175,1.5075595632911818,0.2969831654618216,2.1316282072803006e-14
Width-C8-H16,8,16,408,405,QP+G,0,0,0.0,0.0,4.100000012385863e-06,1.0954613566870144,1.4467960439581917,0.2511821217063445,2.1316282072803006e-14
Width-C8-H16,8,16,408,405,QP+G,5,0,5.0,5.0,0.4644253999999819,1.0962473782654658,1.4407618578672807,0.25122335089322156,2.842170943040401e-14
Width-C8-H16,8,16,408,405,QP+G,10,0,10.0,10.0,0.9099178999999822,1.0963207459738846,1.4339069245990934,0.25119643456731705,2.1316282072803006e-14
Width-C8-H16,8,16,408,405,QP+G,15,0,15.0,15.0,1.337093799999991,1.096522904517208,1.4267265959325282,0.2511304226375359,2.1316282072803006e-14
Width-C8-H16,8,16,408,405,QP+G,20,0,20.0,20.0,1.7729683000000023,1.0968369928503061,1.4193909048723405,0.2510425412303429,2.842170943040401e-14
Width-C8-H16,8,16,408,405,QP+G,25,0,25.0,25.0,2.2086691000000087,1.0972024854170375,1.4119999850139395,0.2509462775746564,2.1316282072803006e-14
Width-C8-H16,8,16,408,405,noG,0,0,0.0,0.0,4.899999964891322e-06,1.0954613566870144,1.4467960439581917,0.2511821217063445,2.1316282072803006e-14
Width-C8-H16,8,16,408,405,noG,5,0,5.0,0.0,0.19664050000000088,1.0954613566870144,1.4467960439581917,0.2511821217063445,2.1316282072803006e-14
Width-C8-H16,8,16,408,405,noG,10,0,10.0,0.0,0.3943621999999891,1.0954613566870144,1.4467960439581917,0.2511821217063445,2.1316282072803006e-14
Width-C8-H16,8,16,408,405,noG,15,0,15.0,0.0,0.5969670999999721,1.0954613566870144,1.4467960439581917,0.2511821217063445,2.1316282072803006e-14
Width-C8-H16,8,16,408,405,noG,20,0,20.0,0.0,0.7818166999999789,1.0954613566870144,1.4467960439581917,0.2511821217063445,2.1316282072803006e-14
Width-C8-H16,8,16,408,405,noG,25,0,25.0,0.0,0.9622350999999867,1.0954613566870144,1.4467960439581917,0.2511821217063445,2.1316282072803006e-14
Width-C8-H16,8,16,408,405,PPM-3,0,0,0.0,0.0,5.29999999798747e-06,1.0954613566870144,1.4467960439581917,0.2511821217063445,2.1316282072803006e-14
Width-C8-H16,8,16,408,405,PPM-3,5,0,15.0,0.0,0.05601540000003524,1.095006011297156,1.4464237547835952,0.25117351050594144,2.1316282072803006e-14
Width-C8-H16,8,16,408,405,PPM-3,10,0,30.0,0.0,0.12178710000000592,1.094556804514811,1.4460199184557014,0.25117617461944275,2.1316282072803006e-14
Width-C8-H16,8,16,408,405,PPM-3,15,0,45.0,0.0,0.18893510000003744,1.0941083338446638,1.4455896360890623,0.25119009621689103,2.1316282072803006e-14
Width-C8-H16,8,16,408,405,PPM-3,20,0,60.0,0.0,0.2533759000000373,1.0936626751560448,1.445130529442851,0.25121524544731766,2.1316282072803006e-14
Width-C8-H16,8,16,408,405,PPM-3,25,0,75.0,0.0,0.32258330000001934,1.0932236406682936,1.4446384831314933,0.25125158103922896,2.1316282072803006e-14
Width-C8-H16,8,16,408,406,QP+G,0,0,0.0,0.0,5.900000019209983e-06,1.1285065535702903,1.311929104882147,0.21061467055143093,2.1316282072803006e-14
Width-C8-H16,8,16,408,406,QP+G,5,0,5.0,5.0,0.4677773999999886,1.1285065535702903,1.311929104882147,0.21061467055143093,2.1316282072803006e-14
Width-C8-H16,8,16,408,406,QP+G,10,0,10.0,10.0,0.9487073000000237,1.1285065535702903,1.311929104882147,0.21061467055143093,2.1316282072803006e-14
Width-C8-H16,8,16,408,406,QP+G,15,0,15.0,15.0,1.4108972000000222,1.1285065535702903,1.311929104882147,0.21061467055143093,2.1316282072803006e-14
Width-C8-H16,8,16,408,406,QP+G,20,0,20.0,20.0,1.8661473000000228,1.1285065535702903,1.311929104882147,0.21061467055143093,2.1316282072803006e-14
Width-C8-H16,8,16,408,406,QP+G,25,0,25.0,25.0,2.3261737999999923,1.1285065535702903,1.311929104882147,0.21061467055143093,2.1316282072803006e-14
Width-C8-H16,8,16,408,406,noG,0,0,0.0,0.0,5.6999999742402e-06,1.1285065535702903,1.311929104882147,0.21061467055143093,2.1316282072803006e-14
Width-C8-H16,8,16,408,406,noG,5,0,5.0,0.0,0.19085580000000846,1.1285065535702903,1.311929104882147,0.21061467055143093,2.1316282072803006e-14
Width-C8-H16,8,16,408,406,noG,10,0,10.0,0.0,0.38286149999999,1.1285065535702903,1.311929104882147,0.21061467055143093,2.1316282072803006e-14
Width-C8-H16,8,16,408,406,noG,15,0,15.0,0.0,0.5852459000000181,1.1285065535702903,1.311929104882147,0.21061467055143093,2.1316282072803006e-14
Width-C8-H16,8,16,408,406,noG,20,0,20.0,0.0,0.7785142999999835,1.1285065535702903,1.311929104882147,0.21061467055143093,2.1316282072803006e-14
Width-C8-H16,8,16,408,406,noG,25,0,25.0,0.0,0.9751461999999833,1.1285065535702903,1.311929104882147,0.21061467055143093,2.1316282072803006e-14
Width-C8-H16,8,16,408,406,PPM-3,0,0,0.0,0.0,4.700000033608376e-06,1.1285065535702903,1.311929104882147,0.21061467055143093,2.1316282072803006e-14
Width-C8-H16,8,16,408,406,PPM-3,5,0,15.0,0.0,0.0581405000000359,1.1284139858474973,1.3119862403245393,0.2108688466000266,2.1316282072803006e-14
Width-C8-H16,8,16,408,406,PPM-3,10,0,30.0,0.0,0.11927950000000465,1.1281584566463154,1.31219348221709,0.21113251537522854,2.1316282072803006e-14
Width-C8-H16,8,16,408,406,PPM-3,15,0,45.0,0.0,0.17958430000004455,1.127849365784335,1.3124413258725454,0.2114056421855713,2.1316282072803006e-14
Width-C8-H16,8,16,408,406,PPM-3,20,0,60.0,0.0,0.2422566000000188,1.1275422824296235,1.3126740956309464,0.21168818946457524,2.1316282072803006e-14
Width-C8-H16,8,16,408,406,PPM-3,25,0,75.0,0.0,0.3039760000000342,1.1272371369726084,1.3128917529586062,0.2119801167560819,1.4210854715202004e-14
Width-C8-H16,8,16,408,407,QP+G,0,0,0.0,0.0,3.900000024259498e-06,1.1188850903364393,1.1518134637546789,0.21724076742328158,1.4210854715202004e-14
Width-C8-H16,8,16,408,407,QP+G,5,0,5.0,5.0,0.507156000000009,1.119768733455145,1.1422635723835757,0.21635525326159405,2.1316282072803006e-14
Width-C8-H16,8,16,408,407,QP+G,10,0,10.0,10.0,1.0102142000000072,1.12062667855135,1.1317195969805374,0.21563674908676528,1.4210854715202004e-14
Width-C8-H16,8,16,408,407,QP+G,15,0,15.0,15.0,1.486064400000032,1.120887783330783,1.120704259813861,0.2151669437436464,2.1316282072803006e-14
Width-C8-H16,8,16,408,407,QP+G,20,0,20.0,20.0,1.9470431000000303,1.119941298283857,1.1098051980455361,0.2150017498265517,2.1316282072803006e-14
Width-C8-H16,8,16,408,407,QP+G,25,0,25.0,25.0,2.444332700000018,1.1198680925810978,1.1040949553107922,0.214962365337563,2.1316282072803006e-14
Width-C8-H16,8,16,408,407,noG,0,0,0.0,0.0,1.13999999484804e-05,1.1188850903364393,1.1518134637546789,0.21724076742328158,1.4210854715202004e-14
Width-C8-H16,8,16,408,407,noG,5,0,5.0,0.0,0.24194469999997636,1.1188810656602741,1.145927120089059,0.21650202301549873,2.842170943040401e-14
Width-C8-H16,8,16,408,407,noG,10,0,10.0,0.0,0.4404621999999563,1.118505101253029,1.1397303957435523,0.21586174346568418,1.4210854715202004e-14
Width-C8-H16,8,16,408,407,noG,15,0,15.0,0.0,0.637252999999987,1.1175612858268502,1.1333853809606371,0.2154282578015704,2.1316282072803006e-14
Width-C8-H16,8,16,408,407,noG,20,0,20.0,0.0,0.8582770999999525,1.116004155069403,1.126903873910292,0.21529118547188858,2.1316282072803006e-14
Width-C8-H16,8,16,408,407,noG,25,0,25.0,0.0,1.0902111999999988,1.114808758200495,1.1234780679886736,0.21536258069097047,1.4210854715202004e-14
Width-C8-H16,8,16,408,407,PPM-3,0,0,0.0,0.0,4.9999999873762135e-06,1.1188850903364393,1.1518134637546789,0.21724076742328158,1.4210854715202004e-14
Width-C8-H16,8,16,408,407,PPM-3,5,0,15.0,0.0,0.06452050000001464,1.1188725804126625,1.1511158962312389,0.21714627494126476,2.1316282072803006e-14
Width-C8-H16,8,16,408,407,PPM-3,10,0,30.0,0.0,0.1278497999999786,1.1188645466908684,1.1504035206995407,0.21705176433918444,1.4210854715202004e-14
Width-C8-H16,8,16,408,407,PPM-3,15,0,45.0,0.0,0.19842949999997472,1.1188612091540715,1.1496760489939282,0.21695745945005326,2.842170943040401e-14
Width-C8-H16,8,16,408,407,PPM-3,20,0,60.0,0.0,0.264922399999989,1.1188627872880696,1.1489331935726412,0.21686358558945007,1.4210854715202004e-14
Width-C8-H16,8,16,408,407,PPM-3,25,0,75.0,0.0,0.32334489999999505,1.1188695000376847,1.1481746675613618,0.2167703689960968,2.1316282072803006e-14
Width-C8-H16,8,16,408,408,QP+G,0,0,0.0,0.0,3.10000001491062e-06,1.1239371568260612,1.463894692250077,0.23452784712900662,2.842170943040401e-14
Width-C8-H16,8,16,408,408,QP+G,5,0,5.0,5.0,0.5096518000000287,1.1240727527180274,1.4603348884060168,0.234762105761246,2.842170943040401e-14
Width-C8-H16,8,16,408,408,QP+G,10,0,10.0,10.0,1.0064452999999958,1.1240984517202846,1.4596130928124647,0.23480962569180197,2.1316282072803006e-14
Width-C8-H16,8,16,408,408,QP+G,15,0,15.0,15.0,1.5137252000000103,1.124098647289587,1.4596068853637136,0.23481003556505362,2.1316282072803006e-14
Width-C8-H16,8,16,408,408,QP+G,20,0,20.0,20.0,1.997244300000034,1.124098648983048,1.4596068316190987,0.2348100391137161,3.552713678800501e-14
Width-C8-H16,8,16,408,408,QP+G,25,0,25.0,25.0,2.482171200000039,1.1240986489977303,1.4596068311531485,0.23481003914448248,2.842170943040401e-14
Width-C8-H16,8,16,408,408,noG,0,0,0.0,0.0,4.600000011123484e-06,1.1239371568260612,1.463894692250077,0.23452784712900662,2.842170943040401e-14
Width-C8-H16,8,16,408,408,noG,5,0,5.0,0.0,0.20248190000000932,1.1239371568260612,1.463894692250077,0.23452784712900662,2.842170943040401e-14
Width-C8-H16,8,16,408,408,noG,10,0,10.0,0.0,0.417800399999976,1.1239371568260612,1.463894692250077,0.23452784712900662,2.842170943040401e-14
Width-C8-H16,8,16,408,408,noG,15,0,15.0,0.0,0.6209752999999978,1.1239371568260612,1.463894692250077,0.23452784712900662,2.842170943040401e-14
Width-C8-H16,8,16,408,408,noG,20,0,20.0,0.0,0.8495555999999738,1.1239371568260612,1.463894692250077,0.23452784712900662,2.842170943040401e-14
Width-C8-H16,8,16,408,408,noG,25,0,25.0,0.0,1.0533930999999939,1.1239371568260612,1.463894692250077,0.23452784712900662,2.842170943040401e-14
Width-C8-H16,8,16,408,408,PPM-3,0,0,0.0,0.0,4.400000022997119e-06,1.1239371568260612,1.463894692250077,0.23452784712900662,2.842170943040401e-14
Width-C8-H16,8,16,408,408,PPM-3,5,0,15.0,0.0,0.06288549999999304,1.1234398026019257,1.464295711968207,0.23477411126347786,2.1316282072803006e-14
Width-C8-H16,8,16,408,408,PPM-3,10,0,30.0,0.0,0.13115940000000137,1.1228628070194335,1.4647620385965143,0.23502191311054096,2.1316282072803006e-14
Width-C8-H16,8,16,408,408,PPM-3,15,0,45.0,0.0,0.198675900000012,1.1221620472526976,1.4653376870173767,0.2352711779317385,1.4210854715202004e-14
Width-C8-H16,8,16,408,408,PPM-3,20,0,60.0,0.0,0.2558971999999926,1.1214617916134213,1.4658982817086208,0.2355218349648527,2.842170943040401e-14
Width-C8-H16,8,16,408,408,PPM-3,25,0,75.0,0.0,0.32483139999999366,1.120727933185393,1.4664778230877764,0.23577381746023635,2.1316282072803006e-14
Width-C8-H16,8,16,408,409,QP+G,0,0,0.0,0.0,3.2000000373955118e-06,1.125785182152222,1.3587991859997965,0.23298701495393395,2.1316282072803006e-14
Width-C8-H16,8,16,408,409,QP+G,5,0,5.0,5.0,0.4466273000000456,1.125785182152222,1.3587991859997965,0.23298701495393395,2.1316282072803006e-14
Width-C8-H16,8,16,408,409,QP+G,10,0,10.0,10.0,0.9132718000000182,1.125785182152222,1.3587991859997965,0.23298701495393395,2.1316282072803006e-14
Width-C8-H16,8,16,408,409,QP+G,15,0,15.0,15.0,1.3950232000000256,1.125785182152222,1.3587991859997965,0.23298701495393395,2.1316282072803006e-14
Width-C8-H16,8,16,408,409,QP+G,20,0,20.0,20.0,1.8582464000000414,1.125785182152222,1.3587991859997965,0.23298701495393395,2.1316282072803006e-14
Width-C8-H16,8,16,408,409,QP+G,25,0,25.0,25.0,2.302410699999996,1.125785182152222,1.3587991859997965,0.23298701495393395,2.1316282072803006e-14
Width-C8-H16,8,16,408,409,noG,0,0,0.0,0.0,5.399999963628943e-06,1.125785182152222,1.3587991859997965,0.23298701495393395,2.1316282072803006e-14
Width-C8-H16,8,16,408,409,noG,5,0,5.0,0.0,0.2031261999999856,1.125785182152222,1.3587991859997965,0.23298701495393395,2.1316282072803006e-14
Width-C8-H16,8,16,408,409,noG,10,0,10.0,0.0,0.4014956999999981,1.125785182152222,1.3587991859997965,0.23298701495393395,2.1316282072803006e-14
Width-C8-H16,8,16,408,409,noG,15,0,15.0,0.0,0.5747432000000003,1.125785182152222,1.3587991859997965,0.23298701495393395,2.1316282072803006e-14
Width-C8-H16,8,16,408,409,noG,20,0,20.0,0.0,0.7577383999999938,1.125785182152222,1.3587991859997965,0.23298701495393395,2.1316282072803006e-14
Width-C8-H16,8,16,408,409,noG,25,0,25.0,0.0,0.9392522999999642,1.125785182152222,1.3587991859997965,0.23298701495393395,2.1316282072803006e-14
Width-C8-H16,8,16,408,409,PPM-3,0,0,0.0,0.0,4.799999999249849e-06,1.125785182152222,1.3587991859997965,0.23298701495393395,2.1316282072803006e-14
Width-C8-H16,8,16,408,409,PPM-3,5,0,15.0,0.0,0.06817209999996976,1.12541549412744,1.3587792294367989,0.23335639543820708,2.1316282072803006e-14
Width-C8-H16,8,16,408,409,PPM-3,10,0,30.0,0.0,0.13052339999995866,1.125004592709124,1.3587813410097451,0.2337333170689527,2.1316282072803006e-14
Width-C8-H16,8,16,408,409,PPM-3,15,0,45.0,0.0,0.2006759999999872,1.124600177004015,1.3587575643332177,0.23411804693911792,1.4210854715202004e-14
Width-C8-H16,8,16,408,409,PPM-3,20,0,60.0,0.0,0.26902849999999034,1.1242024429420445,1.358707444326395,0.23451085809212419,2.1316282072803006e-14
Width-C8-H16,8,16,408,409,PPM-3,25,0,75.0,0.0,0.32912779999998065,1.123811586310886,1.3586305241688796,0.2349120292340083,2.1316282072803006e-14
Width-C8-H16,8,16,408,410,QP+G,0,0,0.0,0.0,4.300000000512227e-06,1.1648057069651971,1.3239960880399064,0.25872566401198904,2.842170943040401e-14
Width-C8-H16,8,16,408,410,QP+G,5,0,5.0,5.0,0.45428920000000517,1.1648057069651971,1.3239960880399064,0.25872566401198904,2.842170943040401e-14
Width-C8-H16,8,16,408,410,QP+G,10,0,10.0,10.0,0.9128423999999882,1.1648057069651971,1.3239960880399064,0.25872566401198904,2.842170943040401e-14
Width-C8-H16,8,16,408,410,QP+G,15,0,15.0,15.0,1.3792884000000072,1.1648057069651971,1.3239960880399064,0.25872566401198904,2.842170943040401e-14
Width-C8-H16,8,16,408,410,QP+G,20,0,20.0,20.0,1.876834400000007,1.1648057069651971,1.3239960880399064,0.25872566401198904,2.842170943040401e-14
Width-C8-H16,8,16,408,410,QP+G,25,0,25.0,25.0,2.3130848999999785,1.1648057069651971,1.3239960880399064,0.25872566401198904,2.842170943040401e-14
Width-C8-H16,8,16,408,410,noG,0,0,0.0,0.0,4.00000004674439e-06,1.1648057069651971,1.3239960880399064,0.25872566401198904,2.842170943040401e-14
Width-C8-H16,8,16,408,410,noG,5,0,5.0,0.0,0.19938050000001795,1.1648057069651971,1.3239960880399064,0.25872566401198904,2.842170943040401e-14
Width-C8-H16,8,16,408,410,noG,10,0,10.0,0.0,0.39986940000000004,1.1648057069651971,1.3239960880399064,0.25872566401198904,2.842170943040401e-14
Width-C8-H16,8,16,408,410,noG,15,0,15.0,0.0,0.6011519000000476,1.1648057069651971,1.3239960880399064,0.25872566401198904,2.842170943040401e-14
Width-C8-H16,8,16,408,410,noG,20,0,20.0,0.0,0.7914860000000203,1.1648057069651971,1.3239960880399064,0.25872566401198904,2.842170943040401e-14
Width-C8-H16,8,16,408,410,noG,25,0,25.0,0.0,0.9792685000000461,1.1648057069651971,1.3239960880399064,0.25872566401198904,2.842170943040401e-14
Width-C8-H16,8,16,408,410,PPM-3,0,0,0.0,0.0,4.9999999873762135e-06,1.1648057069651971,1.3239960880399064,0.25872566401198904,2.842170943040401e-14
Width-C8-H16,8,16,408,410,PPM-3,5,0,15.0,0.0,0.06893880000001218,1.1639751023322271,1.3240972000812536,0.258703296828464,2.842170943040401e-14
Width-C8-H16,8,16,408,410,PPM-3,10,0,30.0,0.0,0.14502299999998058,1.163133549367928,1.3241877975598848,0.25868677632120046,2.1316282072803006e-14
Width-C8-H16,8,16,408,410,PPM-3,15,0,45.0,0.0,0.20310940000001665,1.16229289998974,1.324255884137679,0.25867614703483266,2.1316282072803006e-14
Width-C8-H16,8,16,408,410,PPM-3,20,0,60.0,0.0,0.2623702999999864,1.1614532147098582,1.324301255323653,0.2586714443073212,2.1316282072803006e-14
Width-C8-H16,8,16,408,410,PPM-3,25,0,75.0,0.0,0.32652280000002065,1.16061455353755,1.3243237075005558,0.2586726944322784,2.1316282072803006e-14
Width-C8-H16,8,16,408,411,QP+G,0,0,0.0,0.0,6.799999994200334e-06,1.1013772078304878,1.3383249861196118,0.30096400331488943,2.1316282072803006e-14
Width-C8-H16,8,16,408,411,QP+G,5,0,5.0,5.0,0.4390262000000007,1.1013772078304878,1.3383249861196118,0.30096400331488943,2.1316282072803006e-14
Width-C8-H16,8,16,408,411,QP+G,10,0,10.0,10.0,0.8798413000000096,1.1013772078304878,1.3383249861196118,0.30096400331488943,2.1316282072803006e-14
Width-C8-H16,8,16,408,411,QP+G,15,0,15.0,15.0,1.3221696999999608,1.1013772078304878,1.3383249861196118,0.30096400331488943,2.1316282072803006e-14
Width-C8-H16,8,16,408,411,QP+G,20,0,20.0,20.0,1.789906799999983,1.1013772078304878,1.3383249861196118,0.30096400331488943,2.1316282072803006e-14
Width-C8-H16,8,16,408,411,QP+G,25,0,25.0,25.0,2.2748080000000073,1.1013772078304878,1.3383249861196118,0.30096400331488943,2.1316282072803006e-14
Width-C8-H16,8,16,408,411,noG,0,0,0.0,0.0,4.9999999873762135e-06,1.1013772078304878,1.3383249861196118,0.30096400331488943,2.1316282072803006e-14
Width-C8-H16,8,16,408,411,noG,5,0,5.0,0.0,0.1733939999999734,1.1013772078304878,1.3383249861196118,0.30096400331488943,2.1316282072803006e-14
Width-C8-H16,8,16,408,411,noG,10,0,10.0,0.0,0.3589607999999771,1.1013772078304878,1.3383249861196118,0.30096400331488943,2.1316282072803006e-14
Width-C8-H16,8,16,408,411,noG,15,0,15.0,0.0,0.5530648999999812,1.1013772078304878,1.3383249861196118,0.30096400331488943,2.1316282072803006e-14
Width-C8-H16,8,16,408,411,noG,20,0,20.0,0.0,0.7487674999999854,1.1013772078304878,1.3383249861196118,0.30096400331488943,2.1316282072803006e-14
Width-C8-H16,8,16,408,411,noG,25,0,25.0,0.0,0.945191799999975,1.1013772078304878,1.3383249861196118,0.30096400331488943,2.1316282072803006e-14
Width-C8-H16,8,16,408,411,PPM-3,0,0,0.0,0.0,4.799999999249849e-06,1.1013772078304878,1.3383249861196118,0.30096400331488943,2.1316282072803006e-14
Width-C8-H16,8,16,408,411,PPM-3,5,0,15.0,0.0,0.05683010000001332,1.0996623547100883,1.3389346913708677,0.30126339303016086,1.4210854715202004e-14
Width-C8-H16,8,16,408,411,PPM-3,10,0,30.0,0.0,0.12083639999997331,1.0979463547819328,1.3395204609520464,0.3015557022013991,2.1316282072803006e-14
Width-C8-H16,8,16,408,411,PPM-3,15,0,45.0,0.0,0.19278809999997293,1.096229628262864,1.3400817959236586,0.3018406230058709,2.1316282072803006e-14
Width-C8-H16,8,16,408,411,PPM-3,20,0,60.0,0.0,0.2522642999999789,1.094512603203813,1.340618195301607,0.3021178415027789,1.4210854715202004e-14
Width-C8-H16,8,16,408,411,PPM-3,25,0,75.0,0.0,0.3167505000000119,1.0927957152228673,1.3411291564012107,0.3023870389899827,2.1316282072803006e-14
Width-C8-H32,8,32,808,400,QP+G,0,0,0.0,0.0,3.900000024259498e-06,1.1158094936888259,1.2600430826320528,0.314351817528962,1.4210854715202004e-14
Width-C8-H32,8,32,808,400,QP+G,5,0,5.0,5.0,0.46709960000004,1.119277340880549,1.2473097471310068,0.31250548520221255,2.1316282072803006e-14
Width-C8-H32,8,32,808,400,QP+G,10,0,10.0,10.0,0.9317424000000187,1.123043114794933,1.2345057468196379,0.31088697513006375,1.4210854715202004e-14
Width-C8-H32,8,32,808,400,QP+G,15,0,15.0,15.0,1.4088627000000429,1.1265588250167047,1.2221182743702819,0.3093358058533099,2.1316282072803006e-14
Width-C8-H32,8,32,808,400,QP+G,20,0,20.0,20.0,1.9029268000000457,1.1298343020762256,1.2101443176817708,0.3078534954224351,2.1316282072803006e-14
Width-C8-H32,8,32,808,400,QP+G,25,0,25.0,25.0,2.3673725000000445,1.1329000604046462,1.1985563017372571,0.3064385069410286,2.842170943040401e-14
Width-C8-H32,8,32,808,400,noG,0,0,0.0,0.0,4.799999999249849e-06,1.1158094936888259,1.2600430826320528,0.314351817528962,1.4210854715202004e-14
Width-C8-H32,8,32,808,400,noG,5,0,5.0,0.0,0.1987207999999896,1.1149763985070456,1.2607550777421928,0.31414963111044203,1.4210854715202004e-14
Width-C8-H32,8,32,808,400,noG,10,0,10.0,0.0,0.4058630999999764,1.1148706705731817,1.2608412139085106,0.3141224306251249,1.4210854715202004e-14
Width-C8-H32,8,32,808,400,noG,15,0,15.0,0.0,0.602740400000016,1.1148569707861984,1.2608522967447577,0.31411887276879774,2.1316282072803006e-14
Width-C8-H32,8,32,808,400,noG,20,0,20.0,0.0,0.8043256999999926,1.1148551867829855,1.2608537386291578,0.31411840889282383,2.1316282072803006e-14
Width-C8-H32,8,32,808,400,noG,25,0,25.0,0.0,1.0120441999999912,1.1148549543169675,1.2608539264923917,0.3141183484374387,2.1316282072803006e-14
Width-C8-H32,8,32,808,400,PPM-3,0,0,0.0,0.0,4.700000033608376e-06,1.1158094936888259,1.2600430826320528,0.314351817528962,1.4210854715202004e-14
Width-C8-H32,8,32,808,400,PPM-3,5,0,15.0,0.0,0.058199700000045596,1.1150352234490106,1.2606964241840686,0.31416172458689073,2.1316282072803006e-14
Width-C8-H32,8,32,808,400,PPM-3,10,0,30.0,0.0,0.12161360000004606,1.1142551088957602,1.2613168650228974,0.3139614877542604,2.1316282072803006e-14
Width-C8-H32,8,32,808,400,PPM-3,15,0,45.0,0.0,0.18998959999998988,1.1133687171916204,1.2620044652543532,0.3137517649193266,1.4210854715202004e-14
Width-C8-H32,8,32,808,400,PPM-3,20,0,60.0,0.0,0.2511549000000173,1.1123715647910646,1.2627633510810568,0.3135332048704531,2.842170943040401e-14
Width-C8-H32,8,32,808,400,PPM-3,25,0,75.0,0.0,0.31974960000002284,1.1111997664835807,1.263657065622258,0.3133064458847511,2.1316282072803006e-14
Width-C8-H32,8,32,808,401,QP+G,0,0,0.0,0.0,3.3999999686784577e-06,1.122827014730977,1.4559531868740043,0.3503585510055977,2.1316282072803006e-14
Width-C8-H32,8,32,808,401,QP+G,5,0,5.0,5.0,0.45082329999996773,1.1257427076527664,1.4423278897082903,0.35111033190634044,1.4210854715202004e-14
Width-C8-H32,8,32,808,401,QP+G,10,0,10.0,10.0,0.8934753999999998,1.1281892134365787,1.4288469558705243,0.3518622506052403,2.842170943040401e-14
Width-C8-H32,8,32,808,401,QP+G,15,0,15.0,15.0,1.3521920000000023,1.1294412631941537,1.4162340176881425,0.3526056914782192,2.1316282072803006e-14
Width-C8-H32,8,32,808,401,QP+G,20,0,20.0,20.0,1.7986533999999779,1.1296190327554199,1.4090816033163052,0.3530429709534914,2.1316282072803006e-14
Width-C8-H32,8,32,808,401,QP+G,25,0,25.0,25.0,2.2162015999999767,1.1296190327554199,1.4090816033163052,0.3530429709534914,2.1316282072803006e-14
Width-C8-H32,8,32,808,401,noG,0,0,0.0,0.0,7.100000004811591e-06,1.122827014730977,1.4559531868740043,0.3503585510055977,2.1316282072803006e-14
Width-C8-H32,8,32,808,401,noG,5,0,5.0,0.0,0.19850389999999152,1.122827014730977,1.4559531868740043,0.3503585510055977,2.1316282072803006e-14
Width-C8-H32,8,32,808,401,noG,10,0,10.0,0.0,0.40042510000000675,1.122827014730977,1.4559531868740043,0.3503585510055977,2.1316282072803006e-14
Width-C8-H32,8,32,808,401,noG,15,0,15.0,0.0,0.607376199999976,1.122827014730977,1.4559531868740043,0.3503585510055977,2.1316282072803006e-14
Width-C8-H32,8,32,808,401,noG,20,0,20.0,0.0,0.8423444000000018,1.122827014730977,1.4559531868740043,0.3503585510055977,2.1316282072803006e-14
Width-C8-H32,8,32,808,401,noG,25,0,25.0,0.0,1.0633108999999763,1.122827014730977,1.4559531868740043,0.3503585510055977,2.1316282072803006e-14
Width-C8-H32,8,32,808,401,PPM-3,0,0,0.0,0.0,8.79999998915082e-06,1.122827014730977,1.4559531868740043,0.3503585510055977,2.1316282072803006e-14
Width-C8-H32,8,32,808,401,PPM-3,5,0,15.0,0.0,0.08831879999996772,1.125431471375039,1.4528098114944406,0.351438596598932,2.1316282072803006e-14
Width-C8-H32,8,32,808,401,PPM-3,10,0,30.0,0.0,0.17577459999995426,1.1279467695867982,1.4497105658868972,0.3524986407567642,2.1316282072803006e-14
Width-C8-H32,8,32,808,401,PPM-3,15,0,45.0,0.0,0.2480056999999647,1.130414842662633,1.4466127723145554,0.3535382975337581,2.1316282072803006e-14
Width-C8-H32,8,32,808,401,PPM-3,20,0,60.0,0.0,0.3193958999999609,1.1326056736427426,1.4437457012844999,0.3545572137689568,1.4210854715202004e-14
Width-C8-H32,8,32,808,401,PPM-3,25,0,75.0,0.0,0.39327469999994946,1.134167771353531,1.441460095850871,0.3555550684863541,1.4210854715202004e-14
Width-C8-H32,8,32,808,402,QP+G,0,0,0.0,0.0,3.900000024259498e-06,1.1132118721327338,1.3145198907208888,0.2655280009644065,2.842170943040401e-14
Width-C8-H32,8,32,808,402,QP+G,5,0,5.0,5.0,0.5720468000000096,1.1163710463726526,1.3044664762608231,0.26399097953745754,1.4210854715202004e-14
Width-C8-H32,8,32,808,402,QP+G,10,0,10.0,10.0,1.1153760999999918,1.119192187223039,1.2947268698481562,0.2624992510014386,2.1316282072803006e-14
Width-C8-H32,8,32,808,402,QP+G,15,0,15.0,15.0,1.6352729000000181,1.121723372092682,1.285253758284621,0.26105800547669383,2.1316282072803006e-14
Width-C8-H32,8,32,808,402,QP+G,20,0,20.0,20.0,2.2412950000000365,1.1240304346455294,1.2759821753077663,0.259672675105012,2.1316282072803006e-14
Width-C8-H32,8,32,808,402,QP+G,25,0,25.0,25.0,2.7494495999999913,1.125878144536706,1.267148276905549,0.2583488774009103,2.1316282072803006e-14
Width-C8-H32,8,32,808,402,noG,0,0,0.0,0.0,4.799999999249849e-06,1.1132118721327338,1.3145198907208888,0.2655280009644065,2.842170943040401e-14
Width-C8-H32,8,32,808,402,noG,5,0,5.0,0.0,0.20867599999996855,1.1132118721327338,1.3145198907208888,0.2655280009644065,2.842170943040401e-14
Width-C8-H32,8,32,808,402,noG,10,0,10.0,0.0,0.420179399999995,1.1132118721327338,1.3145198907208888,0.2655280009644065,2.842170943040401e-14
Width-C8-H32,8,32,808,402,noG,15,0,15.0,0.0,0.6241173999999887,1.1132118721327338,1.3145198907208888,0.2655280009644065,2.842170943040401e-14
Width-C8-H32,8,32,808,402,noG,20,0,20.0,0.0,0.8252535999999964,1.1132118721327338,1.3145198907208888,0.2655280009644065,2.842170943040401e-14
Width-C8-H32,8,32,808,402,noG,25,0,25.0,0.0,1.0380081999999788,1.1132118721327338,1.3145198907208888,0.2655280009644065,2.842170943040401e-14
Width-C8-H32,8,32,808,402,PPM-3,0,0,0.0,0.0,4.9999999873762135e-06,1.1132118721327338,1.3145198907208888,0.2655280009644065,2.842170943040401e-14
Width-C8-H32,8,32,808,402,PPM-3,5,0,15.0,0.0,0.06005040000002282,1.112255158796701,1.3149482734454074,0.26550597195146913,2.1316282072803006e-14
Width-C8-H32,8,32,808,402,PPM-3,10,0,30.0,0.0,0.1168807999999899,1.111258071237134,1.3153876731007539,0.26548569900596813,2.1316282072803006e-14
Width-C8-H32,8,32,808,402,PPM-3,15,0,45.0,0.0,0.17659700000001521,1.1102785017673673,1.3157799758064805,0.2654675674175846,2.1316282072803006e-14
Width-C8-H32,8,32,808,402,PPM-3,20,0,60.0,0.0,0.24253750000002583,1.1093047535109983,1.3161366579840879,0.26545196393922404,2.1316282072803006e-14
Width-C8-H32,8,32,808,402,PPM-3,25,0,75.0,0.0,0.29715729999998075,1.1083237584100833,1.3164705682600009,0.2654392767635455,1.4210854715202004e-14
Width-C8-H32,8,32,808,403,QP+G,0,0,0.0,0.0,4.700000033608376e-06,1.0907094199181624,1.3584033828988522,0.2471533415352918,2.1316282072803006e-14
Width-C8-H32,8,32,808,403,QP+G,5,0,5.0,5.0,0.43001160000000027,1.0947691359774445,1.3469297577810713,0.24648474197487955,2.842170943040401e-14
Width-C8-H32,8,32,808,403,QP+G,10,0,10.0,10.0,0.8733497000000057,1.0983994563975479,1.3357873111982324,0.24594493974900275,2.1316282072803006e-14
Width-C8-H32,8,32,808,403,QP+G,15,0,15.0,15.0,1.2985796000000391,1.1014434529779182,1.325123591089685,0.2455388518692445,1.4210854715202004e-14
Width-C8-H32,8,32,808,403,QP+G,20,0,20.0,20.0,1.7467249000000038,1.1038918849352692,1.3149376646001627,0.24526881475820708,2.1316282072803006e-14
Width-C8-H32,8,32,808,403,QP+G,25,0,25.0,25.0,2.1961390000000165,1.1054444184281347,1.3055194838586535,0.24513322655127623,2.1316282072803006e-14
Width-C8-H32,8,32,808,403,noG,0,0,0.0,0.0,7.900000014160469e-06,1.0907094199181624,1.3584033828988522,0.2471533415352918,2.1316282072803006e-14
Width-C8-H32,8,32,808,403,noG,5,0,5.0,0.0,0.20436940000001869,1.0907094199181624,1.3584033828988522,0.2471533415352918,2.1316282072803006e-14
Width-C8-H32,8,32,808,403,noG,10,0,10.0,0.0,0.41371409999999287,1.0907094199181624,1.3584033828988522,0.2471533415352918,2.1316282072803006e-14
Width-C8-H32,8,32,808,403,noG,15,0,15.0,0.0,0.587211400000001,1.0907094199181624,1.3584033828988522,0.2471533415352918,2.1316282072803006e-14
Width-C8-H32,8,32,808,403,noG,20,0,20.0,0.0,0.7551808999999707,1.0907094199181624,1.3584033828988522,0.2471533415352918,2.1316282072803006e-14
Width-C8-H32,8,32,808,403,noG,25,0,25.0,0.0,0.9308598000000075,1.0907094199181624,1.3584033828988522,0.2471533415352918,2.1316282072803006e-14
Width-C8-H32,8,32,808,403,PPM-3,0,0,0.0,0.0,5.600000008598727e-06,1.0907094199181624,1.3584033828988522,0.2471533415352918,2.1316282072803006e-14
Width-C8-H32,8,32,808,403,PPM-3,5,0,15.0,0.0,0.08169390000000476,1.0920472582397729,1.3573425596538045,0.24789369873668587,2.1316282072803006e-14
Width-C8-H32,8,32,808,403,PPM-3,10,0,30.0,0.0,0.1411516000000006,1.0933883329960221,1.3562455306366468,0.24865566653787763,2.842170943040401e-14
Width-C8-H32,8,32,808,403,PPM-3,15,0,45.0,0.0,0.21536420000001044,1.0946840039568908,1.3551603494555682,0.2494398003745891,2.1316282072803006e-14
Width-C8-H32,8,32,808,403,PPM-3,20,0,60.0,0.0,0.2846061999999847,1.0959508247376375,1.3540698726639246,0.2502466684419249,2.1316282072803006e-14
Width-C8-H32,8,32,808,403,PPM-3,25,0,75.0,0.0,0.36010930000003327,1.097030433379545,1.3531318690331517,0.25107685177453926,1.4210854715202004e-14
Width-C8-H32,8,32,808,404,QP+G,0,0,0.0,0.0,4.9999999873762135e-06,1.1208304490883363,1.4134035915644951,0.32917351091125224,2.1316282072803006e-14
Width-C8-H32,8,32,808,404,QP+G,5,0,5.0,5.0,0.4849684999999795,1.1215529238417181,1.399679915716526,0.3273269666633702,1.4210854715202004e-14
Width-C8-H32,8,32,808,404,QP+G,10,0,10.0,10.0,0.941317099999992,1.12196923683646,1.386178275521922,0.3253696013097049,2.1316282072803006e-14
Width-C8-H32,8,32,808,404,QP+G,15,0,15.0,15.0,1.393781199999978,1.1222173194774248,1.3727857071858856,0.3233111739873033,2.1316282072803006e-14
Width-C8-H32,8,32,808,404,QP+G,20,0,20.0,20.0,1.8364558000000102,1.1224217579661946,1.3594034903583856,0.3211633469361859,2.842170943040401e-14
Width-C8-H32,8,32,808,404,QP+G,25,0,25.0,25.0,2.2897838000000093,1.1226072939857885,1.3460330957511335,0.3189393583107347,1.4210854715202004e-14
Width-C8-H32,8,32,808,404,noG,0,0,0.0,0.0,7.400000015422847e-06,1.1208304490883363,1.4134035915644951,0.32917351091125224,2.1316282072803006e-14
Width-C8-H32,8,32,808,404,noG,5,0,5.0,0.0,0.20784070000001975,1.1208304490883363,1.4134035915644951,0.32917351091125224,2.1316282072803006e-14
Width-C8-H32,8,32,808,404,noG,10,0,10.0,0.0,0.4081636999999887,1.1208304490883363,1.4134035915644951,0.32917351091125224,2.1316282072803006e-14
Width-C8-H32,8,32,808,404,noG,15,0,15.0,0.0,0.6222793000000024,1.1208304490883363,1.4134035915644951,0.32917351091125224,2.1316282072803006e-14
Width-C8-H32,8,32,808,404,noG,20,0,20.0,0.0,0.8246125000000006,1.1208304490883363,1.4134035915644951,0.32917351091125224,2.1316282072803006e-14
Width-C8-H32,8,32,808,404,noG,25,0,25.0,0.0,1.0142925000000105,1.1208304490883363,1.4134035915644951,0.32917351091125224,2.1316282072803006e-14
Width-C8-H32,8,32,808,404,PPM-3,0,0,0.0,0.0,6.299999995462713e-06,1.1208304490883363,1.4134035915644951,0.32917351091125224,2.1316282072803006e-14
Width-C8-H32,8,32,808,404,PPM-3,5,0,15.0,0.0,0.05493539999997665,1.1192440728533117,1.4136153815107708,0.3297732365792576,2.1316282072803006e-14
Width-C8-H32,8,32,808,404,PPM-3,10,0,30.0,0.0,0.11122869999996965,1.117455783961347,1.4139784401742648,0.3303605255955911,2.1316282072803006e-14
Width-C8-H32,8,32,808,404,PPM-3,15,0,45.0,0.0,0.1730612999999721,1.115548484421416,1.4144095843984321,0.33093501144975124,2.1316282072803006e-14
Width-C8-H32,8,32,808,404,PPM-3,20,0,60.0,0.0,0.23084739999995918,1.113641540285183,1.414789171102736,0.3314963315383438,2.1316282072803006e-14
Width-C8-H32,8,32,808,404,PPM-3,25,0,75.0,0.0,0.2885618999999906,1.1117166376907033,1.4151352413888882,0.33204412885482537,2.1316282072803006e-14
Width-C8-H32,8,32,808,405,QP+G,0,0,0.0,0.0,3.900000024259498e-06,1.1391842138725543,1.420142953716682,0.29436240247288925,2.1316282072803006e-14
Width-C8-H32,8,32,808,405,QP+G,5,0,5.0,5.0,0.43874660000000176,1.139805981516621,1.4115125954016754,0.2932744863307279,2.1316282072803006e-14
Width-C8-H32,8,32,808,405,QP+G,10,0,10.0,10.0,0.8621941000000106,1.1402340021482262,1.4030213323636238,0.292151108628885,2.1316282072803006e-14
Width-C8-H32,8,32,808,405,QP+G,15,0,15.0,15.0,1.3098320999999942,1.1404997163971646,1.3946440540443217,0.29100173530693463,2.1316282072803006e-14
Width-C8-H32,8,32,808,405,QP+G,20,0,20.0,20.0,1.7433068000000276,1.1406694063917577,1.3863209696961059,0.2898365097185506,2.1316282072803006e-14
Width-C8-H32,8,32,808,405,QP+G,25,0,25.0,25.0,2.1488123000000314,1.1406952039606897,1.3846600521512058,0.2896024957376828,2.1316282072803006e-14
Width-C8-H32,8,32,808,405,noG,0,0,0.0,0.0,6.400000017947605e-06,1.1391842138725543,1.420142953716682,0.29436240247288925,2.1316282072803006e-14
Width-C8-H32,8,32,808,405,noG,5,0,5.0,0.0,0.19051739999997608,1.1391842138725543,1.420142953716682,0.29436240247288925,2.1316282072803006e-14
Width-C8-H32,8,32,808,405,noG,10,0,10.0,0.0,0.41052580000001626,1.1391842138725543,1.420142953716682,0.29436240247288925,2.1316282072803006e-14
Width-C8-H32,8,32,808,405,noG,15,0,15.0,0.0,0.6042256000000066,1.1391842138725543,1.420142953716682,0.29436240247288925,2.1316282072803006e-14
Width-C8-H32,8,32,808,405,noG,20,0,20.0,0.0,0.8007790999999997,1.1391842138725543,1.420142953716682,0.29436240247288925,2.1316282072803006e-14
Width-C8-H32,8,32,808,405,noG,25,0,25.0,0.0,1.0141651000000138,1.1391842138725543,1.420142953716682,0.29436240247288925,2.1316282072803006e-14
Width-C8-H32,8,32,808,405,PPM-3,0,0,0.0,0.0,4.2000000348707545e-06,1.1391842138725543,1.420142953716682,0.29436240247288925,2.1316282072803006e-14
Width-C8-H32,8,32,808,405,PPM-3,5,0,15.0,0.0,0.06573630000002595,1.138308260626604,1.4209227511879334,0.2947374645217824,2.1316282072803006e-14
Width-C8-H32,8,32,808,405,PPM-3,10,0,30.0,0.0,0.12826210000002902,1.1373284811689555,1.4217726113312086,0.2951169750024191,2.1316282072803006e-14
Width-C8-H32,8,32,808,405,PPM-3,15,0,45.0,0.0,0.19194410000000062,1.136230049703307,1.4227069119471762,0.29550082821366563,2.1316282072803006e-14
Width-C8-H32,8,32,808,405,PPM-3,20,0,60.0,0.0,0.2595042000000376,1.1350023758676222,1.4237357957204304,0.2958889093934732,1.4210854715202004e-14
Width-C8-H32,8,32,808,405,PPM-3,25,0,75.0,0.0,0.3357038999999986,1.133719799927585,1.4247844750349457,0.29628109500838695,2.1316282072803006e-14
Width-C8-H32,8,32,808,406,QP+G,0,0,0.0,0.0,3.6000000136482413e-06,1.135606277752089,1.415557193256002,0.2567300498641393,2.1316282072803006e-14
Width-C8-H32,8,32,808,406,QP+G,5,0,5.0,5.0,0.4436101999999664,1.1359577674942964,1.408687160161871,0.256139022272232,2.1316282072803006e-14
Width-C8-H32,8,32,808,406,QP+G,10,0,10.0,10.0,0.8697181999999657,1.1363181909378923,1.4017425393507326,0.25555966016730164,2.842170943040401e-14
Width-C8-H32,8,32,808,406,QP+G,15,0,15.0,15.0,1.3142230999999924,1.1366879095483802,1.394722660604341,0.25499210311730935,1.4210854715202004e-14
Width-C8-H32,8,32,808,406,QP+G,20,0,20.0,20.0,1.7298114000000169,1.1369895912700836,1.3877045793101892,0.2544363734024714,2.1316282072803006e-14
Width-C8-H32,8,32,808,406,QP+G,25,0,25.0,25.0,2.1796741999999654,1.1371626918050939,1.3807485994688597,0.25389236440623375,2.1316282072803006e-14
Width-C8-H32,8,32,808,406,noG,0,0,0.0,0.0,5.200000032345997e-06,1.135606277752089,1.415557193256002,0.2567300498641393,2.1316282072803006e-14
Width-C8-H32,8,32,808,406,noG,5,0,5.0,0.0,0.19465600000000904,1.135606277752089,1.415557193256002,0.2567300498641393,2.1316282072803006e-14
Width-C8-H32,8,32,808,406,noG,10,0,10.0,0.0,0.3857853000000091,1.135606277752089,1.415557193256002,0.2567300498641393,2.1316282072803006e-14
Width-C8-H32,8,32,808,406,noG,15,0,15.0,0.0,0.5709573000000319,1.135606277752089,1.415557193256002,0.2567300498641393,2.1316282072803006e-14
Width-C8-H32,8,32,808,406,noG,20,0,20.0,0.0,0.7834372000000371,1.135606277752089,1.415557193256002,0.2567300498641393,2.1316282072803006e-14
Width-C8-H32,8,32,808,406,noG,25,0,25.0,0.0,0.9887608000000228,1.135606277752089,1.415557193256002,0.2567300498641393,2.1316282072803006e-14
Width-C8-H32,8,32,808,406,PPM-3,0,0,0.0,0.0,4.599999954280065e-06,1.135606277752089,1.415557193256002,0.2567300498641393,2.1316282072803006e-14
Width-C8-H32,8,32,808,406,PPM-3,5,0,15.0,0.0,0.06346409999997604,1.1360938179849234,1.4149331846019748,0.2570603703032435,2.1316282072803006e-14
Width-C8-H32,8,32,808,406,PPM-3,10,0,30.0,0.0,0.12611549999996896,1.1365918715454342,1.414271476765963,0.2573915764487933,2.1316282072803006e-14
Width-C8-H32,8,32,808,406,PPM-3,15,0,45.0,0.0,0.18670809999997573,1.1370829731015044,1.4135892315824214,0.2577238578111127,2.1316282072803006e-14
Width-C8-H32,8,32,808,406,PPM-3,20,0,60.0,0.0,0.25506009999998014,1.1373520035758125,1.4131012640520533,0.25805740544358813,2.1316282072803006e-14
Width-C8-H32,8,32,808,406,PPM-3,25,0,75.0,0.0,0.3156179999999722,1.1375990021648894,1.4126072302684394,0.2583924115509999,1.4210854715202004e-14
Width-C8-H32,8,32,808,407,QP+G,0,0,0.0,0.0,3.5999999568048224e-06,1.0717260736044187,1.3566354129379163,0.2655185628242751,2.1316282072803006e-14
Width-C8-H32,8,32,808,407,QP+G,5,0,5.0,5.0,0.48336029999995844,1.0730275403564824,1.347917481370191,0.2650886386795601,1.4210854715202004e-14
Width-C8-H32,8,32,808,407,QP+G,10,0,10.0,10.0,0.9073103999999717,1.0742919922678111,1.3391822212599194,0.26468743967314157,1.4210854715202004e-14
Width-C8-H32,8,32,808,407,QP+G,15,0,15.0,15.0,1.3305371999999807,1.0755370190684657,1.3304106505852418,0.26431518214764255,2.1316282072803006e-14
Width-C8-H32,8,32,808,407,QP+G,20,0,20.0,20.0,1.7816106999999874,1.0767415399554343,1.3216226372385647,0.26397166576185804,2.1316282072803006e-14
Width-C8-H32,8,32,808,407,QP+G,25,0,25.0,25.0,2.211062399999946,1.0779300589880079,1.312792715595427,0.2636562630732154,2.1316282072803006e-14
Width-C8-H32,8,32,808,407,noG,0,0,0.0,0.0,4.799999999249849e-06,1.0717260736044187,1.3566354129379163,0.2655185628242751,2.1316282072803006e-14
Width-C8-H32,8,32,808,407,noG,5,0,5.0,0.0,0.19853380000000698,1.0717260736044187,1.3566354129379163,0.2655185628242751,2.1316282072803006e-14
Width-C8-H32,8,32,808,407,noG,10,0,10.0,0.0,0.394892700000014,1.0717260736044187,1.3566354129379163,0.2655185628242751,2.1316282072803006e-14
Width-C8-H32,8,32,808,407,noG,15,0,15.0,0.0,0.5859285000000227,1.0717260736044187,1.3566354129379163,0.2655185628242751,2.1316282072803006e-14
Width-C8-H32,8,32,808,407,noG,20,0,20.0,0.0,0.7836450000000355,1.0717260736044187,1.3566354129379163,0.2655185628242751,2.1316282072803006e-14
Width-C8-H32,8,32,808,407,noG,25,0,25.0,0.0,0.9703792999999905,1.0717260736044187,1.3566354129379163,0.2655185628242751,2.1316282072803006e-14
Width-C8-H32,8,32,808,407,PPM-3,0,0,0.0,0.0,4.600000011123484e-06,1.0717260736044187,1.3566354129379163,0.2655185628242751,2.1316282072803006e-14
Width-C8-H32,8,32,808,407,PPM-3,5,0,15.0,0.0,0.05448510000002216,1.0706807947823103,1.3575019525510081,0.26589618166999296,2.1316282072803006e-14
Width-C8-H32,8,32,808,407,PPM-3,10,0,30.0,0.0,0.11054230000002008,1.0696283301485432,1.3583431995542379,0.2662816709369117,2.1316282072803006e-14
Width-C8-H32,8,32,808,407,PPM-3,15,0,45.0,0.0,0.16687000000001717,1.068580440257376,1.3591470401787482,0.26667495610151687,2.1316282072803006e-14
Width-C8-H32,8,32,808,407,PPM-3,20,0,60.0,0.0,0.229466900000034,1.0674953661511528,1.359954878677949,0.267075964005549,2.1316282072803006e-14
Width-C8-H32,8,32,808,407,PPM-3,25,0,75.0,0.0,0.31228060000000823,1.0663818270225651,1.3607576395886036,0.2674846227069471,2.1316282072803006e-14
Width-C8-H32,8,32,808,408,QP+G,0,0,0.0,0.0,3.999999989900971e-06,1.108823539469246,1.2333191008254596,0.28026679663508675,2.842170943040401e-14
Width-C8-H32,8,32,808,408,QP+G,5,0,5.0,5.0,0.42830950000001167,1.108823539469246,1.2333191008254596,0.28026679663508675,2.842170943040401e-14
Width-C8-H32,8,32,808,408,QP+G,10,0,10.0,10.0,0.8503428999999869,1.108823539469246,1.2333191008254596,0.28026679663508675,2.842170943040401e-14
Width-C8-H32,8,32,808,408,QP+G,15,0,15.0,15.0,1.2667101000000116,1.108823539469246,1.2333191008254596,0.28026679663508675,2.842170943040401e-14
Width-C8-H32,8,32,808,408,QP+G,20,0,20.0,20.0,1.6772915999999896,1.108823539469246,1.2333191008254596,0.28026679663508675,2.842170943040401e-14
Width-C8-H32,8,32,808,408,QP+G,25,0,25.0,25.0,2.077673699999991,1.108823539469246,1.2333191008254596,0.28026679663508675,2.842170943040401e-14
Width-C8-H32,8,32,808,408,noG,0,0,0.0,0.0,7.49999998106432e-06,1.108823539469246,1.2333191008254596,0.28026679663508675,2.842170943040401e-14
Width-C8-H32,8,32,808,408,noG,5,0,5.0,0.0,0.1969961000000353,1.108823539469246,1.2333191008254596,0.28026679663508675,2.842170943040401e-14
Width-C8-H32,8,32,808,408,noG,10,0,10.0,0.0,0.3875110000000177,1.108823539469246,1.2333191008254596,0.28026679663508675,2.842170943040401e-14
Width-C8-H32,8,32,808,408,noG,15,0,15.0,0.0,0.5847056000000066,1.108823539469246,1.2333191008254596,0.28026679663508675,2.842170943040401e-14
Width-C8-H32,8,32,808,408,noG,20,0,20.0,0.0,0.7856593999999859,1.108823539469246,1.2333191008254596,0.28026679663508675,2.842170943040401e-14
Width-C8-H32,8,32,808,408,noG,25,0,25.0,0.0,0.9886397000000215,1.108823539469246,1.2333191008254596,0.28026679663508675,2.842170943040401e-14
Width-C8-H32,8,32,808,408,PPM-3,0,0,0.0,0.0,5.100000009861105e-06,1.108823539469246,1.2333191008254596,0.28026679663508675,2.842170943040401e-14
Width-C8-H32,8,32,808,408,PPM-3,5,0,15.0,0.0,0.06918009999998276,1.1072936301158858,1.233453697606089,0.280367951094979,2.1316282072803006e-14
Width-C8-H32,8,32,808,408,PPM-3,10,0,30.0,0.0,0.12540769999998247,1.105740723550028,1.2335835232457224,0.2804705583566877,2.1316282072803006e-14
Width-C8-H32,8,32,808,408,PPM-3,15,0,45.0,0.0,0.1844143999999801,1.1041779303811898,1.2336952673428998,0.28057467964566574,2.1316282072803006e-14
Width-C8-H32,8,32,808,408,PPM-3,20,0,60.0,0.0,0.24700350000000526,1.1026132380753912,1.233780740710377,0.2806803715825374,2.1316282072803006e-14
Width-C8-H32,8,32,808,408,PPM-3,25,0,75.0,0.0,0.30500449999999546,1.1010368877556571,1.233849498615116,0.28078768619390015,2.1316282072803006e-14
Width-C8-H32,8,32,808,409,QP+G,0,0,0.0,0.0,3.6999999792897142e-06,1.0987862356364324,1.214019995377224,0.3155509507094225,2.842170943040401e-14
Width-C8-H32,8,32,808,409,QP+G,5,0,5.0,5.0,0.49636879999997063,1.094851013477903,1.2052120734766971,0.31289975244774093,2.1316282072803006e-14
Width-C8-H32,8,32,808,409,QP+G,10,0,10.0,10.0,0.9988341999999761,1.0872947527495729,1.1957531051434662,0.3094405405008052,2.1316282072803006e-14
Width-C8-H32,8,32,808,409,QP+G,15,0,15.0,15.0,1.4919616999999903,1.0800277839780172,1.1843620366584713,0.30596966610001775,2.1316282072803006e-14
Width-C8-H32,8,32,808,409,QP+G,20,0,20.0,20.0,1.969751599999995,1.0730635082738444,1.1717421805399615,0.3026579485041022,1.4210854715202004e-14
Width-C8-H32,8,32,808,409,QP+G,25,0,25.0,25.0,2.443375099999969,1.065157779430007,1.1573069873514195,0.299258532938767,2.1316282072803006e-14
Width-C8-H32,8,32,808,409,noG,0,0,0.0,0.0,6.799999994200334e-06,1.0987862356364324,1.214019995377224,0.3155509507094225,2.842170943040401e-14
Width-C8-H32,8,32,808,409,noG,5,0,5.0,0.0,0.20570620000000872,1.0955731755973672,1.2145680597280846,0.31492703121460136,1.4210854715202004e-14
Width-C8-H32,8,32,808,409,noG,10,0,10.0,0.0,0.41871279999998023,1.0934774307654325,1.2150084257557705,0.3145244376169527,2.842170943040401e-14
Width-C8-H32,8,32,808,409,noG,15,0,15.0,0.0,0.6270764999999869,1.0921771918979442,1.2152491988654641,0.31427427046881323,2.1316282072803006e-14
Width-C8-H32,8,32,808,409,noG,20,0,20.0,0.0,0.8285905999999841,1.0913821441691185,1.2153837255899587,0.31412119911883357,2.1316282072803006e-14
Width-C8-H32,8,32,808,409,noG,25,0,25.0,0.0,1.0210409999999683,1.0908990954910922,1.2154606458040051,0.31402816963276364,1.4210854715202004e-14
Width-C8-H32,8,32,808,409,PPM-3,0,0,0.0,0.0,5.7999999967250915e-06,1.0987862356364324,1.214019995377224,0.3155509507094225,2.842170943040401e-14
Width-C8-H32,8,32,808,409,PPM-3,5,0,15.0,0.0,0.07273969999999963,1.0970692275217515,1.2142393808077818,0.3152152461326683,2.1316282072803006e-14
Width-C8-H32,8,32,808,409,PPM-3,10,0,30.0,0.0,0.13093099999997548,1.095358639656407,1.214593562219322,0.31488135886606283,1.4210854715202004e-14
Width-C8-H32,8,32,808,409,PPM-3,15,0,45.0,0.0,0.19844030000001567,1.0936414553130307,1.2149445263976686,0.31454962343213183,2.1316282072803006e-14
Width-C8-H32,8,32,808,409,PPM-3,20,0,60.0,0.0,0.2547594999999774,1.0919381149162817,1.2152512674280125,0.31422037656028645,2.1316282072803006e-14
Width-C8-H32,8,32,808,409,PPM-3,25,0,75.0,0.0,0.31353169999999864,1.0902491148022588,1.2155129931822923,0.3138939562823794,1.4210854715202004e-14
Width-C8-H32,8,32,808,410,QP+G,0,0,0.0,0.0,4.2000000348707545e-06,1.0824360204158217,1.3944185769812691,0.31806832565637233,2.1316282072803006e-14
Width-C8-H32,8,32,808,410,QP+G,5,0,5.0,5.0,0.43521910000004027,1.084016738412215,1.382120095976496,0.3171786901726293,1.4210854715202004e-14
Width-C8-H32,8,32,808,410,QP+G,10,0,10.0,10.0,0.899429600000019,1.085283655760243,1.3701512105555653,0.31620195590910755,2.1316282072803006e-14
Width-C8-H32,8,32,808,410,QP+G,15,0,15.0,15.0,1.380531700000006,1.0864459487057219,1.3583098010834447,0.31514647939576945,2.842170943040401e-14
Width-C8-H32,8,32,808,410,QP+G,20,0,20.0,20.0,1.8437491999999907,1.0874810626330045,1.3466250198735268,0.314021975702273,2.1316282072803006e-14
Width-C8-H32,8,32,808,410,QP+G,25,0,25.0,25.0,2.2604954999999904,1.0882027226034168,1.3352892550882303,0.31283909061747484,2.1316282072803006e-14
Width-C8-H32,8,32,808,410,noG,0,0,0.0,0.0,4.799999999249849e-06,1.0824360204158217,1.3944185769812691,0.31806832565637233,2.1316282072803006e-14
Width-C8-H32,8,32,808,410,noG,5,0,5.0,0.0,0.18657100000001492,1.0824360204158217,1.3944185769812691,0.31806832565637233,2.1316282072803006e-14
Width-C8-H32,8,32,808,410,noG,10,0,10.0,0.0,0.3869459000000006,1.0824360204158217,1.3944185769812691,0.31806832565637233,2.1316282072803006e-14
Width-C8-H32,8,32,808,410,noG,15,0,15.0,0.0,0.5886658000000011,1.0824360204158217,1.3944185769812691,0.31806832565637233,2.1316282072803006e-14
Width-C8-H32,8,32,808,410,noG,20,0,20.0,0.0,0.7658602000000201,1.0824360204158217,1.3944185769812691,0.31806832565637233,2.1316282072803006e-14
Width-C8-H32,8,32,808,410,noG,25,0,25.0,0.0,0.9531352999999854,1.0824360204158217,1.3944185769812691,0.31806832565637233,2.1316282072803006e-14
Width-C8-H32,8,32,808,410,PPM-3,0,0,0.0,0.0,6.499999983589078e-06,1.0824360204158217,1.3944185769812691,0.31806832565637233,2.1316282072803006e-14
Width-C8-H32,8,32,808,410,PPM-3,5,0,15.0,0.0,0.06831099999999424,1.0808875246187084,1.3941440741667324,0.3185193047249144,2.842170943040401e-14
Width-C8-H32,8,32,808,410,PPM-3,10,0,30.0,0.0,0.12782509999999547,1.0792701934896605,1.3938923630126676,0.3189604002038622,1.4210854715202004e-14
Width-C8-H32,8,32,808,410,PPM-3,15,0,45.0,0.0,0.18438709999998082,1.0776208655328177,1.3936262971380284,0.3193911684738567,2.1316282072803006e-14
Width-C8-H32,8,32,808,410,PPM-3,20,0,60.0,0.0,0.23857520000001387,1.0759209886840266,1.3933641306021105,0.3198111749963814,1.4210854715202004e-14
Width-C8-H32,8,32,808,410,PPM-3,25,0,75.0,0.0,0.29549930000001723,1.0741761920015362,1.3930999465643386,0.32021999764520453,2.1316282072803006e-14
Width-C8-H32,8,32,808,411,QP+G,0,0,0.0,0.0,3.3000000030369847e-06,1.0755599327947094,1.28001710517137,0.28201052961745016,2.1316282072803006e-14
Width-C8-H32,8,32,808,411,QP+G,5,0,5.0,5.0,0.4747195000000488,1.078135133768355,1.2718927325084939,0.28152716840415487,2.1316282072803006e-14
Width-C8-H32,8,32,808,411,QP+G,10,0,10.0,10.0,0.9485540000000015,1.0800515936905917,1.2643587050562706,0.2810433544910383,2.1316282072803006e-14
Width-C8-H32,8,32,808,411,QP+G,15,0,15.0,15.0,1.4448505000000296,1.0811796535476226,1.257546772097262,0.2805528506328518,2.1316282072803006e-14
Width-C8-H32,8,32,808,411,QP+G,20,0,20.0,20.0,1.9170293000000243,1.0819285566062185,1.2510503646487572,0.28004905122724477,1.4210854715202004e-14
Width-C8-H32,8,32,808,411,QP+G,25,0,25.0,25.0,2.5337226999999984,1.0822872026129178,1.2448839328415995,0.27952506628973106,2.842170943040401e-14
Width-C8-H32,8,32,808,411,noG,0,0,0.0,0.0,8.79999998915082e-06,1.0755599327947094,1.28001710517137,0.28201052961745016,2.1316282072803006e-14
Width-C8-H32,8,32,808,411,noG,5,0,5.0,0.0,0.2702036000000021,1.0755599327947094,1.28001710517137,0.28201052961745016,2.1316282072803006e-14
Width-C8-H32,8,32,808,411,noG,10,0,10.0,0.0,0.525648799999999,1.0755599327947094,1.28001710517137,0.28201052961745016,2.1316282072803006e-14
Width-C8-H32,8,32,808,411,noG,15,0,15.0,0.0,0.7954359999999951,1.0755599327947094,1.28001710517137,0.28201052961745016,2.1316282072803006e-14
Width-C8-H32,8,32,808,411,noG,20,0,20.0,0.0,1.065187500000036,1.0755599327947094,1.28001710517137,0.28201052961745016,2.1316282072803006e-14
Width-C8-H32,8,32,808,411,noG,25,0,25.0,0.0,1.2737973000000125,1.0755599327947094,1.28001710517137,0.28201052961745016,2.1316282072803006e-14
Width-C8-H32,8,32,808,411,PPM-3,0,0,0.0,0.0,6.600000006073969e-06,1.0755599327947094,1.28001710517137,0.28201052961745016,2.1316282072803006e-14
Width-C8-H32,8,32,808,411,PPM-3,5,0,15.0,0.0,0.06530839999999216,1.0767883191502838,1.2782589025577822,0.28239561988628675,1.4210854715202004e-14
Width-C8-H32,8,32,808,411,PPM-3,10,0,30.0,0.0,0.1208927999999787,1.0780271468284477,1.276467292759102,0.28278311032605674,2.842170943040401e-14
Width-C8-H32,8,32,808,411,PPM-3,15,0,45.0,0.0,0.1773860000000127,1.0791950805594466,1.2747231667313366,0.2831729674581054,2.1316282072803006e-14
Width-C8-H32,8,32,808,411,PPM-3,20,0,60.0,0.0,0.24567650000000185,1.0803102345088424,1.273007963870401,0.2835651429840135,2.1316282072803006e-14
Width-C8-H32,8,32,808,411,PPM-3,25,0,75.0,0.0,0.30329209999996465,1.0814056937730365,1.271288150668711,0.28395957353540485,2.1316282072803006e-14
Channels-C6-H64,6,64,1222,420,QP+G,0,0,0.0,0.0,4.899999964891322e-06,0.8543618330183901,0.9780127577293695,0.36036243199310347,1.4210854715202004e-14
Channels-C6-H64,6,64,1222,420,QP+G,5,0,5.0,5.0,0.26817729999999074,0.8545418564875844,0.9727431836832399,0.36010386736159017,1.4210854715202004e-14
Channels-C6-H64,6,64,1222,420,QP+G,10,0,10.0,10.0,0.5718366999999489,0.8545418564875844,0.9727431836832399,0.36010386736159017,1.4210854715202004e-14
Channels-C6-H64,6,64,1222,420,QP+G,15,0,15.0,15.0,0.9037250999999742,0.8545418564875844,0.9727431836832399,0.36010386736159017,1.4210854715202004e-14
Channels-C6-H64,6,64,1222,420,QP+G,20,0,20.0,20.0,1.1825441999999953,0.8545418564875844,0.9727431836832399,0.36010386736159017,1.4210854715202004e-14
Channels-C6-H64,6,64,1222,420,QP+G,25,0,25.0,25.0,1.471029499999986,0.8545418564875844,0.9727431836832399,0.36010386736159017,1.4210854715202004e-14
Channels-C6-H64,6,64,1222,420,noG,0,0,0.0,0.0,6.299999995462713e-06,0.8543618330183901,0.9780127577293695,0.36036243199310347,1.4210854715202004e-14
Channels-C6-H64,6,64,1222,420,noG,5,0,5.0,0.0,0.15179449999999406,0.8543618330183901,0.9780127577293695,0.36036243199310347,1.4210854715202004e-14
Channels-C6-H64,6,64,1222,420,noG,10,0,10.0,0.0,0.2921754999999848,0.8543618330183901,0.9780127577293695,0.36036243199310347,1.4210854715202004e-14
Channels-C6-H64,6,64,1222,420,noG,15,0,15.0,0.0,0.4249815999999669,0.8543618330183901,0.9780127577293695,0.36036243199310347,1.4210854715202004e-14
Channels-C6-H64,6,64,1222,420,noG,20,0,20.0,0.0,0.5572003999999993,0.8543618330183901,0.9780127577293695,0.36036243199310347,1.4210854715202004e-14
Channels-C6-H64,6,64,1222,420,noG,25,0,25.0,0.0,0.6811774999999898,0.8543618330183901,0.9780127577293695,0.36036243199310347,1.4210854715202004e-14
Channels-C6-H64,6,64,1222,420,PPM-3,0,0,0.0,0.0,5.600000008598727e-06,0.8543618330183901,0.9780127577293695,0.36036243199310347,1.4210854715202004e-14
Channels-C6-H64,6,64,1222,420,PPM-3,5,0,15.0,0.0,0.036255700000026536,0.855310093720852,0.9758198631030266,0.3613251041672302,1.4210854715202004e-14
Channels-C6-H64,6,64,1222,420,PPM-3,10,0,30.0,0.0,0.0823460999999952,0.8555042993334006,0.9742704720825024,0.3622913031937696,1.4210854715202004e-14
Channels-C6-H64,6,64,1222,420,PPM-3,15,0,45.0,0.0,0.12289380000004257,0.8556529317207439,0.9726526225418165,0.3632585315374425,1.4210854715202004e-14
Channels-C6-H64,6,64,1222,420,PPM-3,20,0,60.0,0.0,0.1570836000000213,0.8557859176063307,0.9709329983208723,0.3642239689481677,1.4210854715202004e-14
Channels-C6-H64,6,64,1222,420,PPM-3,25,0,75.0,0.0,0.19349900000003117,0.8558067877558726,0.9692047847044574,0.36518445525338816,1.4210854715202004e-14
Channels-C6-H64,6,64,1222,421,QP+G,0,0,0.0,0.0,3.4999999911633495e-06,0.8205015254458535,1.2548215341918585,0.4386763549007996,2.1316282072803006e-14
Channels-C6-H64,6,64,1222,421,QP+G,5,0,5.0,5.0,0.29192870000002813,0.8230002901100288,1.2029549939185662,0.4247044029934773,1.4210854715202004e-14
Channels-C6-H64,6,64,1222,421,QP+G,10,0,10.0,10.0,0.5958709999999883,0.8289896120410027,1.1281963115754248,0.4136529836382294,2.1316282072803006e-14
Channels-C6-H64,6,64,1222,421,QP+G,15,0,15.0,15.0,0.8659132000000227,0.8364284035851507,1.032355053484204,0.39948647966002404,2.1316282072803006e-14
Channels-C6-H64,6,64,1222,421,QP+G,20,0,20.0,20.0,1.1583717999999976,0.8421419351290798,0.9397967481643574,0.3842528407514283,1.4210854715202004e-14
Channels-C6-H64,6,64,1222,421,QP+G,25,0,25.0,25.0,1.4304632999999853,0.8481958321551201,0.8541681346404478,0.3711494432681868,1.4210854715202004e-14
Channels-C6-H64,6,64,1222,421,noG,0,0,0.0,0.0,3.299999946193566e-06,0.8205015254458535,1.2548215341918585,0.4386763549007996,2.1316282072803006e-14
Channels-C6-H64,6,64,1222,421,noG,5,0,5.0,0.0,0.11649599999998372,0.8205015254458535,1.2548215341918585,0.4386763549007996,2.1316282072803006e-14
Channels-C6-H64,6,64,1222,421,noG,10,0,10.0,0.0,0.24447479999997768,0.8205015254458535,1.2548215341918585,0.4386763549007996,2.1316282072803006e-14
Channels-C6-H64,6,64,1222,421,noG,15,0,15.0,0.0,0.3836853999999903,0.8205015254458535,1.2548215341918585,0.4386763549007996,2.1316282072803006e-14
Channels-C6-H64,6,64,1222,421,noG,20,0,20.0,0.0,0.5051940999999829,0.8205015254458535,1.2548215341918585,0.4386763549007996,2.1316282072803006e-14
Channels-C6-H64,6,64,1222,421,noG,25,0,25.0,0.0,0.645684899999992,0.8205015254458535,1.2548215341918585,0.4386763549007996,2.1316282072803006e-14
Channels-C6-H64,6,64,1222,421,PPM-3,0,0,0.0,0.0,4.900000021734741e-06,0.8205015254458535,1.2548215341918585,0.4386763549007996,2.1316282072803006e-14
Channels-C6-H64,6,64,1222,421,PPM-3,5,0,15.0,0.0,0.03917210000003024,0.8212732288919383,1.2499790409387157,0.439634801349091,1.4210854715202004e-14
Channels-C6-H64,6,64,1222,421,PPM-3,10,0,30.0,0.0,0.08309559999997873,0.8220490490627758,1.244917182730719,0.44047918873052794,1.4210854715202004e-14
Channels-C6-H64,6,64,1222,421,PPM-3,15,0,45.0,0.0,0.12224040000000969,0.8228031495050953,1.239659602742027,0.44120968022656765,1.4210854715202004e-14
Channels-C6-H64,6,64,1222,421,PPM-3,20,0,60.0,0.0,0.15736870000000636,0.8234673874126287,1.2342726150573724,0.44182717370520114,7.105427357601002e-15
Channels-C6-H64,6,64,1222,421,PPM-3,25,0,75.0,0.0,0.20146429999999782,0.8239859065590709,1.228810637165687,0.44233330734059895,1.4210854715202004e-14
Channels-C6-H64,6,64,1222,422,QP+G,0,0,0.0,0.0,4.900000021734741e-06,0.7854429688135474,1.1081539659303403,0.41456479256762896,1.4210854715202004e-14
Channels-C6-H64,6,64,1222,422,QP+G,5,0,5.0,5.0,0.29299819999999954,0.787997329083163,1.0485656615774595,0.38857269432787467,1.4210854715202004e-14
Channels-C6-H64,6,64,1222,422,QP+G,10,0,10.0,10.0,0.5837237000000073,0.7911378820552813,0.985738793090183,0.3626696168769716,2.1316282072803006e-14
Channels-C6-H64,6,64,1222,422,QP+G,15,0,15.0,15.0,0.9003324999999904,0.7947486834664528,0.9241083146411797,0.3378273830772425,1.4210854715202004e-14
Channels-C6-H64,6,64,1222,422,QP+G,20,0,20.0,20.0,1.1805418000000145,0.7993449301691781,0.8656681122733939,0.3146475310417068,1.4210854715202004e-14
Channels-C6-H64,6,64,1222,422,QP+G,25,0,25.0,25.0,1.4725364999999897,0.8042645846214753,0.8123123894680491,0.29359505580963996,1.4210854715202004e-14
Channels-C6-H64,6,64,1222,422,noG,0,0,0.0,0.0,3.900000024259498e-06,0.7854429688135474,1.1081539659303403,0.41456479256762896,1.4210854715202004e-14
Channels-C6-H64,6,64,1222,422,noG,5,0,5.0,0.0,0.12147479999998723,0.7826406521842816,1.0904621896153412,0.4104692874559481,1.4210854715202004e-14
Channels-C6-H64,6,64,1222,422,noG,10,0,10.0,0.0,0.2338824999999929,0.7750732907720287,1.0672831778453227,0.4014528766889757,1.4210854715202004e-14
Channels-C6-H64,6,64,1222,422,noG,15,0,15.0,0.0,0.3530109000000152,0.7690614746436495,1.0334655779828745,0.3891966351321394,1.4210854715202004e-14
Channels-C6-H64,6,64,1222,422,noG,20,0,20.0,0.0,0.46689720000000534,0.7656069824576134,0.9902928284032243,0.3748323303532536,1.4210854715202004e-14
Channels-C6-H64,6,64,1222,422,noG,25,0,25.0,0.0,0.5782753000000298,0.7643005926227667,0.9408574704964724,0.3591317143992534,1.4210854715202004e-14
Channels-C6-H64,6,64,1222,422,PPM-3,0,0,0.0,0.0,5.499999986113835e-06,0.7854429688135474,1.1081539659303403,0.41456479256762896,1.4210854715202004e-14
Channels-C6-H64,6,64,1222,422,PPM-3,5,0,15.0,0.0,0.03395639999996547,0.7857873380699112,1.1056662148526029,0.4143011752080994,1.4210854715202004e-14
Channels-C6-H64,6,64,1222,422,PPM-3,10,0,30.0,0.0,0.06784799999996949,0.7856336629350782,1.1035156483373618,0.4139336162566774,1.4210854715202004e-14
Channels-C6-H64,6,64,1222,422,PPM-3,15,0,45.0,0.0,0.10472369999996545,0.7853203986457657,1.101369492613945,0.41346637672444586,1.4210854715202004e-14
Channels-C6-H64,6,64,1222,422,PPM-3,20,0,60.0,0.0,0.14113309999999046,0.7849331065986778,1.0991352806428387,0.4129037480824835,7.105427357601002e-15
Channels-C6-H64,6,64,1222,422,PPM-3,25,0,75.0,0.0,0.17741369999998824,0.7844432273875612,1.0968412752648953,0.41225001356147595,7.105427357601002e-15
Channels-C6-H64,6,64,1222,423,QP+G,0,0,0.0,0.0,3.800000001774606e-06,0.8412508778310827,1.0743260489770114,0.3934097695130231,1.4210854715202004e-14
Channels-C6-H64,6,64,1222,423,QP+G,5,0,5.0,5.0,0.3443515999999818,0.847173231941646,1.0107881404600034,0.3860786237097424,7.105427357601002e-15
Channels-C6-H64,6,64,1222,423,QP+G,10,0,10.0,10.0,0.6459684999999808,0.8434625525430622,0.9496645806603573,0.3765620887138199,1.4210854715202004e-14
Channels-C6-H64,6,64,1222,423,QP+G,15,0,15.0,15.0,0.9296739999999772,0.8394877887783608,0.8859203976553417,0.36595019714864524,1.4210854715202004e-14
Channels-C6-H64,6,64,1222,423,QP+G,20,0,20.0,20.0,1.2749794999999722,0.837618530934789,0.8218499249819047,0.35261754101405374,1.4210854715202004e-14
Channels-C6-H64,6,64,1222,423,QP+G,25,0,25.0,25.0,1.5840709999999945,0.8375622417444077,0.7602817944779412,0.3356330127096621,7.105427357601002e-15
Channels-C6-H64,6,64,1222,423,noG,0,0,0.0,0.0,4.9999999873762135e-06,0.8412508778310827,1.0743260489770114,0.3934097695130231,1.4210854715202004e-14
Channels-C6-H64,6,64,1222,423,noG,5,0,5.0,0.0,0.11382300000002488,0.84326961406742,1.0484949858636692,0.3933862573380372,1.4210854715202004e-14
Channels-C6-H64,6,64,1222,423,noG,10,0,10.0,0.0,0.23637760000002572,0.8341333795866828,1.0247867634482621,0.39073159681877584,2.1316282072803006e-14
Channels-C6-H64,6,64,1222,423,noG,15,0,15.0,0.0,0.36329680000000053,0.8247160973805215,0.9928277904755257,0.38622611350987196,1.4210854715202004e-14
Channels-C6-H64,6,64,1222,423,noG,20,0,20.0,0.0,0.5128128000000061,0.8177272982251566,0.9513847159026122,0.38030508113781447,1.4210854715202004e-14
Channels-C6-H64,6,64,1222,423,noG,25,0,25.0,0.0,0.6473320000000058,0.812774553547718,0.9043017792391648,0.37294891318424506,1.4210854715202004e-14
Channels-C6-H64,6,64,1222,423,PPM-3,0,0,0.0,0.0,6.20000002982124e-06,0.8412508778310827,1.0743260489770114,0.3934097695130231,1.4210854715202004e-14
Channels-C6-H64,6,64,1222,423,PPM-3,5,0,15.0,0.0,0.04888329999999996,0.842641715067035,1.070325085428245,0.39355152109386093,1.4210854715202004e-14
Channels-C6-H64,6,64,1222,423,PPM-3,10,0,30.0,0.0,0.08558500000003733,0.8436016843740269,1.0666150857266428,0.39364048335437524,7.105427357601002e-15
Channels-C6-H64,6,64,1222,423,PPM-3,15,0,45.0,0.0,0.12385440000002745,0.8442690654553427,1.063056567342914,0.39367788342897847,1.4210854715202004e-14
Channels-C6-H64,6,64,1222,423,PPM-3,20,0,60.0,0.0,0.1610340000000292,0.8445259766675289,1.0597664179464892,0.393665108781818,2.1316282072803006e-14
Channels-C6-H64,6,64,1222,423,PPM-3,25,0,75.0,0.0,0.19813200000004372,0.8444668993240504,1.056649380702868,0.39360368332483275,2.1316282072803006e-14
Channels-C6-H64,6,64,1222,424,QP+G,0,0,0.0,0.0,3.10000001491062e-06,0.8400599301827519,1.2783919538098623,0.43875116314809515,2.842170943040401e-14
Channels-C6-H64,6,64,1222,424,QP+G,5,0,5.0,5.0,0.25639430000001084,0.8400599301827519,1.2783919538098623,0.43875116314809515,2.842170943040401e-14
Channels-C6-H64,6,64,1222,424,QP+G,10,0,10.0,10.0,0.503610999999978,0.8400599301827519,1.2783919538098623,0.43875116314809515,2.842170943040401e-14
Channels-C6-H64,6,64,1222,424,QP+G,15,0,15.0,15.0,0.740140800000006,0.8400599301827519,1.2783919538098623,0.43875116314809515,2.842170943040401e-14
Channels-C6-H64,6,64,1222,424,QP+G,20,0,20.0,20.0,0.9884832000000188,0.8400599301827519,1.2783919538098623,0.43875116314809515,2.842170943040401e-14
Channels-C6-H64,6,64,1222,424,QP+G,25,0,25.0,25.0,1.2304634999999848,0.8400599301827519,1.2783919538098623,0.43875116314809515,2.842170943040401e-14
Channels-C6-H64,6,64,1222,424,noG,0,0,0.0,0.0,3.4999999911633495e-06,0.8400599301827519,1.2783919538098623,0.43875116314809515,2.842170943040401e-14
Channels-C6-H64,6,64,1222,424,noG,5,0,5.0,0.0,0.11800449999998364,0.8400599301827519,1.2783919538098623,0.43875116314809515,2.842170943040401e-14
Channels-C6-H64,6,64,1222,424,noG,10,0,10.0,0.0,0.2291002999999705,0.8400599301827519,1.2783919538098623,0.43875116314809515,2.842170943040401e-14
Channels-C6-H64,6,64,1222,424,noG,15,0,15.0,0.0,0.35318890000002057,0.8400599301827519,1.2783919538098623,0.43875116314809515,2.842170943040401e-14
Channels-C6-H64,6,64,1222,424,noG,20,0,20.0,0.0,0.4696296999999845,0.8400599301827519,1.2783919538098623,0.43875116314809515,2.842170943040401e-14
Channels-C6-H64,6,64,1222,424,noG,25,0,25.0,0.0,0.5810531999999853,0.8400599301827519,1.2783919538098623,0.43875116314809515,2.842170943040401e-14
Channels-C6-H64,6,64,1222,424,PPM-3,0,0,0.0,0.0,5.600000008598727e-06,0.8400599301827519,1.2783919538098623,0.43875116314809515,2.842170943040401e-14
Channels-C6-H64,6,64,1222,424,PPM-3,5,0,15.0,0.0,0.03721869999998262,0.8410994051777938,1.2733278545044802,0.44078829637635936,7.105427357601002e-15
Channels-C6-H64,6,64,1222,424,PPM-3,10,0,30.0,0.0,0.07357910000001766,0.8415010968716601,1.2686356370128862,0.44270061015336204,1.4210854715202004e-14
Channels-C6-H64,6,64,1222,424,PPM-3,15,0,45.0,0.0,0.10947800000002417,0.8416448999232564,1.263932312673036,0.4444862676219328,1.4210854715202004e-14
Channels-C6-H64,6,64,1222,424,PPM-3,20,0,60.0,0.0,0.1481016999999838,0.8416329067191886,1.2591131616123088,0.44614372758490434,1.4210854715202004e-14
Channels-C6-H64,6,64,1222,424,PPM-3,25,0,75.0,0.0,0.1824950999999828,0.8416566214781636,1.2539845643302203,0.44767172530017457,1.4210854715202004e-14
Channels-C6-H64,6,64,1222,425,QP+G,0,0,0.0,0.0,3.2000000373955118e-06,0.8421085665972474,1.2508962113600877,0.47772841128255666,1.4210854715202004e-14
Channels-C6-H64,6,64,1222,425,QP+G,5,0,5.0,5.0,0.2584790999999882,0.8390414311122321,1.170139776695986,0.4640206650341517,7.105427357601002e-15
Channels-C6-H64,6,64,1222,425,QP+G,10,0,10.0,10.0,0.5349305999999956,0.8370052624643609,1.080068329975971,0.44446539460846296,2.1316282072803006e-14
Channels-C6-H64,6,64,1222,425,QP+G,15,0,15.0,15.0,0.8087826000000291,0.8372391249157968,0.985923025787179,0.42333426294832893,1.4210854715202004e-14
Channels-C6-H64,6,64,1222,425,QP+G,20,0,20.0,20.0,1.086761000000024,0.8388864804229323,0.8947614638533734,0.4014268883962743,2.1316282072803006e-14
Channels-C6-H64,6,64,1222,425,QP+G,25,0,25.0,25.0,1.3641852000000085,0.8412652359777653,0.810862399278792,0.3790386657717099,1.4210854715202004e-14
Channels-C6-H64,6,64,1222,425,noG,0,0,0.0,0.0,4.300000000512227e-06,0.8421085665972474,1.2508962113600877,0.47772841128255666,1.4210854715202004e-14
Channels-C6-H64,6,64,1222,425,noG,5,0,5.0,0.0,0.1275934000000234,0.8326218591923435,1.2208493902558906,0.47384872388592403,1.0658141036401503e-14
Channels-C6-H64,6,64,1222,425,noG,10,0,10.0,0.0,0.2590933999999834,0.822720417966428,1.1796014006220643,0.4625404362863743,1.4210854715202004e-14
Channels-C6-H64,6,64,1222,425,noG,15,0,15.0,0.0,0.38322429999999486,0.816427282062072,1.1240099849196548,0.44911726664575674,1.4210854715202004e-14
Channels-C6-H64,6,64,1222,425,noG,20,0,20.0,0.0,0.5157307999999716,0.8141717415350794,1.05566938665957,0.4366875026200342,7.105427357601002e-15
Channels-C6-H64,6,64,1222,425,noG,25,0,25.0,0.0,0.6368458999999689,0.8146852967815736,0.9789711928215301,0.4254511305806599,1.4210854715202004e-14
Channels-C6-H64,6,64,1222,425,PPM-3,0,0,0.0,0.0,4.799999999249849e-06,0.8421085665972474,1.2508962113600877,0.47772841128255666,1.4210854715202004e-14
Channels-C6-H64,6,64,1222,425,PPM-3,5,0,15.0,0.0,0.03934060000000272,0.8421404304039559,1.2463956279405932,0.47778440295956204,1.4210854715202004e-14
Channels-C6-H64,6,64,1222,425,PPM-3,10,0,30.0,0.0,0.09050689999997985,0.8411967509690271,1.2426885536555021,0.47765957968101797,1.4210854715202004e-14
Channels-C6-H64,6,64,1222,425,PPM-3,15,0,45.0,0.0,0.13127099999996972,0.8397107377510711,1.2393409893496519,0.47736027811239135,1.4210854715202004e-14
Channels-C6-H64,6,64,1222,425,PPM-3,20,0,60.0,0.0,0.16928020000000288,0.8382816660686285,1.2357531275816434,0.4768939742752333,1.4210854715202004e-14
Channels-C6-H64,6,64,1222,425,PPM-3,25,0,75.0,0.0,0.2059519000000023,0.836879712011176,1.2319545250997526,0.476269178900083,1.4210854715202004e-14
Channels-C6-H64,6,64,1222,426,QP+G,0,0,0.0,0.0,3.4999999911633495e-06,0.8367843082199293,1.2221812476305165,0.4144846735352611,1.4210854715202004e-14
Channels-C6-H64,6,64,1222,426,QP+G,5,0,5.0,5.0,0.28497320000002446,0.8394145435497875,1.1716348332916624,0.4035077963632632,1.4210854715202004e-14
Channels-C6-H64,6,64,1222,426,QP+G,10,0,10.0,10.0,0.560924899999975,0.8403355351162249,1.1244099578937707,0.3923366649873284,1.4210854715202004e-14
Channels-C6-H64,6,64,1222,426,QP+G,15,0,15.0,15.0,0.8136549999999829,0.8405190306192054,1.0974993337660688,0.3857793519271031,1.4210854715202004e-14
Channels-C6-H64,6,64,1222,426,QP+G,20,0,20.0,20.0,1.0543169000000034,0.8405190306192054,1.0974993337660688,0.3857793519271031,1.4210854715202004e-14
Channels-C6-H64,6,64,1222,426,QP+G,25,0,25.0,25.0,1.3010193999999728,0.8405190306192054,1.0974993337660688,0.3857793519271031,1.4210854715202004e-14
Channels-C6-H64,6,64,1222,426,noG,0,0,0.0,0.0,3.3999999686784577e-06,0.8367843082199293,1.2221812476305165,0.4144846735352611,1.4210854715202004e-14
Channels-C6-H64,6,64,1222,426,noG,5,0,5.0,0.0,0.11821479999997564,0.8367843082199293,1.2221812476305165,0.4144846735352611,1.4210854715202004e-14
Channels-C6-H64,6,64,1222,426,noG,10,0,10.0,0.0,0.2407617000000073,0.8367843082199293,1.2221812476305165,0.4144846735352611,1.4210854715202004e-14
Channels-C6-H64,6,64,1222,426,noG,15,0,15.0,0.0,0.361139699999967,0.8367843082199293,1.2221812476305165,0.4144846735352611,1.4210854715202004e-14
Channels-C6-H64,6,64,1222,426,noG,20,0,20.0,0.0,0.4798787999999945,0.8367843082199293,1.2221812476305165,0.4144846735352611,1.4210854715202004e-14
Channels-C6-H64,6,64,1222,426,noG,25,0,25.0,0.0,0.595893999999987,0.8367843082199293,1.2221812476305165,0.4144846735352611,1.4210854715202004e-14
Channels-C6-H64,6,64,1222,426,PPM-3,0,0,0.0,0.0,4.400000022997119e-06,0.8367843082199293,1.2221812476305165,0.4144846735352611,1.4210854715202004e-14
Channels-C6-H64,6,64,1222,426,PPM-3,5,0,15.0,0.0,0.03560140000001866,0.8364492909709561,1.2195026055553453,0.4165265697324614,1.4210854715202004e-14
Channels-C6-H64,6,64,1222,426,PPM-3,10,0,30.0,0.0,0.0688514000000282,0.8361322937147133,1.2165940047714934,0.41849220527521225,1.4210854715202004e-14
Channels-C6-H64,6,64,1222,426,PPM-3,15,0,45.0,0.0,0.10363190000003897,0.8356726916967748,1.213611629970646,0.42037819166995594,1.4210854715202004e-14
Channels-C6-H64,6,64,1222,426,PPM-3,20,0,60.0,0.0,0.14258440000003247,0.8348798842086843,1.2107418891386432,0.4221814459047896,1.4210854715202004e-14
Channels-C6-H64,6,64,1222,426,PPM-3,25,0,75.0,0.0,0.1883207999999854,0.8339597183312976,1.20777502297787,0.42389922021563214,1.4210854715202004e-14
Channels-C6-H64,6,64,1222,427,QP+G,0,0,0.0,0.0,4.599999954280065e-06,0.8416265133170475,1.1143692499619087,0.4214097457901735,1.4210854715202004e-14
Channels-C6-H64,6,64,1222,427,QP+G,5,0,5.0,5.0,0.2662264999999593,0.8410134514477916,1.0559369865282306,0.40649172934470584,2.1316282072803006e-14
Channels-C6-H64,6,64,1222,427,QP+G,10,0,10.0,10.0,0.5403665000000046,0.8390852936217794,0.9949789731139664,0.3879472313648725,1.4210854715202004e-14
Channels-C6-H64,6,64,1222,427,QP+G,15,0,15.0,15.0,0.8156394999999748,0.8381886601144148,0.9316721719025916,0.3683958765154967,1.4210854715202004e-14
Channels-C6-H64,6,64,1222,427,QP+G,20,0,20.0,20.0,1.0829774000000043,0.839392999989056,0.8667745706773847,0.3497369798974626,1.4210854715202004e-14
Channels-C6-H64,6,64,1222,427,QP+G,25,0,25.0,25.0,1.3623781999999665,0.8423520825257191,0.8021325255081768,0.3325905512112298,1.4210854715202004e-14
Channels-C6-H64,6,64,1222,427,noG,0,0,0.0,0.0,6.100000007336348e-06,0.8416265133170475,1.1143692499619087,0.4214097457901735,1.4210854715202004e-14
Channels-C6-H64,6,64,1222,427,noG,5,0,5.0,0.0,0.12306910000000926,0.8365428467468373,1.0925200965138062,0.41951391514781916,1.4210854715202004e-14
Channels-C6-H64,6,64,1222,427,noG,10,0,10.0,0.0,0.2626516000000265,0.8271811548949554,1.0669376889395825,0.41331229962739247,1.4210854715202004e-14
Channels-C6-H64,6,64,1222,427,noG,15,0,15.0,0.0,0.38851020000004155,0.8173168338033951,1.034849021675728,0.4048447324380711,1.4210854715202004e-14
Channels-C6-H64,6,64,1222,427,noG,20,0,20.0,0.0,0.5127525000000333,0.8108714618564015,0.993621264610828,0.39507091260331517,1.4210854715202004e-14
Channels-C6-H64,6,64,1222,427,noG,25,0,25.0,0.0,0.6263903000000255,0.8073576305781678,0.9451512338926078,0.3844513773612017,1.4210854715202004e-14
Channels-C6-H64,6,64,1222,427,PPM-3,0,0,0.0,0.0,3.6000000136482413e-06,0.8416265133170475,1.1143692499619087,0.4214097457901735,1.4210854715202004e-14
Channels-C6-H64,6,64,1222,427,PPM-3,5,0,15.0,0.0,0.03985940000001165,0.8413547557619152,1.1116095007497568,0.42145874845155434,1.4210854715202004e-14
Channels-C6-H64,6,64,1222,427,PPM-3,10,0,30.0,0.0,0.07830960000001141,0.8411124193736156,1.108687809962864,0.42139944413121894,1.4210854715202004e-14
Channels-C6-H64,6,64,1222,427,PPM-3,15,0,45.0,0.0,0.11191460000003417,0.8407828191105253,1.105721479318313,0.4212383178169749,2.1316282072803006e-14
Channels-C6-H64,6,64,1222,427,PPM-3,20,0,60.0,0.0,0.1534114000000386,0.8401013668099883,1.1029759126432723,0.42098188320333363,1.4210854715202004e-14
Channels-C6-H64,6,64,1222,427,PPM-3,25,0,75.0,0.0,0.18925530000001345,0.8392986911108773,1.1002214860863184,0.4206365844301249,1.4210854715202004e-14
Channels-C8-H64,8,64,1608,420,QP+G,0,0,0.0,0.0,4.100000012385863e-06,1.1085458034335047,1.4510149505878556,0.43967057730184345,2.1316282072803006e-14
Channels-C8-H64,8,64,1608,420,QP+G,5,0,5.0,5.0,0.4271203000000128,1.1085458034335047,1.4510149505878556,0.43967057730184345,2.1316282072803006e-14
Channels-C8-H64,8,64,1608,420,QP+G,10,0,10.0,10.0,0.8499499000000128,1.1085458034335047,1.4510149505878556,0.43967057730184345,2.1316282072803006e-14
Channels-C8-H64,8,64,1608,420,QP+G,15,0,15.0,15.0,1.2929759000000445,1.1085458034335047,1.4510149505878556,0.43967057730184345,2.1316282072803006e-14
Channels-C8-H64,8,64,1608,420,QP+G,20,0,20.0,20.0,1.725756400000023,1.1085458034335047,1.4510149505878556,0.43967057730184345,2.1316282072803006e-14
Channels-C8-H64,8,64,1608,420,QP+G,25,0,25.0,25.0,2.135294799999997,1.1085458034335047,1.4510149505878556,0.43967057730184345,2.1316282072803006e-14
Channels-C8-H64,8,64,1608,420,noG,0,0,0.0,0.0,4.199999978027336e-06,1.1085458034335047,1.4510149505878556,0.43967057730184345,2.1316282072803006e-14
Channels-C8-H64,8,64,1608,420,noG,5,0,5.0,0.0,0.19931330000002845,1.1085458034335047,1.4510149505878556,0.43967057730184345,2.1316282072803006e-14
Channels-C8-H64,8,64,1608,420,noG,10,0,10.0,0.0,0.4371259999999779,1.1085458034335047,1.4510149505878556,0.43967057730184345,2.1316282072803006e-14
Channels-C8-H64,8,64,1608,420,noG,15,0,15.0,0.0,0.6877569999999764,1.1085458034335047,1.4510149505878556,0.43967057730184345,2.1316282072803006e-14
Channels-C8-H64,8,64,1608,420,noG,20,0,20.0,0.0,0.9186414000000127,1.1085458034335047,1.4510149505878556,0.43967057730184345,2.1316282072803006e-14
Channels-C8-H64,8,64,1608,420,noG,25,0,25.0,0.0,1.1396730999999818,1.1085458034335047,1.4510149505878556,0.43967057730184345,2.1316282072803006e-14
Channels-C8-H64,8,64,1608,420,PPM-3,0,0,0.0,0.0,5.7000000310836185e-06,1.1085458034335047,1.4510149505878556,0.43967057730184345,2.1316282072803006e-14
Channels-C8-H64,8,64,1608,420,PPM-3,5,0,15.0,0.0,0.06653120000004265,1.1072368408331776,1.4498525491012604,0.44187366742650636,1.4210854715202004e-14
Channels-C8-H64,8,64,1608,420,PPM-3,10,0,30.0,0.0,0.14204169999999294,1.1057419779141406,1.4487453086772304,0.4440688938045571,2.842170943040401e-14
Channels-C8-H64,8,64,1608,420,PPM-3,15,0,45.0,0.0,0.22180850000000873,1.104076014950432,1.4476747134226504,0.4462530255771561,2.1316282072803006e-14
Channels-C8-H64,8,64,1608,420,PPM-3,20,0,60.0,0.0,0.28583660000003874,1.1021616552437414,1.4467143048894886,0.4484224881432436,1.4210854715202004e-14
Channels-C8-H64,8,64,1608,420,PPM-3,25,0,75.0,0.0,0.35514080000001513,1.1000169603575287,1.4458422314222696,0.45057336854805063,2.1316282072803006e-14
Channels-C8-H64,8,64,1608,421,QP+G,0,0,0.0,0.0,3.999999989900971e-06,1.1183499696226105,1.2757308525755726,0.3778533598821972,1.4210854715202004e-14
Channels-C8-H64,8,64,1608,421,QP+G,5,0,5.0,5.0,0.41034860000002027,1.1184694768302643,1.2713726432111208,0.37712169320684824,2.1316282072803006e-14
Channels-C8-H64,8,64,1608,421,QP+G,10,0,10.0,10.0,0.8341470999999956,1.1184694768302643,1.2713726432111208,0.37712169320684824,2.1316282072803006e-14
Channels-C8-H64,8,64,1608,421,QP+G,15,0,15.0,15.0,1.2606554000000187,1.1184694768302643,1.2713726432111208,0.37712169320684824,2.1316282072803006e-14
Channels-C8-H64,8,64,1608,421,QP+G,20,0,20.0,20.0,1.6710055000000352,1.1184694768302643,1.2713726432111208,0.37712169320684824,2.1316282072803006e-14
Channels-C8-H64,8,64,1608,421,QP+G,25,0,25.0,25.0,2.119325300000014,1.1184694768302643,1.2713726432111208,0.37712169320684824,2.1316282072803006e-14
Channels-C8-H64,8,64,1608,421,noG,0,0,0.0,0.0,5.0999999530176865e-06,1.1183499696226105,1.2757308525755726,0.3778533598821972,1.4210854715202004e-14
Channels-C8-H64,8,64,1608,421,noG,5,0,5.0,0.0,0.21231129999995346,1.1183499696226105,1.2757308525755726,0.3778533598821972,1.4210854715202004e-14
Channels-C8-H64,8,64,1608,421,noG,10,0,10.0,0.0,0.4231242999999836,1.1183499696226105,1.2757308525755726,0.3778533598821972,1.4210854715202004e-14
Channels-C8-H64,8,64,1608,421,noG,15,0,15.0,0.0,0.6165321999999946,1.1183499696226105,1.2757308525755726,0.3778533598821972,1.4210854715202004e-14
Channels-C8-H64,8,64,1608,421,noG,20,0,20.0,0.0,0.8597939999999653,1.1183499696226105,1.2757308525755726,0.3778533598821972,1.4210854715202004e-14
Channels-C8-H64,8,64,1608,421,noG,25,0,25.0,0.0,1.0686130999999932,1.1183499696226105,1.2757308525755726,0.3778533598821972,1.4210854715202004e-14
Channels-C8-H64,8,64,1608,421,PPM-3,0,0,0.0,0.0,4.799999999249849e-06,1.1183499696226105,1.2757308525755726,0.3778533598821972,1.4210854715202004e-14
Channels-C8-H64,8,64,1608,421,PPM-3,5,0,15.0,0.0,0.06824209999996356,1.1173816046296834,1.2749881242533412,0.3784926515134643,2.1316282072803006e-14
Channels-C8-H64,8,64,1608,421,PPM-3,10,0,30.0,0.0,0.13705609999999524,1.1162832557663172,1.2742886052726106,0.37912456698522273,2.842170943040401e-14
Channels-C8-H64,8,64,1608,421,PPM-3,15,0,45.0,0.0,0.21038659999999254,1.1151938346783627,1.2734919660368937,0.3797493669271637,2.1316282072803006e-14
Channels-C8-H64,8,64,1608,421,PPM-3,20,0,60.0,0.0,0.27708259999997153,1.1141151041543425,1.2725950638581556,0.3803673266864787,2.1316282072803006e-14
Channels-C8-H64,8,64,1608,421,PPM-3,25,0,75.0,0.0,0.34485589999997046,1.112962288439874,1.271681333819661,0.38097873243706015,2.842170943040401e-14
Channels-C8-H64,8,64,1608,422,QP+G,0,0,0.0,0.0,4.9999999873762135e-06,1.1323415703253714,1.3327049351553149,0.351836718987541,2.1316282072803006e-14
Channels-C8-H64,8,64,1608,422,QP+G,5,0,5.0,5.0,0.46017810000000736,1.1325244735917208,1.3205221590482712,0.3493747986930382,2.1316282072803006e-14
Channels-C8-H64,8,64,1608,422,QP+G,10,0,10.0,10.0,0.8560866999999917,1.1325244735917208,1.3205221590482712,0.3493747986930382,2.1316282072803006e-14
Channels-C8-H64,8,64,1608,422,QP+G,15,0,15.0,15.0,1.266707599999961,1.1325244735917208,1.3205221590482712,0.3493747986930382,2.1316282072803006e-14
Channels-C8-H64,8,64,1608,422,QP+G,20,0,20.0,20.0,1.6850389999999607,1.1325244735917208,1.3205221590482712,0.3493747986930382,2.1316282072803006e-14
Channels-C8-H64,8,64,1608,422,QP+G,25,0,25.0,25.0,2.0916535999999724,1.1325244735917208,1.3205221590482712,0.3493747986930382,2.1316282072803006e-14
Channels-C8-H64,8,64,1608,422,noG,0,0,0.0,0.0,5.999999984851456e-06,1.1323415703253714,1.3327049351553149,0.351836718987541,2.1316282072803006e-14
Channels-C8-H64,8,64,1608,422,noG,5,0,5.0,0.0,0.19359869999999546,1.1323415703253714,1.3327049351553149,0.351836718987541,2.1316282072803006e-14
Channels-C8-H64,8,64,1608,422,noG,10,0,10.0,0.0,0.3758004000000028,1.1323415703253714,1.3327049351553149,0.351836718987541,2.1316282072803006e-14
Channels-C8-H64,8,64,1608,422,noG,15,0,15.0,0.0,0.5642225999999937,1.1323415703253714,1.3327049351553149,0.351836718987541,2.1316282072803006e-14
Channels-C8-H64,8,64,1608,422,noG,20,0,20.0,0.0,0.7548289000000068,1.1323415703253714,1.3327049351553149,0.351836718987541,2.1316282072803006e-14
Channels-C8-H64,8,64,1608,422,noG,25,0,25.0,0.0,0.9470183999999904,1.1323415703253714,1.3327049351553149,0.351836718987541,2.1316282072803006e-14
Channels-C8-H64,8,64,1608,422,PPM-3,0,0,0.0,0.0,5.999999984851456e-06,1.1323415703253714,1.3327049351553149,0.351836718987541,2.1316282072803006e-14
Channels-C8-H64,8,64,1608,422,PPM-3,5,0,15.0,0.0,0.06535370000000285,1.1309731227232565,1.3337548070189178,0.35295006467977735,2.1316282072803006e-14
Channels-C8-H64,8,64,1608,422,PPM-3,10,0,30.0,0.0,0.13043699999997216,1.128973395656643,1.3353519159126657,0.3540337514180618,2.1316282072803006e-14
Channels-C8-H64,8,64,1608,422,PPM-3,15,0,45.0,0.0,0.22162159999999176,1.1266237852332939,1.3372129369266896,0.35508721870266813,2.842170943040401e-14
Channels-C8-H64,8,64,1608,422,PPM-3,20,0,60.0,0.0,0.293587500000001,1.1241704598674118,1.3390897824597496,0.3561100310323177,2.1316282072803006e-14
Channels-C8-H64,8,64,1608,422,PPM-3,25,0,75.0,0.0,0.3602118999999675,1.1216969434368587,1.340897021068294,0.3571018819818817,1.4210854715202004e-14
Channels-C8-H64,8,64,1608,423,QP+G,0,0,0.0,0.0,3.4999999911633495e-06,1.091506261116728,1.3121487000320484,0.34599565019305467,2.1316282072803006e-14
Channels-C8-H64,8,64,1608,423,QP+G,5,0,5.0,5.0,0.4977995000000419,1.0946092910906629,1.293218173952566,0.3420770066395926,2.1316282072803006e-14
Channels-C8-H64,8,64,1608,423,QP+G,10,0,10.0,10.0,1.0165408999999954,1.0973645467695663,1.2750427738816619,0.33830939377303926,1.4210854715202004e-14
Channels-C8-H64,8,64,1608,423,QP+G,15,0,15.0,15.0,1.5573678000000086,1.0999730522806779,1.2574673804854708,0.3347054960909661,2.1316282072803006e-14
Channels-C8-H64,8,64,1608,423,QP+G,20,0,20.0,20.0,2.0599041000000398,1.1023849435063804,1.2404722760452347,0.33127380107509535,2.1316282072803006e-14
Channels-C8-H64,8,64,1608,423,QP+G,25,0,25.0,25.0,2.5624332000000436,1.1041729782755463,1.2244781321222986,0.3280192714198187,2.1316282072803006e-14
Channels-C8-H64,8,64,1608,423,noG,0,0,0.0,0.0,5.100000009861105e-06,1.091506261116728,1.3121487000320484,0.34599565019305467,2.1316282072803006e-14
Channels-C8-H64,8,64,1608,423,noG,5,0,5.0,0.0,0.21002700000002505,1.091506261116728,1.3121487000320484,0.34599565019305467,2.1316282072803006e-14
Channels-C8-H64,8,64,1608,423,noG,10,0,10.0,0.0,0.4163826000000199,1.091506261116728,1.3121487000320484,0.34599565019305467,2.1316282072803006e-14
Channels-C8-H64,8,64,1608,423,noG,15,0,15.0,0.0,0.6207731000000081,1.091506261116728,1.3121487000320484,0.34599565019305467,2.1316282072803006e-14
Channels-C8-H64,8,64,1608,423,noG,20,0,20.0,0.0,0.8174291000000267,1.091506261116728,1.3121487000320484,0.34599565019305467,2.1316282072803006e-14
Channels-C8-H64,8,64,1608,423,noG,25,0,25.0,0.0,1.0161937000000307,1.091506261116728,1.3121487000320484,0.34599565019305467,2.1316282072803006e-14
Channels-C8-H64,8,64,1608,423,PPM-3,0,0,0.0,0.0,5.6999999742402e-06,1.091506261116728,1.3121487000320484,0.34599565019305467,2.1316282072803006e-14
Channels-C8-H64,8,64,1608,423,PPM-3,5,0,15.0,0.0,0.0615467999999737,1.090465856796961,1.3120413761877865,0.3462221588704976,2.1316282072803006e-14
Channels-C8-H64,8,64,1608,423,PPM-3,10,0,30.0,0.0,0.1250703000000044,1.089360794631114,1.3119323627168344,0.3464305777015042,2.1316282072803006e-14
Channels-C8-H64,8,64,1608,423,PPM-3,15,0,45.0,0.0,0.19128310000002102,1.0881426004306383,1.3118696979340718,0.34662086633084105,2.1316282072803006e-14
Channels-C8-H64,8,64,1608,423,PPM-3,20,0,60.0,0.0,0.2796468000000232,1.0869315853187298,1.3117326639753326,0.3467930079263258,2.1316282072803006e-14
Channels-C8-H64,8,64,1608,423,PPM-3,25,0,75.0,0.0,0.347888399999988,1.085690111730785,1.3115585212174012,0.3469470097588692,2.1316282072803006e-14
Channels-C8-H64,8,64,1608,424,QP+G,0,0,0.0,0.0,9.299999987888441e-06,1.0944154011893699,1.3872417346704706,0.3592724803220012,1.4210854715202004e-14
Channels-C8-H64,8,64,1608,424,QP+G,5,0,5.0,5.0,0.4823212000000012,1.0971552730301024,1.363719256164028,0.35260837678935275,2.842170943040401e-14
Channels-C8-H64,8,64,1608,424,QP+G,10,0,10.0,10.0,0.9925071000000116,1.0988781574610975,1.3414021048928113,0.34604595261407856,2.1316282072803006e-14
Channels-C8-H64,8,64,1608,424,QP+G,15,0,15.0,15.0,1.4643636000000129,1.099637889173869,1.3202649016763723,0.33963368678966216,2.1316282072803006e-14
Channels-C8-H64,8,64,1608,424,QP+G,20,0,20.0,20.0,1.948925900000006,1.0999300493316688,1.2998398823935473,0.3334148301414541,2.1316282072803006e-14
Channels-C8-H64,8,64,1608,424,QP+G,25,0,25.0,25.0,2.368249800000001,1.099961132083258,1.2958140366459592,0.3321976083182463,2.1316282072803006e-14
Channels-C8-H64,8,64,1608,424,noG,0,0,0.0,0.0,4.799999999249849e-06,1.0944154011893699,1.3872417346704706,0.3592724803220012,1.4210854715202004e-14
Channels-C8-H64,8,64,1608,424,noG,5,0,5.0,0.0,0.20641309999996338,1.0944154011893699,1.3872417346704706,0.3592724803220012,1.4210854715202004e-14
Channels-C8-H64,8,64,1608,424,noG,10,0,10.0,0.0,0.42399789999996074,1.0944154011893699,1.3872417346704706,0.3592724803220012,1.4210854715202004e-14
Channels-C8-H64,8,64,1608,424,noG,15,0,15.0,0.0,0.6392790999999534,1.0944154011893699,1.3872417346704706,0.3592724803220012,1.4210854715202004e-14
Channels-C8-H64,8,64,1608,424,noG,20,0,20.0,0.0,0.8347296000000028,1.0944154011893699,1.3872417346704706,0.3592724803220012,1.4210854715202004e-14
Channels-C8-H64,8,64,1608,424,noG,25,0,25.0,0.0,1.0367248999999674,1.0944154011893699,1.3872417346704706,0.3592724803220012,1.4210854715202004e-14
Channels-C8-H64,8,64,1608,424,PPM-3,0,0,0.0,0.0,5.400000020472362e-06,1.0944154011893699,1.3872417346704706,0.3592724803220012,1.4210854715202004e-14
Channels-C8-H64,8,64,1608,424,PPM-3,5,0,15.0,0.0,0.06306039999998347,1.092939547329992,1.3874786958256793,0.35995572900398526,1.4210854715202004e-14
Channels-C8-H64,8,64,1608,424,PPM-3,10,0,30.0,0.0,0.1305480999999986,1.0912997292837192,1.387790660580799,0.3606182147754183,1.4210854715202004e-14
Channels-C8-H64,8,64,1608,424,PPM-3,15,0,45.0,0.0,0.1920321000000058,1.0893751906068916,1.3882967635798917,0.36126038800312427,1.4210854715202004e-14
Channels-C8-H64,8,64,1608,424,PPM-3,20,0,60.0,0.0,0.25964060000001155,1.0872655291473803,1.388895805004774,0.36188273987532804,2.842170943040401e-14
Channels-C8-H64,8,64,1608,424,PPM-3,25,0,75.0,0.0,0.32239400000003116,1.0850543788940405,1.3895025699119894,0.3624857994138422,1.4210854715202004e-14
Channels-C8-H64,8,64,1608,425,QP+G,0,0,0.0,0.0,3.6000000136482413e-06,1.140359962666486,1.4072188014209412,0.35834040552559426,2.842170943040401e-14
Channels-C8-H64,8,64,1608,425,QP+G,5,0,5.0,5.0,0.5246003000000314,1.1426940863969466,1.3811651664303914,0.3549474832769676,2.1316282072803006e-14
Channels-C8-H64,8,64,1608,425,QP+G,10,0,10.0,10.0,1.0248784000000342,1.1440100599040874,1.3558643665824024,0.35146284189098564,2.1316282072803006e-14
Channels-C8-H64,8,64,1608,425,QP+G,15,0,15.0,15.0,1.4841959000000315,1.1443225885661072,1.345909099553816,0.3500321158743874,1.4210854715202004e-14
Channels-C8-H64,8,64,1608,425,QP+G,20,0,20.0,20.0,1.9080589000000145,1.1443225885661072,1.345909099553816,0.3500321158743874,1.4210854715202004e-14
Channels-C8-H64,8,64,1608,425,QP+G,25,0,25.0,25.0,2.328828700000031,1.1443225885661072,1.345909099553816,0.3500321158743874,1.4210854715202004e-14
Channels-C8-H64,8,64,1608,425,noG,0,0,0.0,0.0,4.9999999873762135e-06,1.140359962666486,1.4072188014209412,0.35834040552559426,2.842170943040401e-14
Channels-C8-H64,8,64,1608,425,noG,5,0,5.0,0.0,0.19657819999997628,1.140359962666486,1.4072188014209412,0.35834040552559426,2.842170943040401e-14
Channels-C8-H64,8,64,1608,425,noG,10,0,10.0,0.0,0.4149841000000265,1.140359962666486,1.4072188014209412,0.35834040552559426,2.842170943040401e-14
Channels-C8-H64,8,64,1608,425,noG,15,0,15.0,0.0,0.607362299999977,1.140359962666486,1.4072188014209412,0.35834040552559426,2.842170943040401e-14
Channels-C8-H64,8,64,1608,425,noG,20,0,20.0,0.0,0.8309060999999929,1.140359962666486,1.4072188014209412,0.35834040552559426,2.842170943040401e-14
Channels-C8-H64,8,64,1608,425,noG,25,0,25.0,0.0,1.0373094999999921,1.140359962666486,1.4072188014209412,0.35834040552559426,2.842170943040401e-14
Channels-C8-H64,8,64,1608,425,PPM-3,0,0,0.0,0.0,4.700000033608376e-06,1.140359962666486,1.4072188014209412,0.35834040552559426,2.842170943040401e-14
Channels-C8-H64,8,64,1608,425,PPM-3,5,0,15.0,0.0,0.06423580000000584,1.1384917796627492,1.4083055606704113,0.3593740575599164,2.1316282072803006e-14
Channels-C8-H64,8,64,1608,425,PPM-3,10,0,30.0,0.0,0.13742070000000695,1.1366098597304315,1.409306565195832,0.3604131424948719,2.1316282072803006e-14
Channels-C8-H64,8,64,1608,425,PPM-3,15,0,45.0,0.0,0.21850180000001274,1.1345012420747074,1.4104332532241213,0.3614573285308335,2.1316282072803006e-14
Channels-C8-H64,8,64,1608,425,PPM-3,20,0,60.0,0.0,0.28034890000003543,1.132327963350276,1.4115220559878172,0.3625062404567975,2.1316282072803006e-14
Channels-C8-H64,8,64,1608,425,PPM-3,25,0,75.0,0.0,0.34424300000000585,1.1301667781427878,1.412494678496204,0.3635594560875718,2.1316282072803006e-14
Channels-C8-H64,8,64,1608,426,QP+G,0,0,0.0,0.0,5.100000009861105e-06,1.1003650765569961,1.3970022526931973,0.3911361883668082,1.4210854715202004e-14
Channels-C8-H64,8,64,1608,426,QP+G,5,0,5.0,5.0,0.48645220000003064,1.104067683385968,1.3674446396671582,0.38787324398857465,2.1316282072803006e-14
Channels-C8-H64,8,64,1608,426,QP+G,10,0,10.0,10.0,1.0061279999999897,1.1061540100315521,1.3393450847984445,0.3846586894625256,2.1316282072803006e-14
Channels-C8-H64,8,64,1608,426,QP+G,15,0,15.0,15.0,1.4860869999999977,1.106649546262283,1.3231498334990603,0.3827216355948603,1.4210854715202004e-14
Channels-C8-H64,8,64,1608,426,QP+G,20,0,20.0,20.0,1.8878437999999846,1.106649546262283,1.3231498334990603,0.3827216355948603,1.4210854715202004e-14
Channels-C8-H64,8,64,1608,426,QP+G,25,0,25.0,25.0,2.293702900000028,1.106649546262283,1.3231498334990603,0.3827216355948603,1.4210854715202004e-14
Channels-C8-H64,8,64,1608,426,noG,0,0,0.0,0.0,5.29999999798747e-06,1.1003650765569961,1.3970022526931973,0.3911361883668082,1.4210854715202004e-14
Channels-C8-H64,8,64,1608,426,noG,5,0,5.0,0.0,0.22596290000001318,1.1003650765569961,1.3970022526931973,0.3911361883668082,1.4210854715202004e-14
Channels-C8-H64,8,64,1608,426,noG,10,0,10.0,0.0,0.4247476000000461,1.1003650765569961,1.3970022526931973,0.3911361883668082,1.4210854715202004e-14
Channels-C8-H64,8,64,1608,426,noG,15,0,15.0,0.0,0.6327344000000039,1.1003650765569961,1.3970022526931973,0.3911361883668082,1.4210854715202004e-14
Channels-C8-H64,8,64,1608,426,noG,20,0,20.0,0.0,0.854103699999996,1.1003650765569961,1.3970022526931973,0.3911361883668082,1.4210854715202004e-14
Channels-C8-H64,8,64,1608,426,noG,25,0,25.0,0.0,1.0714283000000364,1.1003650765569961,1.3970022526931973,0.3911361883668082,1.4210854715202004e-14
Channels-C8-H64,8,64,1608,426,PPM-3,0,0,0.0,0.0,6.400000017947605e-06,1.1003650765569961,1.3970022526931973,0.3911361883668082,1.4210854715202004e-14
Channels-C8-H64,8,64,1608,426,PPM-3,5,0,15.0,0.0,0.07018990000000258,1.0981844033629695,1.3984694045417498,0.3920609844717801,1.4210854715202004e-14
Channels-C8-H64,8,64,1608,426,PPM-3,10,0,30.0,0.0,0.13428129999999783,1.0958697472172538,1.39995849784358,0.3929858517589027,2.1316282072803006e-14
Channels-C8-H64,8,64,1608,426,PPM-3,15,0,45.0,0.0,0.1995021000000179,1.0933932972422447,1.401494727766851,0.3939104865305225,2.1316282072803006e-14
Channels-C8-H64,8,64,1608,426,PPM-3,20,0,60.0,0.0,0.2687576000000149,1.0908166414902989,1.4030138984153506,0.39483447826007584,2.1316282072803006e-14
Channels-C8-H64,8,64,1608,426,PPM-3,25,0,75.0,0.0,0.331154300000037,1.088223197240863,1.4044299954973556,0.3957573067099848,2.1316282072803006e-14
Channels-C8-H64,8,64,1608,427,QP+G,0,0,0.0,0.0,5.199999975502578e-06,1.0684844367296693,1.3845525096206026,0.34704308922393273,2.1316282072803006e-14
Channels-C8-H64,8,64,1608,427,QP+G,5,0,5.0,5.0,0.4473198000000025,1.0731635832796573,1.3662499642863335,0.34230262405499273,2.1316282072803006e-14
Channels-C8-H64,8,64,1608,427,QP+G,10,0,10.0,10.0,0.9387916000000018,1.0767821649316023,1.3494340239472686,0.3374944661374337,2.1316282072803006e-14
Channels-C8-H64,8,64,1608,427,QP+G,15,0,15.0,15.0,1.4107970000000023,1.0796942799167215,1.3337751863466136,0.3325992567619611,2.1316282072803006e-14
Channels-C8-H64,8,64,1608,427,QP+G,20,0,20.0,20.0,1.8870066000000065,1.0816974919687679,1.3194978090339433,0.32761029219203447,1.4210854715202004e-14
Channels-C8-H64,8,64,1608,427,QP+G,25,0,25.0,25.0,2.3750981000000024,1.0826429590168978,1.3067682090142818,0.3225363782859102,1.4210854715202004e-14
Channels-C8-H64,8,64,1608,427,noG,0,0,0.0,0.0,4.500000045482011e-06,1.0684844367296693,1.3845525096206026,0.34704308922393273,2.1316282072803006e-14
Channels-C8-H64,8,64,1608,427,noG,5,0,5.0,0.0,0.19626580000004878,1.0684844367296693,1.3845525096206026,0.34704308922393273,2.1316282072803006e-14
Channels-C8-H64,8,64,1608,427,noG,10,0,10.0,0.0,0.396521200000052,1.0684844367296693,1.3845525096206026,0.34704308922393273,2.1316282072803006e-14
Channels-C8-H64,8,64,1608,427,noG,15,0,15.0,0.0,0.6027566000000206,1.0684844367296693,1.3845525096206026,0.34704308922393273,2.1316282072803006e-14
Channels-C8-H64,8,64,1608,427,noG,20,0,20.0,0.0,0.7874217000000385,1.0684844367296693,1.3845525096206026,0.34704308922393273,2.1316282072803006e-14
Channels-C8-H64,8,64,1608,427,noG,25,0,25.0,0.0,0.973943600000041,1.0684844367296693,1.3845525096206026,0.34704308922393273,2.1316282072803006e-14
Channels-C8-H64,8,64,1608,427,PPM-3,0,0,0.0,0.0,4.899999964891322e-06,1.0684844367296693,1.3845525096206026,0.34704308922393273,2.1316282072803006e-14
Channels-C8-H64,8,64,1608,427,PPM-3,5,0,15.0,0.0,0.06502059999996845,1.0665351736364062,1.386194499005649,0.34731370889365204,2.1316282072803006e-14
Channels-C8-H64,8,64,1608,427,PPM-3,10,0,30.0,0.0,0.12596149999995987,1.0644419351386076,1.3879248918636307,0.3475841257929689,2.1316282072803006e-14
Channels-C8-H64,8,64,1608,427,PPM-3,15,0,45.0,0.0,0.19286829999998645,1.0623302757940765,1.3896171760268687,0.347854432903627,2.1316282072803006e-14
Channels-C8-H64,8,64,1608,427,PPM-3,20,0,60.0,0.0,0.2692599999999743,1.0601419045576532,1.3913287078968362,0.34812469000101914,2.1316282072803006e-14
Channels-C8-H64,8,64,1608,427,PPM-3,25,0,75.0,0.0,0.33969600000000355,1.0579720581994982,1.392963340066044,0.3483949278211526,2.1316282072803006e-14
