config,arrival_rate,seed,method,step,cumulative_oracle_calls,cumulative_jvp_calls,beta,gamma,g_over_f,cosine_fg,field_norm_oracle,curvature_norm_oracle,curvature_candidate_accepted,curvature_candidate_rejected,backtracking_steps,predicted_model_change,realized_merit_change,probe_model_error,merit_probe_count,field_oracle_count,jvp_count
Queue-nominal,0.45,1600,QP+G,1,1.0,1.0,0.24,1.6,0.14439091608673438,-0.15689185875056763,0.17398576198109436,0.025121963558498734,1.0,0.0,0.0,-0.019271985363904065,-0.018720318403446345,0.0005516669604577196,5.0,1.0,1.0
Queue-nominal,0.45,1600,QP+G,2,2.0,2.0,0.24,0.0,0.1423656747811161,-0.13836785215224648,0.1744003934568017,0.02482862969656972,0.0,1.0,0.0,-0.017729828494550123,-0.0018530982185414047,0.015876730276008718,5.0,1.0,1.0
Queue-nominal,0.45,1600,QP+G,3,3.0,3.0,0.24,0.0,0.14215766554190326,-0.11374139248838488,0.17516286570621642,0.02490074407842563,0.0,1.0,0.0,-0.018560389218191527,-0.0027325712197274754,0.015827817998464052,5.0,1.0,1.0
Queue-nominal,0.45,1600,QP+G,4,4.0,4.0,0.24,0.0,0.1418179259259434,-0.08898389726651255,0.1757804079322677,0.024928812871370453,0.0,1.0,0.0,-0.019705807546774142,-0.0037484931378424236,0.01595731440893172,5.0,1.0,1.0
Queue-nominal,0.45,1600,QP+G,5,5.0,5.0,0.24,0.0,0.1413259915018772,-0.06407633812288421,0.17625093539773926,0.0249088381982188,0.0,1.0,0.0,-0.021140287610299676,-0.004874435124943677,0.016265852485356,5.0,1.0,1.0
Queue-nominal,0.45,1600,QP+G,6,6.0,6.0,0.24,0.0,0.14067214934304303,-0.03896571263467989,0.17657290163755973,0.024838889589093253,0.0,1.0,0.0,-0.0228387113339214,-0.006095651902481514,0.016743059431439885,5.0,1.0,1.0
Queue-nominal,0.45,1600,QP+G,7,7.0,7.0,0.24,0.0,0.1398586641946247,-0.013587152098865135,0.1767452411042376,0.024719353323595542,0.0,1.0,0.0,-0.02476367362676307,-0.00740381934796952,0.017359854278793548,5.0,1.0,1.0
Queue-nominal,0.45,1600,QP+G,8,8.0,8.0,0.24,0.0,0.13889967097235023,0.012111690136096056,0.17676739423734067,0.024552932898206335,0.0,1.0,0.0,-0.026856049560765424,-0.008786798515340699,0.018069251045424724,5.0,1.0,1.0
Queue-nominal,0.45,1600,QP+G,9,9.0,9.0,0.24,0.0,0.13781966010613736,0.03814750969961483,0.176639413162705,0.02434438388343157,0.0,1.0,0.0,-0.02903006170092109,-0.01021949953667134,0.018810562164249752,5.0,1.0,1.0
Queue-nominal,0.45,1600,QP+G,10,10.0,10.0,0.24,0.0,0.13665073145601203,0.06448319399381312,0.17636212918819322,0.024100013954706293,0.0,1.0,0.0,-0.031182181175549214,-0.011664631705373463,0.01951754947017575,5.0,1.0,1.0
Queue-nominal,0.45,1600,QP+G,11,11.0,11.0,0.24,0.0,0.13542904553019314,0.09101783369335582,0.17593734928244725,0.023827027286434044,0.0,1.0,0.0,-0.03320933095935857,-0.013080565959362023,0.020128764999996544,5.0,1.0,1.0
Queue-nominal,0.45,1600,QP+G,12,12.0,12.0,0.24,0.0,0.13419108611241515,0.11758676438099819,0.17536804139734405,0.02353282794451658,0.0,1.0,0.0,-0.035025297891907385,-0.014429814118181561,0.020595483773725824,5.0,1.0,1.0
Queue-nominal,0.45,1600,QP+G,13,13.0,13.0,0.24,0.0,0.1329703971837952,0.14397147465464316,0.17465846992065578,0.023224406116863546,0.0,1.0,0.0,-0.036570810829813,-0.01568568645418056,0.02088512437563244,5.0,1.0,1.0
Queue-nominal,0.45,1600,QP+G,14,14.0,14.0,0.24,0.0,0.13179533393976553,0.16991699073474534,0.17381425253757538,0.022907907456680483,0.0,1.0,0.0,-0.037816991907807455,-0.016836121411839322,0.020980870495968133,5.0,1.0,1.0
Queue-nominal,0.45,1600,QP+G,15,15.0,15.0,0.24,0.0,0.13068809617399366,0.19515265700839882,0.17284232579684708,0.022588434496675094,0.0,1.0,0.0,-0.0387601807592463,-0.017881467497849357,0.020878713261396946,5.0,1.0,1.0
Queue-nominal,0.45,1600,QP+G,16,16.0,16.0,0.24,0.0,0.12966497483029668,0.21941173498521643,0.17175082455500865,0.022270066343007898,0.0,1.0,0.0,-0.03940766350930296,-0.018825251965943313,0.02058241154335965,5.0,1.0,1.0
Queue-nominal,0.45,1600,QP+G,17,17.0,17.0,0.24,0.0,0.12873744986733757,0.24244615058950822,0.17054889572616203,0.021956029913476567,0.0,1.0,0.0,-0.039759987298906445,-0.019661691774238044,0.0200982955246684,5.0,1.0,1.0
Queue-nominal,0.45,1600,QP+G,18,18.0,18.0,0.24,1.6,0.12791362078424903,0.2640346485583794,0.1692464759654917,0.02164892954572042,1.0,0.0,0.0,-0.03978498306047662,-0.03935802261116583,0.000426960449310787,5.0,1.0,1.0
Queue-nominal,0.45,1600,QP+G,19,19.0,19.0,0.24,1.6,0.12681492723757176,0.28208182770299756,0.16663767285967962,0.021132144358738558,1.0,0.0,0.0,-0.03761406741653861,-0.0371208250855215,0.0004932423310171075,5.0,1.0,1.0
Queue-nominal,0.45,1600,QP+G,20,20.0,20.0,0.24,1.6,0.12600443132416733,0.2979575076622248,0.16410779238832127,0.020678309055754938,1.0,0.0,0.0,-0.03541859584227325,-0.035023694584045195,0.0003949012582280531,5.0,1.0,1.0
Queue-nominal,0.45,1600,QP+G,21,21.0,21.0,0.24,1.6,0.12542276077841968,0.3116744228573334,0.1616571837330499,0.020275490283463357,1.0,0.0,0.0,-0.033666585454374065,-0.03336626304152279,0.0003003224128512727,5.0,1.0,1.0
Queue-nominal,0.45,1600,QP+G,22,22.0,22.0,0.24,1.6,0.125005654620039,0.32338309630918627,0.1592845792379154,0.019911473098513082,1.0,0.0,0.0,-0.032280250432737745,-0.03203650005226599,0.00024375038047175224,5.0,1.0,1.0
Queue-nominal,0.45,1600,QP+G,23,23.0,23.0,0.24,1.6,0.12469150350274692,0.33332295586875316,0.15698773334008306,0.019575036501663267,1.0,0.0,0.0,-0.031083304927447486,-0.030885773286449147,0.00019753164099833853,5.0,1.0,1.0
Queue-nominal,0.45,1600,QP+G,24,24.0,24.0,0.24,1.6,0.12442702354962437,0.34177217194970677,0.1547639244103898,0.01925681446724386,1.0,0.0,0.0,-0.03000755247972453,-0.029862121404894193,0.0001454310748303378,5.0,1.0,1.0
Queue-nominal,0.45,1600,QP+G,25,25.0,25.0,0.24,1.6,0.1241710765247501,0.3490030091956261,0.152610334832748,0.018949789564984887,1.0,0.0,0.0,-0.02904821616335962,-0.02895460499829694,9.361116506267919e-05,5.0,1.0,1.0
Queue-nominal,0.45,1600,QP+G,26,26.0,26.0,0.24,1.6,0.12389661028127008,0.35524727780630677,0.15052432446204508,0.01864945356572545,1.0,0.0,0.0,-0.02818421061196208,-0.028137139005041778,4.7071606920301434e-05,5.0,1.0,1.0
Queue-nominal,0.45,1600,QP+G,27,27.0,27.0,0.24,1.6,0.12359063261742745,0.3606754285540986,0.14850359908618374,0.01835365375702627,1.0,0.0,0.0,-0.02738269777817859,-0.027377291481969213,5.406296209375938e-06,5.0,1.0,1.0
Queue-nominal,0.45,1600,QP+G,28,28.0,28.0,0.24,1.6,0.1232522195415481,0.3653919131835669,0.14654626083743785,0.018062151913728862,1.0,0.0,0.0,-0.02661764987042314,-0.026648547387414734,-3.089751699159385e-05,5.0,1.0,1.0
Queue-nominal,0.45,1600,QP+G,29,29.0,29.0,0.24,1.6,0.12288881891855971,0.36944776934069096,0.1446507216489555,0.01777595633915748,1.0,0.0,0.0,-0.025868034887611913,-0.025928776539184017,-6.074165157210487e-05,5.0,1.0,1.0
Queue-nominal,0.45,1600,QP+G,30,30.0,30.0,0.24,1.6,0.12251145106880085,0.37286872565885965,0.14281546901872214,0.01749653034455502,1.0,0.0,0.0,-0.025113583423303606,-0.025195611144439578,-8.202772113597226e-05,5.0,1.0,1.0
Queue-nominal,0.45,1600,QP+G,31,31.0,31.0,0.24,1.6,0.12212969112356505,0.37569386999936466,0.14103869487067897,0.01722501224102676,1.0,0.0,0.0,-0.024328493195255874,-0.024419421767556404,-9.092857230053042e-05,5.0,1.0,1.0
Queue-nominal,0.45,1600,QP+G,32,32.0,32.0,0.24,1.6,0.12174743469005164,0.378016959527109,0.13931782796603312,0.016961588161454468,1.0,0.0,0.0,-0.023474639328243896,-0.023559465867840856,-8.482653959696052e-05,5.0,1.0,1.0
Queue-nominal,0.45,1600,QP+G,33,33.0,33.0,0.24,1.6,0.12136036029402414,0.38002073873676856,0.13764904108155152,0.016705137219784023,1.0,0.0,0.0,-0.022513686073643235,-0.02259137335722583,-7.76872835825948e-05,5.0,1.0,1.0
Queue-nominal,0.45,1600,QP+G,34,34.0,34.0,0.24,1.6,0.12095573057015196,0.3819948470684121,0.13602682932777999,0.016453224518483002,1.0,0.0,0.0,-0.021478512288565454,-0.021578381630123378,-9.986934155792326e-05,5.0,1.0,1.0
Queue-nominal,0.45,1600,QP+G,35,35.0,35.0,0.24,1.6,0.1205147585996296,0.3843302323524767,0.13444376916018588,0.01620245838556413,1.0,0.0,0.0,-0.020507870620420473,-0.020657821285678057,-0.00014995066525758452,5.0,1.0,1.0
Queue-nominal,0.45,1600,QP+G,36,36.0,36.0,0.24,0.0,0.12001723797748177,0.3874871675515352,0.13289056149184486,0.01594915814352792,0.0,1.0,0.0,-0.019720551081531035,-0.01735122549657131,0.002369325584959725,5.0,1.0,1.0
Queue-nominal,0.45,1600,QP+G,37,37.0,37.0,0.24,1.6,0.11966427364903565,0.38106889450466624,0.13143070515883387,0.015727559868012417,1.0,0.0,0.0,-0.01928473254067597,-0.019515679031892663,-0.00023094649121669156,5.0,1.0,1.0
Queue-nominal,0.45,1600,QP+G,38,38.0,38.0,0.24,1.6,0.11899508223383473,0.38577183803416737,0.12991113492277673,0.015458786183226617,1.0,0.0,0.0,-0.018815056238260297,-0.019085418688678857,-0.0002703624504185598,5.0,1.0,1.0
Queue-nominal,0.45,1600,QP+G,39,39.0,39.0,0.24,1.6,0.11824500407890676,0.39252432267663917,0.12839370535607944,0.015181914213535565,1.0,0.0,0.0,-0.018516207170002907,-0.01881339630536294,-0.000297189135360032,5.0,1.0,1.0
Queue-nominal,0.45,1600,QP+G,40,40.0,40.0,0.24,0.0,0.11743358608934766,0.4015295196280306,0.1268670497460138,0.014898452608250063,0.0,1.0,0.0,-0.01833430876198161,-0.01591009909957286,0.0024242096624087495,5.0,1.0,1.0
Queue-nominal,0.45,1600,QP+G,41,41.0,41.0,0.24,0.0,0.11680815661748037,0.39767586780281317,0.12545202295377586,0.014653819545164393,0.0,1.0,0.0,-0.01818578707358043,-0.015233159527573648,0.002952627546006781,5.0,1.0,1.0
Queue-nominal,0.45,1600,QP+G,42,42.0,42.0,0.24,1.6,0.11613239844189234,0.3945416411760372,0.1240734438466616,0.01440894661685826,1.0,0.0,0.0,-0.018048398299475465,-0.018337990035196317,-0.00028959173572085106,5.0,1.0,1.0
Queue-nominal,0.45,1600,QP+G,43,43.0,43.0,0.24,1.6,0.11517919675043499,0.4081377536149335,0.12251734882946866,0.014111449826171046,1.0,0.0,0.0,-0.01792824326629283,-0.018213150180034887,-0.0002849069137420557,5.0,1.0,1.0
Queue-nominal,0.45,1600,QP+G,44,44.0,44.0,0.24,1.6,0.11431160014313006,0.4234350622775425,0.1209291823036615,0.013823608333131832,1.0,0.0,0.0,-0.017796663251373523,-0.01806283290980293,-0.0002661696584294049,5.0,1.0,1.0
Queue-nominal,0.45,1600,QP+G,45,45.0,45.0,0.24,0.0,0.11358048606151915,0.43971701648356304,0.11930982334055507,0.013551267726934227,0.0,1.0,0.0,-0.01757492820001305,-0.014479883604894717,0.0030950445951183347,5.0,1.0,1.0
Queue-nominal,0.45,1600,QP+G,46,46.0,46.0,0.24,1.6,0.11295063002126227,0.44152778674219356,0.1178933507178707,0.013316128238901128,1.0,0.0,0.0,-0.017088515850279595,-0.017153262112231893,-6.47462619522976e-05,5.0,1.0,1.0
Queue-nominal,0.45,1600,QP+G,47,47.0,47.0,0.24,1.6,0.11247404863317394,0.4581580895003894,0.116233807782096,0.013073286949302456,1.0,0.0,0.0,-0.01605255000070871,-0.01622666364680514,-0.00017411364609642987,5.0,1.0,1.0
Queue-nominal,0.45,1600,QP+G,48,48.0,48.0,0.24,1.6,0.11220866154992044,0.47383080239575204,0.11455646750821398,0.01285422789098364,1.0,0.0,0.0,-0.015339276951985337,-0.015515066740078076,-0.00017578978809273949,5.0,1.0,1.0
Queue-nominal,0.45,1600,QP+G,49,49.0,49.0,0.24,1.6,0.11215227758484073,0.48795836102933016,0.1128696578371817,0.012658589196661595,1.0,0.0,0.0,-0.014758039164942005,-0.014988780268518465,-0.0002307411035764595,5.0,1.0,1.0
Queue-nominal,0.45,1600,QP+G,50,50.0,50.0,0.24,1.6,0.11229246392566199,0.5001007363973249,0.11118184143979698,0.012484882919067073,1.0,0.0,0.0,-0.014464893525271803,-0.014682471364386718,-0.00021757783911491475,5.0,1.0,1.0
Queue-nominal,0.45,1600,QP+G,51,51.0,51.0,0.24,1.6,0.112610471069038,0.5099579349059995,0.10950118478624216,0.012330980001396506,1.0,0.0,0.0,-0.014269693172233477,-0.01448152678983905,-0.0002118336176055724,5.0,1.0,1.0
Queue-nominal,0.45,1600,QP+G,52,52.0,52.0,0.24,1.6,0.11308446170671924,0.5173493948908856,0.10783533146041895,0.012194500411167122,1.0,0.0,0.0,-0.014139814606140888,-0.014345460136045096,-0.00020564552990420815,5.0,1.0,1.0
Queue-nominal,0.45,1600,QP+G,53,53.0,53.0,0.24,1.6,0.11369181869256624,0.5221889923397373,0.1061913198614078,0.012073084284407483,1.0,0.0,0.0,-0.01406763629269081,-0.014261237439420649,-0.0001936011467298382,5.0,1.0,1.0
Queue-nominal,0.45,1600,QP+G,54,54.0,54.0,0.24,1.6,0.1144105984501537,0.524461303661411,0.10457558696913476,0.011964555488414802,1.0,0.0,0.0,-0.014032060897402943,-0.014213198461990428,-0.00018113756458748576,5.0,1.0,1.0
Queue-nominal,0.45,1600,QP+G,55,55.0,55.0,0.24,1.6,0.11522030560216742,0.5242019722410848,0.10299401305117886,0.011867001658950448,1.0,0.0,0.0,-0.014019268362477353,-0.014189603616365343,-0.00017033525388798938,5.0,1.0,1.0
Queue-nominal,0.45,1600,QP+G,56,56.0,56.0,0.24,1.6,0.11610216582725288,0.52148312044272,0.10145197757046473,0.011778794323388837,1.0,0.0,0.0,-0.014021481021856186,-0.014182319263104981,-0.0001608382412487952,5.0,1.0,1.0
Queue-nominal,0.45,1600,QP+G,57,57.0,57.0,0.24,1.6,0.11703903615261228,0.5164036873850626,0.09995440916823041,0.01169856770825352,1.0,0.0,0.0,-0.014031724298304571,-0.014184102078627747,-0.00015237778032317628,5.0,1.0,1.0
Queue-nominal,0.45,1600,QP+G,58,58.0,58.0,0.24,1.6,0.11801505596727828,0.5090840653099928,0.09850582096061743,0.01162516997376996,1.0,0.0,0.0,-0.01404348763882801,-0.014188103055657653,-0.0001446154168296427,5.0,1.0,1.0
Queue-nominal,0.45,1600,QP+G,59,59.0,59.0,0.24,1.6,0.1190151224199596,0.4996641895933674,0.09711032696902194,0.01155759745246045,1.0,0.0,0.0,-0.01405077801808563,-0.014187917635074987,-0.00013713961698935684,5.0,1.0,1.0
Queue-nominal,0.45,1600,QP+G,60,60.0,60.0,0.24,1.6,0.12002426918024561,0.4883041512152292,0.0957716375379717,0.01149492080369043,1.0,0.0,0.0,-0.014048011720704245,-0.014177570498982606,-0.00012955877827836026,5.0,1.0,1.0
Queue-nominal,0.45,1600,noG,1,1.0,0.0,0.24,0.0,0.0,0.0,0.17398576198109436,0.0,0.0,0.0,0.0,-0.001532920602915766,-0.0015826714895657013,-4.975088664993521e-05,3.0,1.0,0.0
Queue-nominal,0.45,1600,noG,2,2.0,0.0,0.24,0.0,0.0,0.0,0.1748768786815782,0.0,0.0,0.0,0.0,-0.0021954791663203466,-0.0022298375807814352,-3.435841446108867e-05,3.0,1.0,0.0
Queue-nominal,0.45,1600,noG,3,3.0,0.0,0.24,0.0,0.0,0.0,0.17563878985736428,0.0,0.0,0.0,0.0,-0.0029351001589474307,-0.0030224795279218952,-8.737936897446454e-05,3.0,1.0,0.0
Queue-nominal,0.45,1600,noG,4,4.0,0.0,0.24,0.0,0.0,0.0,0.1762697236320668,0.0,0.0,0.0,0.0,-0.003783513495163755,-0.003914556441729555,-0.00013104294656580018,3.0,1.0,0.0
Queue-nominal,0.45,1600,noG,5,5.0,0.0,0.24,0.0,0.0,0.0,0.17676814405928465,0.0,0.0,0.0,0.0,-0.004720481063496146,-0.004884095821349188,-0.0001636147578530419,3.0,1.0,0.0
Queue-nominal,0.45,1600,noG,6,6.0,0.0,0.24,0.0,0.0,0.0,0.17713257235069613,0.0,0.0,0.0,0.0,-0.005731952558900739,-0.005923064314665272,-0.00019111175576453244,3.0,1.0,0.0
Queue-nominal,0.45,1600,noG,7,7.0,0.0,0.24,0.0,0.0,0.0,0.17736149324167544,0.0,0.0,0.0,0.0,-0.006816240133511615,-0.007035984753767099,-0.00021974462025548414,3.0,1.0,0.0
Queue-nominal,0.45,1600,noG,8,8.0,0.0,0.24,0.0,0.0,0.0,0.17745336671035106,0.0,0.0,0.0,0.0,-0.00798238091993991,-0.008232868680886352,-0.0002504877609464419,3.0,1.0,0.0
Queue-nominal,0.45,1600,noG,9,9.0,0.0,0.24,0.0,0.0,0.0,0.17740674906273565,0.0,0.0,0.0,0.0,-0.009236779842500983,-0.009513300150395754,-0.00027652030789477103,3.0,1.0,0.0
Queue-nominal,0.45,1600,noG,10,10.0,0.0,0.24,0.0,0.0,0.0,0.1772205087038492,0.0,0.0,0.0,0.0,-0.010568005681028832,-0.010856848001615127,-0.0002888423205862946,3.0,1.0,0.0
Queue-nominal,0.45,1600,noG,11,11.0,0.0,0.24,0.0,0.0,0.0,0.176894104479711,0.0,0.0,0.0,0.0,-0.011944433596300538,-0.012226744038582371,-0.0002823104422818336,3.0,1.0,0.0
Queue-nominal,0.45,1600,noG,12,12.0,0.0,0.24,0.0,0.0,0.0,0.1764278823135028,0.0,0.0,0.0,0.0,-0.013323222514520946,-0.013580390768936912,-0.00025716825441596605,3.0,1.0,0.0
Queue-nominal,0.45,1600,noG,13,13.0,0.0,0.24,0.0,0.0,0.0,0.1758233421316971,0.0,0.0,0.0,0.0,-0.014661368411366277,-0.014878722029674663,-0.00021735361830838539,3.0,1.0,0.0
Queue-nominal,0.45,1600,noG,14,14.0,0.0,0.24,0.0,0.0,0.0,0.17508333303378226,0.0,0.0,0.0,0.0,-0.015923323979250167,-0.016092490103906787,-0.0001691661246566202,3.0,1.0,0.0
Queue-nominal,0.45,1600,noG,15,15.0,0.0,0.24,0.0,0.0,0.0,0.17421214907158458,0.0,0.0,0.0,0.0,-0.01708646359013038,-0.01720714983526994,-0.00012068624513955975,3.0,1.0,0.0
Queue-nominal,0.45,1600,noG,16,16.0,0.0,0.24,0.0,0.0,0.0,0.17321551736463464,0.0,0.0,0.0,0.0,-0.018144623029792303,-0.018223104747677077,-7.848171788477423e-05,3.0,1.0,0.0
Queue-nominal,0.45,1600,noG,17,17.0,0.0,0.24,0.0,0.0,0.0,0.17210048980263898,0.0,0.0,0.0,0.0,-0.019103645766527393,-0.019146511836834357,-4.2866070306964155e-05,3.0,1.0,0.0
Queue-nominal,0.45,1600,noG,18,18.0,0.0,0.24,0.0,0.0,0.0,0.1708752646708105,0.0,0.0,0.0,0.0,-0.019967791051740565,-0.01997392777364393,-6.136721903363812e-06,3.0,1.0,0.0
Queue-nominal,0.45,1600,noG,19,19.0,0.0,0.24,0.0,0.0,0.0,0.16954897212009448,0.0,0.0,0.0,0.0,-0.02069431981493341,-0.020676618563143734,1.7701251789677824e-05,3.0,1.0,0.0
Queue-nominal,0.45,1600,noG,20,20.0,0.0,0.24,0.0,0.0,0.0,0.1681314567380026,0.0,0.0,0.0,0.0,-0.021223224523208017,-0.021197656014726007,2.5568508482010088e-05,3.0,1.0,0.0
Queue-nominal,0.45,1600,noG,21,21.0,0.0,0.24,0.0,0.0,0.0,0.16663308302798932,0.0,0.0,0.0,0.0,-0.02151771905129607,-0.02149778789483392,1.9931156462149602e-05,3.0,1.0,0.0
Queue-nominal,0.45,1600,noG,22,22.0,0.0,0.24,0.0,0.0,0.0,0.16506457829418636,0.0,0.0,0.0,0.0,-0.021623198087512563,-0.021619985190680424,3.2128968321387674e-06,3.0,1.0,0.0
Queue-nominal,0.45,1600,noG,23,23.0,0.0,0.24,0.0,0.0,0.0,0.16343691553798248,0.0,0.0,0.0,0.0,-0.02164277329257391,-0.02164871812575253,-5.944833178620629e-06,3.0,1.0,0.0
Queue-nominal,0.45,1600,noG,24,24.0,0.0,0.24,0.0,0.0,0.0,0.16176122920372138,0.0,0.0,0.0,0.0,-0.02162230282539923,-0.02162730975523708,-5.006929837847451e-06,3.0,1.0,0.0
Queue-nominal,0.45,1600,noG,25,25.0,0.0,0.24,0.0,0.0,0.0,0.16004875053683504,0.0,0.0,0.0,0.0,-0.021551178792620362,-0.0215520389679682,-8.601753478387764e-07,3.0,1.0,0.0
Queue-nominal,0.45,1600,noG,26,26.0,0.0,0.24,0.0,0.0,0.0,0.15831074730571673,0.0,0.0,0.0,0.0,-0.021408425257369856,-0.02140665410233966,1.7711550301946488e-06,3.0,1.0,0.0
Queue-nominal,0.45,1600,noG,27,27.0,0.0,0.24,0.0,0.0,0.0,0.15655845410732294,0.0,0.0,0.0,0.0,-0.021185477937981645,-0.021182209461961587,3.2684760200574203e-06,3.0,1.0,0.0
Queue-nominal,0.45,1600,noG,28,28.0,0.0,0.24,0.0,0.0,0.0,0.1548029833094575,0.0,0.0,0.0,0.0,-0.02087947172253024,-0.020874253347600735,5.218374929505387e-06,3.0,1.0,0.0
Queue-nominal,0.45,1600,noG,29,29.0,0.0,0.24,0.0,0.0,0.0,0.15305521163182004,0.0,0.0,0.0,0.0,-0.02048345584533262,-0.02047500968785032,8.446157482300265e-06,3.0,1.0,0.0
Queue-nominal,0.45,1600,noG,30,30.0,0.0,0.24,0.0,0.0,0.0,0.15132564235026283,0.0,0.0,0.0,0.0,-0.01998343966577831,-0.019971096299840507,1.2343365937802359e-05,3.0,1.0,0.0
Queue-nominal,0.45,1600,noG,31,31.0,0.0,0.24,0.0,0.0,0.0,0.14962424736747987,0.0,0.0,0.0,0.0,-0.019363231512659063,-0.01934668351726465,1.654799539441143e-05,3.0,1.0,0.0
Queue-nominal,0.45,1600,noG,32,32.0,0.0,0.24,0.0,0.0,0.0,0.14796029653696724,0.0,0.0,0.0,0.0,-0.01860696934734118,-0.01858733383182365,1.9635515517531926e-05,3.0,1.0,0.0
Queue-nominal,0.45,1600,noG,33,33.0,0.0,0.24,0.0,0.0,0.0,0.14634218358111278,0.0,0.0,0.0,0.0,-0.017711641451620963,-0.017695498958029354,1.6142493591608797e-05,3.0,1.0,0.0
Queue-nominal,0.45,1600,noG,34,34.0,0.0,0.24,0.0,0.0,0.0,0.14477725885441925,0.0,0.0,0.0,0.0,-0.016723147673203265,-0.016720610761390198,2.536911813066922e-06,3.0,1.0,0.0
Queue-nominal,0.45,1600,noG,35,35.0,0.0,0.24,0.0,0.0,0.0,0.14327167932129756,0.0,0.0,0.0,0.0,-0.015742535092528875,-0.015752049868905882,-9.514776377006484e-06,3.0,1.0,0.0
Queue-nominal,0.45,1600,noG,36,36.0,0.0,0.24,0.0,0.0,0.0,0.1418302856980132,0.0,0.0,0.0,0.0,-0.01483752713708153,-0.014846574125411127,-9.046988329597383e-06,3.0,1.0,0.0
Queue-nominal,0.45,1600,noG,37,37.0,0.0,0.24,0.0,0.0,0.0,0.14045651592420902,0.0,0.0,0.0,0.0,-0.013993810329111511,-0.013997554364130416,-3.7440350189044125e-06,3.0,1.0,0.0
Queue-nominal,0.45,1600,noG,38,38.0,0.0,0.24,0.0,0.0,0.0,0.13915236302959313,0.0,0.0,0.0,0.0,-0.013181294890078908,-0.013183382313354919,-2.0874232760110384e-06,3.0,1.0,0.0
Queue-nominal,0.45,1600,noG,39,39.0,0.0,0.24,0.0,0.0,0.0,0.13791838396211573,0.0,0.0,0.0,0.0,-0.01240060510914187,-0.01240494930969449,-4.344200552621261e-06,3.0,1.0,0.0
Queue-nominal,0.45,1600,noG,40,40.0,0.0,0.24,0.0,0.0,0.0,0.13675376386127946,0.0,0.0,0.0,0.0,-0.011673738310977731,-0.011680411378008682,-6.673067030950677e-06,3.0,1.0,0.0
Queue-nominal,0.45,1600,noG,41,41.0,0.0,0.24,0.0,0.0,0.0,0.13565643737691854,0.0,0.0,0.0,0.0,-0.011015738631781069,-0.011021294366189593,-5.555734408524415e-06,3.0,1.0,0.0
Queue-nominal,0.45,1600,noG,42,42.0,0.0,0.24,0.0,0.0,0.0,0.1346232647918492,0.0,0.0,0.0,0.0,-0.010415243568195896,-0.010415945678945882,-7.021107499855656e-07,3.0,1.0,0.0
Queue-nominal,0.45,1600,noG,43,43.0,0.0,0.24,0.0,0.0,0.0,0.13365025590923338,0.0,0.0,0.0,0.0,-0.009836862136576306,-0.009830451382378147,6.410754198158883e-06,3.0,1.0,0.0
Queue-nominal,0.45,1600,noG,44,44.0,0.0,0.24,0.0,0.0,0.0,0.13273282916521636,0.0,0.0,0.0,0.0,-0.009232288815201883,-0.009219317165660268,1.2971649541615449e-05,3.0,1.0,0.0
Queue-nominal,0.45,1600,noG,45,45.0,0.0,0.24,0.0,0.0,0.0,0.13186608777639489,0.0,0.0,0.0,0.0,-0.008562305033570361,-0.008550898944035712,1.1406089534649055e-05,3.0,1.0,0.0
Queue-nominal,0.45,1600,noG,46,46.0,0.0,0.24,0.0,0.0,0.0,0.1310450897654636,0.0,0.0,0.0,0.0,-0.00784829168337442,-0.007848529667622284,-2.3798424786392047e-07,3.0,1.0,0.0
Queue-nominal,0.45,1600,noG,47,47.0,0.0,0.24,0.0,0.0,0.0,0.13026508545113183,0.0,0.0,0.0,0.0,-0.007165260857768807,-0.007174502572270036,-9.241714501229126e-06,3.0,1.0,0.0
Queue-nominal,0.45,1600,noG,48,48.0,0.0,0.24,0.0,0.0,0.0,0.129521695481589,0.0,0.0,0.0,0.0,-0.006564332581175947,-0.006577691004394648,-1.3358423218701176e-05,3.0,1.0,0.0
Queue-nominal,0.45,1600,noG,49,49.0,0.0,0.24,0.0,0.0,0.0,0.1288110055731962,0.0,0.0,0.0,0.0,-0.006063287328936795,-0.0060758983337518835,-1.2611004815088478e-05,3.0,1.0,0.0
Queue-nominal,0.45,1600,noG,50,50.0,0.0,0.24,0.0,0.0,0.0,0.12812956120077845,0.0,0.0,0.0,0.0,-0.0056588933223888915,-0.005673545118574985,-1.465179618609369e-05,3.0,1.0,0.0
Queue-nominal,0.45,1600,noG,51,51.0,0.0,0.24,0.0,0.0,0.0,0.1274742563889424,0.0,0.0,0.0,0.0,-0.0053657977201781995,-0.005379753488087946,-1.3955767909746598e-05,3.0,1.0,0.0
Queue-nominal,0.45,1600,noG,52,52.0,0.0,0.24,0.0,0.0,0.0,0.12684212461783448,0.0,0.0,0.0,0.0,-0.005176555936161619,-0.005186840239283619,-1.0284303121999884e-05,3.0,1.0,0.0
Queue-nominal,0.45,1600,noG,53,53.0,0.0,0.24,0.0,0.0,0.0,0.12623005518824368,0.0,0.0,0.0,0.0,-0.005067941388698926,-0.0050747019447277,-6.760556028773991e-06,3.0,1.0,0.0
Queue-nominal,0.45,1600,noG,54,54.0,0.0,0.24,0.0,0.0,0.0,0.1256344731986063,0.0,0.0,0.0,0.0,-0.005022365280886731,-0.005027859739933138,-5.494459046406774e-06,3.0,1.0,0.0
Queue-nominal,0.45,1600,noG,55,55.0,0.0,0.24,0.0,0.0,0.0,0.1250510332901665,0.0,0.0,0.0,0.0,-0.005038570002602326,-0.005044852912517328,-6.282909915001668e-06,3.0,1.0,0.0
Queue-nominal,0.45,1600,noG,56,56.0,0.0,0.24,0.0,0.0,0.0,0.12447438419621962,0.0,0.0,0.0,0.0,-0.005125462580366502,-0.005131862539710763,-6.399959344260964e-06,3.0,1.0,0.0
Queue-nominal,0.45,1600,noG,57,57.0,0.0,0.24,0.0,0.0,0.0,0.1238980608094441,0.0,0.0,0.0,0.0,-0.005259847819758685,-0.005288584098307236,-2.8736278548551104e-05,3.0,1.0,0.0
Queue-nominal,0.45,1600,noG,58,58.0,0.0,0.24,0.0,0.0,0.0,0.12331455145399092,0.0,0.0,0.0,0.0,-0.005452114315696195,-0.005502780258744178,-5.066594304798267e-05,3.0,1.0,0.0
Queue-nominal,0.45,1600,noG,59,59.0,0.0,0.24,0.0,0.0,0.0,0.1227155697863087,0.0,0.0,0.0,0.0,-0.005689579940944152,-0.0057325433105250845,-4.296336958093273e-05,3.0,1.0,0.0
Queue-nominal,0.45,1600,noG,60,60.0,0.0,0.24,0.0,0.0,0.0,0.12209253413875756,0.0,0.0,0.0,0.0,-0.005875577774991924,-0.005760282271871198,0.00011529550312072614,3.0,1.0,0.0
Queue-nominal,0.45,1600,Minimax-PPO,1,1.0,0.0,0.16,0.0,,,,,,,,,,,,1.0,0.0
Queue-nominal,0.45,1600,Minimax-PPO,2,2.0,0.0,0.16,0.0,,,,,,,,,,,,1.0,0.0
Queue-nominal,0.45,1600,Minimax-PPO,3,3.0,0.0,0.16,0.0,,,,,,,,,,,,1.0,0.0
Queue-nominal,0.45,1600,Minimax-PPO,4,4.0,0.0,0.16,0.0,,,,,,,,,,,,1.0,0.0
Queue-nominal,0.45,1600,Minimax-PPO,5,5.0,0.0,0.16,0.0,,,,,,,,,,,,1.0,0.0
Queue-nominal,0.45,1600,Minimax-PPO,6,6.0,0.0,0.16,0.0,,,,,,,,,,,,1.0,0.0
Queue-nominal,0.45,1600,Minimax-PPO,7,7.0,0.0,0.16,0.0,,,,,,,,,,,,1.0,0.0
Queue-nominal,0.45,1600,Minimax-PPO,8,8.0,0.0,0.16,0.0,,,,,,,,,,,,1.0,0.0
Queue-nominal,0.45,1600,Minimax-PPO,9,9.0,0.0,0.16,0.0,,,,,,,,,,,,1.0,0.0
Queue-nominal,0.45,1600,Minimax-PPO,10,10.0,0.0,0.16,0.0,,,,,,,,,,,,1.0,0.0
Queue-nominal,0.45,1600,Minimax-PPO,11,11.0,0.0,0.16,0.0,,,,,,,,,,,,1.0,0.0
Queue-nominal,0.45,1600,Minimax-PPO,12,12.0,0.0,0.16,0.0,,,,,,,,,,,,1.0,0.0
Queue-nominal,0.45,1600,Minimax-PPO,13,13.0,0.0,0.16,0.0,,,,,,,,,,,,1.0,0.0
Queue-nominal,0.45,1600,Minimax-PPO,14,14.0,0.0,0.16,0.0,,,,,,,,,,,,1.0,0.0
Queue-nominal,0.45,1600,Minimax-PPO,15,15.0,0.0,0.16,0.0,,,,,,,,,,,,1.0,0.0
Queue-nominal,0.45,1600,Minimax-PPO,16,16.0,0.0,0.16,0.0,,,,,,,,,,,,1.0,0.0
Queue-nominal,0.45,1600,Minimax-PPO,17,17.0,0.0,0.16,0.0,,,,,,,,,,,,1.0,0.0
Queue-nominal,0.45,1600,Minimax-PPO,18,18.0,0.0,0.16,0.0,,,,,,,,,,,,1.0,0.0
Queue-nominal,0.45,1600,Minimax-PPO,19,19.0,0.0,0.16,0.0,,,,,,,,,,,,1.0,0.0
Queue-nominal,0.45,1600,Minimax-PPO,20,20.0,0.0,0.16,0.0,,,,,,,,,,,,1.0,0.0
Queue-nominal,0.45,1600,Minimax-PPO,21,21.0,0.0,0.16,0.0,,,,,,,,,,,,1.0,0.0
Queue-nominal,0.45,1600,Minimax-PPO,22,22.0,0.0,0.16,0.0,,,,,,,,,,,,1.0,0.0
Queue-nominal,0.45,1600,Minimax-PPO,23,23.0,0.0,0.16,0.0,,,,,,,,,,,,1.0,0.0
Queue-nominal,0.45,1600,Minimax-PPO,24,24.0,0.0,0.16,0.0,,,,,,,,,,,,1.0,0.0
Queue-nominal,0.45,1600,Minimax-PPO,25,25.0,0.0,0.16,0.0,,,,,,,,,,,,1.0,0.0
Queue-nominal,0.45,1600,Minimax-PPO,26,26.0,0.0,0.16,0.0,,,,,,,,,,,,1.0,0.0
Queue-nominal,0.45,1600,Minimax-PPO,27,27.0,0.0,0.16,0.0,,,,,,,,,,,,1.0,0.0
Queue-nominal,0.45,1600,Minimax-PPO,28,28.0,0.0,0.16,0.0,,,,,,,,,,,,1.0,0.0
Queue-nominal,0.45,1600,Minimax-PPO,29,29.0,0.0,0.16,0.0,,,,,,,,,,,,1.0,0.0
Queue-nominal,0.45,1600,Minimax-PPO,30,30.0,0.0,0.16,0.0,,,,,,,,,,,,1.0,0.0
Queue-nominal,0.45,1600,Minimax-PPO,31,31.0,0.0,0.16,0.0,,,,,,,,,,,,1.0,0.0
Queue-nominal,0.45,1600,Minimax-PPO,32,32.0,0.0,0.16,0.0,,,,,,,,,,,,1.0,0.0
Queue-nominal,0.45,1600,Minimax-PPO,33,33.0,0.0,0.16,0.0,,,,,,,,,,,,1.0,0.0
Queue-nominal,0.45,1600,Minimax-PPO,34,34.0,0.0,0.16,0.0,,,,,,,,,,,,1.0,0.0
Queue-nominal,0.45,1600,Minimax-PPO,35,35.0,0.0,0.16,0.0,,,,,,,,,,,,1.0,0.0
Queue-nominal,0.45,1600,Minimax-PPO,36,36.0,0.0,0.16,0.0,,,,,,,,,,,,1.0,0.0
Queue-nominal,0.45,1600,Minimax-PPO,37,37.0,0.0,0.16,0.0,,,,,,,,,,,,1.0,0.0
Queue-nominal,0.45,1600,Minimax-PPO,38,38.0,0.0,0.16,0.0,,,,,,,,,,,,1.0,0.0
Queue-nominal,0.45,1600,Minimax-PPO,39,39.0,0.0,0.16,0.0,,,,,,,,,,,,1.0,0.0
Queue-nominal,0.45,1600,Minimax-PPO,40,40.0,0.0,0.16,0.0,,,,,,,,,,,,1.0,0.0
Queue-nominal,0.45,1600,Minimax-PPO,41,41.0,0.0,0.16,0.0,,,,,,,,,,,,1.0,0.0
Queue-nominal,0.45,1600,Minimax-PPO,42,42.0,0.0,0.16,0.0,,,,,,,,,,,,1.0,0.0
Queue-nominal,0.45,1600,Minimax-PPO,43,43.0,0.0,0.16,0.0,,,,,,,,,,,,1.0,0.0
Queue-nominal,0.45,1600,Minimax-PPO,44,44.0,0.0,0.16,0.0,,,,,,,,,,,,1.0,0.0
Queue-nominal,0.45,1600,Minimax-PPO,45,45.0,0.0,0.16,0.0,,,,,,,,,,,,1.0,0.0
Queue-nominal,0.45,1600,Minimax-PPO,46,46.0,0.0,0.16,0.0,,,,,,,,,,,,1.0,0.0
Queue-nominal,0.45,1600,Minimax-PPO,47,47.0,0.0,0.16,0.0,,,,,,,,,,,,1.0,0.0
Queue-nominal,0.45,1600,Minimax-PPO,48,48.0,0.0,0.16,0.0,,,,,,,,,,,,1.0,0.0
Queue-nominal,0.45,1600,Minimax-PPO,49,49.0,0.0,0.16,0.0,,,,,,,,,,,,1.0,0.0
Queue-nominal,0.45,1600,Minimax-PPO,50,50.0,0.0,0.16,0.0,,,,,,,,,,,,1.0,0.0
Queue-nominal,0.45,1600,Minimax-PPO,51,51.0,0.0,0.16,0.0,,,,,,,,,,,,1.0,0.0
Queue-nominal,0.45,1600,Minimax-PPO,52,52.0,0.0,0.16,0.0,,,,,,,,,,,,1.0,0.0
Queue-nominal,0.45,1600,Minimax-PPO,53,53.0,0.0,0.16,0.0,,,,,,,,,,,,1.0,0.0
Queue-nominal,0.45,1600,Minimax-PPO,54,54.0,0.0,0.16,0.0,,,,,,,,,,,,1.0,0.0
Queue-nominal,0.45,1600,Minimax-PPO,55,55.0,0.0,0.16,0.0,,,,,,,,,,,,1.0,0.0
Queue-nominal,0.45,1600,Minimax-PPO,56,56.0,0.0,0.16,0.0,,,,,,,,,,,,1.0,0.0
Queue-nominal,0.45,1600,Minimax-PPO,57,57.0,0.0,0.16,0.0,,,,,,,,,,,,1.0,0.0
Queue-nominal,0.45,1600,Minimax-PPO,58,58.0,0.0,0.16,0.0,,,,,,,,,,,,1.0,0.0
Queue-nominal,0.45,1600,Minimax-PPO,59,59.0,0.0,0.16,0.0,,,,,,,,,,,,1.0,0.0
Queue-nominal,0.45,1600,Minimax-PPO,60,60.0,0.0,0.16,0.0,,,,,,,,,,,,1.0,0.0
Queue-nominal,0.45,1600,GDA,1,1.0,0.0,0.16,0.0,,,,,,,,,,,,1.0,0.0
Queue-nominal,0.45,1600,GDA,2,2.0,0.0,0.16,0.0,,,,,,,,,,,,1.0,0.0
Queue-nominal,0.45,1600,GDA,3,3.0,0.0,0.16,0.0,,,,,,,,,,,,1.0,0.0
Queue-nominal,0.45,1600,GDA,4,4.0,0.0,0.16,0.0,,,,,,,,,,,,1.0,0.0
Queue-nominal,0.45,1600,GDA,5,5.0,0.0,0.16,0.0,,,,,,,,,,,,1.0,0.0
Queue-nominal,0.45,1600,GDA,6,6.0,0.0,0.16,0.0,,,,,,,,,,,,1.0,0.0
Queue-nominal,0.45,1600,GDA,7,7.0,0.0,0.16,0.0,,,,,,,,,,,,1.0,0.0
Queue-nominal,0.45,1600,GDA,8,8.0,0.0,0.16,0.0,,,,,,,,,,,,1.0,0.0
Queue-nominal,0.45,1600,GDA,9,9.0,0.0,0.16,0.0,,,,,,,,,,,,1.0,0.0
Queue-nominal,0.45,1600,GDA,10,10.0,0.0,0.16,0.0,,,,,,,,,,,,1.0,0.0
Queue-nominal,0.45,1600,GDA,11,11.0,0.0,0.16,0.0,,,,,,,,,,,,1.0,0.0
Queue-nominal,0.45,1600,GDA,12,12.0,0.0,0.16,0.0,,,,,,,,,,,,1.0,0.0
Queue-nominal,0.45,1600,GDA,13,13.0,0.0,0.16,0.0,,,,,,,,,,,,1.0,0.0
Queue-nominal,0.45,1600,GDA,14,14.0,0.0,0.16,0.0,,,,,,,,,,,,1.0,0.0
Queue-nominal,0.45,1600,GDA,15,15.0,0.0,0.16,0.0,,,,,,,,,,,,1.0,0.0
Queue-nominal,0.45,1600,GDA,16,16.0,0.0,0.16,0.0,,,,,,,,,,,,1.0,0.0
Queue-nominal,0.45,1600,GDA,17,17.0,0.0,0.16,0.0,,,,,,,,,,,,1.0,0.0
Queue-nominal,0.45,1600,GDA,18,18.0,0.0,0.16,0.0,,,,,,,,,,,,1.0,0.0
Queue-nominal,0.45,1600,GDA,19,19.0,0.0,0.16,0.0,,,,,,,,,,,,1.0,0.0
Queue-nominal,0.45,1600,GDA,20,20.0,0.0,0.16,0.0,,,,,,,,,,,,1.0,0.0
Queue-nominal,0.45,1600,GDA,21,21.0,0.0,0.16,0.0,,,,,,,,,,,,1.0,0.0
Queue-nominal,0.45,1600,GDA,22,22.0,0.0,0.16,0.0,,,,,,,,,,,,1.0,0.0
Queue-nominal,0.45,1600,GDA,23,23.0,0.0,0.16,0.0,,,,,,,,,,,,1.0,0.0
Queue-nominal,0.45,1600,GDA,24,24.0,0.0,0.16,0.0,,,,,,,,,,,,1.0,0.0
Queue-nominal,0.45,1600,GDA,25,25.0,0.0,0.16,0.0,,,,,,,,,,,,1.0,0.0
Queue-nominal,0.45,1600,GDA,26,26.0,0.0,0.16,0.0,,,,,,,,,,,,1.0,0.0
Queue-nominal,0.45,1600,GDA,27,27.0,0.0,0.16,0.0,,,,,,,,,,,,1.0,0.0
Queue-nominal,0.45,1600,GDA,28,28.0,0.0,0.16,0.0,,,,,,,,,,,,1.0,0.0
Queue-nominal,0.45,1600,GDA,29,29.0,0.0,0.16,0.0,,,,,,,,,,,,1.0,0.0
Queue-nominal,0.45,1600,GDA,30,30.0,0.0,0.16,0.0,,,,,,,,,,,,1.0,0.0
Queue-nominal,0.45,1600,GDA,31,31.0,0.0,0.16,0.0,,,,,,,,,,,,1.0,0.0
Queue-nominal,0.45,1600,GDA,32,32.0,0.0,0.16,0.0,,,,,,,,,,,,1.0,0.0
Queue-nominal,0.45,1600,GDA,33,33.0,0.0,0.16,0.0,,,,,,,,,,,,1.0,0.0
Queue-nominal,0.45,1600,GDA,34,34.0,0.0,0.16,0.0,,,,,,,,,,,,1.0,0.0
Queue-nominal,0.45,1600,GDA,35,35.0,0.0,0.16,0.0,,,,,,,,,,,,1.0,0.0
Queue-nominal,0.45,1600,GDA,36,36.0,0.0,0.16,0.0,,,,,,,,,,,,1.0,0.0
Queue-nominal,0.45,1600,GDA,37,37.0,0.0,0.16,0.0,,,,,,,,,,,,1.0,0.0
Queue-nominal,0.45,1600,GDA,38,38.0,0.0,0.16,0.0,,,,,,,,,,,,1.0,0.0
Queue-nominal,0.45,1600,GDA,39,39.0,0.0,0.16,0.0,,,,,,,,,,,,1.0,0.0
Queue-nominal,0.45,1600,GDA,40,40.0,0.0,0.16,0.0,,,,,,,,,,,,1.0,0.0
Queue-nominal,0.45,1600,GDA,41,41.0,0.0,0.16,0.0,,,,,,,,,,,,1.0,0.0
Queue-nominal,0.45,1600,GDA,42,42.0,0.0,0.16,0.0,,,,,,,,,,,,1.0,0.0
Queue-nominal,0.45,1600,GDA,43,43.0,0.0,0.16,0.0,,,,,,,,,,,,1.0,0.0
Queue-nominal,0.45,1600,GDA,44,44.0,0.0,0.16,0.0,,,,,,,,,,,,1.0,0.0
Queue-nominal,0.45,1600,GDA,45,45.0,0.0,0.16,0.0,,,,,,,,,,,,1.0,0.0
Queue-nominal,0.45,1600,GDA,46,46.0,0.0,0.16,0.0,,,,,,,,,,,,1.0,0.0
Queue-nominal,0.45,1600,GDA,47,47.0,0.0,0.16,0.0,,,,,,,,,,,,1.0,0.0
Queue-nominal,0.45,1600,GDA,48,48.0,0.0,0.16,0.0,,,,,,,,,,,,1.0,0.0
Queue-nominal,0.45,1600,GDA,49,49.0,0.0,0.16,0.0,,,,,,,,,,,,1.0,0.0
Queue-nominal,0.45,1600,GDA,50,50.0,0.0,0.16,0.0,,,,,,,,,,,,1.0,0.0
Queue-nominal,0.45,1600,GDA,51,51.0,0.0,0.16,0.0,,,,,,,,,,,,1.0,0.0
Queue-nominal,0.45,1600,GDA,52,52.0,0.0,0.16,0.0,,,,,,,,,,,,1.0,0.0
Queue-nominal,0.45,1600,GDA,53,53.0,0.0,0.16,0.0,,,,,,,,,,,,1.0,0.0
Queue-nominal,0.45,1600,GDA,54,54.0,0.0,0.16,0.0,,,,,,,,,,,,1.0,0.0
Queue-nominal,0.45,1600,GDA,55,55.0,0.0,0.16,0.0,,,,,,,,,,,,1.0,0.0
Queue-nominal,0.45,1600,GDA,56,56.0,0.0,0.16,0.0,,,,,,,,,,,,1.0,0.0
Queue-nominal,0.45,1600,GDA,57,57.0,0.0,0.16,0.0,,,,,,,,,,,,1.0,0.0
Queue-nominal,0.45,1600,GDA,58,58.0,0.0,0.16,0.0,,,,,,,,,,,,1.0,0.0
Queue-nominal,0.45,1600,GDA,59,59.0,0.0,0.16,0.0,,,,,,,,,,,,1.0,0.0
Queue-nominal,0.45,1600,GDA,60,60.0,0.0,0.16,0.0,,,,,,,,,,,,1.0,0.0
Queue-nominal,0.45,1600,EGM,1,1.0,0.0,0.16,0.0,,,,,,,,,,,,1.0,0.0
Queue-nominal,0.45,1600,EGM,2,2.0,0.0,0.16,0.0,,,,,,,,,,,,1.0,0.0
Queue-nominal,0.45,1600,EGM,3,3.0,0.0,0.16,0.0,,,,,,,,,,,,1.0,0.0
Queue-nominal,0.45,1600,EGM,4,4.0,0.0,0.16,0.0,,,,,,,,,,,,1.0,0.0
Queue-nominal,0.45,1600,EGM,5,5.0,0.0,0.16,0.0,,,,,,,,,,,,1.0,0.0
Queue-nominal,0.45,1600,EGM,6,6.0,0.0,0.16,0.0,,,,,,,,,,,,1.0,0.0
Queue-nominal,0.45,1600,EGM,7,7.0,0.0,0.16,0.0,,,,,,,,,,,,1.0,0.0
Queue-nominal,0.45,1600,EGM,8,8.0,0.0,0.16,0.0,,,,,,,,,,,,1.0,0.0
Queue-nominal,0.45,1600,EGM,9,9.0,0.0,0.16,0.0,,,,,,,,,,,,1.0,0.0
Queue-nominal,0.45,1600,EGM,10,10.0,0.0,0.16,0.0,,,,,,,,,,,,1.0,0.0
Queue-nominal,0.45,1600,EGM,11,11.0,0.0,0.16,0.0,,,,,,,,,,,,1.0,0.0
Queue-nominal,0.45,1600,EGM,12,12.0,0.0,0.16,0.0,,,,,,,,,,,,1.0,0.0
Queue-nominal,0.45,1600,EGM,13,13.0,0.0,0.16,0.0,,,,,,,,,,,,1.0,0.0
Queue-nominal,0.45,1600,EGM,14,14.0,0.0,0.16,0.0,,,,,,,,,,,,1.0,0.0
Queue-nominal,0.45,1600,EGM,15,15.0,0.0,0.16,0.0,,,,,,,,,,,,1.0,0.0
Queue-nominal,0.45,1600,EGM,16,16.0,0.0,0.16,0.0,,,,,,,,,,,,1.0,0.0
Queue-nominal,0.45,1600,EGM,17,17.0,0.0,0.16,0.0,,,,,,,,,,,,1.0,0.0
Queue-nominal,0.45,1600,EGM,18,18.0,0.0,0.16,0.0,,,,,,,,,,,,1.0,0.0
Queue-nominal,0.45,1600,EGM,19,19.0,0.0,0.16,0.0,,,,,,,,,,,,1.0,0.0
Queue-nominal,0.45,1600,EGM,20,20.0,0.0,0.16,0.0,,,,,,,,,,,,1.0,0.0
Queue-nominal,0.45,1600,EGM,21,21.0,0.0,0.16,0.0,,,,,,,,,,,,1.0,0.0
Queue-nominal,0.45,1600,EGM,22,22.0,0.0,0.16,0.0,,,,,,,,,,,,1.0,0.0
Queue-nominal,0.45,1600,EGM,23,23.0,0.0,0.16,0.0,,,,,,,,,,,,1.0,0.0
Queue-nominal,0.45,1600,EGM,24,24.0,0.0,0.16,0.0,,,,,,,,,,,,1.0,0.0
Queue-nominal,0.45,1600,EGM,25,25.0,0.0,0.16,0.0,,,,,,,,,,,,1.0,0.0
Queue-nominal,0.45,1600,EGM,26,26.0,0.0,0.16,0.0,,,,,,,,,,,,1.0,0.0
Queue-nominal,0.45,1600,EGM,27,27.0,0.0,0.16,0.0,,,,,,,,,,,,1.0,0.0
Queue-nominal,0.45,1600,EGM,28,28.0,0.0,0.16,0.0,,,,,,,,,,,,1.0,0.0
Queue-nominal,0.45,1600,EGM,29,29.0,0.0,0.16,0.0,,,,,,,,,,,,1.0,0.0
Queue-nominal,0.45,1600,EGM,30,30.0,0.0,0.16,0.0,,,,,,,,,,,,1.0,0.0
Queue-nominal,0.45,1600,EGM,31,31.0,0.0,0.16,0.0,,,,,,,,,,,,1.0,0.0
Queue-nominal,0.45,1600,EGM,32,32.0,0.0,0.16,0.0,,,,,,,,,,,,1.0,0.0
Queue-nominal,0.45,1600,EGM,33,33.0,0.0,0.16,0.0,,,,,,,,,,,,1.0,0.0
Queue-nominal,0.45,1600,EGM,34,34.0,0.0,0.16,0.0,,,,,,,,,,,,1.0,0.0
Queue-nominal,0.45,1600,EGM,35,35.0,0.0,0.16,0.0,,,,,,,,,,,,1.0,0.0
Queue-nominal,0.45,1600,EGM,36,36.0,0.0,0.16,0.0,,,,,,,,,,,,1.0,0.0
Queue-nominal,0.45,1600,EGM,37,37.0,0.0,0.16,0.0,,,,,,,,,,,,1.0,0.0
Queue-nominal,0.45,1600,EGM,38,38.0,0.0,0.16,0.0,,,,,,,,,,,,1.0,0.0
Queue-nominal,0.45,1600,EGM,39,39.0,0.0,0.16,0.0,,,,,,,,,,,,1.0,0.0
Queue-nominal,0.45,1600,EGM,40,40.0,0.0,0.16,0.0,,,,,,,,,,,,1.0,0.0
Queue-nominal,0.45,1600,EGM,41,41.0,0.0,0.16,0.0,,,,,,,,,,,,1.0,0.0
Queue-nominal,0.45,1600,EGM,42,42.0,0.0,0.16,0.0,,,,,,,,,,,,1.0,0.0
Queue-nominal,0.45,1600,EGM,43,43.0,0.0,0.16,0.0,,,,,,,,,,,,1.0,0.0
Queue-nominal,0.45,1600,EGM,44,44.0,0.0,0.16,0.0,,,,,,,,,,,,1.0,0.0
Queue-nominal,0.45,1600,EGM,45,45.0,0.0,0.16,0.0,,,,,,,,,,,,1.0,0.0
Queue-nominal,0.45,1600,EGM,46,46.0,0.0,0.16,0.0,,,,,,,,,,,,1.0,0.0
Queue-nominal,0.45,1600,EGM,47,47.0,0.0,0.16,0.0,,,,,,,,,,,,1.0,0.0
Queue-nominal,0.45,1600,EGM,48,48.0,0.0,0.16,0.0,,,,,,,,,,,,1.0,0.0
Queue-nominal,0.45,1600,EGM,49,49.0,0.0,0.16,0.0,,,,,,,,,,,,1.0,0.0
Queue-nominal,0.45,1600,EGM,50,50.0,0.0,0.16,0.0,,,,,,,,,,,,1.0,0.0
Queue-nominal,0.45,1600,EGM,51,51.0,0.0,0.16,0.0,,,,,,,,,,,,1.0,0.0
Queue-nominal,0.45,1600,EGM,52,52.0,0.0,0.16,0.0,,,,,,,,,,,,1.0,0.0
Queue-nominal,0.45,1600,EGM,53,53.0,0.0,0.16,0.0,,,,,,,,,,,,1.0,0.0
Queue-nominal,0.45,1600,EGM,54,54.0,0.0,0.16,0.0,,,,,,,,,,,,1.0,0.0
Queue-nominal,0.45,1600,EGM,55,55.0,0.0,0.16,0.0,,,,,,,,,,,,1.0,0.0
Queue-nominal,0.45,1600,EGM,56,56.0,0.0,0.16,0.0,,,,,,,,,,,,1.0,0.0
Queue-nominal,0.45,1600,EGM,57,57.0,0.0,0.16,0.0,,,,,,,,,,,,1.0,0.0
Queue-nominal,0.45,1600,EGM,58,58.0,0.0,0.16,0.0,,,,,,,,,,,,1.0,0.0
Queue-nominal,0.45,1600,EGM,59,59.0,0.0,0.16,0.0,,,,,,,,,,,,1.0,0.0
Queue-nominal,0.45,1600,EGM,60,60.0,0.0,0.16,0.0,,,,,,,,,,,,1.0,0.0
Queue-nominal,0.45,1600,PPM-3,1,3.0,0.0,0.16,0.0,,,,,,,,,,,,3.0,0.0
Queue-nominal,0.45,1600,PPM-3,2,6.0,0.0,0.16,0.0,,,,,,,,,,,,3.0,0.0
Queue-nominal,0.45,1600,PPM-3,3,9.0,0.0,0.16,0.0,,,,,,,,,,,,3.0,0.0
Queue-nominal,0.45,1600,PPM-3,4,12.0,0.0,0.16,0.0,,,,,,,,,,,,3.0,0.0
Queue-nominal,0.45,1600,PPM-3,5,15.0,0.0,0.16,0.0,,,,,,,,,,,,3.0,0.0
Queue-nominal,0.45,1600,PPM-3,6,18.0,0.0,0.16,0.0,,,,,,,,,,,,3.0,0.0
Queue-nominal,0.45,1600,PPM-3,7,21.0,0.0,0.16,0.0,,,,,,,,,,,,3.0,0.0
Queue-nominal,0.45,1600,PPM-3,8,24.0,0.0,0.16,0.0,,,,,,,,,,,,3.0,0.0
Queue-nominal,0.45,1600,PPM-3,9,27.0,0.0,0.16,0.0,,,,,,,,,,,,3.0,0.0
Queue-nominal,0.45,1600,PPM-3,10,30.0,0.0,0.16,0.0,,,,,,,,,,,,3.0,0.0
Queue-nominal,0.45,1600,PPM-3,11,33.0,0.0,0.16,0.0,,,,,,,,,,,,3.0,0.0
Queue-nominal,0.45,1600,PPM-3,12,36.0,0.0,0.16,0.0,,,,,,,,,,,,3.0,0.0
Queue-nominal,0.45,1600,PPM-3,13,39.0,0.0,0.16,0.0,,,,,,,,,,,,3.0,0.0
Queue-nominal,0.45,1600,PPM-3,14,42.0,0.0,0.16,0.0,,,,,,,,,,,,3.0,0.0
Queue-nominal,0.45,1600,PPM-3,15,45.0,0.0,0.16,0.0,,,,,,,,,,,,3.0,0.0
Queue-nominal,0.45,1600,PPM-3,16,48.0,0.0,0.16,0.0,,,,,,,,,,,,3.0,0.0
Queue-nominal,0.45,1600,PPM-3,17,51.0,0.0,0.16,0.0,,,,,,,,,,,,3.0,0.0
Queue-nominal,0.45,1600,PPM-3,18,54.0,0.0,0.16,0.0,,,,,,,,,,,,3.0,0.0
Queue-nominal,0.45,1600,PPM-3,19,57.0,0.0,0.16,0.0,,,,,,,,,,,,3.0,0.0
Queue-nominal,0.45,1600,PPM-3,20,60.0,0.0,0.16,0.0,,,,,,,,,,,,3.0,0.0
Queue-nominal,0.45,1600,PPM-3,21,63.0,0.0,0.16,0.0,,,,,,,,,,,,3.0,0.0
Queue-nominal,0.45,1600,PPM-3,22,66.0,0.0,0.16,0.0,,,,,,,,,,,,3.0,0.0
Queue-nominal,0.45,1600,PPM-3,23,69.0,0.0,0.16,0.0,,,,,,,,,,,,3.0,0.0
Queue-nominal,0.45,1600,PPM-3,24,72.0,0.0,0.16,0.0,,,,,,,,,,,,3.0,0.0
Queue-nominal,0.45,1600,PPM-3,25,75.0,0.0,0.16,0.0,,,,,,,,,,,,3.0,0.0
Queue-nominal,0.45,1600,PPM-3,26,78.0,0.0,0.16,0.0,,,,,,,,,,,,3.0,0.0
Queue-nominal,0.45,1600,PPM-3,27,81.0,0.0,0.16,0.0,,,,,,,,,,,,3.0,0.0
Queue-nominal,0.45,1600,PPM-3,28,84.0,0.0,0.16,0.0,,,,,,,,,,,,3.0,0.0
Queue-nominal,0.45,1600,PPM-3,29,87.0,0.0,0.16,0.0,,,,,,,,,,,,3.0,0.0
Queue-nominal,0.45,1600,PPM-3,30,90.0,0.0,0.16,0.0,,,,,,,,,,,,3.0,0.0
Queue-nominal,0.45,1600,PPM-3,31,93.0,0.0,0.16,0.0,,,,,,,,,,,,3.0,0.0
Queue-nominal,0.45,1600,PPM-3,32,96.0,0.0,0.16,0.0,,,,,,,,,,,,3.0,0.0
Queue-nominal,0.45,1600,PPM-3,33,99.0,0.0,0.16,0.0,,,,,,,,,,,,3.0,0.0
Queue-nominal,0.45,1600,PPM-3,34,102.0,0.0,0.16,0.0,,,,,,,,,,,,3.0,0.0
Queue-nominal,0.45,1600,PPM-3,35,105.0,0.0,0.16,0.0,,,,,,,,,,,,3.0,0.0
Queue-nominal,0.45,1600,PPM-3,36,108.0,0.0,0.16,0.0,,,,,,,,,,,,3.0,0.0
Queue-nominal,0.45,1600,PPM-3,37,111.0,0.0,0.16,0.0,,,,,,,,,,,,3.0,0.0
Queue-nominal,0.45,1600,PPM-3,38,114.0,0.0,0.16,0.0,,,,,,,,,,,,3.0,0.0
Queue-nominal,0.45,1600,PPM-3,39,117.0,0.0,0.16,0.0,,,,,,,,,,,,3.0,0.0
Queue-nominal,0.45,1600,PPM-3,40,120.0,0.0,0.16,0.0,,,,,,,,,,,,3.0,0.0
Queue-nominal,0.45,1600,PPM-3,41,123.0,0.0,0.16,0.0,,,,,,,,,,,,3.0,0.0
Queue-nominal,0.45,1600,PPM-3,42,126.0,0.0,0.16,0.0,,,,,,,,,,,,3.0,0.0
Queue-nominal,0.45,1600,PPM-3,43,129.0,0.0,0.16,0.0,,,,,,,,,,,,3.0,0.0
Queue-nominal,0.45,1600,PPM-3,44,132.0,0.0,0.16,0.0,,,,,,,,,,,,3.0,0.0
Queue-nominal,0.45,1600,PPM-3,45,135.0,0.0,0.16,0.0,,,,,,,,,,,,3.0,0.0
Queue-nominal,0.45,1600,PPM-3,46,138.0,0.0,0.16,0.0,,,,,,,,,,,,3.0,0.0
Queue-nominal,0.45,1600,PPM-3,47,141.0,0.0,0.16,0.0,,,,,,,,,,,,3.0,0.0
Queue-nominal,0.45,1600,PPM-3,48,144.0,0.0,0.16,0.0,,,,,,,,,,,,3.0,0.0
Queue-nominal,0.45,1600,PPM-3,49,147.0,0.0,0.16,0.0,,,,,,,,,,,,3.0,0.0
Queue-nominal,0.45,1600,PPM-3,50,150.0,0.0,0.16,0.0,,,,,,,,,,,,3.0,0.0
Queue-nominal,0.45,1600,PPM-3,51,153.0,0.0,0.16,0.0,,,,,,,,,,,,3.0,0.0
Queue-nominal,0.45,1600,PPM-3,52,156.0,0.0,0.16,0.0,,,,,,,,,,,,3.0,0.0
Queue-nominal,0.45,1600,PPM-3,53,159.0,0.0,0.16,0.0,,,,,,,,,,,,3.0,0.0
Queue-nominal,0.45,1600,PPM-3,54,162.0,0.0,0.16,0.0,,,,,,,,,,,,3.0,0.0
Queue-nominal,0.45,1600,PPM-3,55,165.0,0.0,0.16,0.0,,,,,,,,,,,,3.0,0.0
Queue-nominal,0.45,1600,PPM-3,56,168.0,0.0,0.16,0.0,,,,,,,,,,,,3.0,0.0
Queue-nominal,0.45,1600,PPM-3,57,171.0,0.0,0.16,0.0,,,,,,,,,,,,3.0,0.0
Queue-nominal,0.45,1600,PPM-3,58,174.0,0.0,0.16,0.0,,,,,,,,,,,,3.0,0.0
Queue-nominal,0.45,1600,PPM-3,59,177.0,0.0,0.16,0.0,,,,,,,,,,,,3.0,0.0
Queue-nominal,0.45,1600,PPM-3,60,180.0,0.0,0.16,0.0,,,,,,,,,,,,3.0,0.0
Queue-nominal,0.45,1601,QP+G,1,1.0,1.0,0.24,0.0,0.1889064559377801,-0.01625998271431232,0.1918825060735557,0.03624784417881497,0.0,0.0,0.0,-0.018653629257308065,-0.018675407534854305,-2.177827754623954e-05,5.0,1.0,1.0
Queue-nominal,0.45,1601,QP+G,2,2.0,2.0,0.24,0.0,0.18962757861143092,-0.032530860370679135,0.19204702008265373,0.03641741139781447,0.0,0.0,0.0,-0.01602078690732256,-0.01604576432572813,-2.497741840556955e-05,5.0,1.0,1.0
Queue-nominal,0.45,1601,QP+G,3,3.0,3.0,0.24,0.1432057099842939,0.19010154262513465,-0.048257404221361426,0.1923550920845591,0.03656699973707451,1.0,0.0,0.0,-0.013593394277321175,-0.013612266130379247,-1.8871853058072263e-05,5.0,1.0,1.0
Queue-nominal,0.45,1601,QP+G,4,4.0,4.0,0.24,0.4858332767309566,0.19025653486777963,-0.061704500387148774,0.1930201961178288,0.03672335367287736,1.0,0.0,0.0,-0.011684110297452678,-0.011736892935069854,-5.2782637617175554e-05,5.0,1.0,1.0
Queue-nominal,0.45,1601,QP+G,5,5.0,5.0,0.24,0.737327923971732,0.18984362807282898,-0.0695723297105944,0.19427957957237638,0.0368827402464838,1.0,0.0,0.0,-0.010461153623892336,-0.0106989608157404,-0.00023780719184806308,5.0,1.0,1.0
Queue-nominal,0.45,1601,QP+G,6,6.0,6.0,0.24,1.2717495461237238,0.18871640310902169,-0.06940381342050501,0.19587410665370547,0.03696465686988019,1.0,0.0,0.0,-0.010667928249703737,-0.011447864299442223,-0.0007799360497384861,5.0,1.0,1.0
Queue-nominal,0.45,1601,QP+G,7,7.0,7.0,0.24,1.2880403346551936,0.1863295686809743,-0.05296983041185447,0.19794540495454233,0.036883081927560665,1.0,0.0,0.0,-0.01330934228469701,-0.01438985912960522,-0.0010805168449082095,5.0,1.0,1.0
Queue-nominal,0.45,1601,QP+G,8,8.0,8.0,0.24,1.3053181751461365,0.1838632178496487,-0.023731129277533382,0.19952582364603447,0.036685459979661425,1.0,0.0,0.0,-0.017484158980173112,-0.01852574921260075,-0.0010415902324276381,5.0,1.0,1.0
Queue-nominal,0.45,1601,QP+G,9,9.0,9.0,0.24,1.3174458587873967,0.18217067395915668,0.01453637157334037,0.20045312664533768,0.03651668117820135,1.0,0.0,0.0,-0.02149661937614926,-0.022275581155371427,-0.0007789617792221676,5.0,1.0,1.0
Queue-nominal,0.45,1601,QP+G,10,10.0,10.0,0.24,1.3205054356172705,0.1817485892345547,0.055223920285574254,0.20070107637775142,0.03647713748951293,1.0,0.0,0.0,-0.024563281274452422,-0.025103315078236932,-0.00054003380378451,5.0,1.0,1.0
Queue-nominal,0.45,1601,QP+G,11,11.0,11.0,0.24,1.315406638549116,0.18245308558326742,0.09234160492849383,0.20036412485715085,0.03655705282037822,1.0,0.0,0.0,-0.026926072487723256,-0.027270573337838222,-0.0003445008501149656,5.0,1.0,1.0
Queue-nominal,0.45,1601,QP+G,12,12.0,12.0,0.24,1.3058518891163895,0.1837880712202339,0.12274071373622301,0.19959157247538056,0.03668255013706372,1.0,0.0,0.0,-0.028679799721347408,-0.02883149867408097,-0.0001516989527335609,5.0,1.0,1.0
Queue-nominal,0.45,1601,QP+G,13,13.0,13.0,0.24,0.0,0.1852874366895488,0.1456315503443279,0.19853470435092913,0.03678598646310107,0.0,1.0,0.0,-0.029612911663888335,-0.023881583920415395,0.005731327743472941,5.0,1.0,1.0
Queue-nominal,0.45,1601,QP+G,14,14.0,14.0,0.24,1.287440888393515,0.1864163257230979,0.15657595667940774,0.19719577168720628,0.036760511206059894,1.0,0.0,0.0,-0.0317367315908466,-0.03152098339542242,0.00021574819542417856,5.0,1.0,1.0
Queue-nominal,0.45,1601,QP+G,15,15.0,15.0,0.24,1.2807086497964446,0.18739625131613305,0.16524284215013968,0.19579816267812283,0.03669184170046661,1.0,0.0,0.0,-0.03070010890747587,-0.03046837868526797,0.00023173022220789735,5.0,1.0,1.0
Queue-nominal,0.45,1601,QP+G,16,16.0,16.0,0.24,1.2771598623875304,0.18791696096003405,0.16873620286204064,0.1944617152263656,0.036542654548414204,1.0,0.0,0.0,-0.02881190504189825,-0.028630446681249033,0.00018145836064921775,5.0,1.0,1.0
Queue-nominal,0.45,1601,QP+G,17,17.0,17.0,0.24,1.2781558394683508,0.187770530469765,0.16904828369165226,0.1932504602608427,0.03628674143670467,1.0,0.0,0.0,-0.026419904601490955,-0.02634630538915772,7.359921233323491e-05,5.0,1.0,1.0
Queue-nominal,0.45,1601,QP+G,18,18.0,18.0,0.24,0.0,0.18669282751385896,0.16947545136075495,0.1921747755813122,0.03587765223011648,0.0,1.0,0.0,-0.024240302760130637,-0.023926712888137303,0.0003135898719933347,5.0,1.0,1.0
Queue-nominal,0.45,1601,QP+G,19,19.0,19.0,0.24,0.0,0.1858113794988423,0.16441539240248804,0.19073505193692172,0.03544074311918276,0.0,1.0,0.0,-0.024265359256426845,-0.022259067417334855,0.0020062918390919907,5.0,1.0,1.0
Queue-nominal,0.45,1601,QP+G,20,20.0,20.0,0.24,0.0,0.18405531919156023,0.1580482417395345,0.1893686815483629,0.03485431312726885,0.0,1.0,0.0,-0.02466357081597316,-0.020504446437075607,0.004159124378897552,5.0,1.0,1.0
Queue-nominal,0.45,1601,QP+G,21,21.0,21.0,0.24,0.0,0.18140010742531779,0.15213775111149005,0.1880843434956525,0.03411852011513174,0.0,1.0,0.0,-0.025520399223102258,-0.01884906688730137,0.006671332335800889,5.0,1.0,1.0
Queue-nominal,0.45,1601,QP+G,22,22.0,22.0,0.24,1.3491583547680313,0.17788868085930848,0.14857703340431938,0.18687489256662698,0.033242928124402264,1.0,0.0,0.0,-0.02710430863108792,-0.0283369841976846,-0.0012326755665966818,5.0,1.0,1.0
Queue-nominal,0.45,1601,QP+G,23,23.0,23.0,0.24,0.0,0.17252982310222797,0.17614712136597516,0.18521281392814912,0.03195473402328943,0.0,1.0,0.0,-0.030046241531219174,-0.01879017991702714,0.011256061614192035,5.0,1.0,1.0
Queue-nominal,0.45,1601,QP+G,24,24.0,24.0,0.24,1.427666189853946,0.16810652357366018,0.18652141681472784,0.18386551196820447,0.030908992022066064,1.0,0.0,0.0,-0.03393020984185576,-0.03542910168635327,-0.0014988918444975088,5.0,1.0,1.0
Queue-nominal,0.45,1601,QP+G,25,25.0,25.0,0.24,1.463028151013361,0.164043323317986,0.23396328819724338,0.18127591877569021,0.029737104153485516,1.0,0.0,0.0,-0.03796908359223465,-0.03922407514529258,-0.0012549915530579298,5.0,1.0,1.0
Queue-nominal,0.45,1601,QP+G,26,26.0,26.0,0.24,0.0,0.16171089886213535,0.28307018067320255,0.17816768418126913,0.028811656357138084,0.0,1.0,0.0,-0.040519509599285415,-0.023583694879894868,0.016935814719390548,5.0,1.0,1.0
Queue-nominal,0.45,1601,QP+G,27,27.0,27.0,0.24,1.5070016422252912,0.1592566280456122,0.30711590513779446,0.1761858463085425,0.02805876379246095,1.0,0.0,0.0,-0.043956214570776586,-0.04450931462819918,-0.0005531000574225953,5.0,1.0,1.0
Queue-nominal,0.45,1601,QP+G,28,28.0,28.0,0.24,0.0,0.1591612736003736,0.3466621926275415,0.1723557507812867,0.02743236080669818,0.0,1.0,0.0,-0.043636806396101874,-0.02560791684889363,0.018028889547208243,5.0,1.0,1.0
Queue-nominal,0.45,1601,QP+G,29,29.0,29.0,0.24,1.5157562816176033,0.1583368005203804,0.3676468226423252,0.17005790197915807,0.026926424102588355,1.0,0.0,0.0,-0.04536194889347768,-0.04536994247102388,-7.993577546203112e-06,5.0,1.0,1.0
Queue-nominal,0.45,1601,QP+G,30,30.0,30.0,0.24,1.510508909289653,0.15888684834892153,0.3934257871795191,0.16594197875025132,0.02636599801241114,1.0,0.0,0.0,-0.043126135940015936,-0.043135647148336176,-9.511208320239772e-06,5.0,1.0,1.0
Queue-nominal,0.45,1601,QP+G,31,31.0,31.0,0.24,0.0,0.15931201492996488,0.41577368599610703,0.16191160031204227,0.025794463286246586,0.0,1.0,0.0,-0.04053465388408994,-0.026128421872105623,0.014406232011984314,5.0,1.0,1.0
Queue-nominal,0.45,1601,QP+G,32,32.0,32.0,0.24,1.5051073907002976,0.15945706032865375,0.42560031187104036,0.15935202265924384,0.025409805090668043,1.0,0.0,0.0,-0.04048052879230128,-0.040521919081653035,-4.139028935175315e-05,5.0,1.0,1.0
Queue-nominal,0.45,1601,QP+G,33,33.0,33.0,0.24,1.5056391796923445,0.15940074038790655,0.44167603227565794,0.1553782935492026,0.02476741503195238,1.0,0.0,0.0,-0.03788554072976502,-0.03810264788753681,-0.0002171071577717898,5.0,1.0,1.0
Queue-nominal,0.45,1601,QP+G,34,34.0,34.0,0.24,1.5079180727964843,0.15915984053093282,0.4579610688594687,0.151551957814843,0.02412098543796107,1.0,0.0,0.0,-0.03552667074560101,-0.03587799222707844,-0.00035132148147742903,5.0,1.0,1.0
Queue-nominal,0.45,1601,QP+G,35,35.0,35.0,0.24,1.5113516342184283,0.15879825354085267,0.4746021708013504,0.14787865643156442,0.02348287237730021,1.0,0.0,0.0,-0.0333188271858815,-0.03377072469794773,-0.0004518975120662294,5.0,1.0,1.0
Queue-nominal,0.45,1601,QP+G,36,36.0,36.0,0.24,1.5153059402296696,0.15838385742988906,0.4915051257668505,0.14436361109510518,0.02286486559775109,1.0,0.0,0.0,-0.031202479266899896,-0.03173477729441476,-0.0005322980275148659,5.0,1.0,1.0
Queue-nominal,0.45,1601,QP+G,37,37.0,37.0,0.24,1.519197464397781,0.1579781467678643,0.5084253438862264,0.14101174921516052,0.022276774813505904,1.0,0.0,0.0,-0.029161801098433384,-0.029745149720834085,-0.0005833486224007013,5.0,1.0,1.0
Queue-nominal,0.45,1601,QP+G,38,38.0,38.0,0.24,1.5225528380985034,0.1576299974585663,0.5250450911861096,0.13782750484792552,0.021725749238899035,1.0,0.0,0.0,-0.027146753661260504,-0.02775657899018591,-0.0006098253289254056,5.0,1.0,1.0
Queue-nominal,0.45,1601,QP+G,39,39.0,39.0,0.24,1.5250349107113903,0.15737344654493587,0.5410312419606554,0.13481457669744534,0.02121623457937357,1.0,0.0,0.0,-0.02512865107662176,-0.025766230785441824,-0.0006375797088200644,5.0,1.0,1.0
Queue-nominal,0.45,1601,QP+G,40,40.0,40.0,0.24,0.5653572072261228,0.15722829212946035,0.5560733265220468,0.13197577298555946,0.020750325388984886,1.0,0.0,0.0,-0.023430311974742705,-0.023675580013142294,-0.00024526803839958894,5.0,1.0,1.0
Queue-nominal,0.45,1601,QP+G,41,41.0,41.0,0.24,0.8016316629431419,0.15692437045345897,0.5572103208057646,0.12925711554877148,0.020283591484120966,1.0,0.0,0.0,-0.02242870047315815,-0.02277838663201992,-0.0003496861588617693,5.0,1.0,1.0
Queue-nominal,0.45,1601,QP+G,42,42.0,42.0,0.24,0.5831256460505193,0.1567054645701836,0.5600395561905828,0.12660531389186544,0.019839744530478695,1.0,0.0,0.0,-0.02147571670590065,-0.021725937378325177,-0.00025022067242452817,5.0,1.0,1.0
Queue-nominal,0.45,1601,QP+G,43,43.0,43.0,0.24,0.8425902850894728,0.15647110258611077,0.5585874979666298,0.12401008670810808,0.01940399499901687,1.0,0.0,0.0,-0.020576225359325198,-0.02091401843207219,-0.0003377930727469919,5.0,1.0,1.0
Queue-nominal,0.45,1601,QP+G,44,44.0,44.0,0.24,0.604320819570383,0.1563635397597066,0.5588353280607132,0.12149990324338936,0.018998154951598217,1.0,0.0,0.0,-0.019680760365925698,-0.01990879684399305,-0.0002280364780673505,5.0,1.0,1.0
Queue-nominal,0.45,1601,QP+G,45,45.0,45.0,0.24,0.8449134706496986,0.1562637016928161,0.5544404231154878,0.11904663638190717,0.01860266807511549,1.0,0.0,0.0,-0.01879337881072517,-0.01908637838699745,-0.00029299957627227854,5.0,1.0,1.0
Queue-nominal,0.45,1601,QP+G,46,46.0,46.0,0.24,0.6354872142603392,0.15630013243302704,0.5512066320700395,0.1166928849322994,0.018239113368910383,1.0,0.0,0.0,-0.01789028793505909,-0.01810291933267183,-0.0002126313976127392,5.0,1.0,1.0
Queue-nominal,0.45,1601,QP+G,47,47.0,47.0,0.24,0.8420769649206931,0.15637031288674916,0.5435904540956596,0.1143988303679488,0.017888580898514295,1.0,0.0,0.0,-0.017031577364082937,-0.01729126638052625,-0.00025968901644331244,5.0,1.0,1.0
Queue-nominal,0.45,1601,QP+G,48,48.0,48.0,0.24,0.6736436361061363,0.15655408378389263,0.5365300748474717,0.1122142641166486,0.01756760130626566,1.0,0.0,0.0,-0.01618390072446305,-0.016379003121740565,-0.00019510239727751552,5.0,1.0,1.0
Queue-nominal,0.45,1601,QP+G,49,49.0,49.0,0.24,0.8215290714739273,0.15678537122615344,0.5255449342677564,0.11009542893076855,0.01726135269521314,1.0,0.0,0.0,-0.015369643344710669,-0.015583515322319608,-0.00021387197760893914,5.0,1.0,1.0
Queue-nominal,0.45,1601,QP+G,50,50.0,50.0,0.24,0.6963559964317176,0.15707949070258778,0.5144266779916294,0.10808858652133824,0.016978500121534405,1.0,0.0,0.0,-0.01455032432525523,-0.014716673451856455,-0.00016634912660122396,5.0,1.0,1.0
Queue-nominal,0.45,1601,QP+G,51,51.0,51.0,0.24,0.7926588558783537,0.157415037998714,0.4999815925560286,0.10615511022022263,0.01671041070907402,1.0,0.0,0.0,-0.013747718558020207,-0.013916190745161483,-0.0001684721871412758,5.0,1.0,1.0
Queue-nominal,0.45,1601,QP+G,52,52.0,52.0,0.24,0.7106921832019909,0.15775285747407075,0.4850234933164634,0.10433168687466511,0.016458621729568423,1.0,0.0,0.0,-0.012938127617833504,-0.013074755133809068,-0.00013662751597556463,5.0,1.0,1.0
Queue-nominal,0.45,1601,QP+G,53,53.0,53.0,0.24,0.7715596503279496,0.15810099965122432,0.4675127898405734,0.10258978146202284,0.016219547003146453,1.0,0.0,0.0,-0.01214059222306298,-0.01227199866775619,-0.00013140644469320992,5.0,1.0,1.0
Queue-nominal,0.45,1601,QP+G,54,54.0,54.0,0.24,0.7276626123304922,0.15838592267576235,0.4495116295270053,0.10095378073633357,0.015989657709530796,1.0,0.0,0.0,-0.0113430296436883,-0.011454448070528533,-0.00011141842684023358,5.0,1.0,1.0
Queue-nominal,0.45,1601,QP+G,55,55.0,55.0,0.24,0.7714279530171414,0.15862179307548668,0.429909357697202,0.09940500129212294,0.01576779954562761,1.0,0.0,0.0,-0.01056010941611786,-0.010665500787499615,-0.00010539137138175503,5.0,1.0,1.0
Queue-nominal,0.45,1601,QP+G,56,56.0,56.0,0.24,0.7625673406272174,0.15872018697940266,0.410282720493232,0.0979561567533995,0.015547619515683245,1.0,0.0,0.0,-0.0097885834463602,-0.009883635284873682,-9.505183851348138e-05,5.0,1.0,1.0
Queue-nominal,0.45,1601,QP+G,57,57.0,57.0,0.24,0.8085033114253053,0.15868174885340855,0.39026899943573234,0.09659494965709765,0.015327855541995212,1.0,0.0,0.0,-0.00904188720366662,-0.009135159963766792,-9.327276010017219e-05,5.0,1.0,1.0
Queue-nominal,0.45,1601,QP+G,58,58.0,58.0,0.24,0.0,0.15841508039116678,0.37121824823332245,0.09532411088231918,0.01510077668863909,0.0,1.0,0.0,-0.008325397443405814,-0.008216641761984445,0.0001087556814213693,5.0,1.0,1.0
Queue-nominal,0.45,1601,QP+G,59,59.0,59.0,0.24,0.0,0.15904564165135893,0.33772960482540537,0.09404234724522284,0.014957025460016373,0.0,1.0,0.0,-0.007935724166706827,-0.007251401660179457,0.0006843225065273698,5.0,1.0,1.0
Queue-nominal,0.45,1601,QP+G,60,60.0,60.0,0.24,0.0,0.15972348639575362,0.3038252214916026,0.0928943501343605,0.014837409469927901,0.0,1.0,0.0,-0.007617577124827786,-0.006323092947016384,0.0012944841778114013,5.0,1.0,1.0
Queue-nominal,0.45,1601,noG,1,1.0,0.0,0.24,0.0,0.0,0.0,0.1918825060735557,0.0,0.0,0.0,0.0,-0.018653629257308065,-0.018675407534854305,-2.177827754623954e-05,3.0,1.0,0.0
Queue-nominal,0.45,1601,noG,2,2.0,0.0,0.24,0.0,0.0,0.0,0.19204702008265373,0.0,0.0,0.0,0.0,-0.01602078690732256,-0.01604576432572813,-2.497741840556955e-05,3.0,1.0,0.0
Queue-nominal,0.45,1601,noG,3,3.0,0.0,0.24,0.0,0.0,0.0,0.1923550920845591,0.0,0.0,0.0,0.0,-0.013571371698506416,-0.013597191187325386,-2.581948881896952e-05,3.0,1.0,0.0
Queue-nominal,0.45,1601,noG,4,4.0,0.0,0.24,0.0,0.0,0.0,0.19280031199831849,0.0,0.0,0.0,0.0,-0.01131481544953239,-0.011343462882924982,-2.8647433392592347e-05,3.0,1.0,0.0
Queue-nominal,0.45,1601,noG,5,5.0,0.0,0.24,0.0,0.0,0.0,0.19337032803441875,0.0,0.0,0.0,0.0,-0.009281166361736481,-0.009313411323975895,-3.2244962239413866e-05,3.0,1.0,0.0
Queue-nominal,0.45,1601,noG,6,6.0,0.0,0.24,0.0,0.0,0.0,0.19404831585802654,0.0,0.0,0.0,0.0,-0.007509005982120341,-0.0075380293771347695,-2.9023395014428702e-05,3.0,1.0,0.0
Queue-nominal,0.45,1601,noG,7,7.0,0.0,0.24,0.0,0.0,0.0,0.19481353721685044,0.0,0.0,0.0,0.0,-0.005998722555800029,-0.006015583533486968,-1.686097768693884e-05,3.0,1.0,0.0
Queue-nominal,0.45,1601,noG,8,8.0,0.0,0.24,0.0,0.0,0.0,0.19564107553374413,0.0,0.0,0.0,0.0,-0.0047161319591726425,-0.00472811235008086,-1.1980390908217231e-05,3.0,1.0,0.0
Queue-nominal,0.45,1601,noG,9,9.0,0.0,0.24,0.0,0.0,0.0,0.1965011284714678,0.0,0.0,0.0,0.0,-0.0037062949788468904,-0.003739504374444369,-3.3209395597478576e-05,3.0,1.0,0.0
Queue-nominal,0.45,1601,noG,10,10.0,0.0,0.24,0.0,0.0,0.0,0.19735847305068824,0.0,0.0,0.0,0.0,-0.0031746884317129793,-0.003240824412241494,-6.613598052851487e-05,3.0,1.0,0.0
Queue-nominal,0.45,1601,noG,11,11.0,0.0,0.24,0.0,0.0,0.0,0.19817282129751423,0.0,0.0,0.0,0.0,-0.0033432256462972982,-0.0034251390568411644,-8.191341054386613e-05,3.0,1.0,0.0
Queue-nominal,0.45,1601,noG,12,12.0,0.0,0.24,0.0,0.0,0.0,0.198900679706267,0.0,0.0,0.0,0.0,-0.0042645677073973,-0.004346492738100061,-8.19250307027607e-05,3.0,1.0,0.0
Queue-nominal,0.45,1601,noG,13,13.0,0.0,0.24,0.0,0.0,0.0,0.19949897441513914,0.0,0.0,0.0,0.0,-0.005607449400024829,-0.005890085086592389,-0.00028263568656756045,3.0,1.0,0.0
Queue-nominal,0.45,1601,noG,14,14.0,0.0,0.24,0.0,0.0,0.0,0.19993014281060456,0.0,0.0,0.0,0.0,-0.007452360136028952,-0.007805776492399108,-0.0003534163563701561,3.0,1.0,0.0
Queue-nominal,0.45,1601,noG,15,15.0,0.0,0.24,0.0,0.0,0.0,0.20016776683686907,0.0,0.0,0.0,0.0,-0.009494066227302585,-0.009769279303669443,-0.00027521307636685713,3.0,1.0,0.0
Queue-nominal,0.45,1601,noG,16,16.0,0.0,0.24,0.0,0.0,0.0,0.2002013744807897,0.0,0.0,0.0,0.0,-0.011396920537334482,-0.011476227980301346,-7.930744296686353e-05,3.0,1.0,0.0
Queue-nominal,0.45,1601,noG,17,17.0,0.0,0.24,0.0,0.0,0.0,0.2000390119266336,0.0,0.0,0.0,0.0,-0.012816843326555192,-0.01275570240630941,6.114092024578181e-05,3.0,1.0,0.0
Queue-nominal,0.45,1601,noG,18,18.0,0.0,0.24,0.0,0.0,0.0,0.1997066998762769,0.0,0.0,0.0,0.0,-0.013631537308373963,-0.013577153005149611,5.438430322435121e-05,3.0,1.0,0.0
Queue-nominal,0.45,1601,noG,19,19.0,0.0,0.24,0.0,0.0,0.0,0.19924479055253652,0.0,0.0,0.0,0.0,-0.013993812818391403,-0.013942002496523997,5.181032186740535e-05,3.0,1.0,0.0
Queue-nominal,0.45,1601,noG,20,20.0,0.0,0.24,0.0,0.0,0.0,0.19870216631932044,0.0,0.0,0.0,0.0,-0.01391368254713754,-0.013870784587683538,4.289795945400243e-05,3.0,1.0,0.0
Queue-nominal,0.45,1601,noG,21,21.0,0.0,0.24,0.0,0.0,0.0,0.19812975910955943,0.0,0.0,0.0,0.0,-0.013466063013467531,-0.013437132044242794,2.8930969224736855e-05,3.0,1.0,0.0
Queue-nominal,0.45,1601,noG,22,22.0,0.0,0.24,0.0,0.0,0.0,0.1975748146345479,0.0,0.0,0.0,0.0,-0.01275985071857555,-0.01274504226277795,1.4808455797599152e-05,3.0,1.0,0.0
Queue-nominal,0.45,1601,noG,23,23.0,0.0,0.24,0.0,0.0,0.0,0.1970767771379511,0.0,0.0,0.0,0.0,-0.011897263354025966,-0.011894905593255345,2.357760770621553e-06,3.0,1.0,0.0
Queue-nominal,0.45,1601,noG,24,24.0,0.0,0.24,0.0,0.0,0.0,0.1966649439104712,0.0,0.0,0.0,0.0,-0.010962266913194796,-0.010971526007033994,-9.259093839197874e-06,3.0,1.0,0.0
Queue-nominal,0.45,1601,noG,25,25.0,0.0,0.24,0.0,0.0,0.0,0.19635746003952742,0.0,0.0,0.0,0.0,-0.010028043341905322,-0.01004841062729911,-2.036728539378703e-05,3.0,1.0,0.0
Queue-nominal,0.45,1601,noG,26,26.0,0.0,0.24,0.0,0.0,0.0,0.19616097295080673,0.0,0.0,0.0,0.0,-0.009161571896729725,-0.009191101624938636,-2.95297282089102e-05,3.0,1.0,0.0
Queue-nominal,0.45,1601,noG,27,27.0,0.0,0.24,0.0,0.0,0.0,0.19607034520256275,0.0,0.0,0.0,0.0,-0.008417981324568835,-0.00845295270154267,-3.497137697383579e-05,3.0,1.0,0.0
Queue-nominal,0.45,1601,noG,28,28.0,0.0,0.24,0.0,0.0,0.0,0.1960681224667532,0.0,0.0,0.0,0.0,-0.007834748661403877,-0.007873408531586357,-3.865987018247981e-05,3.0,1.0,0.0
Queue-nominal,0.45,1601,noG,29,29.0,0.0,0.24,0.0,0.0,0.0,0.1961238361294311,0.0,0.0,0.0,0.0,-0.007453027148196512,-0.007502314889572315,-4.928774137580305e-05,3.0,1.0,0.0
Queue-nominal,0.45,1601,noG,30,30.0,0.0,0.24,0.0,0.0,0.0,0.19619357698448295,0.0,0.0,0.0,0.0,-0.0073798156582904895,-0.0074546217096949086,-7.48060514044191e-05,3.0,1.0,0.0
Queue-nominal,0.45,1601,noG,31,31.0,0.0,0.24,0.0,0.0,0.0,0.19622052782430918,0.0,0.0,0.0,0.0,-0.007829117502256011,-0.007936871562394643,-0.00010775406013863176,3.0,1.0,0.0
Queue-nominal,0.45,1601,noG,32,32.0,0.0,0.24,0.0,0.0,0.0,0.1961372143104172,0.0,0.0,0.0,0.0,-0.008923213516827285,-0.00918090426988094,-0.00025769075305365555,3.0,1.0,0.0
Queue-nominal,0.45,1601,noG,33,33.0,0.0,0.24,0.0,0.0,0.0,0.19587004583764517,0.0,0.0,0.0,0.0,-0.010627928442363984,-0.011318701077984272,-0.0006907726356202883,3.0,1.0,0.0
Queue-nominal,0.45,1601,noG,34,34.0,0.0,0.24,0.0,0.0,0.0,0.1953462179116903,0.0,0.0,0.0,0.0,-0.013226763695313334,-0.014269681949834023,-0.0010429182545206896,3.0,1.0,0.0
Queue-nominal,0.45,1601,noG,35,35.0,0.0,0.24,0.0,0.0,0.0,0.1945022838222083,0.0,0.0,0.0,0.0,-0.016504077462238417,-0.01773455190082318,-0.0012304744385847645,3.0,1.0,0.0
Queue-nominal,0.45,1601,noG,36,36.0,0.0,0.24,0.0,0.0,0.0,0.1932928966818209,0.0,0.0,0.0,0.0,-0.020081304969708107,-0.021337487257548915,-0.0012561822878408083,3.0,1.0,0.0
Queue-nominal,0.45,1601,noG,37,37.0,0.0,0.24,0.0,0.0,0.0,0.19169773923500152,0.0,0.0,0.0,0.0,-0.023593364080845166,-0.02476574629103867,-0.0011723822101935046,3.0,1.0,0.0
Queue-nominal,0.45,1601,noG,38,38.0,0.0,0.24,0.0,0.0,0.0,0.1897248358007183,0.0,0.0,0.0,0.0,-0.026786585099520973,-0.02778635051982281,-0.0009997654203018382,3.0,1.0,0.0
Queue-nominal,0.45,1601,noG,39,39.0,0.0,0.24,0.0,0.0,0.0,0.18740934192572534,0.0,0.0,0.0,0.0,-0.02941065823045779,-0.030077344937239125,-0.0006666867067813345,3.0,1.0,0.0
Queue-nominal,0.45,1601,noG,40,40.0,0.0,0.24,0.0,0.0,0.0,0.1848082022211942,0.0,0.0,0.0,0.0,-0.03112404225338111,-0.0313609222819311,-0.00023688002854999404,3.0,1.0,0.0
Queue-nominal,0.45,1601,noG,41,41.0,0.0,0.24,0.0,0.0,0.0,0.18199218467398318,0.0,0.0,0.0,0.0,-0.0317592826655666,-0.03168574141646552,7.35412491010834e-05,3.0,1.0,0.0
Queue-nominal,0.45,1601,noG,42,42.0,0.0,0.24,0.0,0.0,0.0,0.17903727572149264,0.0,0.0,0.0,0.0,-0.031390160557585034,-0.03134871214395041,4.1448413634626036e-05,3.0,1.0,0.0
Queue-nominal,0.45,1601,noG,43,43.0,0.0,0.24,0.0,0.0,0.0,0.1760171627797327,0.0,0.0,0.0,0.0,-0.03059050138533248,-0.03055143506989655,3.906631543593164e-05,3.0,1.0,0.0
Queue-nominal,0.45,1601,noG,44,44.0,0.0,0.24,0.0,0.0,0.0,0.17299780961278968,0.0,0.0,0.0,0.0,-0.029406948811967478,-0.029368321291351585,3.862752061589356e-05,3.0,1.0,0.0
Queue-nominal,0.45,1601,noG,45,45.0,0.0,0.24,0.0,0.0,0.0,0.17003434358806477,0.0,0.0,0.0,0.0,-0.02790905681991251,-0.027883969353371896,2.5087466540615194e-05,3.0,1.0,0.0
Queue-nominal,0.45,1601,noG,46,46.0,0.0,0.24,0.0,0.0,0.0,0.16716991155181388,0.0,0.0,0.0,0.0,-0.026239544960047212,-0.026222829757690747,1.6715202356465397e-05,3.0,1.0,0.0
Queue-nominal,0.45,1601,noG,47,47.0,0.0,0.24,0.0,0.0,0.0,0.16443591101121743,0.0,0.0,0.0,0.0,-0.024483366818977004,-0.02447050838932574,1.2858429651263492e-05,3.0,1.0,0.0
Queue-nominal,0.45,1601,noG,48,48.0,0.0,0.24,0.0,0.0,0.0,0.16185300246197626,0.0,0.0,0.0,0.0,-0.02269175178625904,-0.022670358443286354,2.139334297268647e-05,3.0,1.0,0.0
Queue-nominal,0.45,1601,noG,49,49.0,0.0,0.24,0.0,0.0,0.0,0.15943244051757757,0.0,0.0,0.0,0.0,-0.020803854949900114,-0.020763769149154676,4.008580074543744e-05,3.0,1.0,0.0
Queue-nominal,0.45,1601,noG,50,50.0,0.0,0.24,0.0,0.0,0.0,0.15717742723329214,0.0,0.0,0.0,0.0,-0.018810164627072187,-0.018841838541018507,-3.1673913946320825e-05,3.0,1.0,0.0
Queue-nominal,0.45,1601,noG,51,51.0,0.0,0.24,0.0,0.0,0.0,0.15508433473758565,0.0,0.0,0.0,0.0,-0.017156218325893313,-0.01718418080107842,-2.7962475185105973e-05,3.0,1.0,0.0
Queue-nominal,0.45,1601,noG,52,52.0,0.0,0.24,0.0,0.0,0.0,0.15314374696884958,0.0,0.0,0.0,0.0,-0.015775853813555507,-0.015798215955692196,-2.23621421366893e-05,3.0,1.0,0.0
Queue-nominal,0.45,1601,noG,53,53.0,0.0,0.24,0.0,0.0,0.0,0.15134133400242702,0.0,0.0,0.0,0.0,-0.014648906366439007,-0.014672276225425218,-2.33698589862108e-05,3.0,1.0,0.0
Queue-nominal,0.45,1601,noG,54,54.0,0.0,0.24,0.0,0.0,0.0,0.1496586067636774,0.0,0.0,0.0,0.0,-0.013784657774151832,-0.013802212528459368,-1.7554754307536058e-05,3.0,1.0,0.0
Queue-nominal,0.45,1601,noG,55,55.0,0.0,0.24,0.0,0.0,0.0,0.14807361447324388,0.0,0.0,0.0,0.0,-0.013143582499588469,-0.013153766103412234,-1.0183603823765708e-05,3.0,1.0,0.0
Queue-nominal,0.45,1601,noG,56,56.0,0.0,0.24,0.0,0.0,0.0,0.14656164876047215,0.0,0.0,0.0,0.0,-0.012678503964282937,-0.01267979394367158,-1.2899793886429062e-06,3.0,1.0,0.0
Queue-nominal,0.45,1601,noG,57,57.0,0.0,0.24,0.0,0.0,0.0,0.14509601082982646,0.0,0.0,0.0,0.0,-0.012331303150645567,-0.012326643131542525,4.660019103042146e-06,3.0,1.0,0.0
Queue-nominal,0.45,1601,noG,58,58.0,0.0,0.24,0.0,0.0,0.0,0.14364888309440632,0.0,0.0,0.0,0.0,-0.012072358763999258,-0.012077221320800025,-4.8625568007665265e-06,3.0,1.0,0.0
Queue-nominal,0.45,1601,noG,59,59.0,0.0,0.24,0.0,0.0,0.0,0.14219232504495602,0.0,0.0,0.0,0.0,-0.01196886942335329,-0.01198735226234482,-1.848283899152925e-05,3.0,1.0,0.0
Queue-nominal,0.45,1601,noG,60,60.0,0.0,0.24,0.0,0.0,0.0,0.14069938566753912,0.0,0.0,0.0,0.0,-0.012015951228046159,-0.012104097274811876,-8.814604676571705e-05,3.0,1.0,0.0
Queue-nominal,0.45,1601,Minimax-PPO,1,1.0,0.0,0.16,0.0,,,,,,,,,,,,1.0,0.0
Queue-nominal,0.45,1601,Minimax-PPO,2,2.0,0.0,0.16,0.0,,,,,,,,,,,,1.0,0.0
Queue-nominal,0.45,1601,Minimax-PPO,3,3.0,0.0,0.16,0.0,,,,,,,,,,,,1.0,0.0
Queue-nominal,0.45,1601,Minimax-PPO,4,4.0,0.0,0.16,0.0,,,,,,,,,,,,1.0,0.0
Queue-nominal,0.45,1601,Minimax-PPO,5,5.0,0.0,0.16,0.0,,,,,,,,,,,,1.0,0.0
Queue-nominal,0.45,1601,Minimax-PPO,6,6.0,0.0,0.16,0.0,,,,,,,,,,,,1.0,0.0
Queue-nominal,0.45,1601,Minimax-PPO,7,7.0,0.0,0.16,0.0,,,,,,,,,,,,1.0,0.0
Queue-nominal,0.45,1601,Minimax-PPO,8,8.0,0.0,0.16,0.0,,,,,,,,,,,,1.0,0.0
Queue-nominal,0.45,1601,Minimax-PPO,9,9.0,0.0,0.16,0.0,,,,,,,,,,,,1.0,0.0
Queue-nominal,0.45,1601,Minimax-PPO,10,10.0,0.0,0.16,0.0,,,,,,,,,,,,1.0,0.0
Queue-nominal,0.45,1601,Minimax-PPO,11,11.0,0.0,0.16,0.0,,,,,,,,,,,,1.0,0.0
Queue-nominal,0.45,1601,Minimax-PPO,12,12.0,0.0,0.16,0.0,,,,,,,,,,,,1.0,0.0
Queue-nominal,0.45,1601,Minimax-PPO,13,13.0,0.0,0.16,0.0,,,,,,,,,,,,1.0,0.0
Queue-nominal,0.45,1601,Minimax-PPO,14,14.0,0.0,0.16,0.0,,,,,,,,,,,,1.0,0.0
Queue-nominal,0.45,1601,Minimax-PPO,15,15.0,0.0,0.16,0.0,,,,,,,,,,,,1.0,0.0
Queue-nominal,0.45,1601,Minimax-PPO,16,16.0,0.0,0.16,0.0,,,,,,,,,,,,1.0,0.0
Queue-nominal,0.45,1601,Minimax-PPO,17,17.0,0.0,0.16,0.0,,,,,,,,,,,,1.0,0.0
Queue-nominal,0.45,1601,Minimax-PPO,18,18.0,0.0,0.16,0.0,,,,,,,,,,,,1.0,0.0
Queue-nominal,0.45,1601,Minimax-PPO,19,19.0,0.0,0.16,0.0,,,,,,,,,,,,1.0,0.0
Queue-nominal,0.45,1601,Minimax-PPO,20,20.0,0.0,0.16,0.0,,,,,,,,,,,,1.0,0.0
Queue-nominal,0.45,1601,Minimax-PPO,21,21.0,0.0,0.16,0.0,,,,,,,,,,,,1.0,0.0
Queue-nominal,0.45,1601,Minimax-PPO,22,22.0,0.0,0.16,0.0,,,,,,,,,,,,1.0,0.0
Queue-nominal,0.45,1601,Minimax-PPO,23,23.0,0.0,0.16,0.0,,,,,,,,,,,,1.0,0.0
Queue-nominal,0.45,1601,Minimax-PPO,24,24.0,0.0,0.16,0.0,,,,,,,,,,,,1.0,0.0
Queue-nominal,0.45,1601,Minimax-PPO,25,25.0,0.0,0.16,0.0,,,,,,,,,,,,1.0,0.0
Queue-nominal,0.45,1601,Minimax-PPO,26,26.0,0.0,0.16,0.0,,,,,,,,,,,,1.0,0.0
Queue-nominal,0.45,1601,Minimax-PPO,27,27.0,0.0,0.16,0.0,,,,,,,,,,,,1.0,0.0
Queue-nominal,0.45,1601,Minimax-PPO,28,28.0,0.0,0.16,0.0,,,,,,,,,,,,1.0,0.0
Queue-nominal,0.45,1601,Minimax-PPO,29,29.0,0.0,0.16,0.0,,,,,,,,,,,,1.0,0.0
Queue-nominal,0.45,1601,Minimax-PPO,30,30.0,0.0,0.16,0.0,,,,,,,,,,,,1.0,0.0
Queue-nominal,0.45,1601,Minimax-PPO,31,31.0,0.0,0.16,0.0,,,,,,,,,,,,1.0,0.0
Queue-nominal,0.45,1601,Minimax-PPO,32,32.0,0.0,0.16,0.0,,,,,,,,,,,,1.0,0.0
Queue-nominal,0.45,1601,Minimax-PPO,33,33.0,0.0,0.16,0.0,,,,,,,,,,,,1.0,0.0
Queue-nominal,0.45,1601,Minimax-PPO,34,34.0,0.0,0.16,0.0,,,,,,,,,,,,1.0,0.0
Queue-nominal,0.45,1601,Minimax-PPO,35,35.0,0.0,0.16,0.0,,,,,,,,,,,,1.0,0.0
Queue-nominal,0.45,1601,Minimax-PPO,36,36.0,0.0,0.16,0.0,,,,,,,,,,,,1.0,0.0
Queue-nominal,0.45,1601,Minimax-PPO,37,37.0,0.0,0.16,0.0,,,,,,,,,,,,1.0,0.0
Queue-nominal,0.45,1601,Minimax-PPO,38,38.0,0.0,0.16,0.0,,,,,,,,,,,,1.0,0.0
Queue-nominal,0.45,1601,Minimax-PPO,39,39.0,0.0,0.16,0.0,,,,,,,,,,,,1.0,0.0
Queue-nominal,0.45,1601,Minimax-PPO,40,40.0,0.0,0.16,0.0,,,,,,,,,,,,1.0,0.0
Queue-nominal,0.45,1601,Minimax-PPO,41,41.0,0.0,0.16,0.0,,,,,,,,,,,,1.0,0.0
Queue-nominal,0.45,1601,Minimax-PPO,42,42.0,0.0,0.16,0.0,,,,,,,,,,,,1.0,0.0
Queue-nominal,0.45,1601,Minimax-PPO,43,43.0,0.0,0.16,0.0,,,,,,,,,,,,1.0,0.0
Queue-nominal,0.45,1601,Minimax-PPO,44,44.0,0.0,0.16,0.0,,,,,,,,,,,,1.0,0.0
Queue-nominal,0.45,1601,Minimax-PPO,45,45.0,0.0,0.16,0.0,,,,,,,,,,,,1.0,0.0
Queue-nominal,0.45,1601,Minimax-PPO,46,46.0,0.0,0.16,0.0,,,,,,,,,,,,1.0,0.0
Queue-nominal,0.45,1601,Minimax-PPO,47,47.0,0.0,0.16,0.0,,,,,,,,,,,,1.0,0.0
Queue-nominal,0.45,1601,Minimax-PPO,48,48.0,0.0,0.16,0.0,,,,,,,,,,,,1.0,0.0
Queue-nominal,0.45,1601,Minimax-PPO,49,49.0,0.0,0.16,0.0,,,,,,,,,,,,1.0,0.0
Queue-nominal,0.45,1601,Minimax-PPO,50,50.0,0.0,0.16,0.0,,,,,,,,,,,,1.0,0.0
Queue-nominal,0.45,1601,Minimax-PPO,51,51.0,0.0,0.16,0.0,,,,,,,,,,,,1.0,0.0
Queue-nominal,0.45,1601,Minimax-PPO,52,52.0,0.0,0.16,0.0,,,,,,,,,,,,1.0,0.0
Queue-nominal,0.45,1601,Minimax-PPO,53,53.0,0.0,0.16,0.0,,,,,,,,,,,,1.0,0.0
Queue-nominal,0.45,1601,Minimax-PPO,54,54.0,0.0,0.16,0.0,,,,,,,,,,,,1.0,0.0
Queue-nominal,0.45,1601,Minimax-PPO,55,55.0,0.0,0.16,0.0,,,,,,,,,,,,1.0,0.0
Queue-nominal,0.45,1601,Minimax-PPO,56,56.0,0.0,0.16,0.0,,,,,,,,,,,,1.0,0.0
Queue-nominal,0.45,1601,Minimax-PPO,57,57.0,0.0,0.16,0.0,,,,,,,,,,,,1.0,0.0
Queue-nominal,0.45,1601,Minimax-PPO,58,58.0,0.0,0.16,0.0,,,,,,,,,,,,1.0,0.0
Queue-nominal,0.45,1601,Minimax-PPO,59,59.0,0.0,0.16,0.0,,,,,,,,,,,,1.0,0.0
Queue-nominal,0.45,1601,Minimax-PPO,60,60.0,0.0,0.16,0.0,,,,,,,,,,,,1.0,0.0
Queue-nominal,0.45,1601,GDA,1,1.0,0.0,0.16,0.0,,,,,,,,,,,,1.0,0.0
Queue-nominal,0.45,1601,GDA,2,2.0,0.0,0.16,0.0,,,,,,,,,,,,1.0,0.0
Queue-nominal,0.45,1601,GDA,3,3.0,0.0,0.16,0.0,,,,,,,,,,,,1.0,0.0
Queue-nominal,0.45,1601,GDA,4,4.0,0.0,0.16,0.0,,,,,,,,,,,,1.0,0.0
Queue-nominal,0.45,1601,GDA,5,5.0,0.0,0.16,0.0,,,,,,,,,,,,1.0,0.0
Queue-nominal,0.45,1601,GDA,6,6.0,0.0,0.16,0.0,,,,,,,,,,,,1.0,0.0
Queue-nominal,0.45,1601,GDA,7,7.0,0.0,0.16,0.0,,,,,,,,,,,,1.0,0.0
Queue-nominal,0.45,1601,GDA,8,8.0,0.0,0.16,0.0,,,,,,,,,,,,1.0,0.0
Queue-nominal,0.45,1601,GDA,9,9.0,0.0,0.16,0.0,,,,,,,,,,,,1.0,0.0
Queue-nominal,0.45,1601,GDA,10,10.0,0.0,0.16,0.0,,,,,,,,,,,,1.0,0.0
Queue-nominal,0.45,1601,GDA,11,11.0,0.0,0.16,0.0,,,,,,,,,,,,1.0,0.0
Queue-nominal,0.45,1601,GDA,12,12.0,0.0,0.16,0.0,,,,,,,,,,,,1.0,0.0
Queue-nominal,0.45,1601,GDA,13,13.0,0.0,0.16,0.0,,,,,,,,,,,,1.0,0.0
Queue-nominal,0.45,1601,GDA,14,14.0,0.0,0.16,0.0,,,,,,,,,,,,1.0,0.0
Queue-nominal,0.45,1601,GDA,15,15.0,0.0,0.16,0.0,,,,,,,,,,,,1.0,0.0
Queue-nominal,0.45,1601,GDA,16,16.0,0.0,0.16,0.0,,,,,,,,,,,,1.0,0.0
Queue-nominal,0.45,1601,GDA,17,17.0,0.0,0.16,0.0,,,,,,,,,,,,1.0,0.0
Queue-nominal,0.45,1601,GDA,18,18.0,0.0,0.16,0.0,,,,,,,,,,,,1.0,0.0
Queue-nominal,0.45,1601,GDA,19,19.0,0.0,0.16,0.0,,,,,,,,,,,,1.0,0.0
Queue-nominal,0.45,1601,GDA,20,20.0,0.0,0.16,0.0,,,,,,,,,,,,1.0,0.0
Queue-nominal,0.45,1601,GDA,21,21.0,0.0,0.16,0.0,,,,,,,,,,,,1.0,0.0
Queue-nominal,0.45,1601,GDA,22,22.0,0.0,0.16,0.0,,,,,,,,,,,,1.0,0.0
Queue-nominal,0.45,1601,GDA,23,23.0,0.0,0.16,0.0,,,,,,,,,,,,1.0,0.0
Queue-nominal,0.45,1601,GDA,24,24.0,0.0,0.16,0.0,,,,,,,,,,,,1.0,0.0
Queue-nominal,0.45,1601,GDA,25,25.0,0.0,0.16,0.0,,,,,,,,,,,,1.0,0.0
Queue-nominal,0.45,1601,GDA,26,26.0,0.0,0.16,0.0,,,,,,,,,,,,1.0,0.0
Queue-nominal,0.45,1601,GDA,27,27.0,0.0,0.16,0.0,,,,,,,,,,,,1.0,0.0
Queue-nominal,0.45,1601,GDA,28,28.0,0.0,0.16,0.0,,,,,,,,,,,,1.0,0.0
Queue-nominal,0.45,1601,GDA,29,29.0,0.0,0.16,0.0,,,,,,,,,,,,1.0,0.0
Queue-nominal,0.45,1601,GDA,30,30.0,0.0,0.16,0.0,,,,,,,,,,,,1.0,0.0
Queue-nominal,0.45,1601,GDA,31,31.0,0.0,0.16,0.0,,,,,,,,,,,,1.0,0.0
Queue-nominal,0.45,1601,GDA,32,32.0,0.0,0.16,0.0,,,,,,,,,,,,1.0,0.0
Queue-nominal,0.45,1601,GDA,33,33.0,0.0,0.16,0.0,,,,,,,,,,,,1.0,0.0
Queue-nominal,0.45,1601,GDA,34,34.0,0.0,0.16,0.0,,,,,,,,,,,,1.0,0.0
Queue-nominal,0.45,1601,GDA,35,35.0,0.0,0.16,0.0,,,,,,,,,,,,1.0,0.0
Queue-nominal,0.45,1601,GDA,36,36.0,0.0,0.16,0.0,,,,,,,,,,,,1.0,0.0
Queue-nominal,0.45,1601,GDA,37,37.0,0.0,0.16,0.0,,,,,,,,,,,,1.0,0.0
Queue-nominal,0.45,1601,GDA,38,38.0,0.0,0.16,0.0,,,,,,,,,,,,1.0,0.0
Queue-nominal,0.45,1601,GDA,39,39.0,0.0,0.16,0.0,,,,,,,,,,,,1.0,0.0
Queue-nominal,0.45,1601,GDA,40,40.0,0.0,0.16,0.0,,,,,,,,,,,,1.0,0.0
Queue-nominal,0.45,1601,GDA,41,41.0,0.0,0.16,0.0,,,,,,,,,,,,1.0,0.0
Queue-nominal,0.45,1601,GDA,42,42.0,0.0,0.16,0.0,,,,,,,,,,,,1.0,0.0
Queue-nominal,0.45,1601,GDA,43,43.0,0.0,0.16,0.0,,,,,,,,,,,,1.0,0.0
Queue-nominal,0.45,1601,GDA,44,44.0,0.0,0.16,0.0,,,,,,,,,,,,1.0,0.0
Queue-nominal,0.45,1601,GDA,45,45.0,0.0,0.16,0.0,,,,,,,,,,,,1.0,0.0
Queue-nominal,0.45,1601,GDA,46,46.0,0.0,0.16,0.0,,,,,,,,,,,,1.0,0.0
Queue-nominal,0.45,1601,GDA,47,47.0,0.0,0.16,0.0,,,,,,,,,,,,1.0,0.0
Queue-nominal,0.45,1601,GDA,48,48.0,0.0,0.16,0.0,,,,,,,,,,,,1.0,0.0
Queue-nominal,0.45,1601,GDA,49,49.0,0.0,0.16,0.0,,,,,,,,,,,,1.0,0.0
Queue-nominal,0.45,1601,GDA,50,50.0,0.0,0.16,0.0,,,,,,,,,,,,1.0,0.0
Queue-nominal,0.45,1601,GDA,51,51.0,0.0,0.16,0.0,,,,,,,,,,,,1.0,0.0
Queue-nominal,0.45,1601,GDA,52,52.0,0.0,0.16,0.0,,,,,,,,,,,,1.0,0.0
Queue-nominal,0.45,1601,GDA,53,53.0,0.0,0.16,0.0,,,,,,,,,,,,1.0,0.0
Queue-nominal,0.45,1601,GDA,54,54.0,0.0,0.16,0.0,,,,,,,,,,,,1.0,0.0
Queue-nominal,0.45,1601,GDA,55,55.0,0.0,0.16,0.0,,,,,,,,,,,,1.0,0.0
Queue-nominal,0.45,1601,GDA,56,56.0,0.0,0.16,0.0,,,,,,,,,,,,1.0,0.0
Queue-nominal,0.45,1601,GDA,57,57.0,0.0,0.16,0.0,,,,,,,,,,,,1.0,0.0
Queue-nominal,0.45,1601,GDA,58,58.0,0.0,0.16,0.0,,,,,,,,,,,,1.0,0.0
Queue-nominal,0.45,1601,GDA,59,59.0,0.0,0.16,0.0,,,,,,,,,,,,1.0,0.0
Queue-nominal,0.45,1601,GDA,60,60.0,0.0,0.16,0.0,,,,,,,,,,,,1.0,0.0
Queue-nominal,0.45,1601,EGM,1,1.0,0.0,0.16,0.0,,,,,,,,,,,,1.0,0.0
Queue-nominal,0.45,1601,EGM,2,2.0,0.0,0.16,0.0,,,,,,,,,,,,1.0,0.0
Queue-nominal,0.45,1601,EGM,3,3.0,0.0,0.16,0.0,,,,,,,,,,,,1.0,0.0
Queue-nominal,0.45,1601,EGM,4,4.0,0.0,0.16,0.0,,,,,,,,,,,,1.0,0.0
Queue-nominal,0.45,1601,EGM,5,5.0,0.0,0.16,0.0,,,,,,,,,,,,1.0,0.0
Queue-nominal,0.45,1601,EGM,6,6.0,0.0,0.16,0.0,,,,,,,,,,,,1.0,0.0
Queue-nominal,0.45,1601,EGM,7,7.0,0.0,0.16,0.0,,,,,,,,,,,,1.0,0.0
Queue-nominal,0.45,1601,EGM,8,8.0,0.0,0.16,0.0,,,,,,,,,,,,1.0,0.0
Queue-nominal,0.45,1601,EGM,9,9.0,0.0,0.16,0.0,,,,,,,,,,,,1.0,0.0
Queue-nominal,0.45,1601,EGM,10,10.0,0.0,0.16,0.0,,,,,,,,,,,,1.0,0.0
Queue-nominal,0.45,1601,EGM,11,11.0,0.0,0.16,0.0,,,,,,,,,,,,1.0,0.0
Queue-nominal,0.45,1601,EGM,12,12.0,0.0,0.16,0.0,,,,,,,,,,,,1.0,0.0
Queue-nominal,0.45,1601,EGM,13,13.0,0.0,0.16,0.0,,,,,,,,,,,,1.0,0.0
Queue-nominal,0.45,1601,EGM,14,14.0,0.0,0.16,0.0,,,,,,,,,,,,1.0,0.0
Queue-nominal,0.45,1601,EGM,15,15.0,0.0,0.16,0.0,,,,,,,,,,,,1.0,0.0
Queue-nominal,0.45,1601,EGM,16,16.0,0.0,0.16,0.0,,,,,,,,,,,,1.0,0.0
Queue-nominal,0.45,1601,EGM,17,17.0,0.0,0.16,0.0,,,,,,,,,,,,1.0,0.0
Queue-nominal,0.45,1601,EGM,18,18.0,0.0,0.16,0.0,,,,,,,,,,,,1.0,0.0
Queue-nominal,0.45,1601,EGM,19,19.0,0.0,0.16,0.0,,,,,,,,,,,,1.0,0.0
Queue-nominal,0.45,1601,EGM,20,20.0,0.0,0.16,0.0,,,,,,,,,,,,1.0,0.0
Queue-nominal,0.45,1601,EGM,21,21.0,0.0,0.16,0.0,,,,,,,,,,,,1.0,0.0
Queue-nominal,0.45,1601,EGM,22,22.0,0.0,0.16,0.0,,,,,,,,,,,,1.0,0.0
Queue-nominal,0.45,1601,EGM,23,23.0,0.0,0.16,0.0,,,,,,,,,,,,1.0,0.0
Queue-nominal,0.45,1601,EGM,24,24.0,0.0,0.16,0.0,,,,,,,,,,,,1.0,0.0
Queue-nominal,0.45,1601,EGM,25,25.0,0.0,0.16,0.0,,,,,,,,,,,,1.0,0.0
Queue-nominal,0.45,1601,EGM,26,26.0,0.0,0.16,0.0,,,,,,,,,,,,1.0,0.0
Queue-nominal,0.45,1601,EGM,27,27.0,0.0,0.16,0.0,,,,,,,,,,,,1.0,0.0
Queue-nominal,0.45,1601,EGM,28,28.0,0.0,0.16,0.0,,,,,,,,,,,,1.0,0.0
Queue-nominal,0.45,1601,EGM,29,29.0,0.0,0.16,0.0,,,,,,,,,,,,1.0,0.0
Queue-nominal,0.45,1601,EGM,30,30.0,0.0,0.16,0.0,,,,,,,,,,,,1.0,0.0
Queue-nominal,0.45,1601,EGM,31,31.0,0.0,0.16,0.0,,,,,,,,,,,,1.0,0.0
Queue-nominal,0.45,1601,EGM,32,32.0,0.0,0.16,0.0,,,,,,,,,,,,1.0,0.0
Queue-nominal,0.45,1601,EGM,33,33.0,0.0,0.16,0.0,,,,,,,,,,,,1.0,0.0
Queue-nominal,0.45,1601,EGM,34,34.0,0.0,0.16,0.0,,,,,,,,,,,,1.0,0.0
Queue-nominal,0.45,1601,EGM,35,35.0,0.0,0.16,0.0,,,,,,,,,,,,1.0,0.0
Queue-nominal,0.45,1601,EGM,36,36.0,0.0,0.16,0.0,,,,,,,,,,,,1.0,0.0
Queue-nominal,0.45,1601,EGM,37,37.0,0.0,0.16,0.0,,,,,,,,,,,,1.0,0.0
Queue-nominal,0.45,1601,EGM,38,38.0,0.0,0.16,0.0,,,,,,,,,,,,1.0,0.0
Queue-nominal,0.45,1601,EGM,39,39.0,0.0,0.16,0.0,,,,,,,,,,,,1.0,0.0
Queue-nominal,0.45,1601,EGM,40,40.0,0.0,0.16,0.0,,,,,,,,,,,,1.0,0.0
Queue-nominal,0.45,1601,EGM,41,41.0,0.0,0.16,0.0,,,,,,,,,,,,1.0,0.0
Queue-nominal,0.45,1601,EGM,42,42.0,0.0,0.16,0.0,,,,,,,,,,,,1.0,0.0
Queue-nominal,0.45,1601,EGM,43,43.0,0.0,0.16,0.0,,,,,,,,,,,,1.0,0.0
Queue-nominal,0.45,1601,EGM,44,44.0,0.0,0.16,0.0,,,,,,,,,,,,1.0,0.0
Queue-nominal,0.45,1601,EGM,45,45.0,0.0,0.16,0.0,,,,,,,,,,,,1.0,0.0
Queue-nominal,0.45,1601,EGM,46,46.0,0.0,0.16,0.0,,,,,,,,,,,,1.0,0.0
Queue-nominal,0.45,1601,EGM,47,47.0,0.0,0.16,0.0,,,,,,,,,,,,1.0,0.0
Queue-nominal,0.45,1601,EGM,48,48.0,0.0,0.16,0.0,,,,,,,,,,,,1.0,0.0
Queue-nominal,0.45,1601,EGM,49,49.0,0.0,0.16,0.0,,,,,,,,,,,,1.0,0.0
Queue-nominal,0.45,1601,EGM,50,50.0,0.0,0.16,0.0,,,,,,,,,,,,1.0,0.0
Queue-nominal,0.45,1601,EGM,51,51.0,0.0,0.16,0.0,,,,,,,,,,,,1.0,0.0
Queue-nominal,0.45,1601,EGM,52,52.0,0.0,0.16,0.0,,,,,,,,,,,,1.0,0.0
Queue-nominal,0.45,1601,EGM,53,53.0,0.0,0.16,0.0,,,,,,,,,,,,1.0,0.0
Queue-nominal,0.45,1601,EGM,54,54.0,0.0,0.16,0.0,,,,,,,,,,,,1.0,0.0
Queue-nominal,0.45,1601,EGM,55,55.0,0.0,0.16,0.0,,,,,,,,,,,,1.0,0.0
Queue-nominal,0.45,1601,EGM,56,56.0,0.0,0.16,0.0,,,,,,,,,,,,1.0,0.0
Queue-nominal,0.45,1601,EGM,57,57.0,0.0,0.16,0.0,,,,,,,,,,,,1.0,0.0
Queue-nominal,0.45,1601,EGM,58,58.0,0.0,0.16,0.0,,,,,,,,,,,,1.0,0.0
Queue-nominal,0.45,1601,EGM,59,59.0,0.0,0.16,0.0,,,,,,,,,,,,1.0,0.0
Queue-nominal,0.45,1601,EGM,60,60.0,0.0,0.16,0.0,,,,,,,,,,,,1.0,0.0
Queue-nominal,0.45,1601,PPM-3,1,3.0,0.0,0.16,0.0,,,,,,,,,,,,3.0,0.0
Queue-nominal,0.45,1601,PPM-3,2,6.0,0.0,0.16,0.0,,,,,,,,,,,,3.0,0.0
Queue-nominal,0.45,1601,PPM-3,3,9.0,0.0,0.16,0.0,,,,,,,,,,,,3.0,0.0
Queue-nominal,0.45,1601,PPM-3,4,12.0,0.0,0.16,0.0,,,,,,,,,,,,3.0,0.0
Queue-nominal,0.45,1601,PPM-3,5,15.0,0.0,0.16,0.0,,,,,,,,,,,,3.0,0.0
Queue-nominal,0.45,1601,PPM-3,6,18.0,0.0,0.16,0.0,,,,,,,,,,,,3.0,0.0
Queue-nominal,0.45,1601,PPM-3,7,21.0,0.0,0.16,0.0,,,,,,,,,,,,3.0,0.0
Queue-nominal,0.45,1601,PPM-3,8,24.0,0.0,0.16,0.0,,,,,,,,,,,,3.0,0.0
Queue-nominal,0.45,1601,PPM-3,9,27.0,0.0,0.16,0.0,,,,,,,,,,,,3.0,0.0
Queue-nominal,0.45,1601,PPM-3,10,30.0,0.0,0.16,0.0,,,,,,,,,,,,3.0,0.0
Queue-nominal,0.45,1601,PPM-3,11,33.0,0.0,0.16,0.0,,,,,,,,,,,,3.0,0.0
Queue-nominal,0.45,1601,PPM-3,12,36.0,0.0,0.16,0.0,,,,,,,,,,,,3.0,0.0
Queue-nominal,0.45,1601,PPM-3,13,39.0,0.0,0.16,0.0,,,,,,,,,,,,3.0,0.0
Queue-nominal,0.45,1601,PPM-3,14,42.0,0.0,0.16,0.0,,,,,,,,,,,,3.0,0.0
Queue-nominal,0.45,1601,PPM-3,15,45.0,0.0,0.16,0.0,,,,,,,,,,,,3.0,0.0
Queue-nominal,0.45,1601,PPM-3,16,48.0,0.0,0.16,0.0,,,,,,,,,,,,3.0,0.0
Queue-nominal,0.45,1601,PPM-3,17,51.0,0.0,0.16,0.0,,,,,,,,,,,,3.0,0.0
Queue-nominal,0.45,1601,PPM-3,18,54.0,0.0,0.16,0.0,,,,,,,,,,,,3.0,0.0
Queue-nominal,0.45,1601,PPM-3,19,57.0,0.0,0.16,0.0,,,,,,,,,,,,3.0,0.0
Queue-nominal,0.45,1601,PPM-3,20,60.0,0.0,0.16,0.0,,,,,,,,,,,,3.0,0.0
Queue-nominal,0.45,1601,PPM-3,21,63.0,0.0,0.16,0.0,,,,,,,,,,,,3.0,0.0
Queue-nominal,0.45,1601,PPM-3,22,66.0,0.0,0.16,0.0,,,,,,,,,,,,3.0,0.0
Queue-nominal,0.45,1601,PPM-3,23,69.0,0.0,0.16,0.0,,,,,,,,,,,,3.0,0.0
Queue-nominal,0.45,1601,PPM-3,24,72.0,0.0,0.16,0.0,,,,,,,,,,,,3.0,0.0
Queue-nominal,0.45,1601,PPM-3,25,75.0,0.0,0.16,0.0,,,,,,,,,,,,3.0,0.0
Queue-nominal,0.45,1601,PPM-3,26,78.0,0.0,0.16,0.0,,,,,,,,,,,,3.0,0.0
Queue-nominal,0.45,1601,PPM-3,27,81.0,0.0,0.16,0.0,,,,,,,,,,,,3.0,0.0
Queue-nominal,0.45,1601,PPM-3,28,84.0,0.0,0.16,0.0,,,,,,,,,,,,3.0,0.0
Queue-nominal,0.45,1601,PPM-3,29,87.0,0.0,0.16,0.0,,,,,,,,,,,,3.0,0.0
Queue-nominal,0.45,1601,PPM-3,30,90.0,0.0,0.16,0.0,,,,,,,,,,,,3.0,0.0
Queue-nominal,0.45,1601,PPM-3,31,93.0,0.0,0.16,0.0,,,,,,,,,,,,3.0,0.0
Queue-nominal,0.45,1601,PPM-3,32,96.0,0.0,0.16,0.0,,,,,,,,,,,,3.0,0.0
Queue-nominal,0.45,1601,PPM-3,33,99.0,0.0,0.16,0.0,,,,,,,,,,,,3.0,0.0
Queue-nominal,0.45,1601,PPM-3,34,102.0,0.0,0.16,0.0,,,,,,,,,,,,3.0,0.0
Queue-nominal,0.45,1601,PPM-3,35,105.0,0.0,0.16,0.0,,,,,,,,,,,,3.0,0.0
Queue-nominal,0.45,1601,PPM-3,36,108.0,0.0,0.16,0.0,,,,,,,,,,,,3.0,0.0
Queue-nominal,0.45,1601,PPM-3,37,111.0,0.0,0.16,0.0,,,,,,,,,,,,3.0,0.0
Queue-nominal,0.45,1601,PPM-3,38,114.0,0.0,0.16,0.0,,,,,,,,,,,,3.0,0.0
Queue-nominal,0.45,1601,PPM-3,39,117.0,0.0,0.16,0.0,,,,,,,,,,,,3.0,0.0
Queue-nominal,0.45,1601,PPM-3,40,120.0,0.0,0.16,0.0,,,,,,,,,,,,3.0,0.0
Queue-nominal,0.45,1601,PPM-3,41,123.0,0.0,0.16,0.0,,,,,,,,,,,,3.0,0.0
Queue-nominal,0.45,1601,PPM-3,42,126.0,0.0,0.16,0.0,,,,,,,,,,,,3.0,0.0
Queue-nominal,0.45,1601,PPM-3,43,129.0,0.0,0.16,0.0,,,,,,,,,,,,3.0,0.0
Queue-nominal,0.45,1601,PPM-3,44,132.0,0.0,0.16,0.0,,,,,,,,,,,,3.0,0.0
Queue-nominal,0.45,1601,PPM-3,45,135.0,0.0,0.16,0.0,,,,,,,,,,,,3.0,0.0
Queue-nominal,0.45,1601,PPM-3,46,138.0,0.0,0.16,0.0,,,,,,,,,,,,3.0,0.0
Queue-nominal,0.45,1601,PPM-3,47,141.0,0.0,0.16,0.0,,,,,,,,,,,,3.0,0.0
Queue-nominal,0.45,1601,PPM-3,48,144.0,0.0,0.16,0.0,,,,,,,,,,,,3.0,0.0
Queue-nominal,0.45,1601,PPM-3,49,147.0,0.0,0.16,0.0,,,,,,,,,,,,3.0,0.0
Queue-nominal,0.45,1601,PPM-3,50,150.0,0.0,0.16,0.0,,,,,,,,,,,,3.0,0.0
Queue-nominal,0.45,1601,PPM-3,51,153.0,0.0,0.16,0.0,,,,,,,,,,,,3.0,0.0
Queue-nominal,0.45,1601,PPM-3,52,156.0,0.0,0.16,0.0,,,,,,,,,,,,3.0,0.0
Queue-nominal,0.45,1601,PPM-3,53,159.0,0.0,0.16,0.0,,,,,,,,,,,,3.0,0.0
Queue-nominal,0.45,1601,PPM-3,54,162.0,0.0,0.16,0.0,,,,,,,,,,,,3.0,0.0
Queue-nominal,0.45,1601,PPM-3,55,165.0,0.0,0.16,0.0,,,,,,,,,,,,3.0,0.0
Queue-nominal,0.45,1601,PPM-3,56,168.0,0.0,0.16,0.0,,,,,,,,,,,,3.0,0.0
Queue-nominal,0.45,1601,PPM-3,57,171.0,0.0,0.16,0.0,,,,,,,,,,,,3.0,0.0
Queue-nominal,0.45,1601,PPM-3,58,174.0,0.0,0.16,0.0,,,,,,,,,,,,3.0,0.0
Queue-nominal,0.45,1601,PPM-3,59,177.0,0.0,0.16,0.0,,,,,,,,,,,,3.0,0.0
Queue-nominal,0.45,1601,PPM-3,60,180.0,0.0,0.16,0.0,,,,,,,,,,,,3.0,0.0
Queue-nominal,0.45,1602,QP+G,1,1.0,1.0,0.24,1.6,0.14526978315690095,-0.08156330446964168,0.17320570797119744,0.025161555638513362,1.0,0.0,0.0,-0.048626212436151554,-0.047219518977784425,0.0014066934583671295,5.0,1.0,1.0
Queue-nominal,0.45,1602,QP+G,2,2.0,2.0,0.24,1.6,0.14526504866736567,-0.04878856272146814,0.17251930917749203,0.025061025843728685,1.0,0.0,0.0,-0.04412244226761757,-0.04276772839166254,0.0013547138759550312,5.0,1.0,1.0
Queue-nominal,0.45,1602,QP+G,3,3.0,3.0,0.24,1.6,0.14579223835082375,-0.01879005173401601,0.17188677507579825,0.02505975768120521,1.0,0.0,0.0,-0.039932020989000776,-0.03864686700896103,0.001285153980039748,5.0,1.0,1.0
Queue-nominal,0.45,1602,QP+G,4,4.0,4.0,0.24,1.6,0.14682147373859192,0.008035859292818762,0.1713174669787949,0.025153082978989227,1.0,0.0,0.0,-0.035929495518003556,-0.03462006961056874,0.0013094259074348177,5.0,1.0,1.0
Queue-nominal,0.45,1602,QP+G,5,5.0,5.0,0.24,1.6,0.14822344598880624,0.03135939969744619,0.17082299646181828,0.025319973189704362,1.0,0.0,0.0,-0.031854760622702365,-0.030457934396622033,0.0013968262260803319,5.0,1.0,1.0
Queue-nominal,0.45,1602,QP+G,6,6.0,6.0,0.24,0.0,0.14980810076496462,0.05125193245742382,0.17041270401064387,0.02552920353405663,0.0,1.0,0.0,-0.02749874088783244,-0.02073945030483415,0.00675929058299829,5.0,1.0,1.0
Queue-nominal,0.45,1602,QP+G,7,7.0,7.0,0.24,0.0,0.1521350986352286,0.07223500459675389,0.17002906955073382,0.025867389266957034,0.0,1.0,0.0,-0.026336980436992088,-0.020425930409581294,0.005911050027410793,5.0,1.0,1.0
Queue-nominal,0.45,1602,QP+G,8,8.0,8.0,0.24,0.0,0.15436881655783322,0.08791736700187205,0.16952541516766886,0.026169437715908392,0.0,1.0,0.0,-0.0250209291698028,-0.019807659550053813,0.005213269619748988,5.0,1.0,1.0
Queue-nominal,0.45,1602,QP+G,9,9.0,9.0,0.24,0.0,0.15634539157521612,0.09854688134921574,0.16893287659307032,0.026411876740871244,0.0,1.0,0.0,-0.02378207694726306,-0.019009173842929883,0.004772903104333176,5.0,1.0,1.0
Queue-nominal,0.45,1602,QP+G,10,10.0,10.0,0.24,0.0,0.1579455281246652,0.10460262783433495,0.1682823163917044,0.026579439336529755,0.0,1.0,0.0,-0.022751136968417487,-0.018125548103824052,0.004625588864593435,5.0,1.0,1.0
Queue-nominal,0.45,1602,QP+G,11,11.0,11.0,0.24,0.0,0.15908726556714095,0.10669116306163018,0.16760260849414635,0.026663440687253813,0.0,1.0,0.0,-0.021952403297264923,-0.017193129277002228,0.004759274020262695,5.0,1.0,1.0
Queue-nominal,0.45,1602,QP+G,12,12.0,12.0,0.24,1.5026607017299631,0.15971669434337105,0.10548650530985328,0.16691934482476448,0.026659805977372664,1.0,0.0,0.0,-0.02134484037648649,-0.020909527785332394,0.0004353125911540981,5.0,1.0,1.0
Queue-nominal,0.45,1602,QP+G,13,13.0,13.0,0.24,1.516022274843793,0.1583090195853019,0.10499411068131786,0.16639823461978648,0.02634234138338344,1.0,0.0,0.0,-0.019351162190152267,-0.01909606453794055,0.00025509765221171793,5.0,1.0,1.0
Queue-nominal,0.45,1602,QP+G,14,14.0,14.0,0.24,0.0,0.1565367098734087,0.10754792882067264,0.16593347871818775,0.025974680816394393,0.0,1.0,0.0,-0.01800879831342919,-0.015415331227706108,0.00259346708572308,5.0,1.0,1.0
Queue-nominal,0.45,1602,QP+G,15,15.0,15.0,0.24,1.5420918253623772,0.1556327554901617,0.10529143271653305,0.16526886823680534,0.025721249360434476,1.0,0.0,0.0,-0.018116700291425862,-0.01816303250653828,-4.6332215112417086e-05,5.0,1.0,1.0
Queue-nominal,0.45,1602,QP+G,16,16.0,16.0,0.24,1.5672956163470344,0.15313001420840994,0.11288259815426724,0.16475120616653344,0.02522835454113394,1.0,0.0,0.0,-0.017457220844696617,-0.017652390755371172,-0.0001951699106745551,5.0,1.0,1.0
Queue-nominal,0.45,1602,QP+G,17,17.0,17.0,0.24,0.0,0.150490844607663,0.12480659876755319,0.1641768921524635,0.02470711916508543,0.0,1.0,0.0,-0.017131490718981273,-0.014218378890490158,0.0029131118284911155,5.0,1.0,1.0
Queue-nominal,0.45,1602,QP+G,18,18.0,18.0,0.24,1.6,0.14832686098386044,0.12723722833356152,0.1634357371751915,0.024241909867779382,1.0,0.0,0.0,-0.017789884638435005,-0.018261661288444753,-0.00047177665000974756,5.0,1.0,1.0
Queue-nominal,0.45,1602,QP+G,19,19.0,19.0,0.24,1.6,0.14554148799327488,0.145762380511023,0.16263671563006749,0.023670389595139125,1.0,0.0,0.0,-0.017985190365471304,-0.018587150576510503,-0.0006019602110391986,5.0,1.0,1.0
Queue-nominal,0.45,1602,QP+G,20,20.0,20.0,0.24,1.6,0.14294238064495787,0.16815231261481833,0.16170365250053745,0.023114305047411816,1.0,0.0,0.0,-0.018647193958805097,-0.01930846941860853,-0.0006612754598034343,5.0,1.0,1.0
Queue-nominal,0.45,1602,QP+G,21,21.0,21.0,0.24,1.6,0.14062252896029342,0.19400317939819547,0.16061682175515096,0.022586343668774003,1.0,0.0,0.0,-0.019663521648802806,-0.0203521973334837,-0.000688675684680895,5.0,1.0,1.0
Queue-nominal,0.45,1602,QP+G,22,22.0,22.0,0.24,1.6,0.13868032757548815,0.22260501650641865,0.15936229658287063,0.022100415493294594,1.0,0.0,0.0,-0.021008470436026272,-0.021662965012822166,-0.0006544945767958943,5.0,1.0,1.0
Queue-nominal,0.45,1602,QP+G,23,23.0,23.0,0.24,1.6,0.1372034552596416,0.252890072952623,0.15793465834001433,0.021669180829500936,1.0,0.0,0.0,-0.022509110750795536,-0.023074844610496026,-0.0005657338597004902,5.0,1.0,1.0
Queue-nominal,0.45,1602,QP+G,24,24.0,24.0,0.24,1.6,0.13624280928070914,0.2835675228202603,0.15633874686568786,0.021300030072406974,1.0,0.0,0.0,-0.02393018641150313,-0.02439168952308446,-0.0004615031115813295,5.0,1.0,1.0
Queue-nominal,0.45,1602,QP+G,25,25.0,25.0,0.24,0.0,0.1357936140658797,0.3134004064235656,0.15458914105448357,0.02099221815912838,0.0,1.0,0.0,-0.025117524971546956,-0.01969823927658787,0.005419285694959086,5.0,1.0,1.0
Queue-nominal,0.45,1602,QP+G,26,26.0,26.0,0.24,1.6,0.13465047208598277,0.3300957623714593,0.152988801388445,0.020600014330822775,1.0,0.0,0.0,-0.026958094791374343,-0.0271628405082871,-0.00020474571691275756,5.0,1.0,1.0
Queue-nominal,0.45,1602,QP+G,27,27.0,27.0,0.24,1.6,0.13495026104785576,0.3545866868136288,0.15095449062951702,0.02037134791679942,1.0,0.0,0.0,-0.027594148296804732,-0.027762356392591503,-0.00016820809578677043,5.0,1.0,1.0
Queue-nominal,0.45,1602,QP+G,28,28.0,28.0,0.24,1.6,0.1354916179054026,0.37672698856116604,0.14883602847116678,0.020166034300172952,1.0,0.0,0.0,-0.02798444526164978,-0.02814712911010364,-0.000162683848453863,5.0,1.0,1.0
Queue-nominal,0.45,1602,QP+G,29,29.0,29.0,0.24,0.0,0.13616338733914896,0.3968441083436702,0.14665585424966415,0.019969157887750794,0.0,1.0,0.0,-0.02815465559027963,-0.02215432794249006,0.006000327647789572,5.0,1.0,1.0
Queue-nominal,0.45,1602,QP+G,30,30.0,30.0,0.24,1.6,0.13630977597087404,0.40494619079178373,0.1447511290240725,0.019730993968802405,1.0,0.0,0.0,-0.029144148801854893,-0.0292385277169247,-9.437891506980725e-05,5.0,1.0,1.0
Queue-nominal,0.45,1602,QP+G,31,31.0,31.0,0.24,1.6,0.13697608744535694,0.419908549710446,0.14244759440089313,0.019511914147037474,1.0,0.0,0.0,-0.029002369987253473,-0.029155820055421167,-0.00015345006816769313,5.0,1.0,1.0
Queue-nominal,0.45,1602,QP+G,32,32.0,32.0,0.24,1.6,0.13753335169067077,0.43454863460784615,0.1401324370879032,0.01927288375328139,1.0,0.0,0.0,-0.0287279464940422,-0.028950342224209002,-0.00022239573016680225,5.0,1.0,1.0
Queue-nominal,0.45,1602,QP+G,33,33.0,33.0,0.24,1.6,0.1379594088966216,0.4493468047052874,0.1378200302871751,0.01901356991253316,1.0,0.0,0.0,-0.028322160100024085,-0.02861796851362408,-0.0002958084135999961,5.0,1.0,1.0
Queue-nominal,0.45,1602,QP+G,34,34.0,34.0,0.24,1.6,0.13825330336789474,0.4646514638804321,0.135524883770738,0.018736762869854515,1.0,0.0,0.0,-0.027783524947455618,-0.028152186044728467,-0.0003686610972728488,5.0,1.0,1.0
Queue-nominal,0.45,1602,QP+G,35,35.0,35.0,0.24,1.6,0.13843188770892725,0.4806721627313243,0.13326166347486923,0.018447663634057948,1.0,0.0,0.0,-0.027107807012097137,-0.027542765008647274,-0.00043495799655013725,5.0,1.0,1.0
Queue-nominal,0.45,1602,QP+G,36,36.0,36.0,0.24,1.6,0.1385260753946104,0.4974864805382322,0.1310449600593138,0.01815314401726021,1.0,0.0,0.0,-0.02627709355260688,-0.026743935778716477,-0.00046684222610959836,5.0,1.0,1.0
Queue-nominal,0.45,1602,QP+G,37,37.0,37.0,0.24,1.6,0.13857703124028414,0.5150557169263977,0.1288888984477479,0.01786104090671937,1.0,0.0,0.0,-0.025111769334396957,-0.025484895760971682,-0.00037312642657472486,5.0,1.0,1.0
Queue-nominal,0.45,1602,QP+G,38,38.0,38.0,0.24,0.13332609218708757,0.1386325323297281,0.5332459031757669,0.12680669647586204,0.017579533448815965,1.0,0.0,0.0,-0.023847381257747016,-0.023900528349221295,-5.3147091474279456e-05,5.0,1.0,1.0
Queue-nominal,0.45,1602,QP+G,39,39.0,39.0,0.24,1.6,0.13850575097151835,0.5292420376757622,0.12460131830620166,0.01725799916404166,1.0,0.0,0.0,-0.023525389793679793,-0.02405254098044063,-0.000527151186760836,5.0,1.0,1.0
Queue-nominal,0.45,1602,QP+G,40,40.0,40.0,0.24,0.0421099828525766,0.13838191533118632,0.5470715355012714,0.12256568036210905,0.01696087360237862,1.0,0.0,0.0,-0.022715028363501543,-0.02270899657052472,6.031792976823186e-06,5.0,1.0,1.0
Queue-nominal,0.45,1602,QP+G,41,41.0,41.0,0.24,1.6,0.13814098315908863,0.5403143320115457,0.12037655109505944,0.01662893511757178,1.0,0.0,0.0,-0.022318417890083264,-0.022789142206266932,-0.0004707243161836683,5.0,1.0,1.0
Queue-nominal,0.45,1602,QP+G,42,42.0,42.0,0.24,0.22274922411087014,0.13791375898448466,0.5576492345734204,0.11839355742340502,0.016328100543807223,1.0,0.0,0.0,-0.02123903298063045,-0.02132429708584871,-8.526410521825928e-05,5.0,1.0,1.0
Queue-nominal,0.45,1602,QP+G,43,43.0,43.0,0.24,1.6,0.1376226849968154,0.5527738649443208,0.11627281567540977,0.0160017770853897,1.0,0.0,0.0,-0.020822514155399485,-0.021324510636173688,-0.0005019964807742028,5.0,1.0,1.0
Queue-nominal,0.45,1602,QP+G,44,44.0,44.0,0.24,0.0,0.13742497024901346,0.5693700187150841,0.11436364672058373,0.015716420748144905,0.0,0.0,0.0,-0.020041264890691135,-0.020042375964492987,-1.111073801851603e-06,5.0,1.0,1.0
Queue-nominal,0.45,1602,QP+G,45,45.0,45.0,0.24,1.6,0.13708936750039993,0.559983236408767,0.11225097681605568,0.015388415413015132,1.0,0.0,0.0,-0.019636870966194927,-0.020085760677998277,-0.00044888971180334983,5.0,1.0,1.0
Queue-nominal,0.45,1602,QP+G,46,46.0,46.0,0.24,0.3360696110461274,0.13695371263587566,0.5753677310719499,0.11039915904277506,0.015119574702786548,1.0,0.0,0.0,-0.018679011558188335,-0.018775038648502385,-9.60270903140499e-05,5.0,1.0,1.0
Queue-nominal,0.45,1602,QP+G,47,47.0,47.0,0.24,1.6,0.1367320799335775,0.5702529875443721,0.10839843188450948,0.014821543053107207,1.0,0.0,0.0,-0.018127006789084632,-0.01851408831613366,-0.0003870815270490269,5.0,1.0,1.0
Queue-nominal,0.45,1602,QP+G,48,48.0,48.0,0.24,0.0,0.13678255453936394,0.5840261431541407,0.10662393673936332,0.014584294442253655,0.0,0.0,0.0,-0.0174278602969391,-0.017431863507450407,-4.003210511305255e-06,5.0,1.0,1.0
Queue-nominal,0.45,1602,QP+G,49,49.0,49.0,0.24,1.6,0.13660686748128079,0.572294665653438,0.10461540051651631,0.014291182154860856,1.0,0.0,0.0,-0.016873727922417814,-0.017199270606917505,-0.00032554268449969115,5.0,1.0,1.0
Queue-nominal,0.45,1602,QP+G,50,50.0,50.0,0.24,0.42586976244754743,0.1368248089003954,0.5840094175974311,0.10288872745257463,0.01407773047170339,1.0,0.0,0.0,-0.01597899968103329,-0.016066717157295685,-8.771747626239515e-05,5.0,1.0,1.0
Queue-nominal,0.45,1602,QP+G,51,51.0,51.0,0.24,1.6,0.13693810033697706,0.5769710413599805,0.10101746242444024,0.013833139405264807,1.0,0.0,0.0,-0.01541524968477459,-0.015733241755810257,-0.0003179920710356665,5.0,1.0,1.0
Queue-nominal,0.45,1602,QP+G,52,52.0,52.0,0.24,0.5399833877448919,0.13740651629679917,0.5860850317477638,0.09935958562807977,0.013652654521847956,1.0,0.0,0.0,-0.01468315154089053,-0.01481761998382014,-0.0001344684429296101,5.0,1.0,1.0
Queue-nominal,0.45,1602,QP+G,53,53.0,53.0,0.24,1.6,0.13777656191740897,0.5782186146278223,0.09756529198292099,0.013442210491874999,1.0,0.0,0.0,-0.014348005860175483,-0.014700943746705164,-0.0003529378865296806,5.0,1.0,1.0
Queue-nominal,0.45,1602,QP+G,54,54.0,54.0,0.24,1.1188270082680833,0.1384813884057517,0.5841266645221916,0.09598254953460122,0.013291796722275413,1.0,0.0,0.0,-0.013850181911501945,-0.01411696419991948,-0.0002667822884175348,5.0,1.0,1.0
Queue-nominal,0.45,1602,QP+G,55,55.0,55.0,0.24,1.4183099857617134,0.13920440133919312,0.5813175559916882,0.09436852525282077,0.013136514063081443,1.0,0.0,0.0,-0.013569940556720927,-0.013901479673395611,-0.0003315391166746843,5.0,1.0,1.0
Queue-nominal,0.45,1602,QP+G,56,56.0,56.0,0.24,1.0001428917547504,0.14005443152487815,0.5809028648517566,0.09286484120768522,0.013006132543990433,1.0,0.0,0.0,-0.013258274885422009,-0.013496277364374754,-0.00023800247895274483,5.0,1.0,1.0
Queue-nominal,0.45,1602,QP+G,57,57.0,57.0,0.24,1.4642664446025562,0.1408820340864946,0.5726976513228081,0.0913210094058858,0.012865489559933099,1.0,0.0,0.0,-0.013021262001802937,-0.013341399547715849,-0.00032013754591291195,5.0,1.0,1.0
Queue-nominal,0.45,1602,QP+G,58,58.0,58.0,0.24,0.7454235872415016,0.1417419135925414,0.5692465059923038,0.0899455708934215,0.012749057337607157,1.0,0.0,0.0,-0.012656687018646631,-0.012818375580695207,-0.0001616885620485762,5.0,1.0,1.0
Queue-nominal,0.45,1602,QP+G,59,59.0,59.0,0.24,1.4248561283005778,0.14257152879226373,0.5538409593333624,0.08844301195972756,0.012609455426090824,1.0,0.0,0.0,-0.012364361860753131,-0.012619890673296386,-0.00025552881254325456,5.0,1.0,1.0
Queue-nominal,0.45,1602,QP+G,60,60.0,60.0,0.24,0.5081212618582809,0.14325176093349776,0.5466530269983917,0.087182022148554,0.012488978194523565,1.0,0.0,0.0,-0.011869001302784895,-0.011956125962723885,-8.71246599389898e-05,5.0,1.0,1.0
Queue-nominal,0.45,1602,noG,1,1.0,0.0,0.24,0.0,0.0,0.0,0.17320570797119744,0.0,0.0,0.0,0.0,-0.018034410399938746,-0.018452861263110076,-0.0004184508631713303,3.0,1.0,0.0
Queue-nominal,0.45,1602,noG,2,2.0,0.0,0.24,0.0,0.0,0.0,0.1735931883816806,0.0,0.0,0.0,0.0,-0.019902473828723618,-0.020148532232853178,-0.00024605840412956007,3.0,1.0,0.0
Queue-nominal,0.45,1602,noG,3,3.0,0.0,0.24,0.0,0.0,0.0,0.17374556889958503,0.0,0.0,0.0,0.0,-0.021333405086128184,-0.021372049415756322,-3.864432962813816e-05,3.0,1.0,0.0
Queue-nominal,0.45,1602,noG,4,4.0,0.0,0.24,0.0,0.0,0.0,0.17369384617969763,0.0,0.0,0.0,0.0,-0.022135382426160533,-0.022087107163757835,4.8275262402697194e-05,3.0,1.0,0.0
Queue-nominal,0.45,1602,noG,5,5.0,0.0,0.24,0.0,0.0,0.0,0.17347150655859273,0.0,0.0,0.0,0.0,-0.02236424074607779,-0.022323571755952898,4.0668990124892446e-05,3.0,1.0,0.0
Queue-nominal,0.45,1602,noG,6,6.0,0.0,0.24,0.0,0.0,0.0,0.17311125810261496,0.0,0.0,0.0,0.0,-0.02220087162536632,-0.0221702697018884,3.060192347792076e-05,3.0,1.0,0.0
Queue-nominal,0.45,1602,noG,7,7.0,0.0,0.24,0.0,0.0,0.0,0.17264307213593036,0.0,0.0,0.0,0.0,-0.02173020063933606,-0.02169172482998949,3.847580934657202e-05,3.0,1.0,0.0
Queue-nominal,0.45,1602,noG,8,8.0,0.0,0.24,0.0,0.0,0.0,0.172093561834132,0.0,0.0,0.0,0.0,-0.020929314133417698,-0.020901678017400727,2.7636116016971357e-05,3.0,1.0,0.0
Queue-nominal,0.45,1602,noG,9,9.0,0.0,0.24,0.0,0.0,0.0,0.17148637319256615,0.0,0.0,0.0,0.0,-0.019917759048704298,-0.01991666376657797,1.0952821263288115e-06,3.0,1.0,0.0
Queue-nominal,0.45,1602,noG,10,10.0,0.0,0.24,0.0,0.0,0.0,0.1708430883007095,0.0,0.0,0.0,0.0,-0.01886312154865344,-0.018874154589930914,-1.1033041277475064e-05,3.0,1.0,0.0
Queue-nominal,0.45,1602,noG,11,11.0,0.0,0.24,0.0,0.0,0.0,0.17018414522152886,0.0,0.0,0.0,0.0,-0.017827070802853836,-0.017848611181682905,-2.1540378829069257e-05,3.0,1.0,0.0
Queue-nominal,0.45,1602,noG,12,12.0,0.0,0.24,0.0,0.0,0.0,0.16952940893352403,0.0,0.0,0.0,0.0,-0.016856377036678083,-0.016876010514515816,-1.9633477837732727e-05,3.0,1.0,0.0
Queue-nominal,0.45,1602,noG,13,13.0,0.0,0.24,0.0,0.0,0.0,0.16889821243940484,0.0,0.0,0.0,0.0,-0.015908234928478926,-0.01591491704022374,-6.6821117448157e-06,3.0,1.0,0.0
Queue-nominal,0.45,1602,noG,14,14.0,0.0,0.24,0.0,0.0,0.0,0.16830886530500397,0.0,0.0,0.0,0.0,-0.014886494825221419,-0.014882980211384123,3.514613837296565e-06,3.0,1.0,0.0
Queue-nominal,0.45,1602,noG,15,15.0,0.0,0.24,0.0,0.0,0.0,0.16777775949773102,0.0,0.0,0.0,0.0,-0.013733315292121516,-0.013726511965036714,6.803327084801622e-06,3.0,1.0,0.0
Queue-nominal,0.45,1602,noG,16,16.0,0.0,0.24,0.0,0.0,0.0,0.16731827307867456,0.0,0.0,0.0,0.0,-0.012443019160759405,-0.012436163623722685,6.855537036720705e-06,3.0,1.0,0.0
Queue-nominal,0.45,1602,noG,17,17.0,0.0,0.24,0.0,0.0,0.0,0.16693968330289624,0.0,0.0,0.0,0.0,-0.011031527154807817,-0.011022888769169903,8.638385637914012e-06,3.0,1.0,0.0
Queue-nominal,0.45,1602,noG,18,18.0,0.0,0.24,0.0,0.0,0.0,0.1666462668747046,0.0,0.0,0.0,0.0,-0.009511801562256393,-0.009512922574693494,-1.1210124371014568e-06,3.0,1.0,0.0
Queue-nominal,0.45,1602,noG,19,19.0,0.0,0.24,0.0,0.0,0.0,0.16643670730523719,0.0,0.0,0.0,0.0,-0.007994733724618897,-0.008000067501671815,-5.333777052918265e-06,3.0,1.0,0.0
Queue-nominal,0.45,1602,noG,20,20.0,0.0,0.24,0.0,0.0,0.0,0.16630386780760187,0.0,0.0,0.0,0.0,-0.0064899786664707184,-0.006485274400844787,4.704265625931313e-06,3.0,1.0,0.0
Queue-nominal,0.45,1602,noG,21,21.0,0.0,0.24,0.0,0.0,0.0,0.16623493768753966,0.0,0.0,0.0,0.0,-0.0050101079160169695,-0.005023265130233767,-1.3157214216797698e-05,3.0,1.0,0.0
Queue-nominal,0.45,1602,noG,22,22.0,0.0,0.24,0.0,0.0,0.0,0.16621192747099287,0.0,0.0,0.0,0.0,-0.0036849972288210955,-0.0036749068191528345,1.0090409668261045e-05,3.0,1.0,0.0
Queue-nominal,0.45,1602,noG,23,23.0,0.0,0.24,0.0,0.0,0.0,0.16621247199388547,0.0,0.0,0.0,0.0,-0.0023827686367683394,-0.002419353892173959,-3.65852554056194e-05,3.0,1.0,0.0
Queue-nominal,0.45,1602,noG,24,24.0,0.0,0.24,0.0,0.0,0.0,0.16621089489083613,0.0,0.0,0.0,0.0,-0.0014731866395489845,-0.0015584889904398658,-8.530235089088123e-05,3.0,1.0,0.0
Queue-nominal,0.45,1602,noG,25,25.0,0.0,0.24,0.0,0.0,0.0,0.1661794839826096,0.0,0.0,0.0,0.0,-0.0012087806976079916,-0.0012766207271868169,-6.784002957882528e-05,3.0,1.0,0.0
Queue-nominal,0.45,1602,noG,26,26.0,0.0,0.24,0.0,0.0,0.0,0.16608991831091816,0.0,0.0,0.0,0.0,-0.0014327158409699337,-0.0014918152317915379,-5.90993908216042e-05,3.0,1.0,0.0
Queue-nominal,0.45,1602,noG,27,27.0,0.0,0.24,0.0,0.0,0.0,0.16591477183564235,0.0,0.0,0.0,0.0,-0.002131041296857816,-0.0022192430824183873,-8.820178556057144e-05,3.0,1.0,0.0
Queue-nominal,0.45,1602,noG,28,28.0,0.0,0.24,0.0,0.0,0.0,0.16562899957401675,0.0,0.0,0.0,0.0,-0.0032287213417682664,-0.003540092782451154,-0.0003113714406828877,3.0,1.0,0.0
Queue-nominal,0.45,1602,noG,29,29.0,0.0,0.24,0.0,0.0,0.0,0.16521129728928252,0.0,0.0,0.0,0.0,-0.004826331512413236,-0.0053240903448728005,-0.0004977588324595649,3.0,1.0,0.0
Queue-nominal,0.45,1602,noG,30,30.0,0.0,0.24,0.0,0.0,0.0,0.16464522511663476,0.0,0.0,0.0,0.0,-0.00676614142234538,-0.0073620902322137916,-0.0005959488098684117,3.0,1.0,0.0
Queue-nominal,0.45,1602,noG,31,31.0,0.0,0.24,0.0,0.0,0.0,0.16392000498871118,0.0,0.0,0.0,0.0,-0.0088662520800688,-0.009511890864038808,-0.0006456387839700074,3.0,1.0,0.0
Queue-nominal,0.45,1602,noG,32,32.0,0.0,0.24,0.0,0.0,0.0,0.16303094072968666,0.0,0.0,0.0,0.0,-0.011016140090476408,-0.011670554362257057,-0.0006544142717806491,3.0,1.0,0.0
Queue-nominal,0.45,1602,noG,33,33.0,0.0,0.24,0.0,0.0,0.0,0.1619794597021393,0.0,0.0,0.0,0.0,-0.013115407453610112,-0.01373832284865184,-0.0006229153950417284,3.0,1.0,0.0
Queue-nominal,0.45,1602,noG,34,34.0,0.0,0.24,0.0,0.0,0.0,0.16077282233911097,0.0,0.0,0.0,0.0,-0.015071240956501416,-0.01562953211405116,-0.000558291157549743,3.0,1.0,0.0
Queue-nominal,0.45,1602,noG,35,35.0,0.0,0.24,0.0,0.0,0.0,0.15942357768749243,0.0,0.0,0.0,0.0,-0.01680885127410175,-0.017275268450092085,-0.00046641717599033364,3.0,1.0,0.0
Queue-nominal,0.45,1602,noG,36,36.0,0.0,0.24,0.0,0.0,0.0,0.15794885215167886,0.0,0.0,0.0,0.0,-0.0182682457366014,-0.018619619701393475,-0.00035137396479207467,3.0,1.0,0.0
Queue-nominal,0.45,1602,noG,37,37.0,0.0,0.24,0.0,0.0,0.0,0.15636954652924975,0.0,0.0,0.0,0.0,-0.01940104909777379,-0.01961870348835415,-0.00021765439058036087,3.0,1.0,0.0
Queue-nominal,0.45,1602,noG,38,38.0,0.0,0.24,0.0,0.0,0.0,0.15470949190791758,0.0,0.0,0.0,0.0,-0.02017199668918462,-0.020245040989078866,-7.304429989424613e-05,3.0,1.0,0.0
Queue-nominal,0.45,1602,noG,39,39.0,0.0,0.24,0.0,0.0,0.0,0.1529945894399177,0.0,0.0,0.0,0.0,-0.02053211211132222,-0.020495832395715397,3.627971560682397e-05,3.0,1.0,0.0
Queue-nominal,0.45,1602,noG,40,40.0,0.0,0.24,0.0,0.0,0.0,0.1512519415282758,0.0,0.0,0.0,0.0,-0.020428514559100993,-0.02039714894296507,3.136561613592201e-05,3.0,1.0,0.0
Queue-nominal,0.45,1602,noG,41,41.0,0.0,0.24,0.0,0.0,0.0,0.14950897634777965,0.0,0.0,0.0,0.0,-0.020021127843596883,-0.019994651001428387,2.6476842168495635e-05,3.0,1.0,0.0
Queue-nominal,0.45,1602,noG,42,42.0,0.0,0.24,0.0,0.0,0.0,0.14779257226131878,0.0,0.0,0.0,0.0,-0.019358668389002354,-0.019334406669266002,2.4261719736351495e-05,3.0,1.0,0.0
Queue-nominal,0.45,1602,noG,43,43.0,0.0,0.24,0.0,0.0,0.0,0.14612819866028678,0.0,0.0,0.0,0.0,-0.01847413346844906,-0.018449295568875534,2.4837899573526556e-05,3.0,1.0,0.0
Queue-nominal,0.45,1602,noG,44,44.0,0.0,0.24,0.0,0.0,0.0,0.14453909967291956,0.0,0.0,0.0,0.0,-0.01738522741167703,-0.017358456379881648,2.677103179538065e-05,3.0,1.0,0.0
Queue-nominal,0.45,1602,noG,45,45.0,0.0,0.24,0.0,0.0,0.0,0.14304555333886956,0.0,0.0,0.0,0.0,-0.01610286298002972,-0.01607434241507777,2.8520564951950433e-05,3.0,1.0,0.0
Queue-nominal,0.45,1602,noG,46,46.0,0.0,0.24,0.0,0.0,0.0,0.14166423998206518,0.0,0.0,0.0,0.0,-0.01463966154412688,-0.014610567427699728,2.9094116427152983e-05,3.0,1.0,0.0
Queue-nominal,0.45,1602,noG,47,47.0,0.0,0.24,0.0,0.0,0.0,0.14040775035453867,0.0,0.0,0.0,0.0,-0.013015187236971038,-0.01298670859522133,2.847864174970738e-05,3.0,1.0,0.0
Queue-nominal,0.45,1602,noG,48,48.0,0.0,0.24,0.0,0.0,0.0,0.1392842582986241,0.0,0.0,0.0,0.0,-0.011255520456727728,-0.011228432348676431,2.708810805129684e-05,3.0,1.0,0.0
Queue-nominal,0.45,1602,noG,49,49.0,0.0,0.24,0.0,0.0,0.0,0.1382973756465369,0.0,0.0,0.0,0.0,-0.009392496573408238,-0.00936921041418115,2.328615922708721e-05,3.0,1.0,0.0
Queue-nominal,0.45,1602,noG,50,50.0,0.0,0.24,0.0,0.0,0.0,0.1374461995176784,0.0,0.0,0.0,0.0,-0.007477885574678211,-0.0074640650006085885,1.3820574069622893e-05,3.0,1.0,0.0
Queue-nominal,0.45,1602,noG,51,51.0,0.0,0.24,0.0,0.0,0.0,0.13672555388944532,0.0,0.0,0.0,0.0,-0.005602458362199414,-0.0056029702313820096,-5.118691825956034e-07,3.0,1.0,0.0
Queue-nominal,0.45,1602,noG,52,52.0,0.0,0.24,0.0,0.0,0.0,0.13612641759951702,0.0,0.0,0.0,0.0,-0.003883721545832053,-0.0038980911487351833,-1.4369602903130385e-05,3.0,1.0,0.0
Queue-nominal,0.45,1602,noG,53,53.0,0.0,0.24,0.0,0.0,0.0,0.13563651915319908,0.0,0.0,0.0,0.0,-0.0024272981554629425,-0.00244996679838394,-2.2668642920997684e-05,3.0,1.0,0.0
Queue-nominal,0.45,1602,noG,54,54.0,0.0,0.24,0.0,0.0,0.0,0.13524106490370974,0.0,0.0,0.0,0.0,-0.0012962200803112722,-0.0013206037510826718,-2.438367077139958e-05,3.0,1.0,0.0
Queue-nominal,0.45,1602,noG,55,55.0,0.0,0.21822838385532728,0.0,0.0,0.0,0.13492355250980548,0.0,0.0,0.0,0.0,-0.0005108732084351076,-0.0005253937224667382,-1.4520514031630591e-05,3.0,1.0,0.0
Queue-nominal,0.45,1602,noG,56,56.0,0.0,0.13273201818965086,0.0,0.0,0.0,0.13468707566409682,0.0,0.0,0.0,0.0,-0.00016345685412403742,-0.00016510986497308977,-1.6530108490523483e-06,3.0,1.0,0.0
Queue-nominal,0.45,1602,noG,57,57.0,0.0,0.09329340793526694,0.0,0.0,0.0,0.13455934205772663,0.0,0.0,0.0,0.0,-7.555713182899808e-05,-7.565479485949211e-05,-9.766303049402929e-08,3.0,1.0,0.0
Queue-nominal,0.45,1602,noG,58,58.0,0.0,0.07170747206964521,0.0,0.0,0.0,0.13447460403267014,0.0,0.0,0.0,0.0,-4.3354329024578625e-05,-4.3221342920229944e-05,1.3298610434868093e-07,3.0,1.0,0.0
Queue-nominal,0.45,1602,noG,59,59.0,0.0,0.058321512794762324,0.0,0.0,0.0,0.13441155902437701,0.0,0.0,0.0,0.0,-2.8397834667523756e-05,-2.82481465716522e-05,1.496880958715564e-07,3.0,1.0,0.0
Queue-nominal,0.45,1602,noG,60,60.0,0.0,0.049191608578608506,0.0,0.0,0.0,0.13436128807735806,0.0,0.0,0.0,0.0,-2.02222464121065e-05,-2.009380129042171e-05,1.2844512168479056e-07,3.0,1.0,0.0
Queue-nominal,0.45,1602,Minimax-PPO,1,1.0,0.0,0.16,0.0,,,,,,,,,,,,1.0,0.0
Queue-nominal,0.45,1602,Minimax-PPO,2,2.0,0.0,0.16,0.0,,,,,,,,,,,,1.0,0.0
Queue-nominal,0.45,1602,Minimax-PPO,3,3.0,0.0,0.16,0.0,,,,,,,,,,,,1.0,0.0
Queue-nominal,0.45,1602,Minimax-PPO,4,4.0,0.0,0.16,0.0,,,,,,,,,,,,1.0,0.0
Queue-nominal,0.45,1602,Minimax-PPO,5,5.0,0.0,0.16,0.0,,,,,,,,,,,,1.0,0.0
Queue-nominal,0.45,1602,Minimax-PPO,6,6.0,0.0,0.16,0.0,,,,,,,,,,,,1.0,0.0
Queue-nominal,0.45,1602,Minimax-PPO,7,7.0,0.0,0.16,0.0,,,,,,,,,,,,1.0,0.0
Queue-nominal,0.45,1602,Minimax-PPO,8,8.0,0.0,0.16,0.0,,,,,,,,,,,,1.0,0.0
Queue-nominal,0.45,1602,Minimax-PPO,9,9.0,0.0,0.16,0.0,,,,,,,,,,,,1.0,0.0
Queue-nominal,0.45,1602,Minimax-PPO,10,10.0,0.0,0.16,0.0,,,,,,,,,,,,1.0,0.0
Queue-nominal,0.45,1602,Minimax-PPO,11,11.0,0.0,0.16,0.0,,,,,,,,,,,,1.0,0.0
Queue-nominal,0.45,1602,Minimax-PPO,12,12.0,0.0,0.16,0.0,,,,,,,,,,,,1.0,0.0
Queue-nominal,0.45,1602,Minimax-PPO,13,13.0,0.0,0.16,0.0,,,,,,,,,,,,1.0,0.0
Queue-nominal,0.45,1602,Minimax-PPO,14,14.0,0.0,0.16,0.0,,,,,,,,,,,,1.0,0.0
Queue-nominal,0.45,1602,Minimax-PPO,15,15.0,0.0,0.16,0.0,,,,,,,,,,,,1.0,0.0
Queue-nominal,0.45,1602,Minimax-PPO,16,16.0,0.0,0.16,0.0,,,,,,,,,,,,1.0,0.0
Queue-nominal,0.45,1602,Minimax-PPO,17,17.0,0.0,0.16,0.0,,,,,,,,,,,,1.0,0.0
Queue-nominal,0.45,1602,Minimax-PPO,18,18.0,0.0,0.16,0.0,,,,,,,,,,,,1.0,0.0
Queue-nominal,0.45,1602,Minimax-PPO,19,19.0,0.0,0.16,0.0,,,,,,,,,,,,1.0,0.0
Queue-nominal,0.45,1602,Minimax-PPO,20,20.0,0.0,0.16,0.0,,,,,,,,,,,,1.0,0.0
Queue-nominal,0.45,1602,Minimax-PPO,21,21.0,0.0,0.16,0.0,,,,,,,,,,,,1.0,0.0
Queue-nominal,0.45,1602,Minimax-PPO,22,22.0,0.0,0.16,0.0,,,,,,,,,,,,1.0,0.0
Queue-nominal,0.45,1602,Minimax-PPO,23,23.0,0.0,0.16,0.0,,,,,,,,,,,,1.0,0.0
Queue-nominal,0.45,1602,Minimax-PPO,24,24.0,0.0,0.16,0.0,,,,,,,,,,,,1.0,0.0
Queue-nominal,0.45,1602,Minimax-PPO,25,25.0,0.0,0.16,0.0,,,,,,,,,,,,1.0,0.0
Queue-nominal,0.45,1602,Minimax-PPO,26,26.0,0.0,0.16,0.0,,,,,,,,,,,,1.0,0.0
Queue-nominal,0.45,1602,Minimax-PPO,27,27.0,0.0,0.16,0.0,,,,,,,,,,,,1.0,0.0
Queue-nominal,0.45,1602,Minimax-PPO,28,28.0,0.0,0.16,0.0,,,,,,,,,,,,1.0,0.0
Queue-nominal,0.45,1602,Minimax-PPO,29,29.0,0.0,0.16,0.0,,,,,,,,,,,,1.0,0.0
Queue-nominal,0.45,1602,Minimax-PPO,30,30.0,0.0,0.16,0.0,,,,,,,,,,,,1.0,0.0
Queue-nominal,0.45,1602,Minimax-PPO,31,31.0,0.0,0.16,0.0,,,,,,,,,,,,1.0,0.0
Queue-nominal,0.45,1602,Minimax-PPO,32,32.0,0.0,0.16,0.0,,,,,,,,,,,,1.0,0.0
Queue-nominal,0.45,1602,Minimax-PPO,33,33.0,0.0,0.16,0.0,,,,,,,,,,,,1.0,0.0
Queue-nominal,0.45,1602,Minimax-PPO,34,34.0,0.0,0.16,0.0,,,,,,,,,,,,1.0,0.0
Queue-nominal,0.45,1602,Minimax-PPO,35,35.0,0.0,0.16,0.0,,,,,,,,,,,,1.0,0.0
Queue-nominal,0.45,1602,Minimax-PPO,36,36.0,0.0,0.16,0.0,,,,,,,,,,,,1.0,0.0
Queue-nominal,0.45,1602,Minimax-PPO,37,37.0,0.0,0.16,0.0,,,,,,,,,,,,1.0,0.0
Queue-nominal,0.45,1602,Minimax-PPO,38,38.0,0.0,0.16,0.0,,,,,,,,,,,,1.0,0.0
Queue-nominal,0.45,1602,Minimax-PPO,39,39.0,0.0,0.16,0.0,,,,,,,,,,,,1.0,0.0
Queue-nominal,0.45,1602,Minimax-PPO,40,40.0,0.0,0.16,0.0,,,,,,,,,,,,1.0,0.0
Queue-nominal,0.45,1602,Minimax-PPO,41,41.0,0.0,0.16,0.0,,,,,,,,,,,,1.0,0.0
Queue-nominal,0.45,1602,Minimax-PPO,42,42.0,0.0,0.16,0.0,,,,,,,,,,,,1.0,0.0
Queue-nominal,0.45,1602,Minimax-PPO,43,43.0,0.0,0.16,0.0,,,,,,,,,,,,1.0,0.0
Queue-nominal,0.45,1602,Minimax-PPO,44,44.0,0.0,0.16,0.0,,,,,,,,,,,,1.0,0.0
Queue-nominal,0.45,1602,Minimax-PPO,45,45.0,0.0,0.16,0.0,,,,,,,,,,,,1.0,0.0
Queue-nominal,0.45,1602,Minimax-PPO,46,46.0,0.0,0.16,0.0,,,,,,,,,,,,1.0,0.0
Queue-nominal,0.45,1602,Minimax-PPO,47,47.0,0.0,0.16,0.0,,,,,,,,,,,,1.0,0.0
Queue-nominal,0.45,1602,Minimax-PPO,48,48.0,0.0,0.16,0.0,,,,,,,,,,,,1.0,0.0
Queue-nominal,0.45,1602,Minimax-PPO,49,49.0,0.0,0.16,0.0,,,,,,,,,,,,1.0,0.0
Queue-nominal,0.45,1602,Minimax-PPO,50,50.0,0.0,0.16,0.0,,,,,,,,,,,,1.0,0.0
Queue-nominal,0.45,1602,Minimax-PPO,51,51.0,0.0,0.16,0.0,,,,,,,,,,,,1.0,0.0
Queue-nominal,0.45,1602,Minimax-PPO,52,52.0,0.0,0.16,0.0,,,,,,,,,,,,1.0,0.0
Queue-nominal,0.45,1602,Minimax-PPO,53,53.0,0.0,0.16,0.0,,,,,,,,,,,,1.0,0.0
Queue-nominal,0.45,1602,Minimax-PPO,54,54.0,0.0,0.16,0.0,,,,,,,,,,,,1.0,0.0
Queue-nominal,0.45,1602,Minimax-PPO,55,55.0,0.0,0.16,0.0,,,,,,,,,,,,1.0,0.0
Queue-nominal,0.45,1602,Minimax-PPO,56,56.0,0.0,0.16,0.0,,,,,,,,,,,,1.0,0.0
Queue-nominal,0.45,1602,Minimax-PPO,57,57.0,0.0,0.16,0.0,,,,,,,,,,,,1.0,0.0
Queue-nominal,0.45,1602,Minimax-PPO,58,58.0,0.0,0.16,0.0,,,,,,,,,,,,1.0,0.0
Queue-nominal,0.45,1602,Minimax-PPO,59,59.0,0.0,0.16,0.0,,,,,,,,,,,,1.0,0.0
Queue-nominal,0.45,1602,Minimax-PPO,60,60.0,0.0,0.16,0.0,,,,,,,,,,,,1.0,0.0
Queue-nominal,0.45,1602,GDA,1,1.0,0.0,0.16,0.0,,,,,,,,,,,,1.0,0.0
Queue-nominal,0.45,1602,GDA,2,2.0,0.0,0.16,0.0,,,,,,,,,,,,1.0,0.0
Queue-nominal,0.45,1602,GDA,3,3.0,0.0,0.16,0.0,,,,,,,,,,,,1.0,0.0
Queue-nominal,0.45,1602,GDA,4,4.0,0.0,0.16,0.0,,,,,,,,,,,,1.0,0.0
Queue-nominal,0.45,1602,GDA,5,5.0,0.0,0.16,0.0,,,,,,,,,,,,1.0,0.0
Queue-nominal,0.45,1602,GDA,6,6.0,0.0,0.16,0.0,,,,,,,,,,,,1.0,0.0
Queue-nominal,0.45,1602,GDA,7,7.0,0.0,0.16,0.0,,,,,,,,,,,,1.0,0.0
Queue-nominal,0.45,1602,GDA,8,8.0,0.0,0.16,0.0,,,,,,,,,,,,1.0,0.0
Queue-nominal,0.45,1602,GDA,9,9.0,0.0,0.16,0.0,,,,,,,,,,,,1.0,0.0
Queue-nominal,0.45,1602,GDA,10,10.0,0.0,0.16,0.0,,,,,,,,,,,,1.0,0.0
Queue-nominal,0.45,1602,GDA,11,11.0,0.0,0.16,0.0,,,,,,,,,,,,1.0,0.0
Queue-nominal,0.45,1602,GDA,12,12.0,0.0,0.16,0.0,,,,,,,,,,,,1.0,0.0
Queue-nominal,0.45,1602,GDA,13,13.0,0.0,0.16,0.0,,,,,,,,,,,,1.0,0.0
Queue-nominal,0.45,1602,GDA,14,14.0,0.0,0.16,0.0,,,,,,,,,,,,1.0,0.0
Queue-nominal,0.45,1602,GDA,15,15.0,0.0,0.16,0.0,,,,,,,,,,,,1.0,0.0
Queue-nominal,0.45,1602,GDA,16,16.0,0.0,0.16,0.0,,,,,,,,,,,,1.0,0.0
Queue-nominal,0.45,1602,GDA,17,17.0,0.0,0.16,0.0,,,,,,,,,,,,1.0,0.0
Queue-nominal,0.45,1602,GDA,18,18.0,0.0,0.16,0.0,,,,,,,,,,,,1.0,0.0
Queue-nominal,0.45,1602,GDA,19,19.0,0.0,0.16,0.0,,,,,,,,,,,,1.0,0.0
Queue-nominal,0.45,1602,GDA,20,20.0,0.0,0.16,0.0,,,,,,,,,,,,1.0,0.0
Queue-nominal,0.45,1602,GDA,21,21.0,0.0,0.16,0.0,,,,,,,,,,,,1.0,0.0
Queue-nominal,0.45,1602,GDA,22,22.0,0.0,0.16,0.0,,,,,,,,,,,,1.0,0.0
Queue-nominal,0.45,1602,GDA,23,23.0,0.0,0.16,0.0,,,,,,,,,,,,1.0,0.0
Queue-nominal,0.45,1602,GDA,24,24.0,0.0,0.16,0.0,,,,,,,,,,,,1.0,0.0
Queue-nominal,0.45,1602,GDA,25,25.0,0.0,0.16,0.0,,,,,,,,,,,,1.0,0.0
Queue-nominal,0.45,1602,GDA,26,26.0,0.0,0.16,0.0,,,,,,,,,,,,1.0,0.0
Queue-nominal,0.45,1602,GDA,27,27.0,0.0,0.16,0.0,,,,,,,,,,,,1.0,0.0
Queue-nominal,0.45,1602,GDA,28,28.0,0.0,0.16,0.0,,,,,,,,,,,,1.0,0.0
Queue-nominal,0.45,1602,GDA,29,29.0,0.0,0.16,0.0,,,,,,,,,,,,1.0,0.0
Queue-nominal,0.45,1602,GDA,30,30.0,0.0,0.16,0.0,,,,,,,,,,,,1.0,0.0
Queue-nominal,0.45,1602,GDA,31,31.0,0.0,0.16,0.0,,,,,,,,,,,,1.0,0.0
Queue-nominal,0.45,1602,GDA,32,32.0,0.0,0.16,0.0,,,,,,,,,,,,1.0,0.0
Queue-nominal,0.45,1602,GDA,33,33.0,0.0,0.16,0.0,,,,,,,,,,,,1.0,0.0
Queue-nominal,0.45,1602,GDA,34,34.0,0.0,0.16,0.0,,,,,,,,,,,,1.0,0.0
Queue-nominal,0.45,1602,GDA,35,35.0,0.0,0.16,0.0,,,,,,,,,,,,1.0,0.0
Queue-nominal,0.45,1602,GDA,36,36.0,0.0,0.16,0.0,,,,,,,,,,,,1.0,0.0
Queue-nominal,0.45,1602,GDA,37,37.0,0.0,0.16,0.0,,,,,,,,,,,,1.0,0.0
Queue-nominal,0.45,1602,GDA,38,38.0,0.0,0.16,0.0,,,,,,,,,,,,1.0,0.0
Queue-nominal,0.45,1602,GDA,39,39.0,0.0,0.16,0.0,,,,,,,,,,,,1.0,0.0
Queue-nominal,0.45,1602,GDA,40,40.0,0.0,0.16,0.0,,,,,,,,,,,,1.0,0.0
Queue-nominal,0.45,1602,GDA,41,41.0,0.0,0.16,0.0,,,,,,,,,,,,1.0,0.0
Queue-nominal,0.45,1602,GDA,42,42.0,0.0,0.16,0.0,,,,,,,,,,,,1.0,0.0
Queue-nominal,0.45,1602,GDA,43,43.0,0.0,0.16,0.0,,,,,,,,,,,,1.0,0.0
Queue-nominal,0.45,1602,GDA,44,44.0,0.0,0.16,0.0,,,,,,,,,,,,1.0,0.0
Queue-nominal,0.45,1602,GDA,45,45.0,0.0,0.16,0.0,,,,,,,,,,,,1.0,0.0
Queue-nominal,0.45,1602,GDA,46,46.0,0.0,0.16,0.0,,,,,,,,,,,,1.0,0.0
Queue-nominal,0.45,1602,GDA,47,47.0,0.0,0.16,0.0,,,,,,,,,,,,1.0,0.0
Queue-nominal,0.45,1602,GDA,48,48.0,0.0,0.16,0.0,,,,,,,,,,,,1.0,0.0
Queue-nominal,0.45,1602,GDA,49,49.0,0.0,0.16,0.0,,,,,,,,,,,,1.0,0.0
Queue-nominal,0.45,1602,GDA,50,50.0,0.0,0.16,0.0,,,,,,,,,,,,1.0,0.0
Queue-nominal,0.45,1602,GDA,51,51.0,0.0,0.16,0.0,,,,,,,,,,,,1.0,0.0
Queue-nominal,0.45,1602,GDA,52,52.0,0.0,0.16,0.0,,,,,,,,,,,,1.0,0.0
Queue-nominal,0.45,1602,GDA,53,53.0,0.0,0.16,0.0,,,,,,,,,,,,1.0,0.0
Queue-nominal,0.45,1602,GDA,54,54.0,0.0,0.16,0.0,,,,,,,,,,,,1.0,0.0
Queue-nominal,0.45,1602,GDA,55,55.0,0.0,0.16,0.0,,,,,,,,,,,,1.0,0.0
Queue-nominal,0.45,1602,GDA,56,56.0,0.0,0.16,0.0,,,,,,,,,,,,1.0,0.0
Queue-nominal,0.45,1602,GDA,57,57.0,0.0,0.16,0.0,,,,,,,,,,,,1.0,0.0
Queue-nominal,0.45,1602,GDA,58,58.0,0.0,0.16,0.0,,,,,,,,,,,,1.0,0.0
Queue-nominal,0.45,1602,GDA,59,59.0,0.0,0.16,0.0,,,,,,,,,,,,1.0,0.0
Queue-nominal,0.45,1602,GDA,60,60.0,0.0,0.16,0.0,,,,,,,,,,,,1.0,0.0
Queue-nominal,0.45,1602,EGM,1,1.0,0.0,0.16,0.0,,,,,,,,,,,,1.0,0.0
Queue-nominal,0.45,1602,EGM,2,2.0,0.0,0.16,0.0,,,,,,,,,,,,1.0,0.0
Queue-nominal,0.45,1602,EGM,3,3.0,0.0,0.16,0.0,,,,,,,,,,,,1.0,0.0
Queue-nominal,0.45,1602,EGM,4,4.0,0.0,0.16,0.0,,,,,,,,,,,,1.0,0.0
Queue-nominal,0.45,1602,EGM,5,5.0,0.0,0.16,0.0,,,,,,,,,,,,1.0,0.0
Queue-nominal,0.45,1602,EGM,6,6.0,0.0,0.16,0.0,,,,,,,,,,,,1.0,0.0
Queue-nominal,0.45,1602,EGM,7,7.0,0.0,0.16,0.0,,,,,,,,,,,,1.0,0.0
Queue-nominal,0.45,1602,EGM,8,8.0,0.0,0.16,0.0,,,,,,,,,,,,1.0,0.0
Queue-nominal,0.45,1602,EGM,9,9.0,0.0,0.16,0.0,,,,,,,,,,,,1.0,0.0
Queue-nominal,0.45,1602,EGM,10,10.0,0.0,0.16,0.0,,,,,,,,,,,,1.0,0.0
Queue-nominal,0.45,1602,EGM,11,11.0,0.0,0.16,0.0,,,,,,,,,,,,1.0,0.0
Queue-nominal,0.45,1602,EGM,12,12.0,0.0,0.16,0.0,,,,,,,,,,,,1.0,0.0
Queue-nominal,0.45,1602,EGM,13,13.0,0.0,0.16,0.0,,,,,,,,,,,,1.0,0.0
Queue-nominal,0.45,1602,EGM,14,14.0,0.0,0.16,0.0,,,,,,,,,,,,1.0,0.0
Queue-nominal,0.45,1602,EGM,15,15.0,0.0,0.16,0.0,,,,,,,,,,,,1.0,0.0
Queue-nominal,0.45,1602,EGM,16,16.0,0.0,0.16,0.0,,,,,,,,,,,,1.0,0.0
Queue-nominal,0.45,1602,EGM,17,17.0,0.0,0.16,0.0,,,,,,,,,,,,1.0,0.0
Queue-nominal,0.45,1602,EGM,18,18.0,0.0,0.16,0.0,,,,,,,,,,,,1.0,0.0
Queue-nominal,0.45,1602,EGM,19,19.0,0.0,0.16,0.0,,,,,,,,,,,,1.0,0.0
Queue-nominal,0.45,1602,EGM,20,20.0,0.0,0.16,0.0,,,,,,,,,,,,1.0,0.0
Queue-nominal,0.45,1602,EGM,21,21.0,0.0,0.16,0.0,,,,,,,,,,,,1.0,0.0
Queue-nominal,0.45,1602,EGM,22,22.0,0.0,0.16,0.0,,,,,,,,,,,,1.0,0.0
Queue-nominal,0.45,1602,EGM,23,23.0,0.0,0.16,0.0,,,,,,,,,,,,1.0,0.0
Queue-nominal,0.45,1602,EGM,24,24.0,0.0,0.16,0.0,,,,,,,,,,,,1.0,0.0
Queue-nominal,0.45,1602,EGM,25,25.0,0.0,0.16,0.0,,,,,,,,,,,,1.0,0.0
Queue-nominal,0.45,1602,EGM,26,26.0,0.0,0.16,0.0,,,,,,,,,,,,1.0,0.0
Queue-nominal,0.45,1602,EGM,27,27.0,0.0,0.16,0.0,,,,,,,,,,,,1.0,0.0
Queue-nominal,0.45,1602,EGM,28,28.0,0.0,0.16,0.0,,,,,,,,,,,,1.0,0.0
Queue-nominal,0.45,1602,EGM,29,29.0,0.0,0.16,0.0,,,,,,,,,,,,1.0,0.0
Queue-nominal,0.45,1602,EGM,30,30.0,0.0,0.16,0.0,,,,,,,,,,,,1.0,0.0
Queue-nominal,0.45,1602,EGM,31,31.0,0.0,0.16,0.0,,,,,,,,,,,,1.0,0.0
Queue-nominal,0.45,1602,EGM,32,32.0,0.0,0.16,0.0,,,,,,,,,,,,1.0,0.0
Queue-nominal,0.45,1602,EGM,33,33.0,0.0,0.16,0.0,,,,,,,,,,,,1.0,0.0
Queue-nominal,0.45,1602,EGM,34,34.0,0.0,0.16,0.0,,,,,,,,,,,,1.0,0.0
Queue-nominal,0.45,1602,EGM,35,35.0,0.0,0.16,0.0,,,,,,,,,,,,1.0,0.0
Queue-nominal,0.45,1602,EGM,36,36.0,0.0,0.16,0.0,,,,,,,,,,,,1.0,0.0
Queue-nominal,0.45,1602,EGM,37,37.0,0.0,0.16,0.0,,,,,,,,,,,,1.0,0.0
Queue-nominal,0.45,1602,EGM,38,38.0,0.0,0.16,0.0,,,,,,,,,,,,1.0,0.0
Queue-nominal,0.45,1602,EGM,39,39.0,0.0,0.16,0.0,,,,,,,,,,,,1.0,0.0
Queue-nominal,0.45,1602,EGM,40,40.0,0.0,0.16,0.0,,,,,,,,,,,,1.0,0.0
Queue-nominal,0.45,1602,EGM,41,41.0,0.0,0.16,0.0,,,,,,,,,,,,1.0,0.0
Queue-nominal,0.45,1602,EGM,42,42.0,0.0,0.16,0.0,,,,,,,,,,,,1.0,0.0
Queue-nominal,0.45,1602,EGM,43,43.0,0.0,0.16,0.0,,,,,,,,,,,,1.0,0.0
Queue-nominal,0.45,1602,EGM,44,44.0,0.0,0.16,0.0,,,,,,,,,,,,1.0,0.0
Queue-nominal,0.45,1602,EGM,45,45.0,0.0,0.16,0.0,,,,,,,,,,,,1.0,0.0
Queue-nominal,0.45,1602,EGM,46,46.0,0.0,0.16,0.0,,,,,,,,,,,,1.0,0.0
Queue-nominal,0.45,1602,EGM,47,47.0,0.0,0.16,0.0,,,,,,,,,,,,1.0,0.0
Queue-nominal,0.45,1602,EGM,48,48.0,0.0,0.16,0.0,,,,,,,,,,,,1.0,0.0
Queue-nominal,0.45,1602,EGM,49,49.0,0.0,0.16,0.0,,,,,,,,,,,,1.0,0.0
Queue-nominal,0.45,1602,EGM,50,50.0,0.0,0.16,0.0,,,,,,,,,,,,1.0,0.0
Queue-nominal,0.45,1602,EGM,51,51.0,0.0,0.16,0.0,,,,,,,,,,,,1.0,0.0
Queue-nominal,0.45,1602,EGM,52,52.0,0.0,0.16,0.0,,,,,,,,,,,,1.0,0.0
Queue-nominal,0.45,1602,EGM,53,53.0,0.0,0.16,0.0,,,,,,,,,,,,1.0,0.0
Queue-nominal,0.45,1602,EGM,54,54.0,0.0,0.16,0.0,,,,,,,,,,,,1.0,0.0
Queue-nominal,0.45,1602,EGM,55,55.0,0.0,0.16,0.0,,,,,,,,,,,,1.0,0.0
Queue-nominal,0.45,1602,EGM,56,56.0,0.0,0.16,0.0,,,,,,,,,,,,1.0,0.0
Queue-nominal,0.45,1602,EGM,57,57.0,0.0,0.16,0.0,,,,,,,,,,,,1.0,0.0
Queue-nominal,0.45,1602,EGM,58,58.0,0.0,0.16,0.0,,,,,,,,,,,,1.0,0.0
Queue-nominal,0.45,1602,EGM,59,59.0,0.0,0.16,0.0,,,,,,,,,,,,1.0,0.0
Queue-nominal,0.45,1602,EGM,60,60.0,0.0,0.16,0.0,,,,,,,,,,,,1.0,0.0
Queue-nominal,0.45,1602,PPM-3,1,3.0,0.0,0.16,0.0,,,,,,,,,,,,3.0,0.0
Queue-nominal,0.45,1602,PPM-3,2,6.0,0.0,0.16,0.0,,,,,,,,,,,,3.0,0.0
Queue-nominal,0.45,1602,PPM-3,3,9.0,0.0,0.16,0.0,,,,,,,,,,,,3.0,0.0
Queue-nominal,0.45,1602,PPM-3,4,12.0,0.0,0.16,0.0,,,,,,,,,,,,3.0,0.0
Queue-nominal,0.45,1602,PPM-3,5,15.0,0.0,0.16,0.0,,,,,,,,,,,,3.0,0.0
Queue-nominal,0.45,1602,PPM-3,6,18.0,0.0,0.16,0.0,,,,,,,,,,,,3.0,0.0
Queue-nominal,0.45,1602,PPM-3,7,21.0,0.0,0.16,0.0,,,,,,,,,,,,3.0,0.0
Queue-nominal,0.45,1602,PPM-3,8,24.0,0.0,0.16,0.0,,,,,,,,,,,,3.0,0.0
Queue-nominal,0.45,1602,PPM-3,9,27.0,0.0,0.16,0.0,,,,,,,,,,,,3.0,0.0
Queue-nominal,0.45,1602,PPM-3,10,30.0,0.0,0.16,0.0,,,,,,,,,,,,3.0,0.0
Queue-nominal,0.45,1602,PPM-3,11,33.0,0.0,0.16,0.0,,,,,,,,,,,,3.0,0.0
Queue-nominal,0.45,1602,PPM-3,12,36.0,0.0,0.16,0.0,,,,,,,,,,,,3.0,0.0
Queue-nominal,0.45,1602,PPM-3,13,39.0,0.0,0.16,0.0,,,,,,,,,,,,3.0,0.0
Queue-nominal,0.45,1602,PPM-3,14,42.0,0.0,0.16,0.0,,,,,,,,,,,,3.0,0.0
Queue-nominal,0.45,1602,PPM-3,15,45.0,0.0,0.16,0.0,,,,,,,,,,,,3.0,0.0
Queue-nominal,0.45,1602,PPM-3,16,48.0,0.0,0.16,0.0,,,,,,,,,,,,3.0,0.0
Queue-nominal,0.45,1602,PPM-3,17,51.0,0.0,0.16,0.0,,,,,,,,,,,,3.0,0.0
Queue-nominal,0.45,1602,PPM-3,18,54.0,0.0,0.16,0.0,,,,,,,,,,,,3.0,0.0
Queue-nominal,0.45,1602,PPM-3,19,57.0,0.0,0.16,0.0,,,,,,,,,,,,3.0,0.0
Queue-nominal,0.45,1602,PPM-3,20,60.0,0.0,0.16,0.0,,,,,,,,,,,,3.0,0.0
Queue-nominal,0.45,1602,PPM-3,21,63.0,0.0,0.16,0.0,,,,,,,,,,,,3.0,0.0
Queue-nominal,0.45,1602,PPM-3,22,66.0,0.0,0.16,0.0,,,,,,,,,,,,3.0,0.0
Queue-nominal,0.45,1602,PPM-3,23,69.0,0.0,0.16,0.0,,,,,,,,,,,,3.0,0.0
Queue-nominal,0.45,1602,PPM-3,24,72.0,0.0,0.16,0.0,,,,,,,,,,,,3.0,0.0
Queue-nominal,0.45,1602,PPM-3,25,75.0,0.0,0.16,0.0,,,,,,,,,,,,3.0,0.0
Queue-nominal,0.45,1602,PPM-3,26,78.0,0.0,0.16,0.0,,,,,,,,,,,,3.0,0.0
Queue-nominal,0.45,1602,PPM-3,27,81.0,0.0,0.16,0.0,,,,,,,,,,,,3.0,0.0
Queue-nominal,0.45,1602,PPM-3,28,84.0,0.0,0.16,0.0,,,,,,,,,,,,3.0,0.0
Queue-nominal,0.45,1602,PPM-3,29,87.0,0.0,0.16,0.0,,,,,,,,,,,,3.0,0.0
Queue-nominal,0.45,1602,PPM-3,30,90.0,0.0,0.16,0.0,,,,,,,,,,,,3.0,0.0
Queue-nominal,0.45,1602,PPM-3,31,93.0,0.0,0.16,0.0,,,,,,,,,,,,3.0,0.0
Queue-nominal,0.45,1602,PPM-3,32,96.0,0.0,0.16,0.0,,,,,,,,,,,,3.0,0.0
Queue-nominal,0.45,1602,PPM-3,33,99.0,0.0,0.16,0.0,,,,,,,,,,,,3.0,0.0
Queue-nominal,0.45,1602,PPM-3,34,102.0,0.0,0.16,0.0,,,,,,,,,,,,3.0,0.0
Queue-nominal,0.45,1602,PPM-3,35,105.0,0.0,0.16,0.0,,,,,,,,,,,,3.0,0.0
Queue-nominal,0.45,1602,PPM-3,36,108.0,0.0,0.16,0.0,,,,,,,,,,,,3.0,0.0
Queue-nominal,0.45,1602,PPM-3,37,111.0,0.0,0.16,0.0,,,,,,,,,,,,3.0,0.0
Queue-nominal,0.45,1602,PPM-3,38,114.0,0.0,0.16,0.0,,,,,,,,,,,,3.0,0.0
Queue-nominal,0.45,1602,PPM-3,39,117.0,0.0,0.16,0.0,,,,,,,,,,,,3.0,0.0
Queue-nominal,0.45,1602,PPM-3,40,120.0,0.0,0.16,0.0,,,,,,,,,,,,3.0,0.0
Queue-nominal,0.45,1602,PPM-3,41,123.0,0.0,0.16,0.0,,,,,,,,,,,,3.0,0.0
Queue-nominal,0.45,1602,PPM-3,42,126.0,0.0,0.16,0.0,,,,,,,,,,,,3.0,0.0
Queue-nominal,0.45,1602,PPM-3,43,129.0,0.0,0.16,0.0,,,,,,,,,,,,3.0,0.0
Queue-nominal,0.45,1602,PPM-3,44,132.0,0.0,0.16,0.0,,,,,,,,,,,,3.0,0.0
Queue-nominal,0.45,1602,PPM-3,45,135.0,0.0,0.16,0.0,,,,,,,,,,,,3.0,0.0
Queue-nominal,0.45,1602,PPM-3,46,138.0,0.0,0.16,0.0,,,,,,,,,,,,3.0,0.0
Queue-nominal,0.45,1602,PPM-3,47,141.0,0.0,0.16,0.0,,,,,,,,,,,,3.0,0.0
Queue-nominal,0.45,1602,PPM-3,48,144.0,0.0,0.16,0.0,,,,,,,,,,,,3.0,0.0
Queue-nominal,0.45,1602,PPM-3,49,147.0,0.0,0.16,0.0,,,,,,,,,,,,3.0,0.0
Queue-nominal,0.45,1602,PPM-3,50,150.0,0.0,0.16,0.0,,,,,,,,,,,,3.0,0.0
Queue-nominal,0.45,1602,PPM-3,51,153.0,0.0,0.16,0.0,,,,,,,,,,,,3.0,0.0
Queue-nominal,0.45,1602,PPM-3,52,156.0,0.0,0.16,0.0,,,,,,,,,,,,3.0,0.0
Queue-nominal,0.45,1602,PPM-3,53,159.0,0.0,0.16,0.0,,,,,,,,,,,,3.0,0.0
Queue-nominal,0.45,1602,PPM-3,54,162.0,0.0,0.16,0.0,,,,,,,,,,,,3.0,0.0
Queue-nominal,0.45,1602,PPM-3,55,165.0,0.0,0.16,0.0,,,,,,,,,,,,3.0,0.0
Queue-nominal,0.45,1602,PPM-3,56,168.0,0.0,0.16,0.0,,,,,,,,,,,,3.0,0.0
Queue-nominal,0.45,1602,PPM-3,57,171.0,0.0,0.16,0.0,,,,,,,,,,,,3.0,0.0
Queue-nominal,0.45,1602,PPM-3,58,174.0,0.0,0.16,0.0,,,,,,,,,,,,3.0,0.0
Queue-nominal,0.45,1602,PPM-3,59,177.0,0.0,0.16,0.0,,,,,,,,,,,,3.0,0.0
Queue-nominal,0.45,1602,PPM-3,60,180.0,0.0,0.16,0.0,,,,,,,,,,,,3.0,0.0
Queue-nominal,0.45,1603,QP+G,1,1.0,1.0,0.24,1.541075665813363,0.15573537712914998,-0.05060701514681177,0.16579813854834102,0.025820635634136946,1.0,0.0,0.0,-0.024864892071388277,-0.024581947278472516,0.0002829447929157611,5.0,1.0,1.0
Queue-nominal,0.45,1603,QP+G,2,2.0,2.0,0.24,1.5507427515923928,0.1547645473458148,-0.0722925432809668,0.16644146475128105,0.025759237951806402,1.0,0.0,0.0,-0.01938892025584347,-0.019018277274234663,0.00037064298160880554,5.0,1.0,1.0
Queue-nominal,0.45,1603,QP+G,3,3.0,3.0,0.24,1.5494421034360535,0.15489446134694182,-0.09382062477210266,0.16750518995928496,0.02594562617156061,1.0,0.0,0.0,-0.013501533148230936,-0.013125804514729111,0.00037572863350182444,5.0,1.0,1.0
Queue-nominal,0.45,1603,QP+G,4,4.0,4.0,0.24,1.3552160767330839,0.15626119075456785,-0.11469774889601361,0.1690099060694616,0.026409689171731733,1.0,0.0,0.0,-0.007520135430555436,-0.007152151613356139,0.0003679838171992966,5.0,1.0,1.0
Queue-nominal,0.45,1603,QP+G,5,5.0,5.0,0.24,0.0,0.1588100581636694,-0.13346604231291265,0.1708214600270465,0.02712816600249818,0.0,0.0,0.0,-0.004195636367203548,-0.00420143423242525,-5.79786522170167e-06,5.0,1.0,1.0
Queue-nominal,0.45,1603,QP+G,6,6.0,6.0,0.24,0.0,0.16110586681821382,-0.147041011672874,0.1717183364911935,0.027664831448995446,0.0,1.0,0.0,-0.0021585751157528,-0.0021309696290789937,2.760548667380628e-05,5.0,1.0,1.0
Queue-nominal,0.45,1603,QP+G,7,7.0,7.0,0.10859126962311544,0.20751721317439578,0.16360585750037202,-0.1600122936577158,0.17272334523568172,0.028258551007616504,1.0,0.0,0.0,-0.0002739229226362657,-0.0002312932261325784,4.262969650368727e-05,5.0,1.0,1.0
Queue-nominal,0.45,1603,QP+G,8,8.0,8.0,0.0,0.05118999255325016,0.165037849896822,-0.16552957666818824,0.17340809900514886,0.028618899814505005,1.0,0.0,0.0,-2.4144202558551696e-06,-2.4128950140145378e-06,1.5252418406317963e-09,5.0,1.0,1.0
Queue-nominal,0.45,1603,QP+G,9,9.0,9.0,0.0,0.0,0.1650980248090636,-0.16549481899697402,0.17345448658747056,0.028636993129861604,0.0,0.0,0.0,0.0,0.0,0.0,5.0,1.0,1.0
Queue-nominal,0.45,1603,QP+G,10,10.0,10.0,0.0,0.0,0.1650980248090636,-0.16549481899697402,0.17345448658747056,0.028636993129861604,0.0,0.0,0.0,0.0,0.0,0.0,5.0,1.0,1.0
Queue-nominal,0.45,1603,QP+G,11,11.0,11.0,0.0,0.0,0.1650980248090636,-0.16549481899697402,0.17345448658747056,0.028636993129861604,0.0,0.0,0.0,0.0,0.0,0.0,5.0,1.0,1.0
Queue-nominal,0.45,1603,QP+G,12,12.0,12.0,0.0,0.0,0.1650980248090636,-0.16549481899697402,0.17345448658747056,0.028636993129861604,0.0,0.0,0.0,0.0,0.0,0.0,5.0,1.0,1.0
Queue-nominal,0.45,1603,QP+G,13,13.0,13.0,0.0,0.0,0.1650980248090636,-0.16549481899697402,0.17345448658747056,0.028636993129861604,0.0,0.0,0.0,0.0,0.0,0.0,5.0,1.0,1.0
Queue-nominal,0.45,1603,QP+G,14,14.0,14.0,0.0,0.0,0.1650980248090636,-0.16549481899697402,0.17345448658747056,0.028636993129861604,0.0,0.0,0.0,0.0,0.0,0.0,5.0,1.0,1.0
Queue-nominal,0.45,1603,QP+G,15,15.0,15.0,0.0,0.0,0.1650980248090636,-0.16549481899697402,0.17345448658747056,0.028636993129861604,0.0,0.0,0.0,0.0,0.0,0.0,5.0,1.0,1.0
Queue-nominal,0.45,1603,QP+G,16,16.0,16.0,0.0,0.0,0.1650980248090636,-0.16549481899697402,0.17345448658747056,0.028636993129861604,0.0,0.0,0.0,0.0,0.0,0.0,5.0,1.0,1.0
Queue-nominal,0.45,1603,QP+G,17,17.0,17.0,0.0,0.0,0.1650980248090636,-0.16549481899697402,0.17345448658747056,0.028636993129861604,0.0,0.0,0.0,0.0,0.0,0.0,5.0,1.0,1.0
Queue-nominal,0.45,1603,QP+G,18,18.0,18.0,0.0,0.0,0.1650980248090636,-0.16549481899697402,0.17345448658747056,0.028636993129861604,0.0,0.0,0.0,0.0,0.0,0.0,5.0,1.0,1.0
Queue-nominal,0.45,1603,QP+G,19,19.0,19.0,0.0,0.0,0.1650980248090636,-0.16549481899697402,0.17345448658747056,0.028636993129861604,0.0,0.0,0.0,0.0,0.0,0.0,5.0,1.0,1.0
Queue-nominal,0.45,1603,QP+G,20,20.0,20.0,0.0,0.0,0.1650980248090636,-0.16549481899697402,0.17345448658747056,0.028636993129861604,0.0,0.0,0.0,0.0,0.0,0.0,5.0,1.0,1.0
Queue-nominal,0.45,1603,QP+G,21,21.0,21.0,0.0,0.0,0.1650980248090636,-0.16549481899697402,0.17345448658747056,0.028636993129861604,0.0,0.0,0.0,0.0,0.0,0.0,5.0,1.0,1.0
Queue-nominal,0.45,1603,QP+G,22,22.0,22.0,0.0,0.0,0.1650980248090636,-0.16549481899697402,0.17345448658747056,0.028636993129861604,0.0,0.0,0.0,0.0,0.0,0.0,5.0,1.0,1.0
Queue-nominal,0.45,1603,QP+G,23,23.0,23.0,0.0,0.0,0.1650980248090636,-0.16549481899697402,0.17345448658747056,0.028636993129861604,0.0,0.0,0.0,0.0,0.0,0.0,5.0,1.0,1.0
Queue-nominal,0.45,1603,QP+G,24,24.0,24.0,0.0,0.0,0.1650980248090636,-0.16549481899697402,0.17345448658747056,0.028636993129861604,0.0,0.0,0.0,0.0,0.0,0.0,5.0,1.0,1.0
Queue-nominal,0.45,1603,QP+G,25,25.0,25.0,0.0,0.0,0.1650980248090636,-0.16549481899697402,0.17345448658747056,0.028636993129861604,0.0,0.0,0.0,0.0,0.0,0.0,5.0,1.0,1.0
Queue-nominal,0.45,1603,QP+G,26,26.0,26.0,0.0,0.0,0.1650980248090636,-0.16549481899697402,0.17345448658747056,0.028636993129861604,0.0,0.0,0.0,0.0,0.0,0.0,5.0,1.0,1.0
Queue-nominal,0.45,1603,QP+G,27,27.0,27.0,0.0,0.0,0.1650980248090636,-0.16549481899697402,0.17345448658747056,0.028636993129861604,0.0,0.0,0.0,0.0,0.0,0.0,5.0,1.0,1.0
Queue-nominal,0.45,1603,QP+G,28,28.0,28.0,0.0,0.0,0.1650980248090636,-0.16549481899697402,0.17345448658747056,0.028636993129861604,0.0,0.0,0.0,0.0,0.0,0.0,5.0,1.0,1.0
Queue-nominal,0.45,1603,QP+G,29,29.0,29.0,0.0,0.0,0.1650980248090636,-0.16549481899697402,0.17345448658747056,0.028636993129861604,0.0,0.0,0.0,0.0,0.0,0.0,5.0,1.0,1.0
Queue-nominal,0.45,1603,QP+G,30,30.0,30.0,0.0,0.0,0.1650980248090636,-0.16549481899697402,0.17345448658747056,0.028636993129861604,0.0,0.0,0.0,0.0,0.0,0.0,5.0,1.0,1.0
Queue-nominal,0.45,1603,QP+G,31,31.0,31.0,0.0,0.0,0.1650980248090636,-0.16549481899697402,0.17345448658747056,0.028636993129861604,0.0,0.0,0.0,0.0,0.0,0.0,5.0,1.0,1.0
Queue-nominal,0.45,1603,QP+G,32,32.0,32.0,0.0,0.0,0.1650980248090636,-0.16549481899697402,0.17345448658747056,0.028636993129861604,0.0,0.0,0.0,0.0,0.0,0.0,5.0,1.0,1.0
Queue-nominal,0.45,1603,QP+G,33,33.0,33.0,0.0,0.0,0.1650980248090636,-0.16549481899697402,0.17345448658747056,0.028636993129861604,0.0,0.0,0.0,0.0,0.0,0.0,5.0,1.0,1.0
Queue-nominal,0.45,1603,QP+G,34,34.0,34.0,0.0,0.0,0.1650980248090636,-0.16549481899697402,0.17345448658747056,0.028636993129861604,0.0,0.0,0.0,0.0,0.0,0.0,5.0,1.0,1.0
Queue-nominal,0.45,1603,QP+G,35,35.0,35.0,0.0,0.0,0.1650980248090636,-0.16549481899697402,0.17345448658747056,0.028636993129861604,0.0,0.0,0.0,0.0,0.0,0.0,5.0,1.0,1.0
Queue-nominal,0.45,1603,QP+G,36,36.0,36.0,0.0,0.0,0.1650980248090636,-0.16549481899697402,0.17345448658747056,0.028636993129861604,0.0,0.0,0.0,0.0,0.0,0.0,5.0,1.0,1.0
Queue-nominal,0.45,1603,QP+G,37,37.0,37.0,0.0,0.0,0.1650980248090636,-0.16549481899697402,0.17345448658747056,0.028636993129861604,0.0,0.0,0.0,0.0,0.0,0.0,5.0,1.0,1.0
Queue-nominal,0.45,1603,QP+G,38,38.0,38.0,0.0,0.0,0.1650980248090636,-0.16549481899697402,0.17345448658747056,0.028636993129861604,0.0,0.0,0.0,0.0,0.0,0.0,5.0,1.0,1.0
Queue-nominal,0.45,1603,QP+G,39,39.0,39.0,0.0,0.0,0.1650980248090636,-0.16549481899697402,0.17345448658747056,0.028636993129861604,0.0,0.0,0.0,0.0,0.0,0.0,5.0,1.0,1.0
Queue-nominal,0.45,1603,QP+G,40,40.0,40.0,0.0,0.0,0.1650980248090636,-0.16549481899697402,0.17345448658747056,0.028636993129861604,0.0,0.0,0.0,0.0,0.0,0.0,5.0,1.0,1.0
Queue-nominal,0.45,1603,QP+G,41,41.0,41.0,0.0,0.0,0.1650980248090636,-0.16549481899697402,0.17345448658747056,0.028636993129861604,0.0,0.0,0.0,0.0,0.0,0.0,5.0,1.0,1.0
Queue-nominal,0.45,1603,QP+G,42,42.0,42.0,0.0,0.0,0.1650980248090636,-0.16549481899697402,0.17345448658747056,0.028636993129861604,0.0,0.0,0.0,0.0,0.0,0.0,5.0,1.0,1.0
Queue-nominal,0.45,1603,QP+G,43,43.0,43.0,0.0,0.0,0.1650980248090636,-0.16549481899697402,0.17345448658747056,0.028636993129861604,0.0,0.0,0.0,0.0,0.0,0.0,5.0,1.0,1.0
Queue-nominal,0.45,1603,QP+G,44,44.0,44.0,0.0,0.0,0.1650980248090636,-0.16549481899697402,0.17345448658747056,0.028636993129861604,0.0,0.0,0.0,0.0,0.0,0.0,5.0,1.0,1.0
Queue-nominal,0.45,1603,QP+G,45,45.0,45.0,0.0,0.0,0.1650980248090636,-0.16549481899697402,0.17345448658747056,0.028636993129861604,0.0,0.0,0.0,0.0,0.0,0.0,5.0,1.0,1.0
Queue-nominal,0.45,1603,QP+G,46,46.0,46.0,0.0,0.0,0.1650980248090636,-0.16549481899697402,0.17345448658747056,0.028636993129861604,0.0,0.0,0.0,0.0,0.0,0.0,5.0,1.0,1.0
Queue-nominal,0.45,1603,QP+G,47,47.0,47.0,0.0,0.0,0.1650980248090636,-0.16549481899697402,0.17345448658747056,0.028636993129861604,0.0,0.0,0.0,0.0,0.0,0.0,5.0,1.0,1.0
Queue-nominal,0.45,1603,QP+G,48,48.0,48.0,0.0,0.0,0.1650980248090636,-0.16549481899697402,0.17345448658747056,0.028636993129861604,0.0,0.0,0.0,0.0,0.0,0.0,5.0,1.0,1.0
Queue-nominal,0.45,1603,QP+G,49,49.0,49.0,0.0,0.0,0.1650980248090636,-0.16549481899697402,0.17345448658747056,0.028636993129861604,0.0,0.0,0.0,0.0,0.0,0.0,5.0,1.0,1.0
Queue-nominal,0.45,1603,QP+G,50,50.0,50.0,0.0,0.0,0.1650980248090636,-0.16549481899697402,0.17345448658747056,0.028636993129861604,0.0,0.0,0.0,0.0,0.0,0.0,5.0,1.0,1.0
Queue-nominal,0.45,1603,QP+G,51,51.0,51.0,0.0,0.0,0.1650980248090636,-0.16549481899697402,0.17345448658747056,0.028636993129861604,0.0,0.0,0.0,0.0,0.0,0.0,5.0,1.0,1.0
Queue-nominal,0.45,1603,QP+G,52,52.0,52.0,0.0,0.0,0.1650980248090636,-0.16549481899697402,0.17345448658747056,0.028636993129861604,0.0,0.0,0.0,0.0,0.0,0.0,5.0,1.0,1.0
Queue-nominal,0.45,1603,QP+G,53,53.0,53.0,0.0,0.0,0.1650980248090636,-0.16549481899697402,0.17345448658747056,0.028636993129861604,0.0,0.0,0.0,0.0,0.0,0.0,5.0,1.0,1.0
Queue-nominal,0.45,1603,QP+G,54,54.0,54.0,0.0,0.0,0.1650980248090636,-0.16549481899697402,0.17345448658747056,0.028636993129861604,0.0,0.0,0.0,0.0,0.0,0.0,5.0,1.0,1.0
Queue-nominal,0.45,1603,QP+G,55,55.0,55.0,0.0,0.0,0.1650980248090636,-0.16549481899697402,0.17345448658747056,0.028636993129861604,0.0,0.0,0.0,0.0,0.0,0.0,5.0,1.0,1.0
Queue-nominal,0.45,1603,QP+G,56,56.0,56.0,0.0,0.0,0.1650980248090636,-0.16549481899697402,0.17345448658747056,0.028636993129861604,0.0,0.0,0.0,0.0,0.0,0.0,5.0,1.0,1.0
Queue-nominal,0.45,1603,QP+G,57,57.0,57.0,0.0,0.0,0.1650980248090636,-0.16549481899697402,0.17345448658747056,0.028636993129861604,0.0,0.0,0.0,0.0,0.0,0.0,5.0,1.0,1.0
Queue-nominal,0.45,1603,QP+G,58,58.0,58.0,0.0,0.0,0.1650980248090636,-0.16549481899697402,0.17345448658747056,0.028636993129861604,0.0,0.0,0.0,0.0,0.0,0.0,5.0,1.0,1.0
Queue-nominal,0.45,1603,QP+G,59,59.0,59.0,0.0,0.0,0.1650980248090636,-0.16549481899697402,0.17345448658747056,0.028636993129861604,0.0,0.0,0.0,0.0,0.0,0.0,5.0,1.0,1.0
Queue-nominal,0.45,1603,QP+G,60,60.0,60.0,0.0,0.0,0.1650980248090636,-0.16549481899697402,0.17345448658747056,0.028636993129861604,0.0,0.0,0.0,0.0,0.0,0.0,5.0,1.0,1.0
Queue-nominal,0.45,1603,noG,1,1.0,0.0,0.24,0.0,0.0,0.0,0.16579813854834102,0.0,0.0,0.0,0.0,-0.011711408365271403,-0.011693705201974769,1.7703163296634017e-05,3.0,1.0,0.0
Queue-nominal,0.45,1603,noG,2,2.0,0.0,0.24,0.0,0.0,0.0,0.16615538869938135,0.0,0.0,0.0,0.0,-0.009688121954929407,-0.009675369190542682,1.2752764386725346e-05,3.0,1.0,0.0
Queue-nominal,0.45,1603,noG,3,3.0,0.0,0.24,0.0,0.0,0.0,0.16660883569865595,0.0,0.0,0.0,0.0,-0.00759418080366725,-0.007598969850745263,-4.789047078013198e-06,3.0,1.0,0.0
Queue-nominal,0.45,1603,noG,4,4.0,0.0,0.24,0.0,0.0,0.0,0.16716372285312583,0.0,0.0,0.0,0.0,-0.005547818971383123,-0.005572617918942591,-2.4798947559467877e-05,3.0,1.0,0.0
Queue-nominal,0.45,1603,noG,5,5.0,0.0,0.24,0.0,0.0,0.0,0.16782472177229216,0.0,0.0,0.0,0.0,-0.0036596884657136286,-0.0036891542664423405,-2.9465800728711855e-05,3.0,1.0,0.0
Queue-nominal,0.45,1603,noG,6,6.0,0.0,0.24,0.0,0.0,0.0,0.16859578309604717,0.0,0.0,0.0,0.0,-0.0019272813956838775,-0.0019428219540307268,-1.554055834684931e-05,3.0,1.0,0.0
Queue-nominal,0.45,1603,noG,7,7.0,0.0,0.14475136267281408,0.0,0.0,0.0,0.16947991757387673,0.0,0.0,0.0,0.0,-0.0004188088358670845,-0.0004180982265675759,7.106092995085912e-07,3.0,1.0,0.0
Queue-nominal,0.45,1603,noG,8,8.0,0.0,0.03603050474120519,0.0,0.0,0.0,0.17007028860118997,0.0,0.0,0.0,0.0,-2.6477394061921742e-05,-2.6439132513544905e-05,3.826154837683731e-08,3.0,1.0,0.0
Queue-nominal,0.45,1603,noG,9,9.0,0.0,0.009029712492224614,0.0,0.0,0.0,0.1702242532021275,0.0,0.0,0.0,0.0,-1.6762012524741515e-06,-1.676806538064568e-06,-6.052855904165331e-10,3.0,1.0,0.0
Queue-nominal,0.45,1603,noG,10,10.0,0.0,0.0022799340858481077,0.0,0.0,0.0,0.170263278828952,0.0,0.0,0.0,0.0,-1.0709182938171466e-07,-1.0744319522970613e-07,-3.513658479914724e-10,3.0,1.0,0.0
Queue-nominal,0.45,1603,noG,11,11.0,0.0,0.0005769176350988095,0.0,0.0,0.0,0.17027316041643656,0.0,0.0,0.0,0.0,-6.860873026318592e-09,-6.953677189613927e-09,-9.280416329533521e-11,3.0,1.0,0.0
Queue-nominal,0.45,1603,noG,12,12.0,0.0,0.0001460666990420441,0.0,0.0,0.0,0.17027566265124708,0.0,0.0,0.0,0.0,-4.398607248995771e-10,-4.6345149939952535e-10,-2.3590774499948234e-11,3.0,1.0,0.0
Queue-nominal,0.45,1603,noG,13,13.0,0.0,3.698719634156349e-05,0.0,0.0,0.0,0.17027629629307212,0.0,0.0,0.0,0.0,-2.820532076087252e-11,-3.418065830373962e-11,-5.975337542867099e-12,3.0,1.0,0.0
Queue-nominal,0.45,1603,noG,14,14.0,0.0,9.366277778081468e-06,0.0,0.0,0.0,0.17027645675199632,0.0,0.0,0.0,0.0,-1.8086985933953782e-12,-3.3280045386163692e-12,-1.519305945220991e-12,3.0,1.0,0.0
Queue-nominal,0.45,1603,noG,15,15.0,0.0,2.371857480811241e-06,0.0,0.0,0.0,0.17027649738552308,0.0,0.0,0.0,0.0,-1.159872645640007e-13,-4.982680934517703e-13,-3.8228082888776956e-13,3.0,1.0,0.0
Queue-nominal,0.45,1603,noG,16,16.0,0.0,6.006302037963862e-07,0.0,0.0,0.0,0.170276507675333,0.0,0.0,0.0,0.0,-7.437855096152019e-15,-1.0391687510491465e-13,-9.647902000876264e-14,3.0,1.0,0.0
Queue-nominal,0.45,1603,noG,17,17.0,0.0,1.5209934258602312e-07,0.0,0.0,0.0,0.17027651028104396,0.0,0.0,0.0,0.0,-4.769667611935459e-16,-2.708944180085382e-14,-2.6612475039660274e-14,3.0,1.0,0.0
Queue-nominal,0.45,1603,noG,18,18.0,0.0,3.851811250452025e-08,0.0,0.0,0.0,0.17027651094089583,0.0,0.0,0.0,0.0,-3.058887129645897e-17,-7.993605777301127e-15,-7.963016906004668e-15,3.0,1.0,0.0
Queue-nominal,0.45,1603,noG,19,19.0,0.0,9.753829222387717e-09,0.0,0.0,0.0,0.1702765111079989,0.0,0.0,0.0,0.0,-1.9614794231239266e-18,8.881784197001252e-16,8.90139899123249e-16,3.0,1.0,0.0
Queue-nominal,0.45,1603,noG,20,20.0,0.0,2.4748053046154393e-09,0.0,0.0,0.0,0.17027651115031395,0.0,0.0,0.0,0.0,-1.2627446546688891e-19,8.881784197001252e-16,8.88304694165592e-16,3.0,1.0,0.0
Queue-nominal,0.45,1603,noG,21,21.0,0.0,6.228521779731095e-10,0.0,0.0,0.0,0.1702765111610505,0.0,0.0,0.0,0.0,-7.998405854550473e-21,3.1086244689504383e-15,3.108632467356293e-15,3.0,1.0,0.0
Queue-nominal,0.45,1603,noG,22,22.0,0.0,1.6199541529774811e-10,0.0,0.0,0.0,0.1702765111637527,0.0,0.0,0.0,0.0,-5.410518785080499e-22,-6.217248937900877e-15,-6.217248396848998e-15,3.0,1.0,0.0
Queue-nominal,0.45,1603,noG,23,23.0,0.0,3.634800171603942e-11,0.0,0.0,0.0,0.1702765111644551,0.0,0.0,0.0,0.0,-2.723921217287663e-23,8.881784197001252e-16,8.881784469393375e-16,3.0,1.0,0.0
Queue-nominal,0.45,1603,noG,24,24.0,0.0,1.0769778280595592e-11,0.0,0.0,0.0,0.17027651116461287,0.0,0.0,0.0,0.0,-2.3913711634450312e-24,4.440892098500626e-16,4.440892122414338e-16,3.0,1.0,0.0
Queue-nominal,0.45,1603,noG,25,25.0,0.0,0.0,0.0,0.0,0.0,0.17027651116465975,0.0,0.0,0.0,0.0,0.0,0.0,0.0,3.0,1.0,0.0
Queue-nominal,0.45,1603,noG,26,26.0,0.0,0.0,0.0,0.0,0.0,0.17027651116465975,0.0,0.0,0.0,0.0,0.0,0.0,0.0,3.0,1.0,0.0
Queue-nominal,0.45,1603,noG,27,27.0,0.0,0.0,0.0,0.0,0.0,0.17027651116465975,0.0,0.0,0.0,0.0,0.0,0.0,0.0,3.0,1.0,0.0
Queue-nominal,0.45,1603,noG,28,28.0,0.0,0.0,0.0,0.0,0.0,0.17027651116465975,0.0,0.0,0.0,0.0,0.0,0.0,0.0,3.0,1.0,0.0
Queue-nominal,0.45,1603,noG,29,29.0,0.0,0.0,0.0,0.0,0.0,0.17027651116465975,0.0,0.0,0.0,0.0,0.0,0.0,0.0,3.0,1.0,0.0
Queue-nominal,0.45,1603,noG,30,30.0,0.0,0.0,0.0,0.0,0.0,0.17027651116465975,0.0,0.0,0.0,0.0,0.0,0.0,0.0,3.0,1.0,0.0
Queue-nominal,0.45,1603,noG,31,31.0,0.0,0.0,0.0,0.0,0.0,0.17027651116465975,0.0,0.0,0.0,0.0,0.0,0.0,0.0,3.0,1.0,0.0
Queue-nominal,0.45,1603,noG,32,32.0,0.0,0.0,0.0,0.0,0.0,0.17027651116465975,0.0,0.0,0.0,0.0,0.0,0.0,0.0,3.0,1.0,0.0
Queue-nominal,0.45,1603,noG,33,33.0,0.0,0.0,0.0,0.0,0.0,0.17027651116465975,0.0,0.0,0.0,0.0,0.0,0.0,0.0,3.0,1.0,0.0
Queue-nominal,0.45,1603,noG,34,34.0,0.0,0.0,0.0,0.0,0.0,0.17027651116465975,0.0,0.0,0.0,0.0,0.0,0.0,0.0,3.0,1.0,0.0
Queue-nominal,0.45,1603,noG,35,35.0,0.0,0.0,0.0,0.0,0.0,0.17027651116465975,0.0,0.0,0.0,0.0,0.0,0.0,0.0,3.0,1.0,0.0
Queue-nominal,0.45,1603,noG,36,36.0,0.0,0.0,0.0,0.0,0.0,0.17027651116465975,0.0,0.0,0.0,0.0,0.0,0.0,0.0,3.0,1.0,0.0
Queue-nominal,0.45,1603,noG,37,37.0,0.0,0.0,0.0,0.0,0.0,0.17027651116465975,0.0,0.0,0.0,0.0,0.0,0.0,0.0,3.0,1.0,0.0
Queue-nominal,0.45,1603,noG,38,38.0,0.0,0.0,0.0,0.0,0.0,0.17027651116465975,0.0,0.0,0.0,0.0,0.0,0.0,0.0,3.0,1.0,0.0
Queue-nominal,0.45,1603,noG,39,39.0,0.0,0.0,0.0,0.0,0.0,0.17027651116465975,0.0,0.0,0.0,0.0,0.0,0.0,0.0,3.0,1.0,0.0
Queue-nominal,0.45,1603,noG,40,40.0,0.0,0.0,0.0,0.0,0.0,0.17027651116465975,0.0,0.0,0.0,0.0,0.0,0.0,0.0,3.0,1.0,0.0
Queue-nominal,0.45,1603,noG,41,41.0,0.0,0.0,0.0,0.0,0.0,0.17027651116465975,0.0,0.0,0.0,0.0,0.0,0.0,0.0,3.0,1.0,0.0
Queue-nominal,0.45,1603,noG,42,42.0,0.0,0.0,0.0,0.0,0.0,0.17027651116465975,0.0,0.0,0.0,0.0,0.0,0.0,0.0,3.0,1.0,0.0
Queue-nominal,0.45,1603,noG,43,43.0,0.0,0.0,0.0,0.0,0.0,0.17027651116465975,0.0,0.0,0.0,0.0,0.0,0.0,0.0,3.0,1.0,0.0
Queue-nominal,0.45,1603,noG,44,44.0,0.0,0.0,0.0,0.0,0.0,0.17027651116465975,0.0,0.0,0.0,0.0,0.0,0.0,0.0,3.0,1.0,0.0
Queue-nominal,0.45,1603,noG,45,45.0,0.0,0.0,0.0,0.0,0.0,0.17027651116465975,0.0,0.0,0.0,0.0,0.0,0.0,0.0,3.0,1.0,0.0
Queue-nominal,0.45,1603,noG,46,46.0,0.0,0.0,0.0,0.0,0.0,0.17027651116465975,0.0,0.0,0.0,0.0,0.0,0.0,0.0,3.0,1.0,0.0
Queue-nominal,0.45,1603,noG,47,47.0,0.0,0.0,0.0,0.0,0.0,0.17027651116465975,0.0,0.0,0.0,0.0,0.0,0.0,0.0,3.0,1.0,0.0
Queue-nominal,0.45,1603,noG,48,48.0,0.0,0.0,0.0,0.0,0.0,0.17027651116465975,0.0,0.0,0.0,0.0,0.0,0.0,0.0,3.0,1.0,0.0
Queue-nominal,0.45,1603,noG,49,49.0,0.0,0.0,0.0,0.0,0.0,0.17027651116465975,0.0,0.0,0.0,0.0,0.0,0.0,0.0,3.0,1.0,0.0
Queue-nominal,0.45,1603,noG,50,50.0,0.0,0.0,0.0,0.0,0.0,0.17027651116465975,0.0,0.0,0.0,0.0,0.0,0.0,0.0,3.0,1.0,0.0
Queue-nominal,0.45,1603,noG,51,51.0,0.0,0.0,0.0,0.0,0.0,0.17027651116465975,0.0,0.0,0.0,0.0,0.0,0.0,0.0,3.0,1.0,0.0
Queue-nominal,0.45,1603,noG,52,52.0,0.0,0.0,0.0,0.0,0.0,0.17027651116465975,0.0,0.0,0.0,0.0,0.0,0.0,0.0,3.0,1.0,0.0
Queue-nominal,0.45,1603,noG,53,53.0,0.0,0.0,0.0,0.0,0.0,0.17027651116465975,0.0,0.0,0.0,0.0,0.0,0.0,0.0,3.0,1.0,0.0
Queue-nominal,0.45,1603,noG,54,54.0,0.0,0.0,0.0,0.0,0.0,0.17027651116465975,0.0,0.0,0.0,0.0,0.0,0.0,0.0,3.0,1.0,0.0
Queue-nominal,0.45,1603,noG,55,55.0,0.0,0.0,0.0,0.0,0.0,0.17027651116465975,0.0,0.0,0.0,0.0,0.0,0.0,0.0,3.0,1.0,0.0
Queue-nominal,0.45,1603,noG,56,56.0,0.0,0.0,0.0,0.0,0.0,0.17027651116465975,0.0,0.0,0.0,0.0,0.0,0.0,0.0,3.0,1.0,0.0
Queue-nominal,0.45,1603,noG,57,57.0,0.0,0.0,0.0,0.0,0.0,0.17027651116465975,0.0,0.0,0.0,0.0,0.0,0.0,0.0,3.0,1.0,0.0
Queue-nominal,0.45,1603,noG,58,58.0,0.0,0.0,0.0,0.0,0.0,0.17027651116465975,0.0,0.0,0.0,0.0,0.0,0.0,0.0,3.0,1.0,0.0
Queue-nominal,0.45,1603,noG,59,59.0,0.0,0.0,0.0,0.0,0.0,0.17027651116465975,0.0,0.0,0.0,0.0,0.0,0.0,0.0,3.0,1.0,0.0
Queue-nominal,0.45,1603,noG,60,60.0,0.0,0.0,0.0,0.0,0.0,0.17027651116465975,0.0,0.0,0.0,0.0,0.0,0.0,0.0,3.0,1.0,0.0
Queue-nominal,0.45,1603,Minimax-PPO,1,1.0,0.0,0.16,0.0,,,,,,,,,,,,1.0,0.0
Queue-nominal,0.45,1603,Minimax-PPO,2,2.0,0.0,0.16,0.0,,,,,,,,,,,,1.0,0.0
Queue-nominal,0.45,1603,Minimax-PPO,3,3.0,0.0,0.16,0.0,,,,,,,,,,,,1.0,0.0
Queue-nominal,0.45,1603,Minimax-PPO,4,4.0,0.0,0.16,0.0,,,,,,,,,,,,1.0,0.0
Queue-nominal,0.45,1603,Minimax-PPO,5,5.0,0.0,0.16,0.0,,,,,,,,,,,,1.0,0.0
Queue-nominal,0.45,1603,Minimax-PPO,6,6.0,0.0,0.16,0.0,,,,,,,,,,,,1.0,0.0
Queue-nominal,0.45,1603,Minimax-PPO,7,7.0,0.0,0.16,0.0,,,,,,,,,,,,1.0,0.0
Queue-nominal,0.45,1603,Minimax-PPO,8,8.0,0.0,0.16,0.0,,,,,,,,,,,,1.0,0.0
Queue-nominal,0.45,1603,Minimax-PPO,9,9.0,0.0,0.16,0.0,,,,,,,,,,,,1.0,0.0
Queue-nominal,0.45,1603,Minimax-PPO,10,10.0,0.0,0.16,0.0,,,,,,,,,,,,1.0,0.0
Queue-nominal,0.45,1603,Minimax-PPO,11,11.0,0.0,0.16,0.0,,,,,,,,,,,,1.0,0.0
Queue-nominal,0.45,1603,Minimax-PPO,12,12.0,0.0,0.16,0.0,,,,,,,,,,,,1.0,0.0
Queue-nominal,0.45,1603,Minimax-PPO,13,13.0,0.0,0.16,0.0,,,,,,,,,,,,1.0,0.0
Queue-nominal,0.45,1603,Minimax-PPO,14,14.0,0.0,0.16,0.0,,,,,,,,,,,,1.0,0.0
Queue-nominal,0.45,1603,Minimax-PPO,15,15.0,0.0,0.16,0.0,,,,,,,,,,,,1.0,0.0
Queue-nominal,0.45,1603,Minimax-PPO,16,16.0,0.0,0.16,0.0,,,,,,,,,,,,1.0,0.0
Queue-nominal,0.45,1603,Minimax-PPO,17,17.0,0.0,0.16,0.0,,,,,,,,,,,,1.0,0.0
Queue-nominal,0.45,1603,Minimax-PPO,18,18.0,0.0,0.16,0.0,,,,,,,,,,,,1.0,0.0
Queue-nominal,0.45,1603,Minimax-PPO,19,19.0,0.0,0.16,0.0,,,,,,,,,,,,1.0,0.0
Queue-nominal,0.45,1603,Minimax-PPO,20,20.0,0.0,0.16,0.0,,,,,,,,,,,,1.0,0.0
Queue-nominal,0.45,1603,Minimax-PPO,21,21.0,0.0,0.16,0.0,,,,,,,,,,,,1.0,0.0
Queue-nominal,0.45,1603,Minimax-PPO,22,22.0,0.0,0.16,0.0,,,,,,,,,,,,1.0,0.0
Queue-nominal,0.45,1603,Minimax-PPO,23,23.0,0.0,0.16,0.0,,,,,,,,,,,,1.0,0.0
Queue-nominal,0.45,1603,Minimax-PPO,24,24.0,0.0,0.16,0.0,,,,,,,,,,,,1.0,0.0
Queue-nominal,0.45,1603,Minimax-PPO,25,25.0,0.0,0.16,0.0,,,,,,,,,,,,1.0,0.0
Queue-nominal,0.45,1603,Minimax-PPO,26,26.0,0.0,0.16,0.0,,,,,,,,,,,,1.0,0.0
Queue-nominal,0.45,1603,Minimax-PPO,27,27.0,0.0,0.16,0.0,,,,,,,,,,,,1.0,0.0
Queue-nominal,0.45,1603,Minimax-PPO,28,28.0,0.0,0.16,0.0,,,,,,,,,,,,1.0,0.0
Queue-nominal,0.45,1603,Minimax-PPO,29,29.0,0.0,0.16,0.0,,,,,,,,,,,,1.0,0.0
Queue-nominal,0.45,1603,Minimax-PPO,30,30.0,0.0,0.16,0.0,,,,,,,,,,,,1.0,0.0
Queue-nominal,0.45,1603,Minimax-PPO,31,31.0,0.0,0.16,0.0,,,,,,,,,,,,1.0,0.0
Queue-nominal,0.45,1603,Minimax-PPO,32,32.0,0.0,0.16,0.0,,,,,,,,,,,,1.0,0.0
Queue-nominal,0.45,1603,Minimax-PPO,33,33.0,0.0,0.16,0.0,,,,,,,,,,,,1.0,0.0
Queue-nominal,0.45,1603,Minimax-PPO,34,34.0,0.0,0.16,0.0,,,,,,,,,,,,1.0,0.0
Queue-nominal,0.45,1603,Minimax-PPO,35,35.0,0.0,0.16,0.0,,,,,,,,,,,,1.0,0.0
Queue-nominal,0.45,1603,Minimax-PPO,36,36.0,0.0,0.16,0.0,,,,,,,,,,,,1.0,0.0
Queue-nominal,0.45,1603,Minimax-PPO,37,37.0,0.0,0.16,0.0,,,,,,,,,,,,1.0,0.0
Queue-nominal,0.45,1603,Minimax-PPO,38,38.0,0.0,0.16,0.0,,,,,,,,,,,,1.0,0.0
Queue-nominal,0.45,1603,Minimax-PPO,39,39.0,0.0,0.16,0.0,,,,,,,,,,,,1.0,0.0
Queue-nominal,0.45,1603,Minimax-PPO,40,40.0,0.0,0.16,0.0,,,,,,,,,,,,1.0,0.0
Queue-nominal,0.45,1603,Minimax-PPO,41,41.0,0.0,0.16,0.0,,,,,,,,,,,,1.0,0.0
Queue-nominal,0.45,1603,Minimax-PPO,42,42.0,0.0,0.16,0.0,,,,,,,,,,,,1.0,0.0
Queue-nominal,0.45,1603,Minimax-PPO,43,43.0,0.0,0.16,0.0,,,,,,,,,,,,1.0,0.0
Queue-nominal,0.45,1603,Minimax-PPO,44,44.0,0.0,0.16,0.0,,,,,,,,,,,,1.0,0.0
Queue-nominal,0.45,1603,Minimax-PPO,45,45.0,0.0,0.16,0.0,,,,,,,,,,,,1.0,0.0
Queue-nominal,0.45,1603,Minimax-PPO,46,46.0,0.0,0.16,0.0,,,,,,,,,,,,1.0,0.0
Queue-nominal,0.45,1603,Minimax-PPO,47,47.0,0.0,0.16,0.0,,,,,,,,,,,,1.0,0.0
Queue-nominal,0.45,1603,Minimax-PPO,48,48.0,0.0,0.16,0.0,,,,,,,,,,,,1.0,0.0
Queue-nominal,0.45,1603,Minimax-PPO,49,49.0,0.0,0.16,0.0,,,,,,,,,,,,1.0,0.0
Queue-nominal,0.45,1603,Minimax-PPO,50,50.0,0.0,0.16,0.0,,,,,,,,,,,,1.0,0.0
Queue-nominal,0.45,1603,Minimax-PPO,51,51.0,0.0,0.16,0.0,,,,,,,,,,,,1.0,0.0
Queue-nominal,0.45,1603,Minimax-PPO,52,52.0,0.0,0.16,0.0,,,,,,,,,,,,1.0,0.0
Queue-nominal,0.45,1603,Minimax-PPO,53,53.0,0.0,0.16,0.0,,,,,,,,,,,,1.0,0.0
Queue-nominal,0.45,1603,Minimax-PPO,54,54.0,0.0,0.16,0.0,,,,,,,,,,,,1.0,0.0
Queue-nominal,0.45,1603,Minimax-PPO,55,55.0,0.0,0.16,0.0,,,,,,,,,,,,1.0,0.0
Queue-nominal,0.45,1603,Minimax-PPO,56,56.0,0.0,0.16,0.0,,,,,,,,,,,,1.0,0.0
Queue-nominal,0.45,1603,Minimax-PPO,57,57.0,0.0,0.16,0.0,,,,,,,,,,,,1.0,0.0
Queue-nominal,0.45,1603,Minimax-PPO,58,58.0,0.0,0.16,0.0,,,,,,,,,,,,1.0,0.0
Queue-nominal,0.45,1603,Minimax-PPO,59,59.0,0.0,0.16,0.0,,,,,,,,,,,,1.0,0.0
Queue-nominal,0.45,1603,Minimax-PPO,60,60.0,0.0,0.16,0.0,,,,,,,,,,,,1.0,0.0
Queue-nominal,0.45,1603,GDA,1,1.0,0.0,0.16,0.0,,,,,,,,,,,,1.0,0.0
Queue-nominal,0.45,1603,GDA,2,2.0,0.0,0.16,0.0,,,,,,,,,,,,1.0,0.0
Queue-nominal,0.45,1603,GDA,3,3.0,0.0,0.16,0.0,,,,,,,,,,,,1.0,0.0
Queue-nominal,0.45,1603,GDA,4,4.0,0.0,0.16,0.0,,,,,,,,,,,,1.0,0.0
Queue-nominal,0.45,1603,GDA,5,5.0,0.0,0.16,0.0,,,,,,,,,,,,1.0,0.0
Queue-nominal,0.45,1603,GDA,6,6.0,0.0,0.16,0.0,,,,,,,,,,,,1.0,0.0
Queue-nominal,0.45,1603,GDA,7,7.0,0.0,0.16,0.0,,,,,,,,,,,,1.0,0.0
Queue-nominal,0.45,1603,GDA,8,8.0,0.0,0.16,0.0,,,,,,,,,,,,1.0,0.0
Queue-nominal,0.45,1603,GDA,9,9.0,0.0,0.16,0.0,,,,,,,,,,,,1.0,0.0
Queue-nominal,0.45,1603,GDA,10,10.0,0.0,0.16,0.0,,,,,,,,,,,,1.0,0.0
Queue-nominal,0.45,1603,GDA,11,11.0,0.0,0.16,0.0,,,,,,,,,,,,1.0,0.0
Queue-nominal,0.45,1603,GDA,12,12.0,0.0,0.16,0.0,,,,,,,,,,,,1.0,0.0
Queue-nominal,0.45,1603,GDA,13,13.0,0.0,0.16,0.0,,,,,,,,,,,,1.0,0.0
Queue-nominal,0.45,1603,GDA,14,14.0,0.0,0.16,0.0,,,,,,,,,,,,1.0,0.0
Queue-nominal,0.45,1603,GDA,15,15.0,0.0,0.16,0.0,,,,,,,,,,,,1.0,0.0
Queue-nominal,0.45,1603,GDA,16,16.0,0.0,0.16,0.0,,,,,,,,,,,,1.0,0.0
Queue-nominal,0.45,1603,GDA,17,17.0,0.0,0.16,0.0,,,,,,,,,,,,1.0,0.0
Queue-nominal,0.45,1603,GDA,18,18.0,0.0,0.16,0.0,,,,,,,,,,,,1.0,0.0
Queue-nominal,0.45,1603,GDA,19,19.0,0.0,0.16,0.0,,,,,,,,,,,,1.0,0.0
Queue-nominal,0.45,1603,GDA,20,20.0,0.0,0.16,0.0,,,,,,,,,,,,1.0,0.0
Queue-nominal,0.45,1603,GDA,21,21.0,0.0,0.16,0.0,,,,,,,,,,,,1.0,0.0
Queue-nominal,0.45,1603,GDA,22,22.0,0.0,0.16,0.0,,,,,,,,,,,,1.0,0.0
Queue-nominal,0.45,1603,GDA,23,23.0,0.0,0.16,0.0,,,,,,,,,,,,1.0,0.0
Queue-nominal,0.45,1603,GDA,24,24.0,0.0,0.16,0.0,,,,,,,,,,,,1.0,0.0
Queue-nominal,0.45,1603,GDA,25,25.0,0.0,0.16,0.0,,,,,,,,,,,,1.0,0.0
Queue-nominal,0.45,1603,GDA,26,26.0,0.0,0.16,0.0,,,,,,,,,,,,1.0,0.0
Queue-nominal,0.45,1603,GDA,27,27.0,0.0,0.16,0.0,,,,,,,,,,,,1.0,0.0
Queue-nominal,0.45,1603,GDA,28,28.0,0.0,0.16,0.0,,,,,,,,,,,,1.0,0.0
Queue-nominal,0.45,1603,GDA,29,29.0,0.0,0.16,0.0,,,,,,,,,,,,1.0,0.0
Queue-nominal,0.45,1603,GDA,30,30.0,0.0,0.16,0.0,,,,,,,,,,,,1.0,0.0
Queue-nominal,0.45,1603,GDA,31,31.0,0.0,0.16,0.0,,,,,,,,,,,,1.0,0.0
Queue-nominal,0.45,1603,GDA,32,32.0,0.0,0.16,0.0,,,,,,,,,,,,1.0,0.0
Queue-nominal,0.45,1603,GDA,33,33.0,0.0,0.16,0.0,,,,,,,,,,,,1.0,0.0
Queue-nominal,0.45,1603,GDA,34,34.0,0.0,0.16,0.0,,,,,,,,,,,,1.0,0.0
Queue-nominal,0.45,1603,GDA,35,35.0,0.0,0.16,0.0,,,,,,,,,,,,1.0,0.0
Queue-nominal,0.45,1603,GDA,36,36.0,0.0,0.16,0.0,,,,,,,,,,,,1.0,0.0
Queue-nominal,0.45,1603,GDA,37,37.0,0.0,0.16,0.0,,,,,,,,,,,,1.0,0.0
Queue-nominal,0.45,1603,GDA,38,38.0,0.0,0.16,0.0,,,,,,,,,,,,1.0,0.0
Queue-nominal,0.45,1603,GDA,39,39.0,0.0,0.16,0.0,,,,,,,,,,,,1.0,0.0
Queue-nominal,0.45,1603,GDA,40,40.0,0.0,0.16,0.0,,,,,,,,,,,,1.0,0.0
Queue-nominal,0.45,1603,GDA,41,41.0,0.0,0.16,0.0,,,,,,,,,,,,1.0,0.0
Queue-nominal,0.45,1603,GDA,42,42.0,0.0,0.16,0.0,,,,,,,,,,,,1.0,0.0
Queue-nominal,0.45,1603,GDA,43,43.0,0.0,0.16,0.0,,,,,,,,,,,,1.0,0.0
Queue-nominal,0.45,1603,GDA,44,44.0,0.0,0.16,0.0,,,,,,,,,,,,1.0,0.0
Queue-nominal,0.45,1603,GDA,45,45.0,0.0,0.16,0.0,,,,,,,,,,,,1.0,0.0
Queue-nominal,0.45,1603,GDA,46,46.0,0.0,0.16,0.0,,,,,,,,,,,,1.0,0.0
Queue-nominal,0.45,1603,GDA,47,47.0,0.0,0.16,0.0,,,,,,,,,,,,1.0,0.0
Queue-nominal,0.45,1603,GDA,48,48.0,0.0,0.16,0.0,,,,,,,,,,,,1.0,0.0
Queue-nominal,0.45,1603,GDA,49,49.0,0.0,0.16,0.0,,,,,,,,,,,,1.0,0.0
Queue-nominal,0.45,1603,GDA,50,50.0,0.0,0.16,0.0,,,,,,,,,,,,1.0,0.0
Queue-nominal,0.45,1603,GDA,51,51.0,0.0,0.16,0.0,,,,,,,,,,,,1.0,0.0
Queue-nominal,0.45,1603,GDA,52,52.0,0.0,0.16,0.0,,,,,,,,,,,,1.0,0.0
Queue-nominal,0.45,1603,GDA,53,53.0,0.0,0.16,0.0,,,,,,,,,,,,1.0,0.0
Queue-nominal,0.45,1603,GDA,54,54.0,0.0,0.16,0.0,,,,,,,,,,,,1.0,0.0
Queue-nominal,0.45,1603,GDA,55,55.0,0.0,0.16,0.0,,,,,,,,,,,,1.0,0.0
Queue-nominal,0.45,1603,GDA,56,56.0,0.0,0.16,0.0,,,,,,,,,,,,1.0,0.0
Queue-nominal,0.45,1603,GDA,57,57.0,0.0,0.16,0.0,,,,,,,,,,,,1.0,0.0
Queue-nominal,0.45,1603,GDA,58,58.0,0.0,0.16,0.0,,,,,,,,,,,,1.0,0.0
Queue-nominal,0.45,1603,GDA,59,59.0,0.0,0.16,0.0,,,,,,,,,,,,1.0,0.0
Queue-nominal,0.45,1603,GDA,60,60.0,0.0,0.16,0.0,,,,,,,,,,,,1.0,0.0
Queue-nominal,0.45,1603,EGM,1,1.0,0.0,0.16,0.0,,,,,,,,,,,,1.0,0.0
Queue-nominal,0.45,1603,EGM,2,2.0,0.0,0.16,0.0,,,,,,,,,,,,1.0,0.0
Queue-nominal,0.45,1603,EGM,3,3.0,0.0,0.16,0.0,,,,,,,,,,,,1.0,0.0
Queue-nominal,0.45,1603,EGM,4,4.0,0.0,0.16,0.0,,,,,,,,,,,,1.0,0.0
Queue-nominal,0.45,1603,EGM,5,5.0,0.0,0.16,0.0,,,,,,,,,,,,1.0,0.0
Queue-nominal,0.45,1603,EGM,6,6.0,0.0,0.16,0.0,,,,,,,,,,,,1.0,0.0
Queue-nominal,0.45,1603,EGM,7,7.0,0.0,0.16,0.0,,,,,,,,,,,,1.0,0.0
Queue-nominal,0.45,1603,EGM,8,8.0,0.0,0.16,0.0,,,,,,,,,,,,1.0,0.0
Queue-nominal,0.45,1603,EGM,9,9.0,0.0,0.16,0.0,,,,,,,,,,,,1.0,0.0
Queue-nominal,0.45,1603,EGM,10,10.0,0.0,0.16,0.0,,,,,,,,,,,,1.0,0.0
Queue-nominal,0.45,1603,EGM,11,11.0,0.0,0.16,0.0,,,,,,,,,,,,1.0,0.0
Queue-nominal,0.45,1603,EGM,12,12.0,0.0,0.16,0.0,,,,,,,,,,,,1.0,0.0
Queue-nominal,0.45,1603,EGM,13,13.0,0.0,0.16,0.0,,,,,,,,,,,,1.0,0.0
Queue-nominal,0.45,1603,EGM,14,14.0,0.0,0.16,0.0,,,,,,,,,,,,1.0,0.0
Queue-nominal,0.45,1603,EGM,15,15.0,0.0,0.16,0.0,,,,,,,,,,,,1.0,0.0
Queue-nominal,0.45,1603,EGM,16,16.0,0.0,0.16,0.0,,,,,,,,,,,,1.0,0.0
Queue-nominal,0.45,1603,EGM,17,17.0,0.0,0.16,0.0,,,,,,,,,,,,1.0,0.0
Queue-nominal,0.45,1603,EGM,18,18.0,0.0,0.16,0.0,,,,,,,,,,,,1.0,0.0
Queue-nominal,0.45,1603,EGM,19,19.0,0.0,0.16,0.0,,,,,,,,,,,,1.0,0.0
Queue-nominal,0.45,1603,EGM,20,20.0,0.0,0.16,0.0,,,,,,,,,,,,1.0,0.0
Queue-nominal,0.45,1603,EGM,21,21.0,0.0,0.16,0.0,,,,,,,,,,,,1.0,0.0
Queue-nominal,0.45,1603,EGM,22,22.0,0.0,0.16,0.0,,,,,,,,,,,,1.0,0.0
Queue-nominal,0.45,1603,EGM,23,23.0,0.0,0.16,0.0,,,,,,,,,,,,1.0,0.0
Queue-nominal,0.45,1603,EGM,24,24.0,0.0,0.16,0.0,,,,,,,,,,,,1.0,0.0
Queue-nominal,0.45,1603,EGM,25,25.0,0.0,0.16,0.0,,,,,,,,,,,,1.0,0.0
Queue-nominal,0.45,1603,EGM,26,26.0,0.0,0.16,0.0,,,,,,,,,,,,1.0,0.0
Queue-nominal,0.45,1603,EGM,27,27.0,0.0,0.16,0.0,,,,,,,,,,,,1.0,0.0
Queue-nominal,0.45,1603,EGM,28,28.0,0.0,0.16,0.0,,,,,,,,,,,,1.0,0.0
Queue-nominal,0.45,1603,EGM,29,29.0,0.0,0.16,0.0,,,,,,,,,,,,1.0,0.0
Queue-nominal,0.45,1603,EGM,30,30.0,0.0,0.16,0.0,,,,,,,,,,,,1.0,0.0
Queue-nominal,0.45,1603,EGM,31,31.0,0.0,0.16,0.0,,,,,,,,,,,,1.0,0.0
Queue-nominal,0.45,1603,EGM,32,32.0,0.0,0.16,0.0,,,,,,,,,,,,1.0,0.0
Queue-nominal,0.45,1603,EGM,33,33.0,0.0,0.16,0.0,,,,,,,,,,,,1.0,0.0
Queue-nominal,0.45,1603,EGM,34,34.0,0.0,0.16,0.0,,,,,,,,,,,,1.0,0.0
Queue-nominal,0.45,1603,EGM,35,35.0,0.0,0.16,0.0,,,,,,,,,,,,1.0,0.0
Queue-nominal,0.45,1603,EGM,36,36.0,0.0,0.16,0.0,,,,,,,,,,,,1.0,0.0
Queue-nominal,0.45,1603,EGM,37,37.0,0.0,0.16,0.0,,,,,,,,,,,,1.0,0.0
Queue-nominal,0.45,1603,EGM,38,38.0,0.0,0.16,0.0,,,,,,,,,,,,1.0,0.0
Queue-nominal,0.45,1603,EGM,39,39.0,0.0,0.16,0.0,,,,,,,,,,,,1.0,0.0
Queue-nominal,0.45,1603,EGM,40,40.0,0.0,0.16,0.0,,,,,,,,,,,,1.0,0.0
Queue-nominal,0.45,1603,EGM,41,41.0,0.0,0.16,0.0,,,,,,,,,,,,1.0,0.0
Queue-nominal,0.45,1603,EGM,42,42.0,0.0,0.16,0.0,,,,,,,,,,,,1.0,0.0
Queue-nominal,0.45,1603,EGM,43,43.0,0.0,0.16,0.0,,,,,,,,,,,,1.0,0.0
Queue-nominal,0.45,1603,EGM,44,44.0,0.0,0.16,0.0,,,,,,,,,,,,1.0,0.0
Queue-nominal,0.45,1603,EGM,45,45.0,0.0,0.16,0.0,,,,,,,,,,,,1.0,0.0
Queue-nominal,0.45,1603,EGM,46,46.0,0.0,0.16,0.0,,,,,,,,,,,,1.0,0.0
Queue-nominal,0.45,1603,EGM,47,47.0,0.0,0.16,0.0,,,,,,,,,,,,1.0,0.0
Queue-nominal,0.45,1603,EGM,48,48.0,0.0,0.16,0.0,,,,,,,,,,,,1.0,0.0
Queue-nominal,0.45,1603,EGM,49,49.0,0.0,0.16,0.0,,,,,,,,,,,,1.0,0.0
Queue-nominal,0.45,1603,EGM,50,50.0,0.0,0.16,0.0,,,,,,,,,,,,1.0,0.0
Queue-nominal,0.45,1603,EGM,51,51.0,0.0,0.16,0.0,,,,,,,,,,,,1.0,0.0
Queue-nominal,0.45,1603,EGM,52,52.0,0.0,0.16,0.0,,,,,,,,,,,,1.0,0.0
Queue-nominal,0.45,1603,EGM,53,53.0,0.0,0.16,0.0,,,,,,,,,,,,1.0,0.0
Queue-nominal,0.45,1603,EGM,54,54.0,0.0,0.16,0.0,,,,,,,,,,,,1.0,0.0
Queue-nominal,0.45,1603,EGM,55,55.0,0.0,0.16,0.0,,,,,,,,,,,,1.0,0.0
Queue-nominal,0.45,1603,EGM,56,56.0,0.0,0.16,0.0,,,,,,,,,,,,1.0,0.0
Queue-nominal,0.45,1603,EGM,57,57.0,0.0,0.16,0.0,,,,,,,,,,,,1.0,0.0
Queue-nominal,0.45,1603,EGM,58,58.0,0.0,0.16,0.0,,,,,,,,,,,,1.0,0.0
Queue-nominal,0.45,1603,EGM,59,59.0,0.0,0.16,0.0,,,,,,,,,,,,1.0,0.0
Queue-nominal,0.45,1603,EGM,60,60.0,0.0,0.16,0.0,,,,,,,,,,,,1.0,0.0
Queue-nominal,0.45,1603,PPM-3,1,3.0,0.0,0.16,0.0,,,,,,,,,,,,3.0,0.0
Queue-nominal,0.45,1603,PPM-3,2,6.0,0.0,0.16,0.0,,,,,,,,,,,,3.0,0.0
Queue-nominal,0.45,1603,PPM-3,3,9.0,0.0,0.16,0.0,,,,,,,,,,,,3.0,0.0
Queue-nominal,0.45,1603,PPM-3,4,12.0,0.0,0.16,0.0,,,,,,,,,,,,3.0,0.0
Queue-nominal,0.45,1603,PPM-3,5,15.0,0.0,0.16,0.0,,,,,,,,,,,,3.0,0.0
Queue-nominal,0.45,1603,PPM-3,6,18.0,0.0,0.16,0.0,,,,,,,,,,,,3.0,0.0
Queue-nominal,0.45,1603,PPM-3,7,21.0,0.0,0.16,0.0,,,,,,,,,,,,3.0,0.0
Queue-nominal,0.45,1603,PPM-3,8,24.0,0.0,0.16,0.0,,,,,,,,,,,,3.0,0.0
Queue-nominal,0.45,1603,PPM-3,9,27.0,0.0,0.16,0.0,,,,,,,,,,,,3.0,0.0
Queue-nominal,0.45,1603,PPM-3,10,30.0,0.0,0.16,0.0,,,,,,,,,,,,3.0,0.0
Queue-nominal,0.45,1603,PPM-3,11,33.0,0.0,0.16,0.0,,,,,,,,,,,,3.0,0.0
Queue-nominal,0.45,1603,PPM-3,12,36.0,0.0,0.16,0.0,,,,,,,,,,,,3.0,0.0
Queue-nominal,0.45,1603,PPM-3,13,39.0,0.0,0.16,0.0,,,,,,,,,,,,3.0,0.0
Queue-nominal,0.45,1603,PPM-3,14,42.0,0.0,0.16,0.0,,,,,,,,,,,,3.0,0.0
Queue-nominal,0.45,1603,PPM-3,15,45.0,0.0,0.16,0.0,,,,,,,,,,,,3.0,0.0
Queue-nominal,0.45,1603,PPM-3,16,48.0,0.0,0.16,0.0,,,,,,,,,,,,3.0,0.0
Queue-nominal,0.45,1603,PPM-3,17,51.0,0.0,0.16,0.0,,,,,,,,,,,,3.0,0.0
Queue-nominal,0.45,1603,PPM-3,18,54.0,0.0,0.16,0.0,,,,,,,,,,,,3.0,0.0
Queue-nominal,0.45,1603,PPM-3,19,57.0,0.0,0.16,0.0,,,,,,,,,,,,3.0,0.0
Queue-nominal,0.45,1603,PPM-3,20,60.0,0.0,0.16,0.0,,,,,,,,,,,,3.0,0.0
Queue-nominal,0.45,1603,PPM-3,21,63.0,0.0,0.16,0.0,,,,,,,,,,,,3.0,0.0
Queue-nominal,0.45,1603,PPM-3,22,66.0,0.0,0.16,0.0,,,,,,,,,,,,3.0,0.0
Queue-nominal,0.45,1603,PPM-3,23,69.0,0.0,0.16,0.0,,,,,,,,,,,,3.0,0.0
Queue-nominal,0.45,1603,PPM-3,24,72.0,0.0,0.16,0.0,,,,,,,,,,,,3.0,0.0
Queue-nominal,0.45,1603,PPM-3,25,75.0,0.0,0.16,0.0,,,,,,,,,,,,3.0,0.0
Queue-nominal,0.45,1603,PPM-3,26,78.0,0.0,0.16,0.0,,,,,,,,,,,,3.0,0.0
Queue-nominal,0.45,1603,PPM-3,27,81.0,0.0,0.16,0.0,,,,,,,,,,,,3.0,0.0
Queue-nominal,0.45,1603,PPM-3,28,84.0,0.0,0.16,0.0,,,,,,,,,,,,3.0,0.0
Queue-nominal,0.45,1603,PPM-3,29,87.0,0.0,0.16,0.0,,,,,,,,,,,,3.0,0.0
Queue-nominal,0.45,1603,PPM-3,30,90.0,0.0,0.16,0.0,,,,,,,,,,,,3.0,0.0
Queue-nominal,0.45,1603,PPM-3,31,93.0,0.0,0.16,0.0,,,,,,,,,,,,3.0,0.0
Queue-nominal,0.45,1603,PPM-3,32,96.0,0.0,0.16,0.0,,,,,,,,,,,,3.0,0.0
Queue-nominal,0.45,1603,PPM-3,33,99.0,0.0,0.16,0.0,,,,,,,,,,,,3.0,0.0
Queue-nominal,0.45,1603,PPM-3,34,102.0,0.0,0.16,0.0,,,,,,,,,,,,3.0,0.0
Queue-nominal,0.45,1603,PPM-3,35,105.0,0.0,0.16,0.0,,,,,,,,,,,,3.0,0.0
Queue-nominal,0.45,1603,PPM-3,36,108.0,0.0,0.16,0.0,,,,,,,,,,,,3.0,0.0
Queue-nominal,0.45,1603,PPM-3,37,111.0,0.0,0.16,0.0,,,,,,,,,,,,3.0,0.0
Queue-nominal,0.45,1603,PPM-3,38,114.0,0.0,0.16,0.0,,,,,,,,,,,,3.0,0.0
Queue-nominal,0.45,1603,PPM-3,39,117.0,0.0,0.16,0.0,,,,,,,,,,,,3.0,0.0
Queue-nominal,0.45,1603,PPM-3,40,120.0,0.0,0.16,0.0,,,,,,,,,,,,3.0,0.0
Queue-nominal,0.45,1603,PPM-3,41,123.0,0.0,0.16,0.0,,,,,,,,,,,,3.0,0.0
Queue-nominal,0.45,1603,PPM-3,42,126.0,0.0,0.16,0.0,,,,,,,,,,,,3.0,0.0
Queue-nominal,0.45,1603,PPM-3,43,129.0,0.0,0.16,0.0,,,,,,,,,,,,3.0,0.0
Queue-nominal,0.45,1603,PPM-3,44,132.0,0.0,0.16,0.0,,,,,,,,,,,,3.0,0.0
Queue-nominal,0.45,1603,PPM-3,45,135.0,0.0,0.16,0.0,,,,,,,,,,,,3.0,0.0
Queue-nominal,0.45,1603,PPM-3,46,138.0,0.0,0.16,0.0,,,,,,,,,,,,3.0,0.0
Queue-nominal,0.45,1603,PPM-3,47,141.0,0.0,0.16,0.0,,,,,,,,,,,,3.0,0.0
Queue-nominal,0.45,1603,PPM-3,48,144.0,0.0,0.16,0.0,,,,,,,,,,,,3.0,0.0
Queue-nominal,0.45,1603,PPM-3,49,147.0,0.0,0.16,0.0,,,,,,,,,,,,3.0,0.0
Queue-nominal,0.45,1603,PPM-3,50,150.0,0.0,0.16,0.0,,,,,,,,,,,,3.0,0.0
Queue-nominal,0.45,1603,PPM-3,51,153.0,0.0,0.16,0.0,,,,,,,,,,,,3.0,0.0
Queue-nominal,0.45,1603,PPM-3,52,156.0,0.0,0.16,0.0,,,,,,,,,,,,3.0,0.0
Queue-nominal,0.45,1603,PPM-3,53,159.0,0.0,0.16,0.0,,,,,,,,,,,,3.0,0.0
Queue-nominal,0.45,1603,PPM-3,54,162.0,0.0,0.16,0.0,,,,,,,,,,,,3.0,0.0
Queue-nominal,0.45,1603,PPM-3,55,165.0,0.0,0.16,0.0,,,,,,,,,,,,3.0,0.0
Queue-nominal,0.45,1603,PPM-3,56,168.0,0.0,0.16,0.0,,,,,,,,,,,,3.0,0.0
Queue-nominal,0.45,1603,PPM-3,57,171.0,0.0,0.16,0.0,,,,,,,,,,,,3.0,0.0
Queue-nominal,0.45,1603,PPM-3,58,174.0,0.0,0.16,0.0,,,,,,,,,,,,3.0,0.0
Queue-nominal,0.45,1603,PPM-3,59,177.0,0.0,0.16,0.0,,,,,,,,,,,,3.0,0.0
Queue-nominal,0.45,1603,PPM-3,60,180.0,0.0,0.16,0.0,,,,,,,,,,,,3.0,0.0
Queue-nominal,0.45,1604,QP+G,1,1.0,1.0,0.24,1.474531045149604,0.16276361273604104,-0.0678617301167277,0.1834086274827583,0.029852250816052483,1.0,0.0,0.0,-0.04986618410412211,-0.050278768779418836,-0.0004125846752967288,5.0,1.0,1.0
Queue-nominal,0.45,1604,QP+G,2,2.0,2.0,0.24,1.5013122834244075,0.15986014545393162,-0.043164529104596866,0.18208112749288424,0.029107515525428344,1.0,0.0,0.0,-0.053169757267597095,-0.0533246087832735,-0.00015485151567640187,5.0,1.0,1.0
Queue-nominal,0.45,1604,QP+G,3,3.0,3.0,0.24,1.5306097186195666,0.15680025879912243,-0.01698615037884325,0.1802771427573132,0.028267502639913053,1.0,0.0,0.0,-0.054792713359990516,-0.05482730904374433,-3.459568375381583e-05,5.0,1.0,1.0
Queue-nominal,0.45,1604,QP+G,4,4.0,4.0,0.24,1.5606280559495187,0.15378424031597906,0.00984631498659793,0.17806636600808187,0.02738380082237995,1.0,0.0,0.0,-0.054816733938723064,-0.05479434100578784,2.239293293522515e-05,5.0,1.0,1.0
Queue-nominal,0.45,1604,QP+G,5,5.0,5.0,0.24,1.5896810215812878,0.15097368386600424,0.03640205645617713,0.17552409935247684,0.026499519886505958,1.0,0.0,0.0,-0.0535409789903574,-0.053512345243207804,2.8633747149599265e-05,5.0,1.0,1.0
Queue-nominal,0.45,1604,QP+G,6,6.0,6.0,0.24,1.6,0.14846148358692274,0.06178490016194919,0.17272623274645568,0.02564319276791893,1.0,0.0,0.0,-0.051069870072547374,-0.051079346913666335,-9.476841118960522e-06,5.0,1.0,1.0
Queue-nominal,0.45,1604,QP+G,7,7.0,7.0,0.24,1.6,0.14627290895133171,0.08535659270199887,0.16977112844218442,0.024832916813188482,1.0,0.0,0.0,-0.04823876150916906,-0.04827986401078732,-4.110250161826201e-05,5.0,1.0,1.0
Queue-nominal,0.45,1604,QP+G,8,8.0,8.0,0.24,1.6,0.14438143493960556,0.10677324956564295,0.16673353199190166,0.024073226601539394,1.0,0.0,0.0,-0.04565529425655157,-0.04567132683856556,-1.6032582013991714e-05,5.0,1.0,1.0
Queue-nominal,0.45,1604,QP+G,9,9.0,9.0,0.24,1.6,0.14273069597805627,0.12591270991157835,0.1636610153158468,0.023359450620506136,1.0,0.0,0.0,-0.043359331199783746,-0.04329323943491836,6.60917648653836e-05,5.0,1.0,1.0
Queue-nominal,0.45,1604,QP+G,10,10.0,10.0,0.24,1.6,0.14125274800735912,0.14285649049460078,0.16059235429038252,0.02268411135248794,1.0,0.0,0.0,-0.041233028716081144,-0.0410728143491621,0.00016021436691904256,5.0,1.0,1.0
Queue-nominal,0.45,1604,QP+G,11,11.0,11.0,0.24,1.6,0.13988019602579302,0.15783124509176014,0.15755891097511965,0.022039371352810207,1.0,0.0,0.0,-0.03918478652011537,-0.03896255287561745,0.0002222336444979156,5.0,1.0,1.0
Queue-nominal,0.45,1604,QP+G,12,12.0,12.0,0.24,1.6,0.13855385482366261,0.17114997874229118,0.1545857640961201,0.02141845351637878,1.0,0.0,0.0,-0.03721861725308084,-0.03698261427588889,0.0002360029771919514,5.0,1.0,1.0
Queue-nominal,0.45,1604,QP+G,13,13.0,13.0,0.24,1.6,0.1372268608393228,0.1831619392564634,0.15169257705749964,0.020816296162227754,1.0,0.0,0.0,-0.03538946717592584,-0.035176218625568634,0.00021324855035720347,5.0,1.0,1.0
Queue-nominal,0.45,1604,QP+G,14,14.0,14.0,0.24,1.6,0.1358660600066246,0.1942149083578779,0.14889427492534882,0.0202296784916503,1.0,0.0,0.0,-0.033723712953966256,-0.03355369136217501,0.00017002159179124732,5.0,1.0,1.0
Queue-nominal,0.45,1604,QP+G,15,15.0,15.0,0.24,1.6,0.13445146032344696,0.20463024197571392,0.1462016173153956,0.019657020949704687,1.0,0.0,0.0,-0.03222471758252077,-0.03211427771053321,0.00011043987198755545,5.0,1.0,1.0
Queue-nominal,0.45,1604,QP+G,16,16.0,16.0,0.24,1.6,0.1329745547984234,0.2146887825456647,0.14362173228385658,0.019098035909824184,1.0,0.0,0.0,-0.03089218547365391,-0.03083600651285323,5.617896080067908e-05,5.0,1.0,1.0
Queue-nominal,0.45,1604,QP+G,17,17.0,17.0,0.24,1.6,0.13143625824991997,0.22462454291978015,0.1411586419007631,0.018553363711076673,1.0,0.0,0.0,-0.029676286852854616,-0.029671226040468124,5.060812386492586e-06,5.0,1.0,1.0
Queue-nominal,0.45,1604,QP+G,18,18.0,18.0,0.24,1.6,0.12984498366300123,0.234622941232616,0.13881377916878238,0.018024272888370007,1.0,0.0,0.0,-0.028557913317412975,-0.028604657029841274,-4.674371242829878e-05,5.0,1.0,1.0
Queue-nominal,0.45,1604,QP+G,19,19.0,19.0,0.24,1.6,0.12821505793319984,0.24482125529746723,0.13658647609794836,0.017512442945790064,1.0,0.0,0.0,-0.027529630584917975,-0.027618220438367036,-8.858985344906145e-05,5.0,1.0,1.0
Queue-nominal,0.45,1604,QP+G,20,20.0,20.0,0.24,1.6,0.12656537701719253,0.2553103923780748,0.1344743958621344,0.017019802611450235,1.0,0.0,0.0,-0.026559432415028894,-0.026680898802393216,-0.0001214663873643218,5.0,1.0,1.0
Queue-nominal,0.45,1604,QP+G,21,21.0,21.0,0.24,1.6,0.12491805351103627,0.2661383414940173,0.1324738862874155,0.016548380016066302,1.0,0.0,0.0,-0.02562564235294662,-0.02577425475161199,-0.0001486123986653709,5.0,1.0,1.0
Queue-nominal,0.45,1604,QP+G,22,22.0,22.0,0.24,1.6,0.12329685547037077,0.2773162180876128,0.13058024383198463,0.016100133451037984,1.0,0.0,0.0,-0.02471916610869851,-0.024888349508669583,-0.00016918339997107346,5.0,1.0,1.0
Queue-nominal,0.45,1604,QP+G,23,23.0,23.0,0.24,1.6,0.12172541261033876,0.2888274517482105,0.1287878922627679,0.015676759324901278,1.0,0.0,0.0,-0.023828752747945714,-0.02401104339842064,-0.00018229065047492554,5.0,1.0,1.0
Queue-nominal,0.45,1604,QP+G,24,24.0,24.0,0.24,1.6,0.12022536070426525,0.3006396745183734,0.1270904940054122,0.015279500483883941,1.0,0.0,0.0,-0.022942251160134042,-0.023132245694616804,-0.0001899945344827625,5.0,1.0,1.0
Queue-nominal,0.45,1604,QP+G,25,25.0,25.0,0.24,1.6,0.11881470859404082,0.3127177619325217,0.12548102123601954,0.01490899097224031,1.0,0.0,0.0,-0.022055132935460353,-0.022250206573489972,-0.0001950736380296192,5.0,1.0,1.0
Queue-nominal,0.45,1604,QP+G,26,26.0,26.0,0.24,1.6,0.1175067057495466,0.325035763184094,0.12395181660277821,0.014565169640664424,1.0,0.0,0.0,-0.02117066660713718,-0.021369549344217198,-0.00019888273708001947,5.0,1.0,1.0
Queue-nominal,0.45,1604,QP+G,27,27.0,27.0,0.24,1.6,0.11630938333766039,0.3375854069857005,0.12249467041164472,0.014247279577728351,1.0,0.0,0.0,-0.020293291721668716,-0.020494844579987515,-0.00020155285831879866,5.0,1.0,1.0
Queue-nominal,0.45,1604,QP+G,28,28.0,28.0,0.24,1.6,0.11522579174364225,0.3503794798587021,0.12110093395383434,0.01395395099572509,1.0,0.0,0.0,-0.019424277464187067,-0.01962822837452549,-0.00020395091033842405,5.0,1.0,1.0
Queue-nominal,0.45,1604,QP+G,29,29.0,29.0,0.24,1.6,0.11425481518708483,0.36344942998520513,0.11976167949747545,0.013683348557478943,1.0,0.0,0.0,-0.01856474070462788,-0.018772752004939885,-0.00020801130031200543,5.0,1.0,1.0
Queue-nominal,0.45,1604,QP+G,30,30.0,30.0,0.24,1.6,0.11339234351485514,0.37683775677168596,0.11846790790551652,0.013433353708708552,1.0,0.0,0.0,-0.0177198532897056,-0.017935014261007742,-0.00021516097130214185,5.0,1.0,1.0
Queue-nominal,0.45,1604,QP+G,31,31.0,31.0,0.24,1.6,0.11263253673222583,0.39058682549247437,0.11721079574328676,0.013201749256969165,1.0,0.0,0.0,-0.016897549383741772,-0.017122857793759216,-0.00022530841001744406,5.0,1.0,1.0
Queue-nominal,0.45,1604,QP+G,32,32.0,32.0,0.24,1.6,0.11196893095926282,0.404726478650347,0.11598196561451214,0.012986376700410904,1.0,0.0,0.0,-0.01610317364106395,-0.016340824192079495,-0.00023765055101554466,5.0,1.0,1.0
Queue-nominal,0.45,1604,QP+G,33,33.0,33.0,0.24,0.0,0.11139519917678814,0.41926304945463866,0.1147737570264466,0.012785245524229306,0.0,1.0,0.0,-0.015337786758594965,-0.0150447819426478,0.0002930048159471652,5.0,1.0,1.0
Queue-nominal,0.45,1604,QP+G,34,34.0,34.0,0.24,1.6,0.1111987533803036,0.41504786790528914,0.1135009279238758,0.01262116169264268,1.0,0.0,0.0,-0.0152290824807233,-0.01548110446576123,-0.0002520219850379313,5.0,1.0,1.0
Queue-nominal,0.45,1604,QP+G,35,35.0,35.0,0.24,1.6,0.11069239426762051,0.4299438963431711,0.11226249770625944,0.012426604657569113,1.0,0.0,0.0,-0.014517368360448478,-0.014800552911821807,-0.0002831845513733295,5.0,1.0,1.0
Queue-nominal,0.45,1604,QP+G,36,36.0,36.0,0.24,0.8779989494608186,0.11026222088189247,0.44515677371215495,0.11103144311429726,0.012242573505503923,1.0,0.0,0.0,-0.013975184595360093,-0.014143922535283071,-0.0001687379399229784,5.0,1.0,1.0
Queue-nominal,0.45,1604,QP+G,37,37.0,37.0,0.24,1.2514645564528162,0.11002639329481213,0.45155291753598187,0.10976686300032969,0.012077252039212037,1.0,0.0,0.0,-0.013648269029518302,-0.013893215926810143,-0.0002449468972918409,5.0,1.0,1.0
Queue-nominal,0.45,1604,QP+G,38,38.0,38.0,0.24,0.9334880457330434,0.10975962820927265,0.46262008875854754,0.10850488446509246,0.011909455777778633,1.0,0.0,0.0,-0.013335472574776927,-0.013521407017751175,-0.000185934442974248,5.0,1.0,1.0
Queue-nominal,0.45,1604,QP+G,39,39.0,39.0,0.24,1.299788462338226,0.10959851351554675,0.4696240666034667,0.10722089132082491,0.011751250306574397,1.0,0.0,0.0,-0.013080907843281323,-0.013336944325202271,-0.00025603648192094874,5.0,1.0,1.0
Queue-nominal,0.45,1604,QP+G,40,40.0,40.0,0.24,0.9444025125555277,0.10939373845943663,0.48114561738426714,0.10593737919322506,0.011588885952541827,1.0,0.0,0.0,-0.012816896110224636,-0.013001859024181606,-0.00018496291395696945,5.0,1.0,1.0
Queue-nominal,0.45,1604,QP+G,41,41.0,41.0,0.24,1.2969632387110808,0.10930160206914552,0.48795735513898425,0.1046344707616393,0.01143671528590434,1.0,0.0,0.0,-0.012593769072972057,-0.012840679617975193,-0.00024691054500313586,5.0,1.0,1.0
Queue-nominal,0.45,1604,QP+G,42,42.0,42.0,0.24,0.9334261536768905,0.10914728882487894,0.4989968281735673,0.10333298317934057,0.011278514960211842,1.0,0.0,0.0,-0.0123473906574048,-0.01252212358874516,-0.00017473293134035936,5.0,1.0,1.0
Queue-nominal,0.45,1604,QP+G,43,43.0,43.0,0.24,1.2616003425361861,0.10910728211625298,0.5051075292286284,0.1020163260178105,0.011130724063288888,1.0,0.0,0.0,-0.012130100604217814,-0.012357470969112327,-0.00022737036489451322,5.0,1.0,1.0
Queue-nominal,0.45,1604,QP+G,44,44.0,44.0,0.24,0.9121171955202307,0.10898569163993733,0.5150207874770907,0.10070382474803395,0.010975275990951518,1.0,0.0,0.0,-0.011884287483233733,-0.012043760168029216,-0.00015947268479548325,5.0,1.0,1.0
Queue-nominal,0.45,1604,QP+G,45,45.0,45.0,0.24,1.1934366412178614,0.10897719274818214,0.5201386893098469,0.09938114067836044,0.01083027772323989,1.0,0.0,0.0,-0.011654641923920838,-0.011852180204402929,-0.00019753828048209125,5.0,1.0,1.0
Queue-nominal,0.45,1604,QP+G,46,46.0,46.0,0.24,0.0,0.1088761468953795,0.5283767136943183,0.09806575765453572,0.010677021835801917,0.0,1.0,0.0,-0.011392601673108793,-0.011320732926493715,7.186874661507803e-05,5.0,1.0,1.0
Queue-nominal,0.45,1604,QP+G,47,47.0,47.0,0.24,0.0,0.1092228345856817,0.5213952307856446,0.09672727664385106,0.010564827336794817,0.0,1.0,0.0,-0.011346212430892509,-0.010785519913099062,0.0005606925177934468,5.0,1.0,1.0
Queue-nominal,0.45,1604,QP+G,48,48.0,48.0,0.24,0.0,0.10965145785718033,0.5140807759041941,0.09542132862515598,0.010463087794417446,0.0,1.0,0.0,-0.011332748642920885,-0.010280467502486568,0.0010522811404343173,5.0,1.0,1.0
Queue-nominal,0.45,1604,QP+G,49,49.0,49.0,0.24,1.6,0.11015330057748664,0.5064472180672599,0.09414708333149781,0.01037061196870816,1.0,0.0,0.0,-0.011302916198513202,-0.01148100608241176,-0.00017808988389855784,5.0,1.0,1.0
Queue-nominal,0.45,1604,QP+G,50,50.0,50.0,0.24,1.6,0.10973102500087688,0.5181030833602669,0.09278654160933973,0.010181562317079361,1.0,0.0,0.0,-0.01078876130407602,-0.01096351154226971,-0.00017475023819369002,5.0,1.0,1.0
Queue-nominal,0.45,1604,QP+G,51,51.0,51.0,0.24,1.6,0.10929470412046133,0.529193953333246,0.09145859710146899,0.009995940309477536,1.0,0.0,0.0,-0.010275282955565233,-0.010447258881881138,-0.00017197592631590548,5.0,1.0,1.0
Queue-nominal,0.45,1604,QP+G,52,52.0,52.0,0.24,1.6,0.10884315722734955,0.5396954363861011,0.09016480406923327,0.009813821945680723,1.0,0.0,0.0,-0.009764267621932277,-0.009932698948708518,-0.00016843132677624162,5.0,1.0,1.0
Queue-nominal,0.45,1604,QP+G,53,53.0,53.0,0.24,0.8209277160379627,0.10837508206149125,0.5495906250591563,0.08890639600448574,0.009635237962777581,1.0,0.0,0.0,-0.009306022741482093,-0.009391364917152423,-8.534217567032938e-05,5.0,1.0,1.0
Queue-nominal,0.45,1604,QP+G,54,54.0,54.0,0.24,0.8139397771910468,0.10833399106780554,0.5497163646080275,0.08766379620513284,0.009496968915056787,1.0,0.0,0.0,-0.008991829984544373,-0.0090707333203488,-7.890333580442763e-05,5.0,1.0,1.0
Queue-nominal,0.45,1604,QP+G,55,55.0,55.0,0.24,0.7792646443466419,0.10828098676764022,0.5493057335051877,0.08643822061610482,0.009359615822750812,1.0,0.0,0.0,-0.008673353270550592,-0.008743711264689313,-7.035799413872106e-05,5.0,1.0,1.0
Queue-nominal,0.45,1604,QP+G,56,56.0,56.0,0.24,0.7638267902707,0.10823332629346033,0.548034463466902,0.08523054002700797,0.009224784848910985,1.0,0.0,0.0,-0.008353686367005151,-0.00841774480747004,-6.405844046488904e-05,5.0,1.0,1.0
Queue-nominal,0.45,1604,QP+G,57,57.0,57.0,0.24,0.7398197587889482,0.10817981042381389,0.5461264817915593,0.08404228859462803,0.009091678847750317,1.0,0.0,0.0,-0.008035009544793331,-0.0080924791477901,-5.7469602996768065e-05,5.0,1.0,1.0
Queue-nominal,0.45,1604,QP+G,58,58.0,58.0,0.24,0.7236180046454448,0.10812671702171253,0.5434832769038914,0.08287446689172757,0.008960944029927111,1.0,0.0,0.0,-0.0077200647253111735,-0.007771812468454931,-5.1747743143757026e-05,5.0,1.0,1.0
Queue-nominal,0.45,1604,QP+G,59,59.0,59.0,0.24,0.7062952277460143,0.10806925878127108,0.5401958849634133,0.0817281940868961,0.008832305356502724,1.0,0.0,0.0,-0.007410425449254496,-0.007456591580154104,-4.6166130899608256e-05,5.0,1.0,1.0
Queue-nominal,0.45,1604,QP+G,60,60.0,60.0,0.24,0.6926411827151971,0.10800852236513245,0.5362541549199511,0.08060437051432055,0.008705958955423414,1.0,0.0,0.0,-0.007107339673614678,-0.007148396544550462,-4.1056870935783814e-05,5.0,1.0,1.0
Queue-nominal,0.45,1604,noG,1,1.0,0.0,0.24,0.0,0.0,0.0,0.1834086274827583,0.0,0.0,0.0,0.0,-0.01167022858540534,-0.011673148840886771,-2.9202554814311554e-06,3.0,1.0,0.0
Queue-nominal,0.45,1604,noG,2,2.0,0.0,0.24,0.0,0.0,0.0,0.18386324917372415,0.0,0.0,0.0,0.0,-0.013117467923891013,-0.013049262904669678,6.82050192213346e-05,3.0,1.0,0.0
Queue-nominal,0.45,1604,noG,3,3.0,0.0,0.24,0.0,0.0,0.0,0.18417674657896693,0.0,0.0,0.0,0.0,-0.014133820040589383,-0.014046382983346373,8.743705724300992e-05,3.0,1.0,0.0
Queue-nominal,0.45,1604,noG,4,4.0,0.0,0.24,0.0,0.0,0.0,0.18433196626757453,0.0,0.0,0.0,0.0,-0.014681777212861567,-0.01462773290096031,5.404431190125618e-05,3.0,1.0,0.0
Queue-nominal,0.45,1604,noG,5,5.0,0.0,0.24,0.0,0.0,0.0,0.18431374777854684,0.0,0.0,0.0,0.0,-0.014987204571639268,-0.014962915421194989,2.4289150444278818e-05,3.0,1.0,0.0
Queue-nominal,0.45,1604,noG,6,6.0,0.0,0.24,0.0,0.0,0.0,0.18410949239253013,0.0,0.0,0.0,0.0,-0.01519863916850106,-0.015191028445037613,7.610723463447044e-06,3.0,1.0,0.0
Queue-nominal,0.45,1604,noG,7,7.0,0.0,0.24,0.0,0.0,0.0,0.18370993560369228,0.0,0.0,0.0,0.0,-0.01536753984371142,-0.015378151893689296,-1.0612049977876126e-05,3.0,1.0,0.0
Queue-nominal,0.45,1604,noG,8,8.0,0.0,0.24,0.0,0.0,0.0,0.18311001494803633,0.0,0.0,0.0,0.0,-0.015609409193086954,-0.01567055041047416,-6.114121738720613e-05,3.0,1.0,0.0
Queue-nominal,0.45,1604,noG,9,9.0,0.0,0.24,0.0,0.0,0.0,0.18230965709787217,0.0,0.0,0.0,0.0,-0.016201990633528673,-0.01628119003242201,-7.919939889333705e-05,3.0,1.0,0.0
Queue-nominal,0.45,1604,noG,10,10.0,0.0,0.24,0.0,0.0,0.0,0.18131429504510074,0.0,0.0,0.0,0.0,-0.017175526166863797,-0.0172484768551584,-7.295068829460405e-05,3.0,1.0,0.0
Queue-nominal,0.45,1604,noG,11,11.0,0.0,0.24,0.0,0.0,0.0,0.18013497163846687,0.0,0.0,0.0,0.0,-0.018435190800936137,-0.01849031428156378,-5.5123480627642524e-05,3.0,1.0,0.0
Queue-nominal,0.45,1604,noG,12,12.0,0.0,0.24,0.0,0.0,0.0,0.1787879727879543,0.0,0.0,0.0,0.0,-0.019783102645412217,-0.019851518852350925,-6.841620693870745e-05,3.0,1.0,0.0
Queue-nominal,0.45,1604,noG,13,13.0,0.0,0.24,0.0,0.0,0.0,0.17729403245649028,0.0,0.0,0.0,0.0,-0.02108330922887774,-0.02114019957617197,-5.689034729422851e-05,3.0,1.0,0.0
Queue-nominal,0.45,1604,noG,14,14.0,0.0,0.24,0.0,0.0,0.0,0.1756772314812843,0.0,0.0,0.0,0.0,-0.02222119858357868,-0.02220633322300758,1.4865360571100078e-05,3.0,1.0,0.0
Queue-nominal,0.45,1604,noG,15,15.0,0.0,0.24,0.0,0.0,0.0,0.17396375291309008,0.0,0.0,0.0,0.0,-0.02299574391691372,-0.022975038999431874,2.07049174818473e-05,3.0,1.0,0.0
Queue-nominal,0.45,1604,noG,16,16.0,0.0,0.24,0.0,0.0,0.0,0.17218065335943028,0.0,0.0,0.0,0.0,-0.02345221586549595,-0.023430185734694575,2.2030130801375947e-05,3.0,1.0,0.0
Queue-nominal,0.45,1604,noG,17,17.0,0.0,0.24,0.0,0.0,0.0,0.17035477260043952,0.0,0.0,0.0,0.0,-0.0236045177943911,-0.023581758729758207,2.2759064632893455e-05,3.0,1.0,0.0
Queue-nominal,0.45,1604,noG,18,18.0,0.0,0.24,0.0,0.0,0.0,0.16851185021888523,0.0,0.0,0.0,0.0,-0.02347163271516628,-0.023449852181997244,2.178053316903572e-05,3.0,1.0,0.0
Queue-nominal,0.45,1604,noG,19,19.0,0.0,0.24,0.0,0.0,0.0,0.16667586588862854,0.0,0.0,0.0,0.0,-0.023087892149113998,-0.023070794471811595,1.7097677302402303e-05,3.0,1.0,0.0
Queue-nominal,0.45,1604,noG,20,20.0,0.0,0.24,0.0,0.0,0.0,0.1648685814123249,0.0,0.0,0.0,0.0,-0.022511614262938906,-0.022501625020720173,9.989242218733096e-06,3.0,1.0,0.0
Queue-nominal,0.45,1604,noG,21,21.0,0.0,0.24,0.0,0.0,0.0,0.16310924214617512,0.0,0.0,0.0,0.0,-0.021810447109325004,-0.02180640282558377,4.044283741233556e-06,3.0,1.0,0.0
Queue-nominal,0.45,1604,noG,22,22.0,0.0,0.24,0.0,0.0,0.0,0.16141439136159846,0.0,0.0,0.0,0.0,-0.02103722449264822,-0.02103598153568731,1.2429569609118118e-06,3.0,1.0,0.0
Queue-nominal,0.45,1604,noG,23,23.0,0.0,0.24,0.0,0.0,0.0,0.1597977581665094,0.0,0.0,0.0,0.0,-0.020221232412547252,-0.020220303151811336,9.292607359157046e-07,3.0,1.0,0.0
Queue-nominal,0.45,1604,noG,24,24.0,0.0,0.24,0.0,0.0,0.0,0.1582701919500862,0.0,0.0,0.0,0.0,-0.01937581324519488,-0.01937423835625607,1.5748889388121634e-06,3.0,1.0,0.0
Queue-nominal,0.45,1604,noG,25,25.0,0.0,0.24,0.0,0.0,0.0,0.15683962917379143,0.0,0.0,0.0,0.0,-0.01850887201277018,-0.01850691383598768,1.9581767824981833e-06,3.0,1.0,0.0
Queue-nominal,0.45,1604,noG,26,26.0,0.0,0.24,0.0,0.0,0.0,0.15551108881167183,0.0,0.0,0.0,0.0,-0.01763012022666377,-0.017628674362527352,1.445864136417896e-06,3.0,1.0,0.0
Queue-nominal,0.45,1604,noG,27,27.0,0.0,0.24,0.0,0.0,0.0,0.15428669968866524,0.0,0.0,0.0,0.0,-0.016754092791981808,-0.01675387297426445,2.1981771735832267e-07,3.0,1.0,0.0
Queue-nominal,0.45,1604,noG,28,28.0,0.0,0.24,0.0,0.0,0.0,0.15316576643815666,0.0,0.0,0.0,0.0,-0.015898586486007282,-0.01590071188409503,-2.12539808774892e-06,3.0,1.0,0.0
Queue-nominal,0.45,1604,noG,29,29.0,0.0,0.24,0.0,0.0,0.0,0.15214488148742822,0.0,0.0,0.0,0.0,-0.015089676778687887,-0.015097466433240836,-7.789654552949402e-06,3.0,1.0,0.0
Queue-nominal,0.45,1604,noG,30,30.0,0.0,0.24,0.0,0.0,0.0,0.15121808923191205,0.0,0.0,0.0,0.0,-0.01437339794016612,-0.014386419219273527,-1.3021279107407538e-05,3.0,1.0,0.0
Queue-nominal,0.45,1604,noG,31,31.0,0.0,0.24,0.0,0.0,0.0,0.1503771061130987,0.0,0.0,0.0,0.0,-0.013785109830215523,-0.01379860727844262,-1.3497448227097267e-05,3.0,1.0,0.0
Queue-nominal,0.45,1604,noG,32,32.0,0.0,0.24,0.0,0.0,0.0,0.14961159719170983,0.0,0.0,0.0,0.0,-0.013331427426450658,-0.013346743969950836,-1.5316543500178484e-05,3.0,1.0,0.0
Queue-nominal,0.45,1604,noG,33,33.0,0.0,0.24,0.0,0.0,0.0,0.14890950633072042,0.0,0.0,0.0,0.0,-0.013031936750693694,-0.013049258788649709,-1.7322037956015238e-05,3.0,1.0,0.0
Queue-nominal,0.45,1604,noG,34,34.0,0.0,0.24,0.0,0.0,0.0,0.14825743347844436,0.0,0.0,0.0,0.0,-0.012897705819536752,-0.012911111419267485,-1.3405599730733145e-05,3.0,1.0,0.0
Queue-nominal,0.45,1604,noG,35,35.0,0.0,0.24,0.0,0.0,0.0,0.14764104895490515,0.0,0.0,0.0,0.0,-0.01290218008159094,-0.012912480750865818,-1.0300669274878119e-05,3.0,1.0,0.0
Queue-nominal,0.45,1604,noG,36,36.0,0.0,0.24,0.0,0.0,0.0,0.14704553133208428,0.0,0.0,0.0,0.0,-0.013030293548976779,-0.0130407050348893,-1.041148591252039e-05,3.0,1.0,0.0
Queue-nominal,0.45,1604,noG,37,37.0,0.0,0.24,0.0,0.0,0.0,0.146456012779351,0.0,0.0,0.0,0.0,-0.013262023657290175,-0.013288630245101185,-2.6606587811010135e-05,3.0,1.0,0.0
Queue-nominal,0.45,1604,noG,38,38.0,0.0,0.24,0.0,0.0,0.0,0.1458580139973343,0.0,0.0,0.0,0.0,-0.013569330376104357,-0.013632858088116873,-6.352771201251564e-05,3.0,1.0,0.0
Queue-nominal,0.45,1604,noG,39,39.0,0.0,0.24,0.0,0.0,0.0,0.145237850451379,0.0,0.0,0.0,0.0,-0.013955859246983665,-0.014037909248131974,-8.205000114830906e-05,3.0,1.0,0.0
Queue-nominal,0.45,1604,noG,40,40.0,0.0,0.24,0.0,0.0,0.0,0.14458299279133185,0.0,0.0,0.0,0.0,-0.014380196087102776,-0.014456134748249028,-7.593866114625168e-05,3.0,1.0,0.0
Queue-nominal,0.45,1604,noG,41,41.0,0.0,0.24,0.0,0.0,0.0,0.1438823671503835,0.0,0.0,0.0,0.0,-0.014789077816177604,-0.01483237763507983,-4.329981890222566e-05,3.0,1.0,0.0
Queue-nominal,0.45,1604,noG,42,42.0,0.0,0.24,0.0,0.0,0.0,0.14312658522939384,0.0,0.0,0.0,0.0,-0.015128120872354319,-0.01511801066591456,1.0110206439758324e-05,3.0,1.0,0.0
Queue-nominal,0.45,1604,noG,43,43.0,0.0,0.24,0.0,0.0,0.0,0.14230809921701798,0.0,0.0,0.0,0.0,-0.015309257341242777,-0.015286661702756277,2.2595638486500036e-05,3.0,1.0,0.0
Queue-nominal,0.45,1604,noG,44,44.0,0.0,0.24,0.0,0.0,0.0,0.14142128202038382,0.0,0.0,0.0,0.0,-0.01536187294489899,-0.01533709451576648,2.4778429132508648e-05,3.0,1.0,0.0
Queue-nominal,0.45,1604,noG,45,45.0,0.0,0.24,0.0,0.0,0.0,0.14046243829787092,0.0,0.0,0.0,0.0,-0.015260716325191659,-0.015221238209405463,3.9478115786195644e-05,3.0,1.0,0.0
Queue-nominal,0.45,1604,noG,46,46.0,0.0,0.24,0.0,0.0,0.0,0.13942975581094322,0.0,0.0,0.0,0.0,-0.014904680749983079,-0.014858747229448355,4.593352053472444e-05,3.0,1.0,0.0
Queue-nominal,0.45,1604,noG,47,47.0,0.0,0.24,0.0,0.0,0.0,0.13832320927283254,0.0,0.0,0.0,0.0,-0.014250756895854975,-0.014185355764934293,6.540113092068194e-05,3.0,1.0,0.0
Queue-nominal,0.45,1604,noG,48,48.0,0.0,0.24,0.0,0.0,0.0,0.13714443004525279,0.0,0.0,0.0,0.0,-0.013153151470111089,-0.013072177373578242,8.097409653284697e-05,3.0,1.0,0.0
Queue-nominal,0.45,1604,noG,49,49.0,0.0,0.24,0.0,0.0,0.0,0.13589655481773122,0.0,0.0,0.0,0.0,-0.011637381204625541,-0.011663188997822704,-2.580779319716342e-05,3.0,1.0,0.0
Queue-nominal,0.45,1604,noG,50,50.0,0.0,0.24,0.0,0.0,0.0,0.13458406504057455,0.0,0.0,0.0,0.0,-0.010413690863466663,-0.010486337464812312,-7.264660134564949e-05,3.0,1.0,0.0
Queue-nominal,0.45,1604,noG,51,51.0,0.0,0.24,0.0,0.0,0.0,0.1332126266756887,0.0,0.0,0.0,0.0,-0.009671599720477706,-0.009727468436196762,-5.5868715719055786e-05,3.0,1.0,0.0
Queue-nominal,0.45,1604,noG,52,52.0,0.0,0.24,0.0,0.0,0.0,0.13178893708039618,0.0,0.0,0.0,0.0,-0.009243819056172773,-0.009277094524521523,-3.3275468348749684e-05,3.0,1.0,0.0
Queue-nominal,0.45,1604,noG,53,53.0,0.0,0.24,0.0,0.0,0.0,0.1303205828161179,0.0,0.0,0.0,0.0,-0.008990863191060683,-0.009009361486335132,-1.849829527444946e-05,3.0,1.0,0.0
Queue-nominal,0.45,1604,noG,54,54.0,0.0,0.24,0.0,0.0,0.0,0.12881590911070248,0.0,0.0,0.0,0.0,-0.008829885828092188,-0.008837301092250227,-7.415264158039392e-06,3.0,1.0,0.0
Queue-nominal,0.45,1604,noG,55,55.0,0.0,0.24,0.0,0.0,0.0,0.12728389881382107,0.0,0.0,0.0,0.0,-0.008698753884746058,-0.008698231145495283,5.227392507745066e-07,3.0,1.0,0.0
Queue-nominal,0.45,1604,noG,56,56.0,0.0,0.24,0.0,0.0,0.0,0.12573405617545896,0.0,0.0,0.0,0.0,-0.008555137884234119,-0.008549957431771338,5.180452462781246e-06,3.0,1.0,0.0
Queue-nominal,0.45,1604,noG,57,57.0,0.0,0.24,0.0,0.0,0.0,0.12417628885240233,0.0,0.0,0.0,0.0,-0.00837907069841437,-0.00837387892497543,5.1917734389395065e-06,3.0,1.0,0.0
Queue-nominal,0.45,1604,noG,58,58.0,0.0,0.24,0.0,0.0,0.0,0.12262078040544755,0.0,0.0,0.0,0.0,-0.008178229327975295,-0.008174748492077333,3.480835897962109e-06,3.0,1.0,0.0
Queue-nominal,0.45,1604,noG,59,59.0,0.0,0.24,0.0,0.0,0.0,0.12107784537141149,0.0,0.0,0.0,0.0,-0.007964378830556118,-0.0079608802392781,3.4985912780172157e-06,3.0,1.0,0.0
Queue-nominal,0.45,1604,noG,60,60.0,0.0,0.24,0.0,0.0,0.0,0.11955775992089966,0.0,0.0,0.0,0.0,-0.007735800118484626,-0.007731269099606308,4.531018878317639e-06,3.0,1.0,0.0
Queue-nominal,0.45,1604,Minimax-PPO,1,1.0,0.0,0.16,0.0,,,,,,,,,,,,1.0,0.0
Queue-nominal,0.45,1604,Minimax-PPO,2,2.0,0.0,0.16,0.0,,,,,,,,,,,,1.0,0.0
Queue-nominal,0.45,1604,Minimax-PPO,3,3.0,0.0,0.16,0.0,,,,,,,,,,,,1.0,0.0
Queue-nominal,0.45,1604,Minimax-PPO,4,4.0,0.0,0.16,0.0,,,,,,,,,,,,1.0,0.0
Queue-nominal,0.45,1604,Minimax-PPO,5,5.0,0.0,0.16,0.0,,,,,,,,,,,,1.0,0.0
Queue-nominal,0.45,1604,Minimax-PPO,6,6.0,0.0,0.16,0.0,,,,,,,,,,,,1.0,0.0
Queue-nominal,0.45,1604,Minimax-PPO,7,7.0,0.0,0.16,0.0,,,,,,,,,,,,1.0,0.0
Queue-nominal,0.45,1604,Minimax-PPO,8,8.0,0.0,0.16,0.0,,,,,,,,,,,,1.0,0.0
Queue-nominal,0.45,1604,Minimax-PPO,9,9.0,0.0,0.16,0.0,,,,,,,,,,,,1.0,0.0
Queue-nominal,0.45,1604,Minimax-PPO,10,10.0,0.0,0.16,0.0,,,,,,,,,,,,1.0,0.0
Queue-nominal,0.45,1604,Minimax-PPO,11,11.0,0.0,0.16,0.0,,,,,,,,,,,,1.0,0.0
Queue-nominal,0.45,1604,Minimax-PPO,12,12.0,0.0,0.16,0.0,,,,,,,,,,,,1.0,0.0
Queue-nominal,0.45,1604,Minimax-PPO,13,13.0,0.0,0.16,0.0,,,,,,,,,,,,1.0,0.0
Queue-nominal,0.45,1604,Minimax-PPO,14,14.0,0.0,0.16,0.0,,,,,,,,,,,,1.0,0.0
Queue-nominal,0.45,1604,Minimax-PPO,15,15.0,0.0,0.16,0.0,,,,,,,,,,,,1.0,0.0
Queue-nominal,0.45,1604,Minimax-PPO,16,16.0,0.0,0.16,0.0,,,,,,,,,,,,1.0,0.0
Queue-nominal,0.45,1604,Minimax-PPO,17,17.0,0.0,0.16,0.0,,,,,,,,,,,,1.0,0.0
Queue-nominal,0.45,1604,Minimax-PPO,18,18.0,0.0,0.16,0.0,,,,,,,,,,,,1.0,0.0
Queue-nominal,0.45,1604,Minimax-PPO,19,19.0,0.0,0.16,0.0,,,,,,,,,,,,1.0,0.0
Queue-nominal,0.45,1604,Minimax-PPO,20,20.0,0.0,0.16,0.0,,,,,,,,,,,,1.0,0.0
Queue-nominal,0.45,1604,Minimax-PPO,21,21.0,0.0,0.16,0.0,,,,,,,,,,,,1.0,0.0
Queue-nominal,0.45,1604,Minimax-PPO,22,22.0,0.0,0.16,0.0,,,,,,,,,,,,1.0,0.0
Queue-nominal,0.45,1604,Minimax-PPO,23,23.0,0.0,0.16,0.0,,,,,,,,,,,,1.0,0.0
Queue-nominal,0.45,1604,Minimax-PPO,24,24.0,0.0,0.16,0.0,,,,,,,,,,,,1.0,0.0
Queue-nominal,0.45,1604,Minimax-PPO,25,25.0,0.0,0.16,0.0,,,,,,,,,,,,1.0,0.0
Queue-nominal,0.45,1604,Minimax-PPO,26,26.0,0.0,0.16,0.0,,,,,,,,,,,,1.0,0.0
Queue-nominal,0.45,1604,Minimax-PPO,27,27.0,0.0,0.16,0.0,,,,,,,,,,,,1.0,0.0
Queue-nominal,0.45,1604,Minimax-PPO,28,28.0,0.0,0.16,0.0,,,,,,,,,,,,1.0,0.0
Queue-nominal,0.45,1604,Minimax-PPO,29,29.0,0.0,0.16,0.0,,,,,,,,,,,,1.0,0.0
Queue-nominal,0.45,1604,Minimax-PPO,30,30.0,0.0,0.16,0.0,,,,,,,,,,,,1.0,0.0
Queue-nominal,0.45,1604,Minimax-PPO,31,31.0,0.0,0.16,0.0,,,,,,,,,,,,1.0,0.0
Queue-nominal,0.45,1604,Minimax-PPO,32,32.0,0.0,0.16,0.0,,,,,,,,,,,,1.0,0.0
Queue-nominal,0.45,1604,Minimax-PPO,33,33.0,0.0,0.16,0.0,,,,,,,,,,,,1.0,0.0
Queue-nominal,0.45,1604,Minimax-PPO,34,34.0,0.0,0.16,0.0,,,,,,,,,,,,1.0,0.0
Queue-nominal,0.45,1604,Minimax-PPO,35,35.0,0.0,0.16,0.0,,,,,,,,,,,,1.0,0.0
Queue-nominal,0.45,1604,Minimax-PPO,36,36.0,0.0,0.16,0.0,,,,,,,,,,,,1.0,0.0
Queue-nominal,0.45,1604,Minimax-PPO,37,37.0,0.0,0.16,0.0,,,,,,,,,,,,1.0,0.0
Queue-nominal,0.45,1604,Minimax-PPO,38,38.0,0.0,0.16,0.0,,,,,,,,,,,,1.0,0.0
Queue-nominal,0.45,1604,Minimax-PPO,39,39.0,0.0,0.16,0.0,,,,,,,,,,,,1.0,0.0
Queue-nominal,0.45,1604,Minimax-PPO,40,40.0,0.0,0.16,0.0,,,,,,,,,,,,1.0,0.0
Queue-nominal,0.45,1604,Minimax-PPO,41,41.0,0.0,0.16,0.0,,,,,,,,,,,,1.0,0.0
Queue-nominal,0.45,1604,Minimax-PPO,42,42.0,0.0,0.16,0.0,,,,,,,,,,,,1.0,0.0
Queue-nominal,0.45,1604,Minimax-PPO,43,43.0,0.0,0.16,0.0,,,,,,,,,,,,1.0,0.0
Queue-nominal,0.45,1604,Minimax-PPO,44,44.0,0.0,0.16,0.0,,,,,,,,,,,,1.0,0.0
Queue-nominal,0.45,1604,Minimax-PPO,45,45.0,0.0,0.16,0.0,,,,,,,,,,,,1.0,0.0
Queue-nominal,0.45,1604,Minimax-PPO,46,46.0,0.0,0.16,0.0,,,,,,,,,,,,1.0,0.0
Queue-nominal,0.45,1604,Minimax-PPO,47,47.0,0.0,0.16,0.0,,,,,,,,,,,,1.0,0.0
Queue-nominal,0.45,1604,Minimax-PPO,48,48.0,0.0,0.16,0.0,,,,,,,,,,,,1.0,0.0
Queue-nominal,0.45,1604,Minimax-PPO,49,49.0,0.0,0.16,0.0,,,,,,,,,,,,1.0,0.0
Queue-nominal,0.45,1604,Minimax-PPO,50,50.0,0.0,0.16,0.0,,,,,,,,,,,,1.0,0.0
Queue-nominal,0.45,1604,Minimax-PPO,51,51.0,0.0,0.16,0.0,,,,,,,,,,,,1.0,0.0
Queue-nominal,0.45,1604,Minimax-PPO,52,52.0,0.0,0.16,0.0,,,,,,,,,,,,1.0,0.0
Queue-nominal,0.45,1604,Minimax-PPO,53,53.0,0.0,0.16,0.0,,,,,,,,,,,,1.0,0.0
Queue-nominal,0.45,1604,Minimax-PPO,54,54.0,0.0,0.16,0.0,,,,,,,,,,,,1.0,0.0
Queue-nominal,0.45,1604,Minimax-PPO,55,55.0,0.0,0.16,0.0,,,,,,,,,,,,1.0,0.0
Queue-nominal,0.45,1604,Minimax-PPO,56,56.0,0.0,0.16,0.0,,,,,,,,,,,,1.0,0.0
Queue-nominal,0.45,1604,Minimax-PPO,57,57.0,0.0,0.16,0.0,,,,,,,,,,,,1.0,0.0
Queue-nominal,0.45,1604,Minimax-PPO,58,58.0,0.0,0.16,0.0,,,,,,,,,,,,1.0,0.0
Queue-nominal,0.45,1604,Minimax-PPO,59,59.0,0.0,0.16,0.0,,,,,,,,,,,,1.0,0.0
Queue-nominal,0.45,1604,Minimax-PPO,60,60.0,0.0,0.16,0.0,,,,,,,,,,,,1.0,0.0
Queue-nominal,0.45,1604,GDA,1,1.0,0.0,0.16,0.0,,,,,,,,,,,,1.0,0.0
Queue-nominal,0.45,1604,GDA,2,2.0,0.0,0.16,0.0,,,,,,,,,,,,1.0,0.0
Queue-nominal,0.45,1604,GDA,3,3.0,0.0,0.16,0.0,,,,,,,,,,,,1.0,0.0
Queue-nominal,0.45,1604,GDA,4,4.0,0.0,0.16,0.0,,,,,,,,,,,,1.0,0.0
Queue-nominal,0.45,1604,GDA,5,5.0,0.0,0.16,0.0,,,,,,,,,,,,1.0,0.0
Queue-nominal,0.45,1604,GDA,6,6.0,0.0,0.16,0.0,,,,,,,,,,,,1.0,0.0
Queue-nominal,0.45,1604,GDA,7,7.0,0.0,0.16,0.0,,,,,,,,,,,,1.0,0.0
Queue-nominal,0.45,1604,GDA,8,8.0,0.0,0.16,0.0,,,,,,,,,,,,1.0,0.0
Queue-nominal,0.45,1604,GDA,9,9.0,0.0,0.16,0.0,,,,,,,,,,,,1.0,0.0
Queue-nominal,0.45,1604,GDA,10,10.0,0.0,0.16,0.0,,,,,,,,,,,,1.0,0.0
Queue-nominal,0.45,1604,GDA,11,11.0,0.0,0.16,0.0,,,,,,,,,,,,1.0,0.0
Queue-nominal,0.45,1604,GDA,12,12.0,0.0,0.16,0.0,,,,,,,,,,,,1.0,0.0
Queue-nominal,0.45,1604,GDA,13,13.0,0.0,0.16,0.0,,,,,,,,,,,,1.0,0.0
Queue-nominal,0.45,1604,GDA,14,14.0,0.0,0.16,0.0,,,,,,,,,,,,1.0,0.0
Queue-nominal,0.45,1604,GDA,15,15.0,0.0,0.16,0.0,,,,,,,,,,,,1.0,0.0
Queue-nominal,0.45,1604,GDA,16,16.0,0.0,0.16,0.0,,,,,,,,,,,,1.0,0.0
Queue-nominal,0.45,1604,GDA,17,17.0,0.0,0.16,0.0,,,,,,,,,,,,1.0,0.0
Queue-nominal,0.45,1604,GDA,18,18.0,0.0,0.16,0.0,,,,,,,,,,,,1.0,0.0
Queue-nominal,0.45,1604,GDA,19,19.0,0.0,0.16,0.0,,,,,,,,,,,,1.0,0.0
Queue-nominal,0.45,1604,GDA,20,20.0,0.0,0.16,0.0,,,,,,,,,,,,1.0,0.0
Queue-nominal,0.45,1604,GDA,21,21.0,0.0,0.16,0.0,,,,,,,,,,,,1.0,0.0
Queue-nominal,0.45,1604,GDA,22,22.0,0.0,0.16,0.0,,,,,,,,,,,,1.0,0.0
Queue-nominal,0.45,1604,GDA,23,23.0,0.0,0.16,0.0,,,,,,,,,,,,1.0,0.0
Queue-nominal,0.45,1604,GDA,24,24.0,0.0,0.16,0.0,,,,,,,,,,,,1.0,0.0
Queue-nominal,0.45,1604,GDA,25,25.0,0.0,0.16,0.0,,,,,,,,,,,,1.0,0.0
Queue-nominal,0.45,1604,GDA,26,26.0,0.0,0.16,0.0,,,,,,,,,,,,1.0,0.0
Queue-nominal,0.45,1604,GDA,27,27.0,0.0,0.16,0.0,,,,,,,,,,,,1.0,0.0
Queue-nominal,0.45,1604,GDA,28,28.0,0.0,0.16,0.0,,,,,,,,,,,,1.0,0.0
Queue-nominal,0.45,1604,GDA,29,29.0,0.0,0.16,0.0,,,,,,,,,,,,1.0,0.0
Queue-nominal,0.45,1604,GDA,30,30.0,0.0,0.16,0.0,,,,,,,,,,,,1.0,0.0
Queue-nominal,0.45,1604,GDA,31,31.0,0.0,0.16,0.0,,,,,,,,,,,,1.0,0.0
Queue-nominal,0.45,1604,GDA,32,32.0,0.0,0.16,0.0,,,,,,,,,,,,1.0,0.0
Queue-nominal,0.45,1604,GDA,33,33.0,0.0,0.16,0.0,,,,,,,,,,,,1.0,0.0
Queue-nominal,0.45,1604,GDA,34,34.0,0.0,0.16,0.0,,,,,,,,,,,,1.0,0.0
Queue-nominal,0.45,1604,GDA,35,35.0,0.0,0.16,0.0,,,,,,,,,,,,1.0,0.0
Queue-nominal,0.45,1604,GDA,36,36.0,0.0,0.16,0.0,,,,,,,,,,,,1.0,0.0
Queue-nominal,0.45,1604,GDA,37,37.0,0.0,0.16,0.0,,,,,,,,,,,,1.0,0.0
Queue-nominal,0.45,1604,GDA,38,38.0,0.0,0.16,0.0,,,,,,,,,,,,1.0,0.0
Queue-nominal,0.45,1604,GDA,39,39.0,0.0,0.16,0.0,,,,,,,,,,,,1.0,0.0
Queue-nominal,0.45,1604,GDA,40,40.0,0.0,0.16,0.0,,,,,,,,,,,,1.0,0.0
Queue-nominal,0.45,1604,GDA,41,41.0,0.0,0.16,0.0,,,,,,,,,,,,1.0,0.0
Queue-nominal,0.45,1604,GDA,42,42.0,0.0,0.16,0.0,,,,,,,,,,,,1.0,0.0
Queue-nominal,0.45,1604,GDA,43,43.0,0.0,0.16,0.0,,,,,,,,,,,,1.0,0.0
Queue-nominal,0.45,1604,GDA,44,44.0,0.0,0.16,0.0,,,,,,,,,,,,1.0,0.0
Queue-nominal,0.45,1604,GDA,45,45.0,0.0,0.16,0.0,,,,,,,,,,,,1.0,0.0
Queue-nominal,0.45,1604,GDA,46,46.0,0.0,0.16,0.0,,,,,,,,,,,,1.0,0.0
Queue-nominal,0.45,1604,GDA,47,47.0,0.0,0.16,0.0,,,,,,,,,,,,1.0,0.0
Queue-nominal,0.45,1604,GDA,48,48.0,0.0,0.16,0.0,,,,,,,,,,,,1.0,0.0
Queue-nominal,0.45,1604,GDA,49,49.0,0.0,0.16,0.0,,,,,,,,,,,,1.0,0.0
Queue-nominal,0.45,1604,GDA,50,50.0,0.0,0.16,0.0,,,,,,,,,,,,1.0,0.0
Queue-nominal,0.45,1604,GDA,51,51.0,0.0,0.16,0.0,,,,,,,,,,,,1.0,0.0
Queue-nominal,0.45,1604,GDA,52,52.0,0.0,0.16,0.0,,,,,,,,,,,,1.0,0.0
Queue-nominal,0.45,1604,GDA,53,53.0,0.0,0.16,0.0,,,,,,,,,,,,1.0,0.0
Queue-nominal,0.45,1604,GDA,54,54.0,0.0,0.16,0.0,,,,,,,,,,,,1.0,0.0
Queue-nominal,0.45,1604,GDA,55,55.0,0.0,0.16,0.0,,,,,,,,,,,,1.0,0.0
Queue-nominal,0.45,1604,GDA,56,56.0,0.0,0.16,0.0,,,,,,,,,,,,1.0,0.0
Queue-nominal,0.45,1604,GDA,57,57.0,0.0,0.16,0.0,,,,,,,,,,,,1.0,0.0
Queue-nominal,0.45,1604,GDA,58,58.0,0.0,0.16,0.0,,,,,,,,,,,,1.0,0.0
Queue-nominal,0.45,1604,GDA,59,59.0,0.0,0.16,0.0,,,,,,,,,,,,1.0,0.0
Queue-nominal,0.45,1604,GDA,60,60.0,0.0,0.16,0.0,,,,,,,,,,,,1.0,0.0
Queue-nominal,0.45,1604,EGM,1,1.0,0.0,0.16,0.0,,,,,,,,,,,,1.0,0.0
Queue-nominal,0.45,1604,EGM,2,2.0,0.0,0.16,0.0,,,,,,,,,,,,1.0,0.0
Queue-nominal,0.45,1604,EGM,3,3.0,0.0,0.16,0.0,,,,,,,,,,,,1.0,0.0
Queue-nominal,0.45,1604,EGM,4,4.0,0.0,0.16,0.0,,,,,,,,,,,,1.0,0.0
Queue-nominal,0.45,1604,EGM,5,5.0,0.0,0.16,0.0,,,,,,,,,,,,1.0,0.0
Queue-nominal,0.45,1604,EGM,6,6.0,0.0,0.16,0.0,,,,,,,,,,,,1.0,0.0
Queue-nominal,0.45,1604,EGM,7,7.0,0.0,0.16,0.0,,,,,,,,,,,,1.0,0.0
Queue-nominal,0.45,1604,EGM,8,8.0,0.0,0.16,0.0,,,,,,,,,,,,1.0,0.0
Queue-nominal,0.45,1604,EGM,9,9.0,0.0,0.16,0.0,,,,,,,,,,,,1.0,0.0
Queue-nominal,0.45,1604,EGM,10,10.0,0.0,0.16,0.0,,,,,,,,,,,,1.0,0.0
Queue-nominal,0.45,1604,EGM,11,11.0,0.0,0.16,0.0,,,,,,,,,,,,1.0,0.0
Queue-nominal,0.45,1604,EGM,12,12.0,0.0,0.16,0.0,,,,,,,,,,,,1.0,0.0
Queue-nominal,0.45,1604,EGM,13,13.0,0.0,0.16,0.0,,,,,,,,,,,,1.0,0.0
Queue-nominal,0.45,1604,EGM,14,14.0,0.0,0.16,0.0,,,,,,,,,,,,1.0,0.0
Queue-nominal,0.45,1604,EGM,15,15.0,0.0,0.16,0.0,,,,,,,,,,,,1.0,0.0
Queue-nominal,0.45,1604,EGM,16,16.0,0.0,0.16,0.0,,,,,,,,,,,,1.0,0.0
Queue-nominal,0.45,1604,EGM,17,17.0,0.0,0.16,0.0,,,,,,,,,,,,1.0,0.0
Queue-nominal,0.45,1604,EGM,18,18.0,0.0,0.16,0.0,,,,,,,,,,,,1.0,0.0
Queue-nominal,0.45,1604,EGM,19,19.0,0.0,0.16,0.0,,,,,,,,,,,,1.0,0.0
Queue-nominal,0.45,1604,EGM,20,20.0,0.0,0.16,0.0,,,,,,,,,,,,1.0,0.0
Queue-nominal,0.45,1604,EGM,21,21.0,0.0,0.16,0.0,,,,,,,,,,,,1.0,0.0
Queue-nominal,0.45,1604,EGM,22,22.0,0.0,0.16,0.0,,,,,,,,,,,,1.0,0.0
Queue-nominal,0.45,1604,EGM,23,23.0,0.0,0.16,0.0,,,,,,,,,,,,1.0,0.0
Queue-nominal,0.45,1604,EGM,24,24.0,0.0,0.16,0.0,,,,,,,,,,,,1.0,0.0
Queue-nominal,0.45,1604,EGM,25,25.0,0.0,0.16,0.0,,,,,,,,,,,,1.0,0.0
Queue-nominal,0.45,1604,EGM,26,26.0,0.0,0.16,0.0,,,,,,,,,,,,1.0,0.0
Queue-nominal,0.45,1604,EGM,27,27.0,0.0,0.16,0.0,,,,,,,,,,,,1.0,0.0
Queue-nominal,0.45,1604,EGM,28,28.0,0.0,0.16,0.0,,,,,,,,,,,,1.0,0.0
Queue-nominal,0.45,1604,EGM,29,29.0,0.0,0.16,0.0,,,,,,,,,,,,1.0,0.0
Queue-nominal,0.45,1604,EGM,30,30.0,0.0,0.16,0.0,,,,,,,,,,,,1.0,0.0
Queue-nominal,0.45,1604,EGM,31,31.0,0.0,0.16,0.0,,,,,,,,,,,,1.0,0.0
Queue-nominal,0.45,1604,EGM,32,32.0,0.0,0.16,0.0,,,,,,,,,,,,1.0,0.0
Queue-nominal,0.45,1604,EGM,33,33.0,0.0,0.16,0.0,,,,,,,,,,,,1.0,0.0
Queue-nominal,0.45,1604,EGM,34,34.0,0.0,0.16,0.0,,,,,,,,,,,,1.0,0.0
Queue-nominal,0.45,1604,EGM,35,35.0,0.0,0.16,0.0,,,,,,,,,,,,1.0,0.0
Queue-nominal,0.45,1604,EGM,36,36.0,0.0,0.16,0.0,,,,,,,,,,,,1.0,0.0
Queue-nominal,0.45,1604,EGM,37,37.0,0.0,0.16,0.0,,,,,,,,,,,,1.0,0.0
Queue-nominal,0.45,1604,EGM,38,38.0,0.0,0.16,0.0,,,,,,,,,,,,1.0,0.0
Queue-nominal,0.45,1604,EGM,39,39.0,0.0,0.16,0.0,,,,,,,,,,,,1.0,0.0
Queue-nominal,0.45,1604,EGM,40,40.0,0.0,0.16,0.0,,,,,,,,,,,,1.0,0.0
Queue-nominal,0.45,1604,EGM,41,41.0,0.0,0.16,0.0,,,,,,,,,,,,1.0,0.0
Queue-nominal,0.45,1604,EGM,42,42.0,0.0,0.16,0.0,,,,,,,,,,,,1.0,0.0
Queue-nominal,0.45,1604,EGM,43,43.0,0.0,0.16,0.0,,,,,,,,,,,,1.0,0.0
Queue-nominal,0.45,1604,EGM,44,44.0,0.0,0.16,0.0,,,,,,,,,,,,1.0,0.0
Queue-nominal,0.45,1604,EGM,45,45.0,0.0,0.16,0.0,,,,,,,,,,,,1.0,0.0
Queue-nominal,0.45,1604,EGM,46,46.0,0.0,0.16,0.0,,,,,,,,,,,,1.0,0.0
Queue-nominal,0.45,1604,EGM,47,47.0,0.0,0.16,0.0,,,,,,,,,,,,1.0,0.0
Queue-nominal,0.45,1604,EGM,48,48.0,0.0,0.16,0.0,,,,,,,,,,,,1.0,0.0
Queue-nominal,0.45,1604,EGM,49,49.0,0.0,0.16,0.0,,,,,,,,,,,,1.0,0.0
Queue-nominal,0.45,1604,EGM,50,50.0,0.0,0.16,0.0,,,,,,,,,,,,1.0,0.0
Queue-nominal,0.45,1604,EGM,51,51.0,0.0,0.16,0.0,,,,,,,,,,,,1.0,0.0
Queue-nominal,0.45,1604,EGM,52,52.0,0.0,0.16,0.0,,,,,,,,,,,,1.0,0.0
Queue-nominal,0.45,1604,EGM,53,53.0,0.0,0.16,0.0,,,,,,,,,,,,1.0,0.0
Queue-nominal,0.45,1604,EGM,54,54.0,0.0,0.16,0.0,,,,,,,,,,,,1.0,0.0
Queue-nominal,0.45,1604,EGM,55,55.0,0.0,0.16,0.0,,,,,,,,,,,,1.0,0.0
Queue-nominal,0.45,1604,EGM,56,56.0,0.0,0.16,0.0,,,,,,,,,,,,1.0,0.0
Queue-nominal,0.45,1604,EGM,57,57.0,0.0,0.16,0.0,,,,,,,,,,,,1.0,0.0
Queue-nominal,0.45,1604,EGM,58,58.0,0.0,0.16,0.0,,,,,,,,,,,,1.0,0.0
Queue-nominal,0.45,1604,EGM,59,59.0,0.0,0.16,0.0,,,,,,,,,,,,1.0,0.0
Queue-nominal,0.45,1604,EGM,60,60.0,0.0,0.16,0.0,,,,,,,,,,,,1.0,0.0
Queue-nominal,0.45,1604,PPM-3,1,3.0,0.0,0.16,0.0,,,,,,,,,,,,3.0,0.0
Queue-nominal,0.45,1604,PPM-3,2,6.0,0.0,0.16,0.0,,,,,,,,,,,,3.0,0.0
Queue-nominal,0.45,1604,PPM-3,3,9.0,0.0,0.16,0.0,,,,,,,,,,,,3.0,0.0
Queue-nominal,0.45,1604,PPM-3,4,12.0,0.0,0.16,0.0,,,,,,,,,,,,3.0,0.0
Queue-nominal,0.45,1604,PPM-3,5,15.0,0.0,0.16,0.0,,,,,,,,,,,,3.0,0.0
Queue-nominal,0.45,1604,PPM-3,6,18.0,0.0,0.16,0.0,,,,,,,,,,,,3.0,0.0
Queue-nominal,0.45,1604,PPM-3,7,21.0,0.0,0.16,0.0,,,,,,,,,,,,3.0,0.0
Queue-nominal,0.45,1604,PPM-3,8,24.0,0.0,0.16,0.0,,,,,,,,,,,,3.0,0.0
Queue-nominal,0.45,1604,PPM-3,9,27.0,0.0,0.16,0.0,,,,,,,,,,,,3.0,0.0
Queue-nominal,0.45,1604,PPM-3,10,30.0,0.0,0.16,0.0,,,,,,,,,,,,3.0,0.0
Queue-nominal,0.45,1604,PPM-3,11,33.0,0.0,0.16,0.0,,,,,,,,,,,,3.0,0.0
Queue-nominal,0.45,1604,PPM-3,12,36.0,0.0,0.16,0.0,,,,,,,,,,,,3.0,0.0
Queue-nominal,0.45,1604,PPM-3,13,39.0,0.0,0.16,0.0,,,,,,,,,,,,3.0,0.0
Queue-nominal,0.45,1604,PPM-3,14,42.0,0.0,0.16,0.0,,,,,,,,,,,,3.0,0.0
Queue-nominal,0.45,1604,PPM-3,15,45.0,0.0,0.16,0.0,,,,,,,,,,,,3.0,0.0
Queue-nominal,0.45,1604,PPM-3,16,48.0,0.0,0.16,0.0,,,,,,,,,,,,3.0,0.0
Queue-nominal,0.45,1604,PPM-3,17,51.0,0.0,0.16,0.0,,,,,,,,,,,,3.0,0.0
Queue-nominal,0.45,1604,PPM-3,18,54.0,0.0,0.16,0.0,,,,,,,,,,,,3.0,0.0
Queue-nominal,0.45,1604,PPM-3,19,57.0,0.0,0.16,0.0,,,,,,,,,,,,3.0,0.0
Queue-nominal,0.45,1604,PPM-3,20,60.0,0.0,0.16,0.0,,,,,,,,,,,,3.0,0.0
Queue-nominal,0.45,1604,PPM-3,21,63.0,0.0,0.16,0.0,,,,,,,,,,,,3.0,0.0
Queue-nominal,0.45,1604,PPM-3,22,66.0,0.0,0.16,0.0,,,,,,,,,,,,3.0,0.0
Queue-nominal,0.45,1604,PPM-3,23,69.0,0.0,0.16,0.0,,,,,,,,,,,,3.0,0.0
Queue-nominal,0.45,1604,PPM-3,24,72.0,0.0,0.16,0.0,,,,,,,,,,,,3.0,0.0
Queue-nominal,0.45,1604,PPM-3,25,75.0,0.0,0.16,0.0,,,,,,,,,,,,3.0,0.0
Queue-nominal,0.45,1604,PPM-3,26,78.0,0.0,0.16,0.0,,,,,,,,,,,,3.0,0.0
Queue-nominal,0.45,1604,PPM-3,27,81.0,0.0,0.16,0.0,,,,,,,,,,,,3.0,0.0
Queue-nominal,0.45,1604,PPM-3,28,84.0,0.0,0.16,0.0,,,,,,,,,,,,3.0,0.0
Queue-nominal,0.45,1604,PPM-3,29,87.0,0.0,0.16,0.0,,,,,,,,,,,,3.0,0.0
Queue-nominal,0.45,1604,PPM-3,30,90.0,0.0,0.16,0.0,,,,,,,,,,,,3.0,0.0
Queue-nominal,0.45,1604,PPM-3,31,93.0,0.0,0.16,0.0,,,,,,,,,,,,3.0,0.0
Queue-nominal,0.45,1604,PPM-3,32,96.0,0.0,0.16,0.0,,,,,,,,,,,,3.0,0.0
Queue-nominal,0.45,1604,PPM-3,33,99.0,0.0,0.16,0.0,,,,,,,,,,,,3.0,0.0
Queue-nominal,0.45,1604,PPM-3,34,102.0,0.0,0.16,0.0,,,,,,,,,,,,3.0,0.0
Queue-nominal,0.45,1604,PPM-3,35,105.0,0.0,0.16,0.0,,,,,,,,,,,,3.0,0.0
Queue-nominal,0.45,1604,PPM-3,36,108.0,0.0,0.16,0.0,,,,,,,,,,,,3.0,0.0
Queue-nominal,0.45,1604,PPM-3,37,111.0,0.0,0.16,0.0,,,,,,,,,,,,3.0,0.0
Queue-nominal,0.45,1604,PPM-3,38,114.0,0.0,0.16,0.0,,,,,,,,,,,,3.0,0.0
Queue-nominal,0.45,1604,PPM-3,39,117.0,0.0,0.16,0.0,,,,,,,,,,,,3.0,0.0
Queue-nominal,0.45,1604,PPM-3,40,120.0,0.0,0.16,0.0,,,,,,,,,,,,3.0,0.0
Queue-nominal,0.45,1604,PPM-3,41,123.0,0.0,0.16,0.0,,,,,,,,,,,,3.0,0.0
Queue-nominal,0.45,1604,PPM-3,42,126.0,0.0,0.16,0.0,,,,,,,,,,,,3.0,0.0
Queue-nominal,0.45,1604,PPM-3,43,129.0,0.0,0.16,0.0,,,,,,,,,,,,3.0,0.0
Queue-nominal,0.45,1604,PPM-3,44,132.0,0.0,0.16,0.0,,,,,,,,,,,,3.0,0.0
Queue-nominal,0.45,1604,PPM-3,45,135.0,0.0,0.16,0.0,,,,,,,,,,,,3.0,0.0
Queue-nominal,0.45,1604,PPM-3,46,138.0,0.0,0.16,0.0,,,,,,,,,,,,3.0,0.0
Queue-nominal,0.45,1604,PPM-3,47,141.0,0.0,0.16,0.0,,,,,,,,,,,,3.0,0.0
Queue-nominal,0.45,1604,PPM-3,48,144.0,0.0,0.16,0.0,,,,,,,,,,,,3.0,0.0
Queue-nominal,0.45,1604,PPM-3,49,147.0,0.0,0.16,0.0,,,,,,,,,,,,3.0,0.0
Queue-nominal,0.45,1604,PPM-3,50,150.0,0.0,0.16,0.0,,,,,,,,,,,,3.0,0.0
Queue-nominal,0.45,1604,PPM-3,51,153.0,0.0,0.16,0.0,,,,,,,,,,,,3.0,0.0
Queue-nominal,0.45,1604,PPM-3,52,156.0,0.0,0.16,0.0,,,,,,,,,,,,3.0,0.0
Queue-nominal,0.45,1604,PPM-3,53,159.0,0.0,0.16,0.0,,,,,,,,,,,,3.0,0.0
Queue-nominal,0.45,1604,PPM-3,54,162.0,0.0,0.16,0.0,,,,,,,,,,,,3.0,0.0
Queue-nominal,0.45,1604,PPM-3,55,165.0,0.0,0.16,0.0,,,,,,,,,,,,3.0,0.0
Queue-nominal,0.45,1604,PPM-3,56,168.0,0.0,0.16,0.0,,,,,,,,,,,,3.0,0.0
Queue-nominal,0.45,1604,PPM-3,57,171.0,0.0,0.16,0.0,,,,,,,,,,,,3.0,0.0
Queue-nominal,0.45,1604,PPM-3,58,174.0,0.0,0.16,0.0,,,,,,,,,,,,3.0,0.0
Queue-nominal,0.45,1604,PPM-3,59,177.0,0.0,0.16,0.0,,,,,,,,,,,,3.0,0.0
Queue-nominal,0.45,1604,PPM-3,60,180.0,0.0,0.16,0.0,,,,,,,,,,,,3.0,0.0
Queue-nominal,0.45,1605,QP+G,1,1.0,1.0,0.24,1.5554845666250412,0.15429275554995167,0.05762709352983456,0.17948259329275945,0.027692863892391128,1.0,0.0,0.0,-0.05783349274882966,-0.05775525340251919,7.82393463104672e-05,5.0,1.0,1.0
Queue-nominal,0.45,1605,QP+G,2,2.0,2.0,0.24,1.5844961526923718,0.15146770763197667,0.06094312138795648,0.1776799592395989,0.026912776118165095,1.0,0.0,0.0,-0.05626519051875333,-0.05617114881773455,9.404170101878079e-05,5.0,1.0,1.0
Queue-nominal,0.45,1605,QP+G,3,3.0,3.0,0.24,1.6,0.14872415867998612,0.06670968350867117,0.17587177796156084,0.026156382212886457,1.0,0.0,0.0,-0.05431488519100025,-0.05420910266117884,0.00010578252982140768,5.0,1.0,1.0
Queue-nominal,0.45,1605,QP+G,4,4.0,4.0,0.24,1.6,0.14611770372567745,0.07493553958772481,0.17405898963373767,0.025433099878093245,1.0,0.0,0.0,-0.051814152602333685,-0.051720351482296145,9.380112003753993e-05,5.0,1.0,1.0
Queue-nominal,0.45,1605,QP+G,5,5.0,5.0,0.24,1.6,0.14369059106802742,0.0855570707695303,0.1722447707472893,0.024749952917054882,1.0,0.0,0.0,-0.049073824313564884,-0.04900775519665679,6.606911690809625e-05,5.0,1.0,1.0
Queue-nominal,0.45,1605,QP+G,6,6.0,6.0,0.24,1.6,0.14147035623908372,0.09845977873078163,0.17041928159347292,0.024109276477037336,1.0,0.0,0.0,-0.04614327827033726,-0.04609136548950854,5.1912780828722305e-05,5.0,1.0,1.0
Queue-nominal,0.45,1605,QP+G,7,7.0,7.0,0.24,1.6,0.13947823072471854,0.11346791452183305,0.16857338036563052,0.023512316840683153,1.0,0.0,0.0,-0.04304001680090863,-0.043041241007732545,-1.2242068239132209e-06,5.0,1.0,1.0
Queue-nominal,0.45,1605,QP+G,8,8.0,8.0,0.24,1.6,0.1377298278692983,0.13033581779026793,0.16669895516843974,0.02295941840134108,1.0,0.0,0.0,-0.0398281106245193,-0.04000932282523317,-0.00018121220071387611,5.0,1.0,1.0
Queue-nominal,0.45,1605,QP+G,9,9.0,9.0,0.24,1.6,0.1362353004025149,0.14874891500841342,0.16478920664335459,0.022450107070149515,1.0,0.0,0.0,-0.03677355723964659,-0.0372335525900831,-0.00045999535043650397,5.0,1.0,1.0
Queue-nominal,0.45,1605,QP+G,10,10.0,10.0,0.24,1.6,0.13499916033441392,0.16833366283627466,0.16283882579478987,0.021983104752138535,1.0,0.0,0.0,-0.03424174045130002,-0.03493250986188734,-0.0006907694105873219,5.0,1.0,1.0
Queue-nominal,0.45,1605,QP+G,11,11.0,11.0,0.24,1.6,0.13401992058037834,0.18867485897711828,0.16084405956216963,0.021556308088347617,1.0,0.0,0.0,-0.032427974533676185,-0.03319116844857062,-0.0007631939148944333,5.0,1.0,1.0
Queue-nominal,0.45,1605,QP+G,12,12.0,12.0,0.24,1.6,0.13328968667478677,0.20933830040663595,0.15880268091583438,0.021166759582387708,1.0,0.0,0.0,-0.031256329098679814,-0.03195174251366284,-0.000695413414983026,5.0,1.0,1.0
Queue-nominal,0.45,1605,QP+G,13,13.0,13.0,0.24,1.6,0.13279382184568456,0.2298964752806365,0.15671388748778137,0.020810636055797093,1.0,0.0,0.0,-0.03052426189529367,-0.03108924454151607,-0.0005649826462224006,5.0,1.0,1.0
Queue-nominal,0.45,1605,QP+G,14,14.0,14.0,0.24,1.6,0.13251082851671947,0.24995468404288493,0.15457815116019671,0.02048327888082037,1.0,0.0,0.0,-0.030052199352640585,-0.030480078286613033,-0.0004278789339724476,5.0,1.0,1.0
Queue-nominal,0.45,1605,QP+G,15,15.0,15.0,0.24,1.6,0.1324126093308926,0.2691747238664257,0.1523970375271277,0.020179289393264938,1.0,0.0,0.0,-0.02972091824028844,-0.03002785243472772,-0.00030693419443927894,5.0,1.0,1.0
Queue-nominal,0.45,1605,QP+G,16,16.0,16.0,0.24,1.6,0.13246525557431113,0.2872932466674008,0.15017301263821703,0.019892706499485675,1.0,0.0,0.0,-0.02945503850642428,-0.02966291185311043,-0.00020787334668614932,5.0,1.0,1.0
Queue-nominal,0.45,1605,QP+G,17,17.0,17.0,0.24,1.6,0.13263043647026554,0.3041323878426689,0.14790925525500653,0.019617269082463435,1.0,0.0,0.0,-0.02920485500896497,-0.02933466969933818,-0.00012981469037320892,5.0,1.0,1.0
Queue-nominal,0.45,1605,QP+G,18,18.0,18.0,0.24,1.6,0.13286733536273365,0.31960138508714203,0.1456094935988711,0.019346745417999026,1.0,0.0,0.0,-0.02893526169483618,-0.029005449639664782,-7.018794482860358e-05,5.0,1.0,1.0
Queue-nominal,0.45,1605,QP+G,19,19.0,19.0,0.24,1.6,0.13313493575896923,0.3336894845668155,0.14327788316187146,0.019075291770436854,1.0,0.0,0.0,-0.02862318309196965,-0.028650811591139913,-2.7628499170262444e-05,5.0,1.0,1.0
Queue-nominal,0.45,1605,QP+G,20,20.0,20.0,0.24,1.6,0.1333943532477996,0.3464520199496571,0.14091893496551525,0.01879779019009364,1.0,0.0,0.0,-0.02826101946062831,-0.028262196161515263,-1.1767008869512097e-06,5.0,1.0,1.0
Queue-nominal,0.45,1605,QP+G,21,21.0,21.0,0.24,1.6,0.13361088018372244,0.3579926477346918,0.13853749263963155,0.01851011633002714,1.0,0.0,0.0,-0.027854295888809055,-0.02784281483356299,1.1481055246065353e-05,5.0,1.0,1.0
Queue-nominal,0.45,1605,QP+G,22,22.0,22.0,0.24,1.6,0.13375547209462074,0.3684450103310427,0.13613874500983078,0.01820930210915911,1.0,0.0,0.0,-0.027409564549226495,-0.02739238069593375,1.7183853292745965e-05,5.0,1.0,1.0
Queue-nominal,0.45,1605,QP+G,23,23.0,23.0,0.24,1.6,0.13380553774068518,0.3779565614832266,0.13372825238972208,0.01789358072212883,1.0,0.0,0.0,-0.026917521116242682,-0.026898120227122124,1.9400889120557707e-05,5.0,1.0,1.0
Queue-nominal,0.45,1605,QP+G,24,24.0,24.0,0.24,1.6,0.13374505325627012,0.3866761885315067,0.13131196227213923,0.017562325387272593,1.0,0.0,0.0,-0.026366897988059357,-0.0263486550308476,1.824295721175595e-05,5.0,1.0,1.0
Queue-nominal,0.45,1605,QP+G,25,25.0,25.0,0.24,1.6,0.13356415289681192,0.394746007363269,0.12889619416934345,0.017215910985851346,1.0,0.0,0.0,-0.025751156706786293,-0.025734299307928143,1.6857398858149963e-05,5.0,1.0,1.0
Queue-nominal,0.45,1605,QP+G,26,26.0,26.0,0.24,1.6,0.1332584167457164,0.4022966738328664,0.12648758223620166,0.016855534946789836,1.0,0.0,0.0,-0.025058323663132764,-0.02504254055785604,1.578310527672322e-05,5.0,1.0,1.0
Queue-nominal,0.45,1605,QP+G,27,27.0,27.0,0.24,1.6,0.13282806909590603,0.4094449890749449,0.12409297494140202,0.016483030249833084,1.0,0.0,0.0,-0.02428485112014611,-0.024272648169186617,1.220295095949453e-05,5.0,1.0,1.0
Queue-nominal,0.45,1605,QP+G,28,28.0,28.0,0.24,1.6,0.1322772377086301,0.41629251859338307,0.1217193003549835,0.016100692826784297,1.0,0.0,0.0,-0.02344631504950545,-0.02344288607703815,3.4289724673008948e-06,5.0,1.0,1.0
Queue-nominal,0.45,1605,QP+G,29,29.0,29.0,0.24,1.6,0.13161333727223395,0.4229242743528735,0.11937341158638494,0.01571113308045608,1.0,0.0,0.0,-0.02257585694881392,-0.02258914282250224,-1.3285873688317906e-05,5.0,1.0,1.0
Queue-nominal,0.45,1605,QP+G,30,30.0,30.0,0.24,1.6,0.13084656328402702,0.4294070217569025,0.11706192894763863,0.015317151094197474,1.0,0.0,0.0,-0.021713177029076824,-0.021748161391762055,-3.498436268523086e-05,5.0,1.0,1.0
Queue-nominal,0.45,1605,QP+G,31,31.0,31.0,0.24,1.6,0.1299894360869877,0.4357872733822252,0.11479109408249824,0.014921629587592296,1.0,0.0,0.0,-0.02088097396987809,-0.020937550210992972,-5.657624111488069e-05,5.0,1.0,1.0
Queue-nominal,0.45,1605,QP+G,32,32.0,32.0,0.24,1.6,0.12905632390635607,0.4420893879563742,0.11256664771889195,0.014527437749061999,1.0,0.0,0.0,-0.020081925966532577,-0.020156321709656755,-7.439574312417818e-05,5.0,1.0,1.0
Queue-nominal,0.45,1605,QP+G,33,33.0,33.0,0.24,1.6,0.12806289120111453,0.44831435536945363,0.11039373806475702,0.014137341267071314,1.0,0.0,0.0,-0.019309209078531175,-0.019397901209656787,-8.86921311256117e-05,5.0,1.0,1.0
Queue-nominal,0.45,1605,QP+G,34,34.0,34.0,0.24,1.6,0.12702545151636221,0.4544398282472437,0.10827686215967591,0.013753917304607748,1.0,0.0,0.0,-0.018563071345371274,-0.01866653393858564,-0.00010346259321436513,5.0,1.0,1.0
Queue-nominal,0.45,1605,QP+G,35,35.0,35.0,0.24,1.6,0.12596023944293644,0.46042180383781706,0.10621983840467958,0.013379476279043456,1.0,0.0,0.0,-0.017858320523203908,-0.017976381960228105,-0.00011806143702419725,5.0,1.0,1.0
Queue-nominal,0.45,1605,QP+G,36,36.0,36.0,0.24,1.6,0.1248826449084169,0.4661981228771184,0.10422580543303461,0.01301599425018741,1.0,0.0,0.0,-0.017203092639017648,-0.01733208787232221,-0.00012899523330456297,5.0,1.0,1.0
Queue-nominal,0.45,1605,QP+G,37,37.0,37.0,0.24,1.6,0.12380646999671484,0.4716936869611944,0.10229724064215619,0.012665060254309827,1.0,0.0,0.0,-0.01659081360841519,-0.01672670334893378,-0.00013588974051859104,5.0,1.0,1.0
Queue-nominal,0.45,1605,QP+G,38,38.0,38.0,0.24,1.6,0.12274327292635695,0.47682704574391077,0.10043599108594513,0.012327842265491317,1.0,0.0,0.0,-0.016012027388720096,-0.016152977200907914,-0.00014094981218781832,5.0,1.0,1.0
Queue-nominal,0.45,1605,QP+G,39,39.0,39.0,0.24,1.6,0.12170185748638014,0.4815178029911427,0.09864330989170862,0.012005074042425555,1.0,0.0,0.0,-0.015462921612491964,-0.015609132848396046,-0.00014621123590408125,5.0,1.0,1.0
Queue-nominal,0.45,1605,QP+G,40,40.0,40.0,0.24,1.6,0.12068795221231923,0.48569415959640083,0.09691989268153732,0.011697063376372484,1.0,0.0,0.0,-0.014943539638106794,-0.01509451355003466,-0.00015097391192786698,5.0,1.0,1.0
Queue-nominal,0.45,1605,QP+G,41,41.0,41.0,0.24,1.6,0.11970410515211972,0.48929986592596536,0.09526591035421478,0.011403720550453337,1.0,0.0,0.0,-0.01444910795414067,-0.014602497417205873,-0.0001533894630652028,5.0,1.0,1.0
Queue-nominal,0.45,1605,QP+G,42,42.0,42.0,0.24,1.6,0.11874979998501589,0.4922998989788084,0.0936810367140513,0.011124604372182522,1.0,0.0,0.0,-0.013968593782985204,-0.0141220318708708,-0.00015343808788559517,5.0,1.0,1.0
Queue-nominal,0.45,1605,QP+G,43,43.0,43.0,0.24,1.6,0.11782177950646862,0.49468430510733735,0.0921644715239982,0.010858982042230722,1.0,0.0,0.0,-0.013491570800439945,-0.013643789617361568,-0.0001522188169216232,5.0,1.0,1.0
Queue-nominal,0.45,1605,QP+G,44,44.0,44.0,0.24,1.6,0.11691454439372372,0.49646984027028623,0.09071496134972226,0.010605898375897035,1.0,0.0,0.0,-0.013010682117704064,-0.013160712748839343,-0.00015003063113527837,5.0,1.0,1.0
Queue-nominal,0.45,1605,QP+G,45,45.0,45.0,0.24,1.6,0.11602097967051328,0.4976992735918051,0.08933082182902231,0.010364249463375242,1.0,0.0,0.0,-0.01251818060148091,-0.012664957437537483,-0.00014677683605657244,5.0,1.0,1.0
Queue-nominal,0.45,1605,QP+G,46,46.0,46.0,0.24,1.6,0.11513304934339404,0.4984384689576424,0.08800996558025684,0.010132855709862122,1.0,0.0,0.0,-0.012005090707281063,-0.012148295330070225,-0.00014320462278916146,5.0,1.0,1.0
Queue-nominal,0.45,1605,QP+G,47,47.0,47.0,0.24,1.6,0.11424249247071397,0.4987715953325494,0.08674993975666172,0.009910529339485316,1.0,0.0,0.0,-0.011464641963854659,-0.011605577415214618,-0.00014093545135995984,5.0,1.0,1.0
Queue-nominal,0.45,1605,QP+G,48,48.0,48.0,0.24,1.6,0.11334145286366845,0.4987950132588621,0.08554797625269019,0.009696131918026513,1.0,0.0,0.0,-0.010895784984906063,-0.01103741560998639,-0.00014163062508032627,5.0,1.0,1.0
Queue-nominal,0.45,1605,QP+G,49,49.0,49.0,0.24,1.6,0.11242298105051617,0.4986105203216734,0.0844010558758588,0.009488618305375231,1.0,0.0,0.0,-0.010305104547968291,-0.010450870142845403,-0.00014576559487711194,5.0,1.0,1.0
Queue-nominal,0.45,1605,QP+G,50,50.0,50.0,0.24,1.6,0.11148136178248536,0.498318695288138,0.08330598563370498,0.009287064723077592,1.0,0.0,0.0,-0.009707437150118457,-0.00985854051990831,-0.0001511033697898529,5.0,1.0,1.0
Queue-nominal,0.45,1605,QP+G,51,51.0,51.0,0.24,1.6,0.11051224269444794,0.4980130490660207,0.08225948597616368,0.009090680278118338,1.0,0.0,0.0,-0.009123042656208558,-0.00927571670719729,-0.00015267405098873255,5.0,1.0,1.0
Queue-nominal,0.45,1605,QP+G,52,52.0,52.0,0.24,1.6,0.10951256750446352,0.49777556951067553,0.08125828276784074,0.008898803176909944,1.0,0.0,0.0,-0.008568525545636252,-0.008715737398379275,-0.00014721185274302329,5.0,1.0,1.0
Queue-nominal,0.45,1605,QP+G,53,53.0,53.0,0.24,1.6,0.10848034631725394,0.49767404693645845,0.08029919732665358,0.008710884734992892,1.0,0.0,0.0,-0.008049515427287268,-0.008186735081750607,-0.00013721965446333861,5.0,1.0,1.0
Queue-nominal,0.45,1605,QP+G,54,54.0,54.0,0.24,1.6,0.1074143209193433,0.49776131191881734,0.07937922735490834,0.008526465801429638,1.0,0.0,0.0,-0.007564917662711945,-0.0076921733518828805,-0.00012725568917093533,5.0,1.0,1.0
Queue-nominal,0.45,1605,QP+G,55,55.0,55.0,0.24,1.28922234865607,0.10631359902196341,0.4980762435293696,0.07849561214978983,0.008345151035076315,1.0,0.0,0.0,-0.007119612994421793,-0.007216534139543596,-9.692114512180241e-05,5.0,1.0,1.0
Queue-nominal,0.45,1605,QP+G,56,56.0,56.0,0.24,0.0,0.10541529666209698,0.49569589721532376,0.07761886482446632,0.008182215662046322,0.0,1.0,0.0,-0.00679965052588073,-0.006782198513583859,1.7452012296871253e-05,5.0,1.0,1.0
Queue-nominal,0.45,1605,QP+G,57,57.0,57.0,0.24,0.0,0.10548058812077057,0.48098760430790477,0.07666312272360448,0.008086471272060611,0.0,1.0,0.0,-0.006578065145874667,-0.006410308676024767,0.00016775646984989925,5.0,1.0,1.0
Queue-nominal,0.45,1605,QP+G,58,58.0,58.0,0.24,0.0,0.10556483669585048,0.46578732817168067,0.0757476237410908,0.007996285530326977,0.0,1.0,0.0,-0.006425313732785653,-0.006068989626533572,0.0003563241062520808,5.0,1.0,1.0
Queue-nominal,0.45,1605,QP+G,59,59.0,59.0,0.24,0.0,0.10567007444404079,0.4501384567996129,0.07487198945180332,0.007911728699145493,0.0,1.0,0.0,-0.006279755051802559,-0.005751171102800434,0.0005285839490021252,5.0,1.0,1.0
Queue-nominal,0.45,1605,QP+G,60,60.0,60.0,0.24,0.0,0.10579824239271245,0.43408542501561453,0.07403578438538869,0.007832855862139948,0.0,1.0,0.0,-0.006139460184347634,-0.005451163562822714,0.0006882966215249198,5.0,1.0,1.0
Queue-nominal,0.45,1605,noG,1,1.0,0.0,0.24,0.0,0.0,0.0,0.17948259329275945,0.0,0.0,0.0,0.0,-0.017642908528041623,-0.017699422137711363,-5.6513609669739395e-05,3.0,1.0,0.0
Queue-nominal,0.45,1605,noG,2,2.0,0.0,0.24,0.0,0.0,0.0,0.17911441958280183,0.0,0.0,0.0,0.0,-0.01846502611054568,-0.018476364073333418,-1.1337962787738576e-05,3.0,1.0,0.0
Queue-nominal,0.45,1605,noG,3,3.0,0.0,0.24,0.0,0.0,0.0,0.17872325323389976,0.0,0.0,0.0,0.0,-0.01919730097414529,-0.019166632707992903,3.066826615238591e-05,3.0,1.0,0.0
Queue-nominal,0.45,1605,noG,4,4.0,0.0,0.24,0.0,0.0,0.0,0.17831032927749021,0.0,0.0,0.0,0.0,-0.019612359755791786,-0.019564869873960333,4.748988183145286e-05,3.0,1.0,0.0
Queue-nominal,0.45,1605,noG,5,5.0,0.0,0.24,0.0,0.0,0.0,0.1778754438588274,0.0,0.0,0.0,0.0,-0.01966440874615394,-0.019620054058481884,4.435468767205464e-05,3.0,1.0,0.0
Queue-nominal,0.45,1605,noG,6,6.0,0.0,0.24,0.0,0.0,0.0,0.17741682171835396,0.0,0.0,0.0,0.0,-0.019378485307797174,-0.019299154617552716,7.93306902444578e-05,3.0,1.0,0.0
Queue-nominal,0.45,1605,noG,7,7.0,0.0,0.24,0.0,0.0,0.0,0.17693117751387435,0.0,0.0,0.0,0.0,-0.018507316665195006,-0.01838057777012958,0.0001267388950654258,3.0,1.0,0.0
Queue-nominal,0.45,1605,noG,8,8.0,0.0,0.24,0.0,0.0,0.0,0.17641394071429656,0.0,0.0,0.0,0.0,-0.016832602035519173,-0.016742321112081626,9.028092343754679e-05,3.0,1.0,0.0
Queue-nominal,0.45,1605,noG,9,9.0,0.0,0.24,0.0,0.0,0.0,0.17585960445314477,0.0,0.0,0.0,0.0,-0.014720015342524206,-0.014720673990545663,-6.586480214565427e-07,3.0,1.0,0.0
Queue-nominal,0.45,1605,noG,10,10.0,0.0,0.24,0.0,0.0,0.0,0.1752621551542718,0.0,0.0,0.0,0.0,-0.012748236918200817,-0.012801008395853408,-5.277147765259116e-05,3.0,1.0,0.0
Queue-nominal,0.45,1605,noG,11,11.0,0.0,0.24,0.0,0.0,0.0,0.17461553948044373,0.0,0.0,0.0,0.0,-0.01118278952064955,-0.011260878800333884,-7.808927968433466e-05,3.0,1.0,0.0
Queue-nominal,0.45,1605,noG,12,12.0,0.0,0.24,0.0,0.0,0.0,0.17391412679027127,0.0,0.0,0.0,0.0,-0.010144732745342997,-0.010238572103016708,-9.383935767371017e-05,3.0,1.0,0.0
Queue-nominal,0.45,1605,noG,13,13.0,0.0,0.24,0.0,0.0,0.0,0.17315312855846168,0.0,0.0,0.0,0.0,-0.009702837578906554,-0.009798668871406235,-9.583129249968181e-05,3.0,1.0,0.0
Queue-nominal,0.45,1605,noG,14,14.0,0.0,0.24,0.0,0.0,0.0,0.17232894163047,0.0,0.0,0.0,0.0,-0.00983385812933335,-0.009916160966776388,-8.23028374430379e-05,3.0,1.0,0.0
Queue-nominal,0.45,1605,noG,15,15.0,0.0,0.24,0.0,0.0,0.0,0.17143939038694533,0.0,0.0,0.0,0.0,-0.010422386676074423,-0.01048258354856646,-6.019687249203716e-05,3.0,1.0,0.0
Queue-nominal,0.45,1605,noG,16,16.0,0.0,0.24,0.0,0.0,0.0,0.17048385400617083,0.0,0.0,0.0,0.0,-0.011313680577176298,-0.011352052254514966,-3.837167733866838e-05,3.0,1.0,0.0
Queue-nominal,0.45,1605,noG,17,17.0,0.0,0.24,0.0,0.0,0.0,0.1694632782097503,0.0,0.0,0.0,0.0,-0.012289483017185073,-0.012388015180729184,-9.853216354411068e-05,3.0,1.0,0.0
Queue-nominal,0.45,1605,noG,18,18.0,0.0,0.24,0.0,0.0,0.0,0.16838008435939072,0.0,0.0,0.0,0.0,-0.013354390736595329,-0.013484592231455927,-0.0001302014948605986,3.0,1.0,0.0
Queue-nominal,0.45,1605,noG,19,19.0,0.0,0.24,0.0,0.0,0.0,0.16723800016476076,0.0,0.0,0.0,0.0,-0.014436821819787832,-0.014567474237682454,-0.00013065241789462188,3.0,1.0,0.0
Queue-nominal,0.45,1605,noG,20,20.0,0.0,0.24,0.0,0.0,0.0,0.16604184330477295,0.0,0.0,0.0,0.0,-0.015476522755799743,-0.015586846457650516,-0.00011032370185077266,3.0,1.0,0.0
Queue-nominal,0.45,1605,noG,21,21.0,0.0,0.24,0.0,0.0,0.0,0.16479729054617853,0.0,0.0,0.0,0.0,-0.016433601688315033,-0.01650967625477806,-7.607456646302815e-05,3.0,1.0,0.0
Queue-nominal,0.45,1605,noG,22,22.0,0.0,0.24,0.0,0.0,0.0,0.163510660387296,0.0,0.0,0.0,0.0,-0.01728156490805393,-0.01731384828465332,-3.228337659939157e-05,3.0,1.0,0.0
Queue-nominal,0.45,1605,noG,23,23.0,0.0,0.24,0.0,0.0,0.0,0.1621887281735694,0.0,0.0,0.0,0.0,-0.01799641610245928,-0.017984433093414687,1.1983009044591597e-05,3.0,1.0,0.0
Queue-nominal,0.45,1605,noG,24,24.0,0.0,0.24,0.0,0.0,0.0,0.16083858134210421,0.0,0.0,0.0,0.0,-0.018524955537442267,-0.01851175532522298,1.3200212219288687e-05,3.0,1.0,0.0
Queue-nominal,0.45,1605,noG,25,25.0,0.0,0.24,0.0,0.0,0.0,0.1594675116065011,0.0,0.0,0.0,0.0,-0.018904597000872766,-0.01889084537589447,1.3751624978294158e-05,3.0,1.0,0.0
Queue-nominal,0.45,1605,noG,26,26.0,0.0,0.24,0.0,0.0,0.0,0.15808293276876872,0.0,0.0,0.0,0.0,-0.019135327890111853,-0.0191218097076451,1.351818246675407e-05,3.0,1.0,0.0
Queue-nominal,0.45,1605,noG,27,27.0,0.0,0.24,0.0,0.0,0.0,0.15669230881641039,0.0,0.0,0.0,0.0,-0.019222921272441514,-0.01921049136533881,1.242990710270328e-05,3.0,1.0,0.0
Queue-nominal,0.45,1605,noG,28,28.0,0.0,0.24,0.0,0.0,0.0,0.15530307728261147,0.0,0.0,0.0,0.0,-0.019179202455332778,-0.019168607696093964,1.0594759238813367e-05,3.0,1.0,0.0
Queue-nominal,0.45,1605,noG,29,29.0,0.0,0.24,0.0,0.0,0.0,0.15392255674796734,0.0,0.0,0.0,0.0,-0.019020977896100355,-0.019012606867214732,8.371028885623133e-06,3.0,1.0,0.0
Queue-nominal,0.45,1605,noG,30,30.0,0.0,0.24,0.0,0.0,0.0,0.15255783339323198,0.0,0.0,0.0,0.0,-0.0187672827429175,-0.018760947452885812,6.335290031689311e-06,3.0,1.0,0.0
Queue-nominal,0.45,1605,noG,31,31.0,0.0,0.24,0.0,0.0,0.0,0.15121562798492552,0.0,0.0,0.0,0.0,-0.018435304951944783,-0.018430092901550843,5.212050393939988e-06,3.0,1.0,0.0
Queue-nominal,0.45,1605,noG,32,32.0,0.0,0.24,0.0,0.0,0.0,0.14990215007837154,0.0,0.0,0.0,0.0,-0.01803541451229851,-0.018029445848542824,5.968663755684389e-06,3.0,1.0,0.0
Queue-nominal,0.45,1605,noG,33,33.0,0.0,0.24,0.0,0.0,0.0,0.14862294951892013,0.0,0.0,0.0,0.0,-0.01756455797764289,-0.017555238459387557,9.319518255335169e-06,3.0,1.0,0.0
Queue-nominal,0.45,1605,noG,34,34.0,0.0,0.24,0.0,0.0,0.0,0.14738277608109532,0.0,0.0,0.0,0.0,-0.01700625608777706,-0.016998846844750837,7.409243026224033e-06,3.0,1.0,0.0
Queue-nominal,0.45,1605,noG,35,35.0,0.0,0.24,0.0,0.0,0.0,0.1461854564613288,0.0,0.0,0.0,0.0,-0.016381894922501417,-0.016361196104265563,2.0698818235853622e-05,3.0,1.0,0.0
Queue-nominal,0.45,1605,noG,36,36.0,0.0,0.24,0.0,0.0,0.0,0.14503379444338677,0.0,0.0,0.0,0.0,-0.015563656325201514,-0.015523397105602577,4.025921959893708e-05,3.0,1.0,0.0
Queue-nominal,0.45,1605,noG,37,37.0,0.0,0.24,0.0,0.0,0.0,0.14392949577682046,0.0,0.0,0.0,0.0,-0.014528877961086373,-0.014523528690475906,5.349270610466306e-06,3.0,1.0,0.0
Queue-nominal,0.45,1605,noG,38,38.0,0.0,0.24,0.0,0.0,0.0,0.14287311514246193,0.0,0.0,0.0,0.0,-0.013539583915971319,-0.013567914203015619,-2.833028704429981e-05,3.0,1.0,0.0
Queue-nominal,0.45,1605,noG,39,39.0,0.0,0.24,0.0,0.0,0.0,0.14186401947712304,0.0,0.0,0.0,0.0,-0.012720776959143086,-0.012724593386379546,-3.816427236459988e-06,3.0,1.0,0.0
Queue-nominal,0.45,1605,noG,40,40.0,0.0,0.24,0.0,0.0,0.0,0.14090036068469436,0.0,0.0,0.0,0.0,-0.011902145823703414,-0.011901855040561404,2.9078314200958744e-07,3.0,1.0,0.0
Queue-nominal,0.45,1605,noG,41,41.0,0.0,0.24,0.0,0.0,0.0,0.13997905190588705,0.0,0.0,0.0,0.0,-0.011099289137250778,-0.011112202445898056,-1.2913308647277688e-05,3.0,1.0,0.0
Queue-nominal,0.45,1605,noG,42,42.0,0.0,0.24,0.0,0.0,0.0,0.13909574522984453,0.0,0.0,0.0,0.0,-0.010409208434927208,-0.010425286380546073,-1.607794561886422e-05,3.0,1.0,0.0
Queue-nominal,0.45,1605,noG,43,43.0,0.0,0.24,0.0,0.0,0.0,0.13824481472717176,0.0,0.0,0.0,0.0,-0.009839668514772804,-0.009851328016317495,-1.1659501544691864e-05,3.0,1.0,0.0
Queue-nominal,0.45,1605,noG,44,44.0,0.0,0.24,0.0,0.0,0.0,0.13741935614591627,0.0,0.0,0.0,0.0,-0.009358895696545133,-0.009364457365201417,-5.561668656284269e-06,3.0,1.0,0.0
Queue-nominal,0.45,1605,noG,45,45.0,0.0,0.24,0.0,0.0,0.0,0.13661122215501012,0.0,0.0,0.0,0.0,-0.008938440725003716,-0.008946742116293649,-8.301391289933235e-06,3.0,1.0,0.0
Queue-nominal,0.45,1605,noG,46,46.0,0.0,0.24,0.0,0.0,0.0,0.13581111777969054,0.0,0.0,0.0,0.0,-0.008615457899483479,-0.008633169351763836,-1.771145228035738e-05,3.0,1.0,0.0
Queue-nominal,0.45,1605,noG,47,47.0,0.0,0.24,0.0,0.0,0.0,0.1350087825564239,0.0,0.0,0.0,0.0,-0.00843151825605126,-0.008431805905079415,-2.8764902815399396e-07,3.0,1.0,0.0
Queue-nominal,0.45,1605,noG,48,48.0,0.0,0.24,0.0,0.0,0.0,0.1341932820512664,0.0,0.0,0.0,0.0,-0.008240316355516697,-0.008201488258854805,3.8828096661891465e-05,3.0,1.0,0.0
Queue-nominal,0.45,1605,noG,49,49.0,0.0,0.24,0.0,0.0,0.0,0.13335342063158404,0.0,0.0,0.0,0.0,-0.007815601806093753,-0.007823468777929943,-7.866971836190118e-06,3.0,1.0,0.0
Queue-nominal,0.45,1605,noG,50,50.0,0.0,0.24,0.0,0.0,0.0,0.13247827004268267,0.0,0.0,0.0,0.0,-0.007543669992897683,-0.0075675329025068905,-2.3862909609207762e-05,3.0,1.0,0.0
Queue-nominal,0.45,1605,noG,51,51.0,0.0,0.24,0.0,0.0,0.0,0.13155778651415215,0.0,0.0,0.0,0.0,-0.007461770709733528,-0.007490003805277645,-2.8233095544116793e-05,3.0,1.0,0.0
Queue-nominal,0.45,1605,noG,52,52.0,0.0,0.24,0.0,0.0,0.0,0.1305834667043394,0.0,0.0,0.0,0.0,-0.007519735436218865,-0.007503166658989535,1.6568777229330166e-05,3.0,1.0,0.0
Queue-nominal,0.45,1605,noG,53,53.0,0.0,0.24,0.0,0.0,0.0,0.12954897487180686,0.0,0.0,0.0,0.0,-0.007442052226354079,-0.007455014111270586,-1.296188491650696e-05,3.0,1.0,0.0
Queue-nominal,0.45,1605,noG,54,54.0,0.0,0.24,0.0,0.0,0.0,0.12845066529902874,0.0,0.0,0.0,0.0,-0.007473125092585242,-0.007484792784529404,-1.1667691944161618e-05,3.0,1.0,0.0
Queue-nominal,0.45,1605,noG,55,55.0,0.0,0.24,0.0,0.0,0.0,0.1272879286818738,0.0,0.0,0.0,0.0,-0.007523798470137066,-0.007513590185566077,1.0208284570989434e-05,3.0,1.0,0.0
Queue-nominal,0.45,1605,noG,56,56.0,0.0,0.24,0.0,0.0,0.0,0.12606330953574713,0.0,0.0,0.0,0.0,-0.007516290792461965,-0.007541556328821031,-2.5265536359065678e-05,3.0,1.0,0.0
Queue-nominal,0.45,1605,noG,57,57.0,0.0,0.24,0.0,0.0,0.0,0.12478237079292569,0.0,0.0,0.0,0.0,-0.007632467540033157,-0.00763413670613966,-1.6691661065037014e-06,3.0,1.0,0.0
Queue-nominal,0.45,1605,noG,58,58.0,0.0,0.24,0.0,0.0,0.0,0.12345331591426442,0.0,0.0,0.0,0.0,-0.007643592923782804,-0.0076061409628778165,3.74519609049875e-05,3.0,1.0,0.0
Queue-nominal,0.45,1605,noG,59,59.0,0.0,0.24,0.0,0.0,0.0,0.12208641093389139,0.0,0.0,0.0,0.0,-0.0073896968541387045,-0.007387084190196624,2.612663942080061e-06,3.0,1.0,0.0
Queue-nominal,0.45,1605,noG,60,60.0,0.0,0.24,0.0,0.0,0.0,0.12069327254455593,0.0,0.0,0.0,0.0,-0.007154021477075999,-0.007170022311792756,-1.600083471675704e-05,3.0,1.0,0.0
Queue-nominal,0.45,1605,Minimax-PPO,1,1.0,0.0,0.16,0.0,,,,,,,,,,,,1.0,0.0
Queue-nominal,0.45,1605,Minimax-PPO,2,2.0,0.0,0.16,0.0,,,,,,,,,,,,1.0,0.0
Queue-nominal,0.45,1605,Minimax-PPO,3,3.0,0.0,0.16,0.0,,,,,,,,,,,,1.0,0.0
Queue-nominal,0.45,1605,Minimax-PPO,4,4.0,0.0,0.16,0.0,,,,,,,,,,,,1.0,0.0
Queue-nominal,0.45,1605,Minimax-PPO,5,5.0,0.0,0.16,0.0,,,,,,,,,,,,1.0,0.0
Queue-nominal,0.45,1605,Minimax-PPO,6,6.0,0.0,0.16,0.0,,,,,,,,,,,,1.0,0.0
Queue-nominal,0.45,1605,Minimax-PPO,7,7.0,0.0,0.16,0.0,,,,,,,,,,,,1.0,0.0
Queue-nominal,0.45,1605,Minimax-PPO,8,8.0,0.0,0.16,0.0,,,,,,,,,,,,1.0,0.0
Queue-nominal,0.45,1605,Minimax-PPO,9,9.0,0.0,0.16,0.0,,,,,,,,,,,,1.0,0.0
Queue-nominal,0.45,1605,Minimax-PPO,10,10.0,0.0,0.16,0.0,,,,,,,,,,,,1.0,0.0
Queue-nominal,0.45,1605,Minimax-PPO,11,11.0,0.0,0.16,0.0,,,,,,,,,,,,1.0,0.0
Queue-nominal,0.45,1605,Minimax-PPO,12,12.0,0.0,0.16,0.0,,,,,,,,,,,,1.0,0.0
Queue-nominal,0.45,1605,Minimax-PPO,13,13.0,0.0,0.16,0.0,,,,,,,,,,,,1.0,0.0
Queue-nominal,0.45,1605,Minimax-PPO,14,14.0,0.0,0.16,0.0,,,,,,,,,,,,1.0,0.0
Queue-nominal,0.45,1605,Minimax-PPO,15,15.0,0.0,0.16,0.0,,,,,,,,,,,,1.0,0.0
Queue-nominal,0.45,1605,Minimax-PPO,16,16.0,0.0,0.16,0.0,,,,,,,,,,,,1.0,0.0
Queue-nominal,0.45,1605,Minimax-PPO,17,17.0,0.0,0.16,0.0,,,,,,,,,,,,1.0,0.0
Queue-nominal,0.45,1605,Minimax-PPO,18,18.0,0.0,0.16,0.0,,,,,,,,,,,,1.0,0.0
Queue-nominal,0.45,1605,Minimax-PPO,19,19.0,0.0,0.16,0.0,,,,,,,,,,,,1.0,0.0
Queue-nominal,0.45,1605,Minimax-PPO,20,20.0,0.0,0.16,0.0,,,,,,,,,,,,1.0,0.0
Queue-nominal,0.45,1605,Minimax-PPO,21,21.0,0.0,0.16,0.0,,,,,,,,,,,,1.0,0.0
Queue-nominal,0.45,1605,Minimax-PPO,22,22.0,0.0,0.16,0.0,,,,,,,,,,,,1.0,0.0
Queue-nominal,0.45,1605,Minimax-PPO,23,23.0,0.0,0.16,0.0,,,,,,,,,,,,1.0,0.0
Queue-nominal,0.45,1605,Minimax-PPO,24,24.0,0.0,0.16,0.0,,,,,,,,,,,,1.0,0.0
Queue-nominal,0.45,1605,Minimax-PPO,25,25.0,0.0,0.16,0.0,,,,,,,,,,,,1.0,0.0
Queue-nominal,0.45,1605,Minimax-PPO,26,26.0,0.0,0.16,0.0,,,,,,,,,,,,1.0,0.0
Queue-nominal,0.45,1605,Minimax-PPO,27,27.0,0.0,0.16,0.0,,,,,,,,,,,,1.0,0.0
Queue-nominal,0.45,1605,Minimax-PPO,28,28.0,0.0,0.16,0.0,,,,,,,,,,,,1.0,0.0
Queue-nominal,0.45,1605,Minimax-PPO,29,29.0,0.0,0.16,0.0,,,,,,,,,,,,1.0,0.0
Queue-nominal,0.45,1605,Minimax-PPO,30,30.0,0.0,0.16,0.0,,,,,,,,,,,,1.0,0.0
Queue-nominal,0.45,1605,Minimax-PPO,31,31.0,0.0,0.16,0.0,,,,,,,,,,,,1.0,0.0
Queue-nominal,0.45,1605,Minimax-PPO,32,32.0,0.0,0.16,0.0,,,,,,,,,,,,1.0,0.0
Queue-nominal,0.45,1605,Minimax-PPO,33,33.0,0.0,0.16,0.0,,,,,,,,,,,,1.0,0.0
Queue-nominal,0.45,1605,Minimax-PPO,34,34.0,0.0,0.16,0.0,,,,,,,,,,,,1.0,0.0
Queue-nominal,0.45,1605,Minimax-PPO,35,35.0,0.0,0.16,0.0,,,,,,,,,,,,1.0,0.0
Queue-nominal,0.45,1605,Minimax-PPO,36,36.0,0.0,0.16,0.0,,,,,,,,,,,,1.0,0.0
Queue-nominal,0.45,1605,Minimax-PPO,37,37.0,0.0,0.16,0.0,,,,,,,,,,,,1.0,0.0
Queue-nominal,0.45,1605,Minimax-PPO,38,38.0,0.0,0.16,0.0,,,,,,,,,,,,1.0,0.0
Queue-nominal,0.45,1605,Minimax-PPO,39,39.0,0.0,0.16,0.0,,,,,,,,,,,,1.0,0.0
Queue-nominal,0.45,1605,Minimax-PPO,40,40.0,0.0,0.16,0.0,,,,,,,,,,,,1.0,0.0
Queue-nominal,0.45,1605,Minimax-PPO,41,41.0,0.0,0.16,0.0,,,,,,,,,,,,1.0,0.0
Queue-nominal,0.45,1605,Minimax-PPO,42,42.0,0.0,0.16,0.0,,,,,,,,,,,,1.0,0.0
Queue-nominal,0.45,1605,Minimax-PPO,43,43.0,0.0,0.16,0.0,,,,,,,,,,,,1.0,0.0
Queue-nominal,0.45,1605,Minimax-PPO,44,44.0,0.0,0.16,0.0,,,,,,,,,,,,1.0,0.0
Queue-nominal,0.45,1605,Minimax-PPO,45,45.0,0.0,0.16,0.0,,,,,,,,,,,,1.0,0.0
Queue-nominal,0.45,1605,Minimax-PPO,46,46.0,0.0,0.16,0.0,,,,,,,,,,,,1.0,0.0
Queue-nominal,0.45,1605,Minimax-PPO,47,47.0,0.0,0.16,0.0,,,,,,,,,,,,1.0,0.0
Queue-nominal,0.45,1605,Minimax-PPO,48,48.0,0.0,0.16,0.0,,,,,,,,,,,,1.0,0.0
Queue-nominal,0.45,1605,Minimax-PPO,49,49.0,0.0,0.16,0.0,,,,,,,,,,,,1.0,0.0
Queue-nominal,0.45,1605,Minimax-PPO,50,50.0,0.0,0.16,0.0,,,,,,,,,,,,1.0,0.0
Queue-nominal,0.45,1605,Minimax-PPO,51,51.0,0.0,0.16,0.0,,,,,,,,,,,,1.0,0.0
Queue-nominal,0.45,1605,Minimax-PPO,52,52.0,0.0,0.16,0.0,,,,,,,,,,,,1.0,0.0
Queue-nominal,0.45,1605,Minimax-PPO,53,53.0,0.0,0.16,0.0,,,,,,,,,,,,1.0,0.0
Queue-nominal,0.45,1605,Minimax-PPO,54,54.0,0.0,0.16,0.0,,,,,,,,,,,,1.0,0.0
Queue-nominal,0.45,1605,Minimax-PPO,55,55.0,0.0,0.16,0.0,,,,,,,,,,,,1.0,0.0
Queue-nominal,0.45,1605,Minimax-PPO,56,56.0,0.0,0.16,0.0,,,,,,,,,,,,1.0,0.0
Queue-nominal,0.45,1605,Minimax-PPO,57,57.0,0.0,0.16,0.0,,,,,,,,,,,,1.0,0.0
Queue-nominal,0.45,1605,Minimax-PPO,58,58.0,0.0,0.16,0.0,,,,,,,,,,,,1.0,0.0
Queue-nominal,0.45,1605,Minimax-PPO,59,59.0,0.0,0.16,0.0,,,,,,,,,,,,1.0,0.0
Queue-nominal,0.45,1605,Minimax-PPO,60,60.0,0.0,0.16,0.0,,,,,,,,,,,,1.0,0.0
Queue-nominal,0.45,1605,GDA,1,1.0,0.0,0.16,0.0,,,,,,,,,,,,1.0,0.0
Queue-nominal,0.45,1605,GDA,2,2.0,0.0,0.16,0.0,,,,,,,,,,,,1.0,0.0
Queue-nominal,0.45,1605,GDA,3,3.0,0.0,0.16,0.0,,,,,,,,,,,,1.0,0.0
Queue-nominal,0.45,1605,GDA,4,4.0,0.0,0.16,0.0,,,,,,,,,,,,1.0,0.0
Queue-nominal,0.45,1605,GDA,5,5.0,0.0,0.16,0.0,,,,,,,,,,,,1.0,0.0
Queue-nominal,0.45,1605,GDA,6,6.0,0.0,0.16,0.0,,,,,,,,,,,,1.0,0.0
Queue-nominal,0.45,1605,GDA,7,7.0,0.0,0.16,0.0,,,,,,,,,,,,1.0,0.0
Queue-nominal,0.45,1605,GDA,8,8.0,0.0,0.16,0.0,,,,,,,,,,,,1.0,0.0
Queue-nominal,0.45,1605,GDA,9,9.0,0.0,0.16,0.0,,,,,,,,,,,,1.0,0.0
Queue-nominal,0.45,1605,GDA,10,10.0,0.0,0.16,0.0,,,,,,,,,,,,1.0,0.0
Queue-nominal,0.45,1605,GDA,11,11.0,0.0,0.16,0.0,,,,,,,,,,,,1.0,0.0
Queue-nominal,0.45,1605,GDA,12,12.0,0.0,0.16,0.0,,,,,,,,,,,,1.0,0.0
Queue-nominal,0.45,1605,GDA,13,13.0,0.0,0.16,0.0,,,,,,,,,,,,1.0,0.0
Queue-nominal,0.45,1605,GDA,14,14.0,0.0,0.16,0.0,,,,,,,,,,,,1.0,0.0
Queue-nominal,0.45,1605,GDA,15,15.0,0.0,0.16,0.0,,,,,,,,,,,,1.0,0.0
Queue-nominal,0.45,1605,GDA,16,16.0,0.0,0.16,0.0,,,,,,,,,,,,1.0,0.0
Queue-nominal,0.45,1605,GDA,17,17.0,0.0,0.16,0.0,,,,,,,,,,,,1.0,0.0
Queue-nominal,0.45,1605,GDA,18,18.0,0.0,0.16,0.0,,,,,,,,,,,,1.0,0.0
Queue-nominal,0.45,1605,GDA,19,19.0,0.0,0.16,0.0,,,,,,,,,,,,1.0,0.0
Queue-nominal,0.45,1605,GDA,20,20.0,0.0,0.16,0.0,,,,,,,,,,,,1.0,0.0
Queue-nominal,0.45,1605,GDA,21,21.0,0.0,0.16,0.0,,,,,,,,,,,,1.0,0.0
Queue-nominal,0.45,1605,GDA,22,22.0,0.0,0.16,0.0,,,,,,,,,,,,1.0,0.0
Queue-nominal,0.45,1605,GDA,23,23.0,0.0,0.16,0.0,,,,,,,,,,,,1.0,0.0
Queue-nominal,0.45,1605,GDA,24,24.0,0.0,0.16,0.0,,,,,,,,,,,,1.0,0.0
Queue-nominal,0.45,1605,GDA,25,25.0,0.0,0.16,0.0,,,,,,,,,,,,1.0,0.0
Queue-nominal,0.45,1605,GDA,26,26.0,0.0,0.16,0.0,,,,,,,,,,,,1.0,0.0
Queue-nominal,0.45,1605,GDA,27,27.0,0.0,0.16,0.0,,,,,,,,,,,,1.0,0.0
Queue-nominal,0.45,1605,GDA,28,28.0,0.0,0.16,0.0,,,,,,,,,,,,1.0,0.0
Queue-nominal,0.45,1605,GDA,29,29.0,0.0,0.16,0.0,,,,,,,,,,,,1.0,0.0
Queue-nominal,0.45,1605,GDA,30,30.0,0.0,0.16,0.0,,,,,,,,,,,,1.0,0.0
Queue-nominal,0.45,1605,GDA,31,31.0,0.0,0.16,0.0,,,,,,,,,,,,1.0,0.0
Queue-nominal,0.45,1605,GDA,32,32.0,0.0,0.16,0.0,,,,,,,,,,,,1.0,0.0
Queue-nominal,0.45,1605,GDA,33,33.0,0.0,0.16,0.0,,,,,,,,,,,,1.0,0.0
Queue-nominal,0.45,1605,GDA,34,34.0,0.0,0.16,0.0,,,,,,,,,,,,1.0,0.0
Queue-nominal,0.45,1605,GDA,35,35.0,0.0,0.16,0.0,,,,,,,,,,,,1.0,0.0
Queue-nominal,0.45,1605,GDA,36,36.0,0.0,0.16,0.0,,,,,,,,,,,,1.0,0.0
Queue-nominal,0.45,1605,GDA,37,37.0,0.0,0.16,0.0,,,,,,,,,,,,1.0,0.0
Queue-nominal,0.45,1605,GDA,38,38.0,0.0,0.16,0.0,,,,,,,,,,,,1.0,0.0
Queue-nominal,0.45,1605,GDA,39,39.0,0.0,0.16,0.0,,,,,,,,,,,,1.0,0.0
Queue-nominal,0.45,1605,GDA,40,40.0,0.0,0.16,0.0,,,,,,,,,,,,1.0,0.0
Queue-nominal,0.45,1605,GDA,41,41.0,0.0,0.16,0.0,,,,,,,,,,,,1.0,0.0
Queue-nominal,0.45,1605,GDA,42,42.0,0.0,0.16,0.0,,,,,,,,,,,,1.0,0.0
Queue-nominal,0.45,1605,GDA,43,43.0,0.0,0.16,0.0,,,,,,,,,,,,1.0,0.0
Queue-nominal,0.45,1605,GDA,44,44.0,0.0,0.16,0.0,,,,,,,,,,,,1.0,0.0
Queue-nominal,0.45,1605,GDA,45,45.0,0.0,0.16,0.0,,,,,,,,,,,,1.0,0.0
Queue-nominal,0.45,1605,GDA,46,46.0,0.0,0.16,0.0,,,,,,,,,,,,1.0,0.0
Queue-nominal,0.45,1605,GDA,47,47.0,0.0,0.16,0.0,,,,,,,,,,,,1.0,0.0
Queue-nominal,0.45,1605,GDA,48,48.0,0.0,0.16,0.0,,,,,,,,,,,,1.0,0.0
Queue-nominal,0.45,1605,GDA,49,49.0,0.0,0.16,0.0,,,,,,,,,,,,1.0,0.0
Queue-nominal,0.45,1605,GDA,50,50.0,0.0,0.16,0.0,,,,,,,,,,,,1.0,0.0
Queue-nominal,0.45,1605,GDA,51,51.0,0.0,0.16,0.0,,,,,,,,,,,,1.0,0.0
Queue-nominal,0.45,1605,GDA,52,52.0,0.0,0.16,0.0,,,,,,,,,,,,1.0,0.0
Queue-nominal,0.45,1605,GDA,53,53.0,0.0,0.16,0.0,,,,,,,,,,,,1.0,0.0
Queue-nominal,0.45,1605,GDA,54,54.0,0.0,0.16,0.0,,,,,,,,,,,,1.0,0.0
Queue-nominal,0.45,1605,GDA,55,55.0,0.0,0.16,0.0,,,,,,,,,,,,1.0,0.0
Queue-nominal,0.45,1605,GDA,56,56.0,0.0,0.16,0.0,,,,,,,,,,,,1.0,0.0
Queue-nominal,0.45,1605,GDA,57,57.0,0.0,0.16,0.0,,,,,,,,,,,,1.0,0.0
Queue-nominal,0.45,1605,GDA,58,58.0,0.0,0.16,0.0,,,,,,,,,,,,1.0,0.0
Queue-nominal,0.45,1605,GDA,59,59.0,0.0,0.16,0.0,,,,,,,,,,,,1.0,0.0
Queue-nominal,0.45,1605,GDA,60,60.0,0.0,0.16,0.0,,,,,,,,,,,,1.0,0.0
Queue-nominal,0.45,1605,EGM,1,1.0,0.0,0.16,0.0,,,,,,,,,,,,1.0,0.0
Queue-nominal,0.45,1605,EGM,2,2.0,0.0,0.16,0.0,,,,,,,,,,,,1.0,0.0
Queue-nominal,0.45,1605,EGM,3,3.0,0.0,0.16,0.0,,,,,,,,,,,,1.0,0.0
Queue-nominal,0.45,1605,EGM,4,4.0,0.0,0.16,0.0,,,,,,,,,,,,1.0,0.0
Queue-nominal,0.45,1605,EGM,5,5.0,0.0,0.16,0.0,,,,,,,,,,,,1.0,0.0
Queue-nominal,0.45,1605,EGM,6,6.0,0.0,0.16,0.0,,,,,,,,,,,,1.0,0.0
Queue-nominal,0.45,1605,EGM,7,7.0,0.0,0.16,0.0,,,,,,,,,,,,1.0,0.0
Queue-nominal,0.45,1605,EGM,8,8.0,0.0,0.16,0.0,,,,,,,,,,,,1.0,0.0
Queue-nominal,0.45,1605,EGM,9,9.0,0.0,0.16,0.0,,,,,,,,,,,,1.0,0.0
Queue-nominal,0.45,1605,EGM,10,10.0,0.0,0.16,0.0,,,,,,,,,,,,1.0,0.0
Queue-nominal,0.45,1605,EGM,11,11.0,0.0,0.16,0.0,,,,,,,,,,,,1.0,0.0
Queue-nominal,0.45,1605,EGM,12,12.0,0.0,0.16,0.0,,,,,,,,,,,,1.0,0.0
Queue-nominal,0.45,1605,EGM,13,13.0,0.0,0.16,0.0,,,,,,,,,,,,1.0,0.0
Queue-nominal,0.45,1605,EGM,14,14.0,0.0,0.16,0.0,,,,,,,,,,,,1.0,0.0
Queue-nominal,0.45,1605,EGM,15,15.0,0.0,0.16,0.0,,,,,,,,,,,,1.0,0.0
Queue-nominal,0.45,1605,EGM,16,16.0,0.0,0.16,0.0,,,,,,,,,,,,1.0,0.0
Queue-nominal,0.45,1605,EGM,17,17.0,0.0,0.16,0.0,,,,,,,,,,,,1.0,0.0
Queue-nominal,0.45,1605,EGM,18,18.0,0.0,0.16,0.0,,,,,,,,,,,,1.0,0.0
Queue-nominal,0.45,1605,EGM,19,19.0,0.0,0.16,0.0,,,,,,,,,,,,1.0,0.0
Queue-nominal,0.45,1605,EGM,20,20.0,0.0,0.16,0.0,,,,,,,,,,,,1.0,0.0
Queue-nominal,0.45,1605,EGM,21,21.0,0.0,0.16,0.0,,,,,,,,,,,,1.0,0.0
Queue-nominal,0.45,1605,EGM,22,22.0,0.0,0.16,0.0,,,,,,,,,,,,1.0,0.0
Queue-nominal,0.45,1605,EGM,23,23.0,0.0,0.16,0.0,,,,,,,,,,,,1.0,0.0
Queue-nominal,0.45,1605,EGM,24,24.0,0.0,0.16,0.0,,,,,,,,,,,,1.0,0.0
Queue-nominal,0.45,1605,EGM,25,25.0,0.0,0.16,0.0,,,,,,,,,,,,1.0,0.0
Queue-nominal,0.45,1605,EGM,26,26.0,0.0,0.16,0.0,,,,,,,,,,,,1.0,0.0
Queue-nominal,0.45,1605,EGM,27,27.0,0.0,0.16,0.0,,,,,,,,,,,,1.0,0.0
Queue-nominal,0.45,1605,EGM,28,28.0,0.0,0.16,0.0,,,,,,,,,,,,1.0,0.0
Queue-nominal,0.45,1605,EGM,29,29.0,0.0,0.16,0.0,,,,,,,,,,,,1.0,0.0
Queue-nominal,0.45,1605,EGM,30,30.0,0.0,0.16,0.0,,,,,,,,,,,,1.0,0.0
Queue-nominal,0.45,1605,EGM,31,31.0,0.0,0.16,0.0,,,,,,,,,,,,1.0,0.0
Queue-nominal,0.45,1605,EGM,32,32.0,0.0,0.16,0.0,,,,,,,,,,,,1.0,0.0
Queue-nominal,0.45,1605,EGM,33,33.0,0.0,0.16,0.0,,,,,,,,,,,,1.0,0.0
Queue-nominal,0.45,1605,EGM,34,34.0,0.0,0.16,0.0,,,,,,,,,,,,1.0,0.0
Queue-nominal,0.45,1605,EGM,35,35.0,0.0,0.16,0.0,,,,,,,,,,,,1.0,0.0
Queue-nominal,0.45,1605,EGM,36,36.0,0.0,0.16,0.0,,,,,,,,,,,,1.0,0.0
Queue-nominal,0.45,1605,EGM,37,37.0,0.0,0.16,0.0,,,,,,,,,,,,1.0,0.0
Queue-nominal,0.45,1605,EGM,38,38.0,0.0,0.16,0.0,,,,,,,,,,,,1.0,0.0
Queue-nominal,0.45,1605,EGM,39,39.0,0.0,0.16,0.0,,,,,,,,,,,,1.0,0.0
Queue-nominal,0.45,1605,EGM,40,40.0,0.0,0.16,0.0,,,,,,,,,,,,1.0,0.0
Queue-nominal,0.45,1605,EGM,41,41.0,0.0,0.16,0.0,,,,,,,,,,,,1.0,0.0
Queue-nominal,0.45,1605,EGM,42,42.0,0.0,0.16,0.0,,,,,,,,,,,,1.0,0.0
Queue-nominal,0.45,1605,EGM,43,43.0,0.0,0.16,0.0,,,,,,,,,,,,1.0,0.0
Queue-nominal,0.45,1605,EGM,44,44.0,0.0,0.16,0.0,,,,,,,,,,,,1.0,0.0
Queue-nominal,0.45,1605,EGM,45,45.0,0.0,0.16,0.0,,,,,,,,,,,,1.0,0.0
Queue-nominal,0.45,1605,EGM,46,46.0,0.0,0.16,0.0,,,,,,,,,,,,1.0,0.0
Queue-nominal,0.45,1605,EGM,47,47.0,0.0,0.16,0.0,,,,,,,,,,,,1.0,0.0
Queue-nominal,0.45,1605,EGM,48,48.0,0.0,0.16,0.0,,,,,,,,,,,,1.0,0.0
Queue-nominal,0.45,1605,EGM,49,49.0,0.0,0.16,0.0,,,,,,,,,,,,1.0,0.0
Queue-nominal,0.45,1605,EGM,50,50.0,0.0,0.16,0.0,,,,,,,,,,,,1.0,0.0
Queue-nominal,0.45,1605,EGM,51,51.0,0.0,0.16,0.0,,,,,,,,,,,,1.0,0.0
Queue-nominal,0.45,1605,EGM,52,52.0,0.0,0.16,0.0,,,,,,,,,,,,1.0,0.0
Queue-nominal,0.45,1605,EGM,53,53.0,0.0,0.16,0.0,,,,,,,,,,,,1.0,0.0
Queue-nominal,0.45,1605,EGM,54,54.0,0.0,0.16,0.0,,,,,,,,,,,,1.0,0.0
Queue-nominal,0.45,1605,EGM,55,55.0,0.0,0.16,0.0,,,,,,,,,,,,1.0,0.0
Queue-nominal,0.45,1605,EGM,56,56.0,0.0,0.16,0.0,,,,,,,,,,,,1.0,0.0
Queue-nominal,0.45,1605,EGM,57,57.0,0.0,0.16,0.0,,,,,,,,,,,,1.0,0.0
Queue-nominal,0.45,1605,EGM,58,58.0,0.0,0.16,0.0,,,,,,,,,,,,1.0,0.0
Queue-nominal,0.45,1605,EGM,59,59.0,0.0,0.16,0.0,,,,,,,,,,,,1.0,0.0
Queue-nominal,0.45,1605,EGM,60,60.0,0.0,0.16,0.0,,,,,,,,,,,,1.0,0.0
Queue-nominal,0.45,1605,PPM-3,1,3.0,0.0,0.16,0.0,,,,,,,,,,,,3.0,0.0
Queue-nominal,0.45,1605,PPM-3,2,6.0,0.0,0.16,0.0,,,,,,,,,,,,3.0,0.0
Queue-nominal,0.45,1605,PPM-3,3,9.0,0.0,0.16,0.0,,,,,,,,,,,,3.0,0.0
Queue-nominal,0.45,1605,PPM-3,4,12.0,0.0,0.16,0.0,,,,,,,,,,,,3.0,0.0
Queue-nominal,0.45,1605,PPM-3,5,15.0,0.0,0.16,0.0,,,,,,,,,,,,3.0,0.0
Queue-nominal,0.45,1605,PPM-3,6,18.0,0.0,0.16,0.0,,,,,,,,,,,,3.0,0.0
Queue-nominal,0.45,1605,PPM-3,7,21.0,0.0,0.16,0.0,,,,,,,,,,,,3.0,0.0
Queue-nominal,0.45,1605,PPM-3,8,24.0,0.0,0.16,0.0,,,,,,,,,,,,3.0,0.0
Queue-nominal,0.45,1605,PPM-3,9,27.0,0.0,0.16,0.0,,,,,,,,,,,,3.0,0.0
Queue-nominal,0.45,1605,PPM-3,10,30.0,0.0,0.16,0.0,,,,,,,,,,,,3.0,0.0
Queue-nominal,0.45,1605,PPM-3,11,33.0,0.0,0.16,0.0,,,,,,,,,,,,3.0,0.0
Queue-nominal,0.45,1605,PPM-3,12,36.0,0.0,0.16,0.0,,,,,,,,,,,,3.0,0.0
Queue-nominal,0.45,1605,PPM-3,13,39.0,0.0,0.16,0.0,,,,,,,,,,,,3.0,0.0
Queue-nominal,0.45,1605,PPM-3,14,42.0,0.0,0.16,0.0,,,,,,,,,,,,3.0,0.0
Queue-nominal,0.45,1605,PPM-3,15,45.0,0.0,0.16,0.0,,,,,,,,,,,,3.0,0.0
Queue-nominal,0.45,1605,PPM-3,16,48.0,0.0,0.16,0.0,,,,,,,,,,,,3.0,0.0
Queue-nominal,0.45,1605,PPM-3,17,51.0,0.0,0.16,0.0,,,,,,,,,,,,3.0,0.0
Queue-nominal,0.45,1605,PPM-3,18,54.0,0.0,0.16,0.0,,,,,,,,,,,,3.0,0.0
Queue-nominal,0.45,1605,PPM-3,19,57.0,0.0,0.16,0.0,,,,,,,,,,,,3.0,0.0
Queue-nominal,0.45,1605,PPM-3,20,60.0,0.0,0.16,0.0,,,,,,,,,,,,3.0,0.0
Queue-nominal,0.45,1605,PPM-3,21,63.0,0.0,0.16,0.0,,,,,,,,,,,,3.0,0.0
Queue-nominal,0.45,1605,PPM-3,22,66.0,0.0,0.16,0.0,,,,,,,,,,,,3.0,0.0
Queue-nominal,0.45,1605,PPM-3,23,69.0,0.0,0.16,0.0,,,,,,,,,,,,3.0,0.0
Queue-nominal,0.45,1605,PPM-3,24,72.0,0.0,0.16,0.0,,,,,,,,,,,,3.0,0.0
Queue-nominal,0.45,1605,PPM-3,25,75.0,0.0,0.16,0.0,,,,,,,,,,,,3.0,0.0
Queue-nominal,0.45,1605,PPM-3,26,78.0,0.0,0.16,0.0,,,,,,,,,,,,3.0,0.0
Queue-nominal,0.45,1605,PPM-3,27,81.0,0.0,0.16,0.0,,,,,,,,,,,,3.0,0.0
Queue-nominal,0.45,1605,PPM-3,28,84.0,0.0,0.16,0.0,,,,,,,,,,,,3.0,0.0
Queue-nominal,0.45,1605,PPM-3,29,87.0,0.0,0.16,0.0,,,,,,,,,,,,3.0,0.0
Queue-nominal,0.45,1605,PPM-3,30,90.0,0.0,0.16,0.0,,,,,,,,,,,,3.0,0.0
Queue-nominal,0.45,1605,PPM-3,31,93.0,0.0,0.16,0.0,,,,,,,,,,,,3.0,0.0
Queue-nominal,0.45,1605,PPM-3,32,96.0,0.0,0.16,0.0,,,,,,,,,,,,3.0,0.0
Queue-nominal,0.45,1605,PPM-3,33,99.0,0.0,0.16,0.0,,,,,,,,,,,,3.0,0.0
Queue-nominal,0.45,1605,PPM-3,34,102.0,0.0,0.16,0.0,,,,,,,,,,,,3.0,0.0
Queue-nominal,0.45,1605,PPM-3,35,105.0,0.0,0.16,0.0,,,,,,,,,,,,3.0,0.0
Queue-nominal,0.45,1605,PPM-3,36,108.0,0.0,0.16,0.0,,,,,,,,,,,,3.0,0.0
Queue-nominal,0.45,1605,PPM-3,37,111.0,0.0,0.16,0.0,,,,,,,,,,,,3.0,0.0
Queue-nominal,0.45,1605,PPM-3,38,114.0,0.0,0.16,0.0,,,,,,,,,,,,3.0,0.0
Queue-nominal,0.45,1605,PPM-3,39,117.0,0.0,0.16,0.0,,,,,,,,,,,,3.0,0.0
Queue-nominal,0.45,1605,PPM-3,40,120.0,0.0,0.16,0.0,,,,,,,,,,,,3.0,0.0
Queue-nominal,0.45,1605,PPM-3,41,123.0,0.0,0.16,0.0,,,,,,,,,,,,3.0,0.0
Queue-nominal,0.45,1605,PPM-3,42,126.0,0.0,0.16,0.0,,,,,,,,,,,,3.0,0.0
Queue-nominal,0.45,1605,PPM-3,43,129.0,0.0,0.16,0.0,,,,,,,,,,,,3.0,0.0
Queue-nominal,0.45,1605,PPM-3,44,132.0,0.0,0.16,0.0,,,,,,,,,,,,3.0,0.0
Queue-nominal,0.45,1605,PPM-3,45,135.0,0.0,0.16,0.0,,,,,,,,,,,,3.0,0.0
Queue-nominal,0.45,1605,PPM-3,46,138.0,0.0,0.16,0.0,,,,,,,,,,,,3.0,0.0
Queue-nominal,0.45,1605,PPM-3,47,141.0,0.0,0.16,0.0,,,,,,,,,,,,3.0,0.0
Queue-nominal,0.45,1605,PPM-3,48,144.0,0.0,0.16,0.0,,,,,,,,,,,,3.0,0.0
Queue-nominal,0.45,1605,PPM-3,49,147.0,0.0,0.16,0.0,,,,,,,,,,,,3.0,0.0
Queue-nominal,0.45,1605,PPM-3,50,150.0,0.0,0.16,0.0,,,,,,,,,,,,3.0,0.0
Queue-nominal,0.45,1605,PPM-3,51,153.0,0.0,0.16,0.0,,,,,,,,,,,,3.0,0.0
Queue-nominal,0.45,1605,PPM-3,52,156.0,0.0,0.16,0.0,,,,,,,,,,,,3.0,0.0
Queue-nominal,0.45,1605,PPM-3,53,159.0,0.0,0.16,0.0,,,,,,,,,,,,3.0,0.0
Queue-nominal,0.45,1605,PPM-3,54,162.0,0.0,0.16,0.0,,,,,,,,,,,,3.0,0.0
Queue-nominal,0.45,1605,PPM-3,55,165.0,0.0,0.16,0.0,,,,,,,,,,,,3.0,0.0
Queue-nominal,0.45,1605,PPM-3,56,168.0,0.0,0.16,0.0,,,,,,,,,,,,3.0,0.0
Queue-nominal,0.45,1605,PPM-3,57,171.0,0.0,0.16,0.0,,,,,,,,,,,,3.0,0.0
Queue-nominal,0.45,1605,PPM-3,58,174.0,0.0,0.16,0.0,,,,,,,,,,,,3.0,0.0
Queue-nominal,0.45,1605,PPM-3,59,177.0,0.0,0.16,0.0,,,,,,,,,,,,3.0,0.0
Queue-nominal,0.45,1605,PPM-3,60,180.0,0.0,0.16,0.0,,,,,,,,,,,,3.0,0.0
Queue-nominal,0.45,1606,QP+G,1,1.0,1.0,0.24,1.4884447465865265,0.16124212910851796,-0.025199035124316264,0.16101808652112914,0.02596289909564642,1.0,0.0,0.0,-0.045651885885762716,-0.045389166513613244,0.0002627193721494725,5.0,1.0,1.0
Queue-nominal,0.45,1606,QP+G,2,2.0,2.0,0.24,1.5381594449322868,0.15603063830002703,-0.024572876722589964,0.15954843839901392,0.024894444683170685,1.0,0.0,0.0,-0.04139598383470105,-0.04150610801401733,-0.00011012417931628021,5.0,1.0,1.0
Queue-nominal,0.45,1606,QP+G,3,3.0,3.0,0.24,1.578536008079348,0.15203961060857596,-0.02007218224481457,0.15818714319278715,0.024050711654314404,1.0,0.0,0.0,-0.03909134142849431,-0.03930065365029911,-0.00020931222180479991,5.0,1.0,1.0
Queue-nominal,0.45,1606,QP+G,4,4.0,4.0,0.24,1.6,0.14924994316277454,-0.013654698673804805,0.15690882993378305,0.02341863394935458,1.0,0.0,0.0,-0.03752863911281601,-0.03769189736211409,-0.00016325824929808164,5.0,1.0,1.0
Queue-nominal,0.45,1606,QP+G,5,5.0,5.0,0.24,1.6,0.1475219463898651,-0.007316776137375114,0.1557135886549846,0.022971171677734145,1.0,0.0,0.0,-0.03610010335422498,-0.03617334602938982,-7.324267516484184e-05,5.0,1.0,1.0
Queue-nominal,0.45,1606,QP+G,6,6.0,6.0,0.24,1.6,0.1466135424054979,-0.002528655258991028,0.15461185820527404,0.022668192229371772,1.0,0.0,0.0,-0.03493916448109946,-0.03491901202727554,2.0152453823918393e-05,5.0,1.0,1.0
Queue-nominal,0.45,1606,QP+G,7,7.0,7.0,0.24,1.6,0.14623262744096505,2.29556321422117e-05,0.1536012776591189,0.022461518410382162,1.0,0.0,0.0,-0.03390271494847941,-0.033802287060816116,0.00010042788766329025,5.0,1.0,1.0
Queue-nominal,0.45,1606,QP+G,8,8.0,8.0,0.24,1.6,0.14610170391013816,0.0003266988135084125,0.15267955500388944,0.02230674313830991,1.0,0.0,0.0,-0.03293848345065076,-0.03278167314100555,0.0001568103096452056,5.0,1.0,1.0
Queue-nominal,0.45,1606,QP+G,9,9.0,9.0,0.24,1.6,0.14598482270536262,-0.001114067631209979,0.15183975073759493,0.022166299091054248,1.0,0.0,0.0,-0.03204854154009951,-0.03186459043206202,0.00018395110803748338,5.0,1.0,1.0
Queue-nominal,0.45,1606,QP+G,10,10.0,10.0,0.24,1.6,0.145702374995692,-0.0034826559516220666,0.15106817617637397,0.022010992055165303,1.0,0.0,0.0,-0.031262659389617475,-0.03108230440836124,0.0001803549812562366,5.0,1.0,1.0
Queue-nominal,0.45,1606,QP+G,11,11.0,11.0,0.24,1.6,0.145134417401935,-0.005825969549806505,0.15034431147707555,0.021820134055920412,1.0,0.0,0.0,-0.03062028678142248,-0.030471171123398033,0.0001491156580244457,5.0,1.0,1.0
Queue-nominal,0.45,1606,QP+G,12,12.0,12.0,0.24,1.6,0.14421608143192233,-0.007181905862709554,0.14964203894507672,0.021580788474142076,1.0,0.0,0.0,-0.030152150395990063,-0.030052604974392327,9.954542159773538e-05,5.0,1.0,1.0
Queue-nominal,0.45,1606,QP+G,13,13.0,13.0,0.24,1.6,0.14292894826834213,-0.006659199286877779,0.14893157097848683,0.02128663280390707,1.0,0.0,0.0,-0.029863994357162582,-0.029822062122385695,4.19322347768869e-05,5.0,1.0,1.0
Queue-nominal,0.45,1606,QP+G,14,14.0,14.0,0.24,1.6,0.1412914429275092,-0.0034832914664575747,0.14818161842002087,0.020936794681898324,1.0,0.0,0.0,-0.02973836128705276,-0.029755870397267792,-1.7509110215030432e-05,5.0,1.0,1.0
Queue-nominal,0.45,1606,QP+G,15,15.0,15.0,0.24,1.6,0.1393501642431437,0.002976184506633733,0.14736152045495926,0.020534852078517952,1.0,0.0,0.0,-0.02974506997927051,-0.029822364220797315,-7.729424152680409e-05,5.0,1.0,1.0
Queue-nominal,0.45,1606,QP+G,16,16.0,16.0,0.24,1.6,0.13717290190944612,0.01318343444450384,0.14644319657358112,0.02008803823889358,1.0,0.0,0.0,-0.029850852194148736,-0.029986184274285677,-0.00013533208013694065,5.0,1.0,1.0
Queue-nominal,0.45,1606,QP+G,17,17.0,17.0,0.24,1.6,0.13484302045633326,0.027412369838196574,0.14540285780808668,0.019606560529825148,1.0,0.0,0.0,-0.030021725471621963,-0.03021031970024035,-0.00018859422861838837,5.0,1.0,1.0
Queue-nominal,0.45,1606,QP+G,18,18.0,18.0,0.24,1.6,0.1324541353431212,0.045719486168450785,0.1442224232518397,0.019102856368912086,1.0,0.0,0.0,-0.030228351201071924,-0.030462950474867245,-0.00023459927379532175,5.0,1.0,1.0
Queue-nominal,0.45,1606,QP+G,19,19.0,19.0,0.24,1.6,0.13010386653874975,0.06792036891123394,0.14289055282648233,0.018590613414584827,1.0,0.0,0.0,-0.030441150679425988,-0.030710086967165928,-0.0002689362877399404,5.0,1.0,1.0
Queue-nominal,0.45,1606,QP+G,20,20.0,20.0,0.24,1.6,0.12788606978817665,0.09358218841076554,0.14140317639094757,0.018083496484202575,1.0,0.0,0.0,-0.030614854148577564,-0.030906519885745443,-0.0002916657371678788,5.0,1.0,1.0
Queue-nominal,0.45,1606,QP+G,21,21.0,21.0,0.24,1.6,0.12588207562843787,0.12204544374876194,0.13976341917246662,0.017593709302357506,1.0,0.0,0.0,-0.030709235667699453,-0.03101454641528978,-0.00030531074759032606,5.0,1.0,1.0
Queue-nominal,0.45,1606,QP+G,22,22.0,22.0,0.24,1.6,0.1241525208610537,0.1524820790800214,0.13798090805349442,0.0171306775655386,1.0,0.0,0.0,-0.030701846764301877,-0.03100527280544263,-0.000303426041140753,5.0,1.0,1.0
Queue-nominal,0.45,1606,QP+G,23,23.0,23.0,0.24,1.6,0.12273172464572721,0.18398509182128844,0.1360705622838873,0.016700174782615332,1.0,0.0,0.0,-0.03055403602827056,-0.030844061621952967,-0.0002900255936824081,5.0,1.0,1.0
Queue-nominal,0.45,1606,QP+G,24,24.0,24.0,0.24,1.6,0.12162601077209588,0.21567218722080087,0.13405107168488364,0.016304097088756655,1.0,0.0,0.0,-0.030239666909968044,-0.030516980434229346,-0.0002773135242613023,5.0,1.0,1.0
Queue-nominal,0.45,1606,QP+G,25,25.0,25.0,0.24,1.6,0.12081620987323646,0.2467797366128144,0.13194330341684038,0.015940889836977105,1.0,0.0,0.0,-0.029774371428706203,-0.030039700968018668,-0.0002653295393124644,5.0,1.0,1.0
Queue-nominal,0.45,1606,QP+G,26,26.0,26.0,0.24,1.6,0.1202633990979029,0.2767268747849621,0.1297688479537098,0.015606442751932082,1.0,0.0,0.0,-0.029180082392774587,-0.02943223273201001,-0.00025215033923542407,5.0,1.0,1.0
Queue-nominal,0.45,1606,QP+G,27,27.0,27.0,0.24,1.6,0.11991626557947338,0.30514068808784556,0.12754884035984468,0.015295180614944988,1.0,0.0,0.0,-0.028471358161687554,-0.028710661301476037,-0.0002393031397884826,5.0,1.0,1.0
Queue-nominal,0.45,1606,QP+G,28,28.0,28.0,0.24,1.6,0.11971846682834357,0.33184580837046496,0.12530310919291907,0.015001096121400794,1.0,0.0,0.0,-0.027665406456955477,-0.027895103416383016,-0.00022969695942753887,5.0,1.0,1.0
Queue-nominal,0.45,1606,QP+G,29,29.0,29.0,0.24,1.6,0.11961481981547796,0.35682976917291703,0.1230496387350746,0.014718560365655605,1.0,0.0,0.0,-0.026793363907766654,-0.027021778508073302,-0.00022841460030664784,5.0,1.0,1.0
Queue-nominal,0.45,1606,QP+G,30,30.0,30.0,0.24,1.6,0.11955576307797058,0.38019741533310963,0.12080429134348349,0.014442849234663645,1.0,0.0,0.0,-0.025902844549476,-0.026132972389793396,-0.00023012784031739564,5.0,1.0,1.0
Queue-nominal,0.45,1606,QP+G,31,31.0,31.0,0.24,1.6,0.11950005028975758,0.40212511034261234,0.11858072325049086,0.014170402391829484,1.0,0.0,0.0,-0.02501307023619681,-0.02523910813189234,-0.00022603789569553,5.0,1.0,1.0
Queue-nominal,0.45,1606,QP+G,32,32.0,32.0,0.24,1.6,0.11941594135311982,0.4228212473266371,0.11639043082158033,0.013898872861054188,1.0,0.0,0.0,-0.02410618064765213,-0.02432445900548119,-0.00021827835782906035,5.0,1.0,1.0
Queue-nominal,0.45,1606,QP+G,33,33.0,33.0,0.24,1.6,0.11928126939898387,0.4424957552320327,0.11424287632073395,0.013627035307328261,1.0,0.0,0.0,-0.02316866193883671,-0.023380561576074932,-0.00021189963723822203,5.0,1.0,1.0
Queue-nominal,0.45,1606,QP+G,34,34.0,34.0,0.24,1.6,0.11908274671132876,0.4613387825658172,0.11214565619583726,0.013354612771544646,1.0,0.0,0.0,-0.022207000981289582,-0.022417908202494896,-0.00021090722120531424,5.0,1.0,1.0
Queue-nominal,0.45,1606,QP+G,35,35.0,35.0,0.24,1.6,0.11881480144933071,0.4795074998254294,0.11010468722539289,0.013082066551325716,1.0,0.0,0.0,-0.021241381816245575,-0.02145748047331275,-0.00021609865706717635,5.0,1.0,1.0
Queue-nominal,0.45,1606,QP+G,36,36.0,36.0,0.24,1.6,0.11847816029257063,0.49711956367069104,0.10812439528201104,0.012810379435759372,1.0,0.0,0.0,-0.020292481300347553,-0.020516977207206244,-0.00022449590685869047,5.0,1.0,1.0
Queue-nominal,0.45,1606,QP+G,37,37.0,37.0,0.24,1.6,0.11807833303186507,0.5142517946820564,0.10620789803618139,0.012540851554930595,1.0,0.0,0.0,-0.019370489336916652,-0.019603560003543352,-0.00023307066662670017,5.0,1.0,1.0
Queue-nominal,0.45,1606,QP+G,38,38.0,38.0,0.24,1.6,0.11762411634985392,0.5309427496023436,0.10435717726255545,0.012274920760273152,1.0,0.0,0.0,-0.018478169793825217,-0.018719163822898066,-0.00024099402907284961,5.0,1.0,1.0
Queue-nominal,0.45,1606,QP+G,39,39.0,39.0,0.24,1.6,0.11712620781017576,0.5471979949317648,0.10257323917656157,0.01201401452755681,1.0,0.0,0.0,-0.017617499063856012,-0.01786518768348655,-0.00024768861963053723,5.0,1.0,1.0
Queue-nominal,0.45,1606,QP+G,40,40.0,40.0,0.24,1.6,0.1165959981964987,0.5629969987253646,0.10085626289531725,0.01175943664664801,1.0,0.0,0.0,-0.016789460832617564,-0.017042221831651494,-0.0002527609990339297,5.0,1.0,1.0
Queue-nominal,0.45,1606,QP+G,41,41.0,41.0,0.24,1.6,0.11604458557731354,0.5783006838246273,0.09920573795891091,0.011512288748333379,1.0,0.0,0.0,-0.015993283007991188,-0.01624902393788319,-0.00025574092989200103,5.0,1.0,1.0
Queue-nominal,0.45,1606,QP+G,42,42.0,42.0,0.24,1.6,0.11548202787531833,0.593058856924073,0.09762059202744769,0.011273423929718793,1.0,0.0,0.0,-0.015225385473482511,-0.0154815362743701,-0.000256150800887589,5.0,1.0,1.0
Queue-nominal,0.45,1606,QP+G,43,43.0,43.0,0.24,0.5083157729227749,0.11491682596130137,0.6072169444963373,0.09609930952863216,0.011043427628103052,1.0,0.0,0.0,-0.014611272439484433,-0.014691879513188733,-8.060707370429951e-05,5.0,1.0,1.0
Queue-nominal,0.45,1606,QP+G,44,44.0,44.0,0.24,0.9843661415534688,0.11492133449212912,0.606802319058761,0.09454448342298032,0.010865178203837877,1.0,0.0,0.0,-0.014230219998947231,-0.014376547820213359,-0.00014632782126612794,5.0,1.0,1.0
Queue-nominal,0.45,1606,QP+G,45,45.0,45.0,0.24,0.4456550972947635,0.11462926791943467,0.6120451412020507,0.09304806815705247,0.010666031934160585,1.0,0.0,0.0,-0.013828203190185816,-0.0138889562145883,-6.07530244024837e-05,5.0,1.0,1.0
Queue-nominal,0.45,1606,QP+G,46,46.0,46.0,0.24,0.9987295170919588,0.11460270222765981,0.6099546646250266,0.09153378619739713,0.01049001924335058,1.0,0.0,0.0,-0.013413534085347345,-0.013538668635266538,-0.00012513454991919248,5.0,1.0,1.0
Queue-nominal,0.45,1606,QP+G,47,47.0,47.0,0.24,0.4000218475217853,0.11423317540989363,0.6145095743230649,0.09008672368343319,0.010290892508632242,1.0,0.0,0.0,-0.012957033800289931,-0.01300204576882047,-4.501196853053807e-05,5.0,1.0,1.0
Queue-nominal,0.45,1606,QP+G,48,48.0,48.0,0.24,0.9972696256218854,0.11418590146039506,0.6109940623636354,0.08861845367013593,0.010118978018350726,1.0,0.0,0.0,-0.012493320162427858,-0.012602631088213911,-0.00010931092578605334,5.0,1.0,1.0
Queue-nominal,0.45,1606,QP+G,49,49.0,49.0,0.24,0.41293908983116084,0.11376147651804014,0.6146594186048044,0.08722137388160506,0.009922432276703414,1.0,0.0,0.0,-0.012006818241277964,-0.012052436170548297,-4.5617929270333826e-05,5.0,1.0,1.0
Queue-nominal,0.45,1606,QP+G,50,50.0,50.0,0.24,0.9962363462369912,0.11367785673206357,0.6104534060139993,0.08580705262875289,0.00975436183533201,1.0,0.0,0.0,-0.011556500480509343,-0.011666967036420006,-0.00011046655591066303,5.0,1.0,1.0
Queue-nominal,0.45,1606,QP+G,51,51.0,51.0,0.24,0.4723698136510728,0.11320986234928494,0.6132048893288773,0.08446177071162608,0.009561905436040056,1.0,0.0,0.0,-0.01114207047924727,-0.01119578030917201,-5.370982992473905e-05,5.0,1.0,1.0
Queue-nominal,0.45,1606,QP+G,52,52.0,52.0,0.24,0.954027554681481,0.11307184149111067,0.6088562345929952,0.0831066822463519,0.009397025601811604,1.0,0.0,0.0,-0.010780335792118238,-0.01087113146678087,-9.079567466263247e-05,5.0,1.0,1.0
Queue-nominal,0.45,1606,QP+G,53,53.0,53.0,0.24,0.5167047198161078,0.11259567577692513,0.6101298459833908,0.08181234445816217,0.009211716211161345,1.0,0.0,0.0,-0.010405969204623961,-0.010452919119822157,-4.6949915198195996e-05,5.0,1.0,1.0
Queue-nominal,0.45,1606,QP+G,54,54.0,54.0,0.24,0.8781090922107356,0.11241717942499833,0.6053932463063393,0.08051658022674034,0.009051446846036742,1.0,0.0,0.0,-0.01005636063343205,-0.010128481289458202,-7.212065602615197e-05,5.0,1.0,1.0
Queue-nominal,0.45,1606,QP+G,55,55.0,55.0,0.24,0.5560924889976725,0.11196324590271413,0.6047337888807288,0.07927246794786132,0.00887560282216142,1.0,0.0,0.0,-0.009701897717958416,-0.009744396785064113,-4.24990671056974e-05,5.0,1.0,1.0
Queue-nominal,0.45,1606,QP+G,56,56.0,56.0,0.24,0.7949354676682469,0.1117466297507371,0.5995046437257964,0.07803682761212388,0.008720352482094105,1.0,0.0,0.0,-0.009366554386087605,-0.009420068952982863,-5.3514566895257465e-05,5.0,1.0,1.0
Queue-nominal,0.45,1606,QP+G,57,57.0,57.0,0.24,0.5795840179578968,0.11132663258054476,0.5968085470772543,0.07684417567772577,0.00855480331162901,1.0,0.0,0.0,-0.009024945746558972,-0.009060446997797511,-3.5501251238538936e-05,5.0,1.0,1.0
Queue-nominal,0.45,1606,QP+G,58,58.0,58.0,0.24,0.7215737240493386,0.11107750155811219,0.5908767422862079,0.07566860503168452,0.008405079593307113,1.0,0.0,0.0,-0.00869527660258519,-0.008734224116087708,-3.894751350251753e-05,5.0,1.0,1.0
Queue-nominal,0.45,1606,QP+G,59,59.0,59.0,0.24,0.5891269850122112,0.11068753041091711,0.586280095871338,0.07452986818464073,0.008249527051209064,1.0,0.0,0.0,-0.00836233231357796,-0.008390966391317978,-2.8634077740017153e-05,5.0,1.0,1.0
Queue-nominal,0.45,1606,QP+G,60,60.0,60.0,0.24,0.6661288964039893,0.11040695241188186,0.5795044341094515,0.07341443888489894,0.008105464460310047,1.0,0.0,0.0,-0.008038063075265103,-0.008066659430567613,-2.859635530251016e-05,5.0,1.0,1.0
Queue-nominal,0.45,1606,noG,1,1.0,0.0,0.24,0.0,0.0,0.0,0.16101808652112914,0.0,0.0,0.0,0.0,-0.007603753963767444,-0.00766951369418134,-6.575973041389634e-05,3.0,1.0,0.0
Queue-nominal,0.45,1606,noG,2,2.0,0.0,0.24,0.0,0.0,0.0,0.16122527089203917,0.0,0.0,0.0,0.0,-0.0068625948922962365,-0.006942708388448349,-8.011349615211216e-05,3.0,1.0,0.0
Queue-nominal,0.45,1606,noG,3,3.0,0.0,0.24,0.0,0.0,0.0,0.16145369403253623,0.0,0.0,0.0,0.0,-0.006563732333937366,-0.006641170698949317,-7.74383650119512e-05,3.0,1.0,0.0
Queue-nominal,0.45,1606,noG,4,4.0,0.0,0.24,0.0,0.0,0.0,0.161683319998846,0.0,0.0,0.0,0.0,-0.006694427544706726,-0.006757720655293564,-6.329311058683815e-05,3.0,1.0,0.0
Queue-nominal,0.45,1606,noG,5,5.0,0.0,0.24,0.0,0.0,0.0,0.16189416667845294,0.0,0.0,0.0,0.0,-0.007173155954158794,-0.007219746769261182,-4.6590815102387495e-05,3.0,1.0,0.0
Queue-nominal,0.45,1606,noG,6,6.0,0.0,0.24,0.0,0.0,0.0,0.1620676213723888,0.0,0.0,0.0,0.0,-0.007901529117444461,-0.007934665252667727,-3.3136135223266194e-05,3.0,1.0,0.0
Queue-nominal,0.45,1606,noG,7,7.0,0.0,0.24,0.0,0.0,0.0,0.16218781765650636,0.0,0.0,0.0,0.0,-0.008795611485279409,-0.008820052877695161,-2.4441392415752716e-05,3.0,1.0,0.0
Queue-nominal,0.45,1606,noG,8,8.0,0.0,0.24,0.0,0.0,0.0,0.1622429679201968,0.0,0.0,0.0,0.0,-0.009792063049918198,-0.009810523548813066,-1.8460498894867783e-05,3.0,1.0,0.0
Queue-nominal,0.45,1606,noG,9,9.0,0.0,0.24,0.0,0.0,0.0,0.16222652080647507,0.0,0.0,0.0,0.0,-0.010834464246025632,-0.010846473419598546,-1.2009173572913312e-05,3.0,1.0,0.0
Queue-nominal,0.45,1606,noG,10,10.0,0.0,0.24,0.0,0.0,0.0,0.16213800230312497,0.0,0.0,0.0,0.0,-0.011856484015178026,-0.011860062850448827,-3.5788352708010507e-06,3.0,1.0,0.0
Queue-nominal,0.45,1606,noG,11,11.0,0.0,0.24,0.0,0.0,0.0,0.16198341130422084,0.0,0.0,0.0,0.0,-0.012778402847466452,-0.012772250105964833,6.152741501619374e-06,3.0,1.0,0.0
Queue-nominal,0.45,1606,noG,12,12.0,0.0,0.24,0.0,0.0,0.0,0.16177507865801077,0.0,0.0,0.0,0.0,-0.013516954318117945,-0.013501404115724647,1.5550202393297893e-05,3.0,1.0,0.0
Queue-nominal,0.45,1606,noG,13,13.0,0.0,0.24,0.0,0.0,0.0,0.16153095979693294,0.0,0.0,0.0,0.0,-0.013999088710843209,-0.01397600983048397,2.3078880359237927e-05,3.0,1.0,0.0
Queue-nominal,0.45,1606,noG,14,14.0,0.0,0.24,0.0,0.0,0.0,0.1612734044966462,0.0,0.0,0.0,0.0,-0.014173170635332076,-0.014145557161809208,2.7613473522867735e-05,3.0,1.0,0.0
Queue-nominal,0.45,1606,noG,15,15.0,0.0,0.24,0.0,0.0,0.0,0.1610275178114946,0.0,0.0,0.0,0.0,-0.014016320182261843,-0.013987965583768691,2.835459849315214e-05,3.0,1.0,0.0
Queue-nominal,0.45,1606,noG,16,16.0,0.0,0.24,0.0,0.0,0.0,0.16081927834773224,0.0,0.0,0.0,0.0,-0.013538604273066746,-0.01351343006355643,2.5174209510314682e-05,3.0,1.0,0.0
Queue-nominal,0.45,1606,noG,17,17.0,0.0,0.24,0.0,0.0,0.0,0.16067360319896223,0.0,0.0,0.0,0.0,-0.01278140179992615,-0.01276180813614225,1.9593663783899415e-05,3.0,1.0,0.0
Queue-nominal,0.45,1606,noG,18,18.0,0.0,0.24,0.0,0.0,0.0,0.16061254047206328,0.0,0.0,0.0,0.0,-0.011804257497161073,-0.011789659208833125,1.459828832794767e-05,3.0,1.0,0.0
Queue-nominal,0.45,1606,noG,19,19.0,0.0,0.24,0.0,0.0,0.0,0.16065373571947145,0.0,0.0,0.0,0.0,-0.010664051957069987,-0.010651861969917853,1.2189987152133597e-05,3.0,1.0,0.0
Queue-nominal,0.45,1606,noG,20,20.0,0.0,0.24,0.0,0.0,0.0,0.16080926835692266,0.0,0.0,0.0,0.0,-0.009403176521911583,-0.009391725712447396,1.1450809464186307e-05,3.0,1.0,0.0
Queue-nominal,0.45,1606,noG,21,21.0,0.0,0.24,0.0,0.0,0.0,0.16108490025984265,0.0,0.0,0.0,0.0,-0.008056657817596678,-0.008047447298014987,9.210519581690987e-06,3.0,1.0,0.0
Queue-nominal,0.45,1606,noG,22,22.0,0.0,0.24,0.0,0.0,0.0,0.16147973120777778,0.0,0.0,0.0,0.0,-0.006671391460617571,-0.006668613356553443,2.7781040641272625e-06,3.0,1.0,0.0
Queue-nominal,0.45,1606,noG,23,23.0,0.0,0.24,0.0,0.0,0.0,0.16198622090260387,0.0,0.0,0.0,0.0,-0.005318818857951157,-0.005325575747339606,-6.756889388449296e-06,3.0,1.0,0.0
Queue-nominal,0.45,1606,noG,24,24.0,0.0,0.24,0.0,0.0,0.0,0.16259051712648373,0.0,0.0,0.0,0.0,-0.004082785782251186,-0.004098146637725009,-1.536085547382271e-05,3.0,1.0,0.0
Queue-nominal,0.45,1606,noG,25,25.0,0.0,0.24,0.0,0.0,0.0,0.16327302327437285,0.0,0.0,0.0,0.0,-0.0030339524088462966,-0.003054541658245924,-2.0589249399627363e-05,3.0,1.0,0.0
Queue-nominal,0.45,1606,noG,26,26.0,0.0,0.24,0.0,0.0,0.0,0.16400914311440493,0.0,0.0,0.0,0.0,-0.002217688592587308,-0.0022394921512001176,-2.180355861280958e-05,3.0,1.0,0.0
Queue-nominal,0.45,1606,noG,27,27.0,0.0,0.24,0.0,0.0,0.0,0.1647701524785138,0.0,0.0,0.0,0.0,-0.0016491207044122547,-0.0016664558797034879,-1.7335175291233185e-05,3.0,1.0,0.0
Queue-nominal,0.45,1606,noG,28,28.0,0.0,0.24,0.0,0.0,0.0,0.16552416279247678,0.0,0.0,0.0,0.0,-0.0013041937025803916,-0.0013167489572061264,-1.2555254625734808e-05,3.0,1.0,0.0
Queue-nominal,0.45,1606,noG,29,29.0,0.0,0.24,0.0,0.0,0.0,0.1662371561997587,0.0,0.0,0.0,0.0,-0.0011685191929311498,-0.0011916254269972448,-2.3106234066095016e-05,3.0,1.0,0.0
Queue-nominal,0.45,1606,noG,30,30.0,0.0,0.24,0.0,0.0,0.0,0.16687408306744975,0.0,0.0,0.0,0.0,-0.0013348930646994717,-0.0013827715112206818,-4.7878446521210094e-05,3.0,1.0,0.0
Queue-nominal,0.45,1606,noG,31,31.0,0.0,0.24,0.0,0.0,0.0,0.16740001689439285,0.0,0.0,0.0,0.0,-0.001956898195194512,-0.002016486700859854,-5.958850566534224e-05,3.0,1.0,0.0
Queue-nominal,0.45,1606,noG,32,32.0,0.0,0.24,0.0,0.0,0.0,0.1677813570172816,0.0,0.0,0.0,0.0,-0.002976572164661458,-0.0031385696812566977,-0.00016199751659523977,3.0,1.0,0.0
Queue-nominal,0.45,1606,noG,33,33.0,0.0,0.24,0.0,0.0,0.0,0.1679870557174876,0.0,0.0,0.0,0.0,-0.004360797241893695,-0.004752964440466467,-0.0003921671985727725,3.0,1.0,0.0
Queue-nominal,0.45,1606,noG,34,34.0,0.0,0.24,0.0,0.0,0.0,0.16798982567105666,0.0,0.0,0.0,0.0,-0.006227678077171001,-0.0068230604808756645,-0.0005953824037046637,3.0,1.0,0.0
Queue-nominal,0.45,1606,noG,35,35.0,0.0,0.24,0.0,0.0,0.0,0.16776726145886006,0.0,0.0,0.0,0.0,-0.008481582772839221,-0.009195444672349229,-0.0007138618995100078,3.0,1.0,0.0
Queue-nominal,0.45,1606,noG,36,36.0,0.0,0.24,0.0,0.0,0.0,0.16730279262639516,0.0,0.0,0.0,0.0,-0.010931054499676737,-0.011704626030282217,-0.0007735715306054804,3.0,1.0,0.0
Queue-nominal,0.45,1606,noG,37,37.0,0.0,0.24,0.0,0.0,0.0,0.16658638321605007,0.0,0.0,0.0,0.0,-0.013457037069735273,-0.014267417382008318,-0.0008103803122730454,3.0,1.0,0.0
Queue-nominal,0.45,1606,noG,38,38.0,0.0,0.24,0.0,0.0,0.0,0.16561490845813054,0.0,0.0,0.0,0.0,-0.01597915456011972,-0.016730450750347625,-0.0007512961902279049,3.0,1.0,0.0
Queue-nominal,0.45,1606,noG,39,39.0,0.0,0.24,0.0,0.0,0.0,0.16439217240044438,0.0,0.0,0.0,0.0,-0.018251970090952415,-0.018839055381865588,-0.0005870852909131731,3.0,1.0,0.0
Queue-nominal,0.45,1606,noG,40,40.0,0.0,0.24,0.0,0.0,0.0,0.16292857337885516,0.0,0.0,0.0,0.0,-0.020117738017451255,-0.020655574739349092,-0.0005378367218978365,3.0,1.0,0.0
Queue-nominal,0.45,1606,noG,41,41.0,0.0,0.24,0.0,0.0,0.0,0.16124046604278439,0.0,0.0,0.0,0.0,-0.021816353436483634,-0.02233981296559806,-0.0005234595291144263,3.0,1.0,0.0
Queue-nominal,0.45,1606,noG,42,42.0,0.0,0.24,0.0,0.0,0.0,0.15934929817195206,0.0,0.0,0.0,0.0,-0.02331756712837379,-0.02368633366262829,-0.0003687665342544978,3.0,1.0,0.0
Queue-nominal,0.45,1606,noG,43,43.0,0.0,0.24,0.0,0.0,0.0,0.15728061152002423,0.0,0.0,0.0,0.0,-0.024378081104588105,-0.024632648272755464,-0.0002545671681673592,3.0,1.0,0.0
Queue-nominal,0.45,1606,noG,44,44.0,0.0,0.24,0.0,0.0,0.0,0.15506298897937362,0.0,0.0,0.0,0.0,-0.025122995635087512,-0.025335625374846238,-0.0002126297397587254,3.0,1.0,0.0
Queue-nominal,0.45,1606,noG,45,45.0,0.0,0.24,0.0,0.0,0.0,0.15272701169919278,0.0,0.0,0.0,0.0,-0.025686177820276764,-0.025855675433414493,-0.00016949761313772918,3.0,1.0,0.0
Queue-nominal,0.45,1606,noG,46,46.0,0.0,0.24,0.0,0.0,0.0,0.1503042677972556,0.0,0.0,0.0,0.0,-0.026034833978576696,-0.026103131857933892,-6.829787935719658e-05,3.0,1.0,0.0
Queue-nominal,0.45,1606,noG,47,47.0,0.0,0.24,0.0,0.0,0.0,0.14782643586764405,0.0,0.0,0.0,0.0,-0.026063985106761223,-0.026033865222788055,3.011988397316756e-05,3.0,1.0,0.0
Queue-nominal,0.45,1606,noG,48,48.0,0.0,0.24,0.0,0.0,0.0,0.14532445488483123,0.0,0.0,0.0,0.0,-0.025691057761974,-0.025661278536786902,2.9779225187098746e-05,3.0,1.0,0.0
Queue-nominal,0.45,1606,noG,49,49.0,0.0,0.24,0.0,0.0,0.0,0.14282778704581747,0.0,0.0,0.0,0.0,-0.02504653708341742,-0.025019363692978303,2.717339043911693e-05,3.0,1.0,0.0
Queue-nominal,0.45,1606,noG,50,50.0,0.0,0.24,0.0,0.0,0.0,0.1403637791828679,0.0,0.0,0.0,0.0,-0.02417483598688097,-0.024149241591940207,2.559439494076443e-05,3.0,1.0,0.0
Queue-nominal,0.45,1606,noG,51,51.0,0.0,0.24,0.0,0.0,0.0,0.13795712889076406,0.0,0.0,0.0,0.0,-0.023113102493024226,-0.02309068877997733,2.241371304689474e-05,3.0,1.0,0.0
Queue-nominal,0.45,1606,noG,52,52.0,0.0,0.24,0.0,0.0,0.0,0.13562946156014524,0.0,0.0,0.0,0.0,-0.021909826570434273,-0.02189243545732733,1.7391113106942496e-05,3.0,1.0,0.0
Queue-nominal,0.45,1606,noG,53,53.0,0.0,0.24,0.0,0.0,0.0,0.13339902338109227,0.0,0.0,0.0,0.0,-0.02061952203381789,-0.020605960960861314,1.356107295657702e-05,3.0,1.0,0.0
Queue-nominal,0.45,1606,noG,54,54.0,0.0,0.24,0.0,0.0,0.0,0.13128049323797122,0.0,0.0,0.0,0.0,-0.019283706816621837,-0.019272875260905042,1.0831555716794838e-05,3.0,1.0,0.0
Queue-nominal,0.45,1606,noG,55,55.0,0.0,0.24,0.0,0.0,0.0,0.12928491375791432,0.0,0.0,0.0,0.0,-0.01793494076906654,-0.01792645186817321,8.488900893329626e-06,3.0,1.0,0.0
Queue-nominal,0.45,1606,noG,56,56.0,0.0,0.24,0.0,0.0,0.0,0.12741973900744666,0.0,0.0,0.0,0.0,-0.016600713508503336,-0.016593757977794166,6.955530709170515e-06,3.0,1.0,0.0
Queue-nominal,0.45,1606,noG,57,57.0,0.0,0.24,0.0,0.0,0.0,0.12568899357020755,0.0,0.0,0.0,0.0,-0.015299289977641628,-0.015292171889396133,7.118088245494647e-06,3.0,1.0,0.0
Queue-nominal,0.45,1606,noG,58,58.0,0.0,0.24,0.0,0.0,0.0,0.12409353483746664,0.0,0.0,0.0,0.0,-0.0140339773637832,-0.014025285908505936,8.691455277263713e-06,3.0,1.0,0.0
Queue-nominal,0.45,1606,noG,59,59.0,0.0,0.24,0.0,0.0,0.0,0.1226314070572742,0.0,0.0,0.0,0.0,-0.012798509734017749,-0.012790979085852694,7.530648165054998e-06,3.0,1.0,0.0
Queue-nominal,0.45,1606,noG,60,60.0,0.0,0.24,0.0,0.0,0.0,0.12129827186636669,0.0,0.0,0.0,0.0,-0.011605341910083666,-0.011602004261483945,3.337648599721632e-06,3.0,1.0,0.0
Queue-nominal,0.45,1606,Minimax-PPO,1,1.0,0.0,0.16,0.0,,,,,,,,,,,,1.0,0.0
Queue-nominal,0.45,1606,Minimax-PPO,2,2.0,0.0,0.16,0.0,,,,,,,,,,,,1.0,0.0
Queue-nominal,0.45,1606,Minimax-PPO,3,3.0,0.0,0.16,0.0,,,,,,,,,,,,1.0,0.0
Queue-nominal,0.45,1606,Minimax-PPO,4,4.0,0.0,0.16,0.0,,,,,,,,,,,,1.0,0.0
Queue-nominal,0.45,1606,Minimax-PPO,5,5.0,0.0,0.16,0.0,,,,,,,,,,,,1.0,0.0
Queue-nominal,0.45,1606,Minimax-PPO,6,6.0,0.0,0.16,0.0,,,,,,,,,,,,1.0,0.0
Queue-nominal,0.45,1606,Minimax-PPO,7,7.0,0.0,0.16,0.0,,,,,,,,,,,,1.0,0.0
Queue-nominal,0.45,1606,Minimax-PPO,8,8.0,0.0,0.16,0.0,,,,,,,,,,,,1.0,0.0
Queue-nominal,0.45,1606,Minimax-PPO,9,9.0,0.0,0.16,0.0,,,,,,,,,,,,1.0,0.0
Queue-nominal,0.45,1606,Minimax-PPO,10,10.0,0.0,0.16,0.0,,,,,,,,,,,,1.0,0.0
Queue-nominal,0.45,1606,Minimax-PPO,11,11.0,0.0,0.16,0.0,,,,,,,,,,,,1.0,0.0
Queue-nominal,0.45,1606,Minimax-PPO,12,12.0,0.0,0.16,0.0,,,,,,,,,,,,1.0,0.0
Queue-nominal,0.45,1606,Minimax-PPO,13,13.0,0.0,0.16,0.0,,,,,,,,,,,,1.0,0.0
Queue-nominal,0.45,1606,Minimax-PPO,14,14.0,0.0,0.16,0.0,,,,,,,,,,,,1.0,0.0
Queue-nominal,0.45,1606,Minimax-PPO,15,15.0,0.0,0.16,0.0,,,,,,,,,,,,1.0,0.0
Queue-nominal,0.45,1606,Minimax-PPO,16,16.0,0.0,0.16,0.0,,,,,,,,,,,,1.0,0.0
Queue-nominal,0.45,1606,Minimax-PPO,17,17.0,0.0,0.16,0.0,,,,,,,,,,,,1.0,0.0
Queue-nominal,0.45,1606,Minimax-PPO,18,18.0,0.0,0.16,0.0,,,,,,,,,,,,1.0,0.0
Queue-nominal,0.45,1606,Minimax-PPO,19,19.0,0.0,0.16,0.0,,,,,,,,,,,,1.0,0.0
Queue-nominal,0.45,1606,Minimax-PPO,20,20.0,0.0,0.16,0.0,,,,,,,,,,,,1.0,0.0
Queue-nominal,0.45,1606,Minimax-PPO,21,21.0,0.0,0.16,0.0,,,,,,,,,,,,1.0,0.0
Queue-nominal,0.45,1606,Minimax-PPO,22,22.0,0.0,0.16,0.0,,,,,,,,,,,,1.0,0.0
Queue-nominal,0.45,1606,Minimax-PPO,23,23.0,0.0,0.16,0.0,,,,,,,,,,,,1.0,0.0
Queue-nominal,0.45,1606,Minimax-PPO,24,24.0,0.0,0.16,0.0,,,,,,,,,,,,1.0,0.0
Queue-nominal,0.45,1606,Minimax-PPO,25,25.0,0.0,0.16,0.0,,,,,,,,,,,,1.0,0.0
Queue-nominal,0.45,1606,Minimax-PPO,26,26.0,0.0,0.16,0.0,,,,,,,,,,,,1.0,0.0
Queue-nominal,0.45,1606,Minimax-PPO,27,27.0,0.0,0.16,0.0,,,,,,,,,,,,1.0,0.0
Queue-nominal,0.45,1606,Minimax-PPO,28,28.0,0.0,0.16,0.0,,,,,,,,,,,,1.0,0.0
Queue-nominal,0.45,1606,Minimax-PPO,29,29.0,0.0,0.16,0.0,,,,,,,,,,,,1.0,0.0
Queue-nominal,0.45,1606,Minimax-PPO,30,30.0,0.0,0.16,0.0,,,,,,,,,,,,1.0,0.0
Queue-nominal,0.45,1606,Minimax-PPO,31,31.0,0.0,0.16,0.0,,,,,,,,,,,,1.0,0.0
Queue-nominal,0.45,1606,Minimax-PPO,32,32.0,0.0,0.16,0.0,,,,,,,,,,,,1.0,0.0
Queue-nominal,0.45,1606,Minimax-PPO,33,33.0,0.0,0.16,0.0,,,,,,,,,,,,1.0,0.0
Queue-nominal,0.45,1606,Minimax-PPO,34,34.0,0.0,0.16,0.0,,,,,,,,,,,,1.0,0.0
Queue-nominal,0.45,1606,Minimax-PPO,35,35.0,0.0,0.16,0.0,,,,,,,,,,,,1.0,0.0
Queue-nominal,0.45,1606,Minimax-PPO,36,36.0,0.0,0.16,0.0,,,,,,,,,,,,1.0,0.0
Queue-nominal,0.45,1606,Minimax-PPO,37,37.0,0.0,0.16,0.0,,,,,,,,,,,,1.0,0.0
Queue-nominal,0.45,1606,Minimax-PPO,38,38.0,0.0,0.16,0.0,,,,,,,,,,,,1.0,0.0
Queue-nominal,0.45,1606,Minimax-PPO,39,39.0,0.0,0.16,0.0,,,,,,,,,,,,1.0,0.0
Queue-nominal,0.45,1606,Minimax-PPO,40,40.0,0.0,0.16,0.0,,,,,,,,,,,,1.0,0.0
Queue-nominal,0.45,1606,Minimax-PPO,41,41.0,0.0,0.16,0.0,,,,,,,,,,,,1.0,0.0
Queue-nominal,0.45,1606,Minimax-PPO,42,42.0,0.0,0.16,0.0,,,,,,,,,,,,1.0,0.0
Queue-nominal,0.45,1606,Minimax-PPO,43,43.0,0.0,0.16,0.0,,,,,,,,,,,,1.0,0.0
Queue-nominal,0.45,1606,Minimax-PPO,44,44.0,0.0,0.16,0.0,,,,,,,,,,,,1.0,0.0
Queue-nominal,0.45,1606,Minimax-PPO,45,45.0,0.0,0.16,0.0,,,,,,,,,,,,1.0,0.0
Queue-nominal,0.45,1606,Minimax-PPO,46,46.0,0.0,0.16,0.0,,,,,,,,,,,,1.0,0.0
Queue-nominal,0.45,1606,Minimax-PPO,47,47.0,0.0,0.16,0.0,,,,,,,,,,,,1.0,0.0
Queue-nominal,0.45,1606,Minimax-PPO,48,48.0,0.0,0.16,0.0,,,,,,,,,,,,1.0,0.0
Queue-nominal,0.45,1606,Minimax-PPO,49,49.0,0.0,0.16,0.0,,,,,,,,,,,,1.0,0.0
Queue-nominal,0.45,1606,Minimax-PPO,50,50.0,0.0,0.16,0.0,,,,,,,,,,,,1.0,0.0
Queue-nominal,0.45,1606,Minimax-PPO,51,51.0,0.0,0.16,0.0,,,,,,,,,,,,1.0,0.0
Queue-nominal,0.45,1606,Minimax-PPO,52,52.0,0.0,0.16,0.0,,,,,,,,,,,,1.0,0.0
Queue-nominal,0.45,1606,Minimax-PPO,53,53.0,0.0,0.16,0.0,,,,,,,,,,,,1.0,0.0
Queue-nominal,0.45,1606,Minimax-PPO,54,54.0,0.0,0.16,0.0,,,,,,,,,,,,1.0,0.0
Queue-nominal,0.45,1606,Minimax-PPO,55,55.0,0.0,0.16,0.0,,,,,,,,,,,,1.0,0.0
Queue-nominal,0.45,1606,Minimax-PPO,56,56.0,0.0,0.16,0.0,,,,,,,,,,,,1.0,0.0
Queue-nominal,0.45,1606,Minimax-PPO,57,57.0,0.0,0.16,0.0,,,,,,,,,,,,1.0,0.0
Queue-nominal,0.45,1606,Minimax-PPO,58,58.0,0.0,0.16,0.0,,,,,,,,,,,,1.0,0.0
Queue-nominal,0.45,1606,Minimax-PPO,59,59.0,0.0,0.16,0.0,,,,,,,,,,,,1.0,0.0
Queue-nominal,0.45,1606,Minimax-PPO,60,60.0,0.0,0.16,0.0,,,,,,,,,,,,1.0,0.0
Queue-nominal,0.45,1606,GDA,1,1.0,0.0,0.16,0.0,,,,,,,,,,,,1.0,0.0
Queue-nominal,0.45,1606,GDA,2,2.0,0.0,0.16,0.0,,,,,,,,,,,,1.0,0.0
Queue-nominal,0.45,1606,GDA,3,3.0,0.0,0.16,0.0,,,,,,,,,,,,1.0,0.0
Queue-nominal,0.45,1606,GDA,4,4.0,0.0,0.16,0.0,,,,,,,,,,,,1.0,0.0
Queue-nominal,0.45,1606,GDA,5,5.0,0.0,0.16,0.0,,,,,,,,,,,,1.0,0.0
Queue-nominal,0.45,1606,GDA,6,6.0,0.0,0.16,0.0,,,,,,,,,,,,1.0,0.0
Queue-nominal,0.45,1606,GDA,7,7.0,0.0,0.16,0.0,,,,,,,,,,,,1.0,0.0
Queue-nominal,0.45,1606,GDA,8,8.0,0.0,0.16,0.0,,,,,,,,,,,,1.0,0.0
Queue-nominal,0.45,1606,GDA,9,9.0,0.0,0.16,0.0,,,,,,,,,,,,1.0,0.0
Queue-nominal,0.45,1606,GDA,10,10.0,0.0,0.16,0.0,,,,,,,,,,,,1.0,0.0
Queue-nominal,0.45,1606,GDA,11,11.0,0.0,0.16,0.0,,,,,,,,,,,,1.0,0.0
Queue-nominal,0.45,1606,GDA,12,12.0,0.0,0.16,0.0,,,,,,,,,,,,1.0,0.0
Queue-nominal,0.45,1606,GDA,13,13.0,0.0,0.16,0.0,,,,,,,,,,,,1.0,0.0
Queue-nominal,0.45,1606,GDA,14,14.0,0.0,0.16,0.0,,,,,,,,,,,,1.0,0.0
Queue-nominal,0.45,1606,GDA,15,15.0,0.0,0.16,0.0,,,,,,,,,,,,1.0,0.0
Queue-nominal,0.45,1606,GDA,16,16.0,0.0,0.16,0.0,,,,,,,,,,,,1.0,0.0
Queue-nominal,0.45,1606,GDA,17,17.0,0.0,0.16,0.0,,,,,,,,,,,,1.0,0.0
Queue-nominal,0.45,1606,GDA,18,18.0,0.0,0.16,0.0,,,,,,,,,,,,1.0,0.0
Queue-nominal,0.45,1606,GDA,19,19.0,0.0,0.16,0.0,,,,,,,,,,,,1.0,0.0
Queue-nominal,0.45,1606,GDA,20,20.0,0.0,0.16,0.0,,,,,,,,,,,,1.0,0.0
Queue-nominal,0.45,1606,GDA,21,21.0,0.0,0.16,0.0,,,,,,,,,,,,1.0,0.0
Queue-nominal,0.45,1606,GDA,22,22.0,0.0,0.16,0.0,,,,,,,,,,,,1.0,0.0
Queue-nominal,0.45,1606,GDA,23,23.0,0.0,0.16,0.0,,,,,,,,,,,,1.0,0.0
Queue-nominal,0.45,1606,GDA,24,24.0,0.0,0.16,0.0,,,,,,,,,,,,1.0,0.0
Queue-nominal,0.45,1606,GDA,25,25.0,0.0,0.16,0.0,,,,,,,,,,,,1.0,0.0
Queue-nominal,0.45,1606,GDA,26,26.0,0.0,0.16,0.0,,,,,,,,,,,,1.0,0.0
Queue-nominal,0.45,1606,GDA,27,27.0,0.0,0.16,0.0,,,,,,,,,,,,1.0,0.0
Queue-nominal,0.45,1606,GDA,28,28.0,0.0,0.16,0.0,,,,,,,,,,,,1.0,0.0
Queue-nominal,0.45,1606,GDA,29,29.0,0.0,0.16,0.0,,,,,,,,,,,,1.0,0.0
Queue-nominal,0.45,1606,GDA,30,30.0,0.0,0.16,0.0,,,,,,,,,,,,1.0,0.0
Queue-nominal,0.45,1606,GDA,31,31.0,0.0,0.16,0.0,,,,,,,,,,,,1.0,0.0
Queue-nominal,0.45,1606,GDA,32,32.0,0.0,0.16,0.0,,,,,,,,,,,,1.0,0.0
Queue-nominal,0.45,1606,GDA,33,33.0,0.0,0.16,0.0,,,,,,,,,,,,1.0,0.0
Queue-nominal,0.45,1606,GDA,34,34.0,0.0,0.16,0.0,,,,,,,,,,,,1.0,0.0
Queue-nominal,0.45,1606,GDA,35,35.0,0.0,0.16,0.0,,,,,,,,,,,,1.0,0.0
Queue-nominal,0.45,1606,GDA,36,36.0,0.0,0.16,0.0,,,,,,,,,,,,1.0,0.0
Queue-nominal,0.45,1606,GDA,37,37.0,0.0,0.16,0.0,,,,,,,,,,,,1.0,0.0
Queue-nominal,0.45,1606,GDA,38,38.0,0.0,0.16,0.0,,,,,,,,,,,,1.0,0.0
Queue-nominal,0.45,1606,GDA,39,39.0,0.0,0.16,0.0,,,,,,,,,,,,1.0,0.0
Queue-nominal,0.45,1606,GDA,40,40.0,0.0,0.16,0.0,,,,,,,,,,,,1.0,0.0
Queue-nominal,0.45,1606,GDA,41,41.0,0.0,0.16,0.0,,,,,,,,,,,,1.0,0.0
Queue-nominal,0.45,1606,GDA,42,42.0,0.0,0.16,0.0,,,,,,,,,,,,1.0,0.0
Queue-nominal,0.45,1606,GDA,43,43.0,0.0,0.16,0.0,,,,,,,,,,,,1.0,0.0
Queue-nominal,0.45,1606,GDA,44,44.0,0.0,0.16,0.0,,,,,,,,,,,,1.0,0.0
Queue-nominal,0.45,1606,GDA,45,45.0,0.0,0.16,0.0,,,,,,,,,,,,1.0,0.0
Queue-nominal,0.45,1606,GDA,46,46.0,0.0,0.16,0.0,,,,,,,,,,,,1.0,0.0
Queue-nominal,0.45,1606,GDA,47,47.0,0.0,0.16,0.0,,,,,,,,,,,,1.0,0.0
Queue-nominal,0.45,1606,GDA,48,48.0,0.0,0.16,0.0,,,,,,,,,,,,1.0,0.0
Queue-nominal,0.45,1606,GDA,49,49.0,0.0,0.16,0.0,,,,,,,,,,,,1.0,0.0
Queue-nominal,0.45,1606,GDA,50,50.0,0.0,0.16,0.0,,,,,,,,,,,,1.0,0.0
Queue-nominal,0.45,1606,GDA,51,51.0,0.0,0.16,0.0,,,,,,,,,,,,1.0,0.0
Queue-nominal,0.45,1606,GDA,52,52.0,0.0,0.16,0.0,,,,,,,,,,,,1.0,0.0
Queue-nominal,0.45,1606,GDA,53,53.0,0.0,0.16,0.0,,,,,,,,,,,,1.0,0.0
Queue-nominal,0.45,1606,GDA,54,54.0,0.0,0.16,0.0,,,,,,,,,,,,1.0,0.0
Queue-nominal,0.45,1606,GDA,55,55.0,0.0,0.16,0.0,,,,,,,,,,,,1.0,0.0
Queue-nominal,0.45,1606,GDA,56,56.0,0.0,0.16,0.0,,,,,,,,,,,,1.0,0.0
Queue-nominal,0.45,1606,GDA,57,57.0,0.0,0.16,0.0,,,,,,,,,,,,1.0,0.0
Queue-nominal,0.45,1606,GDA,58,58.0,0.0,0.16,0.0,,,,,,,,,,,,1.0,0.0
Queue-nominal,0.45,1606,GDA,59,59.0,0.0,0.16,0.0,,,,,,,,,,,,1.0,0.0
Queue-nominal,0.45,1606,GDA,60,60.0,0.0,0.16,0.0,,,,,,,,,,,,1.0,0.0
Queue-nominal,0.45,1606,EGM,1,1.0,0.0,0.16,0.0,,,,,,,,,,,,1.0,0.0
Queue-nominal,0.45,1606,EGM,2,2.0,0.0,0.16,0.0,,,,,,,,,,,,1.0,0.0
Queue-nominal,0.45,1606,EGM,3,3.0,0.0,0.16,0.0,,,,,,,,,,,,1.0,0.0
Queue-nominal,0.45,1606,EGM,4,4.0,0.0,0.16,0.0,,,,,,,,,,,,1.0,0.0
Queue-nominal,0.45,1606,EGM,5,5.0,0.0,0.16,0.0,,,,,,,,,,,,1.0,0.0
Queue-nominal,0.45,1606,EGM,6,6.0,0.0,0.16,0.0,,,,,,,,,,,,1.0,0.0
Queue-nominal,0.45,1606,EGM,7,7.0,0.0,0.16,0.0,,,,,,,,,,,,1.0,0.0
Queue-nominal,0.45,1606,EGM,8,8.0,0.0,0.16,0.0,,,,,,,,,,,,1.0,0.0
Queue-nominal,0.45,1606,EGM,9,9.0,0.0,0.16,0.0,,,,,,,,,,,,1.0,0.0
Queue-nominal,0.45,1606,EGM,10,10.0,0.0,0.16,0.0,,,,,,,,,,,,1.0,0.0
Queue-nominal,0.45,1606,EGM,11,11.0,0.0,0.16,0.0,,,,,,,,,,,,1.0,0.0
Queue-nominal,0.45,1606,EGM,12,12.0,0.0,0.16,0.0,,,,,,,,,,,,1.0,0.0
Queue-nominal,0.45,1606,EGM,13,13.0,0.0,0.16,0.0,,,,,,,,,,,,1.0,0.0
Queue-nominal,0.45,1606,EGM,14,14.0,0.0,0.16,0.0,,,,,,,,,,,,1.0,0.0
Queue-nominal,0.45,1606,EGM,15,15.0,0.0,0.16,0.0,,,,,,,,,,,,1.0,0.0
Queue-nominal,0.45,1606,EGM,16,16.0,0.0,0.16,0.0,,,,,,,,,,,,1.0,0.0
Queue-nominal,0.45,1606,EGM,17,17.0,0.0,0.16,0.0,,,,,,,,,,,,1.0,0.0
Queue-nominal,0.45,1606,EGM,18,18.0,0.0,0.16,0.0,,,,,,,,,,,,1.0,0.0
Queue-nominal,0.45,1606,EGM,19,19.0,0.0,0.16,0.0,,,,,,,,,,,,1.0,0.0
Queue-nominal,0.45,1606,EGM,20,20.0,0.0,0.16,0.0,,,,,,,,,,,,1.0,0.0
Queue-nominal,0.45,1606,EGM,21,21.0,0.0,0.16,0.0,,,,,,,,,,,,1.0,0.0
Queue-nominal,0.45,1606,EGM,22,22.0,0.0,0.16,0.0,,,,,,,,,,,,1.0,0.0
Queue-nominal,0.45,1606,EGM,23,23.0,0.0,0.16,0.0,,,,,,,,,,,,1.0,0.0
Queue-nominal,0.45,1606,EGM,24,24.0,0.0,0.16,0.0,,,,,,,,,,,,1.0,0.0
Queue-nominal,0.45,1606,EGM,25,25.0,0.0,0.16,0.0,,,,,,,,,,,,1.0,0.0
Queue-nominal,0.45,1606,EGM,26,26.0,0.0,0.16,0.0,,,,,,,,,,,,1.0,0.0
Queue-nominal,0.45,1606,EGM,27,27.0,0.0,0.16,0.0,,,,,,,,,,,,1.0,0.0
Queue-nominal,0.45,1606,EGM,28,28.0,0.0,0.16,0.0,,,,,,,,,,,,1.0,0.0
Queue-nominal,0.45,1606,EGM,29,29.0,0.0,0.16,0.0,,,,,,,,,,,,1.0,0.0
Queue-nominal,0.45,1606,EGM,30,30.0,0.0,0.16,0.0,,,,,,,,,,,,1.0,0.0
Queue-nominal,0.45,1606,EGM,31,31.0,0.0,0.16,0.0,,,,,,,,,,,,1.0,0.0
Queue-nominal,0.45,1606,EGM,32,32.0,0.0,0.16,0.0,,,,,,,,,,,,1.0,0.0
Queue-nominal,0.45,1606,EGM,33,33.0,0.0,0.16,0.0,,,,,,,,,,,,1.0,0.0
Queue-nominal,0.45,1606,EGM,34,34.0,0.0,0.16,0.0,,,,,,,,,,,,1.0,0.0
Queue-nominal,0.45,1606,EGM,35,35.0,0.0,0.16,0.0,,,,,,,,,,,,1.0,0.0
Queue-nominal,0.45,1606,EGM,36,36.0,0.0,0.16,0.0,,,,,,,,,,,,1.0,0.0
Queue-nominal,0.45,1606,EGM,37,37.0,0.0,0.16,0.0,,,,,,,,,,,,1.0,0.0
Queue-nominal,0.45,1606,EGM,38,38.0,0.0,0.16,0.0,,,,,,,,,,,,1.0,0.0
Queue-nominal,0.45,1606,EGM,39,39.0,0.0,0.16,0.0,,,,,,,,,,,,1.0,0.0
Queue-nominal,0.45,1606,EGM,40,40.0,0.0,0.16,0.0,,,,,,,,,,,,1.0,0.0
Queue-nominal,0.45,1606,EGM,41,41.0,0.0,0.16,0.0,,,,,,,,,,,,1.0,0.0
Queue-nominal,0.45,1606,EGM,42,42.0,0.0,0.16,0.0,,,,,,,,,,,,1.0,0.0
Queue-nominal,0.45,1606,EGM,43,43.0,0.0,0.16,0.0,,,,,,,,,,,,1.0,0.0
Queue-nominal,0.45,1606,EGM,44,44.0,0.0,0.16,0.0,,,,,,,,,,,,1.0,0.0
Queue-nominal,0.45,1606,EGM,45,45.0,0.0,0.16,0.0,,,,,,,,,,,,1.0,0.0
Queue-nominal,0.45,1606,EGM,46,46.0,0.0,0.16,0.0,,,,,,,,,,,,1.0,0.0
Queue-nominal,0.45,1606,EGM,47,47.0,0.0,0.16,0.0,,,,,,,,,,,,1.0,0.0
Queue-nominal,0.45,1606,EGM,48,48.0,0.0,0.16,0.0,,,,,,,,,,,,1.0,0.0
Queue-nominal,0.45,1606,EGM,49,49.0,0.0,0.16,0.0,,,,,,,,,,,,1.0,0.0
Queue-nominal,0.45,1606,EGM,50,50.0,0.0,0.16,0.0,,,,,,,,,,,,1.0,0.0
Queue-nominal,0.45,1606,EGM,51,51.0,0.0,0.16,0.0,,,,,,,,,,,,1.0,0.0
Queue-nominal,0.45,1606,EGM,52,52.0,0.0,0.16,0.0,,,,,,,,,,,,1.0,0.0
Queue-nominal,0.45,1606,EGM,53,53.0,0.0,0.16,0.0,,,,,,,,,,,,1.0,0.0
Queue-nominal,0.45,1606,EGM,54,54.0,0.0,0.16,0.0,,,,,,,,,,,,1.0,0.0
Queue-nominal,0.45,1606,EGM,55,55.0,0.0,0.16,0.0,,,,,,,,,,,,1.0,0.0
Queue-nominal,0.45,1606,EGM,56,56.0,0.0,0.16,0.0,,,,,,,,,,,,1.0,0.0
Queue-nominal,0.45,1606,EGM,57,57.0,0.0,0.16,0.0,,,,,,,,,,,,1.0,0.0
Queue-nominal,0.45,1606,EGM,58,58.0,0.0,0.16,0.0,,,,,,,,,,,,1.0,0.0
Queue-nominal,0.45,1606,EGM,59,59.0,0.0,0.16,0.0,,,,,,,,,,,,1.0,0.0
Queue-nominal,0.45,1606,EGM,60,60.0,0.0,0.16,0.0,,,,,,,,,,,,1.0,0.0
Queue-nominal,0.45,1606,PPM-3,1,3.0,0.0,0.16,0.0,,,,,,,,,,,,3.0,0.0
Queue-nominal,0.45,1606,PPM-3,2,6.0,0.0,0.16,0.0,,,,,,,,,,,,3.0,0.0
Queue-nominal,0.45,1606,PPM-3,3,9.0,0.0,0.16,0.0,,,,,,,,,,,,3.0,0.0
Queue-nominal,0.45,1606,PPM-3,4,12.0,0.0,0.16,0.0,,,,,,,,,,,,3.0,0.0
Queue-nominal,0.45,1606,PPM-3,5,15.0,0.0,0.16,0.0,,,,,,,,,,,,3.0,0.0
Queue-nominal,0.45,1606,PPM-3,6,18.0,0.0,0.16,0.0,,,,,,,,,,,,3.0,0.0
Queue-nominal,0.45,1606,PPM-3,7,21.0,0.0,0.16,0.0,,,,,,,,,,,,3.0,0.0
Queue-nominal,0.45,1606,PPM-3,8,24.0,0.0,0.16,0.0,,,,,,,,,,,,3.0,0.0
Queue-nominal,0.45,1606,PPM-3,9,27.0,0.0,0.16,0.0,,,,,,,,,,,,3.0,0.0
Queue-nominal,0.45,1606,PPM-3,10,30.0,0.0,0.16,0.0,,,,,,,,,,,,3.0,0.0
Queue-nominal,0.45,1606,PPM-3,11,33.0,0.0,0.16,0.0,,,,,,,,,,,,3.0,0.0
Queue-nominal,0.45,1606,PPM-3,12,36.0,0.0,0.16,0.0,,,,,,,,,,,,3.0,0.0
Queue-nominal,0.45,1606,PPM-3,13,39.0,0.0,0.16,0.0,,,,,,,,,,,,3.0,0.0
Queue-nominal,0.45,1606,PPM-3,14,42.0,0.0,0.16,0.0,,,,,,,,,,,,3.0,0.0
Queue-nominal,0.45,1606,PPM-3,15,45.0,0.0,0.16,0.0,,,,,,,,,,,,3.0,0.0
Queue-nominal,0.45,1606,PPM-3,16,48.0,0.0,0.16,0.0,,,,,,,,,,,,3.0,0.0
Queue-nominal,0.45,1606,PPM-3,17,51.0,0.0,0.16,0.0,,,,,,,,,,,,3.0,0.0
Queue-nominal,0.45,1606,PPM-3,18,54.0,0.0,0.16,0.0,,,,,,,,,,,,3.0,0.0
Queue-nominal,0.45,1606,PPM-3,19,57.0,0.0,0.16,0.0,,,,,,,,,,,,3.0,0.0
Queue-nominal,0.45,1606,PPM-3,20,60.0,0.0,0.16,0.0,,,,,,,,,,,,3.0,0.0
Queue-nominal,0.45,1606,PPM-3,21,63.0,0.0,0.16,0.0,,,,,,,,,,,,3.0,0.0
Queue-nominal,0.45,1606,PPM-3,22,66.0,0.0,0.16,0.0,,,,,,,,,,,,3.0,0.0
Queue-nominal,0.45,1606,PPM-3,23,69.0,0.0,0.16,0.0,,,,,,,,,,,,3.0,0.0
Queue-nominal,0.45,1606,PPM-3,24,72.0,0.0,0.16,0.0,,,,,,,,,,,,3.0,0.0
Queue-nominal,0.45,1606,PPM-3,25,75.0,0.0,0.16,0.0,,,,,,,,,,,,3.0,0.0
Queue-nominal,0.45,1606,PPM-3,26,78.0,0.0,0.16,0.0,,,,,,,,,,,,3.0,0.0
Queue-nominal,0.45,1606,PPM-3,27,81.0,0.0,0.16,0.0,,,,,,,,,,,,3.0,0.0
Queue-nominal,0.45,1606,PPM-3,28,84.0,0.0,0.16,0.0,,,,,,,,,,,,3.0,0.0
Queue-nominal,0.45,1606,PPM-3,29,87.0,0.0,0.16,0.0,,,,,,,,,,,,3.0,0.0
Queue-nominal,0.45,1606,PPM-3,30,90.0,0.0,0.16,0.0,,,,,,,,,,,,3.0,0.0
Queue-nominal,0.45,1606,PPM-3,31,93.0,0.0,0.16,0.0,,,,,,,,,,,,3.0,0.0
Queue-nominal,0.45,1606,PPM-3,32,96.0,0.0,0.16,0.0,,,,,,,,,,,,3.0,0.0
Queue-nominal,0.45,1606,PPM-3,33,99.0,0.0,0.16,0.0,,,,,,,,,,,,3.0,0.0
Queue-nominal,0.45,1606,PPM-3,34,102.0,0.0,0.16,0.0,,,,,,,,,,,,3.0,0.0
Queue-nominal,0.45,1606,PPM-3,35,105.0,0.0,0.16,0.0,,,,,,,,,,,,3.0,0.0
Queue-nominal,0.45,1606,PPM-3,36,108.0,0.0,0.16,0.0,,,,,,,,,,,,3.0,0.0
Queue-nominal,0.45,1606,PPM-3,37,111.0,0.0,0.16,0.0,,,,,,,,,,,,3.0,0.0
Queue-nominal,0.45,1606,PPM-3,38,114.0,0.0,0.16,0.0,,,,,,,,,,,,3.0,0.0
Queue-nominal,0.45,1606,PPM-3,39,117.0,0.0,0.16,0.0,,,,,,,,,,,,3.0,0.0
Queue-nominal,0.45,1606,PPM-3,40,120.0,0.0,0.16,0.0,,,,,,,,,,,,3.0,0.0
Queue-nominal,0.45,1606,PPM-3,41,123.0,0.0,0.16,0.0,,,,,,,,,,,,3.0,0.0
Queue-nominal,0.45,1606,PPM-3,42,126.0,0.0,0.16,0.0,,,,,,,,,,,,3.0,0.0
Queue-nominal,0.45,1606,PPM-3,43,129.0,0.0,0.16,0.0,,,,,,,,,,,,3.0,0.0
Queue-nominal,0.45,1606,PPM-3,44,132.0,0.0,0.16,0.0,,,,,,,,,,,,3.0,0.0
Queue-nominal,0.45,1606,PPM-3,45,135.0,0.0,0.16,0.0,,,,,,,,,,,,3.0,0.0
Queue-nominal,0.45,1606,PPM-3,46,138.0,0.0,0.16,0.0,,,,,,,,,,,,3.0,0.0
Queue-nominal,0.45,1606,PPM-3,47,141.0,0.0,0.16,0.0,,,,,,,,,,,,3.0,0.0
Queue-nominal,0.45,1606,PPM-3,48,144.0,0.0,0.16,0.0,,,,,,,,,,,,3.0,0.0
Queue-nominal,0.45,1606,PPM-3,49,147.0,0.0,0.16,0.0,,,,,,,,,,,,3.0,0.0
Queue-nominal,0.45,1606,PPM-3,50,150.0,0.0,0.16,0.0,,,,,,,,,,,,3.0,0.0
Queue-nominal,0.45,1606,PPM-3,51,153.0,0.0,0.16,0.0,,,,,,,,,,,,3.0,0.0
Queue-nominal,0.45,1606,PPM-3,52,156.0,0.0,0.16,0.0,,,,,,,,,,,,3.0,0.0
Queue-nominal,0.45,1606,PPM-3,53,159.0,0.0,0.16,0.0,,,,,,,,,,,,3.0,0.0
Queue-nominal,0.45,1606,PPM-3,54,162.0,0.0,0.16,0.0,,,,,,,,,,,,3.0,0.0
Queue-nominal,0.45,1606,PPM-3,55,165.0,0.0,0.16,0.0,,,,,,,,,,,,3.0,0.0
Queue-nominal,0.45,1606,PPM-3,56,168.0,0.0,0.16,0.0,,,,,,,,,,,,3.0,0.0
Queue-nominal,0.45,1606,PPM-3,57,171.0,0.0,0.16,0.0,,,,,,,,,,,,3.0,0.0
Queue-nominal,0.45,1606,PPM-3,58,174.0,0.0,0.16,0.0,,,,,,,,,,,,3.0,0.0
Queue-nominal,0.45,1606,PPM-3,59,177.0,0.0,0.16,0.0,,,,,,,,,,,,3.0,0.0
Queue-nominal,0.45,1606,PPM-3,60,180.0,0.0,0.16,0.0,,,,,,,,,,,,3.0,0.0
Queue-nominal,0.45,1607,QP+G,1,1.0,1.0,0.24,1.4650416042306673,0.16381787336751463,-0.14933585396798627,0.1660159694925767,0.027196383067320102,1.0,0.0,0.0,-0.038055609156011215,-0.03822364312081605,-0.00016803396480483818,5.0,1.0,1.0
Queue-nominal,0.45,1607,QP+G,2,2.0,2.0,0.24,1.4747750211199033,0.16273668631690727,-0.15711248122707722,0.16555947250206704,0.02694259994336152,1.0,0.0,0.0,-0.03742402840331731,-0.037565737824727385,-0.00014170942141007725,5.0,1.0,1.0
Queue-nominal,0.45,1607,QP+G,3,3.0,3.0,0.24,1.4819691444200165,0.16194669160532787,-0.16507268784862625,0.165152854869506,0.02674595845529136,1.0,0.0,0.0,-0.037000470707276675,-0.03698975104899649,1.0719658280186617e-05,5.0,1.0,1.0
Queue-nominal,0.45,1607,QP+G,4,4.0,4.0,0.2362003438457777,1.4865314657767872,0.16144966018232784,-0.1738620226253539,0.16480635263327387,0.026607929628530955,1.0,0.0,0.0,-0.036099429557171804,-0.03588226827675012,0.0002171612804216863,5.0,1.0,1.0
Queue-nominal,0.45,1607,QP+G,5,5.0,5.0,0.10975747178784322,1.4883054641542925,0.16125721888441524,-0.1841218973061926,0.1645294651263415,0.02653156397081422,1.0,0.0,0.0,-0.0344969700668866,-0.034296473938268957,0.0002004961286176457,5.0,1.0,1.0
Queue-nominal,0.45,1607,QP+G,6,6.0,6.0,0.0,1.4872558269889191,0.1613710268568261,-0.1965544525217383,0.16372064679515777,0.026419768890998344,1.0,0.0,0.0,-0.03303139148162218,-0.03301310629115495,1.8285190467232093e-05,5.0,1.0,1.0
Queue-nominal,0.45,1607,QP+G,7,7.0,7.0,0.0,1.4859919557288526,0.1615082767270327,-0.20921407360009064,0.16240948810361047,0.026230476547733642,1.0,0.0,0.0,-0.03181447121707033,-0.031803396465314826,1.1074751755504875e-05,5.0,1.0,1.0
Queue-nominal,0.45,1607,QP+G,8,8.0,8.0,0.0,1.4861356661729053,0.16149265875439736,-0.22082799542178383,0.16114676524382868,0.026024019568896606,1.0,0.0,0.0,-0.030483847250197496,-0.03048291713414608,9.301160514146867e-07,5.0,1.0,1.0
Queue-nominal,0.45,1607,QP+G,9,9.0,9.0,0.0,1.4879338302294238,0.1612974953079698,-0.23121536207409937,0.15993985924607917,0.025797898696301804,1.0,0.0,0.0,-0.029157121887219997,-0.029166484480151134,-9.362592931137087e-06,5.0,1.0,1.0
Queue-nominal,0.45,1607,QP+G,10,10.0,10.0,0.0,1.491678293245665,0.16089260069461528,-0.24019915791979596,0.1587911082368528,0.025548314371407393,1.0,0.0,0.0,-0.027941271444871987,-0.027956404279352753,-1.5132834480766771e-05,5.0,1.0,1.0
Queue-nominal,0.45,1607,QP+G,11,11.0,11.0,0.0,1.4977019174769468,0.16024550492951756,-0.2476032392620698,0.15769823601668573,0.025270433456988036,1.0,0.0,0.0,-0.02690005114427132,-0.026915301951586645,-1.5250807315327075e-05,5.0,1.0,1.0
Queue-nominal,0.45,1607,QP+G,12,12.0,12.0,0.0,1.5063688644230433,0.15932352670600555,-0.2532502335688418,0.15665508297310904,0.024958840295697653,1.0,0.0,0.0,-0.026051026470112044,-0.026062591874544516,-1.1565404432471726e-05,5.0,1.0,1.0
Queue-nominal,0.45,1607,QP+G,13,13.0,13.0,0.0,1.5180589488557843,0.15809662739440825,-0.25696106326596263,0.15565258180816702,0.024608148229103427,1.0,0.0,0.0,-0.025380262629368815,-0.025386364210846946,-6.101581478130946e-06,5.0,1.0,1.0
Queue-nominal,0.45,1607,QP+G,14,14.0,14.0,0.0,1.5331460259883396,0.15654086168686016,-0.2585567393525353,0.1546799164155327,0.024213727401338994,1.0,0.0,0.0,-0.024855285529112807,-0.024855327425511664,-4.189639885715524e-08,5.0,1.0,1.0
Queue-nominal,0.45,1607,QP+G,15,15.0,15.0,0.0,1.5519704093395505,0.154642123687225,-0.2578629110388262,0.153725802564425,0.02377248457408574,1.0,0.0,0.0,-0.02443192296264734,-0.024425817750551193,6.105212096145507e-06,5.0,1.0,1.0
Queue-nominal,0.45,1607,QP+G,16,16.0,16.0,0.0,1.5748055419573102,0.15239976848297496,-0.25471743413696296,0.15277982584225075,0.02328361008722825,1.0,0.0,0.0,-0.024057144748828183,-0.024044838350671505,1.2306398156677889e-05,5.0,1.0,1.0
Queue-nominal,0.45,1607,QP+G,17,17.0,17.0,0.0,1.6,0.14982958477530048,-0.2489808819283223,0.15183375911441355,0.022749189082985576,1.0,0.0,0.0,-0.02364296207555583,-0.02362449589528115,1.8466180274678834e-05,5.0,1.0,1.0
Queue-nominal,0.45,1607,QP+G,18,18.0,18.0,0.0,1.6,0.14696896290718062,-0.24056044482787386,0.1508838456758077,0.022175242318420548,1.0,0.0,0.0,-0.02273723549171791,-0.022714614290710422,2.2621201007488878e-05,5.0,1.0,1.0
Queue-nominal,0.45,1607,QP+G,19,19.0,19.0,0.0,1.6,0.14392855689424552,-0.22963513282253634,0.1499467983637835,0.021581626299411773,1.0,0.0,0.0,-0.021701479181558625,-0.021676700098782753,2.477908277587204e-05,5.0,1.0,1.0
Queue-nominal,0.45,1607,QP+G,20,20.0,20.0,0.0,1.6,0.14078842822125306,-0.21638684543495076,0.14902789574217995,0.02098140320266229,1.0,0.0,0.0,-0.02052159495065098,-0.020496292569195163,2.5302381455816203e-05,5.0,1.0,1.0
Queue-nominal,0.45,1607,QP+G,21,21.0,21.0,0.1642991672676489,1.6,0.13763000573775727,-0.20105727931819173,0.14813551556000376,0.02038789185648895,1.0,0.0,0.0,-0.019369347183442652,-0.019821240244777272,-0.00045189306133461976,5.0,1.0,1.0
Queue-nominal,0.45,1607,QP+G,22,22.0,22.0,0.24,1.6,0.13364101959215544,-0.17284344199539894,0.14789365943718774,0.01976465943840077,1.0,0.0,0.0,-0.02010781630162395,-0.020804011107351528,-0.0006961948057275791,5.0,1.0,1.0
Queue-nominal,0.45,1607,QP+G,23,23.0,23.0,0.24,1.6,0.12944410484889438,-0.13089121568607426,0.14766795949703643,0.019114746831956672,1.0,0.0,0.0,-0.021687979966535487,-0.022361431221762818,-0.0006734512552273308,5.0,1.0,1.0
Queue-nominal,0.45,1607,QP+G,24,24.0,24.0,0.24,1.6,0.12571788391276167,-0.08018907680656488,0.14708103550333154,0.018490716547176614,1.0,0.0,0.0,-0.023289431646907385,-0.02404111076217097,-0.000751679115263585,5.0,1.0,1.0
Queue-nominal,0.45,1607,QP+G,25,25.0,25.0,0.24,1.6,0.12270345544208529,-0.02305455142731819,0.1461418707467087,0.017932112525391758,1.0,0.0,0.0,-0.024873884622976735,-0.02566757945975162,-0.0007936948367748865,5.0,1.0,1.0
Queue-nominal,0.45,1607,QP+G,26,26.0,26.0,0.24,1.6,0.12055718001018617,0.0373304802862359,0.14488392135901862,0.017466796987860866,1.0,0.0,0.0,-0.02629599727425685,-0.027053839287024317,-0.0007578420127674658,5.0,1.0,1.0
Queue-nominal,0.45,1607,QP+G,27,27.0,27.0,0.24,1.6,0.11933062220589981,0.0974325363982439,0.14335756022437543,0.017106946859494473,1.0,0.0,0.0,-0.027412279287703786,-0.028075756688767495,-0.0006634774010637091,5.0,1.0,1.0
Queue-nominal,0.45,1607,QP+G,28,28.0,28.0,0.24,1.6,0.11898006865933508,0.15398870160069733,0.14162155468677134,0.016850142300273832,1.0,0.0,0.0,-0.028151053361671504,-0.028676945112255492,-0.0005258917505839879,5.0,1.0,1.0
Queue-nominal,0.45,1607,QP+G,29,29.0,29.0,0.24,1.6,0.11939432203259746,0.20449391592101693,0.1397355608981539,0.01668363255727982,1.0,0.0,0.0,-0.028487458850394883,-0.028849087594261746,-0.0003616287438668632,5.0,1.0,1.0
Queue-nominal,0.45,1607,QP+G,30,30.0,30.0,0.24,1.6,0.12042711400540958,0.2474094847789752,0.13775469648233857,0.01658940053805918,1.0,0.0,0.0,-0.028440437427414696,-0.028631585908486024,-0.00019114848107132723,5.0,1.0,1.0
Queue-nominal,0.45,1607,QP+G,31,31.0,31.0,0.24,1.6,0.12192381647932263,0.28210827093973617,0.13572641638014038,0.016548282682128365,1.0,0.0,0.0,-0.0280697816314121,-0.028100027197964117,-3.0245566552015296e-05,5.0,1.0,1.0
Queue-nominal,0.45,1607,QP+G,32,32.0,32.0,0.24,1.6,0.12373776385282788,0.30867231434725295,0.13368936640701262,0.016542423250105107,1.0,0.0,0.0,-0.027451146791942434,-0.02733804242688187,0.0001131043650605644,5.0,1.0,1.0
Queue-nominal,0.45,1607,QP+G,33,33.0,33.0,0.24,1.6,0.12573651308770303,0.3276626920080265,0.13167363506201174,0.01655618373828007,1.0,0.0,0.0,-0.026649041062363373,-0.026413427430471925,0.000235613631891448,5.0,1.0,1.0
Queue-nominal,0.45,1607,QP+G,34,34.0,34.0,0.24,1.6,0.12780118826374093,0.33993128261994604,0.12970180093590825,0.016576044279556258,1.0,0.0,0.0,-0.025709565175765,-0.02537308727855936,0.00033647789720564134,5.0,1.0,1.0
Queue-nominal,0.45,1607,QP+G,35,35.0,35.0,0.24,1.6,0.1298227370111555,0.3464925105558974,0.12779028668889214,0.01659008478139221,1.0,0.0,0.0,-0.024665748214968523,-0.024252238891398825,0.0004135093235696982,5.0,1.0,1.0
Queue-nominal,0.45,1607,QP+G,36,36.0,36.0,0.24,1.6,0.13169837208238985,0.34844348468473213,0.12595069324680455,0.01658750126325261,1.0,0.0,0.0,-0.023506835604215615,-0.02309063197473149,0.00041620362948412495,5.0,1.0,1.0
Queue-nominal,0.45,1607,QP+G,37,37.0,37.0,0.24,1.6,0.13333048144953705,0.34691185577450784,0.12419094159299433,0.01655843803426527,1.0,0.0,0.0,-0.0222799425127611,-0.021935345249486815,0.00034459726327428636,5.0,1.0,1.0
Queue-nominal,0.45,1607,QP+G,38,38.0,38.0,0.24,1.6,0.13462918737340437,0.3430132681490785,0.1225161678483595,0.016494252117528252,1.0,0.0,0.0,-0.02108820785790776,-0.020822740178688237,0.0002654676792195228,5.0,1.0,1.0
Queue-nominal,0.45,1607,QP+G,39,39.0,39.0,0.24,1.6,0.13551851762048903,0.3378074630063297,0.1209293930903219,0.016388172088345834,1.0,0.0,0.0,-0.019955958018114776,-0.019766562799307108,0.00018939521880766835,5.0,1.0,1.0
Queue-nominal,0.45,1607,QP+G,40,40.0,40.0,0.24,1.6,0.13594482406935834,0.3322502393548846,0.11943202272055063,0.016236165316992863,1.0,0.0,0.0,-0.018886556641806822,-0.018763742289650942,0.0001228143521558797,5.0,1.0,1.0
Queue-nominal,0.45,1607,QP+G,41,41.0,41.0,0.24,1.6,0.13588490382266963,0.32714576694669545,0.11802422494952451,0.016037710456011264,1.0,0.0,0.0,-0.01787312867918111,-0.017804861649691528,6.826702948958124e-05,5.0,1.0,1.0
Queue-nominal,0.45,1607,QP+G,42,42.0,42.0,0.24,1.6,0.13535076911694752,0.3231087657067236,0.11670520547908546,0.015796139321545614,1.0,0.0,0.0,-0.01689525679055759,-0.016880492075385334,1.4764715172255194e-05,5.0,1.0,1.0
Queue-nominal,0.45,1607,QP+G,43,43.0,43.0,0.24,1.6,0.1343886680880175,0.3205473956870936,0.11547335820963135,0.015518310809442897,1.0,0.0,0.0,-0.015929495356975742,-0.01598422490590856,-5.472954893281923e-05,5.0,1.0,1.0
Queue-nominal,0.45,1607,QP+G,44,44.0,44.0,0.24,1.6,0.1330717882945904,0.3196744087360423,0.11432625738584559,0.015213599519362098,1.0,0.0,0.0,-0.014999796061415438,-0.015114264467936733,-0.00011446840652129531,5.0,1.0,1.0
Queue-nominal,0.45,1607,QP+G,45,45.0,45.0,0.24,0.18397374231535452,0.13148837234369515,0.3205467094136459,0.11326048158401174,0.014892436374344764,1.0,0.0,0.0,-0.014213893010087842,-0.014226647620277033,-1.2754610189191079e-05,5.0,1.0,1.0
Queue-nominal,0.45,1607,QP+G,46,46.0,46.0,0.24,1.2662338306279604,0.1321098754297685,0.3100778729169565,0.11214941775645634,0.014816045609326513,1.0,0.0,0.0,-0.013635472067828194,-0.013790630731719045,-0.000155158663890851,5.0,1.0,1.0
Queue-nominal,0.45,1607,QP+G,47,47.0,47.0,0.24,0.0,0.13057416173078054,0.30966146549938867,0.11116276361904001,0.014514984675233057,0.0,0.0,0.0,-0.013189869139806907,-0.013182215770547234,7.653369259673012e-06,5.0,1.0,1.0
Queue-nominal,0.45,1607,QP+G,48,48.0,48.0,0.24,1.0408869919225523,0.13079249837752516,0.29712417167769406,0.11010693560618148,0.014401161196625758,1.0,0.0,0.0,-0.012518573510110936,-0.012665797579493265,-0.00014722406938232936,5.0,1.0,1.0
Queue-nominal,0.45,1607,QP+G,49,49.0,49.0,0.24,0.18810657393127642,0.129166800336435,0.2959304185796407,0.10917590570533421,0.014101902413790359,1.0,0.0,0.0,-0.011994201423949639,-0.012017678318146263,-2.3476894196624437e-05,5.0,1.0,1.0
Queue-nominal,0.45,1607,QP+G,50,50.0,50.0,0.24,1.3247040757574637,0.1285010306588812,0.2860587452071615,0.10821107188742718,0.013905234266236676,1.0,0.0,0.0,-0.011414687448387391,-0.011636622860276447,-0.00022193541188905534,5.0,1.0,1.0
Queue-nominal,0.45,1607,QP+G,51,51.0,51.0,0.24,0.4269380546076327,0.12629658843345704,0.29033930946840686,0.10735225357073584,0.013558223386627342,1.0,0.0,0.0,-0.01100874420348074,-0.011096833950941631,-8.808974746089132e-05,5.0,1.0,1.0
Queue-nominal,0.45,1607,QP+G,52,52.0,52.0,0.24,1.5871840414151182,0.12503001164586658,0.2850762579845404,0.10645343671064575,0.01330987443167456,1.0,0.0,0.0,-0.01069836522834216,-0.01102101764804897,-0.0003226524197068089,5.0,1.0,1.0
Queue-nominal,0.45,1607,QP+G,53,53.0,53.0,0.24,0.7950824441181171,0.12267501611946918,0.2955641890504711,0.10563535851929337,0.01295881930914022,1.0,0.0,0.0,-0.010526625851915593,-0.010695882666386769,-0.00016925681447117584,5.0,1.0,1.0
Queue-nominal,0.45,1607,QP+G,54,54.0,54.0,0.24,1.6,0.1210850816003353,0.2974453723121419,0.1047739253941442,0.012686559305937394,1.0,0.0,0.0,-0.010431592700491876,-0.010766275250097657,-0.00033468254960578037,5.0,1.0,1.0
Queue-nominal,0.45,1607,QP+G,55,55.0,55.0,0.24,1.1370178496503305,0.11905987827173634,0.31132442195193344,0.10395172574165107,0.012376479812937897,1.0,0.0,0.0,-0.010410841540046713,-0.010649764042158782,-0.00023892250211206972,5.0,1.0,1.0
Queue-nominal,0.45,1607,QP+G,56,56.0,56.0,0.24,1.5435990578863383,0.11750783014477434,0.32039146193653084,0.10309182407715718,0.012114096552973543,1.0,0.0,0.0,-0.010459062496918511,-0.010773308001114534,-0.00031424550419602293,5.0,1.0,1.0
Queue-nominal,0.45,1607,QP+G,57,57.0,57.0,0.24,1.281982790835391,0.11595787566591338,0.3361417204100119,0.10223372759550621,0.011854805873382567,1.0,0.0,0.0,-0.01053142823122697,-0.010788606270266232,-0.0002571780390392617,5.0,1.0,1.0
Queue-nominal,0.45,1607,QP+G,58,58.0,58.0,0.24,1.488293482641489,0.11474748234790959,0.34910244369582777,0.1013396863602833,0.011628473871769303,1.0,0.0,0.0,-0.01064527051242464,-0.010935319056565307,-0.00029004854414066764,5.0,1.0,1.0
Queue-nominal,0.45,1607,QP+G,59,59.0,59.0,0.24,1.3212741339880212,0.11369197454091759,0.36535474280964125,0.10043032292132127,0.01141812171670699,1.0,0.0,0.0,-0.010761881695081377,-0.01101378568225142,-0.00025190398717004313,5.0,1.0,1.0
Queue-nominal,0.45,1607,QP+G,60,60.0,60.0,0.24,1.4225417078754703,0.11290860773506964,0.37933112808600833,0.09948893060264656,0.011233156639395786,1.0,0.0,0.0,-0.010892583418940735,-0.011155066370252431,-0.00026248295131169573,5.0,1.0,1.0
Queue-nominal,0.45,1607,noG,1,1.0,0.0,0.24,0.0,0.0,0.0,0.1660159694925767,0.0,0.0,0.0,0.0,-0.001877082152947906,-0.001905728745378088,-2.864659243018196e-05,3.0,1.0,0.0
Queue-nominal,0.45,1607,noG,2,2.0,0.0,0.24,0.0,0.0,0.0,0.16701576021005723,0.0,0.0,0.0,0.0,-0.0018029200379210408,-0.0018488009093511337,-4.5880871430092895e-05,3.0,1.0,0.0
Queue-nominal,0.45,1607,noG,3,3.0,0.0,0.24,0.0,0.0,0.0,0.16800144101896378,0.0,0.0,0.0,0.0,-0.001997208247388471,-0.0020329528142699616,-3.5744566881490414e-05,3.0,1.0,0.0
Queue-nominal,0.45,1607,noG,4,4.0,0.0,0.24,0.0,0.0,0.0,0.1689670820428883,0.0,0.0,0.0,0.0,-0.0023625354096878932,-0.0023772572070352993,-1.4721797347406074e-05,3.0,1.0,0.0
Queue-nominal,0.45,1607,noG,5,5.0,0.0,0.24,0.0,0.0,0.0,0.1699107807458133,0.0,0.0,0.0,0.0,-0.0027637703247407326,-0.0027694220650116286,-5.651740270895978e-06,3.0,1.0,0.0
Queue-nominal,0.45,1607,noG,6,6.0,0.0,0.24,0.0,0.0,0.0,0.17083466411473325,0.0,0.0,0.0,0.0,-0.003145819661432014,-0.003143424770360337,2.394891071677129e-06,3.0,1.0,0.0
Queue-nominal,0.45,1607,noG,7,7.0,0.0,0.24,0.0,0.0,0.0,0.17174465302596043,0.0,0.0,0.0,0.0,-0.0034401184747867575,-0.003424019023922753,1.609945086400444e-05,3.0,1.0,0.0
Queue-nominal,0.45,1607,noG,8,8.0,0.0,0.24,0.0,0.0,0.0,0.1726500266417039,0.0,0.0,0.0,0.0,-0.003542341795430559,-0.003513871106370914,2.8470689059645338e-05,3.0,1.0,0.0
Queue-nominal,0.45,1607,noG,9,9.0,0.0,0.24,0.0,0.0,0.0,0.17356281969626344,0.0,0.0,0.0,0.0,-0.003361617095354319,-0.003325584863622666,3.603223173165304e-05,3.0,1.0,0.0
Queue-nominal,0.45,1607,noG,10,10.0,0.0,0.24,0.0,0.0,0.0,0.1744970791220071,0.0,0.0,0.0,0.0,-0.002841279816276909,-0.0028061840289175244,3.5095787359384466e-05,3.0,1.0,0.0
Queue-nominal,0.45,1607,noG,11,11.0,0.0,0.24,0.0,0.0,0.0,0.17546800241017543,0.0,0.0,0.0,0.0,-0.0019788640477091946,-0.001952142794306777,2.672125340241749e-05,3.0,1.0,0.0
Queue-nominal,0.45,1607,noG,12,12.0,0.0,0.20805639228077596,0.0,0.0,0.0,0.176490979954829,0.0,0.0,0.0,0.0,-0.000835165740086627,-0.0008266587059670982,8.507034119528754e-06,3.0,1.0,0.0
Queue-nominal,0.45,1607,noG,13,13.0,0.0,0.08133324296173348,0.0,0.0,0.0,0.177430100554668,0.0,0.0,0.0,0.0,-0.0001349810906797297,-0.00013506711483834977,-8.602415862006313e-08,3.0,1.0,0.0
Queue-nominal,0.45,1607,noG,14,14.0,0.0,0.031130355038448788,0.0,0.0,0.0,0.17781134531682877,0.0,0.0,0.0,0.0,-1.997141749340006e-05,-1.9988268665116493e-05,-1.6851171716433816e-08,3.0,1.0,0.0
Queue-nominal,0.45,1607,noG,15,15.0,0.0,0.011671891013003621,0.0,0.0,0.0,0.1779596331062532,0.0,0.0,0.0,0.0,-2.8128468553993576e-06,-2.8127703535218984e-06,7.650187745921548e-11,3.0,1.0,0.0
Queue-nominal,0.45,1607,noG,16,16.0,0.0,0.00433179099586653,0.0,0.0,0.0,0.17801558302103343,0.0,0.0,0.0,0.0,-3.8760549635498694e-07,-3.8710989924695127e-07,4.955971080356648e-10,3.0,1.0,0.0
Queue-nominal,0.45,1607,noG,17,17.0,0.0,0.0016009644558249584,0.0,0.0,0.0,0.17803639721070297,0.0,0.0,0.0,0.0,-5.295087526400118e-08,-5.273818715068046e-08,2.1268811332072285e-10,3.0,1.0,0.0
Queue-nominal,0.45,1607,noG,18,18.0,0.0,0.0005907478306073755,0.0,0.0,0.0,0.17804409663706622,0.0,0.0,0.0,0.0,-7.2099472542413945e-09,-7.129432599839447e-09,8.05146544019475e-11,3.0,1.0,0.0
Queue-nominal,0.45,1607,noG,19,19.0,0.0,0.00021785284999647727,0.0,0.0,0.0,0.1780469386176988,0.0,0.0,0.0,0.0,-9.8052951174875e-10,-9.506626597044487e-10,2.986685204430125e-11,3.0,1.0,0.0
Queue-nominal,0.45,1607,noG,20,20.0,0.0,8.032083831622795e-05,0.0,0.0,0.0,0.17804798679499773,0.0,0.0,0.0,0.0,-1.3328858187007834e-10,-1.222688617019685e-10,1.1019720168109852e-11,3.0,1.0,0.0
Queue-nominal,0.45,1607,noG,21,21.0,0.0,2.9611329427531787e-05,0.0,0.0,0.0,0.17804837326795306,0.0,0.0,0.0,0.0,-1.8115617385534115e-11,-1.404343308308853e-11,4.072184302445585e-12,3.0,1.0,0.0
Queue-nominal,0.45,1607,noG,22,22.0,0.0,1.0916265258015902e-05,0.0,0.0,0.0,0.17804851574861535,0.0,0.0,0.0,0.0,-2.4619872395911285e-12,-9.610090501155355e-13,1.500978189475593e-12,3.0,1.0,0.0
Queue-nominal,0.45,1607,noG,23,23.0,0.0,4.024267008598976e-06,0.0,0.0,0.0,0.17804856827466423,0.0,0.0,0.0,0.0,-3.345887453420588e-13,2.1938006966593093e-13,5.539688150079897e-13,3.0,1.0,0.0
Queue-nominal,0.45,1607,noG,24,24.0,0.0,1.4835162470766781e-06,0.0,0.0,0.0,0.17804858763836734,0.0,0.0,0.0,0.0,-4.5469733363193516e-14,1.5853984791647235e-13,2.0400958127966588e-13,3.0,1.0,0.0
Queue-nominal,0.45,1607,noG,25,25.0,0.0,5.468985537255005e-07,0.0,0.0,0.0,0.178048594776659,0.0,0.0,0.0,0.0,-6.179471865619707e-15,6.616929226765933e-14,7.234876413327903e-14,3.0,1.0,0.0
Queue-nominal,0.45,1607,noG,26,26.0,0.0,2.0161359347501438e-07,0.0,0.0,0.0,0.17804859740819196,0.0,0.0,0.0,0.0,-8.398030281251309e-16,2.6201263381153694e-14,2.7041066409278826e-14,3.0,1.0,0.0
Queue-nominal,0.45,1607,noG,27,27.0,0.0,7.432347267452312e-08,0.0,0.0,0.0,0.17804859837830422,0.0,0.0,0.0,0.0,-1.1412736872899224e-16,1.199040866595169e-14,1.2104536034680683e-14,3.0,1.0,0.0
Queue-nominal,0.45,1607,noG,28,28.0,0.0,2.740043288438744e-08,0.0,0.0,0.0,0.17804859873592965,0.0,0.0,0.0,0.0,-1.551145959205375e-17,-1.7763568394002505e-15,-1.7608453798081968e-15,3.0,1.0,0.0
Queue-nominal,0.45,1607,noG,29,29.0,0.0,1.0096711086895151e-08,0.0,0.0,0.0,0.1780485988677731,0.0,0.0,0.0,0.0,-2.1061906374170618e-18,7.105427357601002e-15,7.107533548238418e-15,3.0,1.0,0.0
Queue-nominal,0.45,1607,noG,30,30.0,0.0,3.7230698616518928e-09,0.0,0.0,0.0,0.1780485989163561,0.0,0.0,0.0,0.0,-2.8637835463931095e-19,-8.881784197001252e-16,-8.878920413454859e-16,3.0,1.0,0.0
Queue-nominal,0.45,1607,noG,31,31.0,0.0,1.3765596264394764e-09,0.0,0.0,0.0,0.17804859893427039,0.0,0.0,0.0,0.0,-3.914964918615566e-20,-8.881784197001252e-16,-8.881392700509391e-16,3.0,1.0,0.0
Queue-nominal,0.45,1607,noG,32,32.0,0.0,5.087090879425874e-10,0.0,0.0,0.0,0.17804859894089425,0.0,0.0,0.0,0.0,-5.346589133488616e-21,0.0,5.346589133488616e-21,3.0,1.0,0.0
Queue-nominal,0.45,1607,noG,33,33.0,0.0,1.8404879839150825e-10,0.0,0.0,0.0,0.17804859894334202,0.0,0.0,0.0,0.0,-6.998481066787974e-22,-2.6645352591003757e-15,-2.664534559252269e-15,3.0,1.0,0.0
Queue-nominal,0.45,1607,noG,34,34.0,0.0,6.090179212757122e-11,0.0,0.0,0.0,0.17804859894422734,0.0,0.0,0.0,0.0,-7.662984810909329e-23,7.105427357601002e-15,7.10542743423085e-15,3.0,1.0,0.0
Queue-nominal,0.45,1607,noG,35,35.0,0.0,2.3285979419364176e-11,0.0,0.0,0.0,0.1780485989445208,0.0,0.0,0.0,0.0,-1.1202806551007776e-23,-2.6645352591003757e-15,-2.664535247897569e-15,3.0,1.0,0.0
Queue-nominal,0.45,1607,noG,36,36.0,0.0,1.701667725021645e-11,0.0,0.0,0.0,0.1780485989446327,0.0,0.0,0.0,0.0,-5.982563847171709e-24,3.552713678800501e-15,3.552713684783065e-15,3.0,1.0,0.0
Queue-nominal,0.45,1607,noG,37,37.0,0.0,2.2390364817956237e-12,0.0,0.0,0.0,0.17804859894471475,0.0,0.0,0.0,0.0,-1.0357624396105029e-25,-1.7763568394002505e-15,-1.7763568392966742e-15,3.0,1.0,0.0
Queue-nominal,0.45,1607,noG,38,38.0,0.0,8.956145931861558e-13,0.0,0.0,0.0,0.1780485989447254,0.0,0.0,0.0,0.0,-1.6572199042426054e-26,-8.881784197001252e-16,-8.88178419683553e-16,3.0,1.0,0.0
Queue-nominal,0.45,1607,noG,39,39.0,0.0,0.0,0.0,0.0,0.0,0.17804859894472969,0.0,0.0,0.0,0.0,0.0,0.0,0.0,3.0,1.0,0.0
Queue-nominal,0.45,1607,noG,40,40.0,0.0,0.0,0.0,0.0,0.0,0.17804859894472969,0.0,0.0,0.0,0.0,0.0,0.0,0.0,3.0,1.0,0.0
Queue-nominal,0.45,1607,noG,41,41.0,0.0,0.0,0.0,0.0,0.0,0.17804859894472969,0.0,0.0,0.0,0.0,0.0,0.0,0.0,3.0,1.0,0.0
Queue-nominal,0.45,1607,noG,42,42.0,0.0,0.0,0.0,0.0,0.0,0.17804859894472969,0.0,0.0,0.0,0.0,0.0,0.0,0.0,3.0,1.0,0.0
Queue-nominal,0.45,1607,noG,43,43.0,0.0,0.0,0.0,0.0,0.0,0.17804859894472969,0.0,0.0,0.0,0.0,0.0,0.0,0.0,3.0,1.0,0.0
Queue-nominal,0.45,1607,noG,44,44.0,0.0,0.0,0.0,0.0,0.0,0.17804859894472969,0.0,0.0,0.0,0.0,0.0,0.0,0.0,3.0,1.0,0.0
Queue-nominal,0.45,1607,noG,45,45.0,0.0,0.0,0.0,0.0,0.0,0.17804859894472969,0.0,0.0,0.0,0.0,0.0,0.0,0.0,3.0,1.0,0.0
Queue-nominal,0.45,1607,noG,46,46.0,0.0,0.0,0.0,0.0,0.0,0.17804859894472969,0.0,0.0,0.0,0.0,0.0,0.0,0.0,3.0,1.0,0.0
Queue-nominal,0.45,1607,noG,47,47.0,0.0,0.0,0.0,0.0,0.0,0.17804859894472969,0.0,0.0,0.0,0.0,0.0,0.0,0.0,3.0,1.0,0.0
Queue-nominal,0.45,1607,noG,48,48.0,0.0,0.0,0.0,0.0,0.0,0.17804859894472969,0.0,0.0,0.0,0.0,0.0,0.0,0.0,3.0,1.0,0.0
Queue-nominal,0.45,1607,noG,49,49.0,0.0,0.0,0.0,0.0,0.0,0.17804859894472969,0.0,0.0,0.0,0.0,0.0,0.0,0.0,3.0,1.0,0.0
Queue-nominal,0.45,1607,noG,50,50.0,0.0,0.0,0.0,0.0,0.0,0.17804859894472969,0.0,0.0,0.0,0.0,0.0,0.0,0.0,3.0,1.0,0.0
Queue-nominal,0.45,1607,noG,51,51.0,0.0,0.0,0.0,0.0,0.0,0.17804859894472969,0.0,0.0,0.0,0.0,0.0,0.0,0.0,3.0,1.0,0.0
Queue-nominal,0.45,1607,noG,52,52.0,0.0,0.0,0.0,0.0,0.0,0.17804859894472969,0.0,0.0,0.0,0.0,0.0,0.0,0.0,3.0,1.0,0.0
Queue-nominal,0.45,1607,noG,53,53.0,0.0,0.0,0.0,0.0,0.0,0.17804859894472969,0.0,0.0,0.0,0.0,0.0,0.0,0.0,3.0,1.0,0.0
Queue-nominal,0.45,1607,noG,54,54.0,0.0,0.0,0.0,0.0,0.0,0.17804859894472969,0.0,0.0,0.0,0.0,0.0,0.0,0.0,3.0,1.0,0.0
Queue-nominal,0.45,1607,noG,55,55.0,0.0,0.0,0.0,0.0,0.0,0.17804859894472969,0.0,0.0,0.0,0.0,0.0,0.0,0.0,3.0,1.0,0.0
Queue-nominal,0.45,1607,noG,56,56.0,0.0,0.0,0.0,0.0,0.0,0.17804859894472969,0.0,0.0,0.0,0.0,0.0,0.0,0.0,3.0,1.0,0.0
Queue-nominal,0.45,1607,noG,57,57.0,0.0,0.0,0.0,0.0,0.0,0.17804859894472969,0.0,0.0,0.0,0.0,0.0,0.0,0.0,3.0,1.0,0.0
Queue-nominal,0.45,1607,noG,58,58.0,0.0,0.0,0.0,0.0,0.0,0.17804859894472969,0.0,0.0,0.0,0.0,0.0,0.0,0.0,3.0,1.0,0.0
Queue-nominal,0.45,1607,noG,59,59.0,0.0,0.0,0.0,0.0,0.0,0.17804859894472969,0.0,0.0,0.0,0.0,0.0,0.0,0.0,3.0,1.0,0.0
Queue-nominal,0.45,1607,noG,60,60.0,0.0,0.0,0.0,0.0,0.0,0.17804859894472969,0.0,0.0,0.0,0.0,0.0,0.0,0.0,3.0,1.0,0.0
Queue-nominal,0.45,1607,Minimax-PPO,1,1.0,0.0,0.16,0.0,,,,,,,,,,,,1.0,0.0
Queue-nominal,0.45,1607,Minimax-PPO,2,2.0,0.0,0.16,0.0,,,,,,,,,,,,1.0,0.0
Queue-nominal,0.45,1607,Minimax-PPO,3,3.0,0.0,0.16,0.0,,,,,,,,,,,,1.0,0.0
Queue-nominal,0.45,1607,Minimax-PPO,4,4.0,0.0,0.16,0.0,,,,,,,,,,,,1.0,0.0
Queue-nominal,0.45,1607,Minimax-PPO,5,5.0,0.0,0.16,0.0,,,,,,,,,,,,1.0,0.0
Queue-nominal,0.45,1607,Minimax-PPO,6,6.0,0.0,0.16,0.0,,,,,,,,,,,,1.0,0.0
Queue-nominal,0.45,1607,Minimax-PPO,7,7.0,0.0,0.16,0.0,,,,,,,,,,,,1.0,0.0
Queue-nominal,0.45,1607,Minimax-PPO,8,8.0,0.0,0.16,0.0,,,,,,,,,,,,1.0,0.0
Queue-nominal,0.45,1607,Minimax-PPO,9,9.0,0.0,0.16,0.0,,,,,,,,,,,,1.0,0.0
Queue-nominal,0.45,1607,Minimax-PPO,10,10.0,0.0,0.16,0.0,,,,,,,,,,,,1.0,0.0
Queue-nominal,0.45,1607,Minimax-PPO,11,11.0,0.0,0.16,0.0,,,,,,,,,,,,1.0,0.0
Queue-nominal,0.45,1607,Minimax-PPO,12,12.0,0.0,0.16,0.0,,,,,,,,,,,,1.0,0.0
Queue-nominal,0.45,1607,Minimax-PPO,13,13.0,0.0,0.16,0.0,,,,,,,,,,,,1.0,0.0
Queue-nominal,0.45,1607,Minimax-PPO,14,14.0,0.0,0.16,0.0,,,,,,,,,,,,1.0,0.0
Queue-nominal,0.45,1607,Minimax-PPO,15,15.0,0.0,0.16,0.0,,,,,,,,,,,,1.0,0.0
Queue-nominal,0.45,1607,Minimax-PPO,16,16.0,0.0,0.16,0.0,,,,,,,,,,,,1.0,0.0
Queue-nominal,0.45,1607,Minimax-PPO,17,17.0,0.0,0.16,0.0,,,,,,,,,,,,1.0,0.0
Queue-nominal,0.45,1607,Minimax-PPO,18,18.0,0.0,0.16,0.0,,,,,,,,,,,,1.0,0.0
Queue-nominal,0.45,1607,Minimax-PPO,19,19.0,0.0,0.16,0.0,,,,,,,,,,,,1.0,0.0
Queue-nominal,0.45,1607,Minimax-PPO,20,20.0,0.0,0.16,0.0,,,,,,,,,,,,1.0,0.0
Queue-nominal,0.45,1607,Minimax-PPO,21,21.0,0.0,0.16,0.0,,,,,,,,,,,,1.0,0.0
Queue-nominal,0.45,1607,Minimax-PPO,22,22.0,0.0,0.16,0.0,,,,,,,,,,,,1.0,0.0
Queue-nominal,0.45,1607,Minimax-PPO,23,23.0,0.0,0.16,0.0,,,,,,,,,,,,1.0,0.0
Queue-nominal,0.45,1607,Minimax-PPO,24,24.0,0.0,0.16,0.0,,,,,,,,,,,,1.0,0.0
Queue-nominal,0.45,1607,Minimax-PPO,25,25.0,0.0,0.16,0.0,,,,,,,,,,,,1.0,0.0
Queue-nominal,0.45,1607,Minimax-PPO,26,26.0,0.0,0.16,0.0,,,,,,,,,,,,1.0,0.0
Queue-nominal,0.45,1607,Minimax-PPO,27,27.0,0.0,0.16,0.0,,,,,,,,,,,,1.0,0.0
Queue-nominal,0.45,1607,Minimax-PPO,28,28.0,0.0,0.16,0.0,,,,,,,,,,,,1.0,0.0
Queue-nominal,0.45,1607,Minimax-PPO,29,29.0,0.0,0.16,0.0,,,,,,,,,,,,1.0,0.0
Queue-nominal,0.45,1607,Minimax-PPO,30,30.0,0.0,0.16,0.0,,,,,,,,,,,,1.0,0.0
Queue-nominal,0.45,1607,Minimax-PPO,31,31.0,0.0,0.16,0.0,,,,,,,,,,,,1.0,0.0
Queue-nominal,0.45,1607,Minimax-PPO,32,32.0,0.0,0.16,0.0,,,,,,,,,,,,1.0,0.0
Queue-nominal,0.45,1607,Minimax-PPO,33,33.0,0.0,0.16,0.0,,,,,,,,,,,,1.0,0.0
Queue-nominal,0.45,1607,Minimax-PPO,34,34.0,0.0,0.16,0.0,,,,,,,,,,,,1.0,0.0
Queue-nominal,0.45,1607,Minimax-PPO,35,35.0,0.0,0.16,0.0,,,,,,,,,,,,1.0,0.0
Queue-nominal,0.45,1607,Minimax-PPO,36,36.0,0.0,0.16,0.0,,,,,,,,,,,,1.0,0.0
Queue-nominal,0.45,1607,Minimax-PPO,37,37.0,0.0,0.16,0.0,,,,,,,,,,,,1.0,0.0
Queue-nominal,0.45,1607,Minimax-PPO,38,38.0,0.0,0.16,0.0,,,,,,,,,,,,1.0,0.0
Queue-nominal,0.45,1607,Minimax-PPO,39,39.0,0.0,0.16,0.0,,,,,,,,,,,,1.0,0.0
Queue-nominal,0.45,1607,Minimax-PPO,40,40.0,0.0,0.16,0.0,,,,,,,,,,,,1.0,0.0
Queue-nominal,0.45,1607,Minimax-PPO,41,41.0,0.0,0.16,0.0,,,,,,,,,,,,1.0,0.0
Queue-nominal,0.45,1607,Minimax-PPO,42,42.0,0.0,0.16,0.0,,,,,,,,,,,,1.0,0.0
Queue-nominal,0.45,1607,Minimax-PPO,43,43.0,0.0,0.16,0.0,,,,,,,,,,,,1.0,0.0
Queue-nominal,0.45,1607,Minimax-PPO,44,44.0,0.0,0.16,0.0,,,,,,,,,,,,1.0,0.0
Queue-nominal,0.45,1607,Minimax-PPO,45,45.0,0.0,0.16,0.0,,,,,,,,,,,,1.0,0.0
Queue-nominal,0.45,1607,Minimax-PPO,46,46.0,0.0,0.16,0.0,,,,,,,,,,,,1.0,0.0
Queue-nominal,0.45,1607,Minimax-PPO,47,47.0,0.0,0.16,0.0,,,,,,,,,,,,1.0,0.0
Queue-nominal,0.45,1607,Minimax-PPO,48,48.0,0.0,0.16,0.0,,,,,,,,,,,,1.0,0.0
Queue-nominal,0.45,1607,Minimax-PPO,49,49.0,0.0,0.16,0.0,,,,,,,,,,,,1.0,0.0
Queue-nominal,0.45,1607,Minimax-PPO,50,50.0,0.0,0.16,0.0,,,,,,,,,,,,1.0,0.0
Queue-nominal,0.45,1607,Minimax-PPO,51,51.0,0.0,0.16,0.0,,,,,,,,,,,,1.0,0.0
Queue-nominal,0.45,1607,Minimax-PPO,52,52.0,0.0,0.16,0.0,,,,,,,,,,,,1.0,0.0
Queue-nominal,0.45,1607,Minimax-PPO,53,53.0,0.0,0.16,0.0,,,,,,,,,,,,1.0,0.0
Queue-nominal,0.45,1607,Minimax-PPO,54,54.0,0.0,0.16,0.0,,,,,,,,,,,,1.0,0.0
Queue-nominal,0.45,1607,Minimax-PPO,55,55.0,0.0,0.16,0.0,,,,,,,,,,,,1.0,0.0
Queue-nominal,0.45,1607,Minimax-PPO,56,56.0,0.0,0.16,0.0,,,,,,,,,,,,1.0,0.0
Queue-nominal,0.45,1607,Minimax-PPO,57,57.0,0.0,0.16,0.0,,,,,,,,,,,,1.0,0.0
Queue-nominal,0.45,1607,Minimax-PPO,58,58.0,0.0,0.16,0.0,,,,,,,,,,,,1.0,0.0
Queue-nominal,0.45,1607,Minimax-PPO,59,59.0,0.0,0.16,0.0,,,,,,,,,,,,1.0,0.0
Queue-nominal,0.45,1607,Minimax-PPO,60,60.0,0.0,0.16,0.0,,,,,,,,,,,,1.0,0.0
Queue-nominal,0.45,1607,GDA,1,1.0,0.0,0.16,0.0,,,,,,,,,,,,1.0,0.0
Queue-nominal,0.45,1607,GDA,2,2.0,0.0,0.16,0.0,,,,,,,,,,,,1.0,0.0
Queue-nominal,0.45,1607,GDA,3,3.0,0.0,0.16,0.0,,,,,,,,,,,,1.0,0.0
Queue-nominal,0.45,1607,GDA,4,4.0,0.0,0.16,0.0,,,,,,,,,,,,1.0,0.0
Queue-nominal,0.45,1607,GDA,5,5.0,0.0,0.16,0.0,,,,,,,,,,,,1.0,0.0
Queue-nominal,0.45,1607,GDA,6,6.0,0.0,0.16,0.0,,,,,,,,,,,,1.0,0.0
Queue-nominal,0.45,1607,GDA,7,7.0,0.0,0.16,0.0,,,,,,,,,,,,1.0,0.0
Queue-nominal,0.45,1607,GDA,8,8.0,0.0,0.16,0.0,,,,,,,,,,,,1.0,0.0
Queue-nominal,0.45,1607,GDA,9,9.0,0.0,0.16,0.0,,,,,,,,,,,,1.0,0.0
Queue-nominal,0.45,1607,GDA,10,10.0,0.0,0.16,0.0,,,,,,,,,,,,1.0,0.0
Queue-nominal,0.45,1607,GDA,11,11.0,0.0,0.16,0.0,,,,,,,,,,,,1.0,0.0
Queue-nominal,0.45,1607,GDA,12,12.0,0.0,0.16,0.0,,,,,,,,,,,,1.0,0.0
Queue-nominal,0.45,1607,GDA,13,13.0,0.0,0.16,0.0,,,,,,,,,,,,1.0,0.0
Queue-nominal,0.45,1607,GDA,14,14.0,0.0,0.16,0.0,,,,,,,,,,,,1.0,0.0
Queue-nominal,0.45,1607,GDA,15,15.0,0.0,0.16,0.0,,,,,,,,,,,,1.0,0.0
Queue-nominal,0.45,1607,GDA,16,16.0,0.0,0.16,0.0,,,,,,,,,,,,1.0,0.0
Queue-nominal,0.45,1607,GDA,17,17.0,0.0,0.16,0.0,,,,,,,,,,,,1.0,0.0
Queue-nominal,0.45,1607,GDA,18,18.0,0.0,0.16,0.0,,,,,,,,,,,,1.0,0.0
Queue-nominal,0.45,1607,GDA,19,19.0,0.0,0.16,0.0,,,,,,,,,,,,1.0,0.0
Queue-nominal,0.45,1607,GDA,20,20.0,0.0,0.16,0.0,,,,,,,,,,,,1.0,0.0
Queue-nominal,0.45,1607,GDA,21,21.0,0.0,0.16,0.0,,,,,,,,,,,,1.0,0.0
Queue-nominal,0.45,1607,GDA,22,22.0,0.0,0.16,0.0,,,,,,,,,,,,1.0,0.0
Queue-nominal,0.45,1607,GDA,23,23.0,0.0,0.16,0.0,,,,,,,,,,,,1.0,0.0
Queue-nominal,0.45,1607,GDA,24,24.0,0.0,0.16,0.0,,,,,,,,,,,,1.0,0.0
Queue-nominal,0.45,1607,GDA,25,25.0,0.0,0.16,0.0,,,,,,,,,,,,1.0,0.0
Queue-nominal,0.45,1607,GDA,26,26.0,0.0,0.16,0.0,,,,,,,,,,,,1.0,0.0
Queue-nominal,0.45,1607,GDA,27,27.0,0.0,0.16,0.0,,,,,,,,,,,,1.0,0.0
Queue-nominal,0.45,1607,GDA,28,28.0,0.0,0.16,0.0,,,,,,,,,,,,1.0,0.0
Queue-nominal,0.45,1607,GDA,29,29.0,0.0,0.16,0.0,,,,,,,,,,,,1.0,0.0
Queue-nominal,0.45,1607,GDA,30,30.0,0.0,0.16,0.0,,,,,,,,,,,,1.0,0.0
Queue-nominal,0.45,1607,GDA,31,31.0,0.0,0.16,0.0,,,,,,,,,,,,1.0,0.0
Queue-nominal,0.45,1607,GDA,32,32.0,0.0,0.16,0.0,,,,,,,,,,,,1.0,0.0
Queue-nominal,0.45,1607,GDA,33,33.0,0.0,0.16,0.0,,,,,,,,,,,,1.0,0.0
Queue-nominal,0.45,1607,GDA,34,34.0,0.0,0.16,0.0,,,,,,,,,,,,1.0,0.0
Queue-nominal,0.45,1607,GDA,35,35.0,0.0,0.16,0.0,,,,,,,,,,,,1.0,0.0
Queue-nominal,0.45,1607,GDA,36,36.0,0.0,0.16,0.0,,,,,,,,,,,,1.0,0.0
Queue-nominal,0.45,1607,GDA,37,37.0,0.0,0.16,0.0,,,,,,,,,,,,1.0,0.0
Queue-nominal,0.45,1607,GDA,38,38.0,0.0,0.16,0.0,,,,,,,,,,,,1.0,0.0
Queue-nominal,0.45,1607,GDA,39,39.0,0.0,0.16,0.0,,,,,,,,,,,,1.0,0.0
Queue-nominal,0.45,1607,GDA,40,40.0,0.0,0.16,0.0,,,,,,,,,,,,1.0,0.0
Queue-nominal,0.45,1607,GDA,41,41.0,0.0,0.16,0.0,,,,,,,,,,,,1.0,0.0
Queue-nominal,0.45,1607,GDA,42,42.0,0.0,0.16,0.0,,,,,,,,,,,,1.0,0.0
Queue-nominal,0.45,1607,GDA,43,43.0,0.0,0.16,0.0,,,,,,,,,,,,1.0,0.0
Queue-nominal,0.45,1607,GDA,44,44.0,0.0,0.16,0.0,,,,,,,,,,,,1.0,0.0
Queue-nominal,0.45,1607,GDA,45,45.0,0.0,0.16,0.0,,,,,,,,,,,,1.0,0.0
Queue-nominal,0.45,1607,GDA,46,46.0,0.0,0.16,0.0,,,,,,,,,,,,1.0,0.0
Queue-nominal,0.45,1607,GDA,47,47.0,0.0,0.16,0.0,,,,,,,,,,,,1.0,0.0
Queue-nominal,0.45,1607,GDA,48,48.0,0.0,0.16,0.0,,,,,,,,,,,,1.0,0.0
Queue-nominal,0.45,1607,GDA,49,49.0,0.0,0.16,0.0,,,,,,,,,,,,1.0,0.0
Queue-nominal,0.45,1607,GDA,50,50.0,0.0,0.16,0.0,,,,,,,,,,,,1.0,0.0
Queue-nominal,0.45,1607,GDA,51,51.0,0.0,0.16,0.0,,,,,,,,,,,,1.0,0.0
Queue-nominal,0.45,1607,GDA,52,52.0,0.0,0.16,0.0,,,,,,,,,,,,1.0,0.0
Queue-nominal,0.45,1607,GDA,53,53.0,0.0,0.16,0.0,,,,,,,,,,,,1.0,0.0
Queue-nominal,0.45,1607,GDA,54,54.0,0.0,0.16,0.0,,,,,,,,,,,,1.0,0.0
Queue-nominal,0.45,1607,GDA,55,55.0,0.0,0.16,0.0,,,,,,,,,,,,1.0,0.0
Queue-nominal,0.45,1607,GDA,56,56.0,0.0,0.16,0.0,,,,,,,,,,,,1.0,0.0
Queue-nominal,0.45,1607,GDA,57,57.0,0.0,0.16,0.0,,,,,,,,,,,,1.0,0.0
Queue-nominal,0.45,1607,GDA,58,58.0,0.0,0.16,0.0,,,,,,,,,,,,1.0,0.0
Queue-nominal,0.45,1607,GDA,59,59.0,0.0,0.16,0.0,,,,,,,,,,,,1.0,0.0
Queue-nominal,0.45,1607,GDA,60,60.0,0.0,0.16,0.0,,,,,,,,,,,,1.0,0.0
Queue-nominal,0.45,1607,EGM,1,1.0,0.0,0.16,0.0,,,,,,,,,,,,1.0,0.0
Queue-nominal,0.45,1607,EGM,2,2.0,0.0,0.16,0.0,,,,,,,,,,,,1.0,0.0
Queue-nominal,0.45,1607,EGM,3,3.0,0.0,0.16,0.0,,,,,,,,,,,,1.0,0.0
Queue-nominal,0.45,1607,EGM,4,4.0,0.0,0.16,0.0,,,,,,,,,,,,1.0,0.0
Queue-nominal,0.45,1607,EGM,5,5.0,0.0,0.16,0.0,,,,,,,,,,,,1.0,0.0
Queue-nominal,0.45,1607,EGM,6,6.0,0.0,0.16,0.0,,,,,,,,,,,,1.0,0.0
Queue-nominal,0.45,1607,EGM,7,7.0,0.0,0.16,0.0,,,,,,,,,,,,1.0,0.0
Queue-nominal,0.45,1607,EGM,8,8.0,0.0,0.16,0.0,,,,,,,,,,,,1.0,0.0
Queue-nominal,0.45,1607,EGM,9,9.0,0.0,0.16,0.0,,,,,,,,,,,,1.0,0.0
Queue-nominal,0.45,1607,EGM,10,10.0,0.0,0.16,0.0,,,,,,,,,,,,1.0,0.0
Queue-nominal,0.45,1607,EGM,11,11.0,0.0,0.16,0.0,,,,,,,,,,,,1.0,0.0
Queue-nominal,0.45,1607,EGM,12,12.0,0.0,0.16,0.0,,,,,,,,,,,,1.0,0.0
Queue-nominal,0.45,1607,EGM,13,13.0,0.0,0.16,0.0,,,,,,,,,,,,1.0,0.0
Queue-nominal,0.45,1607,EGM,14,14.0,0.0,0.16,0.0,,,,,,,,,,,,1.0,0.0
Queue-nominal,0.45,1607,EGM,15,15.0,0.0,0.16,0.0,,,,,,,,,,,,1.0,0.0
Queue-nominal,0.45,1607,EGM,16,16.0,0.0,0.16,0.0,,,,,,,,,,,,1.0,0.0
Queue-nominal,0.45,1607,EGM,17,17.0,0.0,0.16,0.0,,,,,,,,,,,,1.0,0.0
Queue-nominal,0.45,1607,EGM,18,18.0,0.0,0.16,0.0,,,,,,,,,,,,1.0,0.0
Queue-nominal,0.45,1607,EGM,19,19.0,0.0,0.16,0.0,,,,,,,,,,,,1.0,0.0
Queue-nominal,0.45,1607,EGM,20,20.0,0.0,0.16,0.0,,,,,,,,,,,,1.0,0.0
Queue-nominal,0.45,1607,EGM,21,21.0,0.0,0.16,0.0,,,,,,,,,,,,1.0,0.0
Queue-nominal,0.45,1607,EGM,22,22.0,0.0,0.16,0.0,,,,,,,,,,,,1.0,0.0
Queue-nominal,0.45,1607,EGM,23,23.0,0.0,0.16,0.0,,,,,,,,,,,,1.0,0.0
Queue-nominal,0.45,1607,EGM,24,24.0,0.0,0.16,0.0,,,,,,,,,,,,1.0,0.0
Queue-nominal,0.45,1607,EGM,25,25.0,0.0,0.16,0.0,,,,,,,,,,,,1.0,0.0
Queue-nominal,0.45,1607,EGM,26,26.0,0.0,0.16,0.0,,,,,,,,,,,,1.0,0.0
Queue-nominal,0.45,1607,EGM,27,27.0,0.0,0.16,0.0,,,,,,,,,,,,1.0,0.0
Queue-nominal,0.45,1607,EGM,28,28.0,0.0,0.16,0.0,,,,,,,,,,,,1.0,0.0
Queue-nominal,0.45,1607,EGM,29,29.0,0.0,0.16,0.0,,,,,,,,,,,,1.0,0.0
Queue-nominal,0.45,1607,EGM,30,30.0,0.0,0.16,0.0,,,,,,,,,,,,1.0,0.0
Queue-nominal,0.45,1607,EGM,31,31.0,0.0,0.16,0.0,,,,,,,,,,,,1.0,0.0
Queue-nominal,0.45,1607,EGM,32,32.0,0.0,0.16,0.0,,,,,,,,,,,,1.0,0.0
Queue-nominal,0.45,1607,EGM,33,33.0,0.0,0.16,0.0,,,,,,,,,,,,1.0,0.0
Queue-nominal,0.45,1607,EGM,34,34.0,0.0,0.16,0.0,,,,,,,,,,,,1.0,0.0
Queue-nominal,0.45,1607,EGM,35,35.0,0.0,0.16,0.0,,,,,,,,,,,,1.0,0.0
Queue-nominal,0.45,1607,EGM,36,36.0,0.0,0.16,0.0,,,,,,,,,,,,1.0,0.0
Queue-nominal,0.45,1607,EGM,37,37.0,0.0,0.16,0.0,,,,,,,,,,,,1.0,0.0
Queue-nominal,0.45,1607,EGM,38,38.0,0.0,0.16,0.0,,,,,,,,,,,,1.0,0.0
Queue-nominal,0.45,1607,EGM,39,39.0,0.0,0.16,0.0,,,,,,,,,,,,1.0,0.0
Queue-nominal,0.45,1607,EGM,40,40.0,0.0,0.16,0.0,,,,,,,,,,,,1.0,0.0
Queue-nominal,0.45,1607,EGM,41,41.0,0.0,0.16,0.0,,,,,,,,,,,,1.0,0.0
Queue-nominal,0.45,1607,EGM,42,42.0,0.0,0.16,0.0,,,,,,,,,,,,1.0,0.0
Queue-nominal,0.45,1607,EGM,43,43.0,0.0,0.16,0.0,,,,,,,,,,,,1.0,0.0
Queue-nominal,0.45,1607,EGM,44,44.0,0.0,0.16,0.0,,,,,,,,,,,,1.0,0.0
Queue-nominal,0.45,1607,EGM,45,45.0,0.0,0.16,0.0,,,,,,,,,,,,1.0,0.0
Queue-nominal,0.45,1607,EGM,46,46.0,0.0,0.16,0.0,,,,,,,,,,,,1.0,0.0
Queue-nominal,0.45,1607,EGM,47,47.0,0.0,0.16,0.0,,,,,,,,,,,,1.0,0.0
Queue-nominal,0.45,1607,EGM,48,48.0,0.0,0.16,0.0,,,,,,,,,,,,1.0,0.0
Queue-nominal,0.45,1607,EGM,49,49.0,0.0,0.16,0.0,,,,,,,,,,,,1.0,0.0
Queue-nominal,0.45,1607,EGM,50,50.0,0.0,0.16,0.0,,,,,,,,,,,,1.0,0.0
Queue-nominal,0.45,1607,EGM,51,51.0,0.0,0.16,0.0,,,,,,,,,,,,1.0,0.0
Queue-nominal,0.45,1607,EGM,52,52.0,0.0,0.16,0.0,,,,,,,,,,,,1.0,0.0
Queue-nominal,0.45,1607,EGM,53,53.0,0.0,0.16,0.0,,,,,,,,,,,,1.0,0.0
Queue-nominal,0.45,1607,EGM,54,54.0,0.0,0.16,0.0,,,,,,,,,,,,1.0,0.0
Queue-nominal,0.45,1607,EGM,55,55.0,0.0,0.16,0.0,,,,,,,,,,,,1.0,0.0
Queue-nominal,0.45,1607,EGM,56,56.0,0.0,0.16,0.0,,,,,,,,,,,,1.0,0.0
Queue-nominal,0.45,1607,EGM,57,57.0,0.0,0.16,0.0,,,,,,,,,,,,1.0,0.0
Queue-nominal,0.45,1607,EGM,58,58.0,0.0,0.16,0.0,,,,,,,,,,,,1.0,0.0
Queue-nominal,0.45,1607,EGM,59,59.0,0.0,0.16,0.0,,,,,,,,,,,,1.0,0.0
Queue-nominal,0.45,1607,EGM,60,60.0,0.0,0.16,0.0,,,,,,,,,,,,1.0,0.0
Queue-nominal,0.45,1607,PPM-3,1,3.0,0.0,0.16,0.0,,,,,,,,,,,,3.0,0.0
Queue-nominal,0.45,1607,PPM-3,2,6.0,0.0,0.16,0.0,,,,,,,,,,,,3.0,0.0
Queue-nominal,0.45,1607,PPM-3,3,9.0,0.0,0.16,0.0,,,,,,,,,,,,3.0,0.0
Queue-nominal,0.45,1607,PPM-3,4,12.0,0.0,0.16,0.0,,,,,,,,,,,,3.0,0.0
Queue-nominal,0.45,1607,PPM-3,5,15.0,0.0,0.16,0.0,,,,,,,,,,,,3.0,0.0
Queue-nominal,0.45,1607,PPM-3,6,18.0,0.0,0.16,0.0,,,,,,,,,,,,3.0,0.0
Queue-nominal,0.45,1607,PPM-3,7,21.0,0.0,0.16,0.0,,,,,,,,,,,,3.0,0.0
Queue-nominal,0.45,1607,PPM-3,8,24.0,0.0,0.16,0.0,,,,,,,,,,,,3.0,0.0
Queue-nominal,0.45,1607,PPM-3,9,27.0,0.0,0.16,0.0,,,,,,,,,,,,3.0,0.0
Queue-nominal,0.45,1607,PPM-3,10,30.0,0.0,0.16,0.0,,,,,,,,,,,,3.0,0.0
Queue-nominal,0.45,1607,PPM-3,11,33.0,0.0,0.16,0.0,,,,,,,,,,,,3.0,0.0
Queue-nominal,0.45,1607,PPM-3,12,36.0,0.0,0.16,0.0,,,,,,,,,,,,3.0,0.0
Queue-nominal,0.45,1607,PPM-3,13,39.0,0.0,0.16,0.0,,,,,,,,,,,,3.0,0.0
Queue-nominal,0.45,1607,PPM-3,14,42.0,0.0,0.16,0.0,,,,,,,,,,,,3.0,0.0
Queue-nominal,0.45,1607,PPM-3,15,45.0,0.0,0.16,0.0,,,,,,,,,,,,3.0,0.0
Queue-nominal,0.45,1607,PPM-3,16,48.0,0.0,0.16,0.0,,,,,,,,,,,,3.0,0.0
Queue-nominal,0.45,1607,PPM-3,17,51.0,0.0,0.16,0.0,,,,,,,,,,,,3.0,0.0
Queue-nominal,0.45,1607,PPM-3,18,54.0,0.0,0.16,0.0,,,,,,,,,,,,3.0,0.0
Queue-nominal,0.45,1607,PPM-3,19,57.0,0.0,0.16,0.0,,,,,,,,,,,,3.0,0.0
Queue-nominal,0.45,1607,PPM-3,20,60.0,0.0,0.16,0.0,,,,,,,,,,,,3.0,0.0
Queue-nominal,0.45,1607,PPM-3,21,63.0,0.0,0.16,0.0,,,,,,,,,,,,3.0,0.0
Queue-nominal,0.45,1607,PPM-3,22,66.0,0.0,0.16,0.0,,,,,,,,,,,,3.0,0.0
Queue-nominal,0.45,1607,PPM-3,23,69.0,0.0,0.16,0.0,,,,,,,,,,,,3.0,0.0
Queue-nominal,0.45,1607,PPM-3,24,72.0,0.0,0.16,0.0,,,,,,,,,,,,3.0,0.0
Queue-nominal,0.45,1607,PPM-3,25,75.0,0.0,0.16,0.0,,,,,,,,,,,,3.0,0.0
Queue-nominal,0.45,1607,PPM-3,26,78.0,0.0,0.16,0.0,,,,,,,,,,,,3.0,0.0
Queue-nominal,0.45,1607,PPM-3,27,81.0,0.0,0.16,0.0,,,,,,,,,,,,3.0,0.0
Queue-nominal,0.45,1607,PPM-3,28,84.0,0.0,0.16,0.0,,,,,,,,,,,,3.0,0.0
Queue-nominal,0.45,1607,PPM-3,29,87.0,0.0,0.16,0.0,,,,,,,,,,,,3.0,0.0
Queue-nominal,0.45,1607,PPM-3,30,90.0,0.0,0.16,0.0,,,,,,,,,,,,3.0,0.0
Queue-nominal,0.45,1607,PPM-3,31,93.0,0.0,0.16,0.0,,,,,,,,,,,,3.0,0.0
Queue-nominal,0.45,1607,PPM-3,32,96.0,0.0,0.16,0.0,,,,,,,,,,,,3.0,0.0
Queue-nominal,0.45,1607,PPM-3,33,99.0,0.0,0.16,0.0,,,,,,,,,,,,3.0,0.0
Queue-nominal,0.45,1607,PPM-3,34,102.0,0.0,0.16,0.0,,,,,,,,,,,,3.0,0.0
Queue-nominal,0.45,1607,PPM-3,35,105.0,0.0,0.16,0.0,,,,,,,,,,,,3.0,0.0
Queue-nominal,0.45,1607,PPM-3,36,108.0,0.0,0.16,0.0,,,,,,,,,,,,3.0,0.0
Queue-nominal,0.45,1607,PPM-3,37,111.0,0.0,0.16,0.0,,,,,,,,,,,,3.0,0.0
Queue-nominal,0.45,1607,PPM-3,38,114.0,0.0,0.16,0.0,,,,,,,,,,,,3.0,0.0
Queue-nominal,0.45,1607,PPM-3,39,117.0,0.0,0.16,0.0,,,,,,,,,,,,3.0,0.0
Queue-nominal,0.45,1607,PPM-3,40,120.0,0.0,0.16,0.0,,,,,,,,,,,,3.0,0.0
Queue-nominal,0.45,1607,PPM-3,41,123.0,0.0,0.16,0.0,,,,,,,,,,,,3.0,0.0
Queue-nominal,0.45,1607,PPM-3,42,126.0,0.0,0.16,0.0,,,,,,,,,,,,3.0,0.0
Queue-nominal,0.45,1607,PPM-3,43,129.0,0.0,0.16,0.0,,,,,,,,,,,,3.0,0.0
Queue-nominal,0.45,1607,PPM-3,44,132.0,0.0,0.16,0.0,,,,,,,,,,,,3.0,0.0
Queue-nominal,0.45,1607,PPM-3,45,135.0,0.0,0.16,0.0,,,,,,,,,,,,3.0,0.0
Queue-nominal,0.45,1607,PPM-3,46,138.0,0.0,0.16,0.0,,,,,,,,,,,,3.0,0.0
Queue-nominal,0.45,1607,PPM-3,47,141.0,0.0,0.16,0.0,,,,,,,,,,,,3.0,0.0
Queue-nominal,0.45,1607,PPM-3,48,144.0,0.0,0.16,0.0,,,,,,,,,,,,3.0,0.0
Queue-nominal,0.45,1607,PPM-3,49,147.0,0.0,0.16,0.0,,,,,,,,,,,,3.0,0.0
Queue-nominal,0.45,1607,PPM-3,50,150.0,0.0,0.16,0.0,,,,,,,,,,,,3.0,0.0
Queue-nominal,0.45,1607,PPM-3,51,153.0,0.0,0.16,0.0,,,,,,,,,,,,3.0,0.0
Queue-nominal,0.45,1607,PPM-3,52,156.0,0.0,0.16,0.0,,,,,,,,,,,,3.0,0.0
Queue-nominal,0.45,1607,PPM-3,53,159.0,0.0,0.16,0.0,,,,,,,,,,,,3.0,0.0
Queue-nominal,0.45,1607,PPM-3,54,162.0,0.0,0.16,0.0,,,,,,,,,,,,3.0,0.0
Queue-nominal,0.45,1607,PPM-3,55,165.0,0.0,0.16,0.0,,,,,,,,,,,,3.0,0.0
Queue-nominal,0.45,1607,PPM-3,56,168.0,0.0,0.16,0.0,,,,,,,,,,,,3.0,0.0
Queue-nominal,0.45,1607,PPM-3,57,171.0,0.0,0.16,0.0,,,,,,,,,,,,3.0,0.0
Queue-nominal,0.45,1607,PPM-3,58,174.0,0.0,0.16,0.0,,,,,,,,,,,,3.0,0.0
Queue-nominal,0.45,1607,PPM-3,59,177.0,0.0,0.16,0.0,,,,,,,,,,,,3.0,0.0
Queue-nominal,0.45,1607,PPM-3,60,180.0,0.0,0.16,0.0,,,,,,,,,,,,3.0,0.0
Queue-nominal,0.45,1608,QP+G,1,1.0,1.0,0.24,1.3135997996658286,0.18270404735221063,0.11739855405368298,0.1917568465192403,0.03503475196656187,1.0,0.0,0.0,-0.058178180254770104,-0.05717806659399649,0.0010001136607736133,5.0,1.0,1.0
Queue-nominal,0.45,1608,QP+G,2,2.0,2.0,0.24,1.3141238108881923,0.1826311935081584,0.13206455071107115,0.18910419379021692,0.03453632460930539,1.0,0.0,0.0,-0.05638077933470837,-0.05568394895942008,0.000696830375288289,5.0,1.0,1.0
Queue-nominal,0.45,1608,QP+G,3,3.0,3.0,0.24,1.3222208781432156,0.18151278955527467,0.148507377101978,0.18626317180603746,0.03380914790592725,1.0,0.0,0.0,-0.05487545084623054,-0.05434447042871371,0.000530980417516834,5.0,1.0,1.0
Queue-nominal,0.45,1608,QP+G,4,4.0,4.0,0.24,0.0,0.17974061535957156,0.16642818499088372,0.18322551396023085,0.03293306662878566,0.0,1.0,0.0,-0.053061222152601825,-0.027689541232147175,0.02537168092045465,5.0,1.0,1.0
Queue-nominal,0.45,1608,QP+G,5,5.0,5.0,0.24,0.0,0.18030163771953192,0.1855009394533309,0.1818762399629016,0.032792583927581734,0.0,1.0,0.0,-0.05259573396629606,-0.027639428752952,0.024956305213344063,5.0,1.0,1.0
Queue-nominal,0.45,1608,QP+G,6,6.0,6.0,0.24,0.0,0.1806473277624377,0.20176274295209004,0.18039575954741396,0.03258801190191559,0.0,1.0,0.0,-0.051876996553624426,-0.02729363340985369,0.024583363143770735,5.0,1.0,1.0
Queue-nominal,0.45,1608,QP+G,7,7.0,7.0,0.24,0.0,0.18076687392437116,0.21533657206607051,0.17881016681801024,0.032322954881587034,0.0,1.0,0.0,-0.050869066555262896,-0.026581047630767962,0.024288018924494933,5.0,1.0,1.0
Queue-nominal,0.45,1608,QP+G,8,8.0,8.0,0.24,0.0,0.18065535468360433,0.22635549957735396,0.17714448088011686,0.03200209902364048,0.0,1.0,0.0,-0.04961218647079773,-0.025493480482377873,0.024118705988419857,5.0,1.0,1.0
Queue-nominal,0.45,1608,QP+G,9,9.0,9.0,0.24,0.0,0.1803040785775656,0.23496787542867476,0.17542230710708429,0.03162935744489357,0.0,1.0,0.0,-0.04823303982817759,-0.02411328684980729,0.024119752978370296,5.0,1.0,1.0
Queue-nominal,0.45,1608,QP+G,10,10.0,10.0,0.24,0.0,0.17969479649742423,0.24135577386599397,0.1736655563815798,0.031206796812599934,0.0,1.0,0.0,-0.04692380171525868,-0.022616665834223504,0.024307135881035176,5.0,1.0,1.0
Queue-nominal,0.45,1608,QP+G,11,11.0,11.0,0.24,1.3422821902208657,0.17879995856944894,0.24575426248849466,0.1718941244513154,0.030734662330226897,1.0,0.0,0.0,-0.04584491894833737,-0.04629957750998992,-0.00045465856165254753,5.0,1.0,1.0
Queue-nominal,0.45,1608,QP+G,12,12.0,12.0,0.24,1.3732112202252142,0.1747728218828846,0.2527454602485074,0.16825396129827727,0.029406219609073574,1.0,0.0,0.0,-0.04345577301299292,-0.04400161052349105,-0.0005458375104981303,5.0,1.0,1.0
Queue-nominal,0.45,1608,QP+G,13,13.0,13.0,0.24,1.4051279564735006,0.1708029499337103,0.26078493353740084,0.1646736466930463,0.028126744631513885,1.0,0.0,0.0,-0.04137479148771073,-0.04197683027173671,-0.0006020387840259822,5.0,1.0,1.0
Queue-nominal,0.45,1608,QP+G,14,14.0,14.0,0.24,1.4373163774509021,0.16697785105993354,0.26958443762413703,0.16116339484794254,0.02691071734123301,1.0,0.0,0.0,-0.03944686883153796,-0.04007316893535773,-0.0006263001038197685,5.0,1.0,1.0
Queue-nominal,0.45,1608,QP+G,15,15.0,15.0,0.24,1.4694217994314103,0.16332954914161985,0.2788827355075567,0.15773877254796673,0.025763402602411927,1.0,0.0,0.0,-0.03755815985920029,-0.03819173371289297,-0.0006335738536926844,5.0,1.0,1.0
Queue-nominal,0.45,1608,QP+G,16,16.0,16.0,0.24,1.5013929167566562,0.15985156005561396,0.28856652961714513,0.1544162518235312,0.024683678751932003,1.0,0.0,0.0,-0.03566823059988726,-0.03630319046222086,-0.0006349598623335978,5.0,1.0,1.0
Queue-nominal,0.45,1608,QP+G,17,17.0,17.0,0.24,0.0,0.15652052848823128,0.29868888862001625,0.15120959414909357,0.02366740558870709,0.0,1.0,0.0,-0.033783973336423,-0.018237234835415617,0.015546738501007386,5.0,1.0,1.0
Queue-nominal,0.45,1608,QP+G,18,18.0,18.0,0.24,1.5508175118857876,0.15475708660792784,0.30066808813937357,0.14955257452491558,0.02314432072819094,1.0,0.0,0.0,-0.033552748215221986,-0.03412293900892127,-0.000570190793699285,5.0,1.0,1.0
Queue-nominal,0.45,1608,QP+G,19,19.0,19.0,0.24,1.5836004120243232,0.1515533831499873,0.3111260646126008,0.14649608734907166,0.022201977655987862,1.0,0.0,0.0,-0.031717135701805385,-0.03230318789368969,-0.0005860521918843037,5.0,1.0,1.0
Queue-nominal,0.45,1608,QP+G,20,20.0,20.0,0.24,1.6,0.1484668457468623,0.32257596051478377,0.14356691086503764,0.021314926409753073,1.0,0.0,0.0,-0.02984441356982703,-0.03044087197004597,-0.000596458400218939,5.0,1.0,1.0
Queue-nominal,0.45,1608,QP+G,21,21.0,21.0,0.24,1.6,0.14551256153615005,0.33506934363512975,0.14077572537090732,0.020484636400830314,1.0,0.0,0.0,-0.02801355597021615,-0.028607153428681364,-0.000593597458465215,5.0,1.0,1.0
Queue-nominal,0.45,1608,QP+G,22,22.0,22.0,0.24,1.6,0.14270982950644384,0.3485234523453394,0.13812587300519485,0.01971191978700007,1.0,0.0,0.0,-0.026348179069403344,-0.02692202163616564,-0.0005738425667622948,5.0,1.0,1.0
Queue-nominal,0.45,1608,QP+G,23,23.0,23.0,0.24,1.6,0.1400693628384235,0.3628613966066145,0.1356062364392075,0.0189942791349564,1.0,0.0,0.0,-0.02477650551951527,-0.025304750125695996,-0.0005282446061807278,5.0,1.0,1.0
Queue-nominal,0.45,1608,QP+G,24,24.0,24.0,0.24,0.0,0.13760219299449336,0.3779308793142878,0.13320641775481007,0.018329495204002483,0.0,1.0,0.0,-0.023186041445745428,-0.016876951768074022,0.0063090896776714055,5.0,1.0,1.0
Queue-nominal,0.45,1608,QP+G,25,25.0,25.0,0.24,1.6,0.13578199642001235,0.3795407153652815,0.13157355908002033,0.017865320527971604,1.0,0.0,0.0,-0.022716914132781874,-0.023017535636578046,-0.00030062150379617236,5.0,1.0,1.0
Queue-nominal,0.45,1608,QP+G,26,26.0,26.0,0.24,1.6,0.13359929529254855,0.39500344115215164,0.12929879892419882,0.017274228418445895,1.0,0.0,0.0,-0.020584571945708063,-0.02073302779030639,-0.0001484558445983275,5.0,1.0,1.0
Queue-nominal,0.45,1608,QP+G,27,27.0,27.0,0.24,0.0,0.13160611083706172,0.41066894942322424,0.12712026238365026,0.016729803340899043,0.0,1.0,0.0,-0.018142674751493892,-0.0144279339391431,0.003714740812350792,5.0,1.0,1.0
Queue-nominal,0.45,1608,QP+G,28,28.0,28.0,0.24,1.6,0.1299120740306057,0.4122936774435073,0.12549794585631668,0.01630369843277476,1.0,0.0,0.0,-0.01740499648858851,-0.017747870453791892,-0.000342873965203383,5.0,1.0,1.0
Queue-nominal,0.45,1608,QP+G,29,29.0,29.0,0.24,1.6,0.12823153595414066,0.427528267077938,0.12341918887917502,0.01582623215619081,1.0,0.0,0.0,-0.016073101670007972,-0.016441923457031216,-0.00036882178702324353,5.0,1.0,1.0
Queue-nominal,0.45,1608,QP+G,30,30.0,30.0,0.24,1.6,0.12672957025553222,0.44237826744270076,0.12142132757325459,0.015387672663214759,1.0,0.0,0.0,-0.015039587967530466,-0.015417500026217557,-0.000377912058687091,5.0,1.0,1.0
Queue-nominal,0.45,1608,QP+G,31,31.0,31.0,0.24,0.0,0.125398340280222,0.4566387364004564,0.11950086971030935,0.014985210723715846,0.0,1.0,0.0,-0.014179602381013012,-0.012739151379933755,0.001440451001079257,5.0,1.0,1.0
Queue-nominal,0.45,1608,QP+G,32,32.0,32.0,0.24,1.6,0.12405403698399589,0.4570882787538354,0.11788213177891027,0.014623754335453211,1.0,0.0,0.0,-0.014067377013649462,-0.014345661371111929,-0.00027828435746246605,5.0,1.0,1.0
Queue-nominal,0.45,1608,QP+G,33,33.0,33.0,0.24,0.0,0.12300984688645589,0.46976647487894024,0.11604194308165201,0.014274301650880844,0.0,1.0,0.0,-0.01310649414513021,-0.011839357626157065,0.0012671365189731443,5.0,1.0,1.0
Queue-nominal,0.45,1608,QP+G,34,34.0,34.0,0.24,1.6,0.12184988073816398,0.4693405701633171,0.11445554129908178,0.013946394057115117,1.0,0.0,0.0,-0.012864510515716354,-0.013092899161091465,-0.0002283886453751105,5.0,1.0,1.0
Queue-nominal,0.45,1608,QP+G,35,35.0,35.0,0.24,0.0,0.12107597944569533,0.47998224417923485,0.11269207535583604,0.013644303399475954,0.0,1.0,0.0,-0.011974995424873569,-0.010871310815878443,0.0011036846089951258,5.0,1.0,1.0
Queue-nominal,0.45,1608,QP+G,36,36.0,36.0,0.24,0.0,0.12012483780861295,0.4783203278682265,0.11114293899527175,0.013351027520379583,0.0,1.0,0.0,-0.011757329090769986,-0.010163337733831046,0.0015939913569389397,5.0,1.0,1.0
Queue-nominal,0.45,1608,QP+G,37,37.0,37.0,0.24,0.0,0.11927901095584417,0.47625418851417767,0.10963285440204654,0.013076898441342178,0.0,1.0,0.0,-0.011503955063429048,-0.00946134171956392,0.0020426133438651278,5.0,1.0,1.0
Queue-nominal,0.45,1608,QP+G,38,38.0,38.0,0.24,0.0,0.1185483381128474,0.47371847358428043,0.10816065705030722,0.012822266142507553,0.0,1.0,0.0,-0.011247465243152453,-0.008796606021531206,0.002450859221621247,5.0,1.0,1.0
Queue-nominal,0.45,1608,QP+G,39,39.0,39.0,0.24,0.0,0.11794047065286237,0.47063948396112637,0.10672532004118915,0.012587234476235212,0.0,1.0,0.0,-0.01104375953967107,-0.008215050176870298,0.0028287093628007725,5.0,1.0,1.0
Queue-nominal,0.45,1608,QP+G,40,40.0,40.0,0.24,1.6,0.11746116446402308,0.4669368646495379,0.10532599975582109,0.012371714579656155,1.0,0.0,0.0,-0.010884155892384673,-0.010982579609005061,-9.842371662038829e-05,5.0,1.0,1.0
Queue-nominal,0.45,1608,QP+G,41,41.0,41.0,0.24,0.0,0.11743192045283231,0.46929599365713814,0.10369576517902797,0.01217719284779919,0.0,1.0,0.0,-0.010271604699223058,-0.007554635932076392,0.002716968767146666,5.0,1.0,1.0
Queue-nominal,0.45,1608,QP+G,42,42.0,42.0,0.24,1.6,0.11721657155654093,0.46325165846694893,0.1023473013233612,0.011996799769188625,1.0,0.0,0.0,-0.01014553328854495,-0.01020074699196094,-5.521370341599052e-05,5.0,1.0,1.0
Queue-nominal,0.45,1608,QP+G,43,43.0,43.0,0.24,0.0,0.11742557598715264,0.46194385379553604,0.10080202108675718,0.011836735386781568,0.0,1.0,0.0,-0.009584604727414625,-0.006946571251480238,0.002638033475934387,5.0,1.0,1.0
Queue-nominal,0.45,1608,QP+G,44,44.0,44.0,0.24,1.6,0.11748406264132956,0.45313798992660237,0.0995138231003279,0.011691288226797112,1.0,0.0,0.0,-0.009429074660333825,-0.00945343584873215,-2.436118839832524e-05,5.0,1.0,1.0
Queue-nominal,0.45,1608,QP+G,45,45.0,45.0,0.24,0.0,0.11791657729750006,0.4478289957195998,0.09806065588575244,0.011562976909595882,0.0,1.0,0.0,-0.008904550610443263,-0.006305843190016702,0.0025987074204265603,5.0,1.0,1.0
Queue-nominal,0.45,1608,QP+G,46,46.0,46.0,0.24,0.0,0.11825428501750551,0.4358921937540065,0.09684343394148656,0.01145215103939052,0.0,1.0,0.0,-0.008731858889178934,-0.005882013548746956,0.002849845340431978,5.0,1.0,1.0
Queue-nominal,0.45,1608,QP+G,47,47.0,47.0,0.24,1.6,0.11874090088652106,0.422660253357092,0.09567164729096661,0.011360137588626867,1.0,0.0,0.0,-0.008552377561374502,-0.008543669768261042,8.707793113460482e-06,5.0,1.0,1.0
Queue-nominal,0.45,1608,QP+G,48,48.0,48.0,0.24,1.6,0.11949243056290035,0.41093351810511275,0.09435497279669594,0.01127470503517354,1.0,0.0,0.0,-0.008117920630300368,-0.008112402326502455,5.518303797913404e-06,5.0,1.0,1.0
Queue-nominal,0.45,1608,QP+G,49,49.0,49.0,0.24,1.6,0.12027427107096546,0.39718438022346386,0.09311679070298773,0.011199554126269502,1.0,0.0,0.0,-0.00774691104866676,-0.007742930296121164,3.980752545595934e-06,5.0,1.0,1.0
Queue-nominal,0.45,1608,QP+G,50,50.0,50.0,0.24,1.6,0.12105241070871926,0.3815871880543683,0.09196081410030822,0.011132078237578693,1.0,0.0,0.0,-0.0074277824718076415,-0.007423371034360082,4.411437447559251e-06,5.0,1.0,1.0
Queue-nominal,0.45,1608,QP+G,51,51.0,51.0,0.24,1.6,0.12178909081467448,0.3643741998843523,0.0908902562640366,0.01106944167430979,1.0,0.0,0.0,-0.0071483354408234945,-0.0071415511421317746,6.7842986917199255e-06,5.0,1.0,1.0
Queue-nominal,0.45,1608,QP+G,52,52.0,52.0,0.24,1.6,0.122443990059039,0.34583408750210537,0.08990753805816491,0.011008637696226614,1.0,0.0,0.0,-0.0068978834913928635,-0.006886942972740062,1.0940518652801344e-05,5.0,1.0,1.0
Queue-nominal,0.45,1608,QP+G,53,53.0,53.0,0.24,1.6,0.12297612443530018,0.326306504427014,0.08901397848736942,0.010946594094943874,1.0,0.0,0.0,-0.006667823443302634,-0.006651189549804926,1.6633893497708385e-05,5.0,1.0,1.0
Queue-nominal,0.45,1608,QP+G,54,54.0,54.0,0.24,1.6,0.12334647088418393,0.30617198269159845,0.08820949820962441,0.010880330302621912,1.0,0.0,0.0,-0.0064517415428273495,-0.006428234244314268,2.350729851308131e-05,5.0,1.0,1.0
Queue-nominal,0.45,1608,QP+G,55,55.0,55.0,0.24,1.6,0.12352114244913509,0.28583702416584117,0.08749237518280974,0.010807158138169013,1.0,0.0,0.0,-0.006245412796478611,-0.0062140092875715425,3.1403508907068556e-05,5.0,1.0,1.0
Queue-nominal,0.45,1608,QP+G,56,56.0,56.0,0.24,1.6,0.12347471094219882,0.2657151896655509,0.08685909545181748,0.01072490170361402,1.0,0.0,0.0,-0.006045503787337925,-0.006004648485937292,4.085530140063298e-05,5.0,1.0,1.0
Queue-nominal,0.45,1608,QP+G,57,57.0,57.0,0.24,1.6,0.123193051961832,0.24620613666254412,0.08630433608863625,0.010632094560298778,1.0,0.0,0.0,-0.005846822495221282,-0.005794118753893462,5.270374132781974e-05,5.0,1.0,1.0
Queue-nominal,0.45,1608,QP+G,58,58.0,58.0,0.24,1.6,0.12267498167847733,0.22767560953560403,0.08582109900159128,0.010528101747647,1.0,0.0,0.0,-0.0056418468725691895,-0.005575378347176363,6.646852539282655e-05,5.0,1.0,1.0
Queue-nominal,0.45,1608,QP+G,59,59.0,59.0,0.24,1.6,0.12193207880209907,0.21043988339031444,0.08540098567567155,0.010413119715182917,1.0,0.0,0.0,-0.005426699461555717,-0.005347675038670285,7.902442288543199e-05,5.0,1.0,1.0
Queue-nominal,0.45,1608,QP+G,60,60.0,60.0,0.24,0.0,0.12098649098296457,0.19475763645576832,0.08503457172977569,0.01028803444582476,0.0,1.0,0.0,-0.0052109382009861704,-0.0029455124152786283,0.002265425785707542,5.0,1.0,1.0
Queue-nominal,0.45,1608,noG,1,1.0,0.0,0.24,0.0,0.0,0.0,0.1917568465192403,0.0,0.0,0.0,0.0,-0.028805127637667738,-0.028788589392352737,1.653824531500092e-05,3.0,1.0,0.0
Queue-nominal,0.45,1608,noG,2,2.0,0.0,0.24,0.0,0.0,0.0,0.19070919725644295,0.0,0.0,0.0,0.0,-0.028812123555748134,-0.02881780219555541,-5.678639807275149e-06,3.0,1.0,0.0
Queue-nominal,0.45,1608,noG,3,3.0,0.0,0.24,0.0,0.0,0.0,0.18949220785551485,0.0,0.0,0.0,0.0,-0.028739425704982224,-0.028744028347265527,-4.602642283302316e-06,3.0,1.0,0.0
Queue-nominal,0.45,1608,noG,4,4.0,0.0,0.24,0.0,0.0,0.0,0.18814265841332786,0.0,0.0,0.0,0.0,-0.028576558200739118,-0.028564282599013335,1.2275601725782875e-05,3.0,1.0,0.0
Queue-nominal,0.45,1608,noG,5,5.0,0.0,0.24,0.0,0.0,0.0,0.1866944523394294,0.0,0.0,0.0,0.0,-0.02824321855430245,-0.02821361812738088,2.9600426921572165e-05,3.0,1.0,0.0
Queue-nominal,0.45,1608,noG,6,6.0,0.0,0.24,0.0,0.0,0.0,0.18517648222982366,0.0,0.0,0.0,0.0,-0.027673754098511694,-0.02763309386874324,4.066022976845218e-05,3.0,1.0,0.0
Queue-nominal,0.45,1608,noG,7,7.0,0.0,0.24,0.0,0.0,0.0,0.18361172344339674,0.0,0.0,0.0,0.0,-0.026837701401443145,-0.02679064018715893,4.706121428421292e-05,3.0,1.0,0.0
Queue-nominal,0.45,1608,noG,8,8.0,0.0,0.24,0.0,0.0,0.0,0.18201754596667413,0.0,0.0,0.0,0.0,-0.025720024215578615,-0.025669497439539057,5.052677603955766e-05,3.0,1.0,0.0
Queue-nominal,0.45,1608,noG,9,9.0,0.0,0.24,0.0,0.0,0.0,0.18040693249813863,0.0,0.0,0.0,0.0,-0.024319119687956636,-0.024274763753245665,4.435593471097121e-05,3.0,1.0,0.0
Queue-nominal,0.45,1608,noG,10,10.0,0.0,0.24,0.0,0.0,0.0,0.17879009651433883,0.0,0.0,0.0,0.0,-0.022704171923058066,-0.02268587118299159,1.8300740066475724e-05,3.0,1.0,0.0
Queue-nominal,0.45,1608,noG,11,11.0,0.0,0.24,0.0,0.0,0.0,0.17717596286816414,0.0,0.0,0.0,0.0,-0.021069452082893566,-0.021089599330350595,-2.01472474570287e-05,3.0,1.0,0.0
Queue-nominal,0.45,1608,noG,12,12.0,0.0,0.24,0.0,0.0,0.0,0.17557310273759638,0.0,0.0,0.0,0.0,-0.019651398704505496,-0.019697486077860482,-4.608737335498603e-05,3.0,1.0,0.0
Queue-nominal,0.45,1608,noG,13,13.0,0.0,0.24,0.0,0.0,0.0,0.17398994729051193,0.0,0.0,0.0,0.0,-0.01856608005218252,-0.018615124225761726,-4.904417357920465e-05,3.0,1.0,0.0
Queue-nominal,0.45,1608,noG,14,14.0,0.0,0.24,0.0,0.0,0.0,0.17243435321191466,0.0,0.0,0.0,0.0,-0.01778077486154217,-0.0178211664332677,-4.039157172552876e-05,3.0,1.0,0.0
Queue-nominal,0.45,1608,noG,15,15.0,0.0,0.24,0.0,0.0,0.0,0.17091277752723202,0.0,0.0,0.0,0.0,-0.017213096899926228,-0.017245036784069523,-3.193988414329496e-05,3.0,1.0,0.0
Queue-nominal,0.45,1608,noG,16,16.0,0.0,0.24,0.0,0.0,0.0,0.1694293940414203,0.0,0.0,0.0,0.0,-0.016802676842608832,-0.01682922940502829,-2.655256241945736e-05,3.0,1.0,0.0
Queue-nominal,0.45,1608,noG,17,17.0,0.0,0.24,0.0,0.0,0.0,0.16798544961855388,0.0,0.0,0.0,0.0,-0.016517661335173624,-0.016540500711964334,-2.2839376790709937e-05,3.0,1.0,0.0
Queue-nominal,0.45,1608,noG,18,18.0,0.0,0.24,0.0,0.0,0.0,0.1665790500395428,0.0,0.0,0.0,0.0,-0.016339464468102527,-0.016359275556580677,-1.981108847814994e-05,3.0,1.0,0.0
Queue-nominal,0.45,1608,noG,19,19.0,0.0,0.24,0.0,0.0,0.0,0.16520542960199572,0.0,0.0,0.0,0.0,-0.016253853145045127,-0.016271103684240895,-1.72505391957678e-05,3.0,1.0,0.0
Queue-nominal,0.45,1608,noG,20,20.0,0.0,0.24,0.0,0.0,0.0,0.1638576368966635,0.0,0.0,0.0,0.0,-0.016247583618671513,-0.016262478705847183,-1.489508717567034e-05,3.0,1.0,0.0
Queue-nominal,0.45,1608,noG,21,21.0,0.0,0.24,0.0,0.0,0.0,0.1625274862026018,0.0,0.0,0.0,0.0,-0.01630543534449913,-0.016317786574783,-1.2351230283869086e-05,3.0,1.0,0.0
Queue-nominal,0.45,1608,noG,22,22.0,0.0,0.24,0.0,0.0,0.0,0.16120658804998092,0.0,0.0,0.0,0.0,-0.016407608286286287,-0.016416905591337905,-9.297305051617771e-06,3.0,1.0,0.0
Queue-nominal,0.45,1608,noG,23,23.0,0.0,0.24,0.0,0.0,0.0,0.15988727995538693,0.0,0.0,0.0,0.0,-0.01652874182497932,-0.01653476777961016,-6.025954630839436e-06,3.0,1.0,0.0
Queue-nominal,0.45,1608,noG,24,24.0,0.0,0.24,0.0,0.0,0.0,0.15856331848372485,0.0,0.0,0.0,0.0,-0.016642529514792056,-0.016647213007183304,-4.6834923912476845e-06,3.0,1.0,0.0
Queue-nominal,0.45,1608,noG,25,25.0,0.0,0.24,0.0,0.0,0.0,0.15723025306754176,0.0,0.0,0.0,0.0,-0.016738555265867202,-0.016745716077186223,-7.160811319021493e-06,3.0,1.0,0.0
Queue-nominal,0.45,1608,noG,26,26.0,0.0,0.24,0.0,0.0,0.0,0.15588546660360855,0.0,0.0,0.0,0.0,-0.016830166475760855,-0.01683891671208304,-8.750236322185856e-06,3.0,1.0,0.0
Queue-nominal,0.45,1608,noG,27,27.0,0.0,0.24,0.0,0.0,0.0,0.1545279255854402,0.0,0.0,0.0,0.0,-0.016921189726155635,-0.016927889756705117,-6.700030549481456e-06,3.0,1.0,0.0
Queue-nominal,0.45,1608,noG,28,28.0,0.0,0.24,0.0,0.0,0.0,0.1531577244176336,0.0,0.0,0.0,0.0,-0.01699652164309562,-0.017000656464545294,-4.13482144967503e-06,3.0,1.0,0.0
Queue-nominal,0.45,1608,noG,29,29.0,0.0,0.24,0.0,0.0,0.0,0.15177552978870607,0.0,0.0,0.0,0.0,-0.017043197150732325,-0.01704489447276769,-1.697322035365545e-06,3.0,1.0,0.0
Queue-nominal,0.45,1608,noG,30,30.0,0.0,0.24,0.0,0.0,0.0,0.150382031225095,0.0,0.0,0.0,0.0,-0.017051038447108976,-0.01705018338114339,8.550659655846837e-07,3.0,1.0,0.0
Queue-nominal,0.45,1608,noG,31,31.0,0.0,0.24,0.0,0.0,0.0,0.14897748673733824,0.0,0.0,0.0,0.0,-0.017010329021820425,-0.017006964282798354,3.3647390220714612e-06,3.0,1.0,0.0
Queue-nominal,0.45,1608,noG,32,32.0,0.0,0.24,0.0,0.0,0.0,0.147561423831929,0.0,0.0,0.0,0.0,-0.016911805903050414,-0.016904832800463065,6.973102587348734e-06,3.0,1.0,0.0
Queue-nominal,0.45,1608,noG,33,33.0,0.0,0.24,0.0,0.0,0.0,0.14613252297336066,0.0,0.0,0.0,0.0,-0.016735507015939177,-0.01671743358899125,1.8073426947928795e-05,3.0,1.0,0.0
Queue-nominal,0.45,1608,noG,34,34.0,0.0,0.24,0.0,0.0,0.0,0.14468867905798266,0.0,0.0,0.0,0.0,-0.016397314093197224,-0.01633183717066622,6.547692253100479e-05,3.0,1.0,0.0
Queue-nominal,0.45,1608,noG,35,35.0,0.0,0.24,0.0,0.0,0.0,0.14322721116239842,0.0,0.0,0.0,0.0,-0.015517259600543731,-0.015330103449728405,0.00018715615081532633,3.0,1.0,0.0
Queue-nominal,0.45,1608,noG,36,36.0,0.0,0.24,0.0,0.0,0.0,0.14174517425678324,0.0,0.0,0.0,0.0,-0.0135936252886637,-0.01348151588391966,0.00011210940474404123,3.0,1.0,0.0
Queue-nominal,0.45,1608,noG,37,37.0,0.0,0.24,0.0,0.0,0.0,0.1402397192964027,0.0,0.0,0.0,0.0,-0.011278187292744766,-0.0114546786511327,-0.00017649135838793302,3.0,1.0,0.0
Queue-nominal,0.45,1608,noG,38,38.0,0.0,0.24,0.0,0.0,0.0,0.13870844920104541,0.0,0.0,0.0,0.0,-0.010161811671478558,-0.010291932700923656,-0.0001301210294450978,3.0,1.0,0.0
Queue-nominal,0.45,1608,noG,39,39.0,0.0,0.24,0.0,0.0,0.0,0.13714972584832125,0.0,0.0,0.0,0.0,-0.009725144983483425,-0.009749416806377642,-2.4271822894217365e-05,3.0,1.0,0.0
Queue-nominal,0.45,1608,noG,40,40.0,0.0,0.24,0.0,0.0,0.0,0.135562895078591,0.0,0.0,0.0,0.0,-0.00933320474942878,-0.009318861031005099,1.434371842368165e-05,3.0,1.0,0.0
Queue-nominal,0.45,1608,noG,41,41.0,0.0,0.24,0.0,0.0,0.0,0.13394841056845264,0.0,0.0,0.0,0.0,-0.008871176369056322,-0.008917296792760432,-4.612042370411018e-05,3.0,1.0,0.0
Queue-nominal,0.45,1608,noG,42,42.0,0.0,0.24,0.0,0.0,0.0,0.1323078512778801,0.0,0.0,0.0,0.0,-0.008757128183374261,-0.00879755050194797,-4.042231857370911e-05,3.0,1.0,0.0
Queue-nominal,0.45,1608,noG,43,43.0,0.0,0.24,0.0,0.0,0.0,0.13064383944415328,0.0,0.0,0.0,0.0,-0.008859620604670937,-0.008868944438286341,-9.323833615404453e-06,3.0,1.0,0.0
Queue-nominal,0.45,1608,noG,44,44.0,0.0,0.24,0.0,0.0,0.0,0.12895987571423248,0.0,0.0,0.0,0.0,-0.008978079848462883,-0.008978259600864735,-1.7975240185208463e-07,3.0,1.0,0.0
Queue-nominal,0.45,1608,noG,45,45.0,0.0,0.24,0.0,0.0,0.0,0.1272601144115142,0.0,0.0,0.0,0.0,-0.009077150965897117,-0.009074755816903313,2.3951489938039278e-06,3.0,1.0,0.0
Queue-nominal,0.45,1608,noG,46,46.0,0.0,0.24,0.0,0.0,0.0,0.12554910501703376,0.0,0.0,0.0,0.0,-0.009147694748135038,-0.00914500254923567,2.6921988993677815e-06,3.0,1.0,0.0
Queue-nominal,0.45,1608,noG,47,47.0,0.0,0.24,0.0,0.0,0.0,0.12383152597806657,0.0,0.0,0.0,0.0,-0.00919039016863632,-0.00918782246746419,2.567701172129233e-06,3.0,1.0,0.0
Queue-nominal,0.45,1608,noG,48,48.0,0.0,0.24,0.0,0.0,0.0,0.12211193447376868,0.0,0.0,0.0,0.0,-0.009206917502502243,-0.009204100656827752,2.816845674491475e-06,3.0,1.0,0.0
Queue-nominal,0.45,1608,noG,49,49.0,0.0,0.24,0.0,0.0,0.0,0.12039455145249335,0.0,0.0,0.0,0.0,-0.009196318576907279,-0.009192616681799493,3.701895107786554e-06,3.0,1.0,0.0
Queue-nominal,0.45,1608,noG,50,50.0,0.0,0.24,0.0,0.0,0.0,0.11868309583502297,0.0,0.0,0.0,0.0,-0.009153380459268057,-0.009147523058698592,5.857400569464488e-06,3.0,1.0,0.0
Queue-nominal,0.45,1608,noG,51,51.0,0.0,0.24,0.0,0.0,0.0,0.11698067593445358,0.0,0.0,0.0,0.0,-0.009063603592056602,-0.009052968531179317,1.0635060877284275e-05,3.0,1.0,0.0
Queue-nominal,0.45,1608,noG,52,52.0,0.0,0.24,0.0,0.0,0.0,0.1152897404588079,0.0,0.0,0.0,0.0,-0.008893831487621906,-0.008874801644278119,1.9029843343787434e-05,3.0,1.0,0.0
Queue-nominal,0.45,1608,noG,53,53.0,0.0,0.24,0.0,0.0,0.0,0.11361208638955489,0.0,0.0,0.0,0.0,-0.00858868716256733,-0.008561640719939367,2.7046442627963116e-05,3.0,1.0,0.0
Queue-nominal,0.45,1608,noG,54,54.0,0.0,0.24,0.0,0.0,0.0,0.11194891688592498,0.0,0.0,0.0,0.0,-0.008104296585660364,-0.008079834789726847,2.446179593351694e-05,3.0,1.0,0.0
Queue-nominal,0.45,1608,noG,55,55.0,0.0,0.24,0.0,0.0,0.0,0.11030093934122306,0.0,0.0,0.0,0.0,-0.007470312041220062,-0.0074589079732316765,1.1404067988385336e-05,3.0,1.0,0.0
Queue-nominal,0.45,1608,noG,56,56.0,0.0,0.24,0.0,0.0,0.0,0.10866849188907747,0.0,0.0,0.0,0.0,-0.006772662600162959,-0.006779720729431782,-7.058129268822967e-06,3.0,1.0,0.0
Queue-nominal,0.45,1608,noG,57,57.0,0.0,0.24,0.0,0.0,0.0,0.10705168600147906,0.0,0.0,0.0,0.0,-0.006134873730088142,-0.006161638905836764,-2.6765175748622028e-05,3.0,1.0,0.0
Queue-nominal,0.45,1608,noG,58,58.0,0.0,0.24,0.0,0.0,0.0,0.10545055322924211,0.0,0.0,0.0,0.0,-0.005659260355799222,-0.0056793975140141395,-2.0137158214917662e-05,3.0,1.0,0.0
Queue-nominal,0.45,1608,noG,59,59.0,0.0,0.24,0.0,0.0,0.0,0.10386518543379493,0.0,0.0,0.0,0.0,-0.005288687218194532,-0.005299434240287226,-1.074702209269418e-05,3.0,1.0,0.0
Queue-nominal,0.45,1608,noG,60,60.0,0.0,0.24,0.0,0.0,0.0,0.10229585982147463,0.0,0.0,0.0,0.0,-0.00497255272446484,-0.004979543167917377,-6.990443452536965e-06,3.0,1.0,0.0
Queue-nominal,0.45,1608,Minimax-PPO,1,1.0,0.0,0.16,0.0,,,,,,,,,,,,1.0,0.0
Queue-nominal,0.45,1608,Minimax-PPO,2,2.0,0.0,0.16,0.0,,,,,,,,,,,,1.0,0.0
Queue-nominal,0.45,1608,Minimax-PPO,3,3.0,0.0,0.16,0.0,,,,,,,,,,,,1.0,0.0
Queue-nominal,0.45,1608,Minimax-PPO,4,4.0,0.0,0.16,0.0,,,,,,,,,,,,1.0,0.0
Queue-nominal,0.45,1608,Minimax-PPO,5,5.0,0.0,0.16,0.0,,,,,,,,,,,,1.0,0.0
Queue-nominal,0.45,1608,Minimax-PPO,6,6.0,0.0,0.16,0.0,,,,,,,,,,,,1.0,0.0
Queue-nominal,0.45,1608,Minimax-PPO,7,7.0,0.0,0.16,0.0,,,,,,,,,,,,1.0,0.0
Queue-nominal,0.45,1608,Minimax-PPO,8,8.0,0.0,0.16,0.0,,,,,,,,,,,,1.0,0.0
Queue-nominal,0.45,1608,Minimax-PPO,9,9.0,0.0,0.16,0.0,,,,,,,,,,,,1.0,0.0
Queue-nominal,0.45,1608,Minimax-PPO,10,10.0,0.0,0.16,0.0,,,,,,,,,,,,1.0,0.0
Queue-nominal,0.45,1608,Minimax-PPO,11,11.0,0.0,0.16,0.0,,,,,,,,,,,,1.0,0.0
Queue-nominal,0.45,1608,Minimax-PPO,12,12.0,0.0,0.16,0.0,,,,,,,,,,,,1.0,0.0
Queue-nominal,0.45,1608,Minimax-PPO,13,13.0,0.0,0.16,0.0,,,,,,,,,,,,1.0,0.0
Queue-nominal,0.45,1608,Minimax-PPO,14,14.0,0.0,0.16,0.0,,,,,,,,,,,,1.0,0.0
Queue-nominal,0.45,1608,Minimax-PPO,15,15.0,0.0,0.16,0.0,,,,,,,,,,,,1.0,0.0
Queue-nominal,0.45,1608,Minimax-PPO,16,16.0,0.0,0.16,0.0,,,,,,,,,,,,1.0,0.0
Queue-nominal,0.45,1608,Minimax-PPO,17,17.0,0.0,0.16,0.0,,,,,,,,,,,,1.0,0.0
Queue-nominal,0.45,1608,Minimax-PPO,18,18.0,0.0,0.16,0.0,,,,,,,,,,,,1.0,0.0
Queue-nominal,0.45,1608,Minimax-PPO,19,19.0,0.0,0.16,0.0,,,,,,,,,,,,1.0,0.0
Queue-nominal,0.45,1608,Minimax-PPO,20,20.0,0.0,0.16,0.0,,,,,,,,,,,,1.0,0.0
Queue-nominal,0.45,1608,Minimax-PPO,21,21.0,0.0,0.16,0.0,,,,,,,,,,,,1.0,0.0
Queue-nominal,0.45,1608,Minimax-PPO,22,22.0,0.0,0.16,0.0,,,,,,,,,,,,1.0,0.0
Queue-nominal,0.45,1608,Minimax-PPO,23,23.0,0.0,0.16,0.0,,,,,,,,,,,,1.0,0.0
Queue-nominal,0.45,1608,Minimax-PPO,24,24.0,0.0,0.16,0.0,,,,,,,,,,,,1.0,0.0
Queue-nominal,0.45,1608,Minimax-PPO,25,25.0,0.0,0.16,0.0,,,,,,,,,,,,1.0,0.0
Queue-nominal,0.45,1608,Minimax-PPO,26,26.0,0.0,0.16,0.0,,,,,,,,,,,,1.0,0.0
Queue-nominal,0.45,1608,Minimax-PPO,27,27.0,0.0,0.16,0.0,,,,,,,,,,,,1.0,0.0
Queue-nominal,0.45,1608,Minimax-PPO,28,28.0,0.0,0.16,0.0,,,,,,,,,,,,1.0,0.0
Queue-nominal,0.45,1608,Minimax-PPO,29,29.0,0.0,0.16,0.0,,,,,,,,,,,,1.0,0.0
Queue-nominal,0.45,1608,Minimax-PPO,30,30.0,0.0,0.16,0.0,,,,,,,,,,,,1.0,0.0
Queue-nominal,0.45,1608,Minimax-PPO,31,31.0,0.0,0.16,0.0,,,,,,,,,,,,1.0,0.0
Queue-nominal,0.45,1608,Minimax-PPO,32,32.0,0.0,0.16,0.0,,,,,,,,,,,,1.0,0.0
Queue-nominal,0.45,1608,Minimax-PPO,33,33.0,0.0,0.16,0.0,,,,,,,,,,,,1.0,0.0
Queue-nominal,0.45,1608,Minimax-PPO,34,34.0,0.0,0.16,0.0,,,,,,,,,,,,1.0,0.0
Queue-nominal,0.45,1608,Minimax-PPO,35,35.0,0.0,0.16,0.0,,,,,,,,,,,,1.0,0.0
Queue-nominal,0.45,1608,Minimax-PPO,36,36.0,0.0,0.16,0.0,,,,,,,,,,,,1.0,0.0
Queue-nominal,0.45,1608,Minimax-PPO,37,37.0,0.0,0.16,0.0,,,,,,,,,,,,1.0,0.0
Queue-nominal,0.45,1608,Minimax-PPO,38,38.0,0.0,0.16,0.0,,,,,,,,,,,,1.0,0.0
Queue-nominal,0.45,1608,Minimax-PPO,39,39.0,0.0,0.16,0.0,,,,,,,,,,,,1.0,0.0
Queue-nominal,0.45,1608,Minimax-PPO,40,40.0,0.0,0.16,0.0,,,,,,,,,,,,1.0,0.0
Queue-nominal,0.45,1608,Minimax-PPO,41,41.0,0.0,0.16,0.0,,,,,,,,,,,,1.0,0.0
Queue-nominal,0.45,1608,Minimax-PPO,42,42.0,0.0,0.16,0.0,,,,,,,,,,,,1.0,0.0
Queue-nominal,0.45,1608,Minimax-PPO,43,43.0,0.0,0.16,0.0,,,,,,,,,,,,1.0,0.0
Queue-nominal,0.45,1608,Minimax-PPO,44,44.0,0.0,0.16,0.0,,,,,,,,,,,,1.0,0.0
Queue-nominal,0.45,1608,Minimax-PPO,45,45.0,0.0,0.16,0.0,,,,,,,,,,,,1.0,0.0
Queue-nominal,0.45,1608,Minimax-PPO,46,46.0,0.0,0.16,0.0,,,,,,,,,,,,1.0,0.0
Queue-nominal,0.45,1608,Minimax-PPO,47,47.0,0.0,0.16,0.0,,,,,,,,,,,,1.0,0.0
Queue-nominal,0.45,1608,Minimax-PPO,48,48.0,0.0,0.16,0.0,,,,,,,,,,,,1.0,0.0
Queue-nominal,0.45,1608,Minimax-PPO,49,49.0,0.0,0.16,0.0,,,,,,,,,,,,1.0,0.0
Queue-nominal,0.45,1608,Minimax-PPO,50,50.0,0.0,0.16,0.0,,,,,,,,,,,,1.0,0.0
Queue-nominal,0.45,1608,Minimax-PPO,51,51.0,0.0,0.16,0.0,,,,,,,,,,,,1.0,0.0
Queue-nominal,0.45,1608,Minimax-PPO,52,52.0,0.0,0.16,0.0,,,,,,,,,,,,1.0,0.0
Queue-nominal,0.45,1608,Minimax-PPO,53,53.0,0.0,0.16,0.0,,,,,,,,,,,,1.0,0.0
Queue-nominal,0.45,1608,Minimax-PPO,54,54.0,0.0,0.16,0.0,,,,,,,,,,,,1.0,0.0
Queue-nominal,0.45,1608,Minimax-PPO,55,55.0,0.0,0.16,0.0,,,,,,,,,,,,1.0,0.0
Queue-nominal,0.45,1608,Minimax-PPO,56,56.0,0.0,0.16,0.0,,,,,,,,,,,,1.0,0.0
Queue-nominal,0.45,1608,Minimax-PPO,57,57.0,0.0,0.16,0.0,,,,,,,,,,,,1.0,0.0
Queue-nominal,0.45,1608,Minimax-PPO,58,58.0,0.0,0.16,0.0,,,,,,,,,,,,1.0,0.0
Queue-nominal,0.45,1608,Minimax-PPO,59,59.0,0.0,0.16,0.0,,,,,,,,,,,,1.0,0.0
Queue-nominal,0.45,1608,Minimax-PPO,60,60.0,0.0,0.16,0.0,,,,,,,,,,,,1.0,0.0
Queue-nominal,0.45,1608,GDA,1,1.0,0.0,0.16,0.0,,,,,,,,,,,,1.0,0.0
Queue-nominal,0.45,1608,GDA,2,2.0,0.0,0.16,0.0,,,,,,,,,,,,1.0,0.0
Queue-nominal,0.45,1608,GDA,3,3.0,0.0,0.16,0.0,,,,,,,,,,,,1.0,0.0
Queue-nominal,0.45,1608,GDA,4,4.0,0.0,0.16,0.0,,,,,,,,,,,,1.0,0.0
Queue-nominal,0.45,1608,GDA,5,5.0,0.0,0.16,0.0,,,,,,,,,,,,1.0,0.0
Queue-nominal,0.45,1608,GDA,6,6.0,0.0,0.16,0.0,,,,,,,,,,,,1.0,0.0
Queue-nominal,0.45,1608,GDA,7,7.0,0.0,0.16,0.0,,,,,,,,,,,,1.0,0.0
Queue-nominal,0.45,1608,GDA,8,8.0,0.0,0.16,0.0,,,,,,,,,,,,1.0,0.0
Queue-nominal,0.45,1608,GDA,9,9.0,0.0,0.16,0.0,,,,,,,,,,,,1.0,0.0
Queue-nominal,0.45,1608,GDA,10,10.0,0.0,0.16,0.0,,,,,,,,,,,,1.0,0.0
Queue-nominal,0.45,1608,GDA,11,11.0,0.0,0.16,0.0,,,,,,,,,,,,1.0,0.0
Queue-nominal,0.45,1608,GDA,12,12.0,0.0,0.16,0.0,,,,,,,,,,,,1.0,0.0
Queue-nominal,0.45,1608,GDA,13,13.0,0.0,0.16,0.0,,,,,,,,,,,,1.0,0.0
Queue-nominal,0.45,1608,GDA,14,14.0,0.0,0.16,0.0,,,,,,,,,,,,1.0,0.0
Queue-nominal,0.45,1608,GDA,15,15.0,0.0,0.16,0.0,,,,,,,,,,,,1.0,0.0
Queue-nominal,0.45,1608,GDA,16,16.0,0.0,0.16,0.0,,,,,,,,,,,,1.0,0.0
Queue-nominal,0.45,1608,GDA,17,17.0,0.0,0.16,0.0,,,,,,,,,,,,1.0,0.0
Queue-nominal,0.45,1608,GDA,18,18.0,0.0,0.16,0.0,,,,,,,,,,,,1.0,0.0
Queue-nominal,0.45,1608,GDA,19,19.0,0.0,0.16,0.0,,,,,,,,,,,,1.0,0.0
Queue-nominal,0.45,1608,GDA,20,20.0,0.0,0.16,0.0,,,,,,,,,,,,1.0,0.0
Queue-nominal,0.45,1608,GDA,21,21.0,0.0,0.16,0.0,,,,,,,,,,,,1.0,0.0
Queue-nominal,0.45,1608,GDA,22,22.0,0.0,0.16,0.0,,,,,,,,,,,,1.0,0.0
Queue-nominal,0.45,1608,GDA,23,23.0,0.0,0.16,0.0,,,,,,,,,,,,1.0,0.0
Queue-nominal,0.45,1608,GDA,24,24.0,0.0,0.16,0.0,,,,,,,,,,,,1.0,0.0
Queue-nominal,0.45,1608,GDA,25,25.0,0.0,0.16,0.0,,,,,,,,,,,,1.0,0.0
Queue-nominal,0.45,1608,GDA,26,26.0,0.0,0.16,0.0,,,,,,,,,,,,1.0,0.0
Queue-nominal,0.45,1608,GDA,27,27.0,0.0,0.16,0.0,,,,,,,,,,,,1.0,0.0
Queue-nominal,0.45,1608,GDA,28,28.0,0.0,0.16,0.0,,,,,,,,,,,,1.0,0.0
Queue-nominal,0.45,1608,GDA,29,29.0,0.0,0.16,0.0,,,,,,,,,,,,1.0,0.0
Queue-nominal,0.45,1608,GDA,30,30.0,0.0,0.16,0.0,,,,,,,,,,,,1.0,0.0
Queue-nominal,0.45,1608,GDA,31,31.0,0.0,0.16,0.0,,,,,,,,,,,,1.0,0.0
Queue-nominal,0.45,1608,GDA,32,32.0,0.0,0.16,0.0,,,,,,,,,,,,1.0,0.0
Queue-nominal,0.45,1608,GDA,33,33.0,0.0,0.16,0.0,,,,,,,,,,,,1.0,0.0
Queue-nominal,0.45,1608,GDA,34,34.0,0.0,0.16,0.0,,,,,,,,,,,,1.0,0.0
Queue-nominal,0.45,1608,GDA,35,35.0,0.0,0.16,0.0,,,,,,,,,,,,1.0,0.0
Queue-nominal,0.45,1608,GDA,36,36.0,0.0,0.16,0.0,,,,,,,,,,,,1.0,0.0
Queue-nominal,0.45,1608,GDA,37,37.0,0.0,0.16,0.0,,,,,,,,,,,,1.0,0.0
Queue-nominal,0.45,1608,GDA,38,38.0,0.0,0.16,0.0,,,,,,,,,,,,1.0,0.0
Queue-nominal,0.45,1608,GDA,39,39.0,0.0,0.16,0.0,,,,,,,,,,,,1.0,0.0
Queue-nominal,0.45,1608,GDA,40,40.0,0.0,0.16,0.0,,,,,,,,,,,,1.0,0.0
Queue-nominal,0.45,1608,GDA,41,41.0,0.0,0.16,0.0,,,,,,,,,,,,1.0,0.0
Queue-nominal,0.45,1608,GDA,42,42.0,0.0,0.16,0.0,,,,,,,,,,,,1.0,0.0
Queue-nominal,0.45,1608,GDA,43,43.0,0.0,0.16,0.0,,,,,,,,,,,,1.0,0.0
Queue-nominal,0.45,1608,GDA,44,44.0,0.0,0.16,0.0,,,,,,,,,,,,1.0,0.0
Queue-nominal,0.45,1608,GDA,45,45.0,0.0,0.16,0.0,,,,,,,,,,,,1.0,0.0
Queue-nominal,0.45,1608,GDA,46,46.0,0.0,0.16,0.0,,,,,,,,,,,,1.0,0.0
Queue-nominal,0.45,1608,GDA,47,47.0,0.0,0.16,0.0,,,,,,,,,,,,1.0,0.0
Queue-nominal,0.45,1608,GDA,48,48.0,0.0,0.16,0.0,,,,,,,,,,,,1.0,0.0
Queue-nominal,0.45,1608,GDA,49,49.0,0.0,0.16,0.0,,,,,,,,,,,,1.0,0.0
Queue-nominal,0.45,1608,GDA,50,50.0,0.0,0.16,0.0,,,,,,,,,,,,1.0,0.0
Queue-nominal,0.45,1608,GDA,51,51.0,0.0,0.16,0.0,,,,,,,,,,,,1.0,0.0
Queue-nominal,0.45,1608,GDA,52,52.0,0.0,0.16,0.0,,,,,,,,,,,,1.0,0.0
Queue-nominal,0.45,1608,GDA,53,53.0,0.0,0.16,0.0,,,,,,,,,,,,1.0,0.0
Queue-nominal,0.45,1608,GDA,54,54.0,0.0,0.16,0.0,,,,,,,,,,,,1.0,0.0
Queue-nominal,0.45,1608,GDA,55,55.0,0.0,0.16,0.0,,,,,,,,,,,,1.0,0.0
Queue-nominal,0.45,1608,GDA,56,56.0,0.0,0.16,0.0,,,,,,,,,,,,1.0,0.0
Queue-nominal,0.45,1608,GDA,57,57.0,0.0,0.16,0.0,,,,,,,,,,,,1.0,0.0
Queue-nominal,0.45,1608,GDA,58,58.0,0.0,0.16,0.0,,,,,,,,,,,,1.0,0.0
Queue-nominal,0.45,1608,GDA,59,59.0,0.0,0.16,0.0,,,,,,,,,,,,1.0,0.0
Queue-nominal,0.45,1608,GDA,60,60.0,0.0,0.16,0.0,,,,,,,,,,,,1.0,0.0
Queue-nominal,0.45,1608,EGM,1,1.0,0.0,0.16,0.0,,,,,,,,,,,,1.0,0.0
Queue-nominal,0.45,1608,EGM,2,2.0,0.0,0.16,0.0,,,,,,,,,,,,1.0,0.0
Queue-nominal,0.45,1608,EGM,3,3.0,0.0,0.16,0.0,,,,,,,,,,,,1.0,0.0
Queue-nominal,0.45,1608,EGM,4,4.0,0.0,0.16,0.0,,,,,,,,,,,,1.0,0.0
Queue-nominal,0.45,1608,EGM,5,5.0,0.0,0.16,0.0,,,,,,,,,,,,1.0,0.0
Queue-nominal,0.45,1608,EGM,6,6.0,0.0,0.16,0.0,,,,,,,,,,,,1.0,0.0
Queue-nominal,0.45,1608,EGM,7,7.0,0.0,0.16,0.0,,,,,,,,,,,,1.0,0.0
Queue-nominal,0.45,1608,EGM,8,8.0,0.0,0.16,0.0,,,,,,,,,,,,1.0,0.0
Queue-nominal,0.45,1608,EGM,9,9.0,0.0,0.16,0.0,,,,,,,,,,,,1.0,0.0
Queue-nominal,0.45,1608,EGM,10,10.0,0.0,0.16,0.0,,,,,,,,,,,,1.0,0.0
Queue-nominal,0.45,1608,EGM,11,11.0,0.0,0.16,0.0,,,,,,,,,,,,1.0,0.0
Queue-nominal,0.45,1608,EGM,12,12.0,0.0,0.16,0.0,,,,,,,,,,,,1.0,0.0
Queue-nominal,0.45,1608,EGM,13,13.0,0.0,0.16,0.0,,,,,,,,,,,,1.0,0.0
Queue-nominal,0.45,1608,EGM,14,14.0,0.0,0.16,0.0,,,,,,,,,,,,1.0,0.0
Queue-nominal,0.45,1608,EGM,15,15.0,0.0,0.16,0.0,,,,,,,,,,,,1.0,0.0
Queue-nominal,0.45,1608,EGM,16,16.0,0.0,0.16,0.0,,,,,,,,,,,,1.0,0.0
Queue-nominal,0.45,1608,EGM,17,17.0,0.0,0.16,0.0,,,,,,,,,,,,1.0,0.0
Queue-nominal,0.45,1608,EGM,18,18.0,0.0,0.16,0.0,,,,,,,,,,,,1.0,0.0
Queue-nominal,0.45,1608,EGM,19,19.0,0.0,0.16,0.0,,,,,,,,,,,,1.0,0.0
Queue-nominal,0.45,1608,EGM,20,20.0,0.0,0.16,0.0,,,,,,,,,,,,1.0,0.0
Queue-nominal,0.45,1608,EGM,21,21.0,0.0,0.16,0.0,,,,,,,,,,,,1.0,0.0
Queue-nominal,0.45,1608,EGM,22,22.0,0.0,0.16,0.0,,,,,,,,,,,,1.0,0.0
Queue-nominal,0.45,1608,EGM,23,23.0,0.0,0.16,0.0,,,,,,,,,,,,1.0,0.0
Queue-nominal,0.45,1608,EGM,24,24.0,0.0,0.16,0.0,,,,,,,,,,,,1.0,0.0
Queue-nominal,0.45,1608,EGM,25,25.0,0.0,0.16,0.0,,,,,,,,,,,,1.0,0.0
Queue-nominal,0.45,1608,EGM,26,26.0,0.0,0.16,0.0,,,,,,,,,,,,1.0,0.0
Queue-nominal,0.45,1608,EGM,27,27.0,0.0,0.16,0.0,,,,,,,,,,,,1.0,0.0
Queue-nominal,0.45,1608,EGM,28,28.0,0.0,0.16,0.0,,,,,,,,,,,,1.0,0.0
Queue-nominal,0.45,1608,EGM,29,29.0,0.0,0.16,0.0,,,,,,,,,,,,1.0,0.0
Queue-nominal,0.45,1608,EGM,30,30.0,0.0,0.16,0.0,,,,,,,,,,,,1.0,0.0
Queue-nominal,0.45,1608,EGM,31,31.0,0.0,0.16,0.0,,,,,,,,,,,,1.0,0.0
Queue-nominal,0.45,1608,EGM,32,32.0,0.0,0.16,0.0,,,,,,,,,,,,1.0,0.0
Queue-nominal,0.45,1608,EGM,33,33.0,0.0,0.16,0.0,,,,,,,,,,,,1.0,0.0
Queue-nominal,0.45,1608,EGM,34,34.0,0.0,0.16,0.0,,,,,,,,,,,,1.0,0.0
Queue-nominal,0.45,1608,EGM,35,35.0,0.0,0.16,0.0,,,,,,,,,,,,1.0,0.0
Queue-nominal,0.45,1608,EGM,36,36.0,0.0,0.16,0.0,,,,,,,,,,,,1.0,0.0
Queue-nominal,0.45,1608,EGM,37,37.0,0.0,0.16,0.0,,,,,,,,,,,,1.0,0.0
Queue-nominal,0.45,1608,EGM,38,38.0,0.0,0.16,0.0,,,,,,,,,,,,1.0,0.0
Queue-nominal,0.45,1608,EGM,39,39.0,0.0,0.16,0.0,,,,,,,,,,,,1.0,0.0
Queue-nominal,0.45,1608,EGM,40,40.0,0.0,0.16,0.0,,,,,,,,,,,,1.0,0.0
Queue-nominal,0.45,1608,EGM,41,41.0,0.0,0.16,0.0,,,,,,,,,,,,1.0,0.0
Queue-nominal,0.45,1608,EGM,42,42.0,0.0,0.16,0.0,,,,,,,,,,,,1.0,0.0
Queue-nominal,0.45,1608,EGM,43,43.0,0.0,0.16,0.0,,,,,,,,,,,,1.0,0.0
Queue-nominal,0.45,1608,EGM,44,44.0,0.0,0.16,0.0,,,,,,,,,,,,1.0,0.0
Queue-nominal,0.45,1608,EGM,45,45.0,0.0,0.16,0.0,,,,,,,,,,,,1.0,0.0
Queue-nominal,0.45,1608,EGM,46,46.0,0.0,0.16,0.0,,,,,,,,,,,,1.0,0.0
Queue-nominal,0.45,1608,EGM,47,47.0,0.0,0.16,0.0,,,,,,,,,,,,1.0,0.0
Queue-nominal,0.45,1608,EGM,48,48.0,0.0,0.16,0.0,,,,,,,,,,,,1.0,0.0
Queue-nominal,0.45,1608,EGM,49,49.0,0.0,0.16,0.0,,,,,,,,,,,,1.0,0.0
Queue-nominal,0.45,1608,EGM,50,50.0,0.0,0.16,0.0,,,,,,,,,,,,1.0,0.0
Queue-nominal,0.45,1608,EGM,51,51.0,0.0,0.16,0.0,,,,,,,,,,,,1.0,0.0
Queue-nominal,0.45,1608,EGM,52,52.0,0.0,0.16,0.0,,,,,,,,,,,,1.0,0.0
Queue-nominal,0.45,1608,EGM,53,53.0,0.0,0.16,0.0,,,,,,,,,,,,1.0,0.0
Queue-nominal,0.45,1608,EGM,54,54.0,0.0,0.16,0.0,,,,,,,,,,,,1.0,0.0
Queue-nominal,0.45,1608,EGM,55,55.0,0.0,0.16,0.0,,,,,,,,,,,,1.0,0.0
Queue-nominal,0.45,1608,EGM,56,56.0,0.0,0.16,0.0,,,,,,,,,,,,1.0,0.0
Queue-nominal,0.45,1608,EGM,57,57.0,0.0,0.16,0.0,,,,,,,,,,,,1.0,0.0
Queue-nominal,0.45,1608,EGM,58,58.0,0.0,0.16,0.0,,,,,,,,,,,,1.0,0.0
Queue-nominal,0.45,1608,EGM,59,59.0,0.0,0.16,0.0,,,,,,,,,,,,1.0,0.0
Queue-nominal,0.45,1608,EGM,60,60.0,0.0,0.16,0.0,,,,,,,,,,,,1.0,0.0
Queue-nominal,0.45,1608,PPM-3,1,3.0,0.0,0.16,0.0,,,,,,,,,,,,3.0,0.0
Queue-nominal,0.45,1608,PPM-3,2,6.0,0.0,0.16,0.0,,,,,,,,,,,,3.0,0.0
Queue-nominal,0.45,1608,PPM-3,3,9.0,0.0,0.16,0.0,,,,,,,,,,,,3.0,0.0
Queue-nominal,0.45,1608,PPM-3,4,12.0,0.0,0.16,0.0,,,,,,,,,,,,3.0,0.0
Queue-nominal,0.45,1608,PPM-3,5,15.0,0.0,0.16,0.0,,,,,,,,,,,,3.0,0.0
Queue-nominal,0.45,1608,PPM-3,6,18.0,0.0,0.16,0.0,,,,,,,,,,,,3.0,0.0
Queue-nominal,0.45,1608,PPM-3,7,21.0,0.0,0.16,0.0,,,,,,,,,,,,3.0,0.0
Queue-nominal,0.45,1608,PPM-3,8,24.0,0.0,0.16,0.0,,,,,,,,,,,,3.0,0.0
Queue-nominal,0.45,1608,PPM-3,9,27.0,0.0,0.16,0.0,,,,,,,,,,,,3.0,0.0
Queue-nominal,0.45,1608,PPM-3,10,30.0,0.0,0.16,0.0,,,,,,,,,,,,3.0,0.0
Queue-nominal,0.45,1608,PPM-3,11,33.0,0.0,0.16,0.0,,,,,,,,,,,,3.0,0.0
Queue-nominal,0.45,1608,PPM-3,12,36.0,0.0,0.16,0.0,,,,,,,,,,,,3.0,0.0
Queue-nominal,0.45,1608,PPM-3,13,39.0,0.0,0.16,0.0,,,,,,,,,,,,3.0,0.0
Queue-nominal,0.45,1608,PPM-3,14,42.0,0.0,0.16,0.0,,,,,,,,,,,,3.0,0.0
Queue-nominal,0.45,1608,PPM-3,15,45.0,0.0,0.16,0.0,,,,,,,,,,,,3.0,0.0
Queue-nominal,0.45,1608,PPM-3,16,48.0,0.0,0.16,0.0,,,,,,,,,,,,3.0,0.0
Queue-nominal,0.45,1608,PPM-3,17,51.0,0.0,0.16,0.0,,,,,,,,,,,,3.0,0.0
Queue-nominal,0.45,1608,PPM-3,18,54.0,0.0,0.16,0.0,,,,,,,,,,,,3.0,0.0
Queue-nominal,0.45,1608,PPM-3,19,57.0,0.0,0.16,0.0,,,,,,,,,,,,3.0,0.0
Queue-nominal,0.45,1608,PPM-3,20,60.0,0.0,0.16,0.0,,,,,,,,,,,,3.0,0.0
Queue-nominal,0.45,1608,PPM-3,21,63.0,0.0,0.16,0.0,,,,,,,,,,,,3.0,0.0
Queue-nominal,0.45,1608,PPM-3,22,66.0,0.0,0.16,0.0,,,,,,,,,,,,3.0,0.0
Queue-nominal,0.45,1608,PPM-3,23,69.0,0.0,0.16,0.0,,,,,,,,,,,,3.0,0.0
Queue-nominal,0.45,1608,PPM-3,24,72.0,0.0,0.16,0.0,,,,,,,,,,,,3.0,0.0
Queue-nominal,0.45,1608,PPM-3,25,75.0,0.0,0.16,0.0,,,,,,,,,,,,3.0,0.0
Queue-nominal,0.45,1608,PPM-3,26,78.0,0.0,0.16,0.0,,,,,,,,,,,,3.0,0.0
Queue-nominal,0.45,1608,PPM-3,27,81.0,0.0,0.16,0.0,,,,,,,,,,,,3.0,0.0
Queue-nominal,0.45,1608,PPM-3,28,84.0,0.0,0.16,0.0,,,,,,,,,,,,3.0,0.0
Queue-nominal,0.45,1608,PPM-3,29,87.0,0.0,0.16,0.0,,,,,,,,,,,,3.0,0.0
Queue-nominal,0.45,1608,PPM-3,30,90.0,0.0,0.16,0.0,,,,,,,,,,,,3.0,0.0
Queue-nominal,0.45,1608,PPM-3,31,93.0,0.0,0.16,0.0,,,,,,,,,,,,3.0,0.0
Queue-nominal,0.45,1608,PPM-3,32,96.0,0.0,0.16,0.0,,,,,,,,,,,,3.0,0.0
Queue-nominal,0.45,1608,PPM-3,33,99.0,0.0,0.16,0.0,,,,,,,,,,,,3.0,0.0
Queue-nominal,0.45,1608,PPM-3,34,102.0,0.0,0.16,0.0,,,,,,,,,,,,3.0,0.0
Queue-nominal,0.45,1608,PPM-3,35,105.0,0.0,0.16,0.0,,,,,,,,,,,,3.0,0.0
Queue-nominal,0.45,1608,PPM-3,36,108.0,0.0,0.16,0.0,,,,,,,,,,,,3.0,0.0
Queue-nominal,0.45,1608,PPM-3,37,111.0,0.0,0.16,0.0,,,,,,,,,,,,3.0,0.0
Queue-nominal,0.45,1608,PPM-3,38,114.0,0.0,0.16,0.0,,,,,,,,,,,,3.0,0.0
Queue-nominal,0.45,1608,PPM-3,39,117.0,0.0,0.16,0.0,,,,,,,,,,,,3.0,0.0
Queue-nominal,0.45,1608,PPM-3,40,120.0,0.0,0.16,0.0,,,,,,,,,,,,3.0,0.0
Queue-nominal,0.45,1608,PPM-3,41,123.0,0.0,0.16,0.0,,,,,,,,,,,,3.0,0.0
Queue-nominal,0.45,1608,PPM-3,42,126.0,0.0,0.16,0.0,,,,,,,,,,,,3.0,0.0
Queue-nominal,0.45,1608,PPM-3,43,129.0,0.0,0.16,0.0,,,,,,,,,,,,3.0,0.0
Queue-nominal,0.45,1608,PPM-3,44,132.0,0.0,0.16,0.0,,,,,,,,,,,,3.0,0.0
Queue-nominal,0.45,1608,PPM-3,45,135.0,0.0,0.16,0.0,,,,,,,,,,,,3.0,0.0
Queue-nominal,0.45,1608,PPM-3,46,138.0,0.0,0.16,0.0,,,,,,,,,,,,3.0,0.0
Queue-nominal,0.45,1608,PPM-3,47,141.0,0.0,0.16,0.0,,,,,,,,,,,,3.0,0.0
Queue-nominal,0.45,1608,PPM-3,48,144.0,0.0,0.16,0.0,,,,,,,,,,,,3.0,0.0
Queue-nominal,0.45,1608,PPM-3,49,147.0,0.0,0.16,0.0,,,,,,,,,,,,3.0,0.0
Queue-nominal,0.45,1608,PPM-3,50,150.0,0.0,0.16,0.0,,,,,,,,,,,,3.0,0.0
Queue-nominal,0.45,1608,PPM-3,51,153.0,0.0,0.16,0.0,,,,,,,,,,,,3.0,0.0
Queue-nominal,0.45,1608,PPM-3,52,156.0,0.0,0.16,0.0,,,,,,,,,,,,3.0,0.0
Queue-nominal,0.45,1608,PPM-3,53,159.0,0.0,0.16,0.0,,,,,,,,,,,,3.0,0.0
Queue-nominal,0.45,1608,PPM-3,54,162.0,0.0,0.16,0.0,,,,,,,,,,,,3.0,0.0
Queue-nominal,0.45,1608,PPM-3,55,165.0,0.0,0.16,0.0,,,,,,,,,,,,3.0,0.0
Queue-nominal,0.45,1608,PPM-3,56,168.0,0.0,0.16,0.0,,,,,,,,,,,,3.0,0.0
Queue-nominal,0.45,1608,PPM-3,57,171.0,0.0,0.16,0.0,,,,,,,,,,,,3.0,0.0
Queue-nominal,0.45,1608,PPM-3,58,174.0,0.0,0.16,0.0,,,,,,,,,,,,3.0,0.0
Queue-nominal,0.45,1608,PPM-3,59,177.0,0.0,0.16,0.0,,,,,,,,,,,,3.0,0.0
Queue-nominal,0.45,1608,PPM-3,60,180.0,0.0,0.16,0.0,,,,,,,,,,,,3.0,0.0
Queue-nominal,0.45,1609,QP+G,1,1.0,1.0,0.24,1.3450074859088483,0.17843766857388696,-0.043021286700091185,0.18909178715369113,0.03374109764617431,1.0,0.0,0.0,-0.050847769797846505,-0.05102890791330905,-0.0001811381154625466,5.0,1.0,1.0
Queue-nominal,0.45,1609,QP+G,2,2.0,2.0,0.24,1.3452611149968123,0.1784040267904188,-0.02528760228458547,0.1887872746184054,0.03368040999871215,1.0,0.0,0.0,-0.04599887601232501,-0.045890938871495646,0.00010793714082936445,5.0,1.0,1.0
Queue-nominal,0.45,1609,QP+G,3,3.0,3.0,0.24,1.3462675589218251,0.17827065534596032,-0.0069833701160714415,0.18830538960599735,0.03356932521023753,1.0,0.0,0.0,-0.040912540994071565,-0.04069776317042262,0.00021477782364894699,5.0,1.0,1.0
Queue-nominal,0.45,1609,QP+G,4,4.0,4.0,0.24,1.3481633014105259,0.17801997706724268,0.011694301001762723,0.1876368056229444,0.033403099833967234,1.0,0.0,0.0,-0.03666321944366388,-0.03656704585853321,9.617358513067109e-05,5.0,1.0,1.0
Queue-nominal,0.45,1609,QP+G,5,5.0,5.0,0.24,0.0,0.17765556434821592,0.03040739928876287,0.1867760753615477,0.03318180907510066,0.0,1.0,0.0,-0.033934458488053154,-0.018982572599771874,0.01495188588828128,5.0,1.0,1.0
Queue-nominal,0.45,1609,QP+G,6,6.0,6.0,0.24,0.0,0.17744099054365153,0.046396364194424215,0.1864849609695119,0.033090076195924384,0.0,1.0,0.0,-0.03247589661273374,-0.017612343008420073,0.01486355360431367,5.0,1.0,1.0
Queue-nominal,0.45,1609,QP+G,7,7.0,7.0,0.24,0.0,0.17707433606300202,0.059469942460493794,0.18608007854916553,0.03295000636364475,0.0,1.0,0.0,-0.03150163684027634,-0.016172277863597984,0.015329358976678358,5.0,1.0,1.0
Queue-nominal,0.45,1609,QP+G,8,8.0,8.0,0.24,0.0,0.17655550503302844,0.06982001456234525,0.18558564790436938,0.03276616779263773,0.0,1.0,0.0,-0.031245125385194136,-0.014926042421523178,0.016319082963670958,5.0,1.0,1.0
Queue-nominal,0.45,1609,QP+G,9,9.0,9.0,0.24,1.3644866029559775,0.17589033082484806,0.07762271823052924,0.18502429536740092,0.03254398452280655,1.0,0.0,0.0,-0.03173449741008417,-0.0322976996869917,-0.0005632022769075304,5.0,1.0,1.0
Queue-nominal,0.45,1609,QP+G,10,10.0,10.0,0.24,1.3650024515142336,0.1758238600478421,0.08910224862073848,0.18351782508349346,0.03226681239376452,1.0,0.0,0.0,-0.0321483883185281,-0.03271942006151818,-0.0005710317429900788,5.0,1.0,1.0
Queue-nominal,0.45,1609,QP+G,11,11.0,11.0,0.24,1.3678470574263055,0.17545821274169043,0.09987975293742604,0.18191504988504267,0.031918489523645045,1.0,0.0,0.0,-0.03285253343634666,-0.03340547338292321,-0.0005529399465765486,5.0,1.0,1.0
Queue-nominal,0.45,1609,QP+G,12,12.0,12.0,0.24,0.0,0.17469315320884404,0.11072762285718633,0.18021456718516546,0.03148225099574363,0.0,1.0,0.0,-0.03364730512586741,-0.016217240437033098,0.01743006468883431,5.0,1.0,1.0
Queue-nominal,0.45,1609,QP+G,13,13.0,13.0,0.24,1.3821474293026637,0.17364283643828607,0.11349315319099634,0.1793913045575978,0.03115001495574572,1.0,0.0,0.0,-0.03477927917945117,-0.03540623473823068,-0.0006269555587795073,5.0,1.0,1.0
Queue-nominal,0.45,1609,QP+G,14,14.0,14.0,0.24,1.393338918908414,0.1722481133219358,0.12522364606560704,0.1774876257242575,0.03057190866899323,1.0,0.0,0.0,-0.035739826978081916,-0.03643202777835253,-0.0006922008002706106,5.0,1.0,1.0
Queue-nominal,0.45,1609,QP+G,15,15.0,15.0,0.24,1.408834353409292,0.17035359722682433,0.13967985681775702,0.1754397999521028,0.029886801018595154,1.0,0.0,0.0,-0.036861070207704946,-0.037595519658201404,-0.0007344494504964577,5.0,1.0,1.0
Queue-nominal,0.45,1609,QP+G,16,16.0,16.0,0.24,0.0,0.16804562471022363,0.15742857602192648,0.17321903704745398,0.029108701292342776,0.0,1.0,0.0,-0.037961337389129005,-0.018782095886809014,0.01917924150231999,5.0,1.0,1.0
Queue-nominal,0.45,1609,QP+G,17,17.0,17.0,0.24,1.4444971716220234,0.1661477811898409,0.1612183499893358,0.1721420529353104,0.02860102014466596,1.0,0.0,0.0,-0.03948004434624319,-0.040260023107173915,-0.0007799787609307218,5.0,1.0,1.0
Queue-nominal,0.45,1609,QP+G,18,18.0,18.0,0.24,0.0,0.1635146248108691,0.18404740437425163,0.16957195875395056,0.027727495214096395,0.0,1.0,0.0,-0.04012231596098449,-0.01959579814054191,0.020526517820442583,5.0,1.0,1.0
Queue-nominal,0.45,1609,QP+G,19,19.0,19.0,0.24,1.488355037480824,0.1612518478159766,0.18937234606300454,0.16837315058173136,0.027150481653901857,1.0,0.0,0.0,-0.041576948655221956,-0.04231914871760134,-0.0007422000623793848,5.0,1.0,1.0
Queue-nominal,0.45,1609,QP+G,20,20.0,20.0,0.24,0.0,0.15866143561598894,0.21664684778039142,0.1654245448003138,0.026246495764139264,0.0,1.0,0.0,-0.04132930654542444,-0.020205808249626145,0.021123498295798293,5.0,1.0,1.0
Queue-nominal,0.45,1609,QP+G,21,21.0,21.0,0.24,0.0,0.15626471358395866,0.2238342917684502,0.16408723444652534,0.025641044693570158,0.0,1.0,0.0,-0.04248504476570143,-0.01979245556735254,0.022692589198348892,5.0,1.0,1.0
Queue-nominal,0.45,1609,QP+G,22,22.0,22.0,0.24,1.5607107001223819,0.15377609699297928,0.23182134780197672,0.16273898955523688,0.02502536664238555,1.0,0.0,0.0,-0.0435477569122059,-0.044188005170040956,-0.0006402482578350549,5.0,1.0,1.0
Queue-nominal,0.45,1609,QP+G,23,23.0,23.0,0.24,0.0,0.151697335906957,0.26185710833379816,0.15926761251937868,0.024160472515451257,0.0,1.0,0.0,-0.04194859169679808,-0.019891112018370016,0.02205747967842806,5.0,1.0,1.0
Queue-nominal,0.45,1609,QP+G,24,24.0,24.0,0.24,1.6,0.14937498402310853,0.27104916539045804,0.15777913516341507,0.023568255794215006,1.0,0.0,0.0,-0.04248734091964845,-0.043082869479972974,-0.0005955285603245208,5.0,1.0,1.0
Queue-nominal,0.45,1609,QP+G,25,25.0,25.0,0.24,0.0,0.14770745323607298,0.3000080115052872,0.1541171447358567,0.022764250948948645,0.0,1.0,0.0,-0.04004630256917352,-0.0196243714962705,0.02042193107290302,5.0,1.0,1.0
Queue-nominal,0.45,1609,QP+G,26,26.0,26.0,0.24,1.6,0.1456220948866316,0.3094267190212411,0.15250911895247632,0.022208697391174093,1.0,0.0,0.0,-0.04004370797531287,-0.040606705500639606,-0.0005629975253267361,5.0,1.0,1.0
Queue-nominal,0.45,1609,QP+G,27,27.0,27.0,0.24,0.0,0.1442571970703112,0.3357382010426157,0.1488282766515106,0.02146955003455176,0.0,1.0,0.0,-0.0374894217933992,-0.019111446416767208,0.018377975376631994,5.0,1.0,1.0
Queue-nominal,0.45,1609,QP+G,28,28.0,28.0,0.24,1.6,0.14240870268515005,0.3446974381077923,0.1471304930215028,0.020952662636618737,1.0,0.0,0.0,-0.03728074562190997,-0.037817491165483164,-0.0005367455435731916,5.0,1.0,1.0
Queue-nominal,0.45,1609,QP+G,29,29.0,29.0,0.24,1.6,0.14124569209961937,0.36822774095823546,0.14351781039829592,0.020271272458329256,1.0,0.0,0.0,-0.03480915551995878,-0.035350240819875145,-0.0005410852999163662,5.0,1.0,1.0
Queue-nominal,0.45,1609,QP+G,30,30.0,30.0,0.24,0.0,0.14017156690987317,0.39069043000014925,0.1400490553666855,0.019630895534995887,0.0,1.0,0.0,-0.032480253604366904,-0.01839921903482722,0.014081034569539685,5.0,1.0,1.0
Queue-nominal,0.45,1609,QP+G,31,31.0,31.0,0.24,1.6,0.13860922434219833,0.3978267421500991,0.13824145096327814,0.01916154028996003,1.0,0.0,0.0,-0.03214851584371825,-0.03265874614242037,-0.000510230298702119,5.0,1.0,1.0
Queue-nominal,0.45,1609,QP+G,32,32.0,32.0,0.24,1.6,0.13767268554001358,0.4179631934651902,0.13490745610124444,0.01857307178082981,1.0,0.0,0.0,-0.030027422286630575,-0.03054159876094209,-0.0005141764743115153,5.0,1.0,1.0
Queue-nominal,0.45,1609,QP+G,33,33.0,33.0,0.24,1.6,0.13682336141036142,0.4372947841972134,0.1317264550059303,0.018023256360582114,1.0,0.0,0.0,-0.028074642638321823,-0.028583451470997057,-0.0005088088326752338,5.0,1.0,1.0
Queue-nominal,0.45,1609,QP+G,34,34.0,34.0,0.24,1.6,0.13606640122118913,0.4557959331825533,0.12869587603483998,0.017511184704068955,1.0,0.0,0.0,-0.026254577683687327,-0.026746798585943754,-0.0004922209022564274,5.0,1.0,1.0
Queue-nominal,0.45,1609,QP+G,35,35.0,35.0,0.24,1.6,0.13540744970102891,0.4733946166200434,0.1258125357811038,0.017035954610538712,1.0,0.0,0.0,-0.024520141684831742,-0.02498577771933208,-0.0004656360345003385,5.0,1.0,1.0
Queue-nominal,0.45,1609,QP+G,36,36.0,36.0,0.24,1.6,0.13485166797206322,0.48998372880210855,0.12307307175671436,0.016596609008838355,1.0,0.0,0.0,-0.022830015239778675,-0.023269946463361668,-0.00043993122358299344,5.0,1.0,1.0
Queue-nominal,0.45,1609,QP+G,37,37.0,37.0,0.24,1.6,0.1344029137378288,0.505433276673573,0.12047420302448344,0.016192083916733324,1.0,0.0,0.0,-0.021185334534242983,-0.02161252867243557,-0.0004271941381925881,5.0,1.0,1.0
Queue-nominal,0.45,1609,QP+G,38,38.0,38.0,0.24,1.6,0.13406313285638463,0.5196024929345872,0.11801287713294356,0.015821176025838008,1.0,0.0,0.0,-0.01962281050673198,-0.020046482516051123,-0.0004236720093191426,5.0,1.0,1.0
Queue-nominal,0.45,1609,QP+G,39,39.0,39.0,0.24,1.6,0.13383198294207083,0.5323510515032622,0.11568634265960513,0.015482532637450834,1.0,0.0,0.0,-0.01816177470938385,-0.018586919090150866,-0.00042514438076701744,5.0,1.0,1.0
Queue-nominal,0.45,1609,QP+G,40,40.0,40.0,0.24,1.6,0.1337066744560713,0.5435488123525736,0.11349217308805945,0.01517466104039726,1.0,0.0,0.0,-0.016815975583566622,-0.017249174577164794,-0.0004331989935981717,5.0,1.0,1.0
Queue-nominal,0.45,1609,QP+G,41,41.0,41.0,0.24,0.0,0.13368198804989329,0.5530838349329578,0.11142825807293459,0.014895951064126467,0.0,1.0,0.0,-0.015715632921303277,-0.015563063506969455,0.00015256941433382243,5.0,1.0,1.0
Queue-nominal,0.45,1609,QP+G,42,42.0,42.0,0.24,1.6,0.13314527962438888,0.5480839211419667,0.10948126442304511,0.014576913565238,1.0,0.0,0.0,-0.015399486053375266,-0.01580688388696827,-0.00040739783359300397,5.0,1.0,1.0
Queue-nominal,0.45,1609,QP+G,43,43.0,43.0,0.24,0.7831025722433596,0.13330853359106024,0.5540426850459313,0.10755575719808629,0.014338100271353004,1.0,0.0,0.0,-0.014533066173383081,-0.01473444561640469,-0.00020137944302160878,5.0,1.0,1.0
Queue-nominal,0.45,1609,QP+G,44,44.0,44.0,0.24,0.8101354670379471,0.13326801200187172,0.5520078373179726,0.10570504699658716,0.01408710147179959,1.0,0.0,0.0,-0.014020544392858074,-0.01421974186445274,-0.000199197471594666,5.0,1.0,1.0
Queue-nominal,0.45,1609,QP+G,45,45.0,45.0,0.24,0.8323632653476628,0.13332860041882466,0.5484360169206554,0.10391148966625245,0.013854373484636601,1.0,0.0,0.0,-0.013552824763173895,-0.013748184205052194,-0.0001953594418782987,5.0,1.0,1.0
Queue-nominal,0.45,1609,QP+G,46,46.0,46.0,0.24,0.854167985985352,0.1334833104302689,0.5432138863972527,0.10217863365175202,0.013639142275077535,1.0,0.0,0.0,-0.013124805027317223,-0.013315112181851996,-0.0001903071545347728,5.0,1.0,1.0
Queue-nominal,0.45,1609,QP+G,47,47.0,47.0,0.24,0.8710964253374731,0.1337243906713754,0.5362819717910211,0.10051018017703359,0.01344066260044397,1.0,0.0,0.0,-0.01272813167723682,-0.012911455381695802,-0.0001833237044589816,5.0,1.0,1.0
Queue-nominal,0.45,1609,QP+G,48,48.0,48.0,0.24,0.8858094676123753,0.1340406593424059,0.5275749930209426,0.09890926220979936,0.013257862721672417,1.0,0.0,0.0,-0.012354166179010834,-0.012529653325033863,-0.00017548714602302895,5.0,1.0,1.0
Queue-nominal,0.45,1609,QP+G,49,49.0,49.0,0.24,0.8973085710896521,0.13441973072455793,0.5170747231517506,0.09737898189335803,0.013089656524336787,1.0,0.0,0.0,-0.011995558818784833,-0.012162631755152198,-0.0001670729363673646,5.0,1.0,1.0
Queue-nominal,0.45,1609,QP+G,50,50.0,50.0,0.24,0.9059956310992398,0.13484705008564737,0.5047871112196453,0.09592201570140631,0.01293480085560379,1.0,0.0,0.0,-0.011647281342463097,-0.011805419063007916,-0.00015813772054481916,5.0,1.0,1.0
Queue-nominal,0.45,1609,QP+G,51,51.0,51.0,0.24,0.9098640768651546,0.1353062985384055,0.4907543397357072,0.09454070374572948,0.012791952685050624,1.0,0.0,0.0,-0.011305331230150194,-0.011453334517661284,-0.0001480032875110903,5.0,1.0,1.0
Queue-nominal,0.45,1609,QP+G,52,52.0,52.0,0.24,0.906677888688286,0.1357793762354578,0.4750396841639636,0.09323653686584828,0.012659598817999145,1.0,0.0,0.0,-0.010965130895334678,-0.011101028198749585,-0.0001358973034149072,5.0,1.0,1.0
Queue-nominal,0.45,1609,QP+G,53,53.0,53.0,0.24,0.8926193381270318,0.13624725926574882,0.457724405087276,0.09200986129001032,0.012536091426185622,1.0,0.0,0.0,-0.010620230453785328,-0.01074100059391525,-0.0001207701401299225,5.0,1.0,1.0
Queue-nominal,0.45,1609,QP+G,54,54.0,54.0,0.24,0.8632062496460312,0.13669143831387592,0.4388900152638563,0.09085931067583974,0.012419689860487837,1.0,0.0,0.0,-0.010261332884770364,-0.010362868830277261,-0.00010153594550689655,5.0,1.0,1.0
Queue-nominal,0.45,1609,QP+G,55,55.0,55.0,0.24,0.8138370514295697,0.13709625004511264,0.41859972337093043,0.0897814493104771,0.012308700024081775,1.0,0.0,0.0,-0.009875667494334942,-0.009953237268663706,-7.756977432876386e-05,5.0,1.0,1.0
Queue-nominal,0.45,1609,QP+G,56,56.0,56.0,0.24,0.7422935313309093,0.13745187133046957,0.3968766652805899,0.08877075891509792,0.012201706932306175,1.0,0.0,0.0,-0.009447603939143985,-0.009497343909167899,-4.973997002391366e-05,5.0,1.0,1.0
Queue-nominal,0.45,1609,QP+G,57,57.0,57.0,0.24,0.6508132800053298,0.13775685451424075,0.3737002738563041,0.08782061894395789,0.012097892227213383,1.0,0.0,0.0,-0.008961408981384323,-0.00898243042568847,-2.1021444304146833e-05,5.0,1.0,1.0
Queue-nominal,0.45,1609,QP+G,58,58.0,58.0,0.24,0.5461653598219104,0.13801859074972733,0.3490306529639025,0.08692524368607718,0.011997299634129006,1.0,0.0,0.0,-0.008405611063043382,-0.008401296163424776,4.314899618605358e-06,5.0,1.0,1.0
Queue-nominal,0.45,1609,QP+G,59,59.0,59.0,0.24,0.43659821199359483,0.1382509253955496,0.3228546179809247,0.08608173999908313,0.011900880214532337,1.0,0.0,0.0,-0.007776110944059369,-0.007753494188357246,2.2616755702122883e-05,5.0,1.0,1.0
Queue-nominal,0.45,1609,QP+G,60,60.0,60.0,0.24,0.0,0.13847041490947815,0.29522123939599654,0.08529098017865595,0.011810277413374566,0.0,1.0,0.0,-0.007075799386895281,-0.007056423573553516,1.9375813341764893e-05,5.0,1.0,1.0
Queue-nominal,0.45,1609,noG,1,1.0,0.0,0.24,0.0,0.0,0.0,0.18909178715369113,0.0,0.0,0.0,0.0,-0.023163996525172866,-0.02317040721265773,-6.410687484862537e-06,3.0,1.0,0.0
Queue-nominal,0.45,1609,noG,2,2.0,0.0,0.24,0.0,0.0,0.0,0.18939475295031732,0.0,0.0,0.0,0.0,-0.02231264516161513,-0.022298471444970325,1.4173716644805268e-05,3.0,1.0,0.0
Queue-nominal,0.45,1609,noG,3,3.0,0.0,0.24,0.0,0.0,0.0,0.18958751282594846,0.0,0.0,0.0,0.0,-0.021306269056342583,-0.021251647407429797,5.462164891278584e-05,3.0,1.0,0.0
Queue-nominal,0.45,1609,noG,4,4.0,0.0,0.24,0.0,0.0,0.0,0.18967955359603725,0.0,0.0,0.0,0.0,-0.01990057451827898,-0.01986272916487586,3.7845353403120896e-05,3.0,1.0,0.0
Queue-nominal,0.45,1609,noG,5,5.0,0.0,0.24,0.0,0.0,0.0,0.18967996087252692,0.0,0.0,0.0,0.0,-0.018279445880260425,-0.018305032003593347,-2.5586123332921318e-05,3.0,1.0,0.0
Queue-nominal,0.45,1609,noG,6,6.0,0.0,0.24,0.0,0.0,0.0,0.18959814801489097,0.0,0.0,0.0,0.0,-0.016837606483677266,-0.016875127020282488,-3.752053660522128e-05,3.0,1.0,0.0
Queue-nominal,0.45,1609,noG,7,7.0,0.0,0.24,0.0,0.0,0.0,0.18944435056007247,0.0,0.0,0.0,0.0,-0.01557459928627658,-0.015578197405245131,-3.5981189685507786e-06,3.0,1.0,0.0
Queue-nominal,0.45,1609,noG,8,8.0,0.0,0.24,0.0,0.0,0.0,0.18922982282128578,0.0,0.0,0.0,0.0,-0.014265674184370525,-0.014257644486286303,8.029698084222048e-06,3.0,1.0,0.0
Queue-nominal,0.45,1609,noG,9,9.0,0.0,0.24,0.0,0.0,0.0,0.1889667488601359,0.0,0.0,0.0,0.0,-0.012882538985921064,-0.012895628686269589,-1.3089700348524816e-05,3.0,1.0,0.0
Queue-nominal,0.45,1609,noG,10,10.0,0.0,0.24,0.0,0.0,0.0,0.1886679300994605,0.0,0.0,0.0,0.0,-0.01158842710959007,-0.011630917310132993,-4.2490200542923476e-05,3.0,1.0,0.0
Queue-nominal,0.45,1609,noG,11,11.0,0.0,0.24,0.0,0.0,0.0,0.18834633543720175,0.0,0.0,0.0,0.0,-0.010564067451888091,-0.010615712298327917,-5.164484643982621e-05,3.0,1.0,0.0
Queue-nominal,0.45,1609,noG,12,12.0,0.0,0.24,0.0,0.0,0.0,0.18801460023576763,0.0,0.0,0.0,0.0,-0.00983928532894751,-0.009872533684015306,-3.324835506779596e-05,3.0,1.0,0.0
Queue-nominal,0.45,1609,noG,13,13.0,0.0,0.24,0.0,0.0,0.0,0.1876845440770798,0.0,0.0,0.0,0.0,-0.009289921630699638,-0.009300932182112032,-1.101055141239371e-05,3.0,1.0,0.0
Queue-nominal,0.45,1609,noG,14,14.0,0.0,0.24,0.0,0.0,0.0,0.18736675095280572,0.0,0.0,0.0,0.0,-0.00879869091416907,-0.008796325276895889,2.3656372731811065e-06,3.0,1.0,0.0
Queue-nominal,0.45,1609,noG,15,15.0,0.0,0.24,0.0,0.0,0.0,0.18707022679108531,0.0,0.0,0.0,0.0,-0.008309666133081704,-0.008301978911303909,7.687221777795059e-06,3.0,1.0,0.0
Queue-nominal,0.45,1609,noG,16,16.0,0.0,0.24,0.0,0.0,0.0,0.18680212409651709,0.0,0.0,0.0,0.0,-0.007813414209913994,-0.0078101356848683245,3.2785250456690562e-06,3.0,1.0,0.0
Queue-nominal,0.45,1609,noG,17,17.0,0.0,0.24,0.0,0.0,0.0,0.18656750662542726,0.0,0.0,0.0,0.0,-0.007357542410759699,-0.007366149865678739,-8.607454919040691e-06,3.0,1.0,0.0
Queue-nominal,0.45,1609,noG,18,18.0,0.0,0.24,0.0,0.0,0.0,0.18636912122925,0.0,0.0,0.0,0.0,-0.007023248115478609,-0.007042122759326475,-1.887464384786597e-05,3.0,1.0,0.0
Queue-nominal,0.45,1609,noG,19,19.0,0.0,0.24,0.0,0.0,0.0,0.1862071501684786,0.0,0.0,0.0,0.0,-0.006870457881342773,-0.006895414284551649,-2.49564032088756e-05,3.0,1.0,0.0
Queue-nominal,0.45,1609,noG,20,20.0,0.0,0.24,0.0,0.0,0.0,0.18607893433797862,0.0,0.0,0.0,0.0,-0.006931573562738435,-0.006958768163446205,-2.7194600707770335e-05,3.0,1.0,0.0
Queue-nominal,0.45,1609,noG,21,21.0,0.0,0.24,0.0,0.0,0.0,0.18597868313287616,0.0,0.0,0.0,0.0,-0.00721512676438163,-0.007240899705042381,-2.5772940660750976e-05,3.0,1.0,0.0
Queue-nominal,0.45,1609,noG,22,22.0,0.0,0.24,0.0,0.0,0.0,0.18589721558141376,0.0,0.0,0.0,0.0,-0.007710930124416038,-0.007734693227039013,-2.376310262297565e-05,3.0,1.0,0.0
Queue-nominal,0.45,1609,noG,23,23.0,0.0,0.24,0.0,0.0,0.0,0.18582180385486274,0.0,0.0,0.0,0.0,-0.008410301499774953,-0.008432034136090838,-2.17326363158854e-05,3.0,1.0,0.0
Queue-nominal,0.45,1609,noG,24,24.0,0.0,0.24,0.0,0.0,0.0,0.18573620736204607,0.0,0.0,0.0,0.0,-0.009303787625376536,-0.009320963213294675,-1.7175587918139e-05,3.0,1.0,0.0
Queue-nominal,0.45,1609,noG,25,25.0,0.0,0.24,0.0,0.0,0.0,0.18562098642192426,0.0,0.0,0.0,0.0,-0.010361618882601675,-0.010369597572423395,-7.978689821719342e-06,3.0,1.0,0.0
Queue-nominal,0.45,1609,noG,26,26.0,0.0,0.24,0.0,0.0,0.0,0.18545416367708073,0.0,0.0,0.0,0.0,-0.0115205261261897,-0.01151472682016541,5.7993060242900185e-06,3.0,1.0,0.0
Queue-nominal,0.45,1609,noG,27,27.0,0.0,0.24,0.0,0.0,0.0,0.18521225730459334,0.0,0.0,0.0,0.0,-0.012686875717884405,-0.012666644991122578,2.0230726761827356e-05,3.0,1.0,0.0
Queue-nominal,0.45,1609,noG,28,28.0,0.0,0.24,0.0,0.0,0.0,0.18487164665732955,0.0,0.0,0.0,0.0,-0.013767549899776908,-0.013740233632468346,2.731626730856189e-05,3.0,1.0,0.0
Queue-nominal,0.45,1609,noG,29,29.0,0.0,0.24,0.0,0.0,0.0,0.18441015882792136,0.0,0.0,0.0,0.0,-0.014721514102729037,-0.014696292367148533,2.5221735580503377e-05,3.0,1.0,0.0
Queue-nominal,0.45,1609,noG,30,30.0,0.0,0.24,0.0,0.0,0.0,0.1838087000645622,0.0,0.0,0.0,0.0,-0.015558653128260325,-0.01553741865929803,2.1234468962294528e-05,3.0,1.0,0.0
Queue-nominal,0.45,1609,noG,31,31.0,0.0,0.24,0.0,0.0,0.0,0.18305271745759294,0.0,0.0,0.0,0.0,-0.01629544661748028,-0.01628028144406235,1.5165173417930333e-05,3.0,1.0,0.0
Queue-nominal,0.45,1609,noG,32,32.0,0.0,0.24,0.0,0.0,0.0,0.18213327886265404,0.0,0.0,0.0,0.0,-0.016958968945668396,-0.01695086820252989,8.100743138506061e-06,3.0,1.0,0.0
Queue-nominal,0.45,1609,noG,33,33.0,0.0,0.24,0.0,0.0,0.0,0.1810476081154508,0.0,0.0,0.0,0.0,-0.017582714126849197,-0.01758683411643336,-4.1199895841614875e-06,3.0,1.0,0.0
Queue-nominal,0.45,1609,noG,34,34.0,0.0,0.24,0.0,0.0,0.0,0.17979900037669508,0.0,0.0,0.0,0.0,-0.01822796072772803,-0.018242980658500496,-1.5019930772467577e-05,3.0,1.0,0.0
Queue-nominal,0.45,1609,noG,35,35.0,0.0,0.24,0.0,0.0,0.0,0.17839614850068983,0.0,0.0,0.0,0.0,-0.01892909207630744,-0.01894584458553661,-1.67525092291676e-05,3.0,1.0,0.0
Queue-nominal,0.45,1609,noG,36,36.0,0.0,0.24,0.0,0.0,0.0,0.1768520086001474,0.0,0.0,0.0,0.0,-0.019658078235451622,-0.019671370070236893,-1.3291834785270767e-05,3.0,1.0,0.0
Queue-nominal,0.45,1609,noG,37,37.0,0.0,0.24,0.0,0.0,0.0,0.1751823970251501,0.0,0.0,0.0,0.0,-0.020361563537836247,-0.020367510428860314,-5.946891024066758e-06,3.0,1.0,0.0
Queue-nominal,0.45,1609,noG,38,38.0,0.0,0.24,0.0,0.0,0.0,0.17340452849015087,0.0,0.0,0.0,0.0,-0.020973720216290737,-0.020972180757094172,1.5394591965645077e-06,3.0,1.0,0.0
Queue-nominal,0.45,1609,noG,39,39.0,0.0,0.24,0.0,0.0,0.0,0.1715356779426439,0.0,0.0,0.0,0.0,-0.021445509805042562,-0.021441534305236765,3.975499805797256e-06,3.0,1.0,0.0
Queue-nominal,0.45,1609,noG,40,40.0,0.0,0.24,0.0,0.0,0.0,0.16959209173010983,0.0,0.0,0.0,0.0,-0.02177245753443024,-0.021770648369932033,1.809164498208643e-06,3.0,1.0,0.0
Queue-nominal,0.45,1609,noG,41,41.0,0.0,0.24,0.0,0.0,0.0,0.16758820725727122,0.0,0.0,0.0,0.0,-0.021980748202823364,-0.0219811474594227,-3.9925659933714996e-07,3.0,1.0,0.0
Queue-nominal,0.45,1609,noG,42,42.0,0.0,0.24,0.0,0.0,0.0,0.16553618286979638,0.0,0.0,0.0,0.0,-0.0220952578272815,-0.02209594109710622,-6.832698247194458e-07,3.0,1.0,0.0
Queue-nominal,0.45,1609,noG,43,43.0,0.0,0.24,0.0,0.0,0.0,0.16344570154977903,0.0,0.0,0.0,0.0,-0.022129875740897198,-0.022129380949768684,4.947911285135831e-07,3.0,1.0,0.0
Queue-nominal,0.45,1609,noG,44,44.0,0.0,0.24,0.0,0.0,0.0,0.16132399458208188,0.0,0.0,0.0,0.0,-0.022090940464862818,-0.022088248624907436,2.691839955382136e-06,3.0,1.0,0.0
Queue-nominal,0.45,1609,noG,45,45.0,0.0,0.24,0.0,0.0,0.0,0.1591760296227858,0.0,0.0,0.0,0.0,-0.021978409939769072,-0.02197194838742922,6.461552339853682e-06,3.0,1.0,0.0
Queue-nominal,0.45,1609,noG,46,46.0,0.0,0.24,0.0,0.0,0.0,0.15700481415506173,0.0,0.0,0.0,0.0,-0.021778992615781863,-0.021763236620054194,1.5755995727669697e-05,3.0,1.0,0.0
Queue-nominal,0.45,1609,noG,47,47.0,0.0,0.24,0.0,0.0,0.0,0.15481177379918185,0.0,0.0,0.0,0.0,-0.021435653388373055,-0.021400628463092985,3.50249252800694e-05,3.0,1.0,0.0
Queue-nominal,0.45,1609,noG,48,48.0,0.0,0.24,0.0,0.0,0.0,0.15259717178205875,0.0,0.0,0.0,0.0,-0.020844772357335725,-0.020818099639809517,2.6672717526207007e-05,3.0,1.0,0.0
Queue-nominal,0.45,1609,noG,49,49.0,0.0,0.24,0.0,0.0,0.0,0.15036054028390525,0.0,0.0,0.0,0.0,-0.020123079129192863,-0.020134255700835713,-1.117657164284927e-05,3.0,1.0,0.0
Queue-nominal,0.45,1609,noG,50,50.0,0.0,0.24,0.0,0.0,0.0,0.14810109734414761,0.0,0.0,0.0,0.0,-0.01949848389415365,-0.019495366911480794,3.1169826728572048e-06,3.0,1.0,0.0
Queue-nominal,0.45,1609,noG,51,51.0,0.0,0.24,0.0,0.0,0.0,0.14581812602348432,0.0,0.0,0.0,0.0,-0.018808245027486237,-0.018754389480161837,5.3855547324399566e-05,3.0,1.0,0.0
Queue-nominal,0.45,1609,noG,52,52.0,0.0,0.24,0.0,0.0,0.0,0.1435112966861852,0.0,0.0,0.0,0.0,-0.017769358795027834,-0.017735692675154624,3.366611987321022e-05,3.0,1.0,0.0
Queue-nominal,0.45,1609,noG,53,53.0,0.0,0.24,0.0,0.0,0.0,0.14118091889726192,0.0,0.0,0.0,0.0,-0.01664280658651762,-0.01668828541052214,-4.547882400452244e-05,3.0,1.0,0.0
Queue-nominal,0.45,1609,noG,54,54.0,0.0,0.24,0.0,0.0,0.0,0.1388281160937189,0.0,0.0,0.0,0.0,-0.015857726041610398,-0.015859598842934197,-1.8728013237989671e-06,3.0,1.0,0.0
Queue-nominal,0.45,1609,noG,55,55.0,0.0,0.24,0.0,0.0,0.0,0.1364549230222036,0.0,0.0,0.0,0.0,-0.015064489636609224,-0.015066893699740902,-2.404063131677958e-06,3.0,1.0,0.0
Queue-nominal,0.45,1609,noG,56,56.0,0.0,0.24,0.0,0.0,0.0,0.13406431199802357,0.0,0.0,0.0,0.0,-0.014340240057755247,-0.014361253961236553,-2.1013903481305676e-05,3.0,1.0,0.0
Queue-nominal,0.45,1609,noG,57,57.0,0.0,0.24,0.0,0.0,0.0,0.13166015860687788,0.0,0.0,0.0,0.0,-0.013746371584311133,-0.013721041042576099,2.533054173503406e-05,3.0,1.0,0.0
Queue-nominal,0.45,1609,noG,58,58.0,0.0,0.24,0.0,0.0,0.0,0.12924716017795698,0.0,0.0,0.0,0.0,-0.012993840976758262,-0.013017399206650904,-2.3558229892641294e-05,3.0,1.0,0.0
Queue-nominal,0.45,1609,noG,59,59.0,0.0,0.24,0.0,0.0,0.0,0.12683072121921277,0.0,0.0,0.0,0.0,-0.012481983179801757,-0.01251612868956653,-3.414550976477311e-05,3.0,1.0,0.0
Queue-nominal,0.45,1609,noG,60,60.0,0.0,0.24,0.0,0.0,0.0,0.12441681932863932,0.0,0.0,0.0,0.0,-0.0121792973958712,-0.012184189784556487,-4.892388685286478e-06,3.0,1.0,0.0
Queue-nominal,0.45,1609,Minimax-PPO,1,1.0,0.0,0.16,0.0,,,,,,,,,,,,1.0,0.0
Queue-nominal,0.45,1609,Minimax-PPO,2,2.0,0.0,0.16,0.0,,,,,,,,,,,,1.0,0.0
Queue-nominal,0.45,1609,Minimax-PPO,3,3.0,0.0,0.16,0.0,,,,,,,,,,,,1.0,0.0
Queue-nominal,0.45,1609,Minimax-PPO,4,4.0,0.0,0.16,0.0,,,,,,,,,,,,1.0,0.0
Queue-nominal,0.45,1609,Minimax-PPO,5,5.0,0.0,0.16,0.0,,,,,,,,,,,,1.0,0.0
Queue-nominal,0.45,1609,Minimax-PPO,6,6.0,0.0,0.16,0.0,,,,,,,,,,,,1.0,0.0
Queue-nominal,0.45,1609,Minimax-PPO,7,7.0,0.0,0.16,0.0,,,,,,,,,,,,1.0,0.0
Queue-nominal,0.45,1609,Minimax-PPO,8,8.0,0.0,0.16,0.0,,,,,,,,,,,,1.0,0.0
Queue-nominal,0.45,1609,Minimax-PPO,9,9.0,0.0,0.16,0.0,,,,,,,,,,,,1.0,0.0
Queue-nominal,0.45,1609,Minimax-PPO,10,10.0,0.0,0.16,0.0,,,,,,,,,,,,1.0,0.0
Queue-nominal,0.45,1609,Minimax-PPO,11,11.0,0.0,0.16,0.0,,,,,,,,,,,,1.0,0.0
Queue-nominal,0.45,1609,Minimax-PPO,12,12.0,0.0,0.16,0.0,,,,,,,,,,,,1.0,0.0
Queue-nominal,0.45,1609,Minimax-PPO,13,13.0,0.0,0.16,0.0,,,,,,,,,,,,1.0,0.0
Queue-nominal,0.45,1609,Minimax-PPO,14,14.0,0.0,0.16,0.0,,,,,,,,,,,,1.0,0.0
Queue-nominal,0.45,1609,Minimax-PPO,15,15.0,0.0,0.16,0.0,,,,,,,,,,,,1.0,0.0
Queue-nominal,0.45,1609,Minimax-PPO,16,16.0,0.0,0.16,0.0,,,,,,,,,,,,1.0,0.0
Queue-nominal,0.45,1609,Minimax-PPO,17,17.0,0.0,0.16,0.0,,,,,,,,,,,,1.0,0.0
Queue-nominal,0.45,1609,Minimax-PPO,18,18.0,0.0,0.16,0.0,,,,,,,,,,,,1.0,0.0
Queue-nominal,0.45,1609,Minimax-PPO,19,19.0,0.0,0.16,0.0,,,,,,,,,,,,1.0,0.0
Queue-nominal,0.45,1609,Minimax-PPO,20,20.0,0.0,0.16,0.0,,,,,,,,,,,,1.0,0.0
Queue-nominal,0.45,1609,Minimax-PPO,21,21.0,0.0,0.16,0.0,,,,,,,,,,,,1.0,0.0
Queue-nominal,0.45,1609,Minimax-PPO,22,22.0,0.0,0.16,0.0,,,,,,,,,,,,1.0,0.0
Queue-nominal,0.45,1609,Minimax-PPO,23,23.0,0.0,0.16,0.0,,,,,,,,,,,,1.0,0.0
Queue-nominal,0.45,1609,Minimax-PPO,24,24.0,0.0,0.16,0.0,,,,,,,,,,,,1.0,0.0
Queue-nominal,0.45,1609,Minimax-PPO,25,25.0,0.0,0.16,0.0,,,,,,,,,,,,1.0,0.0
Queue-nominal,0.45,1609,Minimax-PPO,26,26.0,0.0,0.16,0.0,,,,,,,,,,,,1.0,0.0
Queue-nominal,0.45,1609,Minimax-PPO,27,27.0,0.0,0.16,0.0,,,,,,,,,,,,1.0,0.0
Queue-nominal,0.45,1609,Minimax-PPO,28,28.0,0.0,0.16,0.0,,,,,,,,,,,,1.0,0.0
Queue-nominal,0.45,1609,Minimax-PPO,29,29.0,0.0,0.16,0.0,,,,,,,,,,,,1.0,0.0
Queue-nominal,0.45,1609,Minimax-PPO,30,30.0,0.0,0.16,0.0,,,,,,,,,,,,1.0,0.0
Queue-nominal,0.45,1609,Minimax-PPO,31,31.0,0.0,0.16,0.0,,,,,,,,,,,,1.0,0.0
Queue-nominal,0.45,1609,Minimax-PPO,32,32.0,0.0,0.16,0.0,,,,,,,,,,,,1.0,0.0
Queue-nominal,0.45,1609,Minimax-PPO,33,33.0,0.0,0.16,0.0,,,,,,,,,,,,1.0,0.0
Queue-nominal,0.45,1609,Minimax-PPO,34,34.0,0.0,0.16,0.0,,,,,,,,,,,,1.0,0.0
Queue-nominal,0.45,1609,Minimax-PPO,35,35.0,0.0,0.16,0.0,,,,,,,,,,,,1.0,0.0
Queue-nominal,0.45,1609,Minimax-PPO,36,36.0,0.0,0.16,0.0,,,,,,,,,,,,1.0,0.0
Queue-nominal,0.45,1609,Minimax-PPO,37,37.0,0.0,0.16,0.0,,,,,,,,,,,,1.0,0.0
Queue-nominal,0.45,1609,Minimax-PPO,38,38.0,0.0,0.16,0.0,,,,,,,,,,,,1.0,0.0
Queue-nominal,0.45,1609,Minimax-PPO,39,39.0,0.0,0.16,0.0,,,,,,,,,,,,1.0,0.0
Queue-nominal,0.45,1609,Minimax-PPO,40,40.0,0.0,0.16,0.0,,,,,,,,,,,,1.0,0.0
Queue-nominal,0.45,1609,Minimax-PPO,41,41.0,0.0,0.16,0.0,,,,,,,,,,,,1.0,0.0
Queue-nominal,0.45,1609,Minimax-PPO,42,42.0,0.0,0.16,0.0,,,,,,,,,,,,1.0,0.0
Queue-nominal,0.45,1609,Minimax-PPO,43,43.0,0.0,0.16,0.0,,,,,,,,,,,,1.0,0.0
Queue-nominal,0.45,1609,Minimax-PPO,44,44.0,0.0,0.16,0.0,,,,,,,,,,,,1.0,0.0
Queue-nominal,0.45,1609,Minimax-PPO,45,45.0,0.0,0.16,0.0,,,,,,,,,,,,1.0,0.0
Queue-nominal,0.45,1609,Minimax-PPO,46,46.0,0.0,0.16,0.0,,,,,,,,,,,,1.0,0.0
Queue-nominal,0.45,1609,Minimax-PPO,47,47.0,0.0,0.16,0.0,,,,,,,,,,,,1.0,0.0
Queue-nominal,0.45,1609,Minimax-PPO,48,48.0,0.0,0.16,0.0,,,,,,,,,,,,1.0,0.0
Queue-nominal,0.45,1609,Minimax-PPO,49,49.0,0.0,0.16,0.0,,,,,,,,,,,,1.0,0.0
Queue-nominal,0.45,1609,Minimax-PPO,50,50.0,0.0,0.16,0.0,,,,,,,,,,,,1.0,0.0
Queue-nominal,0.45,1609,Minimax-PPO,51,51.0,0.0,0.16,0.0,,,,,,,,,,,,1.0,0.0
Queue-nominal,0.45,1609,Minimax-PPO,52,52.0,0.0,0.16,0.0,,,,,,,,,,,,1.0,0.0
Queue-nominal,0.45,1609,Minimax-PPO,53,53.0,0.0,0.16,0.0,,,,,,,,,,,,1.0,0.0
Queue-nominal,0.45,1609,Minimax-PPO,54,54.0,0.0,0.16,0.0,,,,,,,,,,,,1.0,0.0
Queue-nominal,0.45,1609,Minimax-PPO,55,55.0,0.0,0.16,0.0,,,,,,,,,,,,1.0,0.0
Queue-nominal,0.45,1609,Minimax-PPO,56,56.0,0.0,0.16,0.0,,,,,,,,,,,,1.0,0.0
Queue-nominal,0.45,1609,Minimax-PPO,57,57.0,0.0,0.16,0.0,,,,,,,,,,,,1.0,0.0
Queue-nominal,0.45,1609,Minimax-PPO,58,58.0,0.0,0.16,0.0,,,,,,,,,,,,1.0,0.0
Queue-nominal,0.45,1609,Minimax-PPO,59,59.0,0.0,0.16,0.0,,,,,,,,,,,,1.0,0.0
Queue-nominal,0.45,1609,Minimax-PPO,60,60.0,0.0,0.16,0.0,,,,,,,,,,,,1.0,0.0
Queue-nominal,0.45,1609,GDA,1,1.0,0.0,0.16,0.0,,,,,,,,,,,,1.0,0.0
Queue-nominal,0.45,1609,GDA,2,2.0,0.0,0.16,0.0,,,,,,,,,,,,1.0,0.0
Queue-nominal,0.45,1609,GDA,3,3.0,0.0,0.16,0.0,,,,,,,,,,,,1.0,0.0
Queue-nominal,0.45,1609,GDA,4,4.0,0.0,0.16,0.0,,,,,,,,,,,,1.0,0.0
Queue-nominal,0.45,1609,GDA,5,5.0,0.0,0.16,0.0,,,,,,,,,,,,1.0,0.0
Queue-nominal,0.45,1609,GDA,6,6.0,0.0,0.16,0.0,,,,,,,,,,,,1.0,0.0
Queue-nominal,0.45,1609,GDA,7,7.0,0.0,0.16,0.0,,,,,,,,,,,,1.0,0.0
Queue-nominal,0.45,1609,GDA,8,8.0,0.0,0.16,0.0,,,,,,,,,,,,1.0,0.0
Queue-nominal,0.45,1609,GDA,9,9.0,0.0,0.16,0.0,,,,,,,,,,,,1.0,0.0
Queue-nominal,0.45,1609,GDA,10,10.0,0.0,0.16,0.0,,,,,,,,,,,,1.0,0.0
Queue-nominal,0.45,1609,GDA,11,11.0,0.0,0.16,0.0,,,,,,,,,,,,1.0,0.0
Queue-nominal,0.45,1609,GDA,12,12.0,0.0,0.16,0.0,,,,,,,,,,,,1.0,0.0
Queue-nominal,0.45,1609,GDA,13,13.0,0.0,0.16,0.0,,,,,,,,,,,,1.0,0.0
Queue-nominal,0.45,1609,GDA,14,14.0,0.0,0.16,0.0,,,,,,,,,,,,1.0,0.0
Queue-nominal,0.45,1609,GDA,15,15.0,0.0,0.16,0.0,,,,,,,,,,,,1.0,0.0
Queue-nominal,0.45,1609,GDA,16,16.0,0.0,0.16,0.0,,,,,,,,,,,,1.0,0.0
Queue-nominal,0.45,1609,GDA,17,17.0,0.0,0.16,0.0,,,,,,,,,,,,1.0,0.0
Queue-nominal,0.45,1609,GDA,18,18.0,0.0,0.16,0.0,,,,,,,,,,,,1.0,0.0
Queue-nominal,0.45,1609,GDA,19,19.0,0.0,0.16,0.0,,,,,,,,,,,,1.0,0.0
Queue-nominal,0.45,1609,GDA,20,20.0,0.0,0.16,0.0,,,,,,,,,,,,1.0,0.0
Queue-nominal,0.45,1609,GDA,21,21.0,0.0,0.16,0.0,,,,,,,,,,,,1.0,0.0
Queue-nominal,0.45,1609,GDA,22,22.0,0.0,0.16,0.0,,,,,,,,,,,,1.0,0.0
Queue-nominal,0.45,1609,GDA,23,23.0,0.0,0.16,0.0,,,,,,,,,,,,1.0,0.0
Queue-nominal,0.45,1609,GDA,24,24.0,0.0,0.16,0.0,,,,,,,,,,,,1.0,0.0
Queue-nominal,0.45,1609,GDA,25,25.0,0.0,0.16,0.0,,,,,,,,,,,,1.0,0.0
Queue-nominal,0.45,1609,GDA,26,26.0,0.0,0.16,0.0,,,,,,,,,,,,1.0,0.0
Queue-nominal,0.45,1609,GDA,27,27.0,0.0,0.16,0.0,,,,,,,,,,,,1.0,0.0
Queue-nominal,0.45,1609,GDA,28,28.0,0.0,0.16,0.0,,,,,,,,,,,,1.0,0.0
Queue-nominal,0.45,1609,GDA,29,29.0,0.0,0.16,0.0,,,,,,,,,,,,1.0,0.0
Queue-nominal,0.45,1609,GDA,30,30.0,0.0,0.16,0.0,,,,,,,,,,,,1.0,0.0
Queue-nominal,0.45,1609,GDA,31,31.0,0.0,0.16,0.0,,,,,,,,,,,,1.0,0.0
Queue-nominal,0.45,1609,GDA,32,32.0,0.0,0.16,0.0,,,,,,,,,,,,1.0,0.0
Queue-nominal,0.45,1609,GDA,33,33.0,0.0,0.16,0.0,,,,,,,,,,,,1.0,0.0
Queue-nominal,0.45,1609,GDA,34,34.0,0.0,0.16,0.0,,,,,,,,,,,,1.0,0.0
Queue-nominal,0.45,1609,GDA,35,35.0,0.0,0.16,0.0,,,,,,,,,,,,1.0,0.0
Queue-nominal,0.45,1609,GDA,36,36.0,0.0,0.16,0.0,,,,,,,,,,,,1.0,0.0
Queue-nominal,0.45,1609,GDA,37,37.0,0.0,0.16,0.0,,,,,,,,,,,,1.0,0.0
Queue-nominal,0.45,1609,GDA,38,38.0,0.0,0.16,0.0,,,,,,,,,,,,1.0,0.0
Queue-nominal,0.45,1609,GDA,39,39.0,0.0,0.16,0.0,,,,,,,,,,,,1.0,0.0
Queue-nominal,0.45,1609,GDA,40,40.0,0.0,0.16,0.0,,,,,,,,,,,,1.0,0.0
Queue-nominal,0.45,1609,GDA,41,41.0,0.0,0.16,0.0,,,,,,,,,,,,1.0,0.0
Queue-nominal,0.45,1609,GDA,42,42.0,0.0,0.16,0.0,,,,,,,,,,,,1.0,0.0
Queue-nominal,0.45,1609,GDA,43,43.0,0.0,0.16,0.0,,,,,,,,,,,,1.0,0.0
Queue-nominal,0.45,1609,GDA,44,44.0,0.0,0.16,0.0,,,,,,,,,,,,1.0,0.0
Queue-nominal,0.45,1609,GDA,45,45.0,0.0,0.16,0.0,,,,,,,,,,,,1.0,0.0
Queue-nominal,0.45,1609,GDA,46,46.0,0.0,0.16,0.0,,,,,,,,,,,,1.0,0.0
Queue-nominal,0.45,1609,GDA,47,47.0,0.0,0.16,0.0,,,,,,,,,,,,1.0,0.0
Queue-nominal,0.45,1609,GDA,48,48.0,0.0,0.16,0.0,,,,,,,,,,,,1.0,0.0
Queue-nominal,0.45,1609,GDA,49,49.0,0.0,0.16,0.0,,,,,,,,,,,,1.0,0.0
Queue-nominal,0.45,1609,GDA,50,50.0,0.0,0.16,0.0,,,,,,,,,,,,1.0,0.0
Queue-nominal,0.45,1609,GDA,51,51.0,0.0,0.16,0.0,,,,,,,,,,,,1.0,0.0
Queue-nominal,0.45,1609,GDA,52,52.0,0.0,0.16,0.0,,,,,,,,,,,,1.0,0.0
Queue-nominal,0.45,1609,GDA,53,53.0,0.0,0.16,0.0,,,,,,,,,,,,1.0,0.0
Queue-nominal,0.45,1609,GDA,54,54.0,0.0,0.16,0.0,,,,,,,,,,,,1.0,0.0
Queue-nominal,0.45,1609,GDA,55,55.0,0.0,0.16,0.0,,,,,,,,,,,,1.0,0.0
Queue-nominal,0.45,1609,GDA,56,56.0,0.0,0.16,0.0,,,,,,,,,,,,1.0,0.0
Queue-nominal,0.45,1609,GDA,57,57.0,0.0,0.16,0.0,,,,,,,,,,,,1.0,0.0
Queue-nominal,0.45,1609,GDA,58,58.0,0.0,0.16,0.0,,,,,,,,,,,,1.0,0.0
Queue-nominal,0.45,1609,GDA,59,59.0,0.0,0.16,0.0,,,,,,,,,,,,1.0,0.0
Queue-nominal,0.45,1609,GDA,60,60.0,0.0,0.16,0.0,,,,,,,,,,,,1.0,0.0
Queue-nominal,0.45,1609,EGM,1,1.0,0.0,0.16,0.0,,,,,,,,,,,,1.0,0.0
Queue-nominal,0.45,1609,EGM,2,2.0,0.0,0.16,0.0,,,,,,,,,,,,1.0,0.0
Queue-nominal,0.45,1609,EGM,3,3.0,0.0,0.16,0.0,,,,,,,,,,,,1.0,0.0
Queue-nominal,0.45,1609,EGM,4,4.0,0.0,0.16,0.0,,,,,,,,,,,,1.0,0.0
Queue-nominal,0.45,1609,EGM,5,5.0,0.0,0.16,0.0,,,,,,,,,,,,1.0,0.0
Queue-nominal,0.45,1609,EGM,6,6.0,0.0,0.16,0.0,,,,,,,,,,,,1.0,0.0
Queue-nominal,0.45,1609,EGM,7,7.0,0.0,0.16,0.0,,,,,,,,,,,,1.0,0.0
Queue-nominal,0.45,1609,EGM,8,8.0,0.0,0.16,0.0,,,,,,,,,,,,1.0,0.0
Queue-nominal,0.45,1609,EGM,9,9.0,0.0,0.16,0.0,,,,,,,,,,,,1.0,0.0
Queue-nominal,0.45,1609,EGM,10,10.0,0.0,0.16,0.0,,,,,,,,,,,,1.0,0.0
Queue-nominal,0.45,1609,EGM,11,11.0,0.0,0.16,0.0,,,,,,,,,,,,1.0,0.0
Queue-nominal,0.45,1609,EGM,12,12.0,0.0,0.16,0.0,,,,,,,,,,,,1.0,0.0
Queue-nominal,0.45,1609,EGM,13,13.0,0.0,0.16,0.0,,,,,,,,,,,,1.0,0.0
Queue-nominal,0.45,1609,EGM,14,14.0,0.0,0.16,0.0,,,,,,,,,,,,1.0,0.0
Queue-nominal,0.45,1609,EGM,15,15.0,0.0,0.16,0.0,,,,,,,,,,,,1.0,0.0
Queue-nominal,0.45,1609,EGM,16,16.0,0.0,0.16,0.0,,,,,,,,,,,,1.0,0.0
Queue-nominal,0.45,1609,EGM,17,17.0,0.0,0.16,0.0,,,,,,,,,,,,1.0,0.0
Queue-nominal,0.45,1609,EGM,18,18.0,0.0,0.16,0.0,,,,,,,,,,,,1.0,0.0
Queue-nominal,0.45,1609,EGM,19,19.0,0.0,0.16,0.0,,,,,,,,,,,,1.0,0.0
Queue-nominal,0.45,1609,EGM,20,20.0,0.0,0.16,0.0,,,,,,,,,,,,1.0,0.0
Queue-nominal,0.45,1609,EGM,21,21.0,0.0,0.16,0.0,,,,,,,,,,,,1.0,0.0
Queue-nominal,0.45,1609,EGM,22,22.0,0.0,0.16,0.0,,,,,,,,,,,,1.0,0.0
Queue-nominal,0.45,1609,EGM,23,23.0,0.0,0.16,0.0,,,,,,,,,,,,1.0,0.0
Queue-nominal,0.45,1609,EGM,24,24.0,0.0,0.16,0.0,,,,,,,,,,,,1.0,0.0
Queue-nominal,0.45,1609,EGM,25,25.0,0.0,0.16,0.0,,,,,,,,,,,,1.0,0.0
Queue-nominal,0.45,1609,EGM,26,26.0,0.0,0.16,0.0,,,,,,,,,,,,1.0,0.0
Queue-nominal,0.45,1609,EGM,27,27.0,0.0,0.16,0.0,,,,,,,,,,,,1.0,0.0
Queue-nominal,0.45,1609,EGM,28,28.0,0.0,0.16,0.0,,,,,,,,,,,,1.0,0.0
Queue-nominal,0.45,1609,EGM,29,29.0,0.0,0.16,0.0,,,,,,,,,,,,1.0,0.0
Queue-nominal,0.45,1609,EGM,30,30.0,0.0,0.16,0.0,,,,,,,,,,,,1.0,0.0
Queue-nominal,0.45,1609,EGM,31,31.0,0.0,0.16,0.0,,,,,,,,,,,,1.0,0.0
Queue-nominal,0.45,1609,EGM,32,32.0,0.0,0.16,0.0,,,,,,,,,,,,1.0,0.0
Queue-nominal,0.45,1609,EGM,33,33.0,0.0,0.16,0.0,,,,,,,,,,,,1.0,0.0
Queue-nominal,0.45,1609,EGM,34,34.0,0.0,0.16,0.0,,,,,,,,,,,,1.0,0.0
Queue-nominal,0.45,1609,EGM,35,35.0,0.0,0.16,0.0,,,,,,,,,,,,1.0,0.0
Queue-nominal,0.45,1609,EGM,36,36.0,0.0,0.16,0.0,,,,,,,,,,,,1.0,0.0
Queue-nominal,0.45,1609,EGM,37,37.0,0.0,0.16,0.0,,,,,,,,,,,,1.0,0.0
Queue-nominal,0.45,1609,EGM,38,38.0,0.0,0.16,0.0,,,,,,,,,,,,1.0,0.0
Queue-nominal,0.45,1609,EGM,39,39.0,0.0,0.16,0.0,,,,,,,,,,,,1.0,0.0
Queue-nominal,0.45,1609,EGM,40,40.0,0.0,0.16,0.0,,,,,,,,,,,,1.0,0.0
Queue-nominal,0.45,1609,EGM,41,41.0,0.0,0.16,0.0,,,,,,,,,,,,1.0,0.0
Queue-nominal,0.45,1609,EGM,42,42.0,0.0,0.16,0.0,,,,,,,,,,,,1.0,0.0
Queue-nominal,0.45,1609,EGM,43,43.0,0.0,0.16,0.0,,,,,,,,,,,,1.0,0.0
Queue-nominal,0.45,1609,EGM,44,44.0,0.0,0.16,0.0,,,,,,,,,,,,1.0,0.0
Queue-nominal,0.45,1609,EGM,45,45.0,0.0,0.16,0.0,,,,,,,,,,,,1.0,0.0
Queue-nominal,0.45,1609,EGM,46,46.0,0.0,0.16,0.0,,,,,,,,,,,,1.0,0.0
Queue-nominal,0.45,1609,EGM,47,47.0,0.0,0.16,0.0,,,,,,,,,,,,1.0,0.0
Queue-nominal,0.45,1609,EGM,48,48.0,0.0,0.16,0.0,,,,,,,,,,,,1.0,0.0
Queue-nominal,0.45,1609,EGM,49,49.0,0.0,0.16,0.0,,,,,,,,,,,,1.0,0.0
Queue-nominal,0.45,1609,EGM,50,50.0,0.0,0.16,0.0,,,,,,,,,,,,1.0,0.0
Queue-nominal,0.45,1609,EGM,51,51.0,0.0,0.16,0.0,,,,,,,,,,,,1.0,0.0
Queue-nominal,0.45,1609,EGM,52,52.0,0.0,0.16,0.0,,,,,,,,,,,,1.0,0.0
Queue-nominal,0.45,1609,EGM,53,53.0,0.0,0.16,0.0,,,,,,,,,,,,1.0,0.0
Queue-nominal,0.45,1609,EGM,54,54.0,0.0,0.16,0.0,,,,,,,,,,,,1.0,0.0
Queue-nominal,0.45,1609,EGM,55,55.0,0.0,0.16,0.0,,,,,,,,,,,,1.0,0.0
Queue-nominal,0.45,1609,EGM,56,56.0,0.0,0.16,0.0,,,,,,,,,,,,1.0,0.0
Queue-nominal,0.45,1609,EGM,57,57.0,0.0,0.16,0.0,,,,,,,,,,,,1.0,0.0
Queue-nominal,0.45,1609,EGM,58,58.0,0.0,0.16,0.0,,,,,,,,,,,,1.0,0.0
Queue-nominal,0.45,1609,EGM,59,59.0,0.0,0.16,0.0,,,,,,,,,,,,1.0,0.0
Queue-nominal,0.45,1609,EGM,60,60.0,0.0,0.16,0.0,,,,,,,,,,,,1.0,0.0
Queue-nominal,0.45,1609,PPM-3,1,3.0,0.0,0.16,0.0,,,,,,,,,,,,3.0,0.0
Queue-nominal,0.45,1609,PPM-3,2,6.0,0.0,0.16,0.0,,,,,,,,,,,,3.0,0.0
Queue-nominal,0.45,1609,PPM-3,3,9.0,0.0,0.16,0.0,,,,,,,,,,,,3.0,0.0
Queue-nominal,0.45,1609,PPM-3,4,12.0,0.0,0.16,0.0,,,,,,,,,,,,3.0,0.0
Queue-nominal,0.45,1609,PPM-3,5,15.0,0.0,0.16,0.0,,,,,,,,,,,,3.0,0.0
Queue-nominal,0.45,1609,PPM-3,6,18.0,0.0,0.16,0.0,,,,,,,,,,,,3.0,0.0
Queue-nominal,0.45,1609,PPM-3,7,21.0,0.0,0.16,0.0,,,,,,,,,,,,3.0,0.0
Queue-nominal,0.45,1609,PPM-3,8,24.0,0.0,0.16,0.0,,,,,,,,,,,,3.0,0.0
Queue-nominal,0.45,1609,PPM-3,9,27.0,0.0,0.16,0.0,,,,,,,,,,,,3.0,0.0
Queue-nominal,0.45,1609,PPM-3,10,30.0,0.0,0.16,0.0,,,,,,,,,,,,3.0,0.0
Queue-nominal,0.45,1609,PPM-3,11,33.0,0.0,0.16,0.0,,,,,,,,,,,,3.0,0.0
Queue-nominal,0.45,1609,PPM-3,12,36.0,0.0,0.16,0.0,,,,,,,,,,,,3.0,0.0
Queue-nominal,0.45,1609,PPM-3,13,39.0,0.0,0.16,0.0,,,,,,,,,,,,3.0,0.0
Queue-nominal,0.45,1609,PPM-3,14,42.0,0.0,0.16,0.0,,,,,,,,,,,,3.0,0.0
Queue-nominal,0.45,1609,PPM-3,15,45.0,0.0,0.16,0.0,,,,,,,,,,,,3.0,0.0
Queue-nominal,0.45,1609,PPM-3,16,48.0,0.0,0.16,0.0,,,,,,,,,,,,3.0,0.0
Queue-nominal,0.45,1609,PPM-3,17,51.0,0.0,0.16,0.0,,,,,,,,,,,,3.0,0.0
Queue-nominal,0.45,1609,PPM-3,18,54.0,0.0,0.16,0.0,,,,,,,,,,,,3.0,0.0
Queue-nominal,0.45,1609,PPM-3,19,57.0,0.0,0.16,0.0,,,,,,,,,,,,3.0,0.0
Queue-nominal,0.45,1609,PPM-3,20,60.0,0.0,0.16,0.0,,,,,,,,,,,,3.0,0.0
Queue-nominal,0.45,1609,PPM-3,21,63.0,0.0,0.16,0.0,,,,,,,,,,,,3.0,0.0
Queue-nominal,0.45,1609,PPM-3,22,66.0,0.0,0.16,0.0,,,,,,,,,,,,3.0,0.0
Queue-nominal,0.45,1609,PPM-3,23,69.0,0.0,0.16,0.0,,,,,,,,,,,,3.0,0.0
Queue-nominal,0.45,1609,PPM-3,24,72.0,0.0,0.16,0.0,,,,,,,,,,,,3.0,0.0
Queue-nominal,0.45,1609,PPM-3,25,75.0,0.0,0.16,0.0,,,,,,,,,,,,3.0,0.0
Queue-nominal,0.45,1609,PPM-3,26,78.0,0.0,0.16,0.0,,,,,,,,,,,,3.0,0.0
Queue-nominal,0.45,1609,PPM-3,27,81.0,0.0,0.16,0.0,,,,,,,,,,,,3.0,0.0
Queue-nominal,0.45,1609,PPM-3,28,84.0,0.0,0.16,0.0,,,,,,,,,,,,3.0,0.0
Queue-nominal,0.45,1609,PPM-3,29,87.0,0.0,0.16,0.0,,,,,,,,,,,,3.0,0.0
Queue-nominal,0.45,1609,PPM-3,30,90.0,0.0,0.16,0.0,,,,,,,,,,,,3.0,0.0
Queue-nominal,0.45,1609,PPM-3,31,93.0,0.0,0.16,0.0,,,,,,,,,,,,3.0,0.0
Queue-nominal,0.45,1609,PPM-3,32,96.0,0.0,0.16,0.0,,,,,,,,,,,,3.0,0.0
Queue-nominal,0.45,1609,PPM-3,33,99.0,0.0,0.16,0.0,,,,,,,,,,,,3.0,0.0
Queue-nominal,0.45,1609,PPM-3,34,102.0,0.0,0.16,0.0,,,,,,,,,,,,3.0,0.0
Queue-nominal,0.45,1609,PPM-3,35,105.0,0.0,0.16,0.0,,,,,,,,,,,,3.0,0.0
Queue-nominal,0.45,1609,PPM-3,36,108.0,0.0,0.16,0.0,,,,,,,,,,,,3.0,0.0
Queue-nominal,0.45,1609,PPM-3,37,111.0,0.0,0.16,0.0,,,,,,,,,,,,3.0,0.0
Queue-nominal,0.45,1609,PPM-3,38,114.0,0.0,0.16,0.0,,,,,,,,,,,,3.0,0.0
Queue-nominal,0.45,1609,PPM-3,39,117.0,0.0,0.16,0.0,,,,,,,,,,,,3.0,0.0
Queue-nominal,0.45,1609,PPM-3,40,120.0,0.0,0.16,0.0,,,,,,,,,,,,3.0,0.0
Queue-nominal,0.45,1609,PPM-3,41,123.0,0.0,0.16,0.0,,,,,,,,,,,,3.0,0.0
Queue-nominal,0.45,1609,PPM-3,42,126.0,0.0,0.16,0.0,,,,,,,,,,,,3.0,0.0
Queue-nominal,0.45,1609,PPM-3,43,129.0,0.0,0.16,0.0,,,,,,,,,,,,3.0,0.0
Queue-nominal,0.45,1609,PPM-3,44,132.0,0.0,0.16,0.0,,,,,,,,,,,,3.0,0.0
Queue-nominal,0.45,1609,PPM-3,45,135.0,0.0,0.16,0.0,,,,,,,,,,,,3.0,0.0
Queue-nominal,0.45,1609,PPM-3,46,138.0,0.0,0.16,0.0,,,,,,,,,,,,3.0,0.0
Queue-nominal,0.45,1609,PPM-3,47,141.0,0.0,0.16,0.0,,,,,,,,,,,,3.0,0.0
Queue-nominal,0.45,1609,PPM-3,48,144.0,0.0,0.16,0.0,,,,,,,,,,,,3.0,0.0
Queue-nominal,0.45,1609,PPM-3,49,147.0,0.0,0.16,0.0,,,,,,,,,,,,3.0,0.0
Queue-nominal,0.45,1609,PPM-3,50,150.0,0.0,0.16,0.0,,,,,,,,,,,,3.0,0.0
Queue-nominal,0.45,1609,PPM-3,51,153.0,0.0,0.16,0.0,,,,,,,,,,,,3.0,0.0
Queue-nominal,0.45,1609,PPM-3,52,156.0,0.0,0.16,0.0,,,,,,,,,,,,3.0,0.0
Queue-nominal,0.45,1609,PPM-3,53,159.0,0.0,0.16,0.0,,,,,,,,,,,,3.0,0.0
Queue-nominal,0.45,1609,PPM-3,54,162.0,0.0,0.16,0.0,,,,,,,,,,,,3.0,0.0
Queue-nominal,0.45,1609,PPM-3,55,165.0,0.0,0.16,0.0,,,,,,,,,,,,3.0,0.0
Queue-nominal,0.45,1609,PPM-3,56,168.0,0.0,0.16,0.0,,,,,,,,,,,,3.0,0.0
Queue-nominal,0.45,1609,PPM-3,57,171.0,0.0,0.16,0.0,,,,,,,,,,,,3.0,0.0
Queue-nominal,0.45,1609,PPM-3,58,174.0,0.0,0.16,0.0,,,,,,,,,,,,3.0,0.0
Queue-nominal,0.45,1609,PPM-3,59,177.0,0.0,0.16,0.0,,,,,,,,,,,,3.0,0.0
Queue-nominal,0.45,1609,PPM-3,60,180.0,0.0,0.16,0.0,,,,,,,,,,,,3.0,0.0
Queue-nominal,0.45,1610,QP+G,1,1.0,1.0,0.24,1.6,0.14178381596428222,-0.19462476574642557,0.1575103133686922,0.022332413283143074,1.0,0.0,0.0,-0.048190301528981294,-0.047782619036905505,0.0004076824920757893,5.0,1.0,1.0
Queue-nominal,0.45,1610,QP+G,2,2.0,2.0,0.1861565029752866,1.6,0.13924438277836956,-0.19581086761789068,0.15628773515117386,0.021762189216954497,1.0,0.0,0.0,-0.04411710384463281,-0.04384938658248183,0.0002677172621509821,5.0,1.0,1.0
Queue-nominal,0.45,1610,QP+G,3,3.0,3.0,0.1297527929172172,1.6,0.13682913278165923,-0.19781589852943526,0.15492558273900034,0.02119833313187061,1.0,0.0,0.0,-0.04068751565739853,-0.0405173750010297,0.00017014065636883346,5.0,1.0,1.0
Queue-nominal,0.45,1610,QP+G,4,4.0,4.0,0.09566439861281648,1.6,0.13464052221403017,-0.20075893722104166,0.15342628633422448,0.020657395313399305,1.0,0.0,0.0,-0.03767791007137791,-0.03756042483337074,0.00011748523800717003,5.0,1.0,1.0
Queue-nominal,0.45,1610,QP+G,5,5.0,5.0,0.07557870315810222,1.6,0.1326038965063897,-0.20376558267738562,0.15189109947828572,0.020141351635460342,1.0,0.0,0.0,-0.03493608915502572,-0.03485548394634552,8.06052086801956e-05,5.0,1.0,1.0
Queue-nominal,0.45,1610,QP+G,6,6.0,6.0,0.07014467826678684,1.6,0.13065410411348266,-0.20625914854815572,0.15037617678208262,0.019647264657473698,1.0,0.0,0.0,-0.03243013246262218,-0.03237225990162074,5.7872561001440226e-05,5.0,1.0,1.0
Queue-nominal,0.45,1610,QP+G,7,7.0,7.0,0.08034736815414115,1.6,0.12871422433229007,-0.20751725460359635,0.14893612493109254,0.019170197795562626,1.0,0.0,0.0,-0.030148332767620526,-0.030101967558708864,4.6365208911661876e-05,5.0,1.0,1.0
Queue-nominal,0.45,1610,QP+G,8,8.0,8.0,0.1054114448669145,1.6,0.12669837000434367,-0.20660819651960446,0.1476244450641885,0.01870377656242846,1.0,0.0,0.0,-0.028091076363470874,-0.028050045081152497,4.103128231837741e-05,5.0,1.0,1.0
Queue-nominal,0.45,1610,QP+G,9,9.0,9.0,0.14424794289193163,1.6,0.12452210413008066,-0.20240646770022955,0.14648254517604542,0.018240314743650773,1.0,0.0,0.0,-0.026273535288234895,-0.026231371946216164,4.216334201873062e-05,5.0,1.0,1.0
Queue-nominal,0.45,1610,QP+G,10,10.0,10.0,0.19703855470490564,1.6,0.12210748493241218,-0.1934759356583353,0.14553246494377453,0.01777060327029875,1.0,0.0,0.0,-0.02472084218802957,-0.024661231265892702,5.961092213686847e-05,5.0,1.0,1.0
Queue-nominal,0.45,1610,QP+G,11,11.0,11.0,0.24,1.6,0.11938720477451596,-0.17776693190432002,0.1447724228806923,0.017283974896160032,1.0,0.0,0.0,-0.023461183632749183,-0.02336680275324099,9.438087950819352e-05,5.0,1.0,1.0
Queue-nominal,0.45,1610,QP+G,12,12.0,12.0,0.24,1.6,0.11646565609212511,-0.15458989652730948,0.14409332456284796,0.016781923583707614,1.0,0.0,0.0,-0.022493950651846006,-0.02239624237349247,9.770827835353657e-05,5.0,1.0,1.0
Queue-nominal,0.45,1610,QP+G,13,13.0,13.0,0.24,0.0,0.1136729490256497,-0.1271200158432343,0.1433090959058571,0.01629036755381844,0.0,1.0,0.0,-0.02190643730447661,-0.001330524931446142,0.02057591237303047,5.0,1.0,1.0
Queue-nominal,0.45,1610,QP+G,14,14.0,14.0,0.24,0.0,0.11249913036101221,-0.10045098778409843,0.14377814682509354,0.016174916482740952,0.0,1.0,0.0,-0.022751309162520883,-0.0017698656025153525,0.02098144356000553,5.0,1.0,1.0
Queue-nominal,0.45,1610,QP+G,15,15.0,15.0,0.24,0.0,0.11146357507042598,-0.07169194392127677,0.14413765656781183,0.016066098503321573,0.0,1.0,0.0,-0.023932272754312756,-0.0024953236234575016,0.021436949130855254,5.0,1.0,1.0
Queue-nominal,0.45,1610,QP+G,16,16.0,16.0,0.24,1.6,0.11060381922286318,-0.04109925481271298,0.14438160125224572,0.015969156524010902,1.0,0.0,0.0,-0.02528559745876507,-0.02532287168568992,-3.7274226924847303e-05,5.0,1.0,1.0
Queue-nominal,0.45,1610,QP+G,17,17.0,17.0,0.24,1.6,0.10878168674526471,-0.0051229704130339995,0.1430109134091865,0.015556968383632304,1.0,0.0,0.0,-0.02584585848425974,-0.02591407199874407,-6.821351448433113e-05,5.0,1.0,1.0
Queue-nominal,0.45,1610,QP+G,18,18.0,18.0,0.24,0.0,0.1073769379205319,0.031130033463049624,0.1415388862282665,0.0151980121998738,0.0,1.0,0.0,-0.026406768502954033,-0.006439879124934045,0.01996688937801999,5.0,1.0,1.0
Queue-nominal,0.45,1610,QP+G,19,19.0,19.0,0.24,0.0,0.1073450438000378,0.06420671975573032,0.14139082174378778,0.015177603953010236,0.0,1.0,0.0,-0.027827452178139363,-0.007653362233625671,0.020174089944513692,5.0,1.0,1.0
Queue-nominal,0.45,1610,QP+G,20,20.0,20.0,0.24,1.6,0.10760138590827435,0.0967243927748126,0.14112326341490447,0.015185058727342191,1.0,0.0,0.0,-0.02909154686469478,-0.02885510655051382,0.00023644031418095998,5.0,1.0,1.0
Queue-nominal,0.45,1610,QP+G,21,21.0,21.0,0.24,1.6,0.10720618582265083,0.12739080679775722,0.13932556350188904,0.014936562250629056,1.0,0.0,0.0,-0.02875954355363913,-0.028408648938352155,0.00035089461528697505,5.0,1.0,1.0
Queue-nominal,0.45,1610,QP+G,22,22.0,22.0,0.24,1.6,0.10710310712784774,0.154580585125102,0.13750429632463754,0.014727137379796975,1.0,0.0,0.0,-0.028165922256317696,-0.027528324181018693,0.0006375980752990028,5.0,1.0,1.0
Queue-nominal,0.45,1610,QP+G,23,23.0,23.0,0.24,1.6,0.10722203018589686,0.17802236027148843,0.1356773749531945,0.014547603592774669,1.0,0.0,0.0,-0.027137304797511138,-0.026637343076687525,0.0004999617208236128,5.0,1.0,1.0
Queue-nominal,0.45,1610,QP+G,24,24.0,24.0,0.24,1.6,0.10748777201626555,0.19777298570393217,0.1338595906422153,0.014388269161141073,1.0,0.0,0.0,-0.026460878166204512,-0.025902911471795242,0.0005579666944092697,5.0,1.0,1.0
Queue-nominal,0.45,1610,QP+G,25,25.0,25.0,0.24,1.6,0.10782554798314481,0.21415544674154552,0.13206226313579902,0.014239685890511793,1.0,0.0,0.0,-0.025707198122735697,-0.02523691040485021,0.00047028771788548696,5.0,1.0,1.0
Queue-nominal,0.45,1610,QP+G,26,26.0,26.0,0.24,1.6,0.10816547679475359,0.22768383493005256,0.13029325308578504,0.01409323184316344,1.0,0.0,0.0,-0.025196750921358202,-0.024761527434945307,0.00043522348641289454,5.0,1.0,1.0
Queue-nominal,0.45,1610,QP+G,27,27.0,27.0,0.24,1.6,0.10844656281670019,0.23898656848746602,0.12855723640418493,0.013941590413247816,1.0,0.0,0.0,-0.024727586838463544,-0.024331987354298867,0.00039559948416467705,5.0,1.0,1.0
Queue-nominal,0.45,1610,QP+G,28,28.0,28.0,0.24,1.6,0.10862036064756357,0.24873367537119698,0.12685616587083667,0.013779162487257425,1.0,0.0,0.0,-0.024319791483441655,-0.023996566196414104,0.00032322528702755093,5.0,1.0,1.0
Queue-nominal,0.45,1610,QP+G,29,29.0,29.0,0.24,1.6,0.10865413159878835,0.2575712109357747,0.1251898639117202,0.013602395948298453,1.0,0.0,0.0,-0.024051083751131408,-0.023785294788223332,0.00026578896290807563,5.0,1.0,1.0
Queue-nominal,0.45,1610,QP+G,30,30.0,30.0,0.24,1.6,0.1085329529169542,0.2660653929322307,0.12355669418366985,0.013409972872410749,1.0,0.0,0.0,-0.023862165060020146,-0.023646798861200136,0.00021536619882001062,5.0,1.0,1.0
Queue-nominal,0.45,1610,QP+G,31,31.0,31.0,0.24,1.6,0.1082601151017862,0.2746596277777577,0.12195425107811064,0.01320278125886839,1.0,0.0,0.0,-0.02371357567935739,-0.023545663891966218,0.00016791178739117285,5.0,1.0,1.0
Queue-nominal,0.45,1610,QP+G,32,32.0,32.0,0.24,1.6,0.10785533580209178,0.28364801770225156,0.12037999564426408,0.012983624854066447,1.0,0.0,0.0,-0.023586888643318815,-0.023461613277339755,0.00012527536597906064,5.0,1.0,1.0
Queue-nominal,0.45,1610,QP+G,33,33.0,33.0,0.24,1.6,0.10735079421278518,0.2931682445849752,0.11883176588605696,0.012756684445575966,1.0,0.0,0.0,-0.02346529441787748,-0.02337599124227241,8.930317560507106e-05,5.0,1.0,1.0
Queue-nominal,0.45,1610,QP+G,34,34.0,34.0,0.24,1.6,0.10678557225672192,0.3032145753668709,0.11730810635861799,0.012526813267857421,1.0,0.0,0.0,-0.023330024690951134,-0.023269510912575786,6.051377837534844e-05,5.0,1.0,1.0
Queue-nominal,0.45,1610,QP+G,35,35.0,35.0,0.24,1.6,0.1061995342722616,0.3136685106573105,0.1158083946807321,0.012298797579912008,1.0,0.0,0.0,-0.02316281435275691,-0.02312398215860978,3.883219414713146e-05,5.0,1.0,1.0
Queue-nominal,0.45,1610,QP+G,36,36.0,36.0,0.24,1.6,0.10562779759660126,0.3243413214289552,0.1143327806989282,0.012076719818322987,1.0,0.0,0.0,-0.02294704417612392,-0.022922991435865736,2.4052740258184713e-05,5.0,1.0,1.0
Queue-nominal,0.45,1610,QP+G,37,37.0,37.0,0.24,1.6,0.10509671017655342,0.3350206118331365,0.112881984682278,0.011863525228307513,1.0,0.0,0.0,-0.02266755788932384,-0.02265218039382444,1.537749549940237e-05,5.0,1.0,1.0
Queue-nominal,0.45,1610,QP+G,38,38.0,38.0,0.24,1.6,0.10462178716878574,0.345512921441755,0.11145701557273552,0.011660832161718773,1.0,0.0,0.0,-0.022312384989431777,-0.022301622822408884,1.076216702289301e-05,5.0,1.0,1.0
Queue-nominal,0.45,1610,QP+G,39,39.0,39.0,0.24,1.6,0.10420756898519917,0.35567620408900136,0.11005886833998621,0.011468967114972067,1.0,0.0,0.0,-0.021876506224351555,-0.021868147591590725,8.35863276082982e-06,5.0,1.0,1.0
Queue-nominal,0.45,1610,QP+G,40,40.0,40.0,0.24,1.6,0.10384901191256432,0.36543896881927646,0.1086882466623712,0.011287167022396316,1.0,0.0,0.0,-0.02136047337260738,-0.021352115300686814,8.358071920566701e-06,5.0,1.0,1.0
Queue-nominal,0.45,1610,QP+G,41,41.0,41.0,0.24,1.6,0.10353386954649606,0.37480582872422247,0.10734534122874881,0.011113878555201384,1.0,0.0,0.0,-0.020764279595648638,-0.020752432605901427,1.1846989747210657e-05,5.0,1.0,1.0
Queue-nominal,0.45,1610,QP+G,42,42.0,42.0,0.24,1.6,0.10324553377462038,0.3838513518214757,0.10602968065240916,0.010947090974910523,1.0,0.0,0.0,-0.0200857373430674,-0.020065875530080435,1.9861812986965433e-05,5.0,1.0,1.0
Queue-nominal,0.45,1610,QP+G,43,43.0,43.0,0.24,1.6,0.10296589951000969,0.39270519187851777,0.10474006331820497,0.010784654834294345,1.0,0.0,0.0,-0.019321037939701746,-0.01928782667251916,3.321126718258682e-05,5.0,1.0,1.0
Queue-nominal,0.45,1610,QP+G,44,44.0,44.0,0.24,1.6,0.10267792841096762,0.40153171820593275,0.10347457332534586,0.010624554832255282,1.0,0.0,0.0,-0.018466195351978243,-0.01841653294059742,4.966241138082417e-05,5.0,1.0,1.0
Queue-nominal,0.45,1610,QP+G,45,45.0,45.0,0.24,1.6,0.10236767958716182,0.41050716384712954,0.10223067948762901,0.010465117441767443,1.0,0.0,0.0,-0.01752803088490129,-0.01746527793282371,6.275295207758269e-05,5.0,1.0,1.0
Queue-nominal,0.45,1610,QP+G,46,46.0,46.0,0.24,1.6,0.10202565040421159,0.4197969897291579,0.10100541085100617,0.010305142736418516,1.0,0.0,0.0,-0.016538145309831886,-0.01647349975965362,6.464555017826612e-05,5.0,1.0,1.0
Queue-nominal,0.45,1610,QP+G,47,47.0,47.0,0.24,1.6,0.10164734590418303,0.42953583836599024,0.09979559455170524,0.010143957319110787,1.0,0.0,0.0,-0.015555032626218157,-0.015504232888241098,5.079973797705861e-05,5.0,1.0,1.0
Queue-nominal,0.45,1610,QP+G,48,48.0,48.0,0.24,1.6,0.10123308619667283,0.4398120737179794,0.09859813300368032,0.009981393297192583,1.0,0.0,0.0,-0.014648683291592413,-0.014626029793610495,2.265349798191707e-05,5.0,1.0,1.0
Queue-nominal,0.45,1610,QP+G,49,49.0,49.0,0.24,0.0,0.10078716584968034,0.4506583583213598,0.09741028967825721,0.009817707021267915,0.0,1.0,0.0,-0.013876689762092997,-0.012240660560470129,0.0016360292016228684,5.0,1.0,1.0
Queue-nominal,0.45,1610,QP+G,50,50.0,50.0,0.24,0.0,0.10155325586501078,0.4474021315956549,0.09635623980417216,0.009785289875023431,0.0,1.0,0.0,-0.013491269923487703,-0.011636722162463364,0.0018545477610243388,5.0,1.0,1.0
Queue-nominal,0.45,1610,QP+G,51,51.0,51.0,0.24,0.0,0.10234113872909949,0.4435132259626134,0.0953143939153285,0.009754583610568671,0.0,1.0,0.0,-0.013146752418995877,-0.01104635322116021,0.0021003991978356673,5.0,1.0,1.0
Queue-nominal,0.45,1610,QP+G,52,52.0,52.0,0.24,0.0,0.1031530960965322,0.43902048111849834,0.09428596889453887,0.009725889609933014,0.0,1.0,0.0,-0.012852603956630126,-0.010475899763237262,0.0023767041933928645,5.0,1.0,1.0
Queue-nominal,0.45,1610,QP+G,53,53.0,53.0,0.24,0.0,0.1039912009695112,0.4339507454494087,0.09327208023723814,0.009699475640795005,0.0,1.0,0.0,-0.012615488509093884,-0.00992971332568704,0.002685775183406845,5.0,1.0,1.0
Queue-nominal,0.45,1610,QP+G,54,54.0,54.0,0.24,0.0,0.1048574307322524,0.42832940111116397,0.0922737532018178,0.009675588684764563,0.0,1.0,0.0,-0.012439616198827164,-0.009410469937383592,0.0030291462614435716,5.0,1.0,1.0
Queue-nominal,0.45,1610,QP+G,55,55.0,55.0,0.24,1.6,0.10575381637594101,0.42218064815130973,0.09129193143070877,0.009654470153128173,1.0,0.0,0.0,-0.012327138436029283,-0.012413531775306907,-8.639333927762394e-05,5.0,1.0,1.0
Queue-nominal,0.45,1610,QP+G,56,56.0,56.0,0.24,1.6,0.10495510648401228,0.43467338376362685,0.0900436632773349,0.009450542267483231,1.0,0.0,0.0,-0.012230396346029071,-0.012338224507020712,-0.00010782816099164094,5.0,1.0,1.0
Queue-nominal,0.45,1610,QP+G,57,57.0,57.0,0.24,1.6,0.10417526533001373,0.44747793525273283,0.08880256480150438,0.009251030750182456,1.0,0.0,0.0,-0.012189232179691256,-0.01230893460884408,-0.0001197024291528237,5.0,1.0,1.0
Queue-nominal,0.45,1610,QP+G,58,58.0,58.0,0.24,1.6,0.10342145686276501,0.4602909224580016,0.08757175639824841,0.009056798626738014,1.0,0.0,0.0,-0.012156352368428713,-0.012281407582950932,-0.00012505521452221835,5.0,1.0,1.0
Queue-nominal,0.45,1610,QP+G,59,59.0,59.0,0.24,1.6,0.10269644269488146,0.47282596561319534,0.08635525633124612,0.008868377633223616,1.0,0.0,0.0,-0.01210119234095508,-0.012227335916978221,-0.00012614357602314108,5.0,1.0,1.0
Queue-nominal,0.45,1610,QP+G,60,60.0,60.0,0.24,1.6,0.10199941703643267,0.4848305499315697,0.08515755313219792,0.008686020775733229,1.0,0.0,0.0,-0.012006228579086729,-0.012130607238946656,-0.00012437865985992676,5.0,1.0,1.0
Queue-nominal,0.45,1610,noG,1,1.0,0.0,0.24,0.0,0.0,0.0,0.1575103133686922,0.0,0.0,0.0,0.0,-0.0016893982333865412,-0.0017160645271072639,-2.6666293720722717e-05,3.0,1.0,0.0
Queue-nominal,0.45,1610,noG,2,2.0,0.0,0.20885273773767565,0.0,0.0,0.0,0.15856960838165324,0.0,0.0,0.0,0.0,-0.0009316174207456386,-0.0009639339578257911,-3.2316537080152494e-05,3.0,1.0,0.0
Queue-nominal,0.45,1610,noG,3,3.0,0.0,0.17090412229930305,0.0,0.0,0.0,0.1594440698860274,0.0,0.0,0.0,0.0,-0.0005599136948287642,-0.0005824473068818392,-2.2533612053075034e-05,3.0,1.0,0.0
Queue-nominal,0.45,1610,noG,4,4.0,0.0,0.15798783452621606,0.0,0.0,0.0,0.1601240522147854,0.0,0.0,0.0,0.0,-0.0004230818444567358,-0.0004414882840837464,-1.840643962701063e-05,3.0,1.0,0.0
Queue-nominal,0.45,1610,noG,5,5.0,0.0,0.16472311608524126,0.0,0.0,0.0,0.1607251329344588,0.0,0.0,0.0,0.0,-0.0004045163881603189,-0.00042307792791573817,-1.856153975541929e-05,3.0,1.0,0.0
Queue-nominal,0.45,1610,noG,6,6.0,0.0,0.19384273100343385,0.0,0.0,0.0,0.16132447549048126,0.0,0.0,0.0,0.0,-0.0004911713144036163,-0.0005158322682485839,-2.4660953844967554e-05,3.0,1.0,0.0
Queue-nominal,0.45,1610,noG,7,7.0,0.0,0.24,0.0,0.0,0.0,0.1619945419673031,0.0,0.0,0.0,0.0,-0.0007621548590153182,-0.0007984454490888027,-3.629059007348445e-05,3.0,1.0,0.0
Queue-nominal,0.45,1610,noG,8,8.0,0.0,0.24,0.0,0.0,0.0,0.16276844357178674,0.0,0.0,0.0,0.0,-0.00127733894388804,-0.0013103275604007258,-3.298861651268581e-05,3.0,1.0,0.0
Queue-nominal,0.45,1610,noG,9,9.0,0.0,0.24,0.0,0.0,0.0,0.16346565789579326,0.0,0.0,0.0,0.0,-0.0019461115005592329,-0.001985675309961632,-3.956380940239911e-05,3.0,1.0,0.0
Queue-nominal,0.45,1610,noG,10,10.0,0.0,0.24,0.0,0.0,0.0,0.16407910257402636,0.0,0.0,0.0,0.0,-0.0028124270656171286,-0.002858512551228376,-4.608548561124736e-05,3.0,1.0,0.0
Queue-nominal,0.45,1610,noG,11,11.0,0.0,0.24,0.0,0.0,0.0,0.16460167235422452,0.0,0.0,0.0,0.0,-0.0039058059079355445,-0.003949729972477112,-4.3924064541567276e-05,3.0,1.0,0.0
Queue-nominal,0.45,1610,noG,12,12.0,0.0,0.24,0.0,0.0,0.0,0.1650265822602432,0.0,0.0,0.0,0.0,-0.005195578419758816,-0.005229414778145092,-3.383635838627528e-05,3.0,1.0,0.0
Queue-nominal,0.45,1610,noG,13,13.0,0.0,0.24,0.0,0.0,0.0,0.1653476855162772,0.0,0.0,0.0,0.0,-0.006604959351705908,-0.006625983980210748,-2.1024628504839882e-05,3.0,1.0,0.0
Queue-nominal,0.45,1610,noG,14,14.0,0.0,0.24,0.0,0.0,0.0,0.16555974156497388,0.0,0.0,0.0,0.0,-0.008044673866356433,-0.008053885071905853,-9.211205549419788e-06,3.0,1.0,0.0
Queue-nominal,0.45,1610,noG,15,15.0,0.0,0.24,0.0,0.0,0.0,0.16565861406299087,0.0,0.0,0.0,0.0,-0.009433507167604382,-0.00943323246908534,2.7469851904271536e-07,3.0,1.0,0.0
Queue-nominal,0.45,1610,noG,16,16.0,0.0,0.24,0.0,0.0,0.0,0.1656413852100131,0.0,0.0,0.0,0.0,-0.010705326766231593,-0.010698150296027276,7.176470204317553e-06,3.0,1.0,0.0
Queue-nominal,0.45,1610,noG,17,17.0,0.0,0.24,0.0,0.0,0.0,0.16550638095403464,0.0,0.0,0.0,0.0,-0.011811873019804686,-0.011801413911837866,1.0459107966820369e-05,3.0,1.0,0.0
Queue-nominal,0.45,1610,noG,18,18.0,0.0,0.24,0.0,0.0,0.0,0.16525311099693268,0.0,0.0,0.0,0.0,-0.012734375402052576,-0.012729990562305282,4.384839747293909e-06,3.0,1.0,0.0
Queue-nominal,0.45,1610,noG,19,19.0,0.0,0.24,0.0,0.0,0.0,0.16488213720086792,0.0,0.0,0.0,0.0,-0.01352690171925186,-0.013543486330898524,-1.6584611646663916e-05,3.0,1.0,0.0
Queue-nominal,0.45,1610,noG,20,20.0,0.0,0.24,0.0,0.0,0.0,0.1643948927190386,0.0,0.0,0.0,0.0,-0.01433761350059015,-0.014375177528049843,-3.756402745969285e-05,3.0,1.0,0.0
Queue-nominal,0.45,1610,noG,21,21.0,0.0,0.24,0.0,0.0,0.0,0.1637934805017873,0.0,0.0,0.0,0.0,-0.015292720786872492,-0.01533231012799563,-3.9589341123138014e-05,3.0,1.0,0.0
Queue-nominal,0.45,1610,noG,22,22.0,0.0,0.24,0.0,0.0,0.0,0.1630804824058937,0.0,0.0,0.0,0.0,-0.016338189818558998,-0.01642116044230235,-8.297062374335376e-05,3.0,1.0,0.0
Queue-nominal,0.45,1610,noG,23,23.0,0.0,0.24,0.0,0.0,0.0,0.1622588080509863,0.0,0.0,0.0,0.0,-0.017451730144524443,-0.017586889744430678,-0.00013515959990623508,3.0,1.0,0.0
Queue-nominal,0.45,1610,noG,24,24.0,0.0,0.24,0.0,0.0,0.0,0.16133160569979274,0.0,0.0,0.0,0.0,-0.018612009865661857,-0.01877244639358011,-0.00016043652791825416,3.0,1.0,0.0
Queue-nominal,0.45,1610,noG,25,25.0,0.0,0.24,0.0,0.0,0.0,0.16030224666064904,0.0,0.0,0.0,0.0,-0.01976884843493359,-0.019935146411761195,-0.0001662979768276042,3.0,1.0,0.0
Queue-nominal,0.45,1610,noG,26,26.0,0.0,0.24,0.0,0.0,0.0,0.15917438185054525,0.0,0.0,0.0,0.0,-0.020883985733470993,-0.021036280787037676,-0.00015229505356668255,3.0,1.0,0.0
Queue-nominal,0.45,1610,noG,27,27.0,0.0,0.24,0.0,0.0,0.0,0.1579520566681049,0.0,0.0,0.0,0.0,-0.021913126502364374,-0.02201486994397639,-0.00010174344161201568,3.0,1.0,0.0
Queue-nominal,0.45,1610,noG,28,28.0,0.0,0.24,0.0,0.0,0.0,0.15663986070743224,0.0,0.0,0.0,0.0,-0.02277143737170267,-0.022775552416485212,-4.115044782541238e-06,3.0,1.0,0.0
Queue-nominal,0.45,1610,noG,29,29.0,0.0,0.24,0.0,0.0,0.0,0.15524308397427838,0.0,0.0,0.0,0.0,-0.023326320464951422,-0.023309477780662835,1.684268428858715e-05,3.0,1.0,0.0
Queue-nominal,0.45,1610,noG,30,30.0,0.0,0.24,0.0,0.0,0.0,0.15376785187185424,0.0,0.0,0.0,0.0,-0.02347712838527638,-0.023370699825760788,0.00010642855951559227,3.0,1.0,0.0
Queue-nominal,0.45,1610,noG,31,31.0,0.0,0.24,0.0,0.0,0.0,0.15222121668375488,0.0,0.0,0.0,0.0,-0.02319563246243383,-0.0232831131975475,-8.748073511366874e-05,3.0,1.0,0.0
Queue-nominal,0.45,1610,noG,32,32.0,0.0,0.24,0.0,0.0,0.0,0.15061119185948402,0.0,0.0,0.0,0.0,-0.023413476366886954,-0.023360454099191408,5.302226769554608e-05,3.0,1.0,0.0
Queue-nominal,0.45,1610,noG,33,33.0,0.0,0.24,0.0,0.0,0.0,0.1489467248351476,0.0,0.0,0.0,0.0,-0.023166456257488477,-0.023178116728850284,-1.1660471361807367e-05,3.0,1.0,0.0
Queue-nominal,0.45,1610,noG,34,34.0,0.0,0.24,0.0,0.0,0.0,0.14723761230893084,0.0,0.0,0.0,0.0,-0.02298159183539372,-0.022992810521156315,-1.1218685762596353e-05,3.0,1.0,0.0
Queue-nominal,0.45,1610,noG,35,35.0,0.0,0.24,0.0,0.0,0.0,0.14549436750164715,0.0,0.0,0.0,0.0,-0.022745758331339516,-0.02270362496624667,4.21333650928446e-05,3.0,1.0,0.0
Queue-nominal,0.45,1610,noG,36,36.0,0.0,0.24,0.0,0.0,0.0,0.14372805162006483,0.0,0.0,0.0,0.0,-0.022211034059793633,-0.022227411601531966,-1.6377541738332724e-05,3.0,1.0,0.0
Queue-nominal,0.45,1610,noG,37,37.0,0.0,0.24,0.0,0.0,0.0,0.1419500820084115,0.0,0.0,0.0,0.0,-0.021762278003114588,-0.02176784638897855,-5.568385863963243e-06,3.0,1.0,0.0
Queue-nominal,0.45,1610,noG,38,38.0,0.0,0.24,0.0,0.0,0.0,0.14017202827908587,0.0,0.0,0.0,0.0,-0.021277427401793503,-0.021264701542460518,1.2725859332984868e-05,3.0,1.0,0.0
Queue-nominal,0.45,1610,noG,39,39.0,0.0,0.24,0.0,0.0,0.0,0.13840540601730905,0.0,0.0,0.0,0.0,-0.0206579395408113,-0.02064479318343526,1.3146357376037088e-05,3.0,1.0,0.0
Queue-nominal,0.45,1610,noG,40,40.0,0.0,0.24,0.0,0.0,0.0,0.136661476094808,0.0,0.0,0.0,0.0,-0.019923471024410055,-0.019912452255402613,1.1018769007442586e-05,3.0,1.0,0.0
Queue-nominal,0.45,1610,noG,41,41.0,0.0,0.24,0.0,0.0,0.0,0.13495105641393965,0.0,0.0,0.0,0.0,-0.019093650642556526,-0.01908402557194533,9.625070611196662e-06,3.0,1.0,0.0
Queue-nominal,0.45,1610,noG,42,42.0,0.0,0.24,0.0,0.0,0.0,0.13328435190343305,0.0,0.0,0.0,0.0,-0.018181572819235825,-0.018172877833738887,8.69498549693759e-06,3.0,1.0,0.0
Queue-nominal,0.45,1610,noG,43,43.0,0.0,0.24,0.0,0.0,0.0,0.1316708075166811,0.0,0.0,0.0,0.0,-0.01719774203104762,-0.017189545517080518,8.196513967103497e-06,3.0,1.0,0.0
Queue-nominal,0.45,1610,noG,44,44.0,0.0,0.24,0.0,0.0,0.0,0.13011898759735224,0.0,0.0,0.0,0.0,-0.016151494443952252,-0.016144291992322035,7.202451630217155e-06,3.0,1.0,0.0
Queue-nominal,0.45,1610,noG,45,45.0,0.0,0.24,0.0,0.0,0.0,0.12863648318314277,0.0,0.0,0.0,0.0,-0.015056780603019957,-0.015051458717315835,5.321885704121995e-06,3.0,1.0,0.0
Queue-nominal,0.45,1610,noG,46,46.0,0.0,0.24,0.0,0.0,0.0,0.12722984670280182,0.0,0.0,0.0,0.0,-0.01393284427826824,-0.013929636622344699,3.207655923541039e-06,3.0,1.0,0.0
Queue-nominal,0.45,1610,noG,47,47.0,0.0,0.24,0.0,0.0,0.0,0.1259045513023218,0.0,0.0,0.0,0.0,-0.012798393354751523,-0.012796807335246019,1.5860195055044518e-06,3.0,1.0,0.0
Queue-nominal,0.45,1610,noG,48,48.0,0.0,0.24,0.0,0.0,0.0,0.12466496998748376,0.0,0.0,0.0,0.0,-0.011668385851191232,-0.0116687220639764,-3.362127851680441e-07,3.0,1.0,0.0
Queue-nominal,0.45,1610,noG,49,49.0,0.0,0.24,0.0,0.0,0.0,0.1235143681521889,0.0,0.0,0.0,0.0,-0.010560059252142649,-0.010562969605651062,-2.9103535084135795e-06,3.0,1.0,0.0
Queue-nominal,0.45,1610,noG,50,50.0,0.0,0.24,0.0,0.0,0.0,0.12245490207912672,0.0,0.0,0.0,0.0,-0.009493603996166833,-0.009498867700547642,-5.263704380809031e-06,3.0,1.0,0.0
Queue-nominal,0.45,1610,noG,51,51.0,0.0,0.24,0.0,0.0,0.0,0.1214876157869378,0.0,0.0,0.0,0.0,-0.008485801821240811,-0.008492581427959944,-6.779606719133427e-06,3.0,1.0,0.0
Queue-nominal,0.45,1610,noG,52,52.0,0.0,0.24,0.0,0.0,0.0,0.12061242923257812,0.0,0.0,0.0,0.0,-0.007547344253078236,-0.007555124349247766,-7.780096169529571e-06,3.0,1.0,0.0
Queue-nominal,0.45,1610,noG,53,53.0,0.0,0.24,0.0,0.0,0.0,0.11982811239340328,0.0,0.0,0.0,0.0,-0.006685862341040404,-0.006694509151614181,-8.646810573776677e-06,3.0,1.0,0.0
Queue-nominal,0.45,1610,noG,54,54.0,0.0,0.24,0.0,0.0,0.0,0.11913224215337202,0.0,0.0,0.0,0.0,-0.005908428585477132,-0.005918106233665732,-9.677648188599619e-06,3.0,1.0,0.0
Queue-nominal,0.45,1610,noG,55,55.0,0.0,0.24,0.0,0.0,0.0,0.11852114216866422,0.0,0.0,0.0,0.0,-0.0052235995656202405,-0.0052347430143759865,-1.1143448755746022e-05,3.0,1.0,0.0
Queue-nominal,0.45,1610,noG,56,56.0,0.0,0.24,0.0,0.0,0.0,0.11798980989790006,0.0,0.0,0.0,0.0,-0.004642653145321418,-0.004655274858464509,-1.2621713143090574e-05,3.0,1.0,0.0
Queue-nominal,0.45,1610,noG,57,57.0,0.0,0.24,0.0,0.0,0.0,0.11753183956142715,0.0,0.0,0.0,0.0,-0.004176181381998489,-0.004189642331240417,-1.3460949241927977e-05,3.0,1.0,0.0
Queue-nominal,0.45,1610,noG,58,58.0,0.0,0.24,0.0,0.0,0.0,0.11713935460912392,0.0,0.0,0.0,0.0,-0.003830570680429801,-0.0038442994084397775,-1.3728728009976265e-05,3.0,1.0,0.0
Queue-nominal,0.45,1610,noG,59,59.0,0.0,0.24,0.0,0.0,0.0,0.11680296780964282,0.0,0.0,0.0,0.0,-0.0036094014328469366,-0.003623249910093662,-1.3848477246725544e-05,3.0,1.0,0.0
Queue-nominal,0.45,1610,noG,60,60.0,0.0,0.24,0.0,0.0,0.0,0.11651179061074914,0.0,0.0,0.0,0.0,-0.0035160343796691858,-0.0035300324675229255,-1.3998087853739783e-05,3.0,1.0,0.0
Queue-nominal,0.45,1610,Minimax-PPO,1,1.0,0.0,0.16,0.0,,,,,,,,,,,,1.0,0.0
Queue-nominal,0.45,1610,Minimax-PPO,2,2.0,0.0,0.16,0.0,,,,,,,,,,,,1.0,0.0
Queue-nominal,0.45,1610,Minimax-PPO,3,3.0,0.0,0.16,0.0,,,,,,,,,,,,1.0,0.0
Queue-nominal,0.45,1610,Minimax-PPO,4,4.0,0.0,0.16,0.0,,,,,,,,,,,,1.0,0.0
Queue-nominal,0.45,1610,Minimax-PPO,5,5.0,0.0,0.16,0.0,,,,,,,,,,,,1.0,0.0
Queue-nominal,0.45,1610,Minimax-PPO,6,6.0,0.0,0.16,0.0,,,,,,,,,,,,1.0,0.0
Queue-nominal,0.45,1610,Minimax-PPO,7,7.0,0.0,0.16,0.0,,,,,,,,,,,,1.0,0.0
Queue-nominal,0.45,1610,Minimax-PPO,8,8.0,0.0,0.16,0.0,,,,,,,,,,,,1.0,0.0
Queue-nominal,0.45,1610,Minimax-PPO,9,9.0,0.0,0.16,0.0,,,,,,,,,,,,1.0,0.0
Queue-nominal,0.45,1610,Minimax-PPO,10,10.0,0.0,0.16,0.0,,,,,,,,,,,,1.0,0.0
Queue-nominal,0.45,1610,Minimax-PPO,11,11.0,0.0,0.16,0.0,,,,,,,,,,,,1.0,0.0
Queue-nominal,0.45,1610,Minimax-PPO,12,12.0,0.0,0.16,0.0,,,,,,,,,,,,1.0,0.0
Queue-nominal,0.45,1610,Minimax-PPO,13,13.0,0.0,0.16,0.0,,,,,,,,,,,,1.0,0.0
Queue-nominal,0.45,1610,Minimax-PPO,14,14.0,0.0,0.16,0.0,,,,,,,,,,,,1.0,0.0
Queue-nominal,0.45,1610,Minimax-PPO,15,15.0,0.0,0.16,0.0,,,,,,,,,,,,1.0,0.0
Queue-nominal,0.45,1610,Minimax-PPO,16,16.0,0.0,0.16,0.0,,,,,,,,,,,,1.0,0.0
Queue-nominal,0.45,1610,Minimax-PPO,17,17.0,0.0,0.16,0.0,,,,,,,,,,,,1.0,0.0
Queue-nominal,0.45,1610,Minimax-PPO,18,18.0,0.0,0.16,0.0,,,,,,,,,,,,1.0,0.0
Queue-nominal,0.45,1610,Minimax-PPO,19,19.0,0.0,0.16,0.0,,,,,,,,,,,,1.0,0.0
Queue-nominal,0.45,1610,Minimax-PPO,20,20.0,0.0,0.16,0.0,,,,,,,,,,,,1.0,0.0
Queue-nominal,0.45,1610,Minimax-PPO,21,21.0,0.0,0.16,0.0,,,,,,,,,,,,1.0,0.0
Queue-nominal,0.45,1610,Minimax-PPO,22,22.0,0.0,0.16,0.0,,,,,,,,,,,,1.0,0.0
Queue-nominal,0.45,1610,Minimax-PPO,23,23.0,0.0,0.16,0.0,,,,,,,,,,,,1.0,0.0
Queue-nominal,0.45,1610,Minimax-PPO,24,24.0,0.0,0.16,0.0,,,,,,,,,,,,1.0,0.0
Queue-nominal,0.45,1610,Minimax-PPO,25,25.0,0.0,0.16,0.0,,,,,,,,,,,,1.0,0.0
Queue-nominal,0.45,1610,Minimax-PPO,26,26.0,0.0,0.16,0.0,,,,,,,,,,,,1.0,0.0
Queue-nominal,0.45,1610,Minimax-PPO,27,27.0,0.0,0.16,0.0,,,,,,,,,,,,1.0,0.0
Queue-nominal,0.45,1610,Minimax-PPO,28,28.0,0.0,0.16,0.0,,,,,,,,,,,,1.0,0.0
Queue-nominal,0.45,1610,Minimax-PPO,29,29.0,0.0,0.16,0.0,,,,,,,,,,,,1.0,0.0
Queue-nominal,0.45,1610,Minimax-PPO,30,30.0,0.0,0.16,0.0,,,,,,,,,,,,1.0,0.0
Queue-nominal,0.45,1610,Minimax-PPO,31,31.0,0.0,0.16,0.0,,,,,,,,,,,,1.0,0.0
Queue-nominal,0.45,1610,Minimax-PPO,32,32.0,0.0,0.16,0.0,,,,,,,,,,,,1.0,0.0
Queue-nominal,0.45,1610,Minimax-PPO,33,33.0,0.0,0.16,0.0,,,,,,,,,,,,1.0,0.0
Queue-nominal,0.45,1610,Minimax-PPO,34,34.0,0.0,0.16,0.0,,,,,,,,,,,,1.0,0.0
Queue-nominal,0.45,1610,Minimax-PPO,35,35.0,0.0,0.16,0.0,,,,,,,,,,,,1.0,0.0
Queue-nominal,0.45,1610,Minimax-PPO,36,36.0,0.0,0.16,0.0,,,,,,,,,,,,1.0,0.0
Queue-nominal,0.45,1610,Minimax-PPO,37,37.0,0.0,0.16,0.0,,,,,,,,,,,,1.0,0.0
Queue-nominal,0.45,1610,Minimax-PPO,38,38.0,0.0,0.16,0.0,,,,,,,,,,,,1.0,0.0
Queue-nominal,0.45,1610,Minimax-PPO,39,39.0,0.0,0.16,0.0,,,,,,,,,,,,1.0,0.0
Queue-nominal,0.45,1610,Minimax-PPO,40,40.0,0.0,0.16,0.0,,,,,,,,,,,,1.0,0.0
Queue-nominal,0.45,1610,Minimax-PPO,41,41.0,0.0,0.16,0.0,,,,,,,,,,,,1.0,0.0
Queue-nominal,0.45,1610,Minimax-PPO,42,42.0,0.0,0.16,0.0,,,,,,,,,,,,1.0,0.0
Queue-nominal,0.45,1610,Minimax-PPO,43,43.0,0.0,0.16,0.0,,,,,,,,,,,,1.0,0.0
Queue-nominal,0.45,1610,Minimax-PPO,44,44.0,0.0,0.16,0.0,,,,,,,,,,,,1.0,0.0
Queue-nominal,0.45,1610,Minimax-PPO,45,45.0,0.0,0.16,0.0,,,,,,,,,,,,1.0,0.0
Queue-nominal,0.45,1610,Minimax-PPO,46,46.0,0.0,0.16,0.0,,,,,,,,,,,,1.0,0.0
Queue-nominal,0.45,1610,Minimax-PPO,47,47.0,0.0,0.16,0.0,,,,,,,,,,,,1.0,0.0
Queue-nominal,0.45,1610,Minimax-PPO,48,48.0,0.0,0.16,0.0,,,,,,,,,,,,1.0,0.0
Queue-nominal,0.45,1610,Minimax-PPO,49,49.0,0.0,0.16,0.0,,,,,,,,,,,,1.0,0.0
Queue-nominal,0.45,1610,Minimax-PPO,50,50.0,0.0,0.16,0.0,,,,,,,,,,,,1.0,0.0
Queue-nominal,0.45,1610,Minimax-PPO,51,51.0,0.0,0.16,0.0,,,,,,,,,,,,1.0,0.0
Queue-nominal,0.45,1610,Minimax-PPO,52,52.0,0.0,0.16,0.0,,,,,,,,,,,,1.0,0.0
Queue-nominal,0.45,1610,Minimax-PPO,53,53.0,0.0,0.16,0.0,,,,,,,,,,,,1.0,0.0
Queue-nominal,0.45,1610,Minimax-PPO,54,54.0,0.0,0.16,0.0,,,,,,,,,,,,1.0,0.0
Queue-nominal,0.45,1610,Minimax-PPO,55,55.0,0.0,0.16,0.0,,,,,,,,,,,,1.0,0.0
Queue-nominal,0.45,1610,Minimax-PPO,56,56.0,0.0,0.16,0.0,,,,,,,,,,,,1.0,0.0
Queue-nominal,0.45,1610,Minimax-PPO,57,57.0,0.0,0.16,0.0,,,,,,,,,,,,1.0,0.0
Queue-nominal,0.45,1610,Minimax-PPO,58,58.0,0.0,0.16,0.0,,,,,,,,,,,,1.0,0.0
Queue-nominal,0.45,1610,Minimax-PPO,59,59.0,0.0,0.16,0.0,,,,,,,,,,,,1.0,0.0
Queue-nominal,0.45,1610,Minimax-PPO,60,60.0,0.0,0.16,0.0,,,,,,,,,,,,1.0,0.0
Queue-nominal,0.45,1610,GDA,1,1.0,0.0,0.16,0.0,,,,,,,,,,,,1.0,0.0
Queue-nominal,0.45,1610,GDA,2,2.0,0.0,0.16,0.0,,,,,,,,,,,,1.0,0.0
Queue-nominal,0.45,1610,GDA,3,3.0,0.0,0.16,0.0,,,,,,,,,,,,1.0,0.0
Queue-nominal,0.45,1610,GDA,4,4.0,0.0,0.16,0.0,,,,,,,,,,,,1.0,0.0
Queue-nominal,0.45,1610,GDA,5,5.0,0.0,0.16,0.0,,,,,,,,,,,,1.0,0.0
Queue-nominal,0.45,1610,GDA,6,6.0,0.0,0.16,0.0,,,,,,,,,,,,1.0,0.0
Queue-nominal,0.45,1610,GDA,7,7.0,0.0,0.16,0.0,,,,,,,,,,,,1.0,0.0
Queue-nominal,0.45,1610,GDA,8,8.0,0.0,0.16,0.0,,,,,,,,,,,,1.0,0.0
Queue-nominal,0.45,1610,GDA,9,9.0,0.0,0.16,0.0,,,,,,,,,,,,1.0,0.0
Queue-nominal,0.45,1610,GDA,10,10.0,0.0,0.16,0.0,,,,,,,,,,,,1.0,0.0
Queue-nominal,0.45,1610,GDA,11,11.0,0.0,0.16,0.0,,,,,,,,,,,,1.0,0.0
Queue-nominal,0.45,1610,GDA,12,12.0,0.0,0.16,0.0,,,,,,,,,,,,1.0,0.0
Queue-nominal,0.45,1610,GDA,13,13.0,0.0,0.16,0.0,,,,,,,,,,,,1.0,0.0
Queue-nominal,0.45,1610,GDA,14,14.0,0.0,0.16,0.0,,,,,,,,,,,,1.0,0.0
Queue-nominal,0.45,1610,GDA,15,15.0,0.0,0.16,0.0,,,,,,,,,,,,1.0,0.0
Queue-nominal,0.45,1610,GDA,16,16.0,0.0,0.16,0.0,,,,,,,,,,,,1.0,0.0
Queue-nominal,0.45,1610,GDA,17,17.0,0.0,0.16,0.0,,,,,,,,,,,,1.0,0.0
Queue-nominal,0.45,1610,GDA,18,18.0,0.0,0.16,0.0,,,,,,,,,,,,1.0,0.0
Queue-nominal,0.45,1610,GDA,19,19.0,0.0,0.16,0.0,,,,,,,,,,,,1.0,0.0
Queue-nominal,0.45,1610,GDA,20,20.0,0.0,0.16,0.0,,,,,,,,,,,,1.0,0.0
Queue-nominal,0.45,1610,GDA,21,21.0,0.0,0.16,0.0,,,,,,,,,,,,1.0,0.0
Queue-nominal,0.45,1610,GDA,22,22.0,0.0,0.16,0.0,,,,,,,,,,,,1.0,0.0
Queue-nominal,0.45,1610,GDA,23,23.0,0.0,0.16,0.0,,,,,,,,,,,,1.0,0.0
Queue-nominal,0.45,1610,GDA,24,24.0,0.0,0.16,0.0,,,,,,,,,,,,1.0,0.0
Queue-nominal,0.45,1610,GDA,25,25.0,0.0,0.16,0.0,,,,,,,,,,,,1.0,0.0
Queue-nominal,0.45,1610,GDA,26,26.0,0.0,0.16,0.0,,,,,,,,,,,,1.0,0.0
Queue-nominal,0.45,1610,GDA,27,27.0,0.0,0.16,0.0,,,,,,,,,,,,1.0,0.0
Queue-nominal,0.45,1610,GDA,28,28.0,0.0,0.16,0.0,,,,,,,,,,,,1.0,0.0
Queue-nominal,0.45,1610,GDA,29,29.0,0.0,0.16,0.0,,,,,,,,,,,,1.0,0.0
Queue-nominal,0.45,1610,GDA,30,30.0,0.0,0.16,0.0,,,,,,,,,,,,1.0,0.0
Queue-nominal,0.45,1610,GDA,31,31.0,0.0,0.16,0.0,,,,,,,,,,,,1.0,0.0
Queue-nominal,0.45,1610,GDA,32,32.0,0.0,0.16,0.0,,,,,,,,,,,,1.0,0.0
Queue-nominal,0.45,1610,GDA,33,33.0,0.0,0.16,0.0,,,,,,,,,,,,1.0,0.0
Queue-nominal,0.45,1610,GDA,34,34.0,0.0,0.16,0.0,,,,,,,,,,,,1.0,0.0
Queue-nominal,0.45,1610,GDA,35,35.0,0.0,0.16,0.0,,,,,,,,,,,,1.0,0.0
Queue-nominal,0.45,1610,GDA,36,36.0,0.0,0.16,0.0,,,,,,,,,,,,1.0,0.0
Queue-nominal,0.45,1610,GDA,37,37.0,0.0,0.16,0.0,,,,,,,,,,,,1.0,0.0
Queue-nominal,0.45,1610,GDA,38,38.0,0.0,0.16,0.0,,,,,,,,,,,,1.0,0.0
Queue-nominal,0.45,1610,GDA,39,39.0,0.0,0.16,0.0,,,,,,,,,,,,1.0,0.0
Queue-nominal,0.45,1610,GDA,40,40.0,0.0,0.16,0.0,,,,,,,,,,,,1.0,0.0
Queue-nominal,0.45,1610,GDA,41,41.0,0.0,0.16,0.0,,,,,,,,,,,,1.0,0.0
Queue-nominal,0.45,1610,GDA,42,42.0,0.0,0.16,0.0,,,,,,,,,,,,1.0,0.0
Queue-nominal,0.45,1610,GDA,43,43.0,0.0,0.16,0.0,,,,,,,,,,,,1.0,0.0
Queue-nominal,0.45,1610,GDA,44,44.0,0.0,0.16,0.0,,,,,,,,,,,,1.0,0.0
Queue-nominal,0.45,1610,GDA,45,45.0,0.0,0.16,0.0,,,,,,,,,,,,1.0,0.0
Queue-nominal,0.45,1610,GDA,46,46.0,0.0,0.16,0.0,,,,,,,,,,,,1.0,0.0
Queue-nominal,0.45,1610,GDA,47,47.0,0.0,0.16,0.0,,,,,,,,,,,,1.0,0.0
Queue-nominal,0.45,1610,GDA,48,48.0,0.0,0.16,0.0,,,,,,,,,,,,1.0,0.0
Queue-nominal,0.45,1610,GDA,49,49.0,0.0,0.16,0.0,,,,,,,,,,,,1.0,0.0
Queue-nominal,0.45,1610,GDA,50,50.0,0.0,0.16,0.0,,,,,,,,,,,,1.0,0.0
Queue-nominal,0.45,1610,GDA,51,51.0,0.0,0.16,0.0,,,,,,,,,,,,1.0,0.0
Queue-nominal,0.45,1610,GDA,52,52.0,0.0,0.16,0.0,,,,,,,,,,,,1.0,0.0
Queue-nominal,0.45,1610,GDA,53,53.0,0.0,0.16,0.0,,,,,,,,,,,,1.0,0.0
Queue-nominal,0.45,1610,GDA,54,54.0,0.0,0.16,0.0,,,,,,,,,,,,1.0,0.0
Queue-nominal,0.45,1610,GDA,55,55.0,0.0,0.16,0.0,,,,,,,,,,,,1.0,0.0
Queue-nominal,0.45,1610,GDA,56,56.0,0.0,0.16,0.0,,,,,,,,,,,,1.0,0.0
Queue-nominal,0.45,1610,GDA,57,57.0,0.0,0.16,0.0,,,,,,,,,,,,1.0,0.0
Queue-nominal,0.45,1610,GDA,58,58.0,0.0,0.16,0.0,,,,,,,,,,,,1.0,0.0
Queue-nominal,0.45,1610,GDA,59,59.0,0.0,0.16,0.0,,,,,,,,,,,,1.0,0.0
Queue-nominal,0.45,1610,GDA,60,60.0,0.0,0.16,0.0,,,,,,,,,,,,1.0,0.0
Queue-nominal,0.45,1610,EGM,1,1.0,0.0,0.16,0.0,,,,,,,,,,,,1.0,0.0
Queue-nominal,0.45,1610,EGM,2,2.0,0.0,0.16,0.0,,,,,,,,,,,,1.0,0.0
Queue-nominal,0.45,1610,EGM,3,3.0,0.0,0.16,0.0,,,,,,,,,,,,1.0,0.0
Queue-nominal,0.45,1610,EGM,4,4.0,0.0,0.16,0.0,,,,,,,,,,,,1.0,0.0
Queue-nominal,0.45,1610,EGM,5,5.0,0.0,0.16,0.0,,,,,,,,,,,,1.0,0.0
Queue-nominal,0.45,1610,EGM,6,6.0,0.0,0.16,0.0,,,,,,,,,,,,1.0,0.0
Queue-nominal,0.45,1610,EGM,7,7.0,0.0,0.16,0.0,,,,,,,,,,,,1.0,0.0
Queue-nominal,0.45,1610,EGM,8,8.0,0.0,0.16,0.0,,,,,,,,,,,,1.0,0.0
Queue-nominal,0.45,1610,EGM,9,9.0,0.0,0.16,0.0,,,,,,,,,,,,1.0,0.0
Queue-nominal,0.45,1610,EGM,10,10.0,0.0,0.16,0.0,,,,,,,,,,,,1.0,0.0
Queue-nominal,0.45,1610,EGM,11,11.0,0.0,0.16,0.0,,,,,,,,,,,,1.0,0.0
Queue-nominal,0.45,1610,EGM,12,12.0,0.0,0.16,0.0,,,,,,,,,,,,1.0,0.0
Queue-nominal,0.45,1610,EGM,13,13.0,0.0,0.16,0.0,,,,,,,,,,,,1.0,0.0
Queue-nominal,0.45,1610,EGM,14,14.0,0.0,0.16,0.0,,,,,,,,,,,,1.0,0.0
Queue-nominal,0.45,1610,EGM,15,15.0,0.0,0.16,0.0,,,,,,,,,,,,1.0,0.0
Queue-nominal,0.45,1610,EGM,16,16.0,0.0,0.16,0.0,,,,,,,,,,,,1.0,0.0
Queue-nominal,0.45,1610,EGM,17,17.0,0.0,0.16,0.0,,,,,,,,,,,,1.0,0.0
Queue-nominal,0.45,1610,EGM,18,18.0,0.0,0.16,0.0,,,,,,,,,,,,1.0,0.0
Queue-nominal,0.45,1610,EGM,19,19.0,0.0,0.16,0.0,,,,,,,,,,,,1.0,0.0
Queue-nominal,0.45,1610,EGM,20,20.0,0.0,0.16,0.0,,,,,,,,,,,,1.0,0.0
Queue-nominal,0.45,1610,EGM,21,21.0,0.0,0.16,0.0,,,,,,,,,,,,1.0,0.0
Queue-nominal,0.45,1610,EGM,22,22.0,0.0,0.16,0.0,,,,,,,,,,,,1.0,0.0
Queue-nominal,0.45,1610,EGM,23,23.0,0.0,0.16,0.0,,,,,,,,,,,,1.0,0.0
Queue-nominal,0.45,1610,EGM,24,24.0,0.0,0.16,0.0,,,,,,,,,,,,1.0,0.0
Queue-nominal,0.45,1610,EGM,25,25.0,0.0,0.16,0.0,,,,,,,,,,,,1.0,0.0
Queue-nominal,0.45,1610,EGM,26,26.0,0.0,0.16,0.0,,,,,,,,,,,,1.0,0.0
Queue-nominal,0.45,1610,EGM,27,27.0,0.0,0.16,0.0,,,,,,,,,,,,1.0,0.0
Queue-nominal,0.45,1610,EGM,28,28.0,0.0,0.16,0.0,,,,,,,,,,,,1.0,0.0
Queue-nominal,0.45,1610,EGM,29,29.0,0.0,0.16,0.0,,,,,,,,,,,,1.0,0.0
Queue-nominal,0.45,1610,EGM,30,30.0,0.0,0.16,0.0,,,,,,,,,,,,1.0,0.0
Queue-nominal,0.45,1610,EGM,31,31.0,0.0,0.16,0.0,,,,,,,,,,,,1.0,0.0
Queue-nominal,0.45,1610,EGM,32,32.0,0.0,0.16,0.0,,,,,,,,,,,,1.0,0.0
Queue-nominal,0.45,1610,EGM,33,33.0,0.0,0.16,0.0,,,,,,,,,,,,1.0,0.0
Queue-nominal,0.45,1610,EGM,34,34.0,0.0,0.16,0.0,,,,,,,,,,,,1.0,0.0
Queue-nominal,0.45,1610,EGM,35,35.0,0.0,0.16,0.0,,,,,,,,,,,,1.0,0.0
Queue-nominal,0.45,1610,EGM,36,36.0,0.0,0.16,0.0,,,,,,,,,,,,1.0,0.0
Queue-nominal,0.45,1610,EGM,37,37.0,0.0,0.16,0.0,,,,,,,,,,,,1.0,0.0
Queue-nominal,0.45,1610,EGM,38,38.0,0.0,0.16,0.0,,,,,,,,,,,,1.0,0.0
Queue-nominal,0.45,1610,EGM,39,39.0,0.0,0.16,0.0,,,,,,,,,,,,1.0,0.0
Queue-nominal,0.45,1610,EGM,40,40.0,0.0,0.16,0.0,,,,,,,,,,,,1.0,0.0
Queue-nominal,0.45,1610,EGM,41,41.0,0.0,0.16,0.0,,,,,,,,,,,,1.0,0.0
Queue-nominal,0.45,1610,EGM,42,42.0,0.0,0.16,0.0,,,,,,,,,,,,1.0,0.0
Queue-nominal,0.45,1610,EGM,43,43.0,0.0,0.16,0.0,,,,,,,,,,,,1.0,0.0
Queue-nominal,0.45,1610,EGM,44,44.0,0.0,0.16,0.0,,,,,,,,,,,,1.0,0.0
Queue-nominal,0.45,1610,EGM,45,45.0,0.0,0.16,0.0,,,,,,,,,,,,1.0,0.0
Queue-nominal,0.45,1610,EGM,46,46.0,0.0,0.16,0.0,,,,,,,,,,,,1.0,0.0
Queue-nominal,0.45,1610,EGM,47,47.0,0.0,0.16,0.0,,,,,,,,,,,,1.0,0.0
Queue-nominal,0.45,1610,EGM,48,48.0,0.0,0.16,0.0,,,,,,,,,,,,1.0,0.0
Queue-nominal,0.45,1610,EGM,49,49.0,0.0,0.16,0.0,,,,,,,,,,,,1.0,0.0
Queue-nominal,0.45,1610,EGM,50,50.0,0.0,0.16,0.0,,,,,,,,,,,,1.0,0.0
Queue-nominal,0.45,1610,EGM,51,51.0,0.0,0.16,0.0,,,,,,,,,,,,1.0,0.0
Queue-nominal,0.45,1610,EGM,52,52.0,0.0,0.16,0.0,,,,,,,,,,,,1.0,0.0
Queue-nominal,0.45,1610,EGM,53,53.0,0.0,0.16,0.0,,,,,,,,,,,,1.0,0.0
Queue-nominal,0.45,1610,EGM,54,54.0,0.0,0.16,0.0,,,,,,,,,,,,1.0,0.0
Queue-nominal,0.45,1610,EGM,55,55.0,0.0,0.16,0.0,,,,,,,,,,,,1.0,0.0
Queue-nominal,0.45,1610,EGM,56,56.0,0.0,0.16,0.0,,,,,,,,,,,,1.0,0.0
Queue-nominal,0.45,1610,EGM,57,57.0,0.0,0.16,0.0,,,,,,,,,,,,1.0,0.0
Queue-nominal,0.45,1610,EGM,58,58.0,0.0,0.16,0.0,,,,,,,,,,,,1.0,0.0
Queue-nominal,0.45,1610,EGM,59,59.0,0.0,0.16,0.0,,,,,,,,,,,,1.0,0.0
Queue-nominal,0.45,1610,EGM,60,60.0,0.0,0.16,0.0,,,,,,,,,,,,1.0,0.0
Queue-nominal,0.45,1610,PPM-3,1,3.0,0.0,0.16,0.0,,,,,,,,,,,,3.0,0.0
Queue-nominal,0.45,1610,PPM-3,2,6.0,0.0,0.16,0.0,,,,,,,,,,,,3.0,0.0
Queue-nominal,0.45,1610,PPM-3,3,9.0,0.0,0.16,0.0,,,,,,,,,,,,3.0,0.0
Queue-nominal,0.45,1610,PPM-3,4,12.0,0.0,0.16,0.0,,,,,,,,,,,,3.0,0.0
Queue-nominal,0.45,1610,PPM-3,5,15.0,0.0,0.16,0.0,,,,,,,,,,,,3.0,0.0
Queue-nominal,0.45,1610,PPM-3,6,18.0,0.0,0.16,0.0,,,,,,,,,,,,3.0,0.0
Queue-nominal,0.45,1610,PPM-3,7,21.0,0.0,0.16,0.0,,,,,,,,,,,,3.0,0.0
Queue-nominal,0.45,1610,PPM-3,8,24.0,0.0,0.16,0.0,,,,,,,,,,,,3.0,0.0
Queue-nominal,0.45,1610,PPM-3,9,27.0,0.0,0.16,0.0,,,,,,,,,,,,3.0,0.0
Queue-nominal,0.45,1610,PPM-3,10,30.0,0.0,0.16,0.0,,,,,,,,,,,,3.0,0.0
Queue-nominal,0.45,1610,PPM-3,11,33.0,0.0,0.16,0.0,,,,,,,,,,,,3.0,0.0
Queue-nominal,0.45,1610,PPM-3,12,36.0,0.0,0.16,0.0,,,,,,,,,,,,3.0,0.0
Queue-nominal,0.45,1610,PPM-3,13,39.0,0.0,0.16,0.0,,,,,,,,,,,,3.0,0.0
Queue-nominal,0.45,1610,PPM-3,14,42.0,0.0,0.16,0.0,,,,,,,,,,,,3.0,0.0
Queue-nominal,0.45,1610,PPM-3,15,45.0,0.0,0.16,0.0,,,,,,,,,,,,3.0,0.0
Queue-nominal,0.45,1610,PPM-3,16,48.0,0.0,0.16,0.0,,,,,,,,,,,,3.0,0.0
Queue-nominal,0.45,1610,PPM-3,17,51.0,0.0,0.16,0.0,,,,,,,,,,,,3.0,0.0
Queue-nominal,0.45,1610,PPM-3,18,54.0,0.0,0.16,0.0,,,,,,,,,,,,3.0,0.0
Queue-nominal,0.45,1610,PPM-3,19,57.0,0.0,0.16,0.0,,,,,,,,,,,,3.0,0.0
Queue-nominal,0.45,1610,PPM-3,20,60.0,0.0,0.16,0.0,,,,,,,,,,,,3.0,0.0
Queue-nominal,0.45,1610,PPM-3,21,63.0,0.0,0.16,0.0,,,,,,,,,,,,3.0,0.0
Queue-nominal,0.45,1610,PPM-3,22,66.0,0.0,0.16,0.0,,,,,,,,,,,,3.0,0.0
Queue-nominal,0.45,1610,PPM-3,23,69.0,0.0,0.16,0.0,,,,,,,,,,,,3.0,0.0
Queue-nominal,0.45,1610,PPM-3,24,72.0,0.0,0.16,0.0,,,,,,,,,,,,3.0,0.0
Queue-nominal,0.45,1610,PPM-3,25,75.0,0.0,0.16,0.0,,,,,,,,,,,,3.0,0.0
Queue-nominal,0.45,1610,PPM-3,26,78.0,0.0,0.16,0.0,,,,,,,,,,,,3.0,0.0
Queue-nominal,0.45,1610,PPM-3,27,81.0,0.0,0.16,0.0,,,,,,,,,,,,3.0,0.0
Queue-nominal,0.45,1610,PPM-3,28,84.0,0.0,0.16,0.0,,,,,,,,,,,,3.0,0.0
Queue-nominal,0.45,1610,PPM-3,29,87.0,0.0,0.16,0.0,,,,,,,,,,,,3.0,0.0
Queue-nominal,0.45,1610,PPM-3,30,90.0,0.0,0.16,0.0,,,,,,,,,,,,3.0,0.0
Queue-nominal,0.45,1610,PPM-3,31,93.0,0.0,0.16,0.0,,,,,,,,,,,,3.0,0.0
Queue-nominal,0.45,1610,PPM-3,32,96.0,0.0,0.16,0.0,,,,,,,,,,,,3.0,0.0
Queue-nominal,0.45,1610,PPM-3,33,99.0,0.0,0.16,0.0,,,,,,,,,,,,3.0,0.0
Queue-nominal,0.45,1610,PPM-3,34,102.0,0.0,0.16,0.0,,,,,,,,,,,,3.0,0.0
Queue-nominal,0.45,1610,PPM-3,35,105.0,0.0,0.16,0.0,,,,,,,,,,,,3.0,0.0
Queue-nominal,0.45,1610,PPM-3,36,108.0,0.0,0.16,0.0,,,,,,,,,,,,3.0,0.0
Queue-nominal,0.45,1610,PPM-3,37,111.0,0.0,0.16,0.0,,,,,,,,,,,,3.0,0.0
Queue-nominal,0.45,1610,PPM-3,38,114.0,0.0,0.16,0.0,,,,,,,,,,,,3.0,0.0
Queue-nominal,0.45,1610,PPM-3,39,117.0,0.0,0.16,0.0,,,,,,,,,,,,3.0,0.0
Queue-nominal,0.45,1610,PPM-3,40,120.0,0.0,0.16,0.0,,,,,,,,,,,,3.0,0.0
Queue-nominal,0.45,1610,PPM-3,41,123.0,0.0,0.16,0.0,,,,,,,,,,,,3.0,0.0
Queue-nominal,0.45,1610,PPM-3,42,126.0,0.0,0.16,0.0,,,,,,,,,,,,3.0,0.0
Queue-nominal,0.45,1610,PPM-3,43,129.0,0.0,0.16,0.0,,,,,,,,,,,,3.0,0.0
Queue-nominal,0.45,1610,PPM-3,44,132.0,0.0,0.16,0.0,,,,,,,,,,,,3.0,0.0
Queue-nominal,0.45,1610,PPM-3,45,135.0,0.0,0.16,0.0,,,,,,,,,,,,3.0,0.0
Queue-nominal,0.45,1610,PPM-3,46,138.0,0.0,0.16,0.0,,,,,,,,,,,,3.0,0.0
Queue-nominal,0.45,1610,PPM-3,47,141.0,0.0,0.16,0.0,,,,,,,,,,,,3.0,0.0
Queue-nominal,0.45,1610,PPM-3,48,144.0,0.0,0.16,0.0,,,,,,,,,,,,3.0,0.0
Queue-nominal,0.45,1610,PPM-3,49,147.0,0.0,0.16,0.0,,,,,,,,,,,,3.0,0.0
Queue-nominal,0.45,1610,PPM-3,50,150.0,0.0,0.16,0.0,,,,,,,,,,,,3.0,0.0
Queue-nominal,0.45,1610,PPM-3,51,153.0,0.0,0.16,0.0,,,,,,,,,,,,3.0,0.0
Queue-nominal,0.45,1610,PPM-3,52,156.0,0.0,0.16,0.0,,,,,,,,,,,,3.0,0.0
Queue-nominal,0.45,1610,PPM-3,53,159.0,0.0,0.16,0.0,,,,,,,,,,,,3.0,0.0
Queue-nominal,0.45,1610,PPM-3,54,162.0,0.0,0.16,0.0,,,,,,,,,,,,3.0,0.0
Queue-nominal,0.45,1610,PPM-3,55,165.0,0.0,0.16,0.0,,,,,,,,,,,,3.0,0.0
Queue-nominal,0.45,1610,PPM-3,56,168.0,0.0,0.16,0.0,,,,,,,,,,,,3.0,0.0
Queue-nominal,0.45,1610,PPM-3,57,171.0,0.0,0.16,0.0,,,,,,,,,,,,3.0,0.0
Queue-nominal,0.45,1610,PPM-3,58,174.0,0.0,0.16,0.0,,,,,,,,,,,,3.0,0.0
Queue-nominal,0.45,1610,PPM-3,59,177.0,0.0,0.16,0.0,,,,,,,,,,,,3.0,0.0
Queue-nominal,0.45,1610,PPM-3,60,180.0,0.0,0.16,0.0,,,,,,,,,,,,3.0,0.0
Queue-nominal,0.45,1611,QP+G,1,1.0,1.0,0.24,1.2007932331774835,0.19986788180419962,0.13402352261647202,0.186349388795734,0.037245257614110606,1.0,0.0,0.0,-0.07991777805194296,-0.07880765703536285,0.001110121016580104,5.0,1.0,1.0
Queue-nominal,0.45,1611,QP+G,2,2.0,2.0,0.24,1.2261224128201067,0.19573902041966187,0.14978407107748726,0.18165279831316397,0.035556540798309125,1.0,0.0,0.0,-0.07084844051125248,-0.06993450505793053,0.000913935453321954,5.0,1.0,1.0
Queue-nominal,0.45,1611,QP+G,3,3.0,3.0,0.24,1.2538554141210467,0.19140962928986524,0.15998442850780498,0.17734501564435426,0.0339455437008912,1.0,0.0,0.0,-0.06208387791102876,-0.06142724440878222,0.0006566335022465397,5.0,1.0,1.0
Queue-nominal,0.45,1611,QP+G,4,4.0,4.0,0.24,1.283431876812641,0.18699862792564553,0.16590988371397275,0.17349893348600584,0.03244406250844593,1.0,0.0,0.0,-0.05430333918404113,-0.053886377782715655,0.00041696140132547327,5.0,1.0,1.0
Queue-nominal,0.45,1611,QP+G,5,5.0,5.0,0.24,1.3141833704826944,0.1826229165507162,0.16898096570130702,0.17013438588692628,0.031070437756235483,1.0,0.0,0.0,-0.04764373728712174,-0.04743409462865955,0.0002096426584621905,5.0,1.0,1.0
Queue-nominal,0.45,1611,QP+G,6,6.0,6.0,0.24,1.3454272272025298,0.17838200026546092,0.1705873606886368,0.16723222891150352,0.029831219502085442,1.0,0.0,0.0,-0.042072857395304156,-0.042048157733371117,2.4699661933039185e-05,5.0,1.0,1.0
Queue-nominal,0.45,1611,QP+G,7,7.0,7.0,0.24,1.3765365287131213,0.17435062200955037,0.1719859711986937,0.16474735410830135,0.028723803663209996,1.0,0.0,0.0,-0.037507697435933136,-0.03763259510510819,-0.00012489766917505446,5.0,1.0,1.0
Queue-nominal,0.45,1611,QP+G,8,8.0,8.0,0.24,1.406968043716086,0.1705795672274913,0.17423399438336507,0.1626196323229518,0.02773958650434287,1.0,0.0,0.0,-0.03379726647197943,-0.03404596357122447,-0.00024869709924504185,5.0,1.0,1.0
Queue-nominal,0.45,1611,QP+G,9,9.0,9.0,0.24,1.4362578114959923,0.16710091884549494,0.17814633238475708,0.1607826384998203,0.026866926627723022,1.0,0.0,0.0,-0.03080286556304243,-0.03115920031712438,-0.0003563347540819495,5.0,1.0,1.0
Queue-nominal,0.45,1611,QP+G,10,10.0,10.0,0.24,1.4640021145806374,0.1639341894453123,0.18427474221766663,0.1591702868151691,0.026093451952822623,1.0,0.0,0.0,-0.028404313300134983,-0.028859064583314442,-0.0004547512831794588,5.0,1.0,1.0
Queue-nominal,0.45,1611,QP+G,11,11.0,11.0,0.24,1.489838600815585,0.1610912751680728,0.1929066586684006,0.15772160882578382,0.025407575087305484,1.0,0.0,0.0,-0.026494791418225954,-0.02704262942375868,-0.0005478380055327255,5.0,1.0,1.0
Queue-nominal,0.45,1611,QP+G,12,12.0,12.0,0.24,1.5134366005230815,0.15857948718634796,0.2040806045193466,0.1563839473822574,0.024799286180055197,1.0,0.0,0.0,-0.024977920840271596,-0.02561194319759119,-0.0006340223573195955,5.0,1.0,1.0
Queue-nominal,0.45,1611,QP+G,13,13.0,13.0,0.24,1.5345012926823227,0.1564026052923538,0.2176155376378989,0.15511482787145953,0.024260363198571284,1.0,0.0,0.0,-0.02375980704964848,-0.024468327264159484,-0.0007085202145110034,5.0,1.0,1.0
Queue-nominal,0.45,1611,QP+G,14,14.0,14.0,0.24,1.552792927242321,0.1545602094068186,0.23315295492085258,0.15388271892226613,0.02378414526071606,1.0,0.0,0.0,-0.022748560643835496,-0.023517766392418427,-0.0007692057485829303,5.0,1.0,1.0
Queue-nominal,0.45,1611,QP+G,15,15.0,15.0,0.24,1.5681580095594916,0.15304580184966052,0.2502111231800886,0.15266684162885297,0.023365019192942933,1.0,0.0,0.0,-0.02186720245065125,-0.02268406246905652,-0.0008168600184052695,5.0,1.0,1.0
Queue-nominal,0.45,1611,QP+G,16,16.0,16.0,0.24,1.4322418766512945,0.15184450895900334,0.26824909419664095,0.15145616689139973,0.02299778729043745,1.0,0.0,0.0,-0.021068547895997193,-0.0218419974227686,-0.0007734495267714067,5.0,1.0,1.0
Queue-nominal,0.45,1611,QP+G,17,17.0,17.0,0.24,0.0,0.15079421798227208,0.285251719821733,0.15021689597327642,0.022651839356014534,0.0,1.0,0.0,-0.020707286454137323,-0.020576683891145642,0.00013060256299168155,5.0,1.0,1.0
Queue-nominal,0.45,1611,QP+G,18,18.0,18.0,0.24,0.0,0.14853919266162519,0.2875108506285809,0.14867388321023473,0.02208389858191702,0.0,1.0,0.0,-0.020585987027991415,-0.019721362230527895,0.0008646247974635202,5.0,1.0,1.0
Queue-nominal,0.45,1611,QP+G,19,19.0,19.0,0.24,0.0,0.14640912975229176,0.2890342067282145,0.14716065525455507,0.021545663469596427,0.0,1.0,0.0,-0.02075969602934613,-0.018948482241157638,0.0018112137881884927,5.0,1.0,1.0
Queue-nominal,0.45,1611,QP+G,20,20.0,20.0,0.24,0.0,0.1444353975442384,0.2896619156925867,0.14567948334172395,0.021041274090501154,0.0,1.0,0.0,-0.020882552622039086,-0.01824395468312634,0.0026385979389127456,5.0,1.0,1.0
Queue-nominal,0.45,1611,QP+G,21,21.0,21.0,0.24,0.0,0.14263292897870344,0.28924023302488344,0.1442328958086014,0.02057236038426098,0.0,1.0,0.0,-0.020942330545151933,-0.017590961493667123,0.0033513690514848093,5.0,1.0,1.0
Queue-nominal,0.45,1611,QP+G,22,22.0,22.0,0.24,0.0,0.14100006867742948,0.28764665568548364,0.14282373880516194,0.020138156980295082,0.0,1.0,0.0,-0.020931379111905457,-0.016974223323888094,0.0039571557880173636,5.0,1.0,1.0
Queue-nominal,0.45,1611,QP+G,23,23.0,23.0,0.24,1.6,0.13951969500443706,0.28481113454137313,0.14145513299666618,0.019735777012506946,1.0,0.0,0.0,-0.020847516727242166,-0.021203219495064207,-0.00035570276782204147,5.0,1.0,1.0
Queue-nominal,0.45,1611,QP+G,24,24.0,24.0,0.24,0.0,0.1388883667513951,0.29264176071283704,0.14001303700522938,0.01944618203355895,0.0,1.0,0.0,-0.020195974065272182,-0.016418474620796264,0.003777499444475918,5.0,1.0,1.0
Queue-nominal,0.45,1611,QP+G,25,25.0,25.0,0.24,0.0,0.13749790941565884,0.28760195200847727,0.13867324838406453,0.01906728174468726,0.0,1.0,0.0,-0.020036301931533274,-0.01579626950081714,0.004240032430716134,5.0,1.0,1.0
Queue-nominal,0.45,1611,QP+G,26,26.0,26.0,0.24,0.0,0.13615398243012047,0.2815643855776995,0.13738526762728637,0.018705551314682947,0.0,1.0,0.0,-0.019816623294178548,-0.015180609699603664,0.004636013594574884,5.0,1.0,1.0
Queue-nominal,0.45,1611,QP+G,27,27.0,27.0,0.24,0.0,0.13481005053804965,0.2747419696996257,0.13615109671917627,0.01835453622952304,0.0,1.0,0.0,-0.01954784972190371,-0.01456726948150866,0.004980580240395049,5.0,1.0,1.0
Queue-nominal,0.45,1611,QP+G,28,28.0,28.0,0.24,1.6,0.13342024818599005,0.2674117151628243,0.13497193989460893,0.018007989718883254,1.0,0.0,0.0,-0.019244548204555123,-0.01954926705872806,-0.0003047188541729362,5.0,1.0,1.0
Queue-nominal,0.45,1611,QP+G,29,29.0,29.0,0.24,1.6,0.13198903776107895,0.2742857718713331,0.1335745545638936,0.017630376926253057,1.0,0.0,0.0,-0.018711149020107953,-0.019036720266720986,-0.00032557124661303227,5.0,1.0,1.0
Queue-nominal,0.45,1611,QP+G,30,30.0,30.0,0.24,0.0,0.13041857708927493,0.2832917910617297,0.13218561699853493,0.017239460080616796,0.0,1.0,0.0,-0.018185191021718783,-0.013831878059945124,0.004353312961773659,5.0,1.0,1.0
Queue-nominal,0.45,1611,QP+G,31,31.0,31.0,0.24,1.6,0.1286286721265256,0.27759345055385415,0.1310424034929163,0.016855810353562203,1.0,0.0,0.0,-0.017893883327265492,-0.018210037191364048,-0.00031615386409855617,5.0,1.0,1.0
Queue-nominal,0.45,1611,QP+G,32,32.0,32.0,0.24,1.6,0.1267821270668174,0.29013976214352954,0.12965064235616058,0.01643738421349325,1.0,0.0,0.0,-0.017299839563138963,-0.017596268083476918,-0.00029642852033795464,5.0,1.0,1.0
Queue-nominal,0.45,1611,QP+G,33,33.0,33.0,0.24,0.0,0.1249135388237869,0.30506641220961017,0.1282505743207441,0.016020233094587236,0.0,1.0,0.0,-0.016592166058087887,-0.012984613753970864,0.003607552304117023,5.0,1.0,1.0
Queue-nominal,0.45,1611,QP+G,34,34.0,34.0,0.24,0.0,0.12279293976726754,0.30358220423337884,0.1271003775006842,0.015607028998838483,0.0,1.0,0.0,-0.01615718243916975,-0.012298499868598434,0.0038586825705713146,5.0,1.0,1.0
Queue-nominal,0.45,1611,QP+G,35,35.0,35.0,0.24,1.6,0.1205840703161683,0.30382353497355497,0.12598376497649993,0.01519163517462189,1.0,0.0,0.0,-0.015667869847227678,-0.01587700561053884,-0.00020913576331116346,5.0,1.0,1.0
Queue-nominal,0.45,1611,QP+G,36,36.0,36.0,0.24,1.6,0.11870561743954945,0.3235515653867338,0.12453429004402002,0.014782919792071332,1.0,0.0,0.0,-0.014773428466453352,-0.014984490504383219,-0.0002110620379298673,5.0,1.0,1.0
Queue-nominal,0.45,1611,QP+G,37,37.0,37.0,0.24,1.6,0.11700117897510873,0.3443456611183068,0.12307311874269106,0.014399699993038405,1.0,0.0,0.0,-0.013920034683965188,-0.01414607225761988,-0.00022603757365469157,5.0,1.0,1.0
Queue-nominal,0.45,1611,QP+G,38,38.0,38.0,0.24,1.6,0.11549545541486753,0.3656311960248902,0.12160617710611366,0.014044960806131634,1.0,0.0,0.0,-0.013179652894864445,-0.0134275129260224,-0.0002478600311579555,5.0,1.0,1.0
Queue-nominal,0.45,1611,QP+G,39,39.0,39.0,0.24,1.6,0.11419799877123162,0.38688673137244967,0.12013996613159987,0.01371974370467225,1.0,0.0,0.0,-0.012585945789334474,-0.012845346276871838,-0.00025940048753736455,5.0,1.0,1.0
Queue-nominal,0.45,1611,QP+G,40,40.0,40.0,0.24,1.6,0.11310566209910602,0.40767816527207634,0.11868094325206624,0.013423486665071382,1.0,0.0,0.0,-0.012115078382536114,-0.012371794791208313,-0.0002567164086721991,5.0,1.0,1.0
Queue-nominal,0.45,1611,QP+G,41,41.0,41.0,0.24,1.6,0.11220598403189985,0.4276751414360708,0.11723503669897027,0.013154472655823852,1.0,0.0,0.0,-0.011717060541039714,-0.01196119395384554,-0.0002441334128058248,5.0,1.0,1.0
Queue-nominal,0.45,1611,QP+G,42,42.0,42.0,0.24,1.6,0.11148076595021877,0.44665159067557325,0.1158073081954364,0.012910287420260298,1.0,0.0,0.0,-0.01134924415842864,-0.011578364666994023,-0.00022912050856538357,5.0,1.0,1.0
Queue-nominal,0.45,1611,QP+G,43,43.0,43.0,0.24,0.0,0.11090934395890441,0.4644742394440089,0.11440175597543571,0.012688223702982247,0.0,1.0,0.0,-0.010999706832486921,-0.01090302979050728,9.667704197964186e-05,5.0,1.0,1.0
Queue-nominal,0.45,1611,QP+G,44,44.0,44.0,0.24,1.6,0.10957402983121638,0.47025193528112547,0.1129955317171442,0.012381375763168515,1.0,0.0,0.0,-0.010841953311045316,-0.011019213447805987,-0.00017726013676067076,5.0,1.0,1.0
Queue-nominal,0.45,1611,QP+G,45,45.0,45.0,0.24,0.5770917131101898,0.10923203440846428,0.48570124057709974,0.11161197705248795,0.012191603317794088,1.0,0.0,0.0,-0.010534284106948481,-0.010596177898424708,-6.189379147622694e-05,5.0,1.0,1.0
Queue-nominal,0.45,1611,QP+G,46,46.0,46.0,0.24,0.5632916224814386,0.10845960719459796,0.49398920826002,0.11021574379126546,0.011953956278261102,1.0,0.0,0.0,-0.010284203309187747,-0.010336017662875285,-5.181435368753831e-05,5.0,1.0,1.0
Queue-nominal,0.45,1611,QP+G,47,47.0,47.0,0.24,0.5408238310311533,0.1077941065404496,0.5014161322953665,0.10882616022690068,0.011730818709886572,1.0,0.0,0.0,-0.010024292015554718,-0.010066926301873336,-4.263428631861785e-05,5.0,1.0,1.0
Queue-nominal,0.45,1611,QP+G,48,48.0,48.0,0.24,0.5604063253582954,0.10722505956195806,0.5078665316582822,0.10744448582327085,0.011520741392004175,1.0,0.0,0.0,-0.009754084761560339,-0.009792123765163252,-3.8039003602913235e-05,5.0,1.0,1.0
Queue-nominal,0.45,1611,QP+G,49,49.0,49.0,0.24,0.5984282210624877,0.10676193976216665,0.5134925832548634,0.10607437054157905,0.011324705558069807,1.0,0.0,0.0,-0.009478676606852346,-0.009514310942702053,-3.5634335849707086e-05,5.0,1.0,1.0
Queue-nominal,0.45,1611,QP+G,50,50.0,50.0,0.24,0.6978426268180732,0.10639877367322541,0.5183332180427591,0.10471839021284242,0.011141908299680724,1.0,0.0,0.0,-0.009201544416715706,-0.00923933008480482,-3.7785668089113794e-05,5.0,1.0,1.0
Queue-nominal,0.45,1611,QP+G,51,51.0,51.0,0.24,0.8605130004711381,0.10613920079399396,0.5226443766453799,0.1033818345826688,0.010972865299221351,1.0,0.0,0.0,-0.008931416790162622,-0.00897640766393204,-4.499087376941789e-05,5.0,1.0,1.0
Queue-nominal,0.45,1611,QP+G,52,52.0,52.0,0.24,1.1193898221115073,0.1059810834994078,0.5267188593319159,0.10207081991393131,0.01081757608815137,1.0,0.0,0.0,-0.008681358602530737,-0.008741934166275778,-6.0575563745040445e-05,5.0,1.0,1.0
Queue-nominal,0.45,1611,QP+G,53,53.0,53.0,0.24,1.4666096796356902,0.10593070123182857,0.531030482349531,0.10079523149303807,0.010677309552882014,1.0,0.0,0.0,-0.0084736589948019,-0.008560408673148112,-8.674967834621135e-05,5.0,1.0,1.0
Queue-nominal,0.45,1611,QP+G,54,54.0,54.0,0.24,1.6,0.1060043561020179,0.5360146496960332,0.09956751558533619,0.010554590378301195,1.0,0.0,0.0,-0.00833285308849918,-0.008439018528707098,-0.00010616544020791881,5.0,1.0,1.0
Queue-nominal,0.45,1611,QP+G,55,55.0,55.0,0.24,1.6,0.10617194615940892,0.5406216816046471,0.09837460178341433,0.010444622924001959,1.0,0.0,0.0,-0.0082529677804839,-0.008370514419857145,-0.00011754663937324494,5.0,1.0,1.0
Queue-nominal,0.45,1611,QP+G,56,56.0,56.0,0.24,1.6,0.1064151726798064,0.5440793961421732,0.09720487928549253,0.010344074014485423,1.0,0.0,0.0,-0.008220082661432038,-0.008346940918729118,-0.00012685825729708,5.0,1.0,1.0
Queue-nominal,0.45,1611,QP+G,57,57.0,57.0,0.24,1.6,0.10673620017553907,0.5462353303756585,0.09605870779579194,0.010252941463895264,1.0,0.0,0.0,-0.008224654549005894,-0.008358676834408163,-0.0001340222854022688,5.0,1.0,1.0
Queue-nominal,0.45,1611,QP+G,58,58.0,58.0,0.24,1.6,0.10713236597314064,0.5469665169785348,0.09493719507384195,0.01017084632711428,1.0,0.0,0.0,-0.008256130999170885,-0.00839545596274327,-0.00013932496357238477,5.0,1.0,1.0
Queue-nominal,0.45,1611,QP+G,59,59.0,59.0,0.24,1.6,0.1075971530724575,0.5461870792020926,0.09384202954654265,0.01009713521774943,1.0,0.0,0.0,-0.008304093445722138,-0.008447189004713751,-0.00014309555899161275,5.0,1.0,1.0
Queue-nominal,0.45,1611,QP+G,60,60.0,60.0,0.24,1.6,0.1081215284880889,0.5438491336835084,0.09277528608606367,0.01003100573754493,1.0,0.0,0.0,-0.008358992355267159,-0.008504541231332041,-0.00014554887606488265,5.0,1.0,1.0
Queue-nominal,0.45,1611,noG,1,1.0,0.0,0.24,0.0,0.0,0.0,0.186349388795734,0.0,0.0,0.0,0.0,-0.027914546222387315,-0.027845538805002512,6.90074173848032e-05,3.0,1.0,0.0
Queue-nominal,0.45,1611,noG,2,2.0,0.0,0.24,0.0,0.0,0.0,0.185127067877602,0.0,0.0,0.0,0.0,-0.029156674266364032,-0.02909349080811463,6.318345824940161e-05,3.0,1.0,0.0
Queue-nominal,0.45,1611,noG,3,3.0,0.0,0.24,0.0,0.0,0.0,0.18371773538926695,0.0,0.0,0.0,0.0,-0.029781338216494646,-0.02972918153877746,5.215667771718557e-05,3.0,1.0,0.0
Queue-nominal,0.45,1611,noG,4,4.0,0.0,0.24,0.0,0.0,0.0,0.18217391501826116,0.0,0.0,0.0,0.0,-0.029881253592645148,-0.029842474949746567,3.877864289858132e-05,3.0,1.0,0.0
Queue-nominal,0.45,1611,noG,5,5.0,0.0,0.24,0.0,0.0,0.0,0.1805435195529422,0.0,0.0,0.0,0.0,-0.029563694040999344,-0.029536087321565763,2.7606719433581617e-05,3.0,1.0,0.0
Queue-nominal,0.45,1611,noG,6,6.0,0.0,0.24,0.0,0.0,0.0,0.1788683012443514,0.0,0.0,0.0,0.0,-0.028921509706907322,-0.0289046833115556,1.6826395351721146e-05,3.0,1.0,0.0
Queue-nominal,0.45,1611,noG,7,7.0,0.0,0.24,0.0,0.0,0.0,0.177183254303629,0.0,0.0,0.0,0.0,-0.028046002446582285,-0.028039470358782737,6.532087799548947e-06,3.0,1.0,0.0
Queue-nominal,0.45,1611,noG,8,8.0,0.0,0.24,0.0,0.0,0.0,0.17551663044383983,0.0,0.0,0.0,0.0,-0.027021222525593913,-0.027022273921239126,-1.0513956452129491e-06,3.0,1.0,0.0
Queue-nominal,0.45,1611,noG,9,9.0,0.0,0.24,0.0,0.0,0.0,0.17389028904428275,0.0,0.0,0.0,0.0,-0.025912197148434398,-0.02591859239649974,-6.395248065341891e-06,3.0,1.0,0.0
Queue-nominal,0.45,1611,noG,10,10.0,0.0,0.24,0.0,0.0,0.0,0.17232020331852987,0.0,0.0,0.0,0.0,-0.024770844209696108,-0.024779882865590963,-9.038655894855196e-06,3.0,1.0,0.0
Queue-nominal,0.45,1611,noG,11,11.0,0.0,0.24,0.0,0.0,0.0,0.17081703564673134,0.0,0.0,0.0,0.0,-0.023630889952412915,-0.023639420409453216,-8.530457040301087e-06,3.0,1.0,0.0
Queue-nominal,0.45,1611,noG,12,12.0,0.0,0.24,0.0,0.0,0.0,0.1693867555472038,0.0,0.0,0.0,0.0,-0.02250480801155863,-0.022511901755384756,-7.093743826125376e-06,3.0,1.0,0.0
Queue-nominal,0.45,1611,noG,13,13.0,0.0,0.24,0.0,0.0,0.0,0.16803129994880076,0.0,0.0,0.0,0.0,-0.02139847843797948,-0.021404096406257622,-5.617968278141122e-06,3.0,1.0,0.0
Queue-nominal,0.45,1611,noG,14,14.0,0.0,0.24,0.0,0.0,0.0,0.16674927665624775,0.0,0.0,0.0,0.0,-0.020314229576472442,-0.020316897445850746,-2.6678693783033225e-06,3.0,1.0,0.0
Queue-nominal,0.45,1611,noG,15,15.0,0.0,0.24,0.0,0.0,0.0,0.1655367005398389,0.0,0.0,0.0,0.0,-0.019243384952551953,-0.0192442035816085,-8.186290565460885e-07,3.0,1.0,0.0
Queue-nominal,0.45,1611,noG,16,16.0,0.0,0.24,0.0,0.0,0.0,0.16438773827203845,0.0,0.0,0.0,0.0,-0.018186797406443134,-0.018191177750023435,-4.380343580301371e-06,3.0,1.0,0.0
Queue-nominal,0.45,1611,noG,17,17.0,0.0,0.24,0.0,0.0,0.0,0.16329542761146038,0.0,0.0,0.0,0.0,-0.0171788196965883,-0.017190813935347826,-1.199423875952732e-05,3.0,1.0,0.0
Queue-nominal,0.45,1611,noG,18,18.0,0.0,0.24,0.0,0.0,0.0,0.16225233379796558,0.0,0.0,0.0,0.0,-0.016270883806899228,-0.01628872652459812,-1.7842717698890453e-05,3.0,1.0,0.0
Queue-nominal,0.45,1611,noG,19,19.0,0.0,0.24,0.0,0.0,0.0,0.16125110847036644,0.0,0.0,0.0,0.0,-0.01549585122011532,-0.015516312299016288,-2.0461078900968488e-05,3.0,1.0,0.0
Queue-nominal,0.45,1611,noG,20,20.0,0.0,0.24,0.0,0.0,0.0,0.16028492415440676,0.0,0.0,0.0,0.0,-0.014865226383591333,-0.014885708537194287,-2.048215360295376e-05,3.0,1.0,0.0
Queue-nominal,0.45,1611,noG,21,21.0,0.0,0.24,0.0,0.0,0.0,0.15934776785043436,0.0,0.0,0.0,0.0,-0.014373612945881575,-0.014392377059229133,-1.876411334755801e-05,3.0,1.0,0.0
Queue-nominal,0.45,1611,noG,22,22.0,0.0,0.24,0.0,0.0,0.0,0.1584345888084825,0.0,0.0,0.0,0.0,-0.014006766930849677,-0.014024675087471294,-1.7908156621617224e-05,3.0,1.0,0.0
Queue-nominal,0.45,1611,noG,23,23.0,0.0,0.24,0.0,0.0,0.0,0.15754130693252752,0.0,0.0,0.0,0.0,-0.013756162682043714,-0.013773540740298795,-1.73780582550815e-05,3.0,1.0,0.0
Queue-nominal,0.45,1611,noG,24,24.0,0.0,0.24,0.0,0.0,0.0,0.15666469866609659,0.0,0.0,0.0,0.0,-0.013612753073375394,-0.013628399511651068,-1.5646438275673802e-05,3.0,1.0,0.0
Queue-nominal,0.45,1611,noG,25,25.0,0.0,0.24,0.0,0.0,0.0,0.15580218633375922,0.0,0.0,0.0,0.0,-0.013557102365986394,-0.013568655059033485,-1.155269304709168e-05,3.0,1.0,0.0
Queue-nominal,0.45,1611,noG,26,26.0,0.0,0.24,0.0,0.0,0.0,0.15495156453460646,0.0,0.0,0.0,0.0,-0.013554975999667816,-0.013561242879522428,-6.266879854612342e-06,3.0,1.0,0.0
Queue-nominal,0.45,1611,noG,27,27.0,0.0,0.24,0.0,0.0,0.0,0.15411070294502283,0.0,0.0,0.0,0.0,-0.013568289453225189,-0.013570282756959262,-1.993303734073096e-06,3.0,1.0,0.0
Queue-nominal,0.45,1611,noG,28,28.0,0.0,0.24,0.0,0.0,0.0,0.15327726809423844,0.0,0.0,0.0,0.0,-0.01356939373171162,-0.01356915966155059,2.3407016102976186e-07,3.0,1.0,0.0
Queue-nominal,0.45,1611,noG,29,29.0,0.0,0.24,0.0,0.0,0.0,0.15244850629090226,0.0,0.0,0.0,0.0,-0.01354597451425743,-0.013545413697444886,5.608168125448287e-07,3.0,1.0,0.0
Queue-nominal,0.45,1611,noG,30,30.0,0.0,0.24,0.0,0.0,0.0,0.15162112474693729,0.0,0.0,0.0,0.0,-0.013499137413099936,-0.013499854375635056,-7.16962535120616e-07,3.0,1.0,0.0
Queue-nominal,0.45,1611,noG,31,31.0,0.0,0.24,0.0,0.0,0.0,0.15079129722767953,0.0,0.0,0.0,0.0,-0.013441201060229169,-0.013444447848233843,-3.2467880046738173e-06,3.0,1.0,0.0
Queue-nominal,0.45,1611,noG,32,32.0,0.0,0.24,0.0,0.0,0.0,0.14995480427910654,0.0,0.0,0.0,0.0,-0.013392278117687617,-0.013398246192892316,-5.968075204698664e-06,3.0,1.0,0.0
Queue-nominal,0.45,1611,noG,33,33.0,0.0,0.24,0.0,0.0,0.0,0.1491072976053883,0.0,0.0,0.0,0.0,-0.01337192315609137,-0.013379481242238533,-7.5580861471635785e-06,3.0,1.0,0.0
Queue-nominal,0.45,1611,noG,34,34.0,0.0,0.24,0.0,0.0,0.0,0.14824465636774606,0.0,0.0,0.0,0.0,-0.013390152772432273,-0.013397329024411597,-7.176251979323922e-06,3.0,1.0,0.0
Queue-nominal,0.45,1611,noG,35,35.0,0.0,0.24,0.0,0.0,0.0,0.14736338412416833,0.0,0.0,0.0,0.0,-0.013442289706127042,-0.013446783830016074,-4.494123889031698e-06,3.0,1.0,0.0
Queue-nominal,0.45,1611,noG,36,36.0,0.0,0.24,0.0,0.0,0.0,0.14646098324994,0.0,0.0,0.0,0.0,-0.013507899903499874,-0.01350794271139577,-4.280789589646006e-08,3.0,1.0,0.0
Queue-nominal,0.45,1611,noG,37,37.0,0.0,0.24,0.0,0.0,0.0,0.14553624250452893,0.0,0.0,0.0,0.0,-0.013556019226572678,-0.013551035381663468,4.983844909210375e-06,3.0,1.0,0.0
Queue-nominal,0.45,1611,noG,38,38.0,0.0,0.24,0.0,0.0,0.0,0.14458938435668853,0.0,0.0,0.0,0.0,-0.013554092790162285,-0.013544489810515703,9.602979646581786e-06,3.0,1.0,0.0
Queue-nominal,0.45,1611,noG,39,39.0,0.0,0.24,0.0,0.0,0.0,0.14362204030177186,0.0,0.0,0.0,0.0,-0.013474663614125857,-0.013461333710799384,1.332990332647381e-05,3.0,1.0,0.0
Queue-nominal,0.45,1611,noG,40,40.0,0.0,0.24,0.0,0.0,0.0,0.1426370505159646,0.0,0.0,0.0,0.0,-0.013298629610782873,-0.01328282872353892,1.5800887243953496e-05,3.0,1.0,0.0
Queue-nominal,0.45,1611,noG,41,41.0,0.0,0.24,0.0,0.0,0.0,0.14163811290143674,0.0,0.0,0.0,0.0,-0.013017629234082227,-0.0130012040785501,1.6425155532127575e-05,3.0,1.0,0.0
Queue-nominal,0.45,1611,noG,42,42.0,0.0,0.24,0.0,0.0,0.0,0.14062932992406238,0.0,0.0,0.0,0.0,-0.01263705049520336,-0.012622456125158887,1.4594370044472213e-05,3.0,1.0,0.0
Queue-nominal,0.45,1611,noG,43,43.0,0.0,0.24,0.0,0.0,0.0,0.1396147152327666,0.0,0.0,0.0,0.0,-0.012177672213598001,-0.012167365393680019,1.0306819917982324e-05,3.0,1.0,0.0
Queue-nominal,0.45,1611,noG,44,44.0,0.0,0.24,0.0,0.0,0.0,0.13859772408642704,0.0,0.0,0.0,0.0,-0.011672473813684192,-0.011667576666990254,4.897146693938481e-06,3.0,1.0,0.0
Queue-nominal,0.45,1611,noG,45,45.0,0.0,0.24,0.0,0.0,0.0,0.13758086306798292,0.0,0.0,0.0,0.0,-0.011155194280525471,-0.011154211891007737,9.823895177341058e-07,3.0,1.0,0.0
Queue-nominal,0.45,1611,noG,46,46.0,0.0,0.24,0.0,0.0,0.0,0.13656541848921688,0.0,0.0,0.0,0.0,-0.010645173293695187,-0.010647654533817885,-2.481240122698125e-06,3.0,1.0,0.0
Queue-nominal,0.45,1611,noG,47,47.0,0.0,0.24,0.0,0.0,0.0,0.1355513233007479,0.0,0.0,0.0,0.0,-0.010162392399131193,-0.010171996565360164,-9.604166228971422e-06,3.0,1.0,0.0
Queue-nominal,0.45,1611,noG,48,48.0,0.0,0.24,0.0,0.0,0.0,0.1345371630822959,0.0,0.0,0.0,0.0,-0.009746904354552832,-0.009758890142310683,-1.1985787757851085e-05,3.0,1.0,0.0
Queue-nominal,0.45,1611,noG,49,49.0,0.0,0.24,0.0,0.0,0.0,0.13352030572104293,0.0,0.0,0.0,0.0,-0.009402530734194947,-0.009413447518896056,-1.091678470110935e-05,3.0,1.0,0.0
Queue-nominal,0.45,1611,noG,50,50.0,0.0,0.24,0.0,0.0,0.0,0.13249712834363214,0.0,0.0,0.0,0.0,-0.00912375973880053,-0.00913809408859656,-1.433434979603021e-05,3.0,1.0,0.0
Queue-nominal,0.45,1611,noG,51,51.0,0.0,0.24,0.0,0.0,0.0,0.13146330938870915,0.0,0.0,0.0,0.0,-0.008932452335850272,-0.008946742833173094,-1.4290497322821949e-05,3.0,1.0,0.0
Queue-nominal,0.45,1611,noG,52,52.0,0.0,0.24,0.0,0.0,0.0,0.1304141529021811,0.0,0.0,0.0,0.0,-0.008822085613022779,-0.008830392644141316,-8.307031118537367e-06,3.0,1.0,0.0
Queue-nominal,0.45,1611,noG,53,53.0,0.0,0.24,0.0,0.0,0.0,0.1293449151481022,0.0,0.0,0.0,0.0,-0.008745693876857086,-0.008742147586268345,3.546290588740675e-06,3.0,1.0,0.0
Queue-nominal,0.45,1611,noG,54,54.0,0.0,0.24,0.0,0.0,0.0,0.12825110915587343,0.0,0.0,0.0,0.0,-0.00862722478310207,-0.008619440225814179,7.784557287891444e-06,3.0,1.0,0.0
Queue-nominal,0.45,1611,noG,55,55.0,0.0,0.24,0.0,0.0,0.0,0.12712876958427688,0.0,0.0,0.0,0.0,-0.008458319834205861,-0.008463709225956517,-5.389391750655961e-06,3.0,1.0,0.0
Queue-nominal,0.45,1611,noG,56,56.0,0.0,0.24,0.0,0.0,0.0,0.12597466717298883,0.0,0.0,0.0,0.0,-0.008331305065141237,-0.008347861539163892,-1.6556474022655365e-05,3.0,1.0,0.0
Queue-nominal,0.45,1611,noG,57,57.0,0.0,0.24,0.0,0.0,0.0,0.12478646825191113,0.0,0.0,0.0,0.0,-0.008303369919122616,-0.008319906669104649,-1.653674998203236e-05,3.0,1.0,0.0
Queue-nominal,0.45,1611,noG,58,58.0,0.0,0.24,0.0,0.0,0.0,0.12356283978385452,0.0,0.0,0.0,0.0,-0.008361939881313951,-0.008373675971907302,-1.1736090593350568e-05,3.0,1.0,0.0
Queue-nominal,0.45,1611,noG,59,59.0,0.0,0.24,0.0,0.0,0.0,0.12230350402490668,0.0,0.0,0.0,0.0,-0.00847362591543721,-0.008480407639628762,-6.781724191551319e-06,3.0,1.0,0.0
Queue-nominal,0.45,1611,noG,60,60.0,0.0,0.24,0.0,0.0,0.0,0.12100924914427022,0.0,0.0,0.0,0.0,-0.008592147412056658,-0.008611310207825795,-1.9162795769137736e-05,3.0,1.0,0.0
Queue-nominal,0.45,1611,Minimax-PPO,1,1.0,0.0,0.16,0.0,,,,,,,,,,,,1.0,0.0
Queue-nominal,0.45,1611,Minimax-PPO,2,2.0,0.0,0.16,0.0,,,,,,,,,,,,1.0,0.0
Queue-nominal,0.45,1611,Minimax-PPO,3,3.0,0.0,0.16,0.0,,,,,,,,,,,,1.0,0.0
Queue-nominal,0.45,1611,Minimax-PPO,4,4.0,0.0,0.16,0.0,,,,,,,,,,,,1.0,0.0
Queue-nominal,0.45,1611,Minimax-PPO,5,5.0,0.0,0.16,0.0,,,,,,,,,,,,1.0,0.0
Queue-nominal,0.45,1611,Minimax-PPO,6,6.0,0.0,0.16,0.0,,,,,,,,,,,,1.0,0.0
Queue-nominal,0.45,1611,Minimax-PPO,7,7.0,0.0,0.16,0.0,,,,,,,,,,,,1.0,0.0
Queue-nominal,0.45,1611,Minimax-PPO,8,8.0,0.0,0.16,0.0,,,,,,,,,,,,1.0,0.0
Queue-nominal,0.45,1611,Minimax-PPO,9,9.0,0.0,0.16,0.0,,,,,,,,,,,,1.0,0.0
Queue-nominal,0.45,1611,Minimax-PPO,10,10.0,0.0,0.16,0.0,,,,,,,,,,,,1.0,0.0
Queue-nominal,0.45,1611,Minimax-PPO,11,11.0,0.0,0.16,0.0,,,,,,,,,,,,1.0,0.0
Queue-nominal,0.45,1611,Minimax-PPO,12,12.0,0.0,0.16,0.0,,,,,,,,,,,,1.0,0.0
Queue-nominal,0.45,1611,Minimax-PPO,13,13.0,0.0,0.16,0.0,,,,,,,,,,,,1.0,0.0
Queue-nominal,0.45,1611,Minimax-PPO,14,14.0,0.0,0.16,0.0,,,,,,,,,,,,1.0,0.0
Queue-nominal,0.45,1611,Minimax-PPO,15,15.0,0.0,0.16,0.0,,,,,,,,,,,,1.0,0.0
Queue-nominal,0.45,1611,Minimax-PPO,16,16.0,0.0,0.16,0.0,,,,,,,,,,,,1.0,0.0
Queue-nominal,0.45,1611,Minimax-PPO,17,17.0,0.0,0.16,0.0,,,,,,,,,,,,1.0,0.0
Queue-nominal,0.45,1611,Minimax-PPO,18,18.0,0.0,0.16,0.0,,,,,,,,,,,,1.0,0.0
Queue-nominal,0.45,1611,Minimax-PPO,19,19.0,0.0,0.16,0.0,,,,,,,,,,,,1.0,0.0
Queue-nominal,0.45,1611,Minimax-PPO,20,20.0,0.0,0.16,0.0,,,,,,,,,,,,1.0,0.0
Queue-nominal,0.45,1611,Minimax-PPO,21,21.0,0.0,0.16,0.0,,,,,,,,,,,,1.0,0.0
Queue-nominal,0.45,1611,Minimax-PPO,22,22.0,0.0,0.16,0.0,,,,,,,,,,,,1.0,0.0
Queue-nominal,0.45,1611,Minimax-PPO,23,23.0,0.0,0.16,0.0,,,,,,,,,,,,1.0,0.0
Queue-nominal,0.45,1611,Minimax-PPO,24,24.0,0.0,0.16,0.0,,,,,,,,,,,,1.0,0.0
Queue-nominal,0.45,1611,Minimax-PPO,25,25.0,0.0,0.16,0.0,,,,,,,,,,,,1.0,0.0
Queue-nominal,0.45,1611,Minimax-PPO,26,26.0,0.0,0.16,0.0,,,,,,,,,,,,1.0,0.0
Queue-nominal,0.45,1611,Minimax-PPO,27,27.0,0.0,0.16,0.0,,,,,,,,,,,,1.0,0.0
Queue-nominal,0.45,1611,Minimax-PPO,28,28.0,0.0,0.16,0.0,,,,,,,,,,,,1.0,0.0
Queue-nominal,0.45,1611,Minimax-PPO,29,29.0,0.0,0.16,0.0,,,,,,,,,,,,1.0,0.0
Queue-nominal,0.45,1611,Minimax-PPO,30,30.0,0.0,0.16,0.0,,,,,,,,,,,,1.0,0.0
Queue-nominal,0.45,1611,Minimax-PPO,31,31.0,0.0,0.16,0.0,,,,,,,,,,,,1.0,0.0
Queue-nominal,0.45,1611,Minimax-PPO,32,32.0,0.0,0.16,0.0,,,,,,,,,,,,1.0,0.0
Queue-nominal,0.45,1611,Minimax-PPO,33,33.0,0.0,0.16,0.0,,,,,,,,,,,,1.0,0.0
Queue-nominal,0.45,1611,Minimax-PPO,34,34.0,0.0,0.16,0.0,,,,,,,,,,,,1.0,0.0
Queue-nominal,0.45,1611,Minimax-PPO,35,35.0,0.0,0.16,0.0,,,,,,,,,,,,1.0,0.0
Queue-nominal,0.45,1611,Minimax-PPO,36,36.0,0.0,0.16,0.0,,,,,,,,,,,,1.0,0.0
Queue-nominal,0.45,1611,Minimax-PPO,37,37.0,0.0,0.16,0.0,,,,,,,,,,,,1.0,0.0
Queue-nominal,0.45,1611,Minimax-PPO,38,38.0,0.0,0.16,0.0,,,,,,,,,,,,1.0,0.0
Queue-nominal,0.45,1611,Minimax-PPO,39,39.0,0.0,0.16,0.0,,,,,,,,,,,,1.0,0.0
Queue-nominal,0.45,1611,Minimax-PPO,40,40.0,0.0,0.16,0.0,,,,,,,,,,,,1.0,0.0
Queue-nominal,0.45,1611,Minimax-PPO,41,41.0,0.0,0.16,0.0,,,,,,,,,,,,1.0,0.0
Queue-nominal,0.45,1611,Minimax-PPO,42,42.0,0.0,0.16,0.0,,,,,,,,,,,,1.0,0.0
Queue-nominal,0.45,1611,Minimax-PPO,43,43.0,0.0,0.16,0.0,,,,,,,,,,,,1.0,0.0
Queue-nominal,0.45,1611,Minimax-PPO,44,44.0,0.0,0.16,0.0,,,,,,,,,,,,1.0,0.0
Queue-nominal,0.45,1611,Minimax-PPO,45,45.0,0.0,0.16,0.0,,,,,,,,,,,,1.0,0.0
Queue-nominal,0.45,1611,Minimax-PPO,46,46.0,0.0,0.16,0.0,,,,,,,,,,,,1.0,0.0
Queue-nominal,0.45,1611,Minimax-PPO,47,47.0,0.0,0.16,0.0,,,,,,,,,,,,1.0,0.0
Queue-nominal,0.45,1611,Minimax-PPO,48,48.0,0.0,0.16,0.0,,,,,,,,,,,,1.0,0.0
Queue-nominal,0.45,1611,Minimax-PPO,49,49.0,0.0,0.16,0.0,,,,,,,,,,,,1.0,0.0
Queue-nominal,0.45,1611,Minimax-PPO,50,50.0,0.0,0.16,0.0,,,,,,,,,,,,1.0,0.0
Queue-nominal,0.45,1611,Minimax-PPO,51,51.0,0.0,0.16,0.0,,,,,,,,,,,,1.0,0.0
Queue-nominal,0.45,1611,Minimax-PPO,52,52.0,0.0,0.16,0.0,,,,,,,,,,,,1.0,0.0
Queue-nominal,0.45,1611,Minimax-PPO,53,53.0,0.0,0.16,0.0,,,,,,,,,,,,1.0,0.0
Queue-nominal,0.45,1611,Minimax-PPO,54,54.0,0.0,0.16,0.0,,,,,,,,,,,,1.0,0.0
Queue-nominal,0.45,1611,Minimax-PPO,55,55.0,0.0,0.16,0.0,,,,,,,,,,,,1.0,0.0
Queue-nominal,0.45,1611,Minimax-PPO,56,56.0,0.0,0.16,0.0,,,,,,,,,,,,1.0,0.0
Queue-nominal,0.45,1611,Minimax-PPO,57,57.0,0.0,0.16,0.0,,,,,,,,,,,,1.0,0.0
Queue-nominal,0.45,1611,Minimax-PPO,58,58.0,0.0,0.16,0.0,,,,,,,,,,,,1.0,0.0
Queue-nominal,0.45,1611,Minimax-PPO,59,59.0,0.0,0.16,0.0,,,,,,,,,,,,1.0,0.0
Queue-nominal,0.45,1611,Minimax-PPO,60,60.0,0.0,0.16,0.0,,,,,,,,,,,,1.0,0.0
Queue-nominal,0.45,1611,GDA,1,1.0,0.0,0.16,0.0,,,,,,,,,,,,1.0,0.0
Queue-nominal,0.45,1611,GDA,2,2.0,0.0,0.16,0.0,,,,,,,,,,,,1.0,0.0
Queue-nominal,0.45,1611,GDA,3,3.0,0.0,0.16,0.0,,,,,,,,,,,,1.0,0.0
Queue-nominal,0.45,1611,GDA,4,4.0,0.0,0.16,0.0,,,,,,,,,,,,1.0,0.0
Queue-nominal,0.45,1611,GDA,5,5.0,0.0,0.16,0.0,,,,,,,,,,,,1.0,0.0
Queue-nominal,0.45,1611,GDA,6,6.0,0.0,0.16,0.0,,,,,,,,,,,,1.0,0.0
Queue-nominal,0.45,1611,GDA,7,7.0,0.0,0.16,0.0,,,,,,,,,,,,1.0,0.0
Queue-nominal,0.45,1611,GDA,8,8.0,0.0,0.16,0.0,,,,,,,,,,,,1.0,0.0
Queue-nominal,0.45,1611,GDA,9,9.0,0.0,0.16,0.0,,,,,,,,,,,,1.0,0.0
Queue-nominal,0.45,1611,GDA,10,10.0,0.0,0.16,0.0,,,,,,,,,,,,1.0,0.0
Queue-nominal,0.45,1611,GDA,11,11.0,0.0,0.16,0.0,,,,,,,,,,,,1.0,0.0
Queue-nominal,0.45,1611,GDA,12,12.0,0.0,0.16,0.0,,,,,,,,,,,,1.0,0.0
Queue-nominal,0.45,1611,GDA,13,13.0,0.0,0.16,0.0,,,,,,,,,,,,1.0,0.0
Queue-nominal,0.45,1611,GDA,14,14.0,0.0,0.16,0.0,,,,,,,,,,,,1.0,0.0
Queue-nominal,0.45,1611,GDA,15,15.0,0.0,0.16,0.0,,,,,,,,,,,,1.0,0.0
Queue-nominal,0.45,1611,GDA,16,16.0,0.0,0.16,0.0,,,,,,,,,,,,1.0,0.0
Queue-nominal,0.45,1611,GDA,17,17.0,0.0,0.16,0.0,,,,,,,,,,,,1.0,0.0
Queue-nominal,0.45,1611,GDA,18,18.0,0.0,0.16,0.0,,,,,,,,,,,,1.0,0.0
Queue-nominal,0.45,1611,GDA,19,19.0,0.0,0.16,0.0,,,,,,,,,,,,1.0,0.0
Queue-nominal,0.45,1611,GDA,20,20.0,0.0,0.16,0.0,,,,,,,,,,,,1.0,0.0
Queue-nominal,0.45,1611,GDA,21,21.0,0.0,0.16,0.0,,,,,,,,,,,,1.0,0.0
Queue-nominal,0.45,1611,GDA,22,22.0,0.0,0.16,0.0,,,,,,,,,,,,1.0,0.0
Queue-nominal,0.45,1611,GDA,23,23.0,0.0,0.16,0.0,,,,,,,,,,,,1.0,0.0
Queue-nominal,0.45,1611,GDA,24,24.0,0.0,0.16,0.0,,,,,,,,,,,,1.0,0.0
Queue-nominal,0.45,1611,GDA,25,25.0,0.0,0.16,0.0,,,,,,,,,,,,1.0,0.0
Queue-nominal,0.45,1611,GDA,26,26.0,0.0,0.16,0.0,,,,,,,,,,,,1.0,0.0
Queue-nominal,0.45,1611,GDA,27,27.0,0.0,0.16,0.0,,,,,,,,,,,,1.0,0.0
Queue-nominal,0.45,1611,GDA,28,28.0,0.0,0.16,0.0,,,,,,,,,,,,1.0,0.0
Queue-nominal,0.45,1611,GDA,29,29.0,0.0,0.16,0.0,,,,,,,,,,,,1.0,0.0
Queue-nominal,0.45,1611,GDA,30,30.0,0.0,0.16,0.0,,,,,,,,,,,,1.0,0.0
Queue-nominal,0.45,1611,GDA,31,31.0,0.0,0.16,0.0,,,,,,,,,,,,1.0,0.0
Queue-nominal,0.45,1611,GDA,32,32.0,0.0,0.16,0.0,,,,,,,,,,,,1.0,0.0
Queue-nominal,0.45,1611,GDA,33,33.0,0.0,0.16,0.0,,,,,,,,,,,,1.0,0.0
Queue-nominal,0.45,1611,GDA,34,34.0,0.0,0.16,0.0,,,,,,,,,,,,1.0,0.0
Queue-nominal,0.45,1611,GDA,35,35.0,0.0,0.16,0.0,,,,,,,,,,,,1.0,0.0
Queue-nominal,0.45,1611,GDA,36,36.0,0.0,0.16,0.0,,,,,,,,,,,,1.0,0.0
Queue-nominal,0.45,1611,GDA,37,37.0,0.0,0.16,0.0,,,,,,,,,,,,1.0,0.0
Queue-nominal,0.45,1611,GDA,38,38.0,0.0,0.16,0.0,,,,,,,,,,,,1.0,0.0
Queue-nominal,0.45,1611,GDA,39,39.0,0.0,0.16,0.0,,,,,,,,,,,,1.0,0.0
Queue-nominal,0.45,1611,GDA,40,40.0,0.0,0.16,0.0,,,,,,,,,,,,1.0,0.0
Queue-nominal,0.45,1611,GDA,41,41.0,0.0,0.16,0.0,,,,,,,,,,,,1.0,0.0
Queue-nominal,0.45,1611,GDA,42,42.0,0.0,0.16,0.0,,,,,,,,,,,,1.0,0.0
Queue-nominal,0.45,1611,GDA,43,43.0,0.0,0.16,0.0,,,,,,,,,,,,1.0,0.0
Queue-nominal,0.45,1611,GDA,44,44.0,0.0,0.16,0.0,,,,,,,,,,,,1.0,0.0
Queue-nominal,0.45,1611,GDA,45,45.0,0.0,0.16,0.0,,,,,,,,,,,,1.0,0.0
Queue-nominal,0.45,1611,GDA,46,46.0,0.0,0.16,0.0,,,,,,,,,,,,1.0,0.0
Queue-nominal,0.45,1611,GDA,47,47.0,0.0,0.16,0.0,,,,,,,,,,,,1.0,0.0
Queue-nominal,0.45,1611,GDA,48,48.0,0.0,0.16,0.0,,,,,,,,,,,,1.0,0.0
Queue-nominal,0.45,1611,GDA,49,49.0,0.0,0.16,0.0,,,,,,,,,,,,1.0,0.0
Queue-nominal,0.45,1611,GDA,50,50.0,0.0,0.16,0.0,,,,,,,,,,,,1.0,0.0
Queue-nominal,0.45,1611,GDA,51,51.0,0.0,0.16,0.0,,,,,,,,,,,,1.0,0.0
Queue-nominal,0.45,1611,GDA,52,52.0,0.0,0.16,0.0,,,,,,,,,,,,1.0,0.0
Queue-nominal,0.45,1611,GDA,53,53.0,0.0,0.16,0.0,,,,,,,,,,,,1.0,0.0
Queue-nominal,0.45,1611,GDA,54,54.0,0.0,0.16,0.0,,,,,,,,,,,,1.0,0.0
Queue-nominal,0.45,1611,GDA,55,55.0,0.0,0.16,0.0,,,,,,,,,,,,1.0,0.0
Queue-nominal,0.45,1611,GDA,56,56.0,0.0,0.16,0.0,,,,,,,,,,,,1.0,0.0
Queue-nominal,0.45,1611,GDA,57,57.0,0.0,0.16,0.0,,,,,,,,,,,,1.0,0.0
Queue-nominal,0.45,1611,GDA,58,58.0,0.0,0.16,0.0,,,,,,,,,,,,1.0,0.0
Queue-nominal,0.45,1611,GDA,59,59.0,0.0,0.16,0.0,,,,,,,,,,,,1.0,0.0
Queue-nominal,0.45,1611,GDA,60,60.0,0.0,0.16,0.0,,,,,,,,,,,,1.0,0.0
Queue-nominal,0.45,1611,EGM,1,1.0,0.0,0.16,0.0,,,,,,,,,,,,1.0,0.0
Queue-nominal,0.45,1611,EGM,2,2.0,0.0,0.16,0.0,,,,,,,,,,,,1.0,0.0
Queue-nominal,0.45,1611,EGM,3,3.0,0.0,0.16,0.0,,,,,,,,,,,,1.0,0.0
Queue-nominal,0.45,1611,EGM,4,4.0,0.0,0.16,0.0,,,,,,,,,,,,1.0,0.0
Queue-nominal,0.45,1611,EGM,5,5.0,0.0,0.16,0.0,,,,,,,,,,,,1.0,0.0
Queue-nominal,0.45,1611,EGM,6,6.0,0.0,0.16,0.0,,,,,,,,,,,,1.0,0.0
Queue-nominal,0.45,1611,EGM,7,7.0,0.0,0.16,0.0,,,,,,,,,,,,1.0,0.0
Queue-nominal,0.45,1611,EGM,8,8.0,0.0,0.16,0.0,,,,,,,,,,,,1.0,0.0
Queue-nominal,0.45,1611,EGM,9,9.0,0.0,0.16,0.0,,,,,,,,,,,,1.0,0.0
Queue-nominal,0.45,1611,EGM,10,10.0,0.0,0.16,0.0,,,,,,,,,,,,1.0,0.0
Queue-nominal,0.45,1611,EGM,11,11.0,0.0,0.16,0.0,,,,,,,,,,,,1.0,0.0
Queue-nominal,0.45,1611,EGM,12,12.0,0.0,0.16,0.0,,,,,,,,,,,,1.0,0.0
Queue-nominal,0.45,1611,EGM,13,13.0,0.0,0.16,0.0,,,,,,,,,,,,1.0,0.0
Queue-nominal,0.45,1611,EGM,14,14.0,0.0,0.16,0.0,,,,,,,,,,,,1.0,0.0
Queue-nominal,0.45,1611,EGM,15,15.0,0.0,0.16,0.0,,,,,,,,,,,,1.0,0.0
Queue-nominal,0.45,1611,EGM,16,16.0,0.0,0.16,0.0,,,,,,,,,,,,1.0,0.0
Queue-nominal,0.45,1611,EGM,17,17.0,0.0,0.16,0.0,,,,,,,,,,,,1.0,0.0
Queue-nominal,0.45,1611,EGM,18,18.0,0.0,0.16,0.0,,,,,,,,,,,,1.0,0.0
Queue-nominal,0.45,1611,EGM,19,19.0,0.0,0.16,0.0,,,,,,,,,,,,1.0,0.0
Queue-nominal,0.45,1611,EGM,20,20.0,0.0,0.16,0.0,,,,,,,,,,,,1.0,0.0
Queue-nominal,0.45,1611,EGM,21,21.0,0.0,0.16,0.0,,,,,,,,,,,,1.0,0.0
Queue-nominal,0.45,1611,EGM,22,22.0,0.0,0.16,0.0,,,,,,,,,,,,1.0,0.0
Queue-nominal,0.45,1611,EGM,23,23.0,0.0,0.16,0.0,,,,,,,,,,,,1.0,0.0
Queue-nominal,0.45,1611,EGM,24,24.0,0.0,0.16,0.0,,,,,,,,,,,,1.0,0.0
Queue-nominal,0.45,1611,EGM,25,25.0,0.0,0.16,0.0,,,,,,,,,,,,1.0,0.0
Queue-nominal,0.45,1611,EGM,26,26.0,0.0,0.16,0.0,,,,,,,,,,,,1.0,0.0
Queue-nominal,0.45,1611,EGM,27,27.0,0.0,0.16,0.0,,,,,,,,,,,,1.0,0.0
Queue-nominal,0.45,1611,EGM,28,28.0,0.0,0.16,0.0,,,,,,,,,,,,1.0,0.0
Queue-nominal,0.45,1611,EGM,29,29.0,0.0,0.16,0.0,,,,,,,,,,,,1.0,0.0
Queue-nominal,0.45,1611,EGM,30,30.0,0.0,0.16,0.0,,,,,,,,,,,,1.0,0.0
Queue-nominal,0.45,1611,EGM,31,31.0,0.0,0.16,0.0,,,,,,,,,,,,1.0,0.0
Queue-nominal,0.45,1611,EGM,32,32.0,0.0,0.16,0.0,,,,,,,,,,,,1.0,0.0
Queue-nominal,0.45,1611,EGM,33,33.0,0.0,0.16,0.0,,,,,,,,,,,,1.0,0.0
Queue-nominal,0.45,1611,EGM,34,34.0,0.0,0.16,0.0,,,,,,,,,,,,1.0,0.0
Queue-nominal,0.45,1611,EGM,35,35.0,0.0,0.16,0.0,,,,,,,,,,,,1.0,0.0
Queue-nominal,0.45,1611,EGM,36,36.0,0.0,0.16,0.0,,,,,,,,,,,,1.0,0.0
Queue-nominal,0.45,1611,EGM,37,37.0,0.0,0.16,0.0,,,,,,,,,,,,1.0,0.0
Queue-nominal,0.45,1611,EGM,38,38.0,0.0,0.16,0.0,,,,,,,,,,,,1.0,0.0
Queue-nominal,0.45,1611,EGM,39,39.0,0.0,0.16,0.0,,,,,,,,,,,,1.0,0.0
Queue-nominal,0.45,1611,EGM,40,40.0,0.0,0.16,0.0,,,,,,,,,,,,1.0,0.0
Queue-nominal,0.45,1611,EGM,41,41.0,0.0,0.16,0.0,,,,,,,,,,,,1.0,0.0
Queue-nominal,0.45,1611,EGM,42,42.0,0.0,0.16,0.0,,,,,,,,,,,,1.0,0.0
Queue-nominal,0.45,1611,EGM,43,43.0,0.0,0.16,0.0,,,,,,,,,,,,1.0,0.0
Queue-nominal,0.45,1611,EGM,44,44.0,0.0,0.16,0.0,,,,,,,,,,,,1.0,0.0
Queue-nominal,0.45,1611,EGM,45,45.0,0.0,0.16,0.0,,,,,,,,,,,,1.0,0.0
Queue-nominal,0.45,1611,EGM,46,46.0,0.0,0.16,0.0,,,,,,,,,,,,1.0,0.0
Queue-nominal,0.45,1611,EGM,47,47.0,0.0,0.16,0.0,,,,,,,,,,,,1.0,0.0
Queue-nominal,0.45,1611,EGM,48,48.0,0.0,0.16,0.0,,,,,,,,,,,,1.0,0.0
Queue-nominal,0.45,1611,EGM,49,49.0,0.0,0.16,0.0,,,,,,,,,,,,1.0,0.0
Queue-nominal,0.45,1611,EGM,50,50.0,0.0,0.16,0.0,,,,,,,,,,,,1.0,0.0
Queue-nominal,0.45,1611,EGM,51,51.0,0.0,0.16,0.0,,,,,,,,,,,,1.0,0.0
Queue-nominal,0.45,1611,EGM,52,52.0,0.0,0.16,0.0,,,,,,,,,,,,1.0,0.0
Queue-nominal,0.45,1611,EGM,53,53.0,0.0,0.16,0.0,,,,,,,,,,,,1.0,0.0
Queue-nominal,0.45,1611,EGM,54,54.0,0.0,0.16,0.0,,,,,,,,,,,,1.0,0.0
Queue-nominal,0.45,1611,EGM,55,55.0,0.0,0.16,0.0,,,,,,,,,,,,1.0,0.0
Queue-nominal,0.45,1611,EGM,56,56.0,0.0,0.16,0.0,,,,,,,,,,,,1.0,0.0
Queue-nominal,0.45,1611,EGM,57,57.0,0.0,0.16,0.0,,,,,,,,,,,,1.0,0.0
Queue-nominal,0.45,1611,EGM,58,58.0,0.0,0.16,0.0,,,,,,,,,,,,1.0,0.0
Queue-nominal,0.45,1611,EGM,59,59.0,0.0,0.16,0.0,,,,,,,,,,,,1.0,0.0
Queue-nominal,0.45,1611,EGM,60,60.0,0.0,0.16,0.0,,,,,,,,,,,,1.0,0.0
Queue-nominal,0.45,1611,PPM-3,1,3.0,0.0,0.16,0.0,,,,,,,,,,,,3.0,0.0
Queue-nominal,0.45,1611,PPM-3,2,6.0,0.0,0.16,0.0,,,,,,,,,,,,3.0,0.0
Queue-nominal,0.45,1611,PPM-3,3,9.0,0.0,0.16,0.0,,,,,,,,,,,,3.0,0.0
Queue-nominal,0.45,1611,PPM-3,4,12.0,0.0,0.16,0.0,,,,,,,,,,,,3.0,0.0
Queue-nominal,0.45,1611,PPM-3,5,15.0,0.0,0.16,0.0,,,,,,,,,,,,3.0,0.0
Queue-nominal,0.45,1611,PPM-3,6,18.0,0.0,0.16,0.0,,,,,,,,,,,,3.0,0.0
Queue-nominal,0.45,1611,PPM-3,7,21.0,0.0,0.16,0.0,,,,,,,,,,,,3.0,0.0
Queue-nominal,0.45,1611,PPM-3,8,24.0,0.0,0.16,0.0,,,,,,,,,,,,3.0,0.0
Queue-nominal,0.45,1611,PPM-3,9,27.0,0.0,0.16,0.0,,,,,,,,,,,,3.0,0.0
Queue-nominal,0.45,1611,PPM-3,10,30.0,0.0,0.16,0.0,,,,,,,,,,,,3.0,0.0
Queue-nominal,0.45,1611,PPM-3,11,33.0,0.0,0.16,0.0,,,,,,,,,,,,3.0,0.0
Queue-nominal,0.45,1611,PPM-3,12,36.0,0.0,0.16,0.0,,,,,,,,,,,,3.0,0.0
Queue-nominal,0.45,1611,PPM-3,13,39.0,0.0,0.16,0.0,,,,,,,,,,,,3.0,0.0
Queue-nominal,0.45,1611,PPM-3,14,42.0,0.0,0.16,0.0,,,,,,,,,,,,3.0,0.0
Queue-nominal,0.45,1611,PPM-3,15,45.0,0.0,0.16,0.0,,,,,,,,,,,,3.0,0.0
Queue-nominal,0.45,1611,PPM-3,16,48.0,0.0,0.16,0.0,,,,,,,,,,,,3.0,0.0
Queue-nominal,0.45,1611,PPM-3,17,51.0,0.0,0.16,0.0,,,,,,,,,,,,3.0,0.0
Queue-nominal,0.45,1611,PPM-3,18,54.0,0.0,0.16,0.0,,,,,,,,,,,,3.0,0.0
Queue-nominal,0.45,1611,PPM-3,19,57.0,0.0,0.16,0.0,,,,,,,,,,,,3.0,0.0
Queue-nominal,0.45,1611,PPM-3,20,60.0,0.0,0.16,0.0,,,,,,,,,,,,3.0,0.0
Queue-nominal,0.45,1611,PPM-3,21,63.0,0.0,0.16,0.0,,,,,,,,,,,,3.0,0.0
Queue-nominal,0.45,1611,PPM-3,22,66.0,0.0,0.16,0.0,,,,,,,,,,,,3.0,0.0
Queue-nominal,0.45,1611,PPM-3,23,69.0,0.0,0.16,0.0,,,,,,,,,,,,3.0,0.0
Queue-nominal,0.45,1611,PPM-3,24,72.0,0.0,0.16,0.0,,,,,,,,,,,,3.0,0.0
Queue-nominal,0.45,1611,PPM-3,25,75.0,0.0,0.16,0.0,,,,,,,,,,,,3.0,0.0
Queue-nominal,0.45,1611,PPM-3,26,78.0,0.0,0.16,0.0,,,,,,,,,,,,3.0,0.0
Queue-nominal,0.45,1611,PPM-3,27,81.0,0.0,0.16,0.0,,,,,,,,,,,,3.0,0.0
Queue-nominal,0.45,1611,PPM-3,28,84.0,0.0,0.16,0.0,,,,,,,,,,,,3.0,0.0
Queue-nominal,0.45,1611,PPM-3,29,87.0,0.0,0.16,0.0,,,,,,,,,,,,3.0,0.0
Queue-nominal,0.45,1611,PPM-3,30,90.0,0.0,0.16,0.0,,,,,,,,,,,,3.0,0.0
Queue-nominal,0.45,1611,PPM-3,31,93.0,0.0,0.16,0.0,,,,,,,,,,,,3.0,0.0
Queue-nominal,0.45,1611,PPM-3,32,96.0,0.0,0.16,0.0,,,,,,,,,,,,3.0,0.0
Queue-nominal,0.45,1611,PPM-3,33,99.0,0.0,0.16,0.0,,,,,,,,,,,,3.0,0.0
Queue-nominal,0.45,1611,PPM-3,34,102.0,0.0,0.16,0.0,,,,,,,,,,,,3.0,0.0
Queue-nominal,0.45,1611,PPM-3,35,105.0,0.0,0.16,0.0,,,,,,,,,,,,3.0,0.0
Queue-nominal,0.45,1611,PPM-3,36,108.0,0.0,0.16,0.0,,,,,,,,,,,,3.0,0.0
Queue-nominal,0.45,1611,PPM-3,37,111.0,0.0,0.16,0.0,,,,,,,,,,,,3.0,0.0
Queue-nominal,0.45,1611,PPM-3,38,114.0,0.0,0.16,0.0,,,,,,,,,,,,3.0,0.0
Queue-nominal,0.45,1611,PPM-3,39,117.0,0.0,0.16,0.0,,,,,,,,,,,,3.0,0.0
Queue-nominal,0.45,1611,PPM-3,40,120.0,0.0,0.16,0.0,,,,,,,,,,,,3.0,0.0
Queue-nominal,0.45,1611,PPM-3,41,123.0,0.0,0.16,0.0,,,,,,,,,,,,3.0,0.0
Queue-nominal,0.45,1611,PPM-3,42,126.0,0.0,0.16,0.0,,,,,,,,,,,,3.0,0.0
Queue-nominal,0.45,1611,PPM-3,43,129.0,0.0,0.16,0.0,,,,,,,,,,,,3.0,0.0
Queue-nominal,0.45,1611,PPM-3,44,132.0,0.0,0.16,0.0,,,,,,,,,,,,3.0,0.0
Queue-nominal,0.45,1611,PPM-3,45,135.0,0.0,0.16,0.0,,,,,,,,,,,,3.0,0.0
Queue-nominal,0.45,1611,PPM-3,46,138.0,0.0,0.16,0.0,,,,,,,,,,,,3.0,0.0
Queue-nominal,0.45,1611,PPM-3,47,141.0,0.0,0.16,0.0,,,,,,,,,,,,3.0,0.0
Queue-nominal,0.45,1611,PPM-3,48,144.0,0.0,0.16,0.0,,,,,,,,,,,,3.0,0.0
Queue-nominal,0.45,1611,PPM-3,49,147.0,0.0,0.16,0.0,,,,,,,,,,,,3.0,0.0
Queue-nominal,0.45,1611,PPM-3,50,150.0,0.0,0.16,0.0,,,,,,,,,,,,3.0,0.0
Queue-nominal,0.45,1611,PPM-3,51,153.0,0.0,0.16,0.0,,,,,,,,,,,,3.0,0.0
Queue-nominal,0.45,1611,PPM-3,52,156.0,0.0,0.16,0.0,,,,,,,,,,,,3.0,0.0
Queue-nominal,0.45,1611,PPM-3,53,159.0,0.0,0.16,0.0,,,,,,,,,,,,3.0,0.0
Queue-nominal,0.45,1611,PPM-3,54,162.0,0.0,0.16,0.0,,,,,,,,,,,,3.0,0.0
Queue-nominal,0.45,1611,PPM-3,55,165.0,0.0,0.16,0.0,,,,,,,,,,,,3.0,0.0
Queue-nominal,0.45,1611,PPM-3,56,168.0,0.0,0.16,0.0,,,,,,,,,,,,3.0,0.0
Queue-nominal,0.45,1611,PPM-3,57,171.0,0.0,0.16,0.0,,,,,,,,,,,,3.0,0.0
Queue-nominal,0.45,1611,PPM-3,58,174.0,0.0,0.16,0.0,,,,,,,,,,,,3.0,0.0
Queue-nominal,0.45,1611,PPM-3,59,177.0,0.0,0.16,0.0,,,,,,,,,,,,3.0,0.0
Queue-nominal,0.45,1611,PPM-3,60,180.0,0.0,0.16,0.0,,,,,,,,,,,,3.0,0.0
