config,arrival_rate,channels,queue_capacity,hidden_width,parameters_per_player,seed,method,step,cumulative_oracle_calls,cumulative_jvp_calls,wall_clock_seconds,robust_rate,hard_exploitability,field_norm,maximum_br_residual,br_goodput,br_backlog,br_drop_probability
Queue-nominal,0.45,4,4,32,452,800,QP+G,0,0.0,0.0,4.099999999951365e-06,-0.2653920315694665,0.43477909136588616,0.17976233870920802,3.552713678800501e-15,0.1679316201565496,2.5748627668935318,0.14654928684905422
Queue-nominal,0.45,4,4,32,452,800,QP+G,5,5.0,5.0,0.4861470000000001,-0.2494157728764362,0.4156547874579653,0.18209132016197577,3.552713678800501e-15,0.17598134058950393,2.5441257099773127,0.14011730625379615
Queue-nominal,0.45,4,4,32,452,800,QP+G,10,10.0,10.0,0.9601162999999999,-0.23956533435440303,0.40012418174535647,0.18416807289328,3.552713678800501e-15,0.18083439004321344,2.5265832710929135,0.1361875430571602
Queue-nominal,0.45,4,4,32,452,800,QP+G,15,15.0,15.0,1.4384143,-0.23328301008328023,0.38545807776684815,0.1850759904727338,3.552713678800501e-15,0.18364341909207446,2.5141444416274505,0.13403318924332314
Queue-nominal,0.45,4,4,32,452,800,QP+G,20,20.0,20.0,1.9395895,-0.23022974981906644,0.37122902291210746,0.18472526683481924,5.329070518200751e-15,0.1846106545473106,2.506099604520794,0.1334893662673849
Queue-nominal,0.45,4,4,32,452,800,QP+G,25,25.0,25.0,2.4382516,-0.22926270470040253,0.35631476432768155,0.18331899156102516,3.552713678800501e-15,0.1845090875464823,2.50309234832856,0.1337492099099096
Queue-nominal,0.45,4,4,32,452,800,QP+G,30,30.0,30.0,2.9381863999999993,-0.22945428587541578,0.33999442560112025,0.18072382379253923,3.552713678800501e-15,0.18390322376411328,2.504437107228514,0.13428429690807053
Queue-nominal,0.45,4,4,32,452,800,QP+G,35,35.0,35.0,3.4117653,-0.2296880869999166,0.3216432091107399,0.17663200263472545,3.552713678800501e-15,0.18331917916471416,2.506836936585238,0.13474203469922105
Queue-nominal,0.45,4,4,32,452,800,QP+G,40,40.0,40.0,3.9442291999999997,-0.2299588282908139,0.30211604581397694,0.17098371223062328,3.552713678800501e-15,0.1827288623229584,2.5094045347700313,0.13519721479440824
Queue-nominal,0.45,4,4,32,452,800,QP+G,45,45.0,45.0,4.4395358,-0.23059048248505942,0.2879813413722724,0.16417238395308845,5.329070518200751e-15,0.18195775891985266,2.512307720324514,0.13581551895780453
Queue-nominal,0.45,4,4,32,452,800,QP+G,50,50.0,50.0,5.0748222,-0.23085930191961473,0.28195668095556675,0.15689935941079447,5.329070518200751e-15,0.18140846313176523,2.514202201677945,0.1362651052009749
Queue-nominal,0.45,4,4,32,452,800,QP+G,55,55.0,55.0,5.750598399999999,-0.23080992596356883,0.27580978060199557,0.1498357849970632,3.552713678800501e-15,0.18106495978679227,2.5151868577040064,0.13655678454457573
Queue-nominal,0.45,4,4,32,452,800,QP+G,60,60.0,60.0,6.447863399999999,-0.230593850888078,0.26854366158430654,0.1433512302666456,3.552713678800501e-15,0.18086185830387996,2.515791594359742,0.13672805778244956
Queue-nominal,0.45,4,4,32,452,800,noG,0,0.0,0.0,6.500000001352646e-06,-0.2653920315694665,0.43477909136588616,0.17976233870920802,3.552713678800501e-15,0.1679316201565496,2.5748627668935318,0.14654928684905422
Queue-nominal,0.45,4,4,32,452,800,noG,5,5.0,0.0,0.31624810000000103,-0.25064396257660887,0.41868324575312454,0.18231897581894282,5.329070518200751e-15,0.17533558539150268,2.546518617934119,0.1406371189277544
Queue-nominal,0.45,4,4,32,452,800,noG,10,10.0,0.0,0.6869281000000012,-0.24114501849482503,0.4056830877111445,0.18516053397640234,3.552713678800501e-15,0.18002096553043667,2.5299451932902737,0.13682402429639184
Queue-nominal,0.45,4,4,32,452,800,noG,15,15.0,0.0,1.0461169000000012,-0.23540202402654686,0.39399990658303763,0.18735559925664788,3.552713678800501e-15,0.18255717847853012,2.5187802150481953,0.13487544178209154
Queue-nominal,0.45,4,4,32,452,800,noG,20,20.0,0.0,1.4203202000000008,-0.23218426031281683,0.38217983093950175,0.1882902965221564,3.552713678800501e-15,0.18358985513659362,2.5105483413283585,0.13427602163559865
Queue-nominal,0.45,4,4,32,452,800,noG,25,25.0,0.0,1.777886500000001,-0.23102752665911785,0.3696042404862656,0.18813703584674574,3.552713678800501e-15,0.18353879007534574,2.507086929914411,0.1345092662449491
Queue-nominal,0.45,4,4,32,452,800,noG,30,30.0,0.0,2.1147413000000004,-0.23151466991834732,0.3558071422057689,0.18704471711351184,3.552713678800501e-15,0.1827212596847613,2.508905982970979,0.13523105700097687
Queue-nominal,0.45,4,4,32,452,800,noG,35,35.0,0.0,2.4265091000000005,-0.23192064182357838,0.3391995520458393,0.1846648885255627,3.552713678800501e-15,0.18199440710652087,2.5118131315632257,0.13580490175857216
Queue-nominal,0.45,4,4,32,452,800,noG,40,40.0,0.0,2.7411559000000008,-0.2322640855416453,0.3202377696683914,0.18049025124015974,3.552713678800501e-15,0.18131328124558357,2.5149482395872598,0.13632102193403445
Queue-nominal,0.45,4,4,32,452,800,noG,45,45.0,0.0,3.052134200000001,-0.23289235014787393,0.30121991852056296,0.17436069410893115,3.552713678800501e-15,0.18048596656848676,2.5183745296455746,0.13696800555543048
Queue-nominal,0.45,4,4,32,452,800,noG,50,50.0,0.0,3.4323630000000005,-0.23355863715859318,0.29146632175667614,0.166745953864291,2.6645352591003757e-15,0.17965796883347893,2.521440775460816,0.1376346219317411
Queue-nominal,0.45,4,4,32,452,800,noG,55,55.0,0.0,3.8156183000000006,-0.2339555014897969,0.2869266444747057,0.15861235949785846,4.440892098500626e-15,0.1790101134052643,2.5237693830188945,0.13815991906742559
Queue-nominal,0.45,4,4,32,452,800,noG,60,60.0,0.0,4.1747505,-0.23426752733962472,0.2815129864560303,0.15093892986895582,5.329070518200751e-15,0.1784749579937462,2.5258881854651065,0.13858355856072166
Queue-nominal,0.45,4,4,32,452,800,Minimax-PPO,0,0.0,0.0,9.90000000022917e-06,-0.2653920315694665,0.43477909136588616,0.17976233870920802,3.552713678800501e-15,0.1679316201565496,2.5748627668935318,0.14654928684905422
Queue-nominal,0.45,4,4,32,452,800,Minimax-PPO,5,5.0,0.0,0.09437409999999957,-0.2401956402604378,0.44620908548194904,0.0007838081503084101,5.329070518200751e-15,0.16908890054192785,2.567029655923792,0.1458042754620827
Queue-nominal,0.45,4,4,32,452,800,Minimax-PPO,10,10.0,0.0,0.19600160000000066,-0.37024702647980456,0.5904735796721772,0.0066609543353707565,3.552713678800501e-15,0.0971793020387373,2.8038730863654697,0.20524843025781694
Queue-nominal,0.45,4,4,32,452,800,Minimax-PPO,15,15.0,0.0,0.28990340000000003,-0.32801585610001943,0.5466751617824518,0.0048544501908375035,3.552713678800501e-15,0.12103969775528249,2.7275280835927966,0.1854061925819386
Queue-nominal,0.45,4,4,32,452,800,Minimax-PPO,20,20.0,0.0,0.38980190000000015,-0.2971194812499703,0.5345066237172401,5.07173615696527e-05,5.329070518200751e-15,0.13826436632514788,2.6755185563176873,0.1709188675528676
Queue-nominal,0.45,4,4,32,452,800,Minimax-PPO,25,25.0,0.0,0.486993,-0.3557005802595263,0.5930877227267961,0.058634790824343586,5.329070518200751e-15,0.10693165098089391,2.7778295349411875,0.19686679454851705
Queue-nominal,0.45,4,4,32,452,800,Minimax-PPO,30,30.0,0.0,0.5910241000000003,-0.4214892111997417,0.6588763536670116,0.004241703491724353,5.329070518200751e-15,0.06980656756284664,2.8687545858378085,0.22920634897200573
Queue-nominal,0.45,4,4,32,452,800,Minimax-PPO,35,35.0,0.0,0.6848051999999996,-0.4511575992954215,0.6885447417626913,0.004030388913480712,5.329070518200751e-15,0.055522950357412455,2.92079267486138,0.24075111938672591
Queue-nominal,0.45,4,4,32,452,800,Minimax-PPO,40,40.0,0.0,0.7722935,-0.45098901111461076,0.6883761535818806,2.304687764578948e-08,7.105427357601002e-15,0.05552293721728409,2.920792702404427,0.24075113107721968
Queue-nominal,0.45,4,4,32,452,800,Minimax-PPO,45,45.0,0.0,0.8597885000000005,-0.4548818331256524,0.6922689755929222,0.000576693805876174,5.329070518200751e-15,0.05362235483392655,2.9326429269077363,0.24202801743408772
Queue-nominal,0.45,4,4,32,452,800,Minimax-PPO,50,50.0,0.0,0.9479775999999998,-0.5079585391694013,0.7453456816366711,1.0864595496031732e-15,5.329070518200751e-15,0.023451793385105345,3.004824462178069,0.2683995507107864
Queue-nominal,0.45,4,4,32,452,800,Minimax-PPO,55,55.0,0.0,1.0669573000000003,-0.5079585391694013,0.7453456816366711,1.086552507520419e-15,5.329070518200751e-15,0.023451793385105345,3.004824462178069,0.2683995507107864
Queue-nominal,0.45,4,4,32,452,800,Minimax-PPO,60,60.0,0.0,1.1681115000000002,-0.5079585391694013,0.7453456816366711,1.0866455675062277e-15,5.329070518200751e-15,0.023451793385105345,3.004824462178069,0.2683995507107864
Queue-nominal,0.45,4,4,32,452,800,GDA,0,0.0,0.0,8.499999999855845e-06,-0.2653920315694665,0.43477909136588616,0.17976233870920802,3.552713678800501e-15,0.1679316201565496,2.5748627668935318,0.14654928684905422
Queue-nominal,0.45,4,4,32,452,800,GDA,5,5.0,0.0,0.053033499999999734,-0.25064396257660887,0.41868324575312454,0.18231897581894282,5.329070518200751e-15,0.17533558539150268,2.546518617934119,0.1406371189277544
Queue-nominal,0.45,4,4,32,452,800,GDA,10,10.0,0.0,0.10447749999999978,-0.24114501849482503,0.4056830877111445,0.18516053397640234,3.552713678800501e-15,0.18002096553043667,2.5299451932902737,0.13682402429639184
Queue-nominal,0.45,4,4,32,452,800,GDA,15,15.0,0.0,0.15138600000000046,-0.23540202402654686,0.39399990658303763,0.18735559925664788,3.552713678800501e-15,0.18255717847853012,2.5187802150481953,0.13487544178209154
Queue-nominal,0.45,4,4,32,452,800,GDA,20,20.0,0.0,0.19577050000000007,-0.23218426031281683,0.38217983093950175,0.1882902965221564,3.552713678800501e-15,0.18358985513659362,2.5105483413283585,0.13427602163559865
Queue-nominal,0.45,4,4,32,452,800,GDA,25,25.0,0.0,0.2439070000000001,-0.23102752665911785,0.3696042404862656,0.18813703584674574,3.552713678800501e-15,0.18353879007534574,2.507086929914411,0.1345092662449491
Queue-nominal,0.45,4,4,32,452,800,GDA,30,30.0,0.0,0.29598569999999924,-0.23151466991834732,0.3558071422057689,0.18704471711351184,3.552713678800501e-15,0.1827212596847613,2.508905982970979,0.13523105700097687
Queue-nominal,0.45,4,4,32,452,800,GDA,35,35.0,0.0,0.35676540000000045,-0.23192064182357838,0.3391995520458393,0.1846648885255627,3.552713678800501e-15,0.18199440710652087,2.5118131315632257,0.13580490175857216
Queue-nominal,0.45,4,4,32,452,800,GDA,40,40.0,0.0,0.41772669999999934,-0.2322640855416453,0.3202377696683914,0.18049025124015974,3.552713678800501e-15,0.18131328124558357,2.5149482395872598,0.13632102193403445
Queue-nominal,0.45,4,4,32,452,800,GDA,45,45.0,0.0,0.4724410999999993,-0.23289235014787393,0.30121991852056296,0.17436069410893115,3.552713678800501e-15,0.18048596656848676,2.5183745296455746,0.13696800555543048
Queue-nominal,0.45,4,4,32,452,800,GDA,50,50.0,0.0,0.5323624999999996,-0.23355863715859318,0.29146632175667614,0.166745953864291,2.6645352591003757e-15,0.17965796883347893,2.521440775460816,0.1376346219317411
Queue-nominal,0.45,4,4,32,452,800,GDA,55,55.0,0.0,0.5854096000000002,-0.2339555014897969,0.2869266444747057,0.15861235949785846,4.440892098500626e-15,0.1790101134052643,2.5237693830188945,0.13815991906742559
Queue-nominal,0.45,4,4,32,452,800,GDA,60,60.0,0.0,0.6430223999999995,-0.23426752733962472,0.2815129864560303,0.15093892986895582,5.329070518200751e-15,0.1784749579937462,2.5258881854651065,0.13858355856072166
Queue-nominal,0.45,4,4,32,452,800,EGM,0,0.0,0.0,6.400000000184036e-06,-0.2653920315694665,0.43477909136588616,0.17976233870920802,3.552713678800501e-15,0.1679316201565496,2.5748627668935318,0.14654928684905422
Queue-nominal,0.45,4,4,32,452,800,EGM,5,5.0,0.0,0.06137889999999935,-0.2503790916237566,0.41803370525400496,0.18226993552901138,3.552713678800501e-15,0.1754743978971704,2.5459936330993034,0.1405259372028669
Queue-nominal,0.45,4,4,32,452,800,EGM,10,10.0,0.0,0.12135939999999934,-0.24079155608023792,0.4044823676283561,0.18494673300156506,5.329070518200751e-15,0.18020348122068194,2.5291974305006018,0.1366808645424449
Queue-nominal,0.45,4,4,32,452,800,EGM,15,15.0,0.0,0.19820039999999928,-0.2349357908331149,0.3921675261561075,0.18685591222681452,3.552713678800501e-15,0.18279793615405274,2.5177812499037353,0.1346872612194353
Queue-nominal,0.45,4,4,32,452,800,EGM,20,20.0,0.0,0.2639283999999993,-0.23174458224781527,0.3798248767922422,0.1875134778018939,3.552713678800501e-15,0.18381914670103358,2.509516891909588,0.13410101688267262
Queue-nominal,0.45,4,4,32,452,800,EGM,25,25.0,0.0,0.3265943,-0.23063200271928766,0.36674144770750705,0.1871100653755816,3.552713678800501e-15,0.1837557019891055,2.50619122166837,0.13433949687045418
Queue-nominal,0.45,4,4,32,452,800,EGM,30,30.0,0.0,0.39194379999999995,-0.23105247793843184,0.35237362458193044,0.18570975126053957,3.552713678800501e-15,0.18298615529061513,2.507904501553076,0.13501887094343365
Queue-nominal,0.45,4,4,32,452,800,EGM,35,35.0,0.0,0.46005379999999896,-0.2314288859076121,0.33534748048947643,0.1829503534309153,5.329070518200751e-15,0.18228694293674036,2.5107364060368265,0.1355690356929005
Queue-nominal,0.45,4,4,32,452,800,EGM,40,40.0,0.0,0.5268620999999989,-0.23177701301980613,0.31620528045374635,0.17841768843533035,3.552713678800501e-15,0.18161534675603755,2.5138033176473495,0.1360792154730495
Queue-nominal,0.45,4,4,32,452,800,EGM,45,45.0,0.0,0.5929836000000002,-0.23243559396555347,0.29805947409588585,0.17209403891520286,3.552713678800501e-15,0.1807839148195864,2.517154159382257,0.13673428731818882
Queue-nominal,0.45,4,4,32,452,800,EGM,50,50.0,0.0,0.6610288999999998,-0.23303271253158095,0.2895557902335959,0.16454086982394905,3.552713678800501e-15,0.1800074567718214,2.5200004674649756,0.13736093967739016
Queue-nominal,0.45,4,4,32,452,800,EGM,55,55.0,0.0,0.7364661999999988,-0.2333408329306827,0.28472689658995676,0.1566826066480987,3.552713678800501e-15,0.17941963626016436,2.5220442682319812,0.1378411917276261
Queue-nominal,0.45,4,4,32,452,800,EGM,60,60.0,0.0,0.7988018999999991,-0.23357235445865332,0.27886963621133576,0.14935032619666486,3.552713678800501e-15,0.1789403032308687,2.523920196131659,0.13822179170957072
Queue-nominal,0.45,4,4,32,452,800,PPM-3,0,0.0,0.0,6.100000000230921e-06,-0.2653920315694665,0.43477909136588616,0.17976233870920802,3.552713678800501e-15,0.1679316201565496,2.5748627668935318,0.14654928684905422
Queue-nominal,0.45,4,4,32,452,800,PPM-3,5,15.0,0.0,0.10457910000000048,-0.25037993848470214,0.4180302611350335,0.1822669978841607,2.6645352591003757e-15,0.1754739290720792,2.5459957564880407,0.14052629427065594
Queue-nominal,0.45,4,4,32,452,800,PPM-3,10,30.0,0.0,0.21829529999999941,-0.2407931338598627,0.40447742641364104,0.18493816381736303,3.552713678800501e-15,0.180202696574123,2.5292013949354355,0.13668144053453865
Queue-nominal,0.45,4,4,32,452,800,PPM-3,15,45.0,0.0,0.33080140000000036,-0.23493592109162512,0.39216183053935705,0.18684530260207297,3.552713678800501e-15,0.18279815535706131,2.517783113784227,0.13468694391745342
Queue-nominal,0.45,4,4,32,452,800,PPM-3,20,60.0,0.0,0.4330134000000001,-0.23174065672338975,0.37981866941821285,0.18750487294555437,5.329070518200751e-15,0.18382188708422462,2.5095138522869584,0.13409843647962025
Queue-nominal,0.45,4,4,32,452,800,PPM-3,25,75.0,0.0,0.5420201000000002,-0.23062156094501182,0.36673483519321676,0.18710285112281375,5.329070518200751e-15,0.18376169858075952,2.5061704089052634,0.1343345956873846
Queue-nominal,0.45,4,4,32,452,800,PPM-3,30,90.0,0.0,0.6568189000000011,-0.2310412279305657,0.3523750164689512,0.18570288310147937,3.552713678800501e-15,0.1829924914437341,2.5078787334429857,0.13501389100663533
Queue-nominal,0.45,4,4,32,452,800,PPM-3,35,105.0,0.0,0.7556647000000005,-0.23141836059539583,0.3353608466525516,0.1829457088686369,5.329070518200751e-15,0.18229291778553572,2.5107106138183086,0.13556441832929023
Queue-nominal,0.45,4,4,32,452,800,PPM-3,40,120.0,0.0,0.8543947000000003,-0.2317669349228524,0.3162305075976805,0.17841872704354492,3.552713678800501e-15,0.1816210997915455,2.513777745618308,0.1360748083338067
Queue-nominal,0.45,4,4,32,452,800,PPM-3,45,135.0,0.0,0.9584654999999991,-0.232423925340662,0.29807361649864067,0.17210301646252257,3.552713678800501e-15,0.18079047886912106,2.517126119217831,0.13672919906678277
Queue-nominal,0.45,4,4,32,452,800,PPM-3,50,150.0,0.0,1.0830118000000013,-0.23302195454294491,0.28953834654184984,0.16455688361327322,2.6645352591003757e-15,0.1800134592259036,2.5199750646889965,0.13735627421151775
Queue-nominal,0.45,4,4,32,452,800,PPM-3,55,165.0,0.0,1.1947867000000016,-0.23333022460146408,0.28470813320001437,0.15670215380504596,3.552713678800501e-15,0.17942535914597255,2.5220190103569857,0.13783679820365935
Queue-nominal,0.45,4,4,32,452,800,PPM-3,60,180.0,0.0,1.3178377999999995,-0.23356248487251272,0.27885336157811647,0.14936961240704977,5.329070518200751e-15,0.1789454917573363,2.5238973320819844,0.13821780655413826
Queue-nominal,0.45,4,4,32,452,801,QP+G,0,0.0,0.0,7.199999998874773e-06,-0.2786999135828737,0.4544959067610282,0.20490697925896567,3.552713678800501e-15,0.1616396245579094,2.592776075766775,0.15189847671752413
Queue-nominal,0.45,4,4,32,452,801,QP+G,5,5.0,5.0,0.7823362999999972,-0.27679935139870604,0.45085264945863884,0.204687705963236,8.881784197001252e-15,0.16266417117281629,2.5896943818810976,0.15103612451765297
Queue-nominal,0.45,4,4,32,452,801,QP+G,10,10.0,10.0,1.4665359999999978,-0.27549050410665493,0.44776773845017037,0.20436563928958387,3.552713678800501e-15,0.16333191823530943,2.58687078337979,0.1505169879025965
Queue-nominal,0.45,4,4,32,452,801,QP+G,15,15.0,15.0,2.1666311999999976,-0.274476369482158,0.44494924281592085,0.2039467961849811,3.552713678800501e-15,0.16385945125047788,2.58496404901827,0.15008980932750843
Queue-nominal,0.45,4,4,32,452,801,QP+G,20,20.0,20.0,2.8542393999999973,-0.2736108902473335,0.4422561373322046,0.20343851257454312,5.329070518200751e-15,0.1643032226817256,2.5832673251025287,0.14973533915498413
Queue-nominal,0.45,4,4,32,452,801,QP+G,25,25.0,25.0,3.594893199999998,-0.27281978337790186,0.43961900769775575,0.20284904006058704,3.552713678800501e-15,0.16470649097945772,2.5817083027067116,0.14941412466755793
Queue-nominal,0.45,4,4,32,452,801,QP+G,30,30.0,30.0,4.352989899999997,-0.27216862484384785,0.4371080342796676,0.20218717300264158,3.552713678800501e-15,0.16504550912738128,2.5806512542558124,0.14913074064862913
Queue-nominal,0.45,4,4,32,452,801,QP+G,35,35.0,35.0,5.1162119,-0.2716049058332228,0.43467497291477764,0.20146192188482342,3.552713678800501e-15,0.16533832209123756,2.5797536366141007,0.1488851707185471
Queue-nominal,0.45,4,4,32,452,801,QP+G,40,40.0,40.0,5.843595899999997,-0.27109330993269753,0.4322883822027421,0.2006822411718796,3.552713678800501e-15,0.1656013366302207,2.578980394037868,0.1486628531572603
Queue-nominal,0.45,4,4,32,452,801,QP+G,45,45.0,45.0,6.556170999999999,-0.2706078925286002,0.4299257765498333,0.19985681379720865,4.440892098500626e-15,0.16584791028123846,2.5782327202963313,0.1484556307557971
Queue-nominal,0.45,4,4,32,452,801,QP+G,50,50.0,50.0,7.168978799999998,-0.2701787816594084,0.4276203208791468,0.19899389004037618,3.552713678800501e-15,0.1660695934868192,2.5776872946944245,0.1482626541608434
Queue-nominal,0.45,4,4,32,452,801,QP+G,55,55.0,55.0,7.838735399999997,-0.2697619681174315,0.42533063081539196,0.1981011756637495,7.105427357601002e-15,0.1662824852815633,2.5771391064322984,0.14807861437989484
Queue-nominal,0.45,4,4,32,452,801,QP+G,60,60.0,60.0,8.493457999999997,-0.26936881647389205,0.42307030588910477,0.19718576253563605,3.552713678800501e-15,0.16648538004539118,2.576677482000787,0.14790001563877855
Queue-nominal,0.45,4,4,32,452,801,noG,0,0.0,0.0,6.900000002474371e-06,-0.2786999135828737,0.4544959067610282,0.20490697925896567,3.552713678800501e-15,0.1616396245579094,2.592776075766775,0.15189847671752413
Queue-nominal,0.45,4,4,32,452,801,noG,5,5.0,0.0,0.31871180000000265,-0.2786999135828737,0.4544959067610282,0.20490697925896567,3.552713678800501e-15,0.1616396245579094,2.592776075766775,0.15189847671752413
Queue-nominal,0.45,4,4,32,452,801,noG,10,10.0,0.0,0.6310703000000011,-0.2786999135828737,0.4544959067610282,0.20490697925896567,3.552713678800501e-15,0.1616396245579094,2.592776075766775,0.15189847671752413
Queue-nominal,0.45,4,4,32,452,801,noG,15,15.0,0.0,0.9890463000000018,-0.2786999135828737,0.4544959067610282,0.20490697925896567,3.552713678800501e-15,0.1616396245579094,2.592776075766775,0.15189847671752413
Queue-nominal,0.45,4,4,32,452,801,noG,20,20.0,0.0,1.3226464,-0.2786999135828737,0.4544959067610282,0.20490697925896567,3.552713678800501e-15,0.1616396245579094,2.592776075766775,0.15189847671752413
Queue-nominal,0.45,4,4,32,452,801,noG,25,25.0,0.0,1.6313261000000026,-0.2786999135828737,0.4544959067610282,0.20490697925896567,3.552713678800501e-15,0.1616396245579094,2.592776075766775,0.15189847671752413
Queue-nominal,0.45,4,4,32,452,801,noG,30,30.0,0.0,1.9763456999999995,-0.2786999135828737,0.4544959067610282,0.20490697925896567,3.552713678800501e-15,0.1616396245579094,2.592776075766775,0.15189847671752413
Queue-nominal,0.45,4,4,32,452,801,noG,35,35.0,0.0,2.3198793,-0.2786999135828737,0.4544959067610282,0.20490697925896567,3.552713678800501e-15,0.1616396245579094,2.592776075766775,0.15189847671752413
Queue-nominal,0.45,4,4,32,452,801,noG,40,40.0,0.0,2.630935300000001,-0.2786999135828737,0.4544959067610282,0.20490697925896567,3.552713678800501e-15,0.1616396245579094,2.592776075766775,0.15189847671752413
Queue-nominal,0.45,4,4,32,452,801,noG,45,45.0,0.0,2.9720442000000027,-0.2786999135828737,0.4544959067610282,0.20490697925896567,3.552713678800501e-15,0.1616396245579094,2.592776075766775,0.15189847671752413
Queue-nominal,0.45,4,4,32,452,801,noG,50,50.0,0.0,3.297232400000002,-0.2786999135828737,0.4544959067610282,0.20490697925896567,3.552713678800501e-15,0.1616396245579094,2.592776075766775,0.15189847671752413
Queue-nominal,0.45,4,4,32,452,801,noG,55,55.0,0.0,3.634700500000001,-0.2786999135828737,0.4544959067610282,0.20490697925896567,3.552713678800501e-15,0.1616396245579094,2.592776075766775,0.15189847671752413
Queue-nominal,0.45,4,4,32,452,801,noG,60,60.0,0.0,3.9521298000000016,-0.2786999135828737,0.4544959067610282,0.20490697925896567,3.552713678800501e-15,0.1616396245579094,2.592776075766775,0.15189847671752413
Queue-nominal,0.45,4,4,32,452,801,Minimax-PPO,0,0.0,0.0,6.700000000137152e-06,-0.2786999135828737,0.4544959067610282,0.20490697925896567,3.552713678800501e-15,0.1616396245579094,2.592776075766775,0.15189847671752413
Queue-nominal,0.45,4,4,32,452,801,Minimax-PPO,5,5.0,0.0,0.0895052000000014,-0.35657147782522924,0.5935947244515365,0.036134539575140685,5.329070518200751e-15,0.10390392673703226,2.76620967749348,0.20050609023699498
Queue-nominal,0.45,4,4,32,452,801,Minimax-PPO,10,10.0,0.0,0.17389280000000085,-0.37885268484712475,0.49915198276170736,0.0430846702238452,3.552713678800501e-15,0.09194588181682549,2.8122011622465672,0.21004353069651308
Queue-nominal,0.45,4,4,32,452,801,Minimax-PPO,15,15.0,0.0,0.25505150000000043,-0.4448425323149175,0.6755879793944934,0.004917309309673147,5.329070518200751e-15,0.0570006858057907,2.918778435084332,0.2393793965581918
Queue-nominal,0.45,4,4,32,452,801,Minimax-PPO,20,20.0,0.0,0.3413913000000015,-0.37039303096906434,0.641808561093347,0.0009197520341742237,5.329070518200751e-15,0.09718067465566955,2.803862941470602,0.20524759158271966
Queue-nominal,0.45,4,4,32,452,801,Minimax-PPO,25,25.0,0.0,0.4250202999999999,-0.37024702647980906,0.6036077626719067,2.1078319693702646e-05,3.552713678800501e-15,0.09717930203873726,2.803873086365469,0.20524843025781686
Queue-nominal,0.45,4,4,32,452,801,Minimax-PPO,30,30.0,0.0,0.5259995000000011,-0.37024702647980906,0.6036888767249391,1.966830798360635e-12,3.552713678800501e-15,0.09717930203873726,2.803873086365469,0.20524843025781686
Queue-nominal,0.45,4,4,32,452,801,Minimax-PPO,35,35.0,0.0,0.6181173999999992,-0.37024702647980906,0.6036888767236989,1.9849060239153736e-12,3.552713678800501e-15,0.09717930203873726,2.803873086365469,0.20524843025781686
Queue-nominal,0.45,4,4,32,452,801,Minimax-PPO,40,40.0,0.0,0.7292029000000007,-0.37024702647980906,0.603688876722444,2.003292857166567e-12,3.552713678800501e-15,0.09717930203873726,2.803873086365469,0.20524843025781686
Queue-nominal,0.45,4,4,32,452,801,Minimax-PPO,45,45.0,0.0,0.8454824999999992,-0.37024702647980906,0.6036888767211747,2.0220284620850307e-12,3.552713678800501e-15,0.09717930203873726,2.803873086365469,0.20524843025781686
Queue-nominal,0.45,4,4,32,452,801,Minimax-PPO,50,50.0,0.0,0.9456218000000014,-0.37024702647980906,0.6036888767198904,2.0411430830865218e-12,3.552713678800501e-15,0.09717930203873726,2.803873086365469,0.20524843025781686
Queue-nominal,0.45,4,4,32,452,801,Minimax-PPO,55,55.0,0.0,1.0471910999999992,-0.37024702647980906,0.6036888767185908,2.0605795282033403e-12,3.552713678800501e-15,0.09717930203873726,2.803873086365469,0.20524843025781686
Queue-nominal,0.45,4,4,32,452,801,Minimax-PPO,60,60.0,0.0,1.1617272000000014,-0.37024702647980906,0.6036888767172757,2.0803787977979937e-12,3.552713678800501e-15,0.09717930203873726,2.803873086365469,0.20524843025781686
Queue-nominal,0.45,4,4,32,452,801,GDA,0,0.0,0.0,7.399999997659279e-06,-0.2786999135828737,0.4544959067610282,0.20490697925896567,3.552713678800501e-15,0.1616396245579094,2.592776075766775,0.15189847671752413
Queue-nominal,0.45,4,4,32,452,801,GDA,5,5.0,0.0,0.060919299999998344,-0.26908441581505604,0.4448363275422573,0.21275154605026525,5.329070518200751e-15,0.1663875510888283,2.5721750252011018,0.1482348160058513
Queue-nominal,0.45,4,4,32,452,801,GDA,10,10.0,0.0,0.11255299999999835,-0.2642612524268206,0.43780014302017944,0.2128335031361927,3.552713678800501e-15,0.1685800607586787,2.563910993636857,0.14647725536569736
Queue-nominal,0.45,4,4,32,452,801,GDA,15,15.0,0.0,0.17280189999999962,-0.26154037895872023,0.43055329858682223,0.20561712363103746,5.329070518200751e-15,0.16959950724744935,2.5625717449107115,0.14552829565198663
Queue-nominal,0.45,4,4,32,452,801,GDA,20,20.0,0.0,0.23666219999999782,-0.2602786594744331,0.42255892897433595,0.19538017389779264,4.440892098500626e-15,0.16971529861466514,2.564050838652342,0.1453346572457382
Queue-nominal,0.45,4,4,32,452,801,GDA,25,25.0,0.0,0.28415640000000053,-0.2594355869442308,0.41302100989942486,0.1856544977345895,3.552713678800501e-15,0.16954835021051776,2.5657847424781424,0.14541034755379104
Queue-nominal,0.45,4,4,32,452,801,GDA,30,30.0,0.0,0.3306740999999995,-0.2586702198967528,0.40183104913000284,0.17767262627957248,3.552713678800501e-15,0.1693275066584457,2.566907759021082,0.14557208497202387
Queue-nominal,0.45,4,4,32,452,801,GDA,35,35.0,0.0,0.38765519999999754,-0.2572142522275114,0.3883885854178275,0.17148731015077975,3.552713678800501e-15,0.16951130059727892,2.5663057865699153,0.14541997379377847
Queue-nominal,0.45,4,4,32,452,801,GDA,40,40.0,0.0,0.4420422999999971,-0.25499460680011243,0.3727611592118404,0.16689492917293905,3.552713678800501e-15,0.1701551461224289,2.563799327040687,0.14490804719121905
Queue-nominal,0.45,4,4,32,452,801,GDA,45,45.0,0.0,0.4966742999999987,-0.252018122793351,0.355127200966961,0.16363758318024926,4.440892098500626e-15,0.17126252250933388,2.559341971948448,0.14403526844074813
Queue-nominal,0.45,4,4,32,452,801,GDA,50,50.0,0.0,0.5471852999999989,-0.24840649439023998,0.33583489795809973,0.16140049460155895,3.552713678800501e-15,0.17276157389934615,2.553055577280941,0.1428670799279735
Queue-nominal,0.45,4,4,32,452,801,GDA,55,55.0,0.0,0.606871899999998,-0.2445976303103689,0.3218924493202639,0.15987621224336582,3.552713678800501e-15,0.17438379908964513,2.5453354535852926,0.14165117703744493
Queue-nominal,0.45,4,4,32,452,801,GDA,60,60.0,0.0,0.6651819999999979,-0.24340761966740268,0.31621170180377967,0.15880949897337493,3.552713678800501e-15,0.17474311667215794,2.543380707476338,0.14139474082908796
Queue-nominal,0.45,4,4,32,452,801,EGM,0,0.0,0.0,8.000000001118224e-06,-0.2786999135828737,0.4544959067610282,0.20490697925896567,3.552713678800501e-15,0.1616396245579094,2.592776075766775,0.15189847671752413
Queue-nominal,0.45,4,4,32,452,801,EGM,5,5.0,0.0,0.07912080000000188,-0.2689892285650566,0.44432901444481404,0.21257797073706483,5.329070518200751e-15,0.1664359996554862,2.572024291909411,0.14819430077033474
Queue-nominal,0.45,4,4,32,452,801,EGM,10,10.0,0.0,0.14901980000000137,-0.26421551187285297,0.4368672358024214,0.21234074338325717,3.552713678800501e-15,0.16860018498516863,2.563938208435384,0.14645569878139053
Queue-nominal,0.45,4,4,32,452,801,EGM,15,15.0,0.0,0.21440640000000144,-0.2615891580684725,0.4292619453537323,0.20501226690855662,5.329070518200751e-15,0.16956865752621744,2.5627103612765403,0.1455518497750176
Queue-nominal,0.45,4,4,32,452,801,EGM,20,20.0,0.0,0.28382780000000096,-0.26030915731783666,0.4208759880569809,0.19486762634602728,5.329070518200751e-15,0.16970384297542765,2.564078438158134,0.14534466027940746
Queue-nominal,0.45,4,4,32,452,801,EGM,25,25.0,0.0,0.3493694000000005,-0.2593863997688321,0.4109603350342971,0.18522680470663191,5.329070518200751e-15,0.16959226642783248,2.5655612948538526,0.1453781917377545
Queue-nominal,0.45,4,4,32,452,801,EGM,30,30.0,0.0,0.4278739000000016,-0.2583880283826596,0.3992808799287944,0.17726043996894253,3.552713678800501e-15,0.1695051944800999,2.566127042087522,0.14543548751529367
Queue-nominal,0.45,4,4,32,452,801,EGM,35,35.0,0.0,0.49650450000000035,-0.25680202466539476,0.38546918000393826,0.17105776455153454,3.552713678800501e-15,0.16977306048649315,2.565221339805918,0.14521529005003778
Queue-nominal,0.45,4,4,32,452,801,EGM,40,40.0,0.0,0.5680689000000001,-0.2544634797182834,0.36949768855083015,0.16643584329686245,3.552713678800501e-15,0.17049427087648558,2.562422356026583,0.14464139459579975
Queue-nominal,0.45,4,4,32,452,801,EGM,45,45.0,0.0,0.6276849999999996,-0.25134664291870656,0.3515212793325458,0.1631325455865634,3.552713678800501e-15,0.17168739924753532,2.5576088288188945,0.14370160976199667
Queue-nominal,0.45,4,4,32,452,801,EGM,50,50.0,0.0,0.6989809000000022,-0.24764594703255544,0.33201229338346655,0.16083740150949868,5.329070518200751e-15,0.1732389027386763,2.5510514527290087,0.14249523132821873
Queue-nominal,0.45,4,4,32,452,801,EGM,55,55.0,0.0,0.7713357999999992,-0.24403490756888538,0.31934899578649034,0.1592583291510296,3.552713678800501e-15,0.17475726863118463,2.5435692028854966,0.14137066805905277
Queue-nominal,0.45,4,4,32,452,801,EGM,60,60.0,0.0,0.8458249000000002,-0.2430043377907011,0.3136685990416594,0.1581391418348876,3.552713678800501e-15,0.17504833401951367,2.5422015279170025,0.14115158556380222
Queue-nominal,0.45,4,4,32,452,801,PPM-3,0,0.0,0.0,6.400000000184036e-06,-0.2786999135828737,0.4544959067610282,0.20490697925896567,3.552713678800501e-15,0.1616396245579094,2.592776075766775,0.15189847671752413
Queue-nominal,0.45,4,4,32,452,801,PPM-3,5,15.0,0.0,0.09977250000000026,-0.268992476978526,0.44432700061547464,0.21257621338500685,3.552713678800501e-15,0.16643412712597014,2.5720302345137647,0.1481958605312003
Queue-nominal,0.45,4,4,32,452,801,PPM-3,10,30.0,0.0,0.21284399999999692,-0.2642190238625432,0.43686604032913345,0.2123416036137809,5.329070518200751e-15,0.1685981667296981,2.5639432708024437,0.14645745059648974
Queue-nominal,0.45,4,4,32,452,801,PPM-3,15,45.0,0.0,0.3295297000000019,-0.2615884648621593,0.42926248218859775,0.20501815889945085,2.6645352591003757e-15,0.1695689695986771,2.5627068105438036,0.14555172458322843
Queue-nominal,0.45,4,4,32,452,801,PPM-3,20,60.0,0.0,0.43760489999999663,-0.2603044700026395,0.4208795272217474,0.19487425318592286,5.329070518200751e-15,0.16970620463352284,2.5640671290615273,0.14534289383692345
Queue-nominal,0.45,4,4,32,452,801,PPM-3,25,75.0,0.0,0.5408668999999975,-0.25937798009251933,0.41096505951923873,0.18523161776852312,5.329070518200751e-15,0.1695964894571928,2.5655439056219462,0.14537488393112602
Queue-nominal,0.45,4,4,32,452,801,PPM-3,30,90.0,0.0,0.6348326000000029,-0.2583775669042942,0.3992860746660369,0.1772641922163545,3.552713678800501e-15,0.16951044753266722,2.56610636333227,0.14543132281826604
Queue-nominal,0.45,4,4,32,452,801,PPM-3,35,105.0,0.0,0.7323232999999973,-0.2567902744016161,0.38547400411391575,0.17106177934062095,3.552713678800501e-15,0.16977898680880535,2.565197730154915,0.14521060634093644
Queue-nominal,0.45,4,4,32,452,801,PPM-3,40,120.0,0.0,0.8427115000000001,-0.25445147680345054,0.3695021469575046,0.16644074677700735,3.552713678800501e-15,0.17050034798462851,2.5623979398526813,0.1446366025494409
Queue-nominal,0.45,4,4,32,452,801,PPM-3,45,135.0,0.0,0.9600928999999994,-0.25133485435488645,0.3515248420237574,0.1631384517996029,3.552713678800501e-15,0.1716933256415679,2.5575845834598088,0.1436969594394943
Queue-nominal,0.45,4,4,32,452,801,PPM-3,50,150.0,0.0,1.0851235000000017,-0.24763576035344684,0.33201333110565756,0.16084425696933005,3.552713678800501e-15,0.17324391314657,2.551030582503235,0.14249131935326012
Queue-nominal,0.45,4,4,32,452,801,PPM-3,55,165.0,0.0,1.1965150999999992,-0.2440240145003608,0.31932589088303587,0.15926586573790488,3.552713678800501e-15,0.17476262556260977,2.543549067522863,0.1413663708835561
Queue-nominal,0.45,4,4,32,452,801,PPM-3,60,180.0,0.0,1.2922004999999999,-0.2429927786426281,0.3136395148120998,0.15814679684217142,2.6645352591003757e-15,0.17505382841428388,2.54217840739966,0.14114730803836598
Queue-nominal,0.45,4,4,32,452,802,QP+G,0,0.0,0.0,5.600000001493299e-06,-0.2975936978533849,0.4491168533615151,0.2086815071088129,5.329070518200751e-15,0.15071224266682773,2.634513574187885,0.16062914816538948
Queue-nominal,0.45,4,4,32,452,802,QP+G,5,5.0,5.0,0.7203214000000031,-0.29539993458743846,0.4452398617503447,0.1989516783323412,5.329070518200751e-15,0.1510828633194925,2.630411652140986,0.1604744181467714
Queue-nominal,0.45,4,4,32,452,802,QP+G,10,10.0,10.0,1.443049700000003,-0.2936591860161304,0.4406482240793847,0.1872882751366962,3.552713678800501e-15,0.1513481059850934,2.6277489114101193,0.16034931973016417
Queue-nominal,0.45,4,4,32,452,802,QP+G,15,15.0,15.0,2.1262115000000037,-0.29111660223645597,0.4340698086332092,0.17663618107121207,5.329070518200751e-15,0.15220431374357943,2.6240103279202867,0.15968987952377398
Queue-nominal,0.45,4,4,32,452,802,QP+G,20,20.0,20.0,2.850130500000006,-0.287499413343971,0.4251001010062733,0.16868633552612014,3.552713678800501e-15,0.15375794825537478,2.61813338903612,0.1584455575848302
Queue-nominal,0.45,4,4,32,452,802,QP+G,25,25.0,25.0,3.5751611000000025,-0.2825894726253298,0.41327873686281913,0.16427069086217316,3.552713678800501e-15,0.15610871947706673,2.6095163238855665,0.15654831610790368
Queue-nominal,0.45,4,4,32,452,802,QP+G,30,30.0,30.0,4.292946700000002,-0.27601028778785164,0.3979776731106302,0.1635845295432609,7.105427357601002e-15,0.15943215407258293,2.5975219755476475,0.15385616300385757
Queue-nominal,0.45,4,4,32,452,802,QP+G,35,35.0,35.0,5.007556100000002,-0.2677559679758732,0.3790105101354888,0.16613261047372924,3.552713678800501e-15,0.1637284695459984,2.5825117494991865,0.15034985942772922
Queue-nominal,0.45,4,4,32,452,802,QP+G,40,40.0,40.0,5.746536900000002,-0.2586354961876791,0.3573489363750154,0.17051332408113998,3.552713678800501e-15,0.1685095692339183,2.565668536004793,0.1464552446605665
Queue-nominal,0.45,4,4,32,452,802,QP+G,45,45.0,45.0,6.556229900000005,-0.25003050718168474,0.33651980102514556,0.17422285549259064,5.329070518200751e-15,0.17298763868914407,2.5498452263256683,0.1428099809779263
Queue-nominal,0.45,4,4,32,452,802,QP+G,50,50.0,50.0,7.486286100000001,-0.24298201973811237,0.31949012375437613,0.17458234308870135,5.329070518200751e-15,0.1765903651136276,2.5377756158482114,0.13984249721015116
Queue-nominal,0.45,4,4,32,452,802,QP+G,55,55.0,55.0,8.303314800000003,-0.2395211722577627,0.30624405435527646,0.17099197560879836,3.552713678800501e-15,0.1781565411415618,2.5318934817443544,0.13858590718768318
Queue-nominal,0.45,4,4,32,452,802,QP+G,60,60.0,60.0,9.0730328,-0.23870728958895387,0.2943424590021967,0.16492816082099546,3.552713678800501e-15,0.17824371565977376,2.530736777467189,0.13855961184195353
Queue-nominal,0.45,4,4,32,452,802,noG,0,0.0,0.0,6.40000000373675e-06,-0.2975936978533849,0.4491168533615151,0.2086815071088129,5.329070518200751e-15,0.15071224266682773,2.634513574187885,0.16062914816538948
Queue-nominal,0.45,4,4,32,452,802,noG,5,5.0,0.0,0.3308810000000051,-0.2961497789560763,0.4471622234529885,0.20037630127838804,3.552713678800501e-15,0.15057188842574393,2.6318133425324066,0.1609116198620244
Queue-nominal,0.45,4,4,32,452,802,noG,10,10.0,0.0,0.6754327000000018,-0.2955092680083234,0.44472354923278645,0.18903091386073156,3.552713678800501e-15,0.15008783068549958,2.6314565894280055,0.16141445408144778
Queue-nominal,0.45,4,4,32,452,802,noG,15,15.0,0.0,0.9883376000000013,-0.2942450977778458,0.44045419225760873,0.17772172105790854,3.552713678800501e-15,0.15012062607393345,2.6306015347066474,0.16142666157308536
Queue-nominal,0.45,4,4,32,452,802,noG,20,20.0,0.0,1.3001008000000027,-0.291968179114692,0.43399477660685803,0.16866865916693077,5.329070518200751e-15,0.15087161446373315,2.6278610994925273,0.1608199066156072
Queue-nominal,0.45,4,4,32,452,802,noG,25,25.0,0.0,1.6070727000000034,-0.2886789070492893,0.4252474931336609,0.16312415087013457,5.329070518200751e-15,0.152297393934098,2.6226268386302776,0.15966961455904582
Queue-nominal,0.45,4,4,32,452,802,noG,30,30.0,0.0,1.9849760000000032,-0.28399015685994167,0.41363081233179166,0.1615597975815125,4.440892098500626e-15,0.15456817109903068,2.614264459156786,0.15783896262955996
Queue-nominal,0.45,4,4,32,452,802,noG,35,35.0,0.0,2.3048493000000008,-0.2776858395772194,0.3987203809368723,0.1638046432853241,5.329070518200751e-15,0.15780896982147394,2.603030744343382,0.1551894120551904
Queue-nominal,0.45,4,4,32,452,802,noG,40,40.0,0.0,2.645635300000002,-0.2697606412275849,0.3803474367619354,0.16910396409828354,3.552713678800501e-15,0.1619994554776889,2.588974708697814,0.15173871774874229
Queue-nominal,0.45,4,4,32,452,802,noG,45,45.0,0.0,2.9513960000000026,-0.266308335759413,0.37271135859539517,0.17156744876930036,5.329070518200751e-15,0.16384495028382207,2.5829009131103713,0.1502128963945799
Queue-nominal,0.45,4,4,32,452,802,noG,50,50.0,0.0,3.3187363000000047,-0.2662573100503276,0.3726034262917377,0.1716025964957323,5.329070518200751e-15,0.1638722356346493,2.582810207611643,0.1501903850173703
Queue-nominal,0.45,4,4,32,452,802,noG,55,55.0,0.0,3.638853900000001,-0.2662566249704399,0.3726019775245206,0.17160306811000411,3.552713678800501e-15,0.16387260197186745,2.582808989611442,0.1501900827854261
Queue-nominal,0.45,4,4,32,452,802,noG,60,60.0,0.0,3.9599639000000053,-0.26625661577392296,0.3726019580763234,0.17160307444090536,3.552713678800501e-15,0.16387260688958016,2.5828089732609647,0.15019007872826412
Queue-nominal,0.45,4,4,32,452,802,Minimax-PPO,0,0.0,0.0,6.499999997799932e-06,-0.2975936978533849,0.4491168533615151,0.2086815071088129,5.329070518200751e-15,0.15071224266682773,2.634513574187885,0.16062914816538948
Queue-nominal,0.45,4,4,32,452,802,Minimax-PPO,5,5.0,0.0,0.11115869999999717,-0.3195824203207691,0.5255967532765284,0.013809192193629503,5.329070518200751e-15,0.12545134631252192,2.7094990278977176,0.181943441692861
Queue-nominal,0.45,4,4,32,452,802,Minimax-PPO,10,10.0,0.0,0.19931189999999788,-0.3705037425877169,0.5770910638936193,0.0076109691342014524,5.329070518200751e-15,0.09701937606666351,2.804141147138196,0.20539424776816828
Queue-nominal,0.45,4,4,32,452,802,Minimax-PPO,15,15.0,0.0,0.2937841999999975,-0.4427929353257149,0.6732238077190456,0.00015368303221466442,3.552713678800501e-15,0.05469839679107614,2.922780972403151,0.24147102571402165
Queue-nominal,0.45,4,4,32,452,802,Minimax-PPO,20,20.0,0.0,0.39105699999999644,-0.4427929353257149,0.6762347860494708,3.207841057667926e-11,3.552713678800501e-15,0.05469839679107614,2.922780972403151,0.24147102571402165
Queue-nominal,0.45,4,4,32,452,802,Minimax-PPO,25,25.0,0.0,0.4873436999999967,-0.4427929353257149,0.6762347860487454,3.508352436804639e-11,1.7763568394002505e-15,0.05469839679107614,2.922780972403151,0.24147102571402165
Queue-nominal,0.45,4,4,32,452,802,Minimax-PPO,30,30.0,0.0,0.5860911999999985,-0.4427929353257149,0.6762347860478499,3.872923892197663e-11,1.7763568394002505e-15,0.05469839679107614,2.922780972403151,0.24147102571402165
Queue-nominal,0.45,4,4,32,452,802,Minimax-PPO,35,35.0,0.0,0.7061197999999962,-0.4427929353257149,0.6762347860467184,4.3247203489934696e-11,2.6645352591003757e-15,0.05469839679107614,2.922780972403151,0.24147102571402165
Queue-nominal,0.45,4,4,32,452,802,Minimax-PPO,40,40.0,0.0,0.7982602999999955,-0.4427929353257149,0.6762347860452486,4.8996380498773323e-11,3.552713678800501e-15,0.05469839679107614,2.922780972403151,0.24147102571402165
Queue-nominal,0.45,4,4,32,452,802,Minimax-PPO,45,45.0,0.0,0.881583599999999,-0.4427929353257149,0.6762347860432687,5.656503423330939e-11,2.6645352591003757e-15,0.05469839679107614,2.922780972403151,0.24147102571402165
Queue-nominal,0.45,4,4,32,452,802,Minimax-PPO,50,50.0,0.0,0.958746099999999,-0.4427929353257149,0.6762347860404729,6.698838488435878e-11,3.552713678800501e-15,0.05469839679107614,2.922780972403151,0.24147102571402165
Queue-nominal,0.45,4,4,32,452,802,Minimax-PPO,55,55.0,0.0,1.0457211000000015,-0.4427929353257149,0.6762347860362561,8.227216122541946e-11,3.552713678800501e-15,0.05469839679107614,2.922780972403151,0.24147102571402165
Queue-nominal,0.45,4,4,32,452,802,Minimax-PPO,60,60.0,0.0,1.1237733999999975,-0.4427929353257149,0.6762347860292452,1.0687604321286581e-10,3.552713678800501e-15,0.05469839679107614,2.922780972403151,0.24147102571402165
Queue-nominal,0.45,4,4,32,452,802,GDA,0,0.0,0.0,9.699999999668307e-06,-0.2975936978533849,0.4491168533615151,0.2086815071088129,5.329070518200751e-15,0.15071224266682773,2.634513574187885,0.16062914816538948
Queue-nominal,0.45,4,4,32,452,802,GDA,5,5.0,0.0,0.048312799999997935,-0.2961497789560763,0.4471622234529885,0.20037630127838804,3.552713678800501e-15,0.15057188842574393,2.6318133425324066,0.1609116198620244
Queue-nominal,0.45,4,4,32,452,802,GDA,10,10.0,0.0,0.10641299999999632,-0.2955092680083234,0.44472354923278645,0.18903091386073156,3.552713678800501e-15,0.15008783068549958,2.6314565894280055,0.16141445408144778
Queue-nominal,0.45,4,4,32,452,802,GDA,15,15.0,0.0,0.15449259999999754,-0.2942450977778458,0.44045419225760873,0.17772172105790854,3.552713678800501e-15,0.15012062607393345,2.6306015347066474,0.16142666157308536
Queue-nominal,0.45,4,4,32,452,802,GDA,20,20.0,0.0,0.21190020000000231,-0.291968179114692,0.43399477660685803,0.16866865916693077,5.329070518200751e-15,0.15087161446373315,2.6278610994925273,0.1608199066156072
Queue-nominal,0.45,4,4,32,452,802,GDA,25,25.0,0.0,0.25952339999999907,-0.2886789070492893,0.4252474931336609,0.16312415087013457,5.329070518200751e-15,0.152297393934098,2.6226268386302776,0.15966961455904582
Queue-nominal,0.45,4,4,32,452,802,GDA,30,30.0,0.0,0.3053044999999983,-0.28399015685994167,0.41363081233179166,0.1615597975815125,4.440892098500626e-15,0.15456817109903068,2.614264459156786,0.15783896262955996
Queue-nominal,0.45,4,4,32,452,802,GDA,35,35.0,0.0,0.35533590000000004,-0.2776858395772194,0.3987203809368723,0.1638046432853241,5.329070518200751e-15,0.15780896982147394,2.603030744343382,0.1551894120551904
Queue-nominal,0.45,4,4,32,452,802,GDA,40,40.0,0.0,0.41600210000000004,-0.2697606412275849,0.3803474367619354,0.16910396409828354,3.552713678800501e-15,0.1619994554776889,2.588974708697814,0.15173871774874229
Queue-nominal,0.45,4,4,32,452,802,GDA,45,45.0,0.0,0.479766699999999,-0.26035079668656275,0.3598161955699223,0.17609552478524387,5.329070518200751e-15,0.16702539692878762,2.5721323315971976,0.1475992171976765
Queue-nominal,0.45,4,4,32,452,802,GDA,50,50.0,0.0,0.5359235000000027,-0.25116428851631867,0.3414734280493858,0.18248846832560675,3.552713678800501e-15,0.17192752253986543,2.5555656497565247,0.14356902220979154
Queue-nominal,0.45,4,4,32,452,802,GDA,55,55.0,0.0,0.5999601999999982,-0.2438393473601585,0.32692844295903156,0.1848490212986422,3.552713678800501e-15,0.1757612545118008,2.542384594074219,0.14042903001060927
Queue-nominal,0.45,4,4,32,452,802,GDA,60,60.0,0.0,0.6571372000000011,-0.24024995234830182,0.3146958821289427,0.18096211530963227,4.440892098500626e-15,0.1774360727464263,2.5357267599811286,0.1391046240966718
Queue-nominal,0.45,4,4,32,452,802,EGM,0,0.0,0.0,6.8000000013057615e-06,-0.2975936978533849,0.4491168533615151,0.2086815071088129,5.329070518200751e-15,0.15071224266682773,2.634513574187885,0.16062914816538948
Queue-nominal,0.45,4,4,32,452,802,EGM,5,5.0,0.0,0.06702460000000343,-0.2959828885343026,0.446745839873115,0.2000679859831586,7.105427357601002e-15,0.15068637733185006,2.6314959893113503,0.16081383375702707
Queue-nominal,0.45,4,4,32,452,802,EGM,10,10.0,0.0,0.1426942000000011,-0.29510333634284097,0.4438513583589502,0.18866197259983392,5.329070518200751e-15,0.15036704303816545,2.6306300964501723,0.16117874135919422
Queue-nominal,0.45,4,4,32,452,802,EGM,15,15.0,0.0,0.20387219999999928,-0.29356584078522835,0.43910435104031165,0.17751967131710164,3.552713678800501e-15,0.1505770954914471,2.6291715084340663,0.1610454566962338
Queue-nominal,0.45,4,4,32,452,802,EGM,20,20.0,0.0,0.26635869999999784,-0.2909250508118036,0.4320490944384921,0.16873910803884146,5.329070518200751e-15,0.15154396194338304,2.6257130654956984,0.16026061355684418
Queue-nominal,0.45,4,4,32,452,802,EGM,25,25.0,0.0,0.34424520000000314,-0.28742328686441937,0.4227947814894173,0.1634733368299392,7.105427357601002e-15,0.15308966358751136,2.6199119487728932,0.15902023384549505
Queue-nominal,0.45,4,4,32,452,802,EGM,30,30.0,0.0,0.41301510000000263,-0.2823503806699004,0.4104210267428263,0.16214267242345887,3.552713678800501e-15,0.15557310191268964,2.610806142821269,0.15701604846513867
Queue-nominal,0.45,4,4,32,452,802,EGM,35,35.0,0.0,0.48067009999999755,-0.27560369897325265,0.39461859340775013,0.16453379012031297,5.329070518200751e-15,0.15905671549556696,2.5987731165897183,0.15416575205234254
Queue-nominal,0.45,4,4,32,452,802,EGM,40,40.0,0.0,0.5430068000000006,-0.26715224323923015,0.37520742830440545,0.1698066433426313,3.552713678800501e-15,0.16352774135506531,2.5837090798913396,0.15048757022960116
Queue-nominal,0.45,4,4,32,452,802,EGM,45,45.0,0.0,0.6109805000000037,-0.2578216706674031,0.35459203281579943,0.17638171500325261,2.6645352591003757e-15,0.16849184893948635,2.5667658682739454,0.14641521062504292
Queue-nominal,0.45,4,4,32,452,802,EGM,50,50.0,0.0,0.6746644999999987,-0.24888822323256882,0.3363620721598799,0.1815740879742986,5.329070518200751e-15,0.17322656388978735,2.550723139832173,0.1425248498032564
Queue-nominal,0.45,4,4,32,452,802,EGM,55,55.0,0.0,0.7399433000000002,-0.24239976617573067,0.32204565786969386,0.18210169350418667,2.6645352591003757e-15,0.17655588658887045,2.5390583245122436,0.13980946475259126
Queue-nominal,0.45,4,4,32,452,802,EGM,60,60.0,0.0,0.8035481000000004,-0.23978197841257123,0.31012728698142517,0.17709959783352558,3.552713678800501e-15,0.17766413834800826,2.5341800956524687,0.1389579618808093
Queue-nominal,0.45,4,4,32,452,802,PPM-3,0,0.0,0.0,6.700000000137152e-06,-0.2975936978533849,0.4491168533615151,0.2086815071088129,5.329070518200751e-15,0.15071224266682773,2.634513574187885,0.16062914816538948
Queue-nominal,0.45,4,4,32,452,802,PPM-3,5,15.0,0.0,0.0972683000000032,-0.2959788263378209,0.4467453215534194,0.2000802000603879,3.552713678800501e-15,0.15068884256260123,2.631485528931109,0.16081191907260384
Queue-nominal,0.45,4,4,32,452,802,PPM-3,10,30.0,0.0,0.19551340000000295,-0.2950981290616984,0.4438526079409398,0.1886891742329555,5.329070518200751e-15,0.1503697884340358,2.6306170313922546,0.16117668359795087
Queue-nominal,0.45,4,4,32,452,802,PPM-3,15,45.0,0.0,0.3001284999999996,-0.2935616183532452,0.4391064207327473,0.17755359945194019,5.329070518200751e-15,0.1505785506342008,2.6291623822998567,0.1610444818763332
Queue-nominal,0.45,4,4,32,452,802,PPM-3,20,60.0,0.0,0.4055312999999998,-0.2909257583305166,0.4320525845350076,0.168771287798517,3.552713678800501e-15,0.1515419476734299,2.6257132047269844,0.1602626204988344
Queue-nominal,0.45,4,4,32,452,802,PPM-3,25,75.0,0.0,0.5097410000000053,-0.2874233822715004,0.42279224648849223,0.163500346093288,3.552713678800501e-15,0.15308756429765952,2.61991439026429,0.15902220463579883
Queue-nominal,0.45,4,4,32,452,802,PPM-3,30,90.0,0.0,0.6025531000000015,-0.28235079226350607,0.41041217606783065,0.162164923464952,4.440892098500626e-15,0.15557057376382344,2.610809471416996,0.15701840142475562
Queue-nominal,0.45,4,4,32,452,802,PPM-3,35,105.0,0.0,0.6971999000000011,-0.27560284885519215,0.3946011883615653,0.16455277677527433,5.329070518200751e-15,0.15905481861421686,2.5987743548036764,0.15416758376453804
Queue-nominal,0.45,4,4,32,452,802,PPM-3,40,120.0,0.0,0.7999639000000016,-0.26714952261668584,0.3751810459501761,0.1698231843792101,3.552713678800501e-15,0.16352696231599456,2.583707722027042,0.1504884207352146
Queue-nominal,0.45,4,4,32,452,802,PPM-3,45,135.0,0.0,0.8947564000000057,-0.25781623828355915,0.3545597142829972,0.17639461045759763,5.329070518200751e-15,0.1684924614681146,2.566757590812456,0.14641503375228276
Queue-nominal,0.45,4,4,32,452,802,PPM-3,50,150.0,0.0,1.0039121000000009,-0.24888628127368279,0.3363323334491757,0.18157933411060612,3.552713678800501e-15,0.17322530927699423,2.5507212454764225,0.1425262041189839
Queue-nominal,0.45,4,4,32,452,802,PPM-3,55,165.0,0.0,1.1120781999999991,-0.2423946303473881,0.32201575985822833,0.18209882416188242,3.552713678800501e-15,0.17655671241905593,2.539055774624135,0.13980877312704235
Queue-nominal,0.45,4,4,32,452,802,PPM-3,60,180.0,0.0,1.204166100000002,-0.2397739425048183,0.31010359770859675,0.17709204380817337,3.552713678800501e-15,0.17766692665056819,2.5341713380802537,0.1389556345031035
Queue-nominal,0.45,4,4,32,452,803,QP+G,0,0.0,0.0,7.099999997706163e-06,-0.2407069046607515,0.38947815363298816,0.2186860227434829,3.552713678800501e-15,0.18039809967663847,2.518635716791285,0.13704212575539945
Queue-nominal,0.45,4,4,32,452,803,QP+G,5,5.0,5.0,0.7502595999999997,-0.23955786614243968,0.3807871657614459,0.21221385105100907,3.552713678800501e-15,0.18058393337442347,2.5174976832804075,0.1369161885581871
Queue-nominal,0.45,4,4,32,452,803,QP+G,10,10.0,10.0,1.5192487999999997,-0.24015768963304152,0.3721102544505155,0.20309985843099546,3.552713678800501e-15,0.17980263542209055,2.521403791531357,0.13749190186573318
Queue-nominal,0.45,4,4,32,452,803,QP+G,15,15.0,15.0,2.252517999999995,-0.24118398302921715,0.36251809812606317,0.1930323036250214,3.552713678800501e-15,0.17872126966138932,2.5261007611940616,0.13832605869681824
Queue-nominal,0.45,4,4,32,452,803,QP+G,20,20.0,20.0,2.975663300000001,-0.2420225825908624,0.35174129654340347,0.18272816152248084,3.552713678800501e-15,0.17777330618826198,2.5309291236467533,0.13901989783033084
Queue-nominal,0.45,4,4,32,452,803,QP+G,25,25.0,25.0,3.7035780000000003,-0.24246758833237786,0.34032832077089914,0.1725563061386326,3.552713678800501e-15,0.1770230273468234,2.5350685269135798,0.1395523133419361
Queue-nominal,0.45,4,4,32,452,803,QP+G,30,30.0,30.0,4.369178699999999,-0.24245349470920802,0.32812398512027324,0.1632498568202214,3.552713678800501e-15,0.17654929872780825,2.538268155554069,0.13985764045355692
Queue-nominal,0.45,4,4,32,452,803,QP+G,35,35.0,35.0,5.0284373,-0.24204330704829022,0.31502233092756887,0.15546502560847392,3.552713678800501e-15,0.17637799906697194,2.540440683053213,0.1399145965618066
Queue-nominal,0.45,4,4,32,452,803,QP+G,40,40.0,40.0,5.761249499999998,-0.24147369297562463,0.3013602951797989,0.14947410610869968,3.552713678800501e-15,0.17637106076873682,2.5417733884390508,0.13985139247131328
Queue-nominal,0.45,4,4,32,452,803,QP+G,45,45.0,45.0,6.432747200000001,-0.24114486296974014,0.28756718218198996,0.1454008726670985,5.329070518200751e-15,0.17629383754747927,2.54295542941456,0.13986640300964934
Queue-nominal,0.45,4,4,32,452,803,QP+G,50,50.0,50.0,7.145597099999996,-0.24077895281931708,0.2765914989749987,0.14322198509775177,3.552713678800501e-15,0.17628334512552427,2.543776207975791,0.13983369655996078
Queue-nominal,0.45,4,4,32,452,803,QP+G,55,55.0,55.0,7.826350099999999,-0.24051417558099958,0.26741912672539436,0.1426506036593837,2.6645352591003757e-15,0.17624868851802258,2.5443355219962895,0.13983891558743602
Queue-nominal,0.45,4,4,32,452,803,QP+G,60,60.0,60.0,8.516823699999996,-0.24022109275588605,0.25831944052843664,0.14298791341865325,3.552713678800501e-15,0.17625747168871359,2.5445554802799117,0.13981855566497567
Queue-nominal,0.45,4,4,32,452,803,noG,0,0.0,0.0,6.40000000373675e-06,-0.2407069046607515,0.38947815363298816,0.2186860227434829,3.552713678800501e-15,0.18039809967663847,2.518635716791285,0.13704212575539945
Queue-nominal,0.45,4,4,32,452,803,noG,5,5.0,0.0,0.3054197000000016,-0.23968943622179179,0.38280341066775947,0.2119799849262742,3.552713678800501e-15,0.18051150318217832,2.517892106992073,0.1369678596077131
Queue-nominal,0.45,4,4,32,452,803,noG,10,10.0,0.0,0.6086758000000003,-0.24080667260488012,0.37625265451775325,0.2023114835776408,3.552713678800501e-15,0.1794219013905884,2.5228964964840332,0.13779407247867345
Queue-nominal,0.45,4,4,32,452,803,noG,15,15.0,0.0,0.9102969000000058,-0.24216717624620662,0.3682215440316956,0.19212067750774942,4.440892098500626e-15,0.17810115038218227,2.527988836049327,0.13884680561522175
Queue-nominal,0.45,4,4,32,452,803,noG,20,20.0,0.0,1.2223543000000063,-0.24307084493849315,0.3583661394752482,0.1820992408097973,4.440892098500626e-15,0.17704148371615777,2.53296264953563,0.13964469262407275
Queue-nominal,0.45,4,4,32,452,803,noG,25,25.0,0.0,1.5442064000000002,-0.24352275333815757,0.34703143898487143,0.17248876300831031,5.329070518200751e-15,0.1762713042307212,2.5372906263867523,0.14018708385418663
Queue-nominal,0.45,4,4,32,452,803,noG,30,30.0,0.0,1.8473406000000026,-0.24335513617707866,0.33437088268776305,0.16370466537488623,3.552713678800501e-15,0.1759053261815696,2.540256795176983,0.14039694775648454
Queue-nominal,0.45,4,4,32,452,803,noG,35,35.0,0.0,2.1627387000000056,-0.24274084177218164,0.3208400416048166,0.15617632106240875,5.329070518200751e-15,0.17586656270827022,2.542104816511988,0.140338446948994
Queue-nominal,0.45,4,4,32,452,803,noG,40,40.0,0.0,2.4648049000000043,-0.24188568337518154,0.30674158611565816,0.150195645663689,2.6645352591003757e-15,0.17603418601342047,2.5432355721600524,0.1401113101886825
Queue-nominal,0.45,4,4,32,452,803,noG,45,45.0,0.0,2.776744200000003,-0.2411639928982097,0.29244814889702236,0.14593305525220807,4.440892098500626e-15,0.1761880925323704,2.5438947297925005,0.13992271116276153
Queue-nominal,0.45,4,4,32,452,803,noG,50,50.0,0.0,3.0879899000000037,-0.24067641957367525,0.28044814097703014,0.14345832893062985,5.329070518200751e-15,0.1762550510007426,2.54444808504924,0.1398266287335083
Queue-nominal,0.45,4,4,32,452,803,noG,55,55.0,0.0,3.4109493000000057,-0.24034478418307448,0.27126516510940046,0.14264836746793183,3.552713678800501e-15,0.17627488904294025,2.544990095094976,0.13977826384679853
Queue-nominal,0.45,4,4,32,452,803,noG,60,60.0,0.0,3.7328640000000064,-0.2400491317684727,0.2625786319872518,0.1430053091865975,5.329070518200751e-15,0.17629573769662615,2.5452557888679763,0.13974343131032255
Queue-nominal,0.45,4,4,32,452,803,Minimax-PPO,0,0.0,0.0,6.40000000373675e-06,-0.2407069046607515,0.38947815363298816,0.2186860227434829,3.552713678800501e-15,0.18039809967663847,2.518635716791285,0.13704212575539945
Queue-nominal,0.45,4,4,32,452,803,Minimax-PPO,5,5.0,0.0,0.0832590000000053,-0.25588475845262704,0.46189968060759057,0.05722708606410519,5.329070518200751e-15,0.16003611146673175,2.606258364506205,0.1527923956645205
Queue-nominal,0.45,4,4,32,452,803,Minimax-PPO,10,10.0,0.0,0.1613527000000019,-0.4481137895639844,0.6815555386769403,0.008305004668004408,7.105427357601002e-15,0.054996075120540326,2.923788738502338,0.24112030706354748
Queue-nominal,0.45,4,4,32,452,803,Minimax-PPO,15,15.0,0.0,0.24678820000000457,-0.4227912859210956,0.6562331366510976,0.025220639519073784,7.105427357601002e-15,0.06740477909233972,2.884515289669032,0.2307786267145539
Queue-nominal,0.45,4,4,32,452,803,Minimax-PPO,20,20.0,0.0,0.33110410000000456,-0.39039075682272084,0.6004618556074273,0.0011994424147294444,3.552713678800501e-15,0.08730895620812519,2.830699382445972,0.21370686576840245
Queue-nominal,0.45,4,4,32,452,803,Minimax-PPO,25,25.0,0.0,0.404929800000005,-0.38990996128740973,0.5484336878622789,3.2265785164266906e-05,5.329070518200751e-15,0.08649082489783057,2.832840977006276,0.21441228157552328
Queue-nominal,0.45,4,4,32,452,803,Minimax-PPO,30,30.0,0.0,0.4867214000000004,-0.4427929353257142,0.6627977839840423,0.002864642122621454,3.552713678800501e-15,0.05469839679107608,2.9227809724031473,0.24147102571402135
Queue-nominal,0.45,4,4,32,452,803,Minimax-PPO,35,35.0,0.0,0.5621597000000023,-0.4427929353257142,0.6637183657166925,8.213462556030682e-06,3.552713678800501e-15,0.05469839679107607,2.9227809724031473,0.24147102571402135
Queue-nominal,0.45,4,4,32,452,803,Minimax-PPO,40,40.0,0.0,0.6484302,-0.4427929353257142,0.7074004455254592,7.435223944938955e-05,5.329070518200751e-15,0.05469839679107607,2.9227809724031464,0.2414710257140212
Queue-nominal,0.45,4,4,32,452,803,Minimax-PPO,45,45.0,0.0,0.7287224000000023,-0.4427929211937853,0.7040927589411058,1.0018390595844705e-05,3.552713678800501e-15,0.054698397244394584,2.92278096937067,0.24147102542030668
Queue-nominal,0.45,4,4,32,452,803,Minimax-PPO,50,50.0,0.0,0.8013207999999992,-0.4427929349394523,0.6752088185442622,0.006394997951251228,3.552713678800501e-15,0.05469839679107607,2.9227809724031455,0.2414710257140212
Queue-nominal,0.45,4,4,32,452,803,Minimax-PPO,55,55.0,0.0,0.8906206000000054,-0.37964336195410525,0.6254616825792196,0.0985079642279375,7.105427357601002e-15,0.09092632356954293,2.818998781507096,0.2107053195090309
Queue-nominal,0.45,4,4,32,452,803,Minimax-PPO,60,60.0,0.0,0.9820842000000027,-0.3007783749527978,0.520590193511453,0.022610578021178544,3.552713678800501e-15,0.13654214666877532,2.684015552330026,0.17219387689280208
Queue-nominal,0.45,4,4,32,452,803,GDA,0,0.0,0.0,6.2000000013995304e-06,-0.2407069046607515,0.38947815363298816,0.2186860227434829,3.552713678800501e-15,0.18039809967663847,2.518635716791285,0.13704212575539945
Queue-nominal,0.45,4,4,32,452,803,GDA,5,5.0,0.0,0.05430869999999999,-0.23968943622179179,0.38280341066775947,0.2119799849262742,3.552713678800501e-15,0.18051150318217832,2.517892106992073,0.1369678596077131
Queue-nominal,0.45,4,4,32,452,803,GDA,10,10.0,0.0,0.09831170000000355,-0.24080667260488012,0.37625265451775325,0.2023114835776408,3.552713678800501e-15,0.1794219013905884,2.5228964964840332,0.13779407247867345
Queue-nominal,0.45,4,4,32,452,803,GDA,15,15.0,0.0,0.14198749999999905,-0.24216717624620662,0.3682215440316956,0.19212067750774942,4.440892098500626e-15,0.17810115038218227,2.527988836049327,0.13884680561522175
Queue-nominal,0.45,4,4,32,452,803,GDA,20,20.0,0.0,0.1866005000000044,-0.24307084493849315,0.3583661394752482,0.1820992408097973,4.440892098500626e-15,0.17704148371615777,2.53296264953563,0.13964469262407275
Queue-nominal,0.45,4,4,32,452,803,GDA,25,25.0,0.0,0.2407098999999988,-0.24352275333815757,0.34703143898487143,0.17248876300831031,5.329070518200751e-15,0.1762713042307212,2.5372906263867523,0.14018708385418663
Queue-nominal,0.45,4,4,32,452,803,GDA,30,30.0,0.0,0.28477870000000394,-0.24335513617707866,0.33437088268776305,0.16370466537488623,3.552713678800501e-15,0.1759053261815696,2.540256795176983,0.14039694775648454
Queue-nominal,0.45,4,4,32,452,803,GDA,35,35.0,0.0,0.33307270000000244,-0.24274084177218164,0.3208400416048166,0.15617632106240875,5.329070518200751e-15,0.17586656270827022,2.542104816511988,0.140338446948994
Queue-nominal,0.45,4,4,32,452,803,GDA,40,40.0,0.0,0.3832579999999979,-0.24188568337518154,0.30674158611565816,0.150195645663689,2.6645352591003757e-15,0.17603418601342047,2.5432355721600524,0.1401113101886825
Queue-nominal,0.45,4,4,32,452,803,GDA,45,45.0,0.0,0.42866730000000075,-0.2411639928982097,0.29244814889702236,0.14593305525220807,4.440892098500626e-15,0.1761880925323704,2.5438947297925005,0.13992271116276153
Queue-nominal,0.45,4,4,32,452,803,GDA,50,50.0,0.0,0.48192989999999725,-0.24067641957367525,0.28044814097703014,0.14345832893062985,5.329070518200751e-15,0.1762550510007426,2.54444808504924,0.1398266287335083
Queue-nominal,0.45,4,4,32,452,803,GDA,55,55.0,0.0,0.5308981999999958,-0.24034478418307448,0.27126516510940046,0.14264836746793183,3.552713678800501e-15,0.17627488904294025,2.544990095094976,0.13977826384679853
Queue-nominal,0.45,4,4,32,452,803,GDA,60,60.0,0.0,0.5772501000000005,-0.2400491317684727,0.2625786319872518,0.1430053091865975,5.329070518200751e-15,0.17629573769662615,2.5452557888679763,0.13974343131032255
Queue-nominal,0.45,4,4,32,452,803,EGM,0,0.0,0.0,7.800000005886432e-06,-0.2407069046607515,0.38947815363298816,0.2186860227434829,3.552713678800501e-15,0.18039809967663847,2.518635716791285,0.13704212575539945
Queue-nominal,0.45,4,4,32,452,803,EGM,5,5.0,0.0,0.07247209999999882,-0.23965869173982982,0.38237347373985475,0.21204061382960684,3.552713678800501e-15,0.18052903254605582,2.5177990057743136,0.1369552303079279
Queue-nominal,0.45,4,4,32,452,803,EGM,10,10.0,0.0,0.13663549999999702,-0.24065659513227503,0.3753672970308911,0.20250748752446274,3.552713678800501e-15,0.1795110612782455,2.5225627161650923,0.13772247997622356
Queue-nominal,0.45,4,4,32,452,803,EGM,15,15.0,0.0,0.20551919999999768,-0.2419487047661951,0.36701479164904366,0.1923449098796812,3.552713678800501e-15,0.17823943615352797,2.5275265810858882,0.13873284905247826
Queue-nominal,0.45,4,4,32,452,803,EGM,20,20.0,0.0,0.27893439999999714,-0.24285723928137526,0.35698925729535363,0.18225064552655837,3.552713678800501e-15,0.17719401112325703,2.5325367867185977,0.13951457904944833
Queue-nominal,0.45,4,4,32,452,803,EGM,25,25.0,0.0,0.34237540000000877,-0.24324160693831112,0.345475115838189,0.172569092117423,4.440892098500626e-15,0.17647257856987414,2.53669144680169,0.1400173452826684
Queue-nominal,0.45,4,4,32,452,803,EGM,30,30.0,0.0,0.40434109999999635,-0.24306220343704824,0.3327387157838948,0.1637653205552718,4.440892098500626e-15,0.1761251326746544,2.539600843987054,0.1402116650102372
Queue-nominal,0.45,4,4,32,452,803,EGM,35,35.0,0.0,0.47040979999999877,-0.2424821779784209,0.3191822403334412,0.1562668868105837,4.440892098500626e-15,0.17607506499280925,2.541413862115584,0.14016631068531826
Queue-nominal,0.45,4,4,32,452,803,EGM,40,40.0,0.0,0.5330600000000061,-0.2416312806422955,0.30501482757924,0.1503603666246744,4.440892098500626e-15,0.17624370458410749,2.542512976575647,0.1399398229645428
Queue-nominal,0.45,4,4,32,452,803,EGM,45,45.0,0.0,0.5947589999999963,-0.24116702643224217,0.29087425145781776,0.146219244010362,3.552713678800501e-15,0.17625065609427987,2.543368719232615,0.1398878323671616
Queue-nominal,0.45,4,4,32,452,803,EGM,50,50.0,0.0,0.6571337999999969,-0.2407774111920307,0.2791852909482581,0.14390125642664103,3.552713678800501e-15,0.17626543242418147,2.544065282173521,0.13983639482984364
Queue-nominal,0.45,4,4,32,452,803,EGM,55,55.0,0.0,0.7256488000000019,-0.24048204533523188,0.2697734743900216,0.14322110806089947,3.552713678800501e-15,0.17626019106771867,2.544563736883589,0.13981540172788198
Queue-nominal,0.45,4,4,32,452,803,EGM,60,60.0,0.0,0.7999226000000021,-0.240175609864245,0.2605718090221154,0.143565351189873,3.552713678800501e-15,0.17628171200379467,2.544726265297125,0.13978532666477772
Queue-nominal,0.45,4,4,32,452,803,PPM-3,0,0.0,0.0,6.299999995462713e-06,-0.2407069046607515,0.38947815363298816,0.2186860227434829,3.552713678800501e-15,0.18039809967663847,2.518635716791285,0.13704212575539945
Queue-nominal,0.45,4,4,32,452,803,PPM-3,5,15.0,0.0,0.0949177999999904,-0.2396597793460762,0.3823776422832378,0.21204106917598864,4.440892098500626e-15,0.1805284106158768,2.5177995864409737,0.13695582167670395
Queue-nominal,0.45,4,4,32,452,803,PPM-3,10,30.0,0.0,0.1980234999999908,-0.24066024092462096,0.37537882219852525,0.20250592870438433,3.552713678800501e-15,0.17950893318385996,2.5225674920194914,0.13772435670985095
Queue-nominal,0.45,4,4,32,452,803,PPM-3,15,45.0,0.0,0.2872686999999985,-0.24195312379730385,0.3670313639020977,0.1923409512440326,3.552713678800501e-15,0.17823668368755616,2.5275327064722473,0.13873527912969433
Queue-nominal,0.45,4,4,32,452,803,PPM-3,20,60.0,0.0,0.3894409999999908,-0.2428613219264592,0.35700850824456287,0.18224681551035987,2.6645352591003757e-15,0.17719117596166908,2.532541342098515,0.13951717445419892
Queue-nominal,0.45,4,4,32,452,803,PPM-3,25,75.0,0.0,0.4949926999999974,-0.2432462985736883,0.34549641826091093,0.17256736496986788,3.552713678800501e-15,0.17646916443124255,2.5366963143933456,0.14002050323226578
Queue-nominal,0.45,4,4,32,452,803,PPM-3,30,90.0,0.0,0.5926379999999938,-0.2430673903558851,0.3327603131011669,0.1637658275254939,4.440892098500626e-15,0.17612115159498185,2.539605203272309,0.1402154166538444
Queue-nominal,0.45,4,4,32,452,803,PPM-3,35,105.0,0.0,0.695459900000003,-0.24248681053171758,0.31920163060303847,0.15626919943335035,3.552713678800501e-15,0.17607108211353995,2.5414155760159134,0.14017020335930674
Queue-nominal,0.45,4,4,32,452,803,PPM-3,40,120.0,0.0,0.804684299999991,-0.24163656816084508,0.30503198028186074,0.15036465589782122,4.440892098500626e-15,0.17623915892361952,2.5425144104437982,0.13994429315828597
Queue-nominal,0.45,4,4,32,452,803,PPM-3,45,135.0,0.0,0.9062986999999936,-0.24116857462854235,0.29088287569706917,0.14622643646976402,3.552713678800501e-15,0.1762481563092982,2.5433656993538913,0.13989049109312907
Queue-nominal,0.45,4,4,32,452,803,PPM-3,50,150.0,0.0,1.0220497999999907,-0.24077704870970926,0.27917267616885516,0.14391242710184893,3.552713678800501e-15,0.1762639028844404,2.5440576499351906,0.13983832606633884
Queue-nominal,0.45,4,4,32,452,803,PPM-3,55,165.0,0.0,1.1196259000000026,-0.24048086458516774,0.2697435874159753,0.14323632941029515,2.6645352591003757e-15,0.17625920412487373,2.544554972666528,0.1398168499453097
Queue-nominal,0.45,4,4,32,452,803,PPM-3,60,180.0,0.0,1.2177487999999954,-0.24017444030889828,0.26052823796114505,0.14358260054208732,3.552713678800501e-15,0.17628085516069703,2.544717523287096,0.139786643613666
Queue-nominal,0.45,4,4,32,452,804,QP+G,0,0.0,0.0,1.0899999992375342e-05,-0.2902976644416224,0.45237514325154904,0.2166930778702353,4.440892098500626e-15,0.15384893474812075,2.618832020279724,0.15831780102663107
Queue-nominal,0.45,4,4,32,452,804,QP+G,5,5.0,5.0,0.6724590000000035,-0.2845571671472834,0.4434563858572278,0.20990718439608191,3.552713678800501e-15,0.1561984839190564,2.606443397929967,0.1566202846109456
Queue-nominal,0.45,4,4,32,452,804,QP+G,10,10.0,10.0,1.3436411999999933,-0.2797136186187738,0.4320771854200488,0.19921991322335172,5.329070518200751e-15,0.158214068204478,2.5975881914588403,0.15507076382400456
Queue-nominal,0.45,4,4,32,452,804,QP+G,15,15.0,15.0,2.0237015999999954,-0.2737040933190516,0.4165284043030084,0.18917150664679294,5.329070518200751e-15,0.16100373403619925,2.5869360313018626,0.15284173800054565
Queue-nominal,0.45,4,4,32,452,804,QP+G,20,20.0,20.0,2.701349399999998,-0.26679624111462164,0.39742152923661833,0.18223929608649897,3.552713678800501e-15,0.16443679980264964,2.5749992048280896,0.15003692625903053
Queue-nominal,0.45,4,4,32,452,804,QP+G,25,25.0,25.0,3.432207699999992,-0.25917288002054256,0.37637280285939834,0.17835750022425795,5.329070518200751e-15,0.16837429533176237,2.5617869043019197,0.1467948149681372
Queue-nominal,0.45,4,4,32,452,804,QP+G,30,30.0,30.0,4.180248300000002,-0.2508883864534267,0.3562689960229375,0.17614543228279225,3.552713678800501e-15,0.17269040089313495,2.5464908522011953,0.14328376478048646
Queue-nominal,0.45,4,4,32,452,804,QP+G,35,35.0,35.0,4.952919999999992,-0.24429634855708884,0.33723689774466487,0.17403824692110265,3.552713678800501e-15,0.17603695704605415,2.5323705757147805,0.14068038107422068
Queue-nominal,0.45,4,4,32,452,804,QP+G,40,40.0,40.0,5.693034400000002,-0.2386461095428021,0.32403944358427356,0.1709833214166405,3.552713678800501e-15,0.1788714922973271,2.5200477250446776,0.1384944169108483
Queue-nominal,0.45,4,4,32,452,804,QP+G,45,45.0,45.0,6.484462800000003,-0.23321419731148602,0.3128503061172793,0.16654212015816294,3.552713678800501e-15,0.1815634096720409,2.5087203750434304,0.1363986758519894
Queue-nominal,0.45,4,4,32,452,804,QP+G,50,50.0,50.0,7.195655700000003,-0.22882941143482063,0.3028321228304631,0.16070315244843472,5.329070518200751e-15,0.18374084488920714,2.50142783883066,0.13460505833023192
Queue-nominal,0.45,4,4,32,452,804,QP+G,55,55.0,55.0,7.903413299999997,-0.22595397836605982,0.29761080293483166,0.15374875139642827,2.6645352591003757e-15,0.1851800904813103,2.49911221689819,0.13328768757668008
Queue-nominal,0.45,4,4,32,452,804,QP+G,60,60.0,60.0,8.653490300000001,-0.2244192702708353,0.2943006771123836,0.14619633214301897,4.440892098500626e-15,0.1858464756487479,2.498923526987752,0.1326312334571601
Queue-nominal,0.45,4,4,32,452,804,noG,0,0.0,0.0,6.40000000373675e-06,-0.2902976644416224,0.45237514325154904,0.2166930778702353,4.440892098500626e-15,0.15384893474812075,2.618832020279724,0.15831780102663107
Queue-nominal,0.45,4,4,32,452,804,noG,5,5.0,0.0,0.2863765000000029,-0.2862714724251604,0.44779457533525063,0.21152110161928858,3.552713678800501e-15,0.1552005671981993,2.609666119807439,0.1574485843908833
Queue-nominal,0.45,4,4,32,452,804,noG,10,10.0,0.0,0.6109804000000025,-0.2831256640704766,0.4410630030030999,0.2017478564078679,3.552713678800501e-15,0.15615275272311058,2.60410130111363,0.15678928406038298
Queue-nominal,0.45,4,4,32,452,804,noG,15,15.0,0.0,0.9408933999999931,-0.27823156632253415,0.42942975206495493,0.19169394071612725,7.105427357601002e-15,0.1581890678466765,2.595973079772072,0.155180770060057
Queue-nominal,0.45,4,4,32,452,804,noG,20,20.0,0.0,1.2564512000000008,-0.27203884387368577,0.41345768795887505,0.18502962977995774,3.552713678800501e-15,0.1611327217621793,2.5859604945300916,0.1527640943151844
Queue-nominal,0.45,4,4,32,452,804,noG,25,25.0,0.0,1.5872308000000004,-0.2647548349166504,0.39357259063313893,0.18217580029706434,3.552713678800501e-15,0.16482885979020978,2.573947755367297,0.14970020571677534
Queue-nominal,0.45,4,4,32,452,804,noG,30,30.0,0.0,1.9244190999999944,-0.25702918688403975,0.3727209391322919,0.18168706236191026,3.552713678800501e-15,0.16885283833242912,2.5604181144221774,0.14638831354008824
Queue-nominal,0.45,4,4,32,452,804,noG,35,35.0,0.0,2.250291699999991,-0.25018271424287775,0.35406563231474214,0.18164415840833661,3.552713678800501e-15,0.17240925475742103,2.5471030267075796,0.14353269120533843
Queue-nominal,0.45,4,4,32,452,804,noG,40,40.0,0.0,2.5991672999999906,-0.245125201213241,0.33855098989371035,0.18047440573101056,3.552713678800501e-15,0.17503187630712097,2.5368374195929664,0.14145036476693368
Queue-nominal,0.45,4,4,32,452,804,noG,45,45.0,0.0,2.943250599999999,-0.23979174290514285,0.32750803052435695,0.1773529373104149,3.552713678800501e-15,0.1777275018934779,2.5253453433332966,0.13935958529950698
Queue-nominal,0.45,4,4,32,452,804,noG,50,50.0,0.0,3.266064599999993,-0.23479766197037838,0.31695758789082124,0.17211423831065326,3.552713678800501e-15,0.18023962045511527,2.515762127232754,0.13735184653263435
Queue-nominal,0.45,4,4,32,452,804,noG,55,55.0,0.0,3.629179899999997,-0.23105709379641878,0.31030193712619025,0.16498897768459508,3.552713678800501e-15,0.18215339659188087,2.5112649232939797,0.13567476534001544
Queue-nominal,0.45,4,4,32,452,804,noG,60,60.0,0.0,3.972769900000003,-0.22864086543710027,0.3074139159547465,0.15649006135069604,3.552713678800501e-15,0.18335923285256112,2.510536676035563,0.13450725788240933
Queue-nominal,0.45,4,4,32,452,804,Minimax-PPO,0,0.0,0.0,7.199999998874773e-06,-0.2902976644416224,0.45237514325154904,0.2166930778702353,4.440892098500626e-15,0.15384893474812075,2.618832020279724,0.15831780102663107
Queue-nominal,0.45,4,4,32,452,804,Minimax-PPO,5,5.0,0.0,0.08595629999999232,-0.39408892442577204,0.5769942630714737,0.004033056250098917,7.105427357601002e-15,0.08746547347998299,2.83041261693744,0.21356544141804645
Queue-nominal,0.45,4,4,32,452,804,Minimax-PPO,10,10.0,0.0,0.1786867000000001,-0.38619386788715726,0.6158665935569679,0.068378156866283,5.329070518200751e-15,0.0877715419181789,2.8252521540852737,0.21353097628785994
Queue-nominal,0.45,4,4,32,452,804,Minimax-PPO,15,15.0,0.0,0.26631529999998804,-0.3742029399842173,0.6307008358433139,0.010112860123086362,5.329070518200751e-15,0.09717943501551593,2.8038728991472346,0.2052483071346297
Queue-nominal,0.45,4,4,32,452,804,Minimax-PPO,20,20.0,0.0,0.3524788000000001,-0.3742053598131425,0.6439298943602451,0.0014190462029825303,5.329070518200751e-15,0.09717930203873734,2.803873086365468,0.20524843025781694
Queue-nominal,0.45,4,4,32,452,804,Minimax-PPO,25,25.0,0.0,0.44167629999999747,-0.3742053598131425,0.6534801741804754,8.074626536663696e-08,5.329070518200751e-15,0.09717930203873736,2.8038730863654684,0.20524843025781694
Queue-nominal,0.45,4,4,32,452,804,Minimax-PPO,30,30.0,0.0,0.538152299999993,-0.3742053598131423,0.653480174324705,7.972648100119808e-15,5.329070518200751e-15,0.09717930203873755,2.803873086365469,0.20524843025781686
Queue-nominal,0.45,4,4,32,452,804,Minimax-PPO,35,35.0,0.0,0.628900999999999,-0.44723538162335663,0.7265101961349193,2.661994457170497e-09,4.440892098500626e-15,0.055522927880574495,2.92079271339971,0.24075113983523075
Queue-nominal,0.45,4,4,32,452,804,Minimax-PPO,40,40.0,0.0,0.7239413999999869,-0.44279293368781514,0.7220677481993778,7.582385131822251e-07,4.440892098500626e-15,0.05469839728146381,2.9227809699799954,0.2414710253511685
Queue-nominal,0.45,4,4,32,452,804,Minimax-PPO,45,45.0,0.0,0.8242052999999885,-0.44272326797215206,0.7219980824837147,3.3342479463441283e-13,4.440892098500626e-15,0.05471926106931579,2.922677935908268,0.24145558440919693
Queue-nominal,0.45,4,4,32,452,804,Minimax-PPO,50,50.0,0.0,0.9174265999999989,-0.44272326797215095,0.7219980824837136,3.099589484328758e-17,4.440892098500626e-15,0.054719261069315774,2.922677935908268,0.24145558440919693
Queue-nominal,0.45,4,4,32,452,804,Minimax-PPO,55,55.0,0.0,1.0076662999999968,-0.44272326797215095,0.7219980824837136,3.099589601528665e-17,4.440892098500626e-15,0.054719261069315774,2.922677935908268,0.24145558440919693
Queue-nominal,0.45,4,4,32,452,804,Minimax-PPO,60,60.0,0.0,1.0948583999999926,-0.44272326797215095,0.7219980824837136,3.0995897187286e-17,4.440892098500626e-15,0.054719261069315774,2.922677935908268,0.24145558440919693
Queue-nominal,0.45,4,4,32,452,804,GDA,0,0.0,0.0,7.400000001211993e-06,-0.2902976644416224,0.45237514325154904,0.2166930778702353,4.440892098500626e-15,0.15384893474812075,2.618832020279724,0.15831780102663107
Queue-nominal,0.45,4,4,32,452,804,GDA,5,5.0,0.0,0.04819130000001337,-0.2862714724251604,0.44779457533525063,0.21152110161928858,3.552713678800501e-15,0.1552005671981993,2.609666119807439,0.1574485843908833
Queue-nominal,0.45,4,4,32,452,804,GDA,10,10.0,0.0,0.09509820000000957,-0.2831256640704766,0.4410630030030999,0.2017478564078679,3.552713678800501e-15,0.15615275272311058,2.60410130111363,0.15678928406038298
Queue-nominal,0.45,4,4,32,452,804,GDA,15,15.0,0.0,0.1479899000000131,-0.27823156632253415,0.42942975206495493,0.19169394071612725,7.105427357601002e-15,0.1581890678466765,2.595973079772072,0.155180770060057
Queue-nominal,0.45,4,4,32,452,804,GDA,20,20.0,0.0,0.20581760000000315,-0.27203884387368577,0.41345768795887505,0.18502962977995774,3.552713678800501e-15,0.1611327217621793,2.5859604945300916,0.1527640943151844
Queue-nominal,0.45,4,4,32,452,804,GDA,25,25.0,0.0,0.25129440000000614,-0.2647548349166504,0.39357259063313893,0.18217580029706434,3.552713678800501e-15,0.16482885979020978,2.573947755367297,0.14970020571677534
Queue-nominal,0.45,4,4,32,452,804,GDA,30,30.0,0.0,0.3056685000000101,-0.25702918688403975,0.3727209391322919,0.18168706236191026,3.552713678800501e-15,0.16885283833242912,2.5604181144221774,0.14638831354008824
Queue-nominal,0.45,4,4,32,452,804,GDA,35,35.0,0.0,0.3577801000000136,-0.25018271424287775,0.35406563231474214,0.18164415840833661,3.552713678800501e-15,0.17240925475742103,2.5471030267075796,0.14353269120533843
Queue-nominal,0.45,4,4,32,452,804,GDA,40,40.0,0.0,0.41525030000001095,-0.245125201213241,0.33855098989371035,0.18047440573101056,3.552713678800501e-15,0.17503187630712097,2.5368374195929664,0.14145036476693368
Queue-nominal,0.45,4,4,32,452,804,GDA,45,45.0,0.0,0.47146520000001146,-0.23979174290514285,0.32750803052435695,0.1773529373104149,3.552713678800501e-15,0.1777275018934779,2.5253453433332966,0.13935958529950698
Queue-nominal,0.45,4,4,32,452,804,GDA,50,50.0,0.0,0.5191304000000088,-0.23479766197037838,0.31695758789082124,0.17211423831065326,3.552713678800501e-15,0.18023962045511527,2.515762127232754,0.13735184653263435
Queue-nominal,0.45,4,4,32,452,804,GDA,55,55.0,0.0,0.5702402000000006,-0.23105709379641878,0.31030193712619025,0.16498897768459508,3.552713678800501e-15,0.18215339659188087,2.5112649232939797,0.13567476534001544
Queue-nominal,0.45,4,4,32,452,804,GDA,60,60.0,0.0,0.6247531000000066,-0.22864086543710027,0.3074139159547465,0.15649006135069604,3.552713678800501e-15,0.18335923285256112,2.510536676035563,0.13450725788240933
Queue-nominal,0.45,4,4,32,452,804,EGM,0,0.0,0.0,5.999999999062311e-06,-0.2902976644416224,0.45237514325154904,0.2166930778702353,4.440892098500626e-15,0.15384893474812075,2.618832020279724,0.15831780102663107
Queue-nominal,0.45,4,4,32,452,804,EGM,5,5.0,0.0,0.06630079999999339,-0.28589574430000525,0.4468538116768702,0.21116280808770418,3.552713678800501e-15,0.15542053477590728,2.6089587077121825,0.15726584902871493
Queue-nominal,0.45,4,4,32,452,804,EGM,10,10.0,0.0,0.13899250000000052,-0.28236337031601094,0.4390990144668958,0.20119455452869967,3.552713678800501e-15,0.15661614716695213,2.602640683276071,0.15640276423957072
Queue-nominal,0.45,4,4,32,452,804,EGM,15,15.0,0.0,0.2122808999999961,-0.2772152287608617,0.42660707957066785,0.19115590620761605,3.552713678800501e-15,0.1588236685559416,2.5939325195111205,0.1546535672592627
Queue-nominal,0.45,4,4,32,452,804,EGM,20,20.0,0.0,0.29008179999999584,-0.27087497104122416,0.4099583902023596,0.1844305369592098,3.552713678800501e-15,0.16186781330098768,2.5835066621421188,0.15215815184942696
Queue-nominal,0.45,4,4,32,452,804,EGM,25,25.0,0.0,0.36220199999999636,-0.26351472585081487,0.38957670223978197,0.18135336836115265,3.552713678800501e-15,0.16561576699438033,2.5712239307842513,0.14905665770118576
Queue-nominal,0.45,4,4,32,452,804,EGM,30,30.0,0.0,0.42819329999998956,-0.25561828849552815,0.3690798209844448,0.18050290910564284,5.329070518200751e-15,0.16972973727585497,2.5572558210196603,0.14567785109153178
Queue-nominal,0.45,4,4,32,452,804,EGM,35,35.0,0.0,0.502598699999993,-0.24886901045415377,0.3503264352677402,0.18001565674544578,3.552713678800501e-15,0.17321763194707443,2.5438166006554086,0.14289728380790437
Queue-nominal,0.45,4,4,32,452,804,EGM,40,40.0,0.0,0.5654834999999991,-0.2436117562464452,0.3352744403735194,0.17842296245739986,3.552713678800501e-15,0.1759244763094313,2.5329586266023605,0.1407619117641289
Queue-nominal,0.45,4,4,32,452,804,EGM,45,45.0,0.0,0.6385621000000015,-0.23816947324005155,0.32413390737686637,0.1749946845819577,3.552713678800501e-15,0.17866292772386502,2.5213201432083596,0.1386360121072744
Queue-nominal,0.45,4,4,32,452,804,EGM,50,50.0,0.0,0.7015627999999907,-0.23329638417847706,0.313633051337437,0.16960537804132275,2.6645352591003757e-15,0.1811060897657257,2.512165517215225,0.1366746724861051
Queue-nominal,0.45,4,4,32,452,804,EGM,55,55.0,0.0,0.7660178000000002,-0.22972135997206564,0.3074194096039634,0.16249859477063514,2.6645352591003757e-15,0.18292897078131623,2.508159355813954,0.13506264207058077
Queue-nominal,0.45,4,4,32,452,804,EGM,60,60.0,0.0,0.8394242999999904,-0.22729331249432233,0.30426838669631606,0.15419462919208723,5.329070518200751e-15,0.18413318327949268,2.5073350721798526,0.13390181292156786
Queue-nominal,0.45,4,4,32,452,804,PPM-3,0,0.0,0.0,7.30000000714881e-06,-0.2902976644416224,0.45237514325154904,0.2166930778702353,4.440892098500626e-15,0.15384893474812075,2.618832020279724,0.15831780102663107
Queue-nominal,0.45,4,4,32,452,804,PPM-3,5,15.0,0.0,0.09714800000000423,-0.2858954915859348,0.4468440558705995,0.21116411954740194,3.552713678800501e-15,0.1554209066109966,2.608957160591372,0.15726555862103708
Queue-nominal,0.45,4,4,32,452,804,PPM-3,10,30.0,0.0,0.20840230000000304,-0.28236990851363325,0.43909789601501525,0.2012041699477378,5.329070518200751e-15,0.156612494750183,2.602647765169369,0.15640604392511387
Queue-nominal,0.45,4,4,32,452,804,PPM-3,15,45.0,0.0,0.311737700000009,-0.27723173167788406,0.42662441658548883,0.19116719000791454,3.552713678800501e-15,0.1588136340534407,2.5939533107197157,0.15466250748762708
Queue-nominal,0.45,4,4,32,452,804,PPM-3,20,60.0,0.0,0.41201920000000314,-0.2708992228868561,0.4099946792584491,0.1844389752883055,5.329070518200751e-15,0.1618526613853809,2.5835378572499694,0.15217166191725248
Queue-nominal,0.45,4,4,32,452,804,PPM-3,25,75.0,0.0,0.5242115000000069,-0.2635406932523156,0.389626701374328,0.18136108661554945,3.552713678800501e-15,0.16559930287770963,2.5712580367235995,0.14907132676841703
Queue-nominal,0.45,4,4,32,452,804,PPM-3,30,90.0,0.0,0.6389089000000041,-0.25563205829974744,0.3691022646704776,0.18051262520622202,3.552713678800501e-15,0.16971984316769553,2.5572721352242445,0.1456868865573446
Queue-nominal,0.45,4,4,32,452,804,PPM-3,35,105.0,0.0,0.7560524000000015,-0.24888077857976598,0.3503485755205139,0.18002899154280708,2.6645352591003757e-15,0.17320877507482105,2.5438285534255236,0.14290551158699388
Queue-nominal,0.45,4,4,32,452,804,PPM-3,40,120.0,0.0,0.8657938999999999,-0.24361630190873343,0.3352767188351233,0.17844035265024286,3.552713678800501e-15,0.17591945131446934,2.5329573334051005,0.1407670048221043
Queue-nominal,0.45,4,4,32,452,804,PPM-3,45,135.0,0.0,0.9694913000000014,-0.23817384483602855,0.3241333715296866,0.17501502476058997,3.552713678800501e-15,0.17865824298034713,2.521321742893658,0.1386406126568295
Queue-nominal,0.45,4,4,32,452,804,PPM-3,50,150.0,0.0,1.0779995000000042,-0.23329593185518346,0.3136292990085876,0.16962649524881723,3.552713678800501e-15,0.1811040132757868,2.5121576878682834,0.13667716104693545
Queue-nominal,0.45,4,4,32,452,804,PPM-3,55,165.0,0.0,1.194507999999999,-0.22971885254435914,0.30739949005543804,0.16251814738564424,4.440892098500626e-15,0.1829281330172902,2.5081483897103705,0.1350640569979536
Queue-nominal,0.45,4,4,32,452,804,PPM-3,60,180.0,0.0,1.2959909000000067,-0.22728572620759196,0.3042480240808346,0.15421053851050726,3.552713678800501e-15,0.1841354010690235,2.5073200923308385,0.13390038354514308
Queue-nominal,0.45,4,4,32,452,805,QP+G,0,0.0,0.0,7.499999995275175e-06,-0.26139254695075675,0.4065645151067291,0.19926789558513472,5.329070518200751e-15,0.17055325300947335,2.562454352412301,0.14458072844251166
Queue-nominal,0.45,4,4,32,452,805,QP+G,5,5.0,5.0,0.6807651999999962,-0.24809491978489534,0.38154377160397135,0.1971834679037594,3.552713678800501e-15,0.1772405421658691,2.5370138252286907,0.139232414401042
Queue-nominal,0.45,4,4,32,452,805,QP+G,10,10.0,10.0,1.388020499999996,-0.24055718033063678,0.3602225540046293,0.1930290115219101,3.552713678800501e-15,0.18076364682071736,2.521490376291523,0.13652633337446568
Queue-nominal,0.45,4,4,32,452,805,QP+G,15,15.0,15.0,2.0459202999999917,-0.23661975721038242,0.34100440039696744,0.18722953308146337,3.552713678800501e-15,0.18243213599965943,2.514530919149372,0.13522413141353187
Queue-nominal,0.45,4,4,32,452,805,QP+G,20,20.0,20.0,2.7398483999999996,-0.23588793135674735,0.3240889306407492,0.18031468750319934,3.552713678800501e-15,0.18245900165545342,2.5148135162992844,0.1351823922235319
Queue-nominal,0.45,4,4,32,452,805,QP+G,25,25.0,25.0,3.4725337999999937,-0.23604330820708452,0.3077209890563738,0.17282374290972116,3.552713678800501e-15,0.182052236662307,2.5176111233642398,0.13544191473957543
Queue-nominal,0.45,4,4,32,452,805,QP+G,30,30.0,30.0,4.227625099999997,-0.236921331111824,0.293964521584355,0.16519658687421387,5.329070518200751e-15,0.18123934278492868,2.521372076519282,0.1360568637140565
Queue-nominal,0.45,4,4,32,452,805,QP+G,35,35.0,35.0,4.964132500000005,-0.2379403150917053,0.2832287622578584,0.15775998846932815,4.440892098500626e-15,0.18031444614752432,2.524745708934179,0.1368042007506772
Queue-nominal,0.45,4,4,32,452,805,QP+G,40,40.0,40.0,5.6584182,-0.23807415837110324,0.27324434046321106,0.15074662878843847,5.329070518200751e-15,0.17985032434708467,2.5262926234081258,0.13718690599985617
Queue-nominal,0.45,4,4,32,452,805,QP+G,45,45.0,45.0,6.369385100000002,-0.23749810938252675,0.2640489603719643,0.1443103854478562,5.329070518200751e-15,0.17976694289123327,2.526367526835923,0.13726634517003403
Queue-nominal,0.45,4,4,32,452,805,QP+G,50,50.0,50.0,7.100040899999996,-0.2363595798057941,0.2552492350024151,0.13853882711630183,3.552713678800501e-15,0.17999832468344046,2.5252431317237263,0.13709414206794213
Queue-nominal,0.45,4,4,32,452,805,QP+G,55,55.0,55.0,7.835435700000005,-0.23477548331223352,0.24660455355402763,0.13346424226914627,7.105427357601002e-15,0.18049306850589933,2.5231185669978955,0.13671121744157988
Queue-nominal,0.45,4,4,32,452,805,QP+G,60,60.0,60.0,8.564775499999996,-0.23282995102161402,0.23804535516477204,0.12907234282286623,5.329070518200751e-15,0.18121443175901966,2.52012620647315,0.1361473468476564
Queue-nominal,0.45,4,4,32,452,805,noG,0,0.0,0.0,6.399999989525895e-06,-0.26139254695075675,0.4065645151067291,0.19926789558513472,5.329070518200751e-15,0.17055325300947335,2.562454352412301,0.14458072844251166
Queue-nominal,0.45,4,4,32,452,805,noG,5,5.0,0.0,0.29833469999999807,-0.24845620328851856,0.3842890476680796,0.19844505595152231,3.552713678800501e-15,0.17704356427378046,2.5379012414539006,0.1393826861760152
Queue-nominal,0.45,4,4,32,452,805,noG,10,10.0,0.0,0.6408168999999901,-0.24115971768729855,0.36505442878289995,0.19535183732093478,3.552713678800501e-15,0.18042061064645173,2.523267663565786,0.13677582811324374
Queue-nominal,0.45,4,4,32,452,805,noG,15,15.0,0.0,1.0107481000000007,-0.2373829915872473,0.3472030750340044,0.19037315167252689,1.7763568394002505e-15,0.18197468857795351,2.5171752646239898,0.135542402757626
Queue-nominal,0.45,4,4,32,452,805,noG,20,20.0,0.0,1.349919700000001,-0.23733031754903844,0.33152181279614196,0.18399593267169131,3.552713678800501e-15,0.18159283283713187,2.518882823466526,0.13583438698041952
Queue-nominal,0.45,4,4,32,452,805,noG,25,25.0,0.0,1.7127744999999948,-0.23829880549059457,0.31594767832204007,0.17676728840361897,3.552713678800501e-15,0.1807253791996045,2.5236866663619195,0.13644900678134697
Queue-nominal,0.45,4,4,32,452,805,noG,30,30.0,0.0,2.0513112999999947,-0.24054638487379032,0.30247346648301765,0.1691371825444416,3.552713678800501e-15,0.1791343008850528,2.529907845603328,0.13771265460950907
Queue-nominal,0.45,4,4,32,452,805,noG,35,35.0,0.0,2.3791353999999956,-0.24205849746795985,0.2916381484993833,0.16144726136766677,5.329070518200751e-15,0.1779070464140666,2.5343729795384795,0.13870490203127647
Queue-nominal,0.45,4,4,32,452,805,noG,40,40.0,0.0,2.692068599999999,-0.24262860852892726,0.2822873277187216,0.1539966205490168,6.217248937900877e-15,0.17717190898748864,2.5369033147324163,0.13930686392133146
Queue-nominal,0.45,4,4,32,452,805,noG,45,45.0,0.0,3.0222167000000013,-0.24244913613822655,0.2743163971104805,0.14705755570311185,5.329070518200751e-15,0.17683830851474577,2.537906048425357,0.13958768893655193
Queue-nominal,0.45,4,4,32,452,805,noG,50,50.0,0.0,3.350447299999999,-0.24168361293286122,0.2671389618937575,0.1408461963865573,2.6645352591003757e-15,0.17683077428711808,2.5376959372780363,0.13960628164561717
Queue-nominal,0.45,4,4,32,452,805,noG,55,55.0,0.0,3.6844911999999965,-0.24046737164336104,0.26048021514686615,0.13549257084667884,3.552713678800501e-15,0.17708841238958672,2.536510112562954,0.1394110553702581
Queue-nominal,0.45,4,4,32,452,805,noG,60,60.0,0.0,4.029423699999995,-0.23890586242327044,0.2538693635316427,0.1310265626757943,2.6645352591003757e-15,0.17756462088809066,2.534518826631952,0.13903965139443844
Queue-nominal,0.45,4,4,32,452,805,Minimax-PPO,0,0.0,0.0,9.700000006773735e-06,-0.26139254695075675,0.4065645151067291,0.19926789558513472,5.329070518200751e-15,0.17055325300947335,2.562454352412301,0.14458072844251166
Queue-nominal,0.45,4,4,32,452,805,Minimax-PPO,5,5.0,0.0,0.0932634000000121,-0.31361370231262503,0.5155680233693885,0.045773853890639385,3.552713678800501e-15,0.12800294280828212,2.6917806826172135,0.1803243896855491
Queue-nominal,0.45,4,4,32,452,805,Minimax-PPO,10,10.0,0.0,0.23264760000000706,-0.3574472632379116,0.589323002120933,0.1660799761986622,5.329070518200751e-15,0.10682120679965901,2.8276020006339526,0.1943576352722381
Queue-nominal,0.45,4,4,32,452,805,Minimax-PPO,15,15.0,0.0,0.34688830000000337,-0.4667016191678904,0.6642811818555738,0.21850713845187497,5.329070518200751e-15,0.04472443856524002,2.947126221306197,0.2501636550502234
Queue-nominal,0.45,4,4,32,452,805,Minimax-PPO,20,20.0,0.0,0.43714740000000063,-0.3810807505956423,0.6151359217175996,0.03987213643460334,7.105427357601002e-15,0.09256621596930154,2.8057289026876795,0.20976384178397894
Queue-nominal,0.45,4,4,32,452,805,Minimax-PPO,25,25.0,0.0,0.5173375000000107,-0.3653494126081673,0.5455234615806368,0.017613724420802192,7.105427357601002e-15,0.09979241937759016,2.792929249120182,0.20321130435292709
Queue-nominal,0.45,4,4,32,452,805,Minimax-PPO,30,30.0,0.0,0.6044685000000101,-0.43474069806736104,0.6322707682840332,0.3794131900556937,7.105427357601002e-15,0.06329130893397025,2.896932516231967,0.23423855863276832
Queue-nominal,0.45,4,4,32,452,805,Minimax-PPO,35,35.0,0.0,0.6941693000000129,-0.32937465368417707,0.49006149106105734,0.0635389634121222,3.552713678800501e-15,0.12227359468321286,2.753469308692647,0.1828069680171741
Queue-nominal,0.45,4,4,32,452,805,Minimax-PPO,40,40.0,0.0,0.7889023000000037,-0.3356799401814055,0.4692961507169079,0.016769929294197145,3.552713678800501e-15,0.12073640971390355,2.7457811407328623,0.18474879340541878
Queue-nominal,0.45,4,4,32,452,805,Minimax-PPO,45,45.0,0.0,0.8678143000000063,-0.3168224201036698,0.49996618307661234,0.00012120965571927816,3.552713678800501e-15,0.12771564531542073,2.7074617656102284,0.17978636702088277
Queue-nominal,0.45,4,4,32,452,805,Minimax-PPO,50,50.0,0.0,0.9557484000000045,-0.3168224201036698,0.49997295490656735,1.5432423167235431e-12,3.552713678800501e-15,0.12771564531542073,2.7074617656102284,0.17978636702088277
Queue-nominal,0.45,4,4,32,452,805,Minimax-PPO,55,55.0,0.0,1.045220300000011,-0.3168224201036698,0.49997295490656735,1.549482334326671e-12,3.552713678800501e-15,0.12771564531542073,2.7074617656102284,0.17978636702088277
Queue-nominal,0.45,4,4,32,452,805,Minimax-PPO,60,60.0,0.0,1.1199834000000095,-0.3168224201036698,0.49997295490656735,1.5559192281905423e-12,3.552713678800501e-15,0.12771564531542073,2.7074617656102284,0.17978636702088277
Queue-nominal,0.45,4,4,32,452,805,GDA,0,0.0,0.0,6.600000006073969e-06,-0.26139254695075675,0.4065645151067291,0.19926789558513472,5.329070518200751e-15,0.17055325300947335,2.562454352412301,0.14458072844251166
Queue-nominal,0.45,4,4,32,452,805,GDA,5,5.0,0.0,0.05800390000000277,-0.24845620328851856,0.3842890476680796,0.19844505595152231,3.552713678800501e-15,0.17704356427378046,2.5379012414539006,0.1393826861760152
Queue-nominal,0.45,4,4,32,452,805,GDA,10,10.0,0.0,0.10943579999999997,-0.24115971768729855,0.36505442878289995,0.19535183732093478,3.552713678800501e-15,0.18042061064645173,2.523267663565786,0.13677582811324374
Queue-nominal,0.45,4,4,32,452,805,GDA,15,15.0,0.0,0.15674610000000655,-0.2373829915872473,0.3472030750340044,0.19037315167252689,1.7763568394002505e-15,0.18197468857795351,2.5171752646239898,0.135542402757626
Queue-nominal,0.45,4,4,32,452,805,GDA,20,20.0,0.0,0.20771369999999933,-0.23733031754903844,0.33152181279614196,0.18399593267169131,3.552713678800501e-15,0.18159283283713187,2.518882823466526,0.13583438698041952
Queue-nominal,0.45,4,4,32,452,805,GDA,25,25.0,0.0,0.2527838000000031,-0.23829880549059457,0.31594767832204007,0.17676728840361897,3.552713678800501e-15,0.1807253791996045,2.5236866663619195,0.13644900678134697
Queue-nominal,0.45,4,4,32,452,805,GDA,30,30.0,0.0,0.3078744000000029,-0.24054638487379032,0.30247346648301765,0.1691371825444416,3.552713678800501e-15,0.1791343008850528,2.529907845603328,0.13771265460950907
Queue-nominal,0.45,4,4,32,452,805,GDA,35,35.0,0.0,0.35233359999999436,-0.24205849746795985,0.2916381484993833,0.16144726136766677,5.329070518200751e-15,0.1779070464140666,2.5343729795384795,0.13870490203127647
Queue-nominal,0.45,4,4,32,452,805,GDA,40,40.0,0.0,0.3986261999999954,-0.24262860852892726,0.2822873277187216,0.1539966205490168,6.217248937900877e-15,0.17717190898748864,2.5369033147324163,0.13930686392133146
Queue-nominal,0.45,4,4,32,452,805,GDA,45,45.0,0.0,0.44939100000000565,-0.24244913613822655,0.2743163971104805,0.14705755570311185,5.329070518200751e-15,0.17683830851474577,2.537906048425357,0.13958768893655193
Queue-nominal,0.45,4,4,32,452,805,GDA,50,50.0,0.0,0.5047414000000003,-0.24168361293286122,0.2671389618937575,0.1408461963865573,2.6645352591003757e-15,0.17683077428711808,2.5376959372780363,0.13960628164561717
Queue-nominal,0.45,4,4,32,452,805,GDA,55,55.0,0.0,0.5497526999999991,-0.24046737164336104,0.26048021514686615,0.13549257084667884,3.552713678800501e-15,0.17708841238958672,2.536510112562954,0.1394110553702581
Queue-nominal,0.45,4,4,32,452,805,GDA,60,60.0,0.0,0.5939663000000053,-0.23890586242327044,0.2538693635316427,0.1310265626757943,2.6645352591003757e-15,0.17756462088809066,2.534518826631952,0.13903965139443844
Queue-nominal,0.45,4,4,32,452,805,EGM,0,0.0,0.0,8.100000002286833e-06,-0.26139254695075675,0.4065645151067291,0.19926789558513472,5.329070518200751e-15,0.17055325300947335,2.562454352412301,0.14458072844251166
Queue-nominal,0.45,4,4,32,452,805,EGM,5,5.0,0.0,0.06564670000000206,-0.24838516155432733,0.38371339477526345,0.19817808490828948,2.6645352591003757e-15,0.17708282923269839,2.537722089186174,0.13935285028381872
Queue-nominal,0.45,4,4,32,452,805,EGM,10,10.0,0.0,0.13474279999999794,-0.2410368096419475,0.36404113556318973,0.1948669135074538,3.552713678800501e-15,0.18049212833040854,2.5228930182515086,0.1367240286037229
Queue-nominal,0.45,4,4,32,452,805,EGM,15,15.0,0.0,0.20035439999999483,-0.23721224772864813,0.34589466362339866,0.1897254846902064,4.440892098500626e-15,0.18207737007890454,2.5165741935175148,0.1354713565780687
Queue-nominal,0.45,4,4,32,452,805,EGM,20,20.0,0.0,0.2733228999999966,-0.23702451491880766,0.329970351844883,0.1832462766925072,3.552713678800501e-15,0.18177856680096544,2.517994873873009,0.13569538720571844
Queue-nominal,0.45,4,4,32,452,805,EGM,25,25.0,0.0,0.3357165999999978,-0.23783166636700068,0.31425022620983006,0.17597064425755085,4.440892098500626e-15,0.18100409225287287,2.522411075382608,0.13623743009541103
Queue-nominal,0.45,4,4,32,452,805,EGM,30,30.0,0.0,0.4053633999999988,-0.23979856748652176,0.30069372973525565,0.16834707768219498,3.552713678800501e-15,0.17957307643187534,2.528134295955945,0.13736722378096966
Queue-nominal,0.45,4,4,32,452,805,EGM,35,35.0,0.0,0.4657445999999936,-0.24122050697974448,0.28995772955879423,0.16072007422079768,3.552713678800501e-15,0.17840222725392982,2.532400761341674,0.13831352214913978
Queue-nominal,0.45,4,4,32,452,805,EGM,40,40.0,0.0,0.5303282999999936,-0.2417122224395268,0.2804937881601867,0.15337951786253365,3.552713678800501e-15,0.1777168066685715,2.5347551236891435,0.13887502892673645
Queue-nominal,0.45,4,4,32,452,805,EGM,45,45.0,0.0,0.5987095999999923,-0.24146198350117629,0.27227068710038965,0.14657246367606067,3.552713678800501e-15,0.17742884689483168,2.5355921787255546,0.1391189331722449
Queue-nominal,0.45,4,4,32,452,805,EGM,50,50.0,0.0,0.6725617000000028,-0.24063005872526413,0.2647177023513474,0.14048391974586102,3.552713678800501e-15,0.17746491224509645,2.53521793347722,0.13910256494031248
Queue-nominal,0.45,4,4,32,452,805,EGM,55,55.0,0.0,0.7396729000000022,-0.2393481692380862,0.257599881395445,0.13521753862352204,3.552713678800501e-15,0.17776605174536933,2.533862062316048,0.13887278708010203
Queue-nominal,0.45,4,4,32,452,805,EGM,60,60.0,0.0,0.8218676999999985,-0.23771729615012122,0.25045691935105074,0.13078910826274232,5.329070518200751e-15,0.17828778632731546,2.5316870983827124,0.13846552428412034
Queue-nominal,0.45,4,4,32,452,805,PPM-3,0,0.0,0.0,6.599999991863115e-06,-0.26139254695075675,0.4065645151067291,0.19926789558513472,5.329070518200751e-15,0.17055325300947335,2.562454352412301,0.14458072844251166
Queue-nominal,0.45,4,4,32,452,805,PPM-3,5,15.0,0.0,0.11336139999998807,-0.24838446748251167,0.38372265184137966,0.19818259217581063,5.329070518200751e-15,0.17708329590547728,2.537719789969363,0.13935250462245152
Queue-nominal,0.45,4,4,32,452,805,PPM-3,10,30.0,0.0,0.21292509999999254,-0.24103421301822284,0.3640597540284185,0.1948764209983083,5.329070518200751e-15,0.18049367925611287,2.5228871033062115,0.13672278899092882
Queue-nominal,0.45,4,4,32,452,805,PPM-3,15,45.0,0.0,0.3291467999999895,-0.2372062326001414,0.3459202383234894,0.18973975563190332,3.552713678800501e-15,0.18208065795884604,2.51656121877027,0.13546875157956068
Queue-nominal,0.45,4,4,32,452,805,PPM-3,20,60.0,0.0,0.44820139999998787,-0.23701775883773757,0.33000319018458724,0.1832646067220915,3.552713678800501e-15,0.18178214698766157,2.517980681663137,0.13569255397743674
Queue-nominal,0.45,4,4,32,452,805,PPM-3,25,75.0,0.0,0.5530353999999988,-0.23782503885029738,0.3142879772181626,0.17599213600951166,5.329070518200751e-15,0.1810075190275395,2.5223983880141034,0.13623467107698115
Queue-nominal,0.45,4,4,32,452,805,PPM-3,30,90.0,0.0,0.6649684999999863,-0.2397940680895144,0.3007276538074578,0.16837073989651533,3.552713678800501e-15,0.17957522760195596,2.528125732838537,0.1373655233012788
Queue-nominal,0.45,4,4,32,452,805,PPM-3,35,105.0,0.0,0.7712452999999897,-0.24121771568947453,0.2899777066998695,0.16074459209737066,3.552713678800501e-15,0.1784033624663398,2.532396208508982,0.1383126265595034
Queue-nominal,0.45,4,4,32,452,805,PPM-3,40,120.0,0.0,0.8732484999999883,-0.24171116362296854,0.280507519631778,0.1534033021152248,3.552713678800501e-15,0.17771692008789472,2.534754521491885,0.13887494720200577
Queue-nominal,0.45,4,4,32,452,805,PPM-3,45,135.0,0.0,0.9771247999999986,-0.2414627211281568,0.27227944937571796,0.1465940890641809,3.552713678800501e-15,0.17742791466485494,2.5355956012977545,0.13911968526684224
Queue-nominal,0.45,4,4,32,452,805,PPM-3,50,150.0,0.0,1.0891482999999909,-0.240632681325206,0.26471993290947204,0.14050250902390019,3.552713678800501e-15,0.1774628957319588,2.535225559672503,0.13910418007475167
Queue-nominal,0.45,4,4,32,452,805,PPM-3,55,165.0,0.0,1.2044109999999932,-0.2393527697444995,0.2576013338624923,0.13523284909827618,3.552713678800501e-15,0.17776290656448065,2.5338741223913814,0.13887529752018316
Queue-nominal,0.45,4,4,32,452,805,PPM-3,60,180.0,0.0,1.3180190999999866,-0.23772397271005064,0.25045452939466717,0.1308014008647701,3.552713678800501e-15,0.17828346343645426,2.531703852831578,0.13846896536188383
Queue-nominal,0.45,4,4,32,452,806,QP+G,0,0.0,0.0,9.300000002099296e-06,-0.2972873443239575,0.44644054564310764,0.15379775329425546,4.440892098500626e-15,0.1523591933938247,2.632853781209262,0.15906955496358327
Queue-nominal,0.45,4,4,32,452,806,QP+G,5,5.0,5.0,0.7199547000000024,-0.2813594980567599,0.4311196866625966,0.15795954686281846,3.552713678800501e-15,0.16071178027784286,2.6027011793571813,0.15230394712441137
Queue-nominal,0.45,4,4,32,452,806,QP+G,10,10.0,10.0,1.3787980999999974,-0.27875069955728377,0.42740894108139704,0.1579581634477301,5.329070518200751e-15,0.16206890483225472,2.5976290459823628,0.15121377695814794
Queue-nominal,0.45,4,4,32,452,806,QP+G,15,15.0,15.0,2.045435800000007,-0.2765195906763196,0.4240354741487583,0.15784087288152537,3.552713678800501e-15,0.16322784296930304,2.5932816616132803,0.15028364852473539
Queue-nominal,0.45,4,4,32,452,806,QP+G,20,20.0,20.0,2.676368400000001,-0.2743194857325944,0.4206837166492287,0.15774056049170607,5.329070518200751e-15,0.16436211619243252,2.5888727518724455,0.14938142318270292
Queue-nominal,0.45,4,4,32,452,806,QP+G,25,25.0,25.0,3.3159710000000047,-0.2721529235453819,0.4173561289694926,0.15765738161317572,5.329070518200751e-15,0.16547470254284688,2.5844646030518827,0.14850084466494848
Queue-nominal,0.45,4,4,32,452,806,QP+G,30,30.0,30.0,3.9924825000000084,-0.27003775998442414,0.414070484273954,0.1575914359642216,3.552713678800501e-15,0.16655943718667035,2.5801549102470855,0.14764293595822037
Queue-nominal,0.45,4,4,32,452,806,QP+G,35,35.0,35.0,4.6793830999999955,-0.2679210954297926,0.41077379647374457,0.15754276778524973,3.552713678800501e-15,0.16764701645744007,2.5759054831046377,0.14677901074757943
Queue-nominal,0.45,4,4,32,452,806,QP+G,40,40.0,40.0,5.341852400000008,-0.26578922153349244,0.40745226755606234,0.15751136612192357,7.105427357601002e-15,0.16873976926875686,2.571603410231523,0.14591268282432118
Queue-nominal,0.45,4,4,32,452,806,QP+G,45,45.0,45.0,6.064758400000002,-0.2636576114817935,0.40412127847474594,0.15749716524026125,3.552713678800501e-15,0.16982997964066376,2.5672804065027535,0.14504999896445508
Queue-nominal,0.45,4,4,32,452,806,QP+G,50,50.0,50.0,6.816801100000006,-0.26154555702184695,0.40080002686789046,0.15750004516080834,7.105427357601002e-15,0.17090643616806503,2.562964932102752,0.14420067266863254
Queue-nominal,0.45,4,4,32,452,806,QP+G,55,55.0,55.0,7.470289100000002,-0.25944742989539843,0.3974827892478251,0.1575198322986052,3.552713678800501e-15,0.17197614183553275,2.558697482753025,0.14335556959851925
Queue-nominal,0.45,4,4,32,452,806,QP+G,60,60.0,60.0,8.156322900000006,-0.25734342920983666,0.3941496691963666,0.15755630019538494,3.552713678800501e-15,0.17304426289685937,2.5543683240048924,0.14251529899762055
Queue-nominal,0.45,4,4,32,452,806,noG,0,0.0,0.0,7.199999998874773e-06,-0.2972873443239575,0.44644054564310764,0.15379775329425546,4.440892098500626e-15,0.1523591933938247,2.632853781209262,0.15906955496358327
Queue-nominal,0.45,4,4,32,452,806,noG,5,5.0,0.0,0.29505530000000135,-0.28271658738831024,0.4336348941185427,0.1583895837202922,5.329070518200751e-15,0.16000130375783145,2.6053174224619933,0.15287672663890628
Queue-nominal,0.45,4,4,32,452,806,noG,10,10.0,0.0,0.5947005000000019,-0.2813789863569382,0.4323964443869053,0.1588289623652516,3.552713678800501e-15,0.16069604441649257,2.6027090008357767,0.15231927132899395
Queue-nominal,0.45,4,4,32,452,806,noG,15,15.0,0.0,0.8970680000000044,-0.2813546956893624,0.43237384003977875,0.15883691908078842,3.552713678800501e-15,0.16070865427921788,2.6026615812833462,0.1523091572321857
Queue-nominal,0.45,4,4,32,452,806,noG,20,20.0,0.0,1.1860269000000017,-0.28135426326108753,0.43237343759546276,0.15883706072104403,3.552713678800501e-15,0.16070887876090426,2.602660737092614,0.15230897718159073
Queue-nominal,0.45,4,4,32,452,806,noG,25,25.0,0.0,1.479104399999997,-0.2813542555657714,0.4323734304337174,0.1588370632416134,5.329070518200751e-15,0.16070888275568743,2.6026607220697366,0.15230897397748527
Queue-nominal,0.45,4,4,32,452,806,noG,30,30.0,0.0,1.7694884000000002,-0.28135425542871606,0.43237343030616504,0.15883706328650535,3.552713678800501e-15,0.16070888282683526,2.602660721802174,0.15230897392041925
Queue-nominal,0.45,4,4,32,452,806,noG,35,35.0,0.0,2.0626881999999966,-0.2813542554261864,0.4323734303038109,0.15883706328733416,3.552713678800501e-15,0.1607088828281484,2.602660721797236,0.15230897391936601
Queue-nominal,0.45,4,4,32,452,806,noG,40,40.0,0.0,2.3543913999999972,-0.2813542554261788,0.4323734303038037,0.15883706328733682,3.552713678800501e-15,0.16070888282815268,2.6026607217972226,0.1523089739193629
Queue-nominal,0.45,4,4,32,452,806,noG,45,45.0,0.0,2.640202599999995,-0.2813542554261788,0.4323734303038037,0.15883706328733682,3.552713678800501e-15,0.16070888282815268,2.6026607217972226,0.1523089739193629
Queue-nominal,0.45,4,4,32,452,806,noG,50,50.0,0.0,2.9423048000000023,-0.2813542554261788,0.4323734303038037,0.15883706328733682,3.552713678800501e-15,0.16070888282815268,2.6026607217972226,0.1523089739193629
Queue-nominal,0.45,4,4,32,452,806,noG,55,55.0,0.0,3.2456837000000007,-0.2813542554261788,0.4323734303038037,0.15883706328733682,3.552713678800501e-15,0.16070888282815268,2.6026607217972226,0.1523089739193629
Queue-nominal,0.45,4,4,32,452,806,noG,60,60.0,0.0,3.5318697999999955,-0.2813542554261788,0.4323734303038037,0.15883706328733682,3.552713678800501e-15,0.16070888282815268,2.6026607217972226,0.1523089739193629
Queue-nominal,0.45,4,4,32,452,806,Minimax-PPO,0,0.0,0.0,6.799999994200334e-06,-0.2972873443239575,0.44644054564310764,0.15379775329425546,4.440892098500626e-15,0.1523591933938247,2.632853781209262,0.15906955496358327
Queue-nominal,0.45,4,4,32,452,806,Minimax-PPO,5,5.0,0.0,0.08718079999999873,-0.26282443588380444,0.46789811635971157,0.046979763448383165,5.329070518200751e-15,0.15614219080047861,2.607754065662696,0.1566075952172739
Queue-nominal,0.45,4,4,32,452,806,Minimax-PPO,10,10.0,0.0,0.17426500000000544,-0.29678765661973394,0.5296610343914916,0.13453842725383616,5.329070518200751e-15,0.13846557254010483,2.6752169370082624,0.17073353603840716
Queue-nominal,0.45,4,4,32,452,806,Minimax-PPO,15,15.0,0.0,0.26411070000000336,-0.3727520152476238,0.5309567302429881,0.0023805942663773384,7.105427357601002e-15,0.09676964015069535,2.8032969867175623,0.20568841317995812
Queue-nominal,0.45,4,4,32,452,806,Minimax-PPO,20,20.0,0.0,0.34592809999999474,-0.44279320910602354,0.5967242409621187,0.07425517334818788,5.329070518200751e-15,0.05469829477634043,2.9227811015164553,0.24147112093332032
Queue-nominal,0.45,4,4,32,452,806,Minimax-PPO,25,25.0,0.0,0.4232317999999964,-0.46100118283712815,0.6748940473912579,0.03566651947753135,7.105427357601002e-15,0.05084532043081973,2.939157411148465,0.24446218424557745
Queue-nominal,0.45,4,4,32,452,806,Minimax-PPO,30,30.0,0.0,0.5141722000000044,-0.45092917730772586,0.7302039918192879,0.0017743432939409142,5.329070518200751e-15,0.055612519454323044,2.9206661658869115,0.24066820865689248
Queue-nominal,0.45,4,4,32,452,806,Minimax-PPO,35,35.0,0.0,0.6164933000000019,-0.5286092657404683,0.8392337407224217,0.0017793652222123028,5.329070518200751e-15,0.013436346257192028,3.027498895580546,0.2772216066069901
Queue-nominal,0.45,4,4,32,452,806,Minimax-PPO,40,40.0,0.0,0.694327599999994,-0.4472353816285327,0.757859856610503,3.0170202498865083e-13,3.552713678800501e-15,0.05552292788057344,2.920792713399716,0.24075113983523164
Queue-nominal,0.45,4,4,32,452,806,Minimax-PPO,45,45.0,0.0,0.7720675999999997,-0.44723538162853066,0.7578598566105009,6.563446340592368e-14,3.552713678800501e-15,0.05552292788057382,2.9207927133997136,0.2407511398352311
Queue-nominal,0.45,4,4,32,452,806,Minimax-PPO,50,50.0,0.0,0.8571328000000022,-0.44723538162853066,0.7578598566105009,6.569024467901634e-14,3.552713678800501e-15,0.05552292788057383,2.9207927133997136,0.2407511398352311
Queue-nominal,0.45,4,4,32,452,806,Minimax-PPO,55,55.0,0.0,0.9482751999999977,-0.44723538162853066,0.757859856610501,6.560705151634713e-14,3.552713678800501e-15,0.05552292788057382,2.9207927133997127,0.2407511398352311
Queue-nominal,0.45,4,4,32,452,806,Minimax-PPO,60,60.0,0.0,1.027052299999994,-0.4472353816285307,0.757859856610501,6.566289272019187e-14,3.552713678800501e-15,0.05552292788057382,2.920792713399713,0.2407511398352311
Queue-nominal,0.45,4,4,32,452,806,GDA,0,0.0,0.0,9.099999999762076e-06,-0.2972873443239575,0.44644054564310764,0.15379775329425546,4.440892098500626e-15,0.1523591933938247,2.632853781209262,0.15906955496358327
Queue-nominal,0.45,4,4,32,452,806,GDA,5,5.0,0.0,0.053946300000006886,-0.28094096462387835,0.43200756048411737,0.1589855271896016,3.552713678800501e-15,0.16092332151865968,2.6018532260535725,0.15213703500483683
Queue-nominal,0.45,4,4,32,452,806,GDA,10,10.0,0.0,0.10247560000000533,-0.2636436311603391,0.415361167825131,0.1653620252492391,3.552713678800501e-15,0.16977970077858387,2.5665719671962623,0.14513756410582368
Queue-nominal,0.45,4,4,32,452,806,GDA,15,15.0,0.0,0.1522810000000021,-0.24823449865414413,0.39924235577852374,0.17290396598199523,5.329070518200751e-15,0.17741647717467524,2.532219916678142,0.13930879036858101
Queue-nominal,0.45,4,4,32,452,806,GDA,20,20.0,0.0,0.200320700000006,-0.231644227515951,0.38049138454934694,0.1811818891529268,5.329070518200751e-15,0.18559460924768528,2.496640430821883,0.13300326281432137
Queue-nominal,0.45,4,4,32,452,806,GDA,25,25.0,0.0,0.2545877999999959,-0.21478455270570157,0.3599449338989141,0.1891941902999643,3.552713678800501e-15,0.19375053056976874,2.460824735986962,0.12673237806249713
Queue-nominal,0.45,4,4,32,452,806,GDA,30,30.0,0.0,0.30726669999999956,-0.20150576742521736,0.3414060676063022,0.1954178280288449,5.329070518200751e-15,0.2001328739904996,2.437225877445062,0.12159207982818165
Queue-nominal,0.45,4,4,32,452,806,GDA,35,35.0,0.0,0.36999470000000656,-0.19878829392764916,0.3318521261405378,0.19812960456463097,4.440892098500626e-15,0.20088685225287942,2.4355524047556876,0.12092617907576894
Queue-nominal,0.45,4,4,32,452,806,GDA,40,40.0,0.0,0.4145558999999963,-0.2054135265466365,0.3301183184489654,0.1960348686353066,3.552713678800501e-15,0.19661521936452261,2.4524917847895398,0.12430626564655423
Queue-nominal,0.45,4,4,32,452,806,GDA,45,45.0,0.0,0.4724396000000013,-0.21361337486426005,0.3285449997082371,0.18919313917785602,2.6645352591003757e-15,0.19152587083603315,2.4745079109864943,0.1282368706909934
Queue-nominal,0.45,4,4,32,452,806,GDA,50,50.0,0.0,0.5189938000000041,-0.21996690993909437,0.32384787719400365,0.17945452127095238,5.329070518200751e-15,0.18736146721340832,2.492373597514563,0.1314609750226676
Queue-nominal,0.45,4,4,32,452,806,GDA,55,55.0,0.0,0.5747943000000078,-0.2245942006295193,0.3162670559968259,0.1694018398356074,2.6645352591003757e-15,0.18413860698249448,2.5060249153699363,0.13396534484014028
Queue-nominal,0.45,4,4,32,452,806,GDA,60,60.0,0.0,0.6312256000000076,-0.2278742054029768,0.30632081720399296,0.16087183690486598,5.329070518200751e-15,0.1817094837053093,2.516215156058183,0.1358581396600495
Queue-nominal,0.45,4,4,32,452,806,EGM,0,0.0,0.0,8.899999997424857e-06,-0.2972873443239575,0.44644054564310764,0.15379775329425546,4.440892098500626e-15,0.1523591933938247,2.632853781209262,0.15906955496358327
Queue-nominal,0.45,4,4,32,452,806,EGM,5,5.0,0.0,0.07828550000000689,-0.28047099838653133,0.43130423114404975,0.1589547614248433,3.552713678800501e-15,0.1611684026314888,2.6009405541069643,0.15193998925761892
Queue-nominal,0.45,4,4,32,452,806,EGM,10,10.0,0.0,0.1665614000000062,-0.2627762213300299,0.4139883997714325,0.16534132537510926,3.552713678800501e-15,0.17021762162657494,2.564683499468069,0.1447990362961591
Queue-nominal,0.45,4,4,32,452,806,EGM,15,15.0,0.0,0.2519288999999958,-0.2469921168197088,0.39718411913407214,0.1729148357057618,3.552713678800501e-15,0.1780399960460222,2.529568064833562,0.1388248426469489
Queue-nominal,0.45,4,4,32,452,806,EGM,20,20.0,0.0,0.3413871000000057,-0.22999073825032712,0.37767381165445585,0.1811939656668451,3.552713678800501e-15,0.1864160583233549,2.4931737649873953,0.13236426983520358
Queue-nominal,0.45,4,4,32,452,806,EGM,25,25.0,0.0,0.42837210000000425,-0.21274433019729797,0.35635823108354486,0.189102096654281,2.6645352591003757e-15,0.19476011877263866,2.456746619396592,0.1259374275749094
Queue-nominal,0.45,4,4,32,452,806,EGM,30,30.0,0.0,0.5228383999999977,-0.20030312816325807,0.33824983448184365,0.19504258410486883,3.552713678800501e-15,0.2007151671758433,2.4353492420870824,0.1211085569248368
Queue-nominal,0.45,4,4,32,452,806,EGM,35,35.0,0.0,0.5983423999999928,-0.19824016925775592,0.32893542771588585,0.1972650393289599,3.552713678800501e-15,0.2010751820370341,2.4343946334442395,0.12079878462379565
Queue-nominal,0.45,4,4,32,452,806,EGM,40,40.0,0.0,0.6823378999999932,-0.20578775035203858,0.3277224676572116,0.19459465595103015,2.6645352591003757e-15,0.19634445054325314,2.4535611246045916,0.1245207534249263
Queue-nominal,0.45,4,4,32,452,806,EGM,45,45.0,0.0,0.7724103999999983,-0.21370899619997177,0.3254992484803434,0.18740121763419554,2.6645352591003757e-15,0.1914136965197568,2.474997898134283,0.12832325621001822
Queue-nominal,0.45,4,4,32,452,806,EGM,50,50.0,0.0,0.8609455999999938,-0.21976164513793883,0.320160317123533,0.177744461304187,4.440892098500626e-15,0.1874304047770948,2.4920991439425855,0.1314064823838215
Queue-nominal,0.45,4,4,32,452,806,EGM,55,55.0,0.0,0.9339795000000066,-0.22417355813369472,0.3120352649808952,0.16807642017052435,3.552713678800501e-15,0.18435106805710408,2.5051603462696708,0.13379838740238717
Queue-nominal,0.45,4,4,32,452,806,EGM,60,60.0,0.0,1.0241479999999967,-0.22731764162291015,0.301668748517183,0.15998347761598156,3.552713678800501e-15,0.1820224528503097,2.514946517308957,0.1356119409755342
Queue-nominal,0.45,4,4,32,452,806,PPM-3,0,0.0,0.0,6.299999995462713e-06,-0.2972873443239575,0.44644054564310764,0.15379775329425546,4.440892098500626e-15,0.1523591933938247,2.632853781209262,0.15906955496358327
Queue-nominal,0.45,4,4,32,452,806,PPM-3,5,15.0,0.0,0.1342566000000005,-0.2804687093778823,0.431298951842349,0.15895453298456363,3.552713678800501e-15,0.16116951766060247,2.600936146475553,0.15193910620910603
Queue-nominal,0.45,4,4,32,452,806,PPM-3,10,30.0,0.0,0.2543545999999992,-0.2627690389457064,0.41397552956428907,0.1653409249012727,3.552713678800501e-15,0.17022112152973792,2.564668434575127,0.1447963292820981
Queue-nominal,0.45,4,4,32,452,806,PPM-3,15,45.0,0.0,0.3682620999999955,-0.246981607721284,0.3971654582084136,0.17291420156267162,3.552713678800501e-15,0.1780451254264984,2.5295467639329092,0.13882083436650716
Queue-nominal,0.45,4,4,32,452,806,PPM-3,20,60.0,0.0,0.48734050000000195,-0.22997324394283755,0.377645980016323,0.1811929432391247,3.552713678800501e-15,0.18642470648385942,2.493139253003809,0.13235743809488806
Queue-nominal,0.45,4,4,32,452,806,PPM-3,25,75.0,0.0,0.6040665999999959,-0.21272382824015024,0.3563257473297472,0.18910035275815315,3.552713678800501e-15,0.19477016992097113,2.456705394962611,0.12592954613362856
Queue-nominal,0.45,4,4,32,452,806,PPM-3,30,90.0,0.0,0.7432271999999926,-0.20028124020933974,0.3382153348137763,0.19503923893859684,3.552713678800501e-15,0.2007255501037381,2.4352991208722967,0.12110081195561513
Queue-nominal,0.45,4,4,32,452,806,PPM-3,35,105.0,0.0,0.8407452000000006,-0.1982215685731822,0.32890509084863767,0.1972586336299909,2.6645352591003757e-15,0.20108391588401875,2.4343507559531816,0.12079236011844545
Queue-nominal,0.45,4,4,32,452,806,PPM-3,40,120.0,0.0,0.9566093999999907,-0.20577660896394107,0.3277021208665616,0.19458508311444236,2.6645352591003757e-15,0.19634978827727173,2.45353751703527,0.12451665819455611
Queue-nominal,0.45,4,4,32,452,806,PPM-3,45,135.0,0.0,1.0606831999999997,-0.21369847839472644,0.3254831309977485,0.18739078891146568,2.6645352591003757e-15,0.19141885539533837,2.4749761051255588,0.12831924433489567
Queue-nominal,0.45,4,4,32,452,806,PPM-3,50,150.0,0.0,1.1906759000000022,-0.21975277255229245,0.32014935238749664,0.17773489959582667,3.552713678800501e-15,0.18743471107305476,2.492081498428037,0.13140310479915399
Queue-nominal,0.45,4,4,32,452,806,PPM-3,55,165.0,0.0,1.3313476000000009,-0.22416650590320714,0.31202855851391215,0.16806804106823517,3.552713678800501e-15,0.18435431991199142,2.5051474409135763,0.13379581477676739
Queue-nominal,0.45,4,4,32,452,806,PPM-3,60,180.0,0.0,1.4679476000000022,-0.2273119514745508,0.30166381680355514,0.1599767138939114,3.552713678800501e-15,0.18202486804909068,2.5149372618820673,0.13561001290448474
Queue-nominal,0.45,4,4,32,452,807,QP+G,0,0.0,0.0,7.100000004811591e-06,-0.26500628189685665,0.4172644144593225,0.20374144996115073,3.552713678800501e-15,0.1676435731864128,2.56798713117474,0.14719920938333794
Queue-nominal,0.45,4,4,32,452,807,QP+G,5,5.0,5.0,0.7928085000000067,-0.2453057102327978,0.3917197292327258,0.21263732158356388,3.552713678800501e-15,0.17755718206591822,2.526088169757789,0.13949080899946165
Queue-nominal,0.45,4,4,32,452,807,QP+G,10,10.0,10.0,1.5979181000000011,-0.23600532081388848,0.3743258787089817,0.2174870163680698,3.552713678800501e-15,0.18210370571105108,2.5092486320562593,0.13583057681230407
Queue-nominal,0.45,4,4,32,452,807,QP+G,15,15.0,15.0,2.339567900000006,-0.23449508514539716,0.3639085126146866,0.21691685826607912,5.329070518200751e-15,0.18256006064078217,2.510872545359854,0.1352887527613312
Queue-nominal,0.45,4,4,32,452,807,QP+G,20,20.0,20.0,3.129093900000001,-0.235935875283893,0.3529622230266188,0.21062968946963528,3.552713678800501e-15,0.18129588988804657,2.5177285077485876,0.1361920833883436
Queue-nominal,0.45,4,4,32,452,807,QP+G,25,25.0,25.0,4.0132964000000015,-0.23746791467081416,0.3387314941926446,0.19997728233133186,3.552713678800501e-15,0.1798764823860219,2.5235784842411086,0.13730359739076203
Queue-nominal,0.45,4,4,32,452,807,QP+G,30,30.0,30.0,4.843062599999996,-0.2380156739009182,0.32215331347088816,0.18784698307995096,5.329070518200751e-15,0.17897603496258857,2.527339127571803,0.1380061162178429
Queue-nominal,0.45,4,4,32,452,807,QP+G,35,35.0,35.0,5.655355,-0.23773606504537032,0.304135978837549,0.17644723957375374,3.552713678800501e-15,0.1785318314435244,2.529184580204866,0.13835319065095672
Queue-nominal,0.45,4,4,32,452,807,QP+G,40,40.0,40.0,6.508136500000006,-0.23712694536582343,0.285947856183669,0.1664951935196356,4.440892098500626e-15,0.17826389488275235,2.53041930447156,0.13855614172400788
Queue-nominal,0.45,4,4,32,452,807,QP+G,45,45.0,45.0,7.295044300000001,-0.23607490835909925,0.2678472447501769,0.1584667516363031,4.440892098500626e-15,0.17832094705442278,2.5304554583199264,0.1384971867182127
Queue-nominal,0.45,4,4,32,452,807,QP+G,50,50.0,50.0,8.180487099999993,-0.23477605510013577,0.25029043563128284,0.151991683274943,5.329070518200751e-15,0.17858398598985345,2.5294917478065284,0.13828486938875006
Queue-nominal,0.45,4,4,32,452,807,QP+G,55,55.0,55.0,9.0124833,-0.23323650812242022,0.23675921753179713,0.14656102311942729,5.329070518200751e-15,0.17904673814663538,2.527771068519997,0.13791267929968093
Queue-nominal,0.45,4,4,32,452,807,QP+G,60,60.0,60.0,9.809725499999999,-0.2316120323404461,0.22552698043137984,0.14172276601425202,4.440892098500626e-15,0.17961535222063107,2.525677785620253,0.13745423800988207
Queue-nominal,0.45,4,4,32,452,807,noG,0,0.0,0.0,6.800000008411189e-06,-0.26500628189685665,0.4172644144593225,0.20374144996115073,3.552713678800501e-15,0.1676435731864128,2.56798713117474,0.14719920938333794
Queue-nominal,0.45,4,4,32,452,807,noG,5,5.0,0.0,0.3666318000000075,-0.24623467282686398,0.3947153386336622,0.21242472971651002,3.552713678800501e-15,0.1771004676276901,2.527971128788953,0.13984842033078626
Queue-nominal,0.45,4,4,32,452,807,noG,10,10.0,0.0,0.748100100000002,-0.23620828566409016,0.3786222322816098,0.21735172583929735,2.6645352591003757e-15,0.18200758643615592,2.5090350776334356,0.13593793579366378
Queue-nominal,0.45,4,4,32,452,807,noG,15,15.0,0.0,1.1295953999999995,-0.234211198072435,0.3680446763269615,0.21730411453944415,3.552713678800501e-15,0.1826788001352832,2.5087098898609757,0.13528383724045523
Queue-nominal,0.45,4,4,32,452,807,noG,20,20.0,0.0,1.4844419000000073,-0.23507811744432117,0.3577453637118506,0.21214009613236345,2.6645352591003757e-15,0.18176133092236565,2.5153602636281844,0.13585128678141442
Queue-nominal,0.45,4,4,32,452,807,noG,25,25.0,0.0,1.8463263999999953,-0.23733818952315566,0.34639629744782197,0.20269575593522077,7.105427357601002e-15,0.17991431587669382,2.5229725527517046,0.13729765503111147
Queue-nominal,0.45,4,4,32,452,807,noG,30,30.0,0.0,2.2090993000000054,-0.23859589880006316,0.3319698724473734,0.19091055009725627,3.552713678800501e-15,0.17855980217465126,2.5285070825204907,0.13836087769269126
Queue-nominal,0.45,4,4,32,452,807,noG,35,35.0,0.0,2.6264426000000043,-0.2388885851448939,0.31504874600669747,0.17922059714982913,3.552713678800501e-15,0.17774402482754076,2.5318802767102135,0.1389991185035012
Queue-nominal,0.45,4,4,32,452,807,noG,40,40.0,0.0,3.0259993000000094,-0.23834851299389118,0.29638053170364054,0.16912181093292838,6.217248937900877e-15,0.17744167144318584,2.5332469979587557,0.1392295391905636
Queue-nominal,0.45,4,4,32,452,807,noG,45,45.0,0.0,3.4152614000000057,-0.23720928635239916,0.2776714337469076,0.16088180894004403,3.552713678800501e-15,0.17754508690464438,2.5330573027671526,0.13913610768655846
Queue-nominal,0.45,4,4,32,452,807,noG,50,50.0,0.0,3.7873775999999992,-0.2358291996689792,0.2596150363627201,0.15417935635070512,3.552713678800501e-15,0.1778643668768622,2.532101781953344,0.1388671182834885
Queue-nominal,0.45,4,4,32,452,807,noG,55,55.0,0.0,4.184860499999999,-0.23431831625627225,0.24533727747788445,0.1485706931265069,3.552713678800501e-15,0.1783168365513258,2.530437600540882,0.13850223710441734
Queue-nominal,0.45,4,4,32,452,807,noG,60,60.0,0.0,4.5415411999999975,-0.2327014937153446,0.23374464326981084,0.14365068807968084,2.6645352591003757e-15,0.17888708800970457,2.528376054918403,0.13804048804722172
Queue-nominal,0.45,4,4,32,452,807,Minimax-PPO,0,0.0,0.0,7.800000020097286e-06,-0.26500628189685665,0.4172644144593225,0.20374144996115073,3.552713678800501e-15,0.1676435731864128,2.56798713117474,0.14719920938333794
Queue-nominal,0.45,4,4,32,452,807,Minimax-PPO,5,5.0,0.0,0.11179410000002576,-0.4430090068078412,0.679362399534997,0.012680405841116264,5.329070518200751e-15,0.05485255597283723,2.9217609593114173,0.24137055143182498
Queue-nominal,0.45,4,4,32,452,807,Minimax-PPO,10,10.0,0.0,0.21090430000000993,-0.44279293510363016,0.7040927728574389,7.474459109861739e-09,7.105427357601002e-15,0.054698396936203604,2.9227809718774385,0.24147102559656397
Queue-nominal,0.45,4,4,32,452,807,Minimax-PPO,15,15.0,0.0,0.30315620000001786,-0.44279293540515047,0.7040927731589592,6.29244857399119e-09,5.329070518200751e-15,0.054698396791093985,2.9227809724031273,0.2414710257140046
Queue-nominal,0.45,4,4,32,452,807,Minimax-PPO,20,20.0,0.0,0.4068354000000056,-0.44279293532571257,0.7040927730795213,3.79038961081908e-14,3.552713678800501e-15,0.05469839679107727,2.9227809724031464,0.24147102571402024
Queue-nominal,0.45,4,4,32,452,807,Minimax-PPO,25,25.0,0.0,0.49523760000002426,-0.44279293532571257,0.7040927730795213,3.790583142236472e-14,3.552713678800501e-15,0.05469839679107727,2.9227809724031464,0.24147102571402024
Queue-nominal,0.45,4,4,32,452,807,Minimax-PPO,30,30.0,0.0,0.5912773000000016,-0.44279293532571257,0.7040927730795213,3.79077678335328e-14,3.552713678800501e-15,0.05469839679107727,2.9227809724031464,0.24147102571402024
Queue-nominal,0.45,4,4,32,452,807,Minimax-PPO,35,35.0,0.0,0.6949320000000228,-0.44279293532571257,0.7040927730795213,3.7909705343680546e-14,3.552713678800501e-15,0.05469839679107727,2.9227809724031464,0.24147102571402024
Queue-nominal,0.45,4,4,32,452,807,Minimax-PPO,40,40.0,0.0,0.7981821000000195,-0.44279293532571257,0.7040927730795213,3.79327221046808e-14,3.552713678800501e-15,0.05469839679107727,2.9227809724031464,0.24147102571402024
Queue-nominal,0.45,4,4,32,452,807,Minimax-PPO,45,45.0,0.0,0.8953947000000255,-0.44279293532571257,0.7040927730795213,3.791358366260253e-14,3.552713678800501e-15,0.05469839679107727,2.9227809724031464,0.24147102571402024
Queue-nominal,0.45,4,4,32,452,807,Minimax-PPO,50,50.0,0.0,0.9732261999999992,-0.44279293532571257,0.7040927730795213,3.793660010230068e-14,3.552713678800501e-15,0.05469839679107727,2.9227809724031464,0.24147102571402024
Queue-nominal,0.45,4,4,32,452,807,Minimax-PPO,55,55.0,0.0,1.0738692000000185,-0.44279293532571257,0.7040927730795213,3.791746638758815e-14,3.552713678800501e-15,0.05469839679107727,2.9227809724031464,0.24147102571402024
Queue-nominal,0.45,4,4,32,452,807,Minimax-PPO,60,60.0,0.0,1.1650110000000211,-0.44279293532571257,0.7040927730795215,3.794048250932357e-14,3.552713678800501e-15,0.05469839679107727,2.9227809724031464,0.24147102571402024
Queue-nominal,0.45,4,4,32,452,807,GDA,0,0.0,0.0,7.399999987001138e-06,-0.26500628189685665,0.4172644144593225,0.20374144996115073,3.552713678800501e-15,0.1676435731864128,2.56798713117474,0.14719920938333794
Queue-nominal,0.45,4,4,32,452,807,GDA,5,5.0,0.0,0.06162869999999998,-0.24623467282686398,0.3947153386336622,0.21242472971651002,3.552713678800501e-15,0.1771004676276901,2.527971128788953,0.13984842033078626
Queue-nominal,0.45,4,4,32,452,807,GDA,10,10.0,0.0,0.13356189999998946,-0.23620828566409016,0.3786222322816098,0.21735172583929735,2.6645352591003757e-15,0.18200758643615592,2.5090350776334356,0.13593793579366378
Queue-nominal,0.45,4,4,32,452,807,GDA,15,15.0,0.0,0.20173090000000116,-0.234211198072435,0.3680446763269615,0.21730411453944415,3.552713678800501e-15,0.1826788001352832,2.5087098898609757,0.13528383724045523
Queue-nominal,0.45,4,4,32,452,807,GDA,20,20.0,0.0,0.2707245999999941,-0.23507811744432117,0.3577453637118506,0.21214009613236345,2.6645352591003757e-15,0.18176133092236565,2.5153602636281844,0.13585128678141442
Queue-nominal,0.45,4,4,32,452,807,GDA,25,25.0,0.0,0.33873049999999694,-0.23733818952315566,0.34639629744782197,0.20269575593522077,7.105427357601002e-15,0.17991431587669382,2.5229725527517046,0.13729765503111147
Queue-nominal,0.45,4,4,32,452,807,GDA,30,30.0,0.0,0.4068273999999974,-0.23859589880006316,0.3319698724473734,0.19091055009725627,3.552713678800501e-15,0.17855980217465126,2.5285070825204907,0.13836087769269126
Queue-nominal,0.45,4,4,32,452,807,GDA,35,35.0,0.0,0.4657451999999864,-0.2388885851448939,0.31504874600669747,0.17922059714982913,3.552713678800501e-15,0.17774402482754076,2.5318802767102135,0.1389991185035012
Queue-nominal,0.45,4,4,32,452,807,GDA,40,40.0,0.0,0.5235513000000083,-0.23834851299389118,0.29638053170364054,0.16912181093292838,6.217248937900877e-15,0.17744167144318584,2.5332469979587557,0.1392295391905636
Queue-nominal,0.45,4,4,32,452,807,GDA,45,45.0,0.0,0.5852773000000013,-0.23720928635239916,0.2776714337469076,0.16088180894004403,3.552713678800501e-15,0.17754508690464438,2.5330573027671526,0.13913610768655846
Queue-nominal,0.45,4,4,32,452,807,GDA,50,50.0,0.0,0.6469102000000078,-0.2358291996689792,0.2596150363627201,0.15417935635070512,3.552713678800501e-15,0.1778643668768622,2.532101781953344,0.1388671182834885
Queue-nominal,0.45,4,4,32,452,807,GDA,55,55.0,0.0,0.7073248000000092,-0.23431831625627225,0.24533727747788445,0.1485706931265069,3.552713678800501e-15,0.1783168365513258,2.530437600540882,0.13850223710441734
Queue-nominal,0.45,4,4,32,452,807,GDA,60,60.0,0.0,0.7690490999999895,-0.2327014937153446,0.23374464326981084,0.14365068807968084,2.6645352591003757e-15,0.17888708800970457,2.528376054918403,0.13804048804722172
Queue-nominal,0.45,4,4,32,452,807,EGM,0,0.0,0.0,8.100000002286833e-06,-0.26500628189685665,0.4172644144593225,0.20374144996115073,3.552713678800501e-15,0.1676435731864128,2.56798713117474,0.14719920938333794
Queue-nominal,0.45,4,4,32,452,807,EGM,5,5.0,0.0,0.07816040000000157,-0.24604910887929896,0.3940895101322771,0.2124673325571625,3.552713678800501e-15,0.17719164010903754,2.5275960673942595,0.13977698792284354
Queue-nominal,0.45,4,4,32,452,807,EGM,10,10.0,0.0,0.14985079999999584,-0.23615084431649325,0.37760133191886813,0.21738941810865037,5.329070518200751e-15,0.18203526060945152,2.5090300834548245,0.1359105244718739
Queue-nominal,0.45,4,4,32,452,807,EGM,15,15.0,0.0,0.21937810000000013,-0.2342546378817979,0.3665484724405771,0.21722673598107026,3.552713678800501e-15,0.18267276696905985,2.509247671466468,0.13526156611165246
Queue-nominal,0.45,4,4,32,452,807,EGM,20,20.0,0.0,0.2861806999999885,-0.23532437143367438,0.3558812525562767,0.21174646947900175,3.552713678800501e-15,0.1816405853010011,2.5160364457374196,0.13593644387071366
Queue-nominal,0.45,4,4,32,452,807,EGM,25,25.0,0.0,0.35443409999999176,-0.23735593923039938,0.3438211059921564,0.20188773811242258,3.552713678800501e-15,0.17991859249461215,2.5230962509904535,0.1372868679795749
Queue-nominal,0.45,4,4,32,452,807,EGM,30,30.0,0.0,0.4324158000000011,-0.23842349699256524,0.3288776662781998,0.18989048927201302,5.329070518200751e-15,0.17867843267286948,2.528167720480165,0.13826010835449012
Queue-nominal,0.45,4,4,32,452,807,EGM,35,35.0,0.0,0.49562169999998673,-0.23856038213475642,0.3116595208866213,0.17824313865640182,2.6645352591003757e-15,0.17796397934996927,2.53113934634036,0.1388181603163273
Queue-nominal,0.45,4,4,32,452,807,EGM,40,40.0,0.0,0.5768277999999896,-0.23792017265913756,0.2929116741978173,0.16829173109494433,3.552713678800501e-15,0.17773299408251245,2.532224544996332,0.13899202986504888
Queue-nominal,0.45,4,4,32,452,807,EGM,45,45.0,0.0,0.663314999999983,-0.23673479014731413,0.27429650021917046,0.16021494730238214,3.552713678800501e-15,0.17787623627060642,2.531897283391584,0.13886601197194198
Queue-nominal,0.45,4,4,32,452,807,EGM,50,50.0,0.0,0.7468375999999921,-0.23537544588123605,0.2563257794861767,0.153662665495372,2.6645352591003757e-15,0.17819264759862538,2.5308966982034677,0.1386022630222448
Queue-nominal,0.45,4,4,32,452,807,EGM,55,55.0,0.0,0.8177364999999952,-0.23383522387171404,0.24212770455458962,0.14816972866452185,3.552713678800501e-15,0.1786662957479823,2.52913751148697,0.13822120364744056
Queue-nominal,0.45,4,4,32,452,807,EGM,60,60.0,0.0,0.8958855999999855,-0.23220823050318826,0.23058688534452104,0.14331671323876863,5.329070518200751e-15,0.17924586080471167,2.527037073743809,0.1377521879456144
Queue-nominal,0.45,4,4,32,452,807,PPM-3,0,0.0,0.0,6.2000000013995304e-06,-0.26500628189685665,0.4172644144593225,0.20374144996115073,3.552713678800501e-15,0.1676435731864128,2.56798713117474,0.14719920938333794
Queue-nominal,0.45,4,4,32,452,807,PPM-3,5,15.0,0.0,0.10752480000002151,-0.24604060210532727,0.3940756313281918,0.21247034692030428,3.552713678800501e-15,0.17719607072650537,2.5275790495388546,0.13977345298197563
Queue-nominal,0.45,4,4,32,452,807,PPM-3,10,30.0,0.0,0.22293279999999527,-0.23614036111344236,0.377581841749443,0.21739398804222704,3.552713678800501e-15,0.18204083181621036,2.5090086753530287,0.13590608000731463
Queue-nominal,0.45,4,4,32,452,807,PPM-3,15,45.0,0.0,0.3561628000000212,-0.2342403930105688,0.36652442563428667,0.2172267248350926,3.552713678800501e-15,0.18268041568019086,2.5092192508261597,0.13525541322369564
Queue-nominal,0.45,4,4,32,452,807,PPM-3,20,60.0,0.0,0.46525850000000446,-0.23531030480179285,0.3558604359661227,0.21173540916002015,2.6645352591003757e-15,0.18164788152086717,2.516004463245205,0.13593083093991204
Queue-nominal,0.45,4,4,32,452,807,PPM-3,25,75.0,0.0,0.570016900000013,-0.23734285936519342,0.343808319727371,0.20186981277476224,2.6645352591003757e-15,0.17992524771402116,2.5230664136625194,0.13728178314584635
Queue-nominal,0.45,4,4,32,452,807,PPM-3,30,90.0,0.0,0.6728042000000016,-0.2384124241558845,0.3288756943299585,0.1898757278047568,3.552713678800501e-15,0.178683868582727,2.5281419694815823,0.13825602776034798
Queue-nominal,0.45,4,4,32,452,807,PPM-3,35,105.0,0.0,0.7906157000000178,-0.2385526679699519,0.31166792019745404,0.17823601580608991,3.552713678800501e-15,0.17796747300500362,2.531121273448391,0.13881561786613306
Queue-nominal,0.45,4,4,32,452,807,PPM-3,40,120.0,0.0,0.9050973000000226,-0.23791506907651905,0.29292468436535,0.16829215591189045,3.552713678800501e-15,0.17773489675653475,2.5322125064285714,0.13899076079985617
Queue-nominal,0.45,4,4,32,452,807,PPM-3,45,135.0,0.0,1.0096230000000048,-0.23673126654016605,0.2743078171398287,0.1602214940641748,5.329070518200751e-15,0.177877099110878,2.531888664777516,0.1388656027429376
Queue-nominal,0.45,4,4,32,452,807,PPM-3,50,150.0,0.0,1.115338300000019,-0.2353719750027988,0.2563306566140997,0.1536735126181109,3.552713678800501e-15,0.1781934079504716,2.530889714621609,0.13860187022733877
Queue-nominal,0.45,4,4,32,452,807,PPM-3,55,165.0,0.0,1.2479454000000203,-0.2338328432830131,0.24210849152117378,0.14818304769786353,3.552713678800501e-15,0.1786664310703878,2.529133154575456,0.13822129763616758
Queue-nominal,0.45,4,4,32,452,807,PPM-3,60,180.0,0.0,1.3736594000000082,-0.2322056451624748,0.23056398405170736,0.14333093105862782,3.552713678800501e-15,0.17924602751946328,2.5270316088363227,0.1377523088575726
Queue-nominal,0.45,4,4,32,452,808,QP+G,0,0.0,0.0,7.300000021359665e-06,-0.28426969124046547,0.46269455166831186,0.18230961979004612,3.552713678800501e-15,0.1584576246249713,2.606776263309569,0.15434362467452586
Queue-nominal,0.45,4,4,32,452,808,QP+G,5,5.0,5.0,0.6941356000000098,-0.27191947255287824,0.4489261085644353,0.18497860433908395,3.552713678800501e-15,0.16498942236582645,2.5822961064902983,0.14910025623994821
Queue-nominal,0.45,4,4,32,452,808,QP+G,10,10.0,10.0,1.4443734000000177,-0.2614943226430967,0.4346048685868209,0.18842392431710198,3.552713678800501e-15,0.1704225946488712,2.5616276796144413,0.14475489589773768
Queue-nominal,0.45,4,4,32,452,808,QP+G,15,15.0,15.0,2.181482100000011,-0.2511676087007681,0.4176054491910464,0.19153169479543747,3.552713678800501e-15,0.17562701720156276,2.540538403262345,0.14066043525831418
Queue-nominal,0.45,4,4,32,452,808,QP+G,20,20.0,20.0,2.975321500000007,-0.24301388349683575,0.3998474992483261,0.19272581149129991,3.552713678800501e-15,0.17950560028040757,2.5228562975313724,0.13771248932320485
Queue-nominal,0.45,4,4,32,452,808,QP+G,25,25.0,25.0,3.7042883000000018,-0.2376909317320235,0.3820694288968852,0.1910425536494736,3.552713678800501e-15,0.18184736336728433,2.512319852590994,0.13592527597003226
Queue-nominal,0.45,4,4,32,452,808,QP+G,30,30.0,30.0,4.393706900000012,-0.23434708956110487,0.3637289362016312,0.18681293887641878,2.6645352591003757e-15,0.18316674476509248,2.5075305863199278,0.1348579612180696
Queue-nominal,0.45,4,4,32,452,808,QP+G,35,35.0,35.0,5.123017000000004,-0.23338895562217551,0.34566820304440626,0.18111424227162604,3.552713678800501e-15,0.18327836733744454,2.508894949366915,0.13467453006429703
Queue-nominal,0.45,4,4,32,452,808,QP+G,40,40.0,40.0,5.91357050000002,-0.2330017981392641,0.3265432598498559,0.17487979478949925,3.552713678800501e-15,0.18307678814351522,2.511152118458622,0.13475731088497855
Queue-nominal,0.45,4,4,32,452,808,QP+G,45,45.0,45.0,6.659150400000016,-0.23279933690828336,0.30644988760611186,0.16856723585819486,2.6645352591003757e-15,0.18277760586765124,2.513458148330879,0.13493512316756553
Queue-nominal,0.45,4,4,32,452,808,QP+G,50,50.0,50.0,7.58764450000001,-0.2328240717141613,0.2861908815633414,0.1622572806791941,3.552713678800501e-15,0.18235262644171985,2.5153682329465368,0.13525957182425208
Queue-nominal,0.45,4,4,32,452,808,QP+G,55,55.0,55.0,8.575347900000025,-0.23268306383504475,0.2660891014454661,0.1558519768331261,4.440892098500626e-15,0.18205396072093094,2.516881172488389,0.13547860914810136
Queue-nominal,0.45,4,4,32,452,808,QP+G,60,60.0,60.0,9.330236800000023,-0.23239250872007883,0.24934210474907714,0.14924404616771694,3.552713678800501e-15,0.18187530502708493,2.5179376517860796,0.13560166066838472
Queue-nominal,0.45,4,4,32,452,808,noG,0,0.0,0.0,6.700000000137152e-06,-0.28426969124046547,0.46269455166831186,0.18230961979004612,3.552713678800501e-15,0.1584576246249713,2.606776263309569,0.15434362467452586
Queue-nominal,0.45,4,4,32,452,808,noG,5,5.0,0.0,0.2869892999999877,-0.2732647789331348,0.45200559125304884,0.18455894016563706,5.329070518200751e-15,0.16429650086179115,2.584887284499624,0.14965679995401882
Queue-nominal,0.45,4,4,32,452,808,noG,10,10.0,0.0,0.5840909000000067,-0.2639585739341774,0.44101282007834886,0.18784742819051387,2.6645352591003757e-15,0.16918538868858782,2.56674091956791,0.14572298396573338
Queue-nominal,0.45,4,4,32,452,808,noG,15,15.0,0.0,0.8798553000000027,-0.25444678202559523,0.42748559540009723,0.19161284292423772,3.552713678800501e-15,0.17401035166484005,2.5473025740486324,0.14192109180628495
Queue-nominal,0.45,4,4,32,452,808,noG,20,20.0,0.0,1.1993896999999833,-0.24574042952342268,0.41212950352460853,0.1945466570163861,3.552713678800501e-15,0.1782249809993478,2.528569540330772,0.1386924116148227
Queue-nominal,0.45,4,4,32,452,808,noG,25,25.0,0.0,1.4860530999999924,-0.23967981724584306,0.3965678693642848,0.19515083782297737,4.440892098500626e-15,0.1809417446392948,2.515833505401051,0.1366459656027556
Queue-nominal,0.45,4,4,32,452,808,noG,30,30.0,0.0,1.8062333000000024,-0.235868758705586,0.38036614295016596,0.19278407115315058,2.6645352591003757e-15,0.18248382831551155,2.5099129143086616,0.13541549198403283
Queue-nominal,0.45,4,4,32,452,808,noG,35,35.0,0.0,2.1603820999999925,-0.2343599094100225,0.3637703910667389,0.18811542718742472,3.552713678800501e-15,0.18281843007972365,2.5100416365186766,0.13507411536666225
Queue-nominal,0.45,4,4,32,452,808,noG,40,40.0,0.0,2.458071999999987,-0.23421771975819297,0.3462351326141143,0.182361653378624,2.6645352591003757e-15,0.18242975370209843,2.513218742317524,0.13529557564961153
Queue-nominal,0.45,4,4,32,452,808,noG,45,45.0,0.0,2.749034800000004,-0.23445147283799472,0.3272638541353515,0.1763756422310611,3.552713678800501e-15,0.1818410415321802,2.5169181520649078,0.13568958204335108
Queue-nominal,0.45,4,4,32,452,808,noG,50,50.0,0.0,3.044842200000005,-0.23484686957112552,0.30716754694699,0.17044756707038866,3.552713678800501e-15,0.1811689866282016,2.520320331066436,0.13618257489461771
Queue-nominal,0.45,4,4,32,452,808,noG,55,55.0,0.0,3.350134099999991,-0.235290064459733,0.28681793297368463,0.16451656908999404,3.552713678800501e-15,0.1804896601379776,2.523333988442522,0.13670328783873198
Queue-nominal,0.45,4,4,32,452,808,noG,60,60.0,0.0,3.6707468999999833,-0.23562110776404846,0.2670002794615466,0.15839522500069383,5.329070518200751e-15,0.1799174930180212,2.5260586343885563,0.13713205254047606
Queue-nominal,0.45,4,4,32,452,808,Minimax-PPO,0,0.0,0.0,6.400000017947605e-06,-0.28426969124046547,0.46269455166831186,0.18230961979004612,3.552713678800501e-15,0.1584576246249713,2.606776263309569,0.15434362467452586
Queue-nominal,0.45,4,4,32,452,808,Minimax-PPO,5,5.0,0.0,0.08045880000000238,-0.2785232307986567,0.48452812355722413,0.008903037857234857,5.329070518200751e-15,0.14731357376460436,2.6264376180236106,0.16445286739204687
Queue-nominal,0.45,4,4,32,452,808,Minimax-PPO,10,10.0,0.0,0.16702639999999747,-0.4436354111627977,0.6770772618928004,0.13046161650463425,8.881784197001252e-15,0.054837113770854054,2.9222481202873483,0.24136035358244337
Queue-nominal,0.45,4,4,32,452,808,Minimax-PPO,15,15.0,0.0,0.2416944000000001,-0.442792935325714,0.6762347860557166,2.1684852526889603e-17,3.552713678800501e-15,0.05469839679107605,2.9227809724031455,0.24147102571402107
Queue-nominal,0.45,4,4,32,452,808,Minimax-PPO,20,20.0,0.0,0.315790700000008,-0.442792935325714,0.6762347860557166,2.168861718474225e-17,3.552713678800501e-15,0.05469839679107605,2.9227809724031455,0.24147102571402107
Queue-nominal,0.45,4,4,32,452,808,Minimax-PPO,25,25.0,0.0,0.405015700000007,-0.442792935325714,0.6762347860557166,2.1692383908013264e-17,3.552713678800501e-15,0.05469839679107605,2.9227809724031455,0.24147102571402113
Queue-nominal,0.45,4,4,32,452,808,Minimax-PPO,30,30.0,0.0,0.48367450000000645,-0.442792935325714,0.6762347860557166,2.1696152700314685e-17,5.329070518200751e-15,0.05469839679107605,2.922780972403145,0.24147102571402113
Queue-nominal,0.45,4,4,32,452,808,Minimax-PPO,35,35.0,0.0,0.5616052999999965,-0.442792935325714,0.6762347860557166,2.1699923563162564e-17,5.329070518200751e-15,0.05469839679107605,2.922780972403145,0.24147102571402113
Queue-nominal,0.45,4,4,32,452,808,Minimax-PPO,40,40.0,0.0,0.6549418000000173,-0.442792935325714,0.6762347860557166,2.1703696525864572e-17,5.329070518200751e-15,0.05469839679107605,2.922780972403145,0.24147102571402113
Queue-nominal,0.45,4,4,32,452,808,Minimax-PPO,45,45.0,0.0,0.7421094000000039,-0.442792935325714,0.6762347860557166,2.1707471568603745e-17,5.329070518200751e-15,0.05469839679107605,2.922780972403145,0.24147102571402113
Queue-nominal,0.45,4,4,32,452,808,Minimax-PPO,50,50.0,0.0,0.8318940999999995,-0.442792935325714,0.6762347860557166,2.171124868527165e-17,5.329070518200751e-15,0.05469839679107605,2.922780972403145,0.24147102571402113
Queue-nominal,0.45,4,4,32,452,808,Minimax-PPO,55,55.0,0.0,0.9058081999999956,-0.442792935325714,0.6762347860557166,2.1715027882925462e-17,5.329070518200751e-15,0.05469839679107605,2.922780972403145,0.24147102571402113
Queue-nominal,0.45,4,4,32,452,808,Minimax-PPO,60,60.0,0.0,0.9793616999999983,-0.442792935325714,0.6762347860557166,2.171880915651726e-17,5.329070518200751e-15,0.05469839679107605,2.922780972403145,0.24147102571402113
Queue-nominal,0.45,4,4,32,452,808,GDA,0,0.0,0.0,5.700000002661909e-06,-0.28426969124046547,0.46269455166831186,0.18230961979004612,3.552713678800501e-15,0.1584576246249713,2.606776263309569,0.15434362467452586
Queue-nominal,0.45,4,4,32,452,808,GDA,5,5.0,0.0,0.051557500000001255,-0.2732647789331348,0.45200559125304884,0.18455894016563706,5.329070518200751e-15,0.16429650086179115,2.584887284499624,0.14965679995401882
Queue-nominal,0.45,4,4,32,452,808,GDA,10,10.0,0.0,0.09786929999998506,-0.2639585739341774,0.44101282007834886,0.18784742819051387,2.6645352591003757e-15,0.16918538868858782,2.56674091956791,0.14572298396573338
Queue-nominal,0.45,4,4,32,452,808,GDA,15,15.0,0.0,0.1433571000000029,-0.25444678202559523,0.42748559540009723,0.19161284292423772,3.552713678800501e-15,0.17401035166484005,2.5473025740486324,0.14192109180628495
Queue-nominal,0.45,4,4,32,452,808,GDA,20,20.0,0.0,0.19519359999998187,-0.24574042952342268,0.41212950352460853,0.1945466570163861,3.552713678800501e-15,0.1782249809993478,2.528569540330772,0.1386924116148227
Queue-nominal,0.45,4,4,32,452,808,GDA,25,25.0,0.0,0.24099300000000312,-0.23967981724584306,0.3965678693642848,0.19515083782297737,4.440892098500626e-15,0.1809417446392948,2.515833505401051,0.1366459656027556
Queue-nominal,0.45,4,4,32,452,808,GDA,30,30.0,0.0,0.28571039999999925,-0.235868758705586,0.38036614295016596,0.19278407115315058,2.6645352591003757e-15,0.18248382831551155,2.5099129143086616,0.13541549198403283
Queue-nominal,0.45,4,4,32,452,808,GDA,35,35.0,0.0,0.3330653999999811,-0.2343599094100225,0.3637703910667389,0.18811542718742472,3.552713678800501e-15,0.18281843007972365,2.5100416365186766,0.13507411536666225
Queue-nominal,0.45,4,4,32,452,808,GDA,40,40.0,0.0,0.37866589999998723,-0.23421771975819297,0.3462351326141143,0.182361653378624,2.6645352591003757e-15,0.18242975370209843,2.513218742317524,0.13529557564961153
Queue-nominal,0.45,4,4,32,452,808,GDA,45,45.0,0.0,0.4307009999999991,-0.23445147283799472,0.3272638541353515,0.1763756422310611,3.552713678800501e-15,0.1818410415321802,2.5169181520649078,0.13568958204335108
Queue-nominal,0.45,4,4,32,452,808,GDA,50,50.0,0.0,0.4748194000000012,-0.23484686957112552,0.30716754694699,0.17044756707038866,3.552713678800501e-15,0.1811689866282016,2.520320331066436,0.13618257489461771
Queue-nominal,0.45,4,4,32,452,808,GDA,55,55.0,0.0,0.526678899999979,-0.235290064459733,0.28681793297368463,0.16451656908999404,3.552713678800501e-15,0.1804896601379776,2.523333988442522,0.13670328783873198
Queue-nominal,0.45,4,4,32,452,808,GDA,60,60.0,0.0,0.5766301999999826,-0.23562110776404846,0.2670002794615466,0.15839522500069383,5.329070518200751e-15,0.1799174930180212,2.5260586343885563,0.13713205254047606
Queue-nominal,0.45,4,4,32,452,808,EGM,0,0.0,0.0,7.099999976389881e-06,-0.28426969124046547,0.46269455166831186,0.18230961979004612,3.552713678800501e-15,0.1584576246249713,2.606776263309569,0.15434362467452586
Queue-nominal,0.45,4,4,32,452,808,EGM,5,5.0,0.0,0.06824599999998782,-0.2729760456669401,0.4513461524567792,0.18464769063132336,5.329070518200751e-15,0.16444425644745408,2.584317162199124,0.14953905080522398
Queue-nominal,0.45,4,4,32,452,808,EGM,10,10.0,0.0,0.14431790000000433,-0.263435812353023,0.4396525780347505,0.1879727471950771,3.552713678800501e-15,0.1694483711232392,2.565652964482622,0.14551726232504436
Queue-nominal,0.45,4,4,32,452,808,EGM,15,15.0,0.0,0.2212890999999786,-0.25366897373634084,0.42531037147383055,0.1916091519950732,3.552713678800501e-15,0.17440193546968707,2.545778253480415,0.1416097353997651
Queue-nominal,0.45,4,4,32,452,808,EGM,20,20.0,0.0,0.2866942999999935,-0.2450636502670775,0.4094260528161203,0.19417575430215497,3.552713678800501e-15,0.17854309641585772,2.52711983930147,0.13845059625248657
Queue-nominal,0.45,4,4,32,452,808,EGM,25,25.0,0.0,0.3597695999999928,-0.23915863742801577,0.3933768152158441,0.194264794446452,4.440892098500626e-15,0.1811868748513964,2.514917556135549,0.13644904324673293
Queue-nominal,0.45,4,4,32,452,808,EGM,30,30.0,0.0,0.4321307999999817,-0.2354966133733129,0.376743331810109,0.19146101963066556,3.552713678800501e-15,0.18265367399048896,2.5093316142330697,0.1352762410498764
Queue-nominal,0.45,4,4,32,452,808,EGM,35,35.0,0.0,0.5054780999999764,-0.234108812744538,0.35981289459788385,0.1865602014821279,3.552713678800501e-15,0.18293806056056547,2.509706045218068,0.13497214758585252
Queue-nominal,0.45,4,4,32,452,808,EGM,40,40.0,0.0,0.5735095000000001,-0.23391903545432824,0.3419226069107293,0.18072204096754138,3.552713678800501e-15,0.18258828200998678,2.5127102542467585,0.13516380987176332
Queue-nominal,0.45,4,4,32,452,808,EGM,45,45.0,0.0,0.6378227999999808,-0.23408599161739446,0.3227182062640426,0.17469882117841462,5.329070518200751e-15,0.18204828016750224,2.5161602088254678,0.13552223515747314
Queue-nominal,0.45,4,4,32,452,808,EGM,50,50.0,0.0,0.7061681999999792,-0.23441726579556343,0.30257194332920523,0.16872445698172742,3.552713678800501e-15,0.18142105873286227,2.519271898324429,0.13598568346058917
Queue-nominal,0.45,4,4,32,452,808,EGM,55,55.0,0.0,0.7723954999999876,-0.2347459753599389,0.28223119114594497,0.16272097396401303,3.552713678800501e-15,0.18081740018656442,2.521982171236942,0.13644669606412319
Queue-nominal,0.45,4,4,32,452,808,EGM,60,60.0,0.0,0.8373834999999872,-0.2349636423352233,0.2630786907478414,0.15650771136441316,4.440892098500626e-15,0.18031950658267354,2.524402829666515,0.13681718659277337
Queue-nominal,0.45,4,4,32,452,808,PPM-3,0,0.0,0.0,6.700000000137152e-06,-0.28426969124046547,0.46269455166831186,0.18230961979004612,3.552713678800501e-15,0.1584576246249713,2.606776263309569,0.15434362467452586
Queue-nominal,0.45,4,4,32,452,808,PPM-3,5,15.0,0.0,0.0990237000000036,-0.2729731257437572,0.4513374086876214,0.18464649745829373,5.329070518200751e-15,0.164445788347284,2.5843112260175114,0.1495378313360051
Queue-nominal,0.45,4,4,32,452,808,PPM-3,10,30.0,0.0,0.19611549999999056,-0.26343136557636393,0.439637148199951,0.1879676593858461,3.552713678800501e-15,0.16945061475635984,2.5656432165931737,0.14551553173873696
Queue-nominal,0.45,4,4,32,452,808,PPM-3,15,45.0,0.0,0.34851359999998976,-0.2536647550699789,0.4252917026777344,0.19159757627788754,3.552713678800501e-15,0.1744039576738153,2.5457681862493575,0.14160824304990338
Queue-nominal,0.45,4,4,32,452,808,PPM-3,20,60.0,0.0,0.4621272999999917,-0.24505827293592222,0.4094060244890991,0.19415791930979756,3.552713678800501e-15,0.17854581786319865,2.5271086700307874,0.13844846266149688
Queue-nominal,0.45,4,4,32,452,808,PPM-3,25,75.0,0.0,0.5711101999999926,-0.23915161801749546,0.3933594563811291,0.19424581759406281,3.552713678800501e-15,0.18119042867965968,2.5148983748148823,0.13644649896166305
Queue-nominal,0.45,4,4,32,452,808,PPM-3,30,90.0,0.0,0.6677396000000044,-0.2354836189030195,0.37672833591934096,0.19144699800167278,3.552713678800501e-15,0.18266051461829594,2.509297497583272,0.13527119603521667
Queue-nominal,0.45,4,4,32,452,808,PPM-3,35,105.0,0.0,0.7701303000000053,-0.23409288421180924,0.3598050380569705,0.18655282205333812,4.440892098500626e-15,0.18294653478956824,2.50966296550552,0.1349659407101414
Queue-nominal,0.45,4,4,32,452,808,PPM-3,40,120.0,0.0,0.8662842999999896,-0.23389900217028228,0.3419200902133829,0.18071951746143045,2.6645352591003757e-15,0.18259916577768295,2.512661805407762,0.13515547604296105
Queue-nominal,0.45,4,4,32,452,808,PPM-3,45,135.0,0.0,0.9748207000000093,-0.2340664559262072,0.3227238619572977,0.17469923482258726,3.552713678800501e-15,0.1820589326496049,2.516112327871985,0.135514102725554
Queue-nominal,0.45,4,4,32,452,808,PPM-3,50,150.0,0.0,1.0861677999999984,-0.2343968341717091,0.3025822251730379,0.16872687269394854,3.552713678800501e-15,0.18143236333851837,2.5192254110689247,0.135976825552591
Queue-nominal,0.45,4,4,32,452,808,PPM-3,55,165.0,0.0,1.198268899999988,-0.2347266813536558,0.2822463384523589,0.16272509774811048,5.329070518200751e-15,0.1808280684705876,2.521937072981289,0.13643840137250263
Queue-nominal,0.45,4,4,32,452,808,PPM-3,60,180.0,0.0,1.3041411000000096,-0.23494569016081435,0.2630914166593081,0.1565134087537527,3.552713678800501e-15,0.18032946540967856,2.524360570906159,0.1368094519110496
Queue-nominal,0.45,4,4,32,452,809,QP+G,0,0.0,0.0,5.29999999798747e-06,-0.25023393677235706,0.4454264401986543,0.20706060113024016,3.552713678800501e-15,0.17582389259965767,2.538012474836313,0.14059650346158933
Queue-nominal,0.45,4,4,32,452,809,QP+G,5,5.0,5.0,0.6695273999999927,-0.24709284994962313,0.4370743474254315,0.20039828442847685,3.552713678800501e-15,0.17714852237310724,2.5327562287595335,0.1395485182184966
Queue-nominal,0.45,4,4,32,452,809,QP+G,10,10.0,10.0,1.2952669000000014,-0.2446997409451995,0.42688841833931507,0.19505114384433195,5.329070518200751e-15,0.17806915491963968,2.53033302747318,0.13875542258177206
Queue-nominal,0.45,4,4,32,452,809,QP+G,15,15.0,15.0,1.9815107999999952,-0.243233031219774,0.4154869872134659,0.1912838642428079,4.440892098500626e-15,0.17847685156221027,2.5299071405479396,0.13837014104053047
Queue-nominal,0.45,4,4,32,452,809,QP+G,20,20.0,20.0,2.6555457999999987,-0.2424572919842078,0.40292713623741194,0.18886614753747394,5.329070518200751e-15,0.17848369867648958,2.5303385383251893,0.13834058878007977
Queue-nominal,0.45,4,4,32,452,809,QP+G,25,25.0,25.0,3.326833399999998,-0.24196735316521992,0.3893314544109093,0.18739669869301206,5.329070518200751e-15,0.17832242695138512,2.5312558816849555,0.13845357927572274
Queue-nominal,0.45,4,4,32,452,809,QP+G,30,30.0,30.0,3.995955699999996,-0.2414939148263311,0.37466855321291337,0.1863969536872685,3.552713678800501e-15,0.1781281824224449,2.5320507227689304,0.1386059900634009
Queue-nominal,0.45,4,4,32,452,809,QP+G,35,35.0,35.0,4.668592199999978,-0.24083265906973364,0.3589607108238301,0.1851806053081288,3.552713678800501e-15,0.178011863770055,2.532505786764495,0.1386983579791823
Queue-nominal,0.45,4,4,32,452,809,QP+G,40,40.0,40.0,5.3428936999999905,-0.24016493912929485,0.3432823657142774,0.1827232938041789,5.329070518200751e-15,0.17788612457404163,2.5332140760813764,0.1387868187900966
Queue-nominal,0.45,4,4,32,452,809,QP+G,45,45.0,45.0,6.016132999999996,-0.2394362333919673,0.3323907931382132,0.17816002866873806,3.552713678800501e-15,0.17777274008742544,2.5338622140144356,0.13886609075392034
Queue-nominal,0.45,4,4,32,452,809,QP+G,50,50.0,50.0,6.6931128999999885,-0.23869803016922087,0.3262319121326029,0.1715768919130041,3.552713678800501e-15,0.17766235136551192,2.534452060739454,0.13894543491135916
Queue-nominal,0.45,4,4,32,452,809,QP+G,55,55.0,55.0,7.36868579999998,-0.2379946948023038,0.32197083416659317,0.16359295988548944,3.552713678800501e-15,0.17751850554442752,2.535152010359007,0.13905244127878288
Queue-nominal,0.45,4,4,32,452,809,QP+G,60,60.0,60.0,8.066162699999978,-0.23734183943858195,0.31646441747855825,0.15522913379937572,3.552713678800501e-15,0.17738060771044042,2.535795805368876,0.1391564551648816
Queue-nominal,0.45,4,4,32,452,809,noG,0,0.0,0.0,6.600000006073969e-06,-0.25023393677235706,0.4454264401986543,0.20706060113024016,3.552713678800501e-15,0.17582389259965767,2.538012474836313,0.14059650346158933
Queue-nominal,0.45,4,4,32,452,809,noG,5,5.0,0.0,0.3404873000000066,-0.24709714227040785,0.4373943063917198,0.2003225021927157,3.552713678800501e-15,0.17714383043656992,2.532771249840985,0.13955241957179948
Queue-nominal,0.45,4,4,32,452,809,noG,10,10.0,0.0,0.6588622000000157,-0.24471570817567997,0.4281380218942107,0.194928665688498,3.552713678800501e-15,0.17803869571044226,2.5303821476847452,0.13878329651667703
Queue-nominal,0.45,4,4,32,452,809,noG,15,15.0,0.0,0.9808778000000018,-0.24321921996560847,0.4178146690319508,0.19134431774955338,7.105427357601002e-15,0.1784412308371217,2.530189616618327,0.138390894604019
Queue-nominal,0.45,4,4,32,452,809,noG,20,20.0,0.0,1.311936099999997,-0.24274738461197418,0.4067260075182376,0.18928617523188326,3.552713678800501e-15,0.17825791798783094,2.531445324306219,0.13850811757499976
Queue-nominal,0.45,4,4,32,452,809,noG,25,25.0,0.0,1.6467110000000105,-0.2428996122691068,0.3947310760417989,0.1881707181250709,2.6645352591003757e-15,0.17773385207338793,2.533770285963474,0.13890981708642902
Queue-nominal,0.45,4,4,32,452,809,noG,30,30.0,0.0,1.9825531000000183,-0.24274495441638147,0.38119927504633067,0.18742831023474052,3.552713678800501e-15,0.17735785891531206,2.5353821736557336,0.13920097405017595
Queue-nominal,0.45,4,4,32,452,809,noG,35,35.0,0.0,2.3043203000000005,-0.24222710119868887,0.3663648252510606,0.18660425580741855,3.552713678800501e-15,0.1771571024304612,2.5361529548053023,0.1393611631061018
Queue-nominal,0.45,4,4,32,452,809,noG,40,40.0,0.0,2.641303700000009,-0.24155597707666257,0.35100805896896037,0.18515649257370184,3.552713678800501e-15,0.17702672663934108,2.536616206276811,0.13946715724082692
Queue-nominal,0.45,4,4,32,452,809,noG,45,45.0,0.0,2.9826156999999967,-0.24087441443237587,0.33913151381781476,0.18220279943747436,3.552713678800501e-15,0.17689969046391785,2.537305802157151,0.13955789889623205
Queue-nominal,0.45,4,4,32,452,809,noG,50,50.0,0.0,3.3146157000000187,-0.24009653111458398,0.33357545343602046,0.17691050868525643,3.552713678800501e-15,0.17680824807617143,2.537850758125446,0.1396206593909103
Queue-nominal,0.45,4,4,32,452,809,noG,55,55.0,0.0,3.664820800000001,-0.2392836197973771,0.32959704820210434,0.1694160954466057,3.552713678800501e-15,0.1767336824586603,2.5383003476035455,0.13967156240431125
Queue-nominal,0.45,4,4,32,452,809,noG,60,60.0,0.0,3.9748028000000204,-0.23849897483932847,0.324068659614611,0.1608911126143279,3.552713678800501e-15,0.1766694005477585,2.5386793195292414,0.1397158984243869
Queue-nominal,0.45,4,4,32,452,809,Minimax-PPO,0,0.0,0.0,7.800000020097286e-06,-0.25023393677235706,0.4454264401986543,0.20706060113024016,3.552713678800501e-15,0.17582389259965767,2.538012474836313,0.14059650346158933
Queue-nominal,0.45,4,4,32,452,809,Minimax-PPO,5,5.0,0.0,0.08903800000001638,-0.2986568662469442,0.5046448663299672,0.048970958999263944,3.552713678800501e-15,0.13704717043170717,2.6788508464367147,0.17196067975583432
Queue-nominal,0.45,4,4,32,452,809,Minimax-PPO,10,10.0,0.0,0.16875380000001883,-0.44763588810073746,0.6810777388307374,0.12614952373836583,7.105427357601002e-15,0.05505939830148139,2.9390650039260406,0.24025296991293754
Queue-nominal,0.45,4,4,32,452,809,Minimax-PPO,15,15.0,0.0,0.24823180000001344,-0.37420532315091204,0.6076471738809149,5.876888660787624e-06,3.552713678800501e-15,0.09717930205419087,2.8038730862934025,0.20524843024615622
Queue-nominal,0.45,4,4,32,452,809,Minimax-PPO,20,20.0,0.0,0.3294941000000051,-0.3914630338267218,0.6249048845567248,6.35639197990584e-05,5.329070518200751e-15,0.08677607406860452,2.8342905787607986,0.21405073757556387
Queue-nominal,0.45,4,4,32,452,809,Minimax-PPO,25,25.0,0.0,0.4034513000000004,-0.39039075570232035,0.6238326064323233,5.752278853996373e-08,5.329070518200751e-15,0.08730895618737208,2.830699382500629,0.21370686578627973
Queue-nominal,0.45,4,4,32,452,809,Minimax-PPO,30,30.0,0.0,0.47873630000000844,-0.3903907558511337,0.6238326065811366,4.506412346640929e-12,5.329070518200751e-15,0.08730895618737253,2.8306993825006255,0.21370686578627912
Queue-nominal,0.45,4,4,32,452,809,Minimax-PPO,35,35.0,0.0,0.5561129000000165,-0.3903907368683207,0.6238325875983236,2.88026089906352e-06,5.329070518200751e-15,0.08730895618737253,2.830699382500625,0.21370686578627912
Queue-nominal,0.45,4,4,32,452,809,Minimax-PPO,40,40.0,0.0,0.6307357999999965,-0.3903297424516243,0.6237715931816272,3.1593533363630594e-07,3.552713678800501e-15,0.08729957502016422,2.830764162289487,0.21371283749091596
Queue-nominal,0.45,4,4,32,452,809,Minimax-PPO,45,45.0,0.0,0.7113921000000119,-0.3903907558510766,0.6238326065810795,7.45609929783455e-11,5.329070518200751e-15,0.08730895618737253,2.830699382500625,0.21370686578627912
Queue-nominal,0.45,4,4,32,452,809,Minimax-PPO,50,50.0,0.0,0.8001950000000022,-0.39032572385138464,0.6237675745813875,5.848154419511913e-08,5.329070518200751e-15,0.08729432046985573,2.8307919183763413,0.21371663119454773
Queue-nominal,0.45,4,4,32,452,809,Minimax-PPO,55,55.0,0.0,0.8877240000000199,-0.3903907558511368,0.6238326065811397,7.772642299307795e-17,3.552713678800501e-15,0.08730895618737253,2.830699382500627,0.2137068657862792
Queue-nominal,0.45,4,4,32,452,809,Minimax-PPO,60,60.0,0.0,0.9640576000000181,-0.3903907558511368,0.6238326065811397,7.772643013588823e-17,3.552713678800501e-15,0.08730895618737253,2.830699382500627,0.2137068657862792
Queue-nominal,0.45,4,4,32,452,809,GDA,0,0.0,0.0,7.100000004811591e-06,-0.25023393677235706,0.4454264401986543,0.20706060113024016,3.552713678800501e-15,0.17582389259965767,2.538012474836313,0.14059650346158933
Queue-nominal,0.45,4,4,32,452,809,GDA,5,5.0,0.0,0.050381099999981416,-0.24709714227040785,0.4373943063917198,0.2003225021927157,3.552713678800501e-15,0.17714383043656992,2.532771249840985,0.13955241957179948
Queue-nominal,0.45,4,4,32,452,809,GDA,10,10.0,0.0,0.09759180000000356,-0.24471570817567997,0.4281380218942107,0.194928665688498,3.552713678800501e-15,0.17803869571044226,2.5303821476847452,0.13878329651667703
Queue-nominal,0.45,4,4,32,452,809,GDA,15,15.0,0.0,0.15065899999999033,-0.24321921996560847,0.4178146690319508,0.19134431774955338,7.105427357601002e-15,0.1784412308371217,2.530189616618327,0.138390894604019
Queue-nominal,0.45,4,4,32,452,809,GDA,20,20.0,0.0,0.20646650000000477,-0.24274738461197418,0.4067260075182376,0.18928617523188326,3.552713678800501e-15,0.17825791798783094,2.531445324306219,0.13850811757499976
Queue-nominal,0.45,4,4,32,452,809,GDA,25,25.0,0.0,0.25158579999998665,-0.2428996122691068,0.3947310760417989,0.1881707181250709,2.6645352591003757e-15,0.17773385207338793,2.533770285963474,0.13890981708642902
Queue-nominal,0.45,4,4,32,452,809,GDA,30,30.0,0.0,0.29501529999998866,-0.24274495441638147,0.38119927504633067,0.18742831023474052,3.552713678800501e-15,0.17735785891531206,2.5353821736557336,0.13920097405017595
Queue-nominal,0.45,4,4,32,452,809,GDA,35,35.0,0.0,0.340492299999994,-0.24222710119868887,0.3663648252510606,0.18660425580741855,3.552713678800501e-15,0.1771571024304612,2.5361529548053023,0.1393611631061018
Queue-nominal,0.45,4,4,32,452,809,GDA,40,40.0,0.0,0.399503100000004,-0.24155597707666257,0.35100805896896037,0.18515649257370184,3.552713678800501e-15,0.17702672663934108,2.536616206276811,0.13946715724082692
Queue-nominal,0.45,4,4,32,452,809,GDA,45,45.0,0.0,0.4539398999999946,-0.24087441443237587,0.33913151381781476,0.18220279943747436,3.552713678800501e-15,0.17689969046391785,2.537305802157151,0.13955789889623205
Queue-nominal,0.45,4,4,32,452,809,GDA,50,50.0,0.0,0.49821589999999105,-0.24009653111458398,0.33357545343602046,0.17691050868525643,3.552713678800501e-15,0.17680824807617143,2.537850758125446,0.1396206593909103
Queue-nominal,0.45,4,4,32,452,809,GDA,55,55.0,0.0,0.5479679000000033,-0.2392836197973771,0.32959704820210434,0.1694160954466057,3.552713678800501e-15,0.1767336824586603,2.5383003476035455,0.13967156240431125
Queue-nominal,0.45,4,4,32,452,809,GDA,60,60.0,0.0,0.5926412999999968,-0.23849897483932847,0.324068659614611,0.1608911126143279,3.552713678800501e-15,0.1766694005477585,2.5386793195292414,0.1397158984243869
Queue-nominal,0.45,4,4,32,452,809,EGM,0,0.0,0.0,6.2000000013995304e-06,-0.25023393677235706,0.4454264401986543,0.20706060113024016,3.552713678800501e-15,0.17582389259965767,2.538012474836313,0.14059650346158933
Queue-nominal,0.45,4,4,32,452,809,EGM,5,5.0,0.0,0.06092380000001185,-0.24709805560419912,0.4370562058169857,0.20040778395171086,3.552713678800501e-15,0.1771450693570173,2.532768801294922,0.13955130952219794
Queue-nominal,0.45,4,4,32,452,809,EGM,10,10.0,0.0,0.12099680000000035,-0.24471371173402673,0.42746818832077377,0.194997593381989,3.552713678800501e-15,0.17804998273423348,2.530377308080531,0.1387722642088967
Queue-nominal,0.45,4,4,32,452,809,EGM,15,15.0,0.0,0.1808753999999908,-0.24323357378054838,0.41687055094666947,0.191318634131977,3.552713678800501e-15,0.17844878626750774,2.5301065255644555,0.138387712386995
Queue-nominal,0.45,4,4,32,452,809,EGM,20,20.0,0.0,0.24134440000000268,-0.2426370942919097,0.4054187656307263,0.18913594049190546,3.552713678800501e-15,0.1783374634062339,2.5310763944195247,0.13844798951905396
Queue-nominal,0.45,4,4,32,452,809,EGM,25,25.0,0.0,0.30377189999998677,-0.24264694952486557,0.3930910058494532,0.18791387563440837,3.552713678800501e-15,0.17789267293571462,2.5330912614295324,0.13878673435746783
Queue-nominal,0.45,4,4,32,452,809,EGM,30,30.0,0.0,0.37531459999999583,-0.2424008641000465,0.37930818898130947,0.18710874529267618,3.552713678800501e-15,0.17756644316476877,2.534481198930243,0.13903980952311357
Queue-nominal,0.45,4,4,32,452,809,EGM,35,35.0,0.0,0.4402479000000028,-0.24185528453661267,0.3642982056132113,0.18622141164961176,3.552713678800501e-15,0.17738091861516486,2.5351803097947303,0.13918853876406015
Queue-nominal,0.45,4,4,32,452,809,EGM,40,40.0,0.0,0.506099799999987,-0.24119981977237978,0.3488832083116661,0.18457300619788058,3.552713678800501e-15,0.17724337045567265,2.535748593868755,0.1392961772354453
Queue-nominal,0.45,4,4,32,452,809,EGM,45,45.0,0.0,0.5697644999999909,-0.240512868141275,0.3374481078669638,0.18120493933289478,3.552713678800501e-15,0.17711485798515028,2.5364651067812125,0.139386978500049
Queue-nominal,0.45,4,4,32,452,809,EGM,50,50.0,0.0,0.6331485999999984,-0.2397444125531238,0.33182512607967984,0.17548214688926614,4.440892098500626e-15,0.17701462620722344,2.5370401814946995,0.13945694318779245
Queue-nominal,0.45,4,4,32,452,809,EGM,55,55.0,0.0,0.7100824000000046,-0.23896222304579523,0.32757761509989225,0.16783592634948827,5.329070518200751e-15,0.17692664538300823,2.537533099208227,0.1395189809744536
Queue-nominal,0.45,4,4,32,452,809,EGM,60,60.0,0.0,0.7787946999999917,-0.2382156316170273,0.32184570642648525,0.15946591821386677,3.552713678800501e-15,0.17685106524765853,2.5379450364328893,0.1395728802032419
Queue-nominal,0.45,4,4,32,452,809,PPM-3,0,0.0,0.0,6.100000007336348e-06,-0.25023393677235706,0.4454264401986543,0.20706060113024016,3.552713678800501e-15,0.17582389259965767,2.538012474836313,0.14059650346158933
Queue-nominal,0.45,4,4,32,452,809,PPM-3,5,15.0,0.0,0.11380080000000703,-0.24709288839423085,0.4370529190610626,0.20040162028147795,3.552713678800501e-15,0.17714778395554268,2.5327576508125476,0.13954918179116588
Queue-nominal,0.45,4,4,32,452,809,PPM-3,10,30.0,0.0,0.22413760000000593,-0.24470627146738358,0.4274665731026724,0.19498945365924167,3.552713678800501e-15,0.17805379900488014,2.530359719651879,0.1387693736450214
Queue-nominal,0.45,4,4,32,452,809,PPM-3,15,45.0,0.0,0.31713949999999613,-0.24322429896038922,0.416871721972786,0.19131200468226342,3.552713678800501e-15,0.1784535246613824,2.530085166937354,0.13838409813138833
Queue-nominal,0.45,4,4,32,452,809,PPM-3,20,60.0,0.0,0.4130837000000156,-0.24262650986918718,0.40542232712247667,0.18913283903362893,3.552713678800501e-15,0.17834281583398756,2.531052194212115,0.1384439107864275
Queue-nominal,0.45,4,4,32,452,809,PPM-3,25,75.0,0.0,0.5070287000000064,-0.24263602998254788,0.39309580374214415,0.18791528860269116,3.552713678800501e-15,0.17789821760196495,2.533067613474208,0.1387824343204455
Queue-nominal,0.45,4,4,32,452,809,PPM-3,30,90.0,0.0,0.6125823000000139,-0.24239099178423723,0.379313049785331,0.18711450235571706,3.552713678800501e-15,0.17757141014318567,2.534459906794232,0.13903596318343395
Queue-nominal,0.45,4,4,32,452,809,PPM-3,35,105.0,0.0,0.7145883999999967,-0.24184791956344523,0.36430239000525155,0.18622912311840542,3.552713678800501e-15,0.17738451348860834,2.535164660867707,0.1391857675183548
Queue-nominal,0.45,4,4,32,452,809,PPM-3,40,120.0,0.0,0.8071759999999983,-0.241195801951753,0.3488856322621293,0.18457843194274218,3.552713678800501e-15,0.17724514811130831,2.535741738095024,0.1392947604100066
Queue-nominal,0.45,4,4,32,452,809,PPM-3,45,135.0,0.0,0.9053418000000022,-0.24051125298269582,0.337444003777459,0.18120583213555275,5.329070518200751e-15,0.1771152029748731,2.5364636567117422,0.13938670982977217
Queue-nominal,0.45,4,4,32,452,809,PPM-3,50,150.0,0.0,0.9986762999999996,-0.2397449445204345,0.3318231099558263,0.17548042965405453,5.329070518200751e-15,0.17701372144968872,2.5370433490685964,0.1394576812309116
Queue-nominal,0.45,4,4,32,452,809,PPM-3,55,165.0,0.0,1.098396600000001,-0.23896429779211167,0.32758008730411514,0.1678337701718817,3.552713678800501e-15,0.17692483700041395,2.5375395798003937,0.13952044827325014
Queue-nominal,0.45,4,4,32,452,809,PPM-3,60,180.0,0.0,1.2036058000000196,-0.23821862312481565,0.32185109907058407,0.15946319393658362,3.552713678800501e-15,0.17684866979919361,2.5379536697482474,0.13957482126668788
Queue-nominal,0.45,4,4,32,452,810,QP+G,0,0.0,0.0,8.40000001289809e-06,-0.31887972165967887,0.4490451645945518,0.15867797649437376,3.552713678800501e-15,0.14039441981523815,2.669664080307158,0.1690969443791223
Queue-nominal,0.45,4,4,32,452,810,QP+G,5,5.0,5.0,0.6772441999999899,-0.3064882088568331,0.4372862998172308,0.1574960078136607,5.329070518200751e-15,0.14666689527672094,2.6455768485804647,0.16409221795588674
Queue-nominal,0.45,4,4,32,452,810,QP+G,10,10.0,10.0,1.3402924000000098,-0.29306807862714884,0.4229353700496401,0.15671444944862084,3.552713678800501e-15,0.15354913249835087,2.620938751921797,0.15850672266366034
Queue-nominal,0.45,4,4,32,452,810,QP+G,15,15.0,15.0,2.003537200000011,-0.28046272405895045,0.40803694583696887,0.15602967543981952,3.552713678800501e-15,0.16007960326845716,2.5990772598003895,0.15312685674204918
Queue-nominal,0.45,4,4,32,452,810,QP+G,20,20.0,20.0,2.6782597000000123,-0.2727204212414231,0.3978723992704245,0.15533633986981363,3.552713678800501e-15,0.16405425939429588,2.5857386662370736,0.149854231856385
Queue-nominal,0.45,4,4,32,452,810,QP+G,25,25.0,25.0,3.3546756000000073,-0.26562188779212587,0.38939157998102947,0.15474298389263205,3.552713678800501e-15,0.16767555702713663,2.5727058402390846,0.14691887243396462
Queue-nominal,0.45,4,4,32,452,810,QP+G,30,30.0,30.0,4.067458700000003,-0.25671354597565915,0.38036430045659475,0.15435847796322952,5.329070518200751e-15,0.1722741606607444,2.5561666715217295,0.14319075136442821
Queue-nominal,0.45,4,4,32,452,810,QP+G,35,35.0,35.0,5.019749499999989,-0.2484676149681475,0.3711774370459545,0.15410205307278865,3.552713678800501e-15,0.1765064071802128,2.5399146720022667,0.1398138732407211
Queue-nominal,0.45,4,4,32,452,810,QP+G,40,40.0,40.0,5.690905799999996,-0.2423610025318063,0.3629600522228531,0.15376114600444452,5.329070518200751e-15,0.1796076286933734,2.527152769941043,0.1373843307834142
Queue-nominal,0.45,4,4,32,452,810,QP+G,45,45.0,45.0,6.391591900000009,-0.2375716444161881,0.35463776390266016,0.15316313668480422,4.440892098500626e-15,0.1819562865616378,2.515963645656791,0.13562457419326795
Queue-nominal,0.45,4,4,32,452,810,QP+G,50,50.0,50.0,7.037705200000005,-0.233591715484872,0.3458113422969481,0.15217760038230052,5.329070518200751e-15,0.18390482779816056,2.5074155123635236,0.1341259347090223
Queue-nominal,0.45,4,4,32,452,810,QP+G,55,55.0,55.0,7.713854599999991,-0.22821366642826668,0.33432885108323085,0.1506245741222772,3.552713678800501e-15,0.186532480523411,2.4964027660207035,0.13207790021234173
Queue-nominal,0.45,4,4,32,452,810,QP+G,60,60.0,60.0,8.438757600000002,-0.22748598418203356,0.3263807360597423,0.14832081649180967,3.552713678800501e-15,0.18679542899296267,2.496378316235043,0.13181623857361435
Queue-nominal,0.45,4,4,32,452,810,noG,0,0.0,0.0,9.199999993825259e-06,-0.31887972165967887,0.4490451645945518,0.15867797649437376,3.552713678800501e-15,0.14039441981523815,2.669664080307158,0.1690969443791223
Queue-nominal,0.45,4,4,32,452,810,noG,5,5.0,0.0,0.30791499999997995,-0.3081334483010098,0.44031133786446075,0.15856325951830533,3.552713678800501e-15,0.14576841380135455,2.6488058939140893,0.16482074967685148
Queue-nominal,0.45,4,4,32,452,810,noG,10,10.0,0.0,0.6266947000000016,-0.29629924608076263,0.4289684681573279,0.1588104638553416,3.552713678800501e-15,0.15177338509353827,2.62720835942811,0.15995249072603554
Queue-nominal,0.45,4,4,32,452,810,noG,15,15.0,0.0,0.9381581999999753,-0.28498088608603217,0.4166211138040291,0.15914829238347963,5.329070518200751e-15,0.1575705262667373,2.607775593419291,0.1551781267111951
Queue-nominal,0.45,4,4,32,452,810,noG,20,20.0,0.0,1.2513318000000027,-0.2782156231625063,0.4080102288830063,0.15934233789097482,3.552713678800501e-15,0.1610061862259454,2.597009156696586,0.1523091213163401
Queue-nominal,0.45,4,4,32,452,810,noG,25,25.0,0.0,1.5970954000000006,-0.27275416999935465,0.4010104417684731,0.15941385817875886,3.552713678800501e-15,0.1637255958865005,2.587607557534945,0.15008453266429259
Queue-nominal,0.45,4,4,32,452,810,noG,30,30.0,0.0,1.9474205999999867,-0.2652438098975152,0.39393472468196045,0.15958918926559634,3.552713678800501e-15,0.16752565774914838,2.57379875332632,0.14701124997051923
Queue-nominal,0.45,4,4,32,452,810,noG,35,35.0,0.0,2.2790813999999955,-0.25590697122804407,0.38515668202430625,0.16003740474548495,3.552713678800501e-15,0.1723298000934518,2.556517748833083,0.1431166341784917
Queue-nominal,0.45,4,4,32,452,810,noG,40,40.0,0.0,2.61836839999998,-0.2501899869541325,0.3793456851248412,0.16066366121610998,3.552713678800501e-15,0.17523602423583823,2.5449321059735426,0.14082018071292324
Queue-nominal,0.45,4,4,32,452,810,noG,45,45.0,0.0,2.9328562999999974,-0.24480363787647605,0.3726060349452757,0.16117787001509506,2.6645352591003757e-15,0.17794117709555352,2.5330066642868974,0.13874268267882095
Queue-nominal,0.45,4,4,32,452,810,noG,50,50.0,0.0,3.250242799999995,-0.24103682054961562,0.3661161938144361,0.1613170480691512,3.552713678800501e-15,0.1797970218846834,2.524209970110039,0.13734982179373573
Queue-nominal,0.45,4,4,32,452,810,noG,55,55.0,0.0,3.558822599999985,-0.23667878127507247,0.35752877886786394,0.16089033130727143,3.552713678800501e-15,0.18195053460606567,2.514962762867745,0.13568300419036938
Queue-nominal,0.45,4,4,32,452,810,noG,60,60.0,0.0,3.8686515999999926,-0.2321098732540093,0.3472650649801511,0.15965742921599527,2.6645352591003757e-15,0.1842017912795883,2.5064319463031905,0.13388073786234964
Queue-nominal,0.45,4,4,32,452,810,Minimax-PPO,0,0.0,0.0,6.300000023884422e-06,-0.31887972165967887,0.4490451645945518,0.15867797649437376,3.552713678800501e-15,0.14039441981523815,2.669664080307158,0.1690969443791223
Queue-nominal,0.45,4,4,32,452,810,Minimax-PPO,5,5.0,0.0,0.07460160000002247,-0.24025789751354076,0.4462603421041432,7.84015381325119e-05,3.552713678800501e-15,0.16904865229561997,2.567101095090607,0.14584076375224284
Queue-nominal,0.45,4,4,32,452,810,Minimax-PPO,10,10.0,0.0,0.15744220000001974,-0.42718273928201,0.6331976741415105,0.02603988971326979,5.329070518200751e-15,0.06692131253952686,2.8933055079107453,0.23079945020201295
Queue-nominal,0.45,4,4,32,452,810,Minimax-PPO,15,15.0,0.0,0.24365350000002195,-0.44723538162619014,0.6532503164856908,6.984460795159729e-10,5.329070518200751e-15,0.05552292788057381,2.9207927133997122,0.24075113983523103
Queue-nominal,0.45,4,4,32,452,810,Minimax-PPO,20,20.0,0.0,0.3349370000000249,-0.4472306869326894,0.6532456217921901,0.00021254857405459725,5.329070518200751e-15,0.055522928424350165,2.920792709805078,0.24075113948064542
Queue-nominal,0.45,4,4,32,452,810,Minimax-PPO,25,25.0,0.0,0.41391640000000507,-0.4675811983691754,0.6735961332286763,0.040570139695250675,5.329070518200751e-15,0.046250638946335174,2.9388946833109055,0.2490706935109855
Queue-nominal,0.45,4,4,32,452,810,Minimax-PPO,30,30.0,0.0,0.5141806000000031,-0.5280068669483787,0.7340218018078797,9.016679280492539e-12,5.329070518200751e-15,0.01341308328846404,3.0275252206256,0.277243484047031
Queue-nominal,0.45,4,4,32,452,810,Minimax-PPO,35,35.0,0.0,0.6062152000000083,-0.5280068669488102,0.7340218018083111,3.070125623368853e-14,3.552713678800501e-15,0.013413083288152106,3.0275252206273064,0.27724348404725363
Queue-nominal,0.45,4,4,32,452,810,Minimax-PPO,40,40.0,0.0,0.6884338000000128,-0.5280068669488102,0.7340218018083111,3.0300747699140914e-14,3.552713678800501e-15,0.013413083288152106,3.0275252206273064,0.27724348404725363
Queue-nominal,0.45,4,4,32,452,810,Minimax-PPO,45,45.0,0.0,0.7723697000000129,-0.5280068669488102,0.7340218018083111,2.9899335250156487e-14,3.552713678800501e-15,0.013413083288152106,3.0275252206273064,0.27724348404725363
Queue-nominal,0.45,4,4,32,452,810,Minimax-PPO,50,50.0,0.0,0.8595254000000239,-0.5280068669488102,0.7340218018083112,2.941596255147358e-14,3.552713678800501e-15,0.013413083288152106,3.0275252206273064,0.27724348404725363
Queue-nominal,0.45,4,4,32,452,810,Minimax-PPO,55,55.0,0.0,0.9348917000000085,-0.5280068669488102,0.7340218018083113,2.887035552481245e-14,3.552713678800501e-15,0.013413083288152106,3.0275252206273064,0.27724348404725363
Queue-nominal,0.45,4,4,32,452,810,Minimax-PPO,60,60.0,0.0,1.0088479000000063,-0.5280068669488102,0.7340218018083113,2.8169036097772788e-14,3.552713678800501e-15,0.013413083288152106,3.0275252206273064,0.27724348404725363
Queue-nominal,0.45,4,4,32,452,810,GDA,0,0.0,0.0,5.899999990788274e-06,-0.31887972165967887,0.4490451645945518,0.15867797649437376,3.552713678800501e-15,0.14039441981523815,2.669664080307158,0.1690969443791223
Queue-nominal,0.45,4,4,32,452,810,GDA,5,5.0,0.0,0.04930469999999332,-0.3081334483010098,0.44031133786446075,0.15856325951830533,3.552713678800501e-15,0.14576841380135455,2.6488058939140893,0.16482074967685148
Queue-nominal,0.45,4,4,32,452,810,GDA,10,10.0,0.0,0.09441259999999829,-0.29629924608076263,0.4289684681573279,0.1588104638553416,3.552713678800501e-15,0.15177338509353827,2.62720835942811,0.15995249072603554
Queue-nominal,0.45,4,4,32,452,810,GDA,15,15.0,0.0,0.14013499999998658,-0.28498088608603217,0.4166211138040291,0.15914829238347963,5.329070518200751e-15,0.1575705262667373,2.607775593419291,0.1551781267111951
Queue-nominal,0.45,4,4,32,452,810,GDA,20,20.0,0.0,0.1972942999999816,-0.2782156231625063,0.4080102288830063,0.15934233789097482,3.552713678800501e-15,0.1610061862259454,2.597009156696586,0.1523091213163401
Queue-nominal,0.45,4,4,32,452,810,GDA,25,25.0,0.0,0.24053820000000314,-0.27275416999935465,0.4010104417684731,0.15941385817875886,3.552713678800501e-15,0.1637255958865005,2.587607557534945,0.15008453266429259
Queue-nominal,0.45,4,4,32,452,810,GDA,30,30.0,0.0,0.2835338999999806,-0.2652438098975152,0.39393472468196045,0.15958918926559634,3.552713678800501e-15,0.16752565774914838,2.57379875332632,0.14701124997051923
Queue-nominal,0.45,4,4,32,452,810,GDA,35,35.0,0.0,0.32925240000000144,-0.25590697122804407,0.38515668202430625,0.16003740474548495,3.552713678800501e-15,0.1723298000934518,2.556517748833083,0.1431166341784917
Queue-nominal,0.45,4,4,32,452,810,GDA,40,40.0,0.0,0.3951577999999927,-0.2501899869541325,0.3793456851248412,0.16066366121610998,3.552713678800501e-15,0.17523602423583823,2.5449321059735426,0.14082018071292324
Queue-nominal,0.45,4,4,32,452,810,GDA,45,45.0,0.0,0.4509841999999935,-0.24480363787647605,0.3726060349452757,0.16117787001509506,2.6645352591003757e-15,0.17794117709555352,2.5330066642868974,0.13874268267882095
Queue-nominal,0.45,4,4,32,452,810,GDA,50,50.0,0.0,0.49511739999999804,-0.24103682054961562,0.3661161938144361,0.1613170480691512,3.552713678800501e-15,0.1797970218846834,2.524209970110039,0.13734982179373573
Queue-nominal,0.45,4,4,32,452,810,GDA,55,55.0,0.0,0.5379068999999959,-0.23667878127507247,0.35752877886786394,0.16089033130727143,3.552713678800501e-15,0.18195053460606567,2.514962762867745,0.13568300419036938
Queue-nominal,0.45,4,4,32,452,810,GDA,60,60.0,0.0,0.5814203999999847,-0.2321098732540093,0.3472650649801511,0.15965742921599527,2.6645352591003757e-15,0.1842017912795883,2.5064319463031905,0.13388073786234964
Queue-nominal,0.45,4,4,32,452,810,EGM,0,0.0,0.0,6.2000000013995304e-06,-0.31887972165967887,0.4490451645945518,0.15867797649437376,3.552713678800501e-15,0.14039441981523815,2.669664080307158,0.1690969443791223
Queue-nominal,0.45,4,4,32,452,810,EGM,5,5.0,0.0,0.06330220000000963,-0.30778201393583154,0.43966377015166125,0.1583343593903001,5.329070518200751e-15,0.1459606147488728,2.6481166641485276,0.1646648239801526
Queue-nominal,0.45,4,4,32,452,810,EGM,10,10.0,0.0,0.1365359000000126,-0.2956081424856062,0.4276761940231518,0.1583564654270806,4.440892098500626e-15,0.15215400224814496,2.6258694437906254,0.1596423428155067
Queue-nominal,0.45,4,4,32,452,810,EGM,15,15.0,0.0,0.22005939999999669,-0.2839918057275806,0.4147514726548285,0.1584648496043591,3.552713678800501e-15,0.15812134488611948,2.6058983187045137,0.15472611202416992
Queue-nominal,0.45,4,4,32,452,810,EGM,20,20.0,0.0,0.30027820000000816,-0.2770291002758573,0.40584103538237204,0.158456925527776,3.552713678800501e-15,0.16166635312364136,2.5945801594865068,0.15177679637706923
Queue-nominal,0.45,4,4,32,452,810,EGM,25,25.0,0.0,0.3685141999999928,-0.2712087437252349,0.3985065802151764,0.15838344531131313,3.552713678800501e-15,0.1645851755858192,2.584384889832654,0.14939456705456772
Queue-nominal,0.45,4,4,32,452,810,EGM,30,30.0,0.0,0.42674429999999575,-0.2633498988284972,0.39098897868531046,0.1584545876923427,3.552713678800501e-15,0.16858296808025183,2.569866523027495,0.14616089912882793
Queue-nominal,0.45,4,4,32,452,810,EGM,35,35.0,0.0,0.4866729000000021,-0.2540547115883642,0.3819754035565886,0.1587800440947263,3.552713678800501e-15,0.1733703575818194,2.5524881206499828,0.14228816238397138
Queue-nominal,0.45,4,4,32,452,810,EGM,40,40.0,0.0,0.547440899999998,-0.24840822986848204,0.3758075248844006,0.15921892351129546,3.552713678800501e-15,0.17623766557415924,2.5408905267874267,0.14003125406860809
Queue-nominal,0.45,4,4,32,452,810,EGM,45,45.0,0.0,0.610266700000011,-0.24308309752199844,0.36863514927676244,0.15949741109929036,3.552713678800501e-15,0.17889938052060525,2.52894373556646,0.13799831760747638
Queue-nominal,0.45,4,4,32,452,810,EGM,50,50.0,0.0,0.6705451999999923,-0.2393535348007138,0.3616774918830162,0.15939421063418963,3.552713678800501e-15,0.18073330921133135,2.5203942468130918,0.13661436200903254
Queue-nominal,0.45,4,4,32,452,810,EGM,55,55.0,0.0,0.7376394000000062,-0.23469976877773713,0.35233137389718616,0.15872239173682423,3.552713678800501e-15,0.18302292252007216,2.510582211678439,0.13484117160211592
Queue-nominal,0.45,4,4,32,452,810,EGM,60,60.0,0.0,0.7973226999999952,-0.23107065336855792,0.3426268102163561,0.15723628212560903,3.552713678800501e-15,0.18479399766809357,2.5042854853538126,0.1334015031027584
Queue-nominal,0.45,4,4,32,452,810,PPM-3,0,0.0,0.0,8.199999996350016e-06,-0.31887972165967887,0.4490451645945518,0.15867797649437376,3.552713678800501e-15,0.14039441981523815,2.669664080307158,0.1690969443791223
Queue-nominal,0.45,4,4,32,452,810,PPM-3,5,15.0,0.0,0.09753290000000447,-0.3077827062576026,0.43966364594450863,0.15833620055418246,3.552713678800501e-15,0.14596039420963364,2.648119289243871,0.16466490635647876
Queue-nominal,0.45,4,4,32,452,810,PPM-3,10,30.0,0.0,0.19307150000000206,-0.2956105002121552,0.427678643996083,0.1583577888498299,5.329070518200751e-15,0.15215306781315968,2.6258767013891315,0.15964289527162323
Queue-nominal,0.45,4,4,32,452,810,PPM-3,15,45.0,0.0,0.29492890000000216,-0.28399033092686565,0.4147522441119076,0.15846547568149424,3.552713678800501e-15,0.15812273189998036,2.6059019217021318,0.15472453537885564
Queue-nominal,0.45,4,4,32,452,810,PPM-3,20,60.0,0.0,0.3937742999999898,-0.27702710572053507,0.4058401419010511,0.15845803030650443,8.881784197001252e-15,0.16166773277978533,2.5945750539511834,0.15177568543331027
Queue-nominal,0.45,4,4,32,452,810,PPM-3,25,75.0,0.0,0.48756009999999605,-0.27120789302254394,0.3984986217081956,0.15838582760363706,3.552713678800501e-15,0.16458602115854828,2.5843816838606375,0.14939389021720806
Queue-nominal,0.45,4,4,32,452,810,PPM-3,30,90.0,0.0,0.5830829999999878,-0.2633515213970482,0.39097053465155773,0.15845771319218876,3.552713678800501e-15,0.16858248692121133,2.569868654594788,0.1461612681001159
Queue-nominal,0.45,4,4,32,452,810,PPM-3,35,105.0,0.0,0.6778434999999945,-0.25404642928781707,0.3819399608189605,0.15878258426075875,3.552713678800501e-15,0.17337506859725638,2.5524766576814266,0.14228405468266903
Queue-nominal,0.45,4,4,32,452,810,PPM-3,40,120.0,0.0,0.7891655999999898,-0.2483929592138804,0.37575968767741297,0.15922015704500295,3.552713678800501e-15,0.17624543039673843,2.540861857284112,0.14002499816725622
Queue-nominal,0.45,4,4,32,452,810,PPM-3,45,135.0,0.0,0.8961060999999972,-0.24306385693980886,0.3685806689107436,0.15949782119568187,3.552713678800501e-15,0.1789089932466644,2.528910431928393,0.13799045770447327
Queue-nominal,0.45,4,4,32,452,810,PPM-3,50,150.0,0.0,0.9918235000000095,-0.23933385238578422,0.3616226389627627,0.159394514854488,3.552713678800501e-15,0.180742660496193,2.5203564533059146,0.13660699985612748
Queue-nominal,0.45,4,4,32,452,810,PPM-3,55,165.0,0.0,1.1077138999999931,-0.23468500673903744,0.35228468464984086,0.15872262825678912,3.552713678800501e-15,0.18302962062747705,2.5105548954499826,0.1348359111909453
Queue-nominal,0.45,4,4,32,452,810,PPM-3,60,180.0,0.0,1.2188103999999953,-0.23105191307143275,0.3425808811391314,0.15723606939873142,7.105427357601002e-15,0.1848026714593054,2.504249474962145,0.1333947245953189
Queue-nominal,0.45,4,4,32,452,811,QP+G,0,0.0,0.0,5.7999999967250915e-06,-0.2905020687005793,0.402339643710674,0.20132981983919387,5.329070518200751e-15,0.15469281077960725,2.619873774886329,0.1574190958053234
Queue-nominal,0.45,4,4,32,452,811,QP+G,5,5.0,5.0,0.6234750000000133,-0.2800403333646062,0.3863731206708614,0.19817710896603666,3.552713678800501e-15,0.1602546783711897,2.59983930299328,0.15291167410284856
Queue-nominal,0.45,4,4,32,452,811,QP+G,10,10.0,10.0,1.2117489999999975,-0.27189319127354333,0.3708818954835059,0.19133473549734697,5.329070518200751e-15,0.164410995194359,2.5849051029168613,0.14954136781001698
Queue-nominal,0.45,4,4,32,452,811,QP+G,15,15.0,15.0,1.8515391999999906,-0.26563797945051354,0.35385120449676344,0.18365516456682157,3.552713678800501e-15,0.16744827745733895,2.5735650902356912,0.14710092831973023
Queue-nominal,0.45,4,4,32,452,811,QP+G,20,20.0,20.0,2.5300195000000087,-0.25943382207272037,0.33494656207875484,0.17728495123693527,3.552713678800501e-15,0.17039852494534483,2.561931183540893,0.14476299171039786
Queue-nominal,0.45,4,4,32,452,811,QP+G,25,25.0,25.0,3.200243599999993,-0.2544649069924846,0.319221015356473,0.172541637920408,4.440892098500626e-15,0.17264270248968444,2.5518793758527663,0.1430478566759596
Queue-nominal,0.45,4,4,32,452,811,QP+G,30,30.0,30.0,3.802560099999994,-0.2520668485891011,0.30914407191784854,0.16879809835185472,2.6645352591003757e-15,0.1735116279162116,2.5476121476876643,0.1424035222054911
Queue-nominal,0.45,4,4,32,452,811,QP+G,35,35.0,35.0,4.436645099999993,-0.2507697267831298,0.30084981112255516,0.16483494307335567,3.552713678800501e-15,0.1738404746449404,2.546306365681867,0.14214340084548763
Queue-nominal,0.45,4,4,32,452,811,QP+G,40,40.0,40.0,5.097891500000003,-0.24908317009468822,0.29471157800702524,0.15902640982753322,2.6645352591003757e-15,0.1743753227399987,2.544153689349389,0.14172185150477026
Queue-nominal,0.45,4,4,32,452,811,QP+G,45,45.0,45.0,5.747614999999996,-0.2473038148772048,0.2900525575799893,0.1520092427850999,5.329070518200751e-15,0.1749783825451207,2.5423097298377075,0.14121584220026298
Queue-nominal,0.45,4,4,32,452,811,QP+G,50,50.0,50.0,6.43729669999999,-0.24567731710876464,0.2866569623888192,0.14471870442234006,3.552713678800501e-15,0.17554378589018715,2.541112796220611,0.14071343536135963
Queue-nominal,0.45,4,4,32,452,811,QP+G,55,55.0,55.0,7.1415279,-0.24461815372404966,0.28356913134093475,0.13787619359911096,3.552713678800501e-15,0.17582125129614223,2.540390706070454,0.14047397470014936
Queue-nominal,0.45,4,4,32,452,811,QP+G,60,60.0,60.0,7.792454399999997,-0.24352969570818622,0.28039474721995017,0.13171463804106387,3.552713678800501e-15,0.17614235364150413,2.5392709333095502,0.14021180776325684
Queue-nominal,0.45,4,4,32,452,811,noG,0,0.0,0.0,6.700000000137152e-06,-0.2905020687005793,0.402339643710674,0.20132981983919387,5.329070518200751e-15,0.15469281077960725,2.619873774886329,0.1574190958053234
Queue-nominal,0.45,4,4,32,452,811,noG,5,5.0,0.0,0.29950589999998556,-0.28006757287766004,0.38676632113394754,0.19826735208834564,5.329070518200751e-15,0.16024240550733812,2.599895808980177,0.15292097296738968
Queue-nominal,0.45,4,4,32,452,811,noG,10,10.0,0.0,0.6074811000000011,-0.27193022849526044,0.37131235597448053,0.19140868107140818,5.329070518200751e-15,0.16439300204048699,2.5849781223344706,0.1495555178366465
Queue-nominal,0.45,4,4,32,452,811,noG,15,15.0,0.0,0.9099785999999881,-0.26580950441877627,0.35558138906743053,0.18356389549864147,3.552713678800501e-15,0.16733926908171132,2.5740336449074555,0.14718527592315972
Queue-nominal,0.45,4,4,32,452,811,noG,20,20.0,0.0,1.2056565000000035,-0.25985852520905167,0.3383781813812454,0.17697754052711703,3.552713678800501e-15,0.17012914169118667,2.5635274212579997,0.14494836245312928
Queue-nominal,0.45,4,4,32,452,811,noG,25,25.0,0.0,1.5226877000000059,-0.2551857375464358,0.32358060622366197,0.17249108394372564,4.440892098500626e-15,0.17217713534964268,2.554346082713134,0.1433835971391398
Queue-nominal,0.45,4,4,32,452,811,noG,30,30.0,0.0,1.8235291000000018,-0.25171425779782297,0.3120290499402989,0.16954689672888623,4.440892098500626e-15,0.17359615656004146,2.547460017235171,0.14232700042758126
Queue-nominal,0.45,4,4,32,452,811,noG,35,35.0,0.0,2.1437883000000113,-0.25073831811977054,0.30415260514407805,0.1666153141118026,3.552713678800501e-15,0.1737708348161447,2.54659293816009,0.14219795791227186
Queue-nominal,0.45,4,4,32,452,811,noG,40,40.0,0.0,2.446669899999989,-0.24951315195772694,0.2981155491008875,0.16214957762074708,3.552713678800501e-15,0.1740481802656262,2.545423137972104,0.14198218089373696
Queue-nominal,0.45,4,4,32,452,811,noG,45,45.0,0.0,2.760198299999985,-0.24801912555368869,0.2946723156487115,0.1557213919967807,3.552713678800501e-15,0.17445485791326681,2.5440629565844257,0.14164709174018433
Queue-nominal,0.45,4,4,32,452,811,noG,50,50.0,0.0,3.0699578999999915,-0.2467056695168582,0.29214575149585453,0.14819298664989752,5.329070518200751e-15,0.1748071049301099,2.5437253769421897,0.141312612072933
Queue-nominal,0.45,4,4,32,452,811,noG,55,55.0,0.0,3.377775700000001,-0.24591611681781803,0.28986537935301887,0.14079206320569398,3.552713678800501e-15,0.1748979686219617,2.543986834742352,0.14120798744423047
Queue-nominal,0.45,4,4,32,452,811,noG,60,60.0,0.0,3.705553100000003,-0.24527771143601354,0.2874447057062488,0.1342763507876323,3.552713678800501e-15,0.17493087695532178,2.544016940750413,0.1411734945841304
Queue-nominal,0.45,4,4,32,452,811,Minimax-PPO,0,0.0,0.0,6.600000006073969e-06,-0.2905020687005793,0.402339643710674,0.20132981983919387,5.329070518200751e-15,0.15469281077960725,2.619873774886329,0.1574190958053234
Queue-nominal,0.45,4,4,32,452,811,Minimax-PPO,5,5.0,0.0,0.07606789999999819,-0.4471393684832756,0.6026598131803068,0.004662379886763892,5.329070518200751e-15,0.05552341888003205,2.920790474155426,0.2407507666907362
Queue-nominal,0.45,4,4,32,452,811,Minimax-PPO,10,10.0,0.0,0.15694179999999847,-0.44279293532571434,0.704092773079524,1.027988953689183e-14,5.329070518200751e-15,0.05469839679107642,2.9227809724031486,0.2414710257140213
Queue-nominal,0.45,4,4,32,452,811,Minimax-PPO,15,15.0,0.0,0.23244840000000977,-0.4427929353257142,0.7040927730795239,2.1776368533004633e-15,5.329070518200751e-15,0.05469839679107609,2.922780972403147,0.2414710257140213
Queue-nominal,0.45,4,4,32,452,811,Minimax-PPO,20,20.0,0.0,0.3135442000000239,-0.44279293532571434,0.704092773079524,1.9345124151310885e-15,5.329070518200751e-15,0.05469839679107614,2.9227809724031473,0.2414710257140213
Queue-nominal,0.45,4,4,32,452,811,Minimax-PPO,25,25.0,0.0,0.3968150000000037,-0.4427929353257143,0.7040927730795239,1.93716281491469e-15,3.552713678800501e-15,0.05469839679107614,2.9227809724031473,0.2414710257140213
Queue-nominal,0.45,4,4,32,452,811,Minimax-PPO,30,30.0,0.0,0.48838870000000156,-0.4427929353257142,0.7040927730795239,2.114905089632786e-15,5.329070518200751e-15,0.05469839679107611,2.922780972403147,0.2414710257140212
Queue-nominal,0.45,4,4,32,452,811,Minimax-PPO,35,35.0,0.0,0.576158300000003,-0.4427929353257142,0.7040927730795239,1.6550943790604428e-15,5.329070518200751e-15,0.05469839679107611,2.9227809724031473,0.2414710257140212
Queue-nominal,0.45,4,4,32,452,811,Minimax-PPO,40,40.0,0.0,0.6521383000000185,-0.4427929353257142,0.7040927730795239,1.6996031066130759e-15,5.329070518200751e-15,0.05469839679107611,2.9227809724031477,0.2414710257140212
Queue-nominal,0.45,4,4,32,452,811,Minimax-PPO,45,45.0,0.0,0.7356558000000177,-0.4427929353257142,0.7040927730795239,1.7051946400565406e-15,5.329070518200751e-15,0.054698396791076104,2.9227809724031464,0.2414710257140213
Queue-nominal,0.45,4,4,32,452,811,Minimax-PPO,50,50.0,0.0,0.8156246000000067,-0.4427929353257143,0.7040927730795239,1.711197381563482e-15,5.329070518200751e-15,0.05469839679107611,2.9227809724031473,0.2414710257140213
Queue-nominal,0.45,4,4,32,452,811,Minimax-PPO,55,55.0,0.0,0.9030056000000002,-0.442792935325714,0.7040927730795237,1.7249799320670855e-15,8.881784197001252e-15,0.05469839679107609,2.9227809724031455,0.2414710257140212
Queue-nominal,0.45,4,4,32,452,811,Minimax-PPO,60,60.0,0.0,0.979584100000011,-0.44279293532571434,0.704092773079524,1.6977077465611576e-15,7.105427357601002e-15,0.05469839679107614,2.9227809724031477,0.24147102571402138
Queue-nominal,0.45,4,4,32,452,811,GDA,0,0.0,0.0,7.2999999929379555e-06,-0.2905020687005793,0.402339643710674,0.20132981983919387,5.329070518200751e-15,0.15469281077960725,2.619873774886329,0.1574190958053234
Queue-nominal,0.45,4,4,32,452,811,GDA,5,5.0,0.0,0.04403010000001473,-0.28006757287766004,0.38676632113394754,0.19826735208834564,5.329070518200751e-15,0.16024240550733812,2.599895808980177,0.15292097296738968
Queue-nominal,0.45,4,4,32,452,811,GDA,10,10.0,0.0,0.08798649999999952,-0.27193022849526044,0.37131235597448053,0.19140868107140818,5.329070518200751e-15,0.16439300204048699,2.5849781223344706,0.1495555178366465
Queue-nominal,0.45,4,4,32,452,811,GDA,15,15.0,0.0,0.13168699999999944,-0.26580950441877627,0.35558138906743053,0.18356389549864147,3.552713678800501e-15,0.16733926908171132,2.5740336449074555,0.14718527592315972
Queue-nominal,0.45,4,4,32,452,811,GDA,20,20.0,0.0,0.18637800000001903,-0.25985852520905167,0.3383781813812454,0.17697754052711703,3.552713678800501e-15,0.17012914169118667,2.5635274212579997,0.14494836245312928
Queue-nominal,0.45,4,4,32,452,811,GDA,25,25.0,0.0,0.23100519999999847,-0.2551857375464358,0.32358060622366197,0.17249108394372564,4.440892098500626e-15,0.17217713534964268,2.554346082713134,0.1433835971391398
Queue-nominal,0.45,4,4,32,452,811,GDA,30,30.0,0.0,0.2784625000000176,-0.25171425779782297,0.3120290499402989,0.16954689672888623,4.440892098500626e-15,0.17359615656004146,2.547460017235171,0.14232700042758126
Queue-nominal,0.45,4,4,32,452,811,GDA,35,35.0,0.0,0.33870290000001546,-0.25073831811977054,0.30415260514407805,0.1666153141118026,3.552713678800501e-15,0.1737708348161447,2.54659293816009,0.14219795791227186
Queue-nominal,0.45,4,4,32,452,811,GDA,40,40.0,0.0,0.38352890000001594,-0.24951315195772694,0.2981155491008875,0.16214957762074708,3.552713678800501e-15,0.1740481802656262,2.545423137972104,0.14198218089373696
Queue-nominal,0.45,4,4,32,452,811,GDA,45,45.0,0.0,0.4384119000000055,-0.24801912555368869,0.2946723156487115,0.1557213919967807,3.552713678800501e-15,0.17445485791326681,2.5440629565844257,0.14164709174018433
Queue-nominal,0.45,4,4,32,452,811,GDA,50,50.0,0.0,0.49162670000001185,-0.2467056695168582,0.29214575149585453,0.14819298664989752,5.329070518200751e-15,0.1748071049301099,2.5437253769421897,0.141312612072933
Queue-nominal,0.45,4,4,32,452,811,GDA,55,55.0,0.0,0.5353965000000187,-0.24591611681781803,0.28986537935301887,0.14079206320569398,3.552713678800501e-15,0.1748979686219617,2.543986834742352,0.14120798744423047
Queue-nominal,0.45,4,4,32,452,811,GDA,60,60.0,0.0,0.5833635000000186,-0.24527771143601354,0.2874447057062488,0.1342763507876323,3.552713678800501e-15,0.17493087695532178,2.544016940750413,0.1411734945841304
Queue-nominal,0.45,4,4,32,452,811,EGM,0,0.0,0.0,6.600000006073969e-06,-0.2905020687005793,0.402339643710674,0.20132981983919387,5.329070518200751e-15,0.15469281077960725,2.619873774886329,0.1574190958053234
Queue-nominal,0.45,4,4,32,452,811,EGM,5,5.0,0.0,0.06231820000002131,-0.28008449099247307,0.38638277143826066,0.19818698303588408,3.552713678800501e-15,0.16023155245799753,2.5999209205979157,0.15293050435263944
Queue-nominal,0.45,4,4,32,452,811,EGM,10,10.0,0.0,0.13359200000002147,-0.2719246886727957,0.37045999628319704,0.1913657466574696,5.329070518200751e-15,0.1643978775237136,2.5849344658668763,0.14955294006224087
Queue-nominal,0.45,4,4,32,452,811,EGM,15,15.0,0.0,0.20348320000002218,-0.2656567899279198,0.3541588175578064,0.18360602854232919,3.552713678800501e-15,0.16743047868090102,2.573645711859019,0.14711448385283493
Queue-nominal,0.45,4,4,32,452,811,EGM,20,20.0,0.0,0.26329800000002024,-0.2596245270976895,0.33659236618353533,0.1770478464945391,5.329070518200751e-15,0.17026366435993356,2.562716277044965,0.14485653158506842
Queue-nominal,0.45,4,4,32,452,811,EGM,25,25.0,0.0,0.33375069999999596,-0.2547977689744912,0.32174247021206004,0.17244722661816772,4.440892098500626e-15,0.17239854364867363,2.5531545076988973,0.14322490331454255
Queue-nominal,0.45,4,4,32,452,811,EGM,30,30.0,0.0,0.4052987999999971,-0.251811545148524,0.31063130845557463,0.16917348537784743,3.552713678800501e-15,0.1735782057414802,2.54737610465615,0.14234936769767023
Queue-nominal,0.45,4,4,32,452,811,EGM,35,35.0,0.0,0.4634847000000093,-0.250750837055641,0.30250997165598487,0.16571708649651648,3.552713678800501e-15,0.17379995916300325,2.5464718538313273,0.14217520642482176
Queue-nominal,0.45,4,4,32,452,811,EGM,40,40.0,0.0,0.5284594999999968,-0.24933654371984812,0.2967244239945422,0.16075175416324675,3.552713678800501e-15,0.17417250022274527,2.5449407758527722,0.14188324841658287
Queue-nominal,0.45,4,4,32,452,811,EGM,45,45.0,0.0,0.5939903999999956,-0.2477550025232793,0.29294133648093285,0.15411869693463243,3.552713678800501e-15,0.17463459008628132,2.5434945673813285,0.14149727478838584
Queue-nominal,0.45,4,4,32,452,811,EGM,50,50.0,0.0,0.6571550000000173,-0.24635080645670474,0.2902605041334187,0.14671534042682177,3.552713678800501e-15,0.17504497002778174,2.5429282316628714,0.14111670198996182
Queue-nominal,0.45,4,4,32,452,811,EGM,55,55.0,0.0,0.7247586000000013,-0.2455097447308788,0.28779565809533886,0.13958864020850018,3.552713678800501e-15,0.1751719222595169,2.5429349916070376,0.1409893939716916
Queue-nominal,0.45,4,4,32,452,811,EGM,60,60.0,0.0,0.7853642000000036,-0.24474447410135086,0.28516648744376005,0.133297627321498,3.552713678800501e-15,0.17528466894455644,2.5426473195787587,0.1408917879197197
Queue-nominal,0.45,4,4,32,452,811,PPM-3,0,0.0,0.0,5.400000020472362e-06,-0.2905020687005793,0.402339643710674,0.20132981983919387,5.329070518200751e-15,0.15469281077960725,2.619873774886329,0.1574190958053234
Queue-nominal,0.45,4,4,32,452,811,PPM-3,5,15.0,0.0,0.09858490000002007,-0.2800826921026239,0.3863779394635305,0.19819074585441945,5.329070518200751e-15,0.16023257519978032,2.599916895009576,0.1529296934839266
Queue-nominal,0.45,4,4,32,452,811,PPM-3,10,30.0,0.0,0.205974800000007,-0.2719164985996989,0.37044929927793274,0.1913697640567759,3.552713678800501e-15,0.16440235411694007,2.584917610532258,0.14954935059188879
Queue-nominal,0.45,4,4,32,452,811,PPM-3,15,45.0,0.0,0.31033100000001923,-0.2656424779094479,0.3541451503842984,0.18360676999131914,3.552713678800501e-15,0.1674381830626486,2.573616612970467,0.14710831099153737
Queue-nominal,0.45,4,4,32,452,811,PPM-3,20,60.0,0.0,0.42052400000000034,-0.25960567620190983,0.3365752018297006,0.17704393526347773,3.552713678800501e-15,0.170273693778573,2.5626787416932073,0.144848477711259
Queue-nominal,0.45,4,4,32,452,811,PPM-3,25,75.0,0.0,0.5176995000000204,-0.2547783396457817,0.32172182806153204,0.17243825735388554,3.552713678800501e-15,0.17240871393857782,2.5531154121136193,0.14321679068702134
Queue-nominal,0.45,4,4,32,452,811,PPM-3,30,90.0,0.0,0.6081675000000075,-0.25178772403546723,0.3106006728473779,0.16915961062656412,3.552713678800501e-15,0.17359055635797585,2.5473293129698376,0.14233947980150644
Queue-nominal,0.45,4,4,32,452,811,PPM-3,35,105.0,0.0,0.7282346000000075,-0.2507274658110509,0.3024793968009279,0.16570116456746942,5.329070518200751e-15,0.1738120599661859,2.5464261238901633,0.1421655124606476
Queue-nominal,0.45,4,4,32,452,811,PPM-3,40,120.0,0.0,0.8313573000000076,-0.2493153083457295,0.2966779632798106,0.16073950600201511,3.552713678800501e-15,0.17418361893175452,2.544898859236157,0.14187433584528972
Queue-nominal,0.45,4,4,32,452,811,PPM-3,45,135.0,0.0,0.9220367000000067,-0.24773453191228997,0.2928944299966299,0.1541137305640121,3.552713678800501e-15,0.17464528084207617,2.5434499676600515,0.14148893138634253
Queue-nominal,0.45,4,4,32,452,811,PPM-3,50,150.0,0.0,1.0347215000000176,-0.2463317940692822,0.2902184725001492,0.14671633461643374,7.105427357601002e-15,0.17505493586467785,2.542884788355563,0.14110902264292408
Queue-nominal,0.45,4,4,32,452,811,PPM-3,55,165.0,0.0,1.1303706000000204,-0.2454897512096276,0.2877562062733767,0.139592003958078,5.329070518200751e-15,0.175182594481076,2.542892674186224,0.1409809489828068
Queue-nominal,0.45,4,4,32,452,811,PPM-3,60,180.0,0.0,1.2264763000000016,-0.24472650220701622,0.2851294378381962,0.13330025902738413,5.329070518200751e-15,0.17529429224209894,2.5426090780721182,0.1408841773330529
