config,arrival_rate,seed,method,step,cumulative_oracle_calls,cumulative_jvp_calls,beta,gamma,g_over_f,cosine_fg,field_norm_oracle,curvature_norm_oracle,curvature_candidate_accepted,curvature_candidate_rejected,backtracking_steps,predicted_model_change,realized_merit_change,probe_model_error,merit_probe_count,field_oracle_count,jvp_count
Queue-load-0.20,0.2,600,QP+G,1,1.0,1.0,0.08,0.0,0.08864854720840652,0.792455184432344,0.06653057940107289,0.005897839208838649,0.0,0.0,0.0,-0.014823097089276475,-0.014823411624486305,-3.145352098291032e-07,5.0,1.0,1.0
Queue-load-0.20,0.2,600,QP+G,2,2.0,2.0,0.08,0.0,0.08816665059597151,0.7919582165664415,0.06615762936279562,0.005832896592287386,0.0,0.0,0.0,-0.014541963625194713,-0.014542282403138707,-3.187779439930982e-07,5.0,1.0,1.0
Queue-load-0.20,0.2,600,QP+G,3,3.0,3.0,0.08,0.0,0.08768540699482735,0.7914395489889305,0.06578902496390766,0.005768737429753101,0.0,0.0,0.0,-0.014267331802363515,-0.014267653260042312,-3.214576787969464e-07,5.0,1.0,1.0
Queue-load-0.20,0.2,600,QP+G,4,4.0,4.0,0.08,0.0,0.08720496595099006,0.7908998576877347,0.06542472100261203,0.005705360567385806,0.0,0.0,0.0,-0.013999107834634155,-0.013999430508958355,-3.226743241994262e-07,5.0,1.0,1.0
Queue-load-0.20,0.2,600,QP+G,5,5.0,5.0,0.08,0.0,0.08672546957446609,0.7903397924443224,0.06506467183625861,0.005642764217708067,0.0,0.0,0.0,-0.013737190041437981,-0.013737512580316746,-3.2253887876504406e-07,5.0,1.0,1.0
Queue-load-0.20,0.2,600,QP+G,6,6.0,6.0,0.08,0.0,0.08624705275388207,0.7897599781880422,0.06470883145319564,0.005580945999985828,0.0,0.0,0.0,-0.013481469737375048,-0.013481790908646651,-3.211712716038456e-07,5.0,1.0,1.0
Queue-load-0.20,0.2,600,QP+G,7,7.0,7.0,0.08,0.0,0.08576984337303119,0.7891610162820816,0.0643571535402831,0.005519902979084201,0.0,0.0,0.0,-0.013231832152891993,-0.013232150849237456,-3.18696345463082e-07,5.0,1.0,1.0
Queue-load-0.20,0.2,600,QP+G,8,8.0,8.0,0.08,0.0,0.08529396252847364,0.7885434857442412,0.06400959154625602,0.005459631702809264,0.0,0.0,0.0,-0.012988157364080974,-0.012988472605280243,-3.1524119926962246e-07,5.0,1.0,1.0
Queue-load-0.20,0.2,600,QP+G,9,9.0,9.0,0.08,0.0,0.08481952474739873,0.7879079444056387,0.06366609874111896,0.005400128237742671,0.0,0.0,0.0,-0.012750321213852937,-0.012750632146778074,-3.109329251363424e-07,5.0,1.0,1.0
Queue-load-0.20,0.2,600,QP+G,10,10.0,10.0,0.08,0.0,0.08434663820503119,0.7872549300101959,0.06332662827175667,0.005341388203582359,0.0,0.0,0.0,-0.012518196209759185,-0.012518502104501561,-3.0589474237646685e-07,5.0,1.0,1.0
Queue-load-0.20,0.2,600,QP+G,11,11.0,11.0,0.08,0.0,0.08387540494094146,0.7865849612577969,0.06299113321393036,0.005283406806007197,0.0,0.0,0.0,-0.012291652378290725,-0.01229195262382854,-3.002455378139923e-07,5.0,1.0,1.0
Queue-load-0.20,0.2,600,QP+G,12,12.0,12.0,0.08,0.0,0.08340592107367888,0.7858985387937087,0.06265956662083495,0.005226178868088283,0.0,0.0,0.0,-0.012070558070138819,-0.012070852166278012,-2.940961391934699e-07,5.0,1.0,1.0
Queue-load-0.20,0.2,600,QP+G,13,13.0,13.0,0.08,0.0,0.082938277013214,0.7851961461468951,0.06233188156837835,0.005169698860273012,0.0,0.0,0.0,-0.011854780699543314,-0.011855068249109646,-2.875495663315353e-07,5.0,1.0,1.0
Queue-load-0.20,0.2,600,QP+G,14,14.0,14.0,0.08,0.0,0.08247255767072605,0.7844782506195961,0.06200803119734634,0.005113960928971326,0.0,0.0,0.0,-0.011644187417418413,-0.011644468116546403,-2.8069912798994734e-07,5.0,1.0,1.0
Queue-load-0.20,0.2,600,QP+G,15,15.0,15.0,0.08,0.0,0.0820088426653361,0.7837453041305864,0.061687968752606175,0.0050589589237766495,0.0,0.0,0.0,-0.01143864571073837,-0.011438919338942366,-2.7362820399605414e-07,5.0,1.0,1.0
Queue-load-0.20,0.2,600,QP+G,16,16.0,16.0,0.08,0.0,0.08154720652742645,0.7829977440142684,0.06137164761949792,0.0050046864233556365,0.0,0.0,0.0,-0.01123802392786101,-0.011238290338680734,-2.6641081972422764e-07,5.0,1.0,1.0
Queue-load-0.20,0.2,600,QP+G,17,17.0,17.0,0.08,0.0,0.08108771889823758,0.7822359937777832,0.0610590213575618,0.004951136760043456,0.0,0.0,0.0,-0.011042191733875564,-0.01104245084429678,-2.591104212162909e-07,5.0,1.0,1.0
Queue-load-0.20,0.2,600,QP+G,18,18.0,18.0,0.08,0.0,0.08063044472547805,0.7814604638181568,0.0607500437317347,0.004898303043182009,0.0,0.0,0.0,-0.010851020493822559,-0.010851272275550272,-2.517817277135348e-07,5.0,1.0,1.0
Queue-load-0.20,0.2,600,QP+G,19,19.0,19.0,0.08,0.0,0.08017544445471733,0.7806715521014324,0.060444668741154464,0.004846178181240219,0.0,0.0,0.0,-0.01066438359263739,-0.010664628064053439,-2.444714160484973e-07,5.0,1.0,1.0
Queue-load-0.20,0.2,600,QP+G,20,20.0,20.0,0.08,0.0,0.07972277421637324,0.7798696448056449,0.060142850645699034,0.004794754902756122,0.0,0.0,0.0,-0.010482156697443717,-0.010482393914787558,-2.3721734384099524e-07,5.0,1.0,1.0
Queue-load-0.20,0.2,600,QP+G,21,21.0,21.0,0.08,0.0,0.07927248600813433,0.7790551169294229,0.059844543990383164,0.0047440257761408285,0.0,0.0,0.0,-0.01030421796327927,-0.010304448014332834,-2.3005105356452282e-07,5.0,1.0,1.0
Queue-load-0.20,0.2,600,QP+G,22,22.0,22.0,0.08,0.0,0.07882462787269381,0.7782283328679,0.05954970362773172,0.004693983228385158,0.0,0.0,0.0,-0.010130448194295306,-0.010130671192019491,-2.2299772418563069e-07,5.0,1.0,1.0
Queue-load-0.20,0.2,600,QP+G,23,23.0,23.0,0.08,0.0,0.07837924407069202,0.7773896469575755,0.0592582847382426,0.004644619562709281,0.0,0.0,0.0,-0.009960730962548483,-0.00996094703992334,-2.1607737485732081e-07,5.0,1.0,1.0
Queue-load-0.20,0.2,600,QP+G,24,24.0,24.0,0.08,0.0,0.07793637524879736,0.7765394039916491,0.05897024284904785,0.004595926975196103,0.0,0.0,0.0,-0.009794952691588834,-0.009795161997477209,-2.0930588837467234e-07,5.0,1.0,1.0
Queue-load-0.20,0.2,600,QP+G,25,25.0,25.0,0.08,0.0,0.07749605860287691,0.775677939707334,0.058685533850877436,0.004547897570448715,0.0,0.0,0.0,-0.00963300271186037,-0.009633205406148093,-2.0269428772402842e-07,5.0,1.0,1.0
Queue-load-0.20,0.2,600,noG,1,1.0,0.0,0.08,0.0,0.0,0.0,0.06653057940107289,0.0,0.0,0.0,0.0,-0.014823097089276475,-0.014823411624486305,-3.145352098291032e-07,3.0,1.0,0.0
Queue-load-0.20,0.2,600,noG,2,2.0,0.0,0.08,0.0,0.0,0.0,0.06615762936279562,0.0,0.0,0.0,0.0,-0.014541963625194713,-0.014542282403138707,-3.187779439930982e-07,3.0,1.0,0.0
Queue-load-0.20,0.2,600,noG,3,3.0,0.0,0.08,0.0,0.0,0.0,0.06578902496390766,0.0,0.0,0.0,0.0,-0.014267331802363515,-0.014267653260042312,-3.214576787969464e-07,3.0,1.0,0.0
Queue-load-0.20,0.2,600,noG,4,4.0,0.0,0.08,0.0,0.0,0.0,0.06542472100261203,0.0,0.0,0.0,0.0,-0.013999107834634155,-0.013999430508958355,-3.226743241994262e-07,3.0,1.0,0.0
Queue-load-0.20,0.2,600,noG,5,5.0,0.0,0.08,0.0,0.0,0.0,0.06506467183625861,0.0,0.0,0.0,0.0,-0.013737190041437981,-0.013737512580316746,-3.2253887876504406e-07,3.0,1.0,0.0
Queue-load-0.20,0.2,600,noG,6,6.0,0.0,0.08,0.0,0.0,0.0,0.06470883145319564,0.0,0.0,0.0,0.0,-0.013481469737375048,-0.013481790908646651,-3.211712716038456e-07,3.0,1.0,0.0
Queue-load-0.20,0.2,600,noG,7,7.0,0.0,0.08,0.0,0.0,0.0,0.0643571535402831,0.0,0.0,0.0,0.0,-0.013231832152891993,-0.013232150849237456,-3.18696345463082e-07,3.0,1.0,0.0
Queue-load-0.20,0.2,600,noG,8,8.0,0.0,0.08,0.0,0.0,0.0,0.06400959154625602,0.0,0.0,0.0,0.0,-0.012988157364080974,-0.012988472605280243,-3.1524119926962246e-07,3.0,1.0,0.0
Queue-load-0.20,0.2,600,noG,9,9.0,0.0,0.08,0.0,0.0,0.0,0.06366609874111896,0.0,0.0,0.0,0.0,-0.012750321213852937,-0.012750632146778074,-3.109329251363424e-07,3.0,1.0,0.0
Queue-load-0.20,0.2,600,noG,10,10.0,0.0,0.08,0.0,0.0,0.0,0.06332662827175667,0.0,0.0,0.0,0.0,-0.012518196209759185,-0.012518502104501561,-3.0589474237646685e-07,3.0,1.0,0.0
Queue-load-0.20,0.2,600,noG,11,11.0,0.0,0.08,0.0,0.0,0.0,0.06299113321393036,0.0,0.0,0.0,0.0,-0.012291652378290725,-0.01229195262382854,-3.002455378139923e-07,3.0,1.0,0.0
Queue-load-0.20,0.2,600,noG,12,12.0,0.0,0.08,0.0,0.0,0.0,0.06265956662083495,0.0,0.0,0.0,0.0,-0.012070558070138819,-0.012070852166278012,-2.940961391934699e-07,3.0,1.0,0.0
Queue-load-0.20,0.2,600,noG,13,13.0,0.0,0.08,0.0,0.0,0.0,0.06233188156837835,0.0,0.0,0.0,0.0,-0.011854780699543314,-0.011855068249109646,-2.875495663315353e-07,3.0,1.0,0.0
Queue-load-0.20,0.2,600,noG,14,14.0,0.0,0.08,0.0,0.0,0.0,0.06200803119734634,0.0,0.0,0.0,0.0,-0.011644187417418413,-0.011644468116546403,-2.8069912798994734e-07,3.0,1.0,0.0
Queue-load-0.20,0.2,600,noG,15,15.0,0.0,0.08,0.0,0.0,0.0,0.061687968752606175,0.0,0.0,0.0,0.0,-0.01143864571073837,-0.011438919338942366,-2.7362820399605414e-07,3.0,1.0,0.0
Queue-load-0.20,0.2,600,noG,16,16.0,0.0,0.08,0.0,0.0,0.0,0.06137164761949792,0.0,0.0,0.0,0.0,-0.01123802392786101,-0.011238290338680734,-2.6641081972422764e-07,3.0,1.0,0.0
Queue-load-0.20,0.2,600,noG,17,17.0,0.0,0.08,0.0,0.0,0.0,0.0610590213575618,0.0,0.0,0.0,0.0,-0.011042191733875564,-0.01104245084429678,-2.591104212162909e-07,3.0,1.0,0.0
Queue-load-0.20,0.2,600,noG,18,18.0,0.0,0.08,0.0,0.0,0.0,0.0607500437317347,0.0,0.0,0.0,0.0,-0.010851020493822559,-0.010851272275550272,-2.517817277135348e-07,3.0,1.0,0.0
Queue-load-0.20,0.2,600,noG,19,19.0,0.0,0.08,0.0,0.0,0.0,0.060444668741154464,0.0,0.0,0.0,0.0,-0.01066438359263739,-0.010664628064053439,-2.444714160484973e-07,3.0,1.0,0.0
Queue-load-0.20,0.2,600,noG,20,20.0,0.0,0.08,0.0,0.0,0.0,0.060142850645699034,0.0,0.0,0.0,0.0,-0.010482156697443717,-0.010482393914787558,-2.3721734384099524e-07,3.0,1.0,0.0
Queue-load-0.20,0.2,600,noG,21,21.0,0.0,0.08,0.0,0.0,0.0,0.059844543990383164,0.0,0.0,0.0,0.0,-0.01030421796327927,-0.010304448014332834,-2.3005105356452282e-07,3.0,1.0,0.0
Queue-load-0.20,0.2,600,noG,22,22.0,0.0,0.08,0.0,0.0,0.0,0.05954970362773172,0.0,0.0,0.0,0.0,-0.010130448194295306,-0.010130671192019491,-2.2299772418563069e-07,3.0,1.0,0.0
Queue-load-0.20,0.2,600,noG,23,23.0,0.0,0.08,0.0,0.0,0.0,0.0592582847382426,0.0,0.0,0.0,0.0,-0.009960730962548483,-0.00996094703992334,-2.1607737485732081e-07,3.0,1.0,0.0
Queue-load-0.20,0.2,600,noG,24,24.0,0.0,0.08,0.0,0.0,0.0,0.05897024284904785,0.0,0.0,0.0,0.0,-0.009794952691588834,-0.009795161997477209,-2.0930588837467234e-07,3.0,1.0,0.0
Queue-load-0.20,0.2,600,noG,25,25.0,0.0,0.08,0.0,0.0,0.0,0.058685533850877436,0.0,0.0,0.0,0.0,-0.00963300271186037,-0.009633205406148093,-2.0269428772402842e-07,3.0,1.0,0.0
Queue-load-0.20,0.2,600,PPM-3,1,3.0,0.0,0.01,0.0,,,,,,,,,,,,3.0,0.0
Queue-load-0.20,0.2,600,PPM-3,2,6.0,0.0,0.01,0.0,,,,,,,,,,,,3.0,0.0
Queue-load-0.20,0.2,600,PPM-3,3,9.0,0.0,0.01,0.0,,,,,,,,,,,,3.0,0.0
Queue-load-0.20,0.2,600,PPM-3,4,12.0,0.0,0.01,0.0,,,,,,,,,,,,3.0,0.0
Queue-load-0.20,0.2,600,PPM-3,5,15.0,0.0,0.01,0.0,,,,,,,,,,,,3.0,0.0
Queue-load-0.20,0.2,600,PPM-3,6,18.0,0.0,0.01,0.0,,,,,,,,,,,,3.0,0.0
Queue-load-0.20,0.2,600,PPM-3,7,21.0,0.0,0.01,0.0,,,,,,,,,,,,3.0,0.0
Queue-load-0.20,0.2,600,PPM-3,8,24.0,0.0,0.01,0.0,,,,,,,,,,,,3.0,0.0
Queue-load-0.20,0.2,600,PPM-3,9,27.0,0.0,0.01,0.0,,,,,,,,,,,,3.0,0.0
Queue-load-0.20,0.2,600,PPM-3,10,30.0,0.0,0.01,0.0,,,,,,,,,,,,3.0,0.0
Queue-load-0.20,0.2,600,PPM-3,11,33.0,0.0,0.01,0.0,,,,,,,,,,,,3.0,0.0
Queue-load-0.20,0.2,600,PPM-3,12,36.0,0.0,0.01,0.0,,,,,,,,,,,,3.0,0.0
Queue-load-0.20,0.2,600,PPM-3,13,39.0,0.0,0.01,0.0,,,,,,,,,,,,3.0,0.0
Queue-load-0.20,0.2,600,PPM-3,14,42.0,0.0,0.01,0.0,,,,,,,,,,,,3.0,0.0
Queue-load-0.20,0.2,600,PPM-3,15,45.0,0.0,0.01,0.0,,,,,,,,,,,,3.0,0.0
Queue-load-0.20,0.2,600,PPM-3,16,48.0,0.0,0.01,0.0,,,,,,,,,,,,3.0,0.0
Queue-load-0.20,0.2,600,PPM-3,17,51.0,0.0,0.01,0.0,,,,,,,,,,,,3.0,0.0
Queue-load-0.20,0.2,600,PPM-3,18,54.0,0.0,0.01,0.0,,,,,,,,,,,,3.0,0.0
Queue-load-0.20,0.2,600,PPM-3,19,57.0,0.0,0.01,0.0,,,,,,,,,,,,3.0,0.0
Queue-load-0.20,0.2,600,PPM-3,20,60.0,0.0,0.01,0.0,,,,,,,,,,,,3.0,0.0
Queue-load-0.20,0.2,600,PPM-3,21,63.0,0.0,0.01,0.0,,,,,,,,,,,,3.0,0.0
Queue-load-0.20,0.2,600,PPM-3,22,66.0,0.0,0.01,0.0,,,,,,,,,,,,3.0,0.0
Queue-load-0.20,0.2,600,PPM-3,23,69.0,0.0,0.01,0.0,,,,,,,,,,,,3.0,0.0
Queue-load-0.20,0.2,600,PPM-3,24,72.0,0.0,0.01,0.0,,,,,,,,,,,,3.0,0.0
Queue-load-0.20,0.2,600,PPM-3,25,75.0,0.0,0.01,0.0,,,,,,,,,,,,3.0,0.0
Queue-load-0.20,0.2,601,QP+G,1,1.0,1.0,0.08,0.0,0.09822480744095277,0.6744604469873381,0.08597855645099622,0.008445227151450192,0.0,0.0,0.0,-0.01909587960056284,-0.019096171251850702,-2.9165128786340366e-07,5.0,1.0,1.0
Queue-load-0.20,0.2,601,QP+G,2,2.0,2.0,0.08,0.0,0.09779262074936208,0.675751618489447,0.08552312881128818,0.008363530901141147,0.0,0.0,0.0,-0.01876078375553271,-0.018761079570003503,-2.958144707937427e-07,5.0,1.0,1.0
Queue-load-0.20,0.2,601,QP+G,3,3.0,3.0,0.08,0.0,0.09736259452135877,0.677061296531721,0.08507124091750046,0.008282756734879422,0.0,0.0,0.0,-0.018432409998739234,-0.018432708226887584,-2.9822814835017697e-07,5.0,1.0,1.0
Queue-load-0.20,0.2,601,QP+G,4,4.0,4.0,0.08,0.0,0.09693488214021985,0.678388268841792,0.08462284753161826,0.008202905751847211,0.0,0.0,0.0,-0.018110660526780994,-0.018110959282934047,-2.9875615305263725e-07,5.0,1.0,1.0
Queue-load-0.20,0.2,601,QP+G,5,5.0,5.0,0.08,0.0,0.0965096261284977,0.6797312873114362,0.08417790424109364,0.008123978066588428,0.0,0.0,0.0,-0.01779542719384519,-0.017795724544002134,-2.973501569449033e-07,5.0,1.0,1.0
Queue-load-0.20,0.2,601,QP+G,6,6.0,6.0,0.08,0.0,0.0960869583869522,0.6810890726324298,0.08373636749423244,0.00804597285889285,0.0,0.0,0.0,-0.017486591556604085,-0.017486885611235792,-2.9405463170678603e-07,5.0,1.0,1.0
Queue-load-0.20,0.2,601,QP+G,7,7.0,7.0,0.08,0.0,0.0956670004409379,0.682460318857964,0.08329819463028712,0.007968888422425009,0.0,0.0,0.0,-0.017184025486052985,-0.01718431448896318,-2.8900291019692825e-07,5.0,1.0,1.0
Queue-load-0.20,0.2,601,QP+G,8,8.0,8.0,0.08,0.0,0.095249863694025,0.6838436978785268,0.08286334390456622,0.007892722212141049,0.0,0.0,0.0,-0.016887592296647033,-0.01688787469631592,-2.823996688855468e-07,5.0,1.0,1.0
Queue-load-0.20,0.2,601,QP+G,9,9.0,9.0,0.08,0.0,0.09483564968856616,0.6852378638015485,0.08243177450885533,0.007817470890528682,0.0,0.0,0.0,-0.016597148271555697,-0.016597422772819836,-2.7450126413933185e-07,5.0,1.0,1.0
Queue-load-0.20,0.2,601,QP+G,10,10.0,10.0,0.08,0.0,0.09442445037288419,0.6866414572242993,0.08200344658744899,0.007743130372702036,0.0,0.0,0.0,-0.016312544444397524,-0.016312810032295122,-2.65587897597952e-07,5.0,1.0,1.0
Queue-load-0.20,0.2,601,QP+G,11,11.0,11.0,0.08,0.0,0.09401634837469221,0.6880531093901202,0.08157832124906939,0.0076696958703750635,0.0,0.0,0.0,-0.0160336284648821,-0.0160338844031358,-2.5593825370151535e-07,5.0,1.0,1.0
Queue-load-0.20,0.2,601,QP+G,12,12.0,12.0,0.08,0.0,0.09361141728031924,0.6894714462184621,0.08115636057494603,0.007597161934733322,0.0,0.0,0.0,-0.01576024639152666,-0.015760492197995024,-2.45806468363724e-07,5.0,1.0,1.0
Queue-load-0.20,0.2,601,QP+G,13,13.0,13.0,0.08,0.0,0.0932097219192696,0.6908950921998799,0.08073752762332098,0.007525522498219097,0.0,0.0,0.0,-0.015492244274322413,-0.015492479677904125,-2.354035817126593e-07,5.0,1.0,1.0
Queue-load-0.20,0.2,601,QP+G,14,14.0,14.0,0.08,0.0,0.09281131865360018,0.6923226741477086,0.08032178643063104,0.007454770915239716,0.0,0.0,0.0,-0.015229469425185448,-0.015229694310839648,-2.248856541993416e-07,5.0,1.0,1.0
Queue-load-0.20,0.2,601,QP+G,15,15.0,15.0,0.08,0.0,0.09241625567157205,0.693752824798911,0.07990910200961206,0.00738490000180604,0.0,0.0,0.0,-0.014971771317738242,-0.014971985668171595,-2.1435043335259196e-07,5.0,1.0,1.0
Queue-load-0.20,0.2,601,QP+G,16,16.0,16.0,0.08,0.0,0.09202457328499818,0.6951841862572962,0.07949944034456075,0.007315902074104371,0.0,0.0,0.0,-0.014719002109506225,-0.014719205948936054,-2.0383942982843406e-07,5.0,1.0,1.0
Queue-load-0.20,0.2,601,QP+G,17,17.0,17.0,0.08,0.0,0.09163630422968248,0.6966154132731207,0.07909276838397893,0.0072477689860021045,0.0,0.0,0.0,-0.01447101681685936,-0.014471210166482784,-1.9334962342472395e-07,5.0,1.0,1.0
Queue-load-0.20,0.2,601,QP+G,18,18.0,18.0,0.08,0.0,0.09125147396833158,0.6980451763539052,0.07868905403081847,0.007180492165485868,0.0,0.0,0.0,-0.01422767322379966,-0.01422785607091459,-1.828471149298988e-07,5.0,1.0,1.0
Queue-load-0.20,0.2,601,QP+G,19,19.0,19.0,0.08,0.0,0.0908701009952924,0.6994721647021293,0.078288266130532,0.007114062650027772,0.0,0.0,0.0,-0.013988831621371111,-0.013989003908407849,-1.7228703673780044e-07,5.0,1.0,1.0
Queue-load-0.20,0.2,601,QP+G,20,20.0,20.0,0.08,0.0,0.09049219714247311,0.7008950889763478,0.07789037445713076,0.007048471120875729,0.0,0.0,0.0,-0.013754354502193917,-0.013754516133626549,-1.6163143263213386e-07,5.0,1.0,1.0
Queue-load-0.20,0.2,601,QP+G,21,21.0,21.0,0.08,0.0,0.09011776788578543,0.7023126838731045,0.07749534969743775,0.006983707936261467,0.0,0.0,0.0,-0.013524106323513764,-0.013524257190905331,-1.5086739156740248e-07,5.0,1.0,1.0
Queue-load-0.20,0.2,601,QP+G,22,22.0,22.0,0.08,0.0,0.08974681265145273,0.7037237105279012,0.07710316343371873,0.006919763163520296,0.0,0.0,0.0,-0.01329795344473577,-0.013298093464988447,-1.4002025267717544e-07,5.0,1.0,1.0
Queue-load-0.20,0.2,601,QP+G,23,23.0,23.0,0.08,0.0,0.08937932512153024,0.7051269587343533,0.07671378812486104,0.006856626610116141,0.0,0.0,0.0,-0.013075764311904062,-0.013075893474423061,-1.2916251899974807e-07,5.0,1.0,1.0
Queue-load-0.20,0.2,601,QP+G,24,24.0,24.0,0.08,0.0,0.08901529353798732,0.7065212489813907,0.07632719708626941,0.006794287853566082,0.0,0.0,0.0,-0.01285740993072536,-0.01285752834442988,-1.1841370452063404e-07,5.0,1.0,1.0
Queue-load-0.20,0.2,601,QP+G,25,25.0,25.0,0.08,0.0,0.08865470100472193,0.7079054343093583,0.07594336446862804,0.006732736270258843,0.0,0.0,0.0,-0.012642764618763357,-0.012642872555493234,-1.0793672987688407e-07,5.0,1.0,1.0
Queue-load-0.20,0.2,601,noG,1,1.0,0.0,0.08,0.0,0.0,0.0,0.08597855645099622,0.0,0.0,0.0,0.0,-0.01909587960056284,-0.019096171251850702,-2.9165128786340366e-07,3.0,1.0,0.0
Queue-load-0.20,0.2,601,noG,2,2.0,0.0,0.08,0.0,0.0,0.0,0.08552312881128818,0.0,0.0,0.0,0.0,-0.01876078375553271,-0.018761079570003503,-2.958144707937427e-07,3.0,1.0,0.0
Queue-load-0.20,0.2,601,noG,3,3.0,0.0,0.08,0.0,0.0,0.0,0.08507124091750046,0.0,0.0,0.0,0.0,-0.018432409998739234,-0.018432708226887584,-2.9822814835017697e-07,3.0,1.0,0.0
Queue-load-0.20,0.2,601,noG,4,4.0,0.0,0.08,0.0,0.0,0.0,0.08462284753161826,0.0,0.0,0.0,0.0,-0.018110660526780994,-0.018110959282934047,-2.9875615305263725e-07,3.0,1.0,0.0
Queue-load-0.20,0.2,601,noG,5,5.0,0.0,0.08,0.0,0.0,0.0,0.08417790424109364,0.0,0.0,0.0,0.0,-0.01779542719384519,-0.017795724544002134,-2.973501569449033e-07,3.0,1.0,0.0
Queue-load-0.20,0.2,601,noG,6,6.0,0.0,0.08,0.0,0.0,0.0,0.08373636749423244,0.0,0.0,0.0,0.0,-0.017486591556604085,-0.017486885611235792,-2.9405463170678603e-07,3.0,1.0,0.0
Queue-load-0.20,0.2,601,noG,7,7.0,0.0,0.08,0.0,0.0,0.0,0.08329819463028712,0.0,0.0,0.0,0.0,-0.017184025486052985,-0.01718431448896318,-2.8900291019692825e-07,3.0,1.0,0.0
Queue-load-0.20,0.2,601,noG,8,8.0,0.0,0.08,0.0,0.0,0.0,0.08286334390456622,0.0,0.0,0.0,0.0,-0.016887592296647033,-0.01688787469631592,-2.823996688855468e-07,3.0,1.0,0.0
Queue-load-0.20,0.2,601,noG,9,9.0,0.0,0.08,0.0,0.0,0.0,0.08243177450885533,0.0,0.0,0.0,0.0,-0.016597148271555697,-0.016597422772819836,-2.7450126413933185e-07,3.0,1.0,0.0
Queue-load-0.20,0.2,601,noG,10,10.0,0.0,0.08,0.0,0.0,0.0,0.08200344658744899,0.0,0.0,0.0,0.0,-0.016312544444397524,-0.016312810032295122,-2.65587897597952e-07,3.0,1.0,0.0
Queue-load-0.20,0.2,601,noG,11,11.0,0.0,0.08,0.0,0.0,0.0,0.08157832124906939,0.0,0.0,0.0,0.0,-0.0160336284648821,-0.0160338844031358,-2.5593825370151535e-07,3.0,1.0,0.0
Queue-load-0.20,0.2,601,noG,12,12.0,0.0,0.08,0.0,0.0,0.0,0.08115636057494603,0.0,0.0,0.0,0.0,-0.01576024639152666,-0.015760492197995024,-2.45806468363724e-07,3.0,1.0,0.0
Queue-load-0.20,0.2,601,noG,13,13.0,0.0,0.08,0.0,0.0,0.0,0.08073752762332098,0.0,0.0,0.0,0.0,-0.015492244274322413,-0.015492479677904125,-2.354035817126593e-07,3.0,1.0,0.0
Queue-load-0.20,0.2,601,noG,14,14.0,0.0,0.08,0.0,0.0,0.0,0.08032178643063104,0.0,0.0,0.0,0.0,-0.015229469425185448,-0.015229694310839648,-2.248856541993416e-07,3.0,1.0,0.0
Queue-load-0.20,0.2,601,noG,15,15.0,0.0,0.08,0.0,0.0,0.0,0.07990910200961206,0.0,0.0,0.0,0.0,-0.014971771317738242,-0.014971985668171595,-2.1435043335259196e-07,3.0,1.0,0.0
Queue-load-0.20,0.2,601,noG,16,16.0,0.0,0.08,0.0,0.0,0.0,0.07949944034456075,0.0,0.0,0.0,0.0,-0.014719002109506225,-0.014719205948936054,-2.0383942982843406e-07,3.0,1.0,0.0
Queue-load-0.20,0.2,601,noG,17,17.0,0.0,0.08,0.0,0.0,0.0,0.07909276838397893,0.0,0.0,0.0,0.0,-0.01447101681685936,-0.014471210166482784,-1.9334962342472395e-07,3.0,1.0,0.0
Queue-load-0.20,0.2,601,noG,18,18.0,0.0,0.08,0.0,0.0,0.0,0.07868905403081847,0.0,0.0,0.0,0.0,-0.01422767322379966,-0.01422785607091459,-1.828471149298988e-07,3.0,1.0,0.0
Queue-load-0.20,0.2,601,noG,19,19.0,0.0,0.08,0.0,0.0,0.0,0.078288266130532,0.0,0.0,0.0,0.0,-0.013988831621371111,-0.013989003908407849,-1.7228703673780044e-07,3.0,1.0,0.0
Queue-load-0.20,0.2,601,noG,20,20.0,0.0,0.08,0.0,0.0,0.0,0.07789037445713076,0.0,0.0,0.0,0.0,-0.013754354502193917,-0.013754516133626549,-1.6163143263213386e-07,3.0,1.0,0.0
Queue-load-0.20,0.2,601,noG,21,21.0,0.0,0.08,0.0,0.0,0.0,0.07749534969743775,0.0,0.0,0.0,0.0,-0.013524106323513764,-0.013524257190905331,-1.5086739156740248e-07,3.0,1.0,0.0
Queue-load-0.20,0.2,601,noG,22,22.0,0.0,0.08,0.0,0.0,0.0,0.07710316343371873,0.0,0.0,0.0,0.0,-0.01329795344473577,-0.013298093464988447,-1.4002025267717544e-07,3.0,1.0,0.0
Queue-load-0.20,0.2,601,noG,23,23.0,0.0,0.08,0.0,0.0,0.0,0.07671378812486104,0.0,0.0,0.0,0.0,-0.013075764311904062,-0.013075893474423061,-1.2916251899974807e-07,3.0,1.0,0.0
Queue-load-0.20,0.2,601,noG,24,24.0,0.0,0.08,0.0,0.0,0.0,0.07632719708626941,0.0,0.0,0.0,0.0,-0.01285740993072536,-0.01285752834442988,-1.1841370452063404e-07,3.0,1.0,0.0
Queue-load-0.20,0.2,601,noG,25,25.0,0.0,0.08,0.0,0.0,0.0,0.07594336446862804,0.0,0.0,0.0,0.0,-0.012642764618763357,-0.012642872555493234,-1.0793672987688407e-07,3.0,1.0,0.0
Queue-load-0.20,0.2,601,PPM-3,1,3.0,0.0,0.01,0.0,,,,,,,,,,,,3.0,0.0
Queue-load-0.20,0.2,601,PPM-3,2,6.0,0.0,0.01,0.0,,,,,,,,,,,,3.0,0.0
Queue-load-0.20,0.2,601,PPM-3,3,9.0,0.0,0.01,0.0,,,,,,,,,,,,3.0,0.0
Queue-load-0.20,0.2,601,PPM-3,4,12.0,0.0,0.01,0.0,,,,,,,,,,,,3.0,0.0
Queue-load-0.20,0.2,601,PPM-3,5,15.0,0.0,0.01,0.0,,,,,,,,,,,,3.0,0.0
Queue-load-0.20,0.2,601,PPM-3,6,18.0,0.0,0.01,0.0,,,,,,,,,,,,3.0,0.0
Queue-load-0.20,0.2,601,PPM-3,7,21.0,0.0,0.01,0.0,,,,,,,,,,,,3.0,0.0
Queue-load-0.20,0.2,601,PPM-3,8,24.0,0.0,0.01,0.0,,,,,,,,,,,,3.0,0.0
Queue-load-0.20,0.2,601,PPM-3,9,27.0,0.0,0.01,0.0,,,,,,,,,,,,3.0,0.0
Queue-load-0.20,0.2,601,PPM-3,10,30.0,0.0,0.01,0.0,,,,,,,,,,,,3.0,0.0
Queue-load-0.20,0.2,601,PPM-3,11,33.0,0.0,0.01,0.0,,,,,,,,,,,,3.0,0.0
Queue-load-0.20,0.2,601,PPM-3,12,36.0,0.0,0.01,0.0,,,,,,,,,,,,3.0,0.0
Queue-load-0.20,0.2,601,PPM-3,13,39.0,0.0,0.01,0.0,,,,,,,,,,,,3.0,0.0
Queue-load-0.20,0.2,601,PPM-3,14,42.0,0.0,0.01,0.0,,,,,,,,,,,,3.0,0.0
Queue-load-0.20,0.2,601,PPM-3,15,45.0,0.0,0.01,0.0,,,,,,,,,,,,3.0,0.0
Queue-load-0.20,0.2,601,PPM-3,16,48.0,0.0,0.01,0.0,,,,,,,,,,,,3.0,0.0
Queue-load-0.20,0.2,601,PPM-3,17,51.0,0.0,0.01,0.0,,,,,,,,,,,,3.0,0.0
Queue-load-0.20,0.2,601,PPM-3,18,54.0,0.0,0.01,0.0,,,,,,,,,,,,3.0,0.0
Queue-load-0.20,0.2,601,PPM-3,19,57.0,0.0,0.01,0.0,,,,,,,,,,,,3.0,0.0
Queue-load-0.20,0.2,601,PPM-3,20,60.0,0.0,0.01,0.0,,,,,,,,,,,,3.0,0.0
Queue-load-0.20,0.2,601,PPM-3,21,63.0,0.0,0.01,0.0,,,,,,,,,,,,3.0,0.0
Queue-load-0.20,0.2,601,PPM-3,22,66.0,0.0,0.01,0.0,,,,,,,,,,,,3.0,0.0
Queue-load-0.20,0.2,601,PPM-3,23,69.0,0.0,0.01,0.0,,,,,,,,,,,,3.0,0.0
Queue-load-0.20,0.2,601,PPM-3,24,72.0,0.0,0.01,0.0,,,,,,,,,,,,3.0,0.0
Queue-load-0.20,0.2,601,PPM-3,25,75.0,0.0,0.01,0.0,,,,,,,,,,,,3.0,0.0
Queue-load-0.20,0.2,602,QP+G,1,1.0,1.0,0.08,0.0,0.08589846199141866,0.5698908467454168,0.06832999772047176,0.005869441712065667,0.0,0.0,0.0,-0.014294537852957609,-0.014294734215853033,-1.963628954246982e-07,5.0,1.0,1.0
Queue-load-0.20,0.2,602,QP+G,2,2.0,2.0,0.08,0.0,0.08543228158813744,0.571330109140172,0.06806269644039889,0.005814751447944078,0.0,0.0,0.0,-0.014072470703570476,-0.014072655268184686,-1.8456461420984782e-07,5.0,1.0,1.0
Queue-load-0.20,0.2,602,QP+G,3,3.0,3.0,0.08,0.0,0.08497177257348941,0.5728106449869581,0.06779720467165357,0.005760848656478061,0.0,0.0,0.0,-0.013853914636153201,-0.013854088339682047,-1.7370352884543694e-07,5.0,1.0,1.0
Queue-load-0.20,0.2,602,QP+G,4,4.0,4.0,0.08,0.0,0.0845169337631151,0.5743311017234255,0.06753348039882488,0.005707722689660115,0.0,0.0,0.0,-0.013638758738512282,-0.013638922631729056,-1.6389321677405533e-07,5.0,1.0,1.0
Queue-load-0.20,0.2,602,QP+G,5,5.0,5.0,0.08,0.0,0.08406775989388565,0.5758900943563915,0.06727148296344895,0.005655362877476846,0.0,0.0,0.0,-0.013426900325792522,-0.013427055517632347,-1.5519183982522222e-07,5.0,1.0,1.0
Queue-load-0.20,0.2,602,QP+G,6,6.0,6.0,0.08,0.0,0.08362424177620299,0.5774862086428206,0.0670111730461184,0.0056037585365155814,0.0,0.0,0.0,-0.01321824513682716,-0.013218392752127883,-1.4761530072252005e-07,5.0,1.0,1.0
Queue-load-0.20,0.2,602,QP+G,7,7.0,7.0,0.08,0.0,0.08318636643982656,0.5791180042399123,0.06675251264733026,0.005552898977859972,0.0,0.0,0.0,-0.013012707293763703,-0.01301284845081474,-1.4115705103748266e-07,5.0,1.0,1.0
Queue-load-0.20,0.2,602,QP+G,8,8.0,8.0,0.08,0.0,0.08275411727396872,0.5807840178205359,0.06649546506720115,0.005502773514358255,0.0,0.0,0.0,-0.012810209157181833,-0.012810344967879583,-1.3581069775031596e-07,5.0,1.0,1.0
Queue-load-0.20,0.2,602,QP+G,9,9.0,9.0,0.08,0.0,0.0823274741623551,0.5824827661499475,0.06623999488415765,0.005453371467340023,0.0,0.0,0.0,-0.012610681218691392,-0.01261081280816434,-1.315894729483208e-07,5.0,1.0,1.0
Queue-load-0.20,0.2,602,QP+G,10,10.0,10.0,0.08,0.0,0.08190641361387661,0.584212749119533,0.06598606793271188,0.005404682172850059,0.0,0.0,0.0,-0.01241406214689415,-0.012414190687001003,-1.285401068536196e-07,5.0,1.0,1.0
Queue-load-0.20,0.2,602,QP+G,11,11.0,11.0,0.08,0.0,0.08149090888941735,0.5859724527331036,0.06573365128041941,0.00535669498746139,0.0,0.0,0.0,-0.012220299058704538,-0.012220425805866242,-1.267471617036331e-07,5.0,1.0,1.0
Queue-load-0.20,0.2,602,QP+G,12,12.0,12.0,0.08,0.0,0.08108093012539161,0.5877603520412729,0.06548271320411551,0.005309399293723948,0.0,0.0,0.0,-0.012029348027379823,-0.012029474356545222,-1.2632916539939698e-07,5.0,1.0,1.0
Queue-load-0.20,0.2,602,QP+G,13,13.0,13.0,0.08,0.0,0.08067644445445911,0.5895749140191345,0.06523322316551819,0.005262784505298264,0.0,0.0,0.0,-0.011841174787401678,-0.011841302213005278,-1.274256036000454e-07,5.0,1.0,1.0
Queue-load-0.20,0.2,602,QP+G,14,14.0,14.0,0.08,0.0,0.08027741612385593,0.5914146003827371,0.06498515178627709,0.005216840071818905,0.0,0.0,0.0,-0.011655755546058601,-0.011655885725535775,-1.3017947717366973e-07,5.0,1.0,1.0
Queue-load-0.20,0.2,602,QP+G,15,15.0,15.0,0.08,0.0,0.07988380661171025,0.5932778703394562,0.06473847082255138,0.005171555483526541,0.0,0.0,0.0,-0.011473077782275552,-0.011473212497226992,-1.3471495144065648e-07,5.0,1.0,1.0
Queue-load-0.20,0.2,602,QP+G,16,16.0,16.0,0.08,0.0,0.07949557474168505,0.5951631832677714,0.0644931531391835,0.005126920275702901,0.0,0.0,0.0,-0.011293140885951422,-0.011293281997798221,-1.4111184679956035e-07,5.0,1.0,1.0
Queue-load-0.20,0.2,602,QP+G,17,17.0,17.0,0.08,0.0,0.07911267679622422,0.5970690013217296,0.06424917268354322,0.005082924032937952,0.0,0.0,0.0,-0.011115956476765257,-0.011116105854072078,-1.4937730682083872e-07,5.0,1.0,1.0
Queue-load-0.20,0.2,602,QP+G,18,18.0,18.0,0.08,0.0,0.07873506662865355,0.5989937919557184,0.064006504459102,0.0050395563932546066,0.0,0.0,0.0,-0.010941548231153182,-0.01094170765386382,-1.5942271063690283e-07,5.0,1.0,1.0
Queue-load-0.20,0.2,602,QP+G,19,19.0,19.0,0.08,0.0,0.07836269577433257,0.6009360303651693,0.06376512449880128,0.0049968070521120055,0.0,0.0,0.0,-0.010769951075844355,-0.010770122118630265,-1.710427859104302e-07,5.0,1.0,1.0
Queue-load-0.20,0.2,602,QP+G,20,20.0,20.0,0.08,0.0,0.07799551356102265,0.6028942018390941,0.06352500983826932,0.004954665766304832,0.0,0.0,0.0,-0.010601209637115774,-0.010601393545080828,-1.8390796505465823e-07,5.0,1.0,1.0
Queue-load-0.20,0.2,602,QP+G,21,21.0,21.0,0.08,0.0,0.07763346721859202,0.6048668040205173,0.06328613848894406,0.004913122357772713,0.0,0.0,0.0,-0.010435375919799976,-0.010435573489668837,-1.9756986886082517e-07,5.0,1.0,1.0
Queue-load-0.20,0.2,602,QP+G,22,22.0,22.0,0.08,0.0,0.07727650198815304,0.6068523490712073,0.06304848941114688,0.004872166717330538,0.0,0.0,0.0,-0.01027250627975867,-0.010272717764572281,-2.1148481361109306e-07,5.0,1.0,1.0
Queue-load-0.20,0.2,602,QP+G,23,23.0,23.0,0.08,0.0,0.07692456123068254,0.6088493657373073,0.06281204248716138,0.004831788808327879,0.0,0.0,0.0,-0.010112657862822635,-0.010112882914126153,-2.2505130351825609e-07,5.0,1.0,1.0
Queue-load-0.20,0.2,602,QP+G,24,24.0,24.0,0.08,0.0,0.07657758653515721,0.6108564013128719,0.06257677849435626,0.004791978670242932,0.0,0.0,0.0,-0.00995588476781606,-0.009956122425995861,-2.3765817980074544e-07,5.0,1.0,1.0
Queue-load-0.20,0.2,602,QP+G,25,25.0,25.0,0.08,0.0,0.07623551782619435,0.6128720234985457,0.06234267907839846,0.00475272642221396,0.0,0.0,0.0,-0.009802234245910313,-0.009802482981948302,-2.4873603798880595e-07,5.0,1.0,1.0
Queue-load-0.20,0.2,602,noG,1,1.0,0.0,0.08,0.0,0.0,0.0,0.06832999772047176,0.0,0.0,0.0,0.0,-0.014294537852957609,-0.014294734215853033,-1.963628954246982e-07,3.0,1.0,0.0
Queue-load-0.20,0.2,602,noG,2,2.0,0.0,0.08,0.0,0.0,0.0,0.06806269644039889,0.0,0.0,0.0,0.0,-0.014072470703570476,-0.014072655268184686,-1.8456461420984782e-07,3.0,1.0,0.0
Queue-load-0.20,0.2,602,noG,3,3.0,0.0,0.08,0.0,0.0,0.0,0.06779720467165357,0.0,0.0,0.0,0.0,-0.013853914636153201,-0.013854088339682047,-1.7370352884543694e-07,3.0,1.0,0.0
Queue-load-0.20,0.2,602,noG,4,4.0,0.0,0.08,0.0,0.0,0.0,0.06753348039882488,0.0,0.0,0.0,0.0,-0.013638758738512282,-0.013638922631729056,-1.6389321677405533e-07,3.0,1.0,0.0
Queue-load-0.20,0.2,602,noG,5,5.0,0.0,0.08,0.0,0.0,0.0,0.06727148296344895,0.0,0.0,0.0,0.0,-0.013426900325792522,-0.013427055517632347,-1.5519183982522222e-07,3.0,1.0,0.0
Queue-load-0.20,0.2,602,noG,6,6.0,0.0,0.08,0.0,0.0,0.0,0.0670111730461184,0.0,0.0,0.0,0.0,-0.01321824513682716,-0.013218392752127883,-1.4761530072252005e-07,3.0,1.0,0.0
Queue-load-0.20,0.2,602,noG,7,7.0,0.0,0.08,0.0,0.0,0.0,0.06675251264733026,0.0,0.0,0.0,0.0,-0.013012707293763703,-0.01301284845081474,-1.4115705103748266e-07,3.0,1.0,0.0
Queue-load-0.20,0.2,602,noG,8,8.0,0.0,0.08,0.0,0.0,0.0,0.06649546506720115,0.0,0.0,0.0,0.0,-0.012810209157181833,-0.012810344967879583,-1.3581069775031596e-07,3.0,1.0,0.0
Queue-load-0.20,0.2,602,noG,9,9.0,0.0,0.08,0.0,0.0,0.0,0.06623999488415765,0.0,0.0,0.0,0.0,-0.012610681218691392,-0.01261081280816434,-1.315894729483208e-07,3.0,1.0,0.0
Queue-load-0.20,0.2,602,noG,10,10.0,0.0,0.08,0.0,0.0,0.0,0.06598606793271188,0.0,0.0,0.0,0.0,-0.01241406214689415,-0.012414190687001003,-1.285401068536196e-07,3.0,1.0,0.0
Queue-load-0.20,0.2,602,noG,11,11.0,0.0,0.08,0.0,0.0,0.0,0.06573365128041941,0.0,0.0,0.0,0.0,-0.012220299058704538,-0.012220425805866242,-1.267471617036331e-07,3.0,1.0,0.0
Queue-load-0.20,0.2,602,noG,12,12.0,0.0,0.08,0.0,0.0,0.0,0.06548271320411551,0.0,0.0,0.0,0.0,-0.012029348027379823,-0.012029474356545222,-1.2632916539939698e-07,3.0,1.0,0.0
Queue-load-0.20,0.2,602,noG,13,13.0,0.0,0.08,0.0,0.0,0.0,0.06523322316551819,0.0,0.0,0.0,0.0,-0.011841174787401678,-0.011841302213005278,-1.274256036000454e-07,3.0,1.0,0.0
Queue-load-0.20,0.2,602,noG,14,14.0,0.0,0.08,0.0,0.0,0.0,0.06498515178627709,0.0,0.0,0.0,0.0,-0.011655755546058601,-0.011655885725535775,-1.3017947717366973e-07,3.0,1.0,0.0
Queue-load-0.20,0.2,602,noG,15,15.0,0.0,0.08,0.0,0.0,0.0,0.06473847082255138,0.0,0.0,0.0,0.0,-0.011473077782275552,-0.011473212497226992,-1.3471495144065648e-07,3.0,1.0,0.0
Queue-load-0.20,0.2,602,noG,16,16.0,0.0,0.08,0.0,0.0,0.0,0.0644931531391835,0.0,0.0,0.0,0.0,-0.011293140885951422,-0.011293281997798221,-1.4111184679956035e-07,3.0,1.0,0.0
Queue-load-0.20,0.2,602,noG,17,17.0,0.0,0.08,0.0,0.0,0.0,0.06424917268354322,0.0,0.0,0.0,0.0,-0.011115956476765257,-0.011116105854072078,-1.4937730682083872e-07,3.0,1.0,0.0
Queue-load-0.20,0.2,602,noG,18,18.0,0.0,0.08,0.0,0.0,0.0,0.064006504459102,0.0,0.0,0.0,0.0,-0.010941548231153182,-0.01094170765386382,-1.5942271063690283e-07,3.0,1.0,0.0
Queue-load-0.20,0.2,602,noG,19,19.0,0.0,0.08,0.0,0.0,0.0,0.06376512449880128,0.0,0.0,0.0,0.0,-0.010769951075844355,-0.010770122118630265,-1.710427859104302e-07,3.0,1.0,0.0
Queue-load-0.20,0.2,602,noG,20,20.0,0.0,0.08,0.0,0.0,0.0,0.06352500983826932,0.0,0.0,0.0,0.0,-0.010601209637115774,-0.010601393545080828,-1.8390796505465823e-07,3.0,1.0,0.0
Queue-load-0.20,0.2,602,noG,21,21.0,0.0,0.08,0.0,0.0,0.0,0.06328613848894406,0.0,0.0,0.0,0.0,-0.010435375919799976,-0.010435573489668837,-1.9756986886082517e-07,3.0,1.0,0.0
Queue-load-0.20,0.2,602,noG,22,22.0,0.0,0.08,0.0,0.0,0.0,0.06304848941114688,0.0,0.0,0.0,0.0,-0.01027250627975867,-0.010272717764572281,-2.1148481361109306e-07,3.0,1.0,0.0
Queue-load-0.20,0.2,602,noG,23,23.0,0.0,0.08,0.0,0.0,0.0,0.06281204248716138,0.0,0.0,0.0,0.0,-0.010112657862822635,-0.010112882914126153,-2.2505130351825609e-07,3.0,1.0,0.0
Queue-load-0.20,0.2,602,noG,24,24.0,0.0,0.08,0.0,0.0,0.0,0.06257677849435626,0.0,0.0,0.0,0.0,-0.00995588476781606,-0.009956122425995861,-2.3765817980074544e-07,3.0,1.0,0.0
Queue-load-0.20,0.2,602,noG,25,25.0,0.0,0.08,0.0,0.0,0.0,0.06234267907839846,0.0,0.0,0.0,0.0,-0.009802234245910313,-0.009802482981948302,-2.4873603798880595e-07,3.0,1.0,0.0
Queue-load-0.20,0.2,602,PPM-3,1,3.0,0.0,0.01,0.0,,,,,,,,,,,,3.0,0.0
Queue-load-0.20,0.2,602,PPM-3,2,6.0,0.0,0.01,0.0,,,,,,,,,,,,3.0,0.0
Queue-load-0.20,0.2,602,PPM-3,3,9.0,0.0,0.01,0.0,,,,,,,,,,,,3.0,0.0
Queue-load-0.20,0.2,602,PPM-3,4,12.0,0.0,0.01,0.0,,,,,,,,,,,,3.0,0.0
Queue-load-0.20,0.2,602,PPM-3,5,15.0,0.0,0.01,0.0,,,,,,,,,,,,3.0,0.0
Queue-load-0.20,0.2,602,PPM-3,6,18.0,0.0,0.01,0.0,,,,,,,,,,,,3.0,0.0
Queue-load-0.20,0.2,602,PPM-3,7,21.0,0.0,0.01,0.0,,,,,,,,,,,,3.0,0.0
Queue-load-0.20,0.2,602,PPM-3,8,24.0,0.0,0.01,0.0,,,,,,,,,,,,3.0,0.0
Queue-load-0.20,0.2,602,PPM-3,9,27.0,0.0,0.01,0.0,,,,,,,,,,,,3.0,0.0
Queue-load-0.20,0.2,602,PPM-3,10,30.0,0.0,0.01,0.0,,,,,,,,,,,,3.0,0.0
Queue-load-0.20,0.2,602,PPM-3,11,33.0,0.0,0.01,0.0,,,,,,,,,,,,3.0,0.0
Queue-load-0.20,0.2,602,PPM-3,12,36.0,0.0,0.01,0.0,,,,,,,,,,,,3.0,0.0
Queue-load-0.20,0.2,602,PPM-3,13,39.0,0.0,0.01,0.0,,,,,,,,,,,,3.0,0.0
Queue-load-0.20,0.2,602,PPM-3,14,42.0,0.0,0.01,0.0,,,,,,,,,,,,3.0,0.0
Queue-load-0.20,0.2,602,PPM-3,15,45.0,0.0,0.01,0.0,,,,,,,,,,,,3.0,0.0
Queue-load-0.20,0.2,602,PPM-3,16,48.0,0.0,0.01,0.0,,,,,,,,,,,,3.0,0.0
Queue-load-0.20,0.2,602,PPM-3,17,51.0,0.0,0.01,0.0,,,,,,,,,,,,3.0,0.0
Queue-load-0.20,0.2,602,PPM-3,18,54.0,0.0,0.01,0.0,,,,,,,,,,,,3.0,0.0
Queue-load-0.20,0.2,602,PPM-3,19,57.0,0.0,0.01,0.0,,,,,,,,,,,,3.0,0.0
Queue-load-0.20,0.2,602,PPM-3,20,60.0,0.0,0.01,0.0,,,,,,,,,,,,3.0,0.0
Queue-load-0.20,0.2,602,PPM-3,21,63.0,0.0,0.01,0.0,,,,,,,,,,,,3.0,0.0
Queue-load-0.20,0.2,602,PPM-3,22,66.0,0.0,0.01,0.0,,,,,,,,,,,,3.0,0.0
Queue-load-0.20,0.2,602,PPM-3,23,69.0,0.0,0.01,0.0,,,,,,,,,,,,3.0,0.0
Queue-load-0.20,0.2,602,PPM-3,24,72.0,0.0,0.01,0.0,,,,,,,,,,,,3.0,0.0
Queue-load-0.20,0.2,602,PPM-3,25,75.0,0.0,0.01,0.0,,,,,,,,,,,,3.0,0.0
Queue-load-0.20,0.2,603,QP+G,1,1.0,1.0,0.08,0.0,0.05252500724954935,0.5698768375723332,0.05118811875642726,0.002688656308772135,0.0,0.0,0.0,-0.008243926664942927,-0.008243980428446651,-5.376350372364447e-08,5.0,1.0,1.0
Queue-load-0.20,0.2,603,QP+G,2,2.0,2.0,0.08,0.0,0.05238559231847524,0.5700710950713762,0.0510656356800891,0.0026751035722209307,0.0,0.0,0.0,-0.008162281120605267,-0.008162334831006035,-5.3710400767584265e-08,5.0,1.0,1.0
Queue-load-0.20,0.2,603,QP+G,3,3.0,3.0,0.08,0.0,0.05224558488154407,0.5702534737003602,0.05094372967858114,0.002661584953104747,0.0,0.0,0.0,-0.00808146464873458,-0.008081518375382402,-5.372664782163361e-08,5.0,1.0,1.0
Queue-load-0.20,0.2,603,QP+G,4,4.0,4.0,0.08,0.0,0.052105006153128415,0.5704248590684883,0.05082240206125645,0.0026481015721185335,0.0,0.0,0.0,-0.008001478902987339,-0.008001532713905135,-5.381091779631253e-08,5.0,1.0,1.0
Queue-load-0.20,0.2,603,QP+G,5,5.0,5.0,0.08,0.0,0.05196387802973772,0.5705861162589004,0.05070165386061385,0.0026346545571189184,0.0,0.0,0.0,-0.007922325664394178,-0.00792237962421627,-5.3959822091456666e-08,5.0,1.0,1.0
Queue-load-0.20,0.2,603,QP+G,6,6.0,6.0,0.08,0.0,0.051822223030709366,0.5707380900423861,0.05058148584026432,0.0026212450404388453,0.0,0.0,0.0,-0.007844006826097526,-0.007844060994252722,-5.416815519569684e-08,5.0,1.0,1.0
Queue-load-0.20,0.2,603,QP+G,7,7.0,7.0,0.08,0.0,0.051680064241639026,0.5708816050906613,0.05046189850284542,0.0026078741563821195,0.0,0.0,0.0,-0.007766524366646068,-0.007766578796759127,-5.443011305908407e-08,5.0,1.0,1.0
Queue-load-0.20,0.2,603,QP+G,8,8.0,8.0,0.08,0.0,0.05153742526047492,0.5710174661882754,0.05034289209787756,0.002594543038890518,0.0,0.0,0.0,-0.007689880317098583,-0.007689935054703945,-5.473760536153782e-08,5.0,1.0,1.0
Queue-load-0.20,0.2,603,QP+G,9,9.0,9.0,0.08,0.0,0.051394330146196064,0.571146458442281,0.05022446662955251,0.002581252819375829,0.0,0.0,0.0,-0.007614076716985095,-0.007614131798755253,-5.508177015715876e-08,5.0,1.0,1.0
Queue-load-0.20,0.2,603,QP+G,10,10.0,10.0,0.08,0.0,0.051250803369997044,0.5712693474889264,0.050106621864452756,0.002568004624709863,0.0,0.0,0.0,-0.007539115565326307,-0.007539171018734692,-5.545340838429558e-08,5.0,1.0,1.0
Queue-load-0.20,0.2,603,QP+G,11,11.0,11.0,0.08,0.0,0.051106869768895447,0.5713868796967337,0.049989357339192665,0.002554799575364897,0.0,0.0,0.0,-0.007464998768297685,-0.0074650546106327376,-5.5842335052944114e-08,5.0,1.0,1.0
Queue-load-0.20,0.2,603,QP+G,12,12.0,12.0,0.08,0.0,0.05096255450168377,0.5714997823654914,0.04987267236797773,0.0025416387836976833,0.0,0.0,0.0,-0.007391728082818775,-0.007391784320930572,-5.623811179765459e-08,5.0,1.0,1.0
Queue-load-0.20,0.2,603,QP+G,13,13.0,13.0,0.08,0.0,0.05081788300713857,0.5716087639206262,0.049756566050077264,0.002528523352369789,0.0,0.0,0.0,-0.007319305059649592,-0.0073193616900484315,-5.663039883991444e-08,5.0,1.0,1.0
Queue-load-0.20,0.2,603,QP+G,14,14.0,14.0,0.08,0.0,0.050672880964405184,0.571714514102644,0.04964103727720683,0.0025154543728975022,0.0,0.0,0.0,-0.007247730987151653,-0.00724778799638548,-5.700923382673251e-08,5.0,1.0,1.0
Queue-load-0.20,0.2,603,QP+G,15,15.0,15.0,0.08,0.0,0.05052757425547586,0.5718177041513449,0.0495260847408153,0.002502432924324535,0.0,0.0,0.0,-0.007177006837140175,-0.00717706420248998,-5.73653498045848e-08,5.0,1.0,1.0
Queue-load-0.20,0.2,603,QP+G,16,16.0,16.0,0.08,0.0,0.05038198892967757,0.5719189869845746,0.04941170693927576,0.0024894600720110635,0.0,0.0,0.0,-0.007107133215163862,-0.0071071909046849235,-5.768952106126324e-08,5.0,1.0,1.0
Queue-load-0.20,0.2,603,QP+G,17,17.0,17.0,0.08,0.0,0.050236151170085924,0.5720189973714156,0.04929790218497217,0.002476536866532371,0.0,0.0,0.0,-0.007038110312719404,-0.007038168286904067,-5.7974184662981654e-08,5.0,1.0,1.0
Queue-load-0.20,0.2,603,QP+G,18,18.0,18.0,0.08,0.0,0.05009008726178614,0.5721183520996267,0.04918466861128611,0.002463664342681355,0.0,0.0,0.0,-0.006969937868230859,-0.006969996079861929,-5.8211631070136105e-08,5.0,1.0,1.0
Queue-load-0.20,0.2,603,QP+G,19,19.0,19.0,0.08,0.0,0.049943823561896916,0.5722176501373875,0.0490720041794747,0.0024508435185683526,0.0,0.0,0.0,-0.006902615130306187,-0.006902673525876146,-5.839556995942963e-08,5.0,1.0,1.0
Queue-load-0.20,0.2,603,QP+G,20,20.0,20.0,0.08,0.0,0.049797386471282054,0.5723174727893207,0.04895990668544091,0.002438075394812807,0.0,0.0,0.0,-0.006836140828220631,-0.0068361993496379725,-5.852141734142419e-08,5.0,1.0,1.0
Queue-load-0.20,0.2,603,QP+G,21,21.0,21.0,0.08,0.0,0.04965080240786844,0.5724183838468301,0.04884837376639431,0.002425360953820948,0.0,0.0,0.0,-0.006770513151059315,-0.006770571735313258,-5.858425394279776e-08,5.0,1.0,1.0
Queue-load-0.20,0.2,603,QP+G,22,22.0,22.0,0.08,0.0,0.049504097781494394,0.572520929732877,0.04873740290739945,0.0024127011591439916,0.0,0.0,0.0,-0.006705729728602666,-0.0067057883095746895,-5.858097202379037e-08,5.0,1.0,1.0
Queue-load-0.20,0.2,603,QP+G,23,23.0,23.0,0.08,0.0,0.049357298970215034,0.5726256396413449,0.04862699144781136,0.002400096954911715,0.0,0.0,0.0,-0.0066417876217069365,-0.006641846130650109,-5.850894317215721e-08,5.0,1.0,1.0
Queue-load-0.20,0.2,603,QP+G,24,24.0,24.0,0.08,0.0,0.04921043229799045,0.572733025671138,0.04851713658759689,0.002387549265336292,0.0,0.0,0.0,-0.006578683316296678,-0.006578741682986333,-5.836668965503167e-08,5.0,1.0,1.0
Queue-load-0.20,0.2,603,QP+G,25,25.0,25.0,0.08,0.0,0.04906352401368416,0.5728435829552235,0.04840783539354063,0.0023750589942814508,0.0,0.0,0.0,-0.006516412723616385,-0.006516470877161229,-5.8153544844202765e-08,5.0,1.0,1.0
Queue-load-0.20,0.2,603,noG,1,1.0,0.0,0.08,0.0,0.0,0.0,0.05118811875642726,0.0,0.0,0.0,0.0,-0.008243926664942927,-0.008243980428446651,-5.376350372364447e-08,3.0,1.0,0.0
Queue-load-0.20,0.2,603,noG,2,2.0,0.0,0.08,0.0,0.0,0.0,0.0510656356800891,0.0,0.0,0.0,0.0,-0.008162281120605267,-0.008162334831006035,-5.3710400767584265e-08,3.0,1.0,0.0
Queue-load-0.20,0.2,603,noG,3,3.0,0.0,0.08,0.0,0.0,0.0,0.05094372967858114,0.0,0.0,0.0,0.0,-0.00808146464873458,-0.008081518375382402,-5.372664782163361e-08,3.0,1.0,0.0
Queue-load-0.20,0.2,603,noG,4,4.0,0.0,0.08,0.0,0.0,0.0,0.05082240206125645,0.0,0.0,0.0,0.0,-0.008001478902987339,-0.008001532713905135,-5.381091779631253e-08,3.0,1.0,0.0
Queue-load-0.20,0.2,603,noG,5,5.0,0.0,0.08,0.0,0.0,0.0,0.05070165386061385,0.0,0.0,0.0,0.0,-0.007922325664394178,-0.00792237962421627,-5.3959822091456666e-08,3.0,1.0,0.0
Queue-load-0.20,0.2,603,noG,6,6.0,0.0,0.08,0.0,0.0,0.0,0.05058148584026432,0.0,0.0,0.0,0.0,-0.007844006826097526,-0.007844060994252722,-5.416815519569684e-08,3.0,1.0,0.0
Queue-load-0.20,0.2,603,noG,7,7.0,0.0,0.08,0.0,0.0,0.0,0.05046189850284542,0.0,0.0,0.0,0.0,-0.007766524366646068,-0.007766578796759127,-5.443011305908407e-08,3.0,1.0,0.0
Queue-load-0.20,0.2,603,noG,8,8.0,0.0,0.08,0.0,0.0,0.0,0.05034289209787756,0.0,0.0,0.0,0.0,-0.007689880317098583,-0.007689935054703945,-5.473760536153782e-08,3.0,1.0,0.0
Queue-load-0.20,0.2,603,noG,9,9.0,0.0,0.08,0.0,0.0,0.0,0.05022446662955251,0.0,0.0,0.0,0.0,-0.007614076716985095,-0.007614131798755253,-5.508177015715876e-08,3.0,1.0,0.0
Queue-load-0.20,0.2,603,noG,10,10.0,0.0,0.08,0.0,0.0,0.0,0.050106621864452756,0.0,0.0,0.0,0.0,-0.007539115565326307,-0.007539171018734692,-5.545340838429558e-08,3.0,1.0,0.0
Queue-load-0.20,0.2,603,noG,11,11.0,0.0,0.08,0.0,0.0,0.0,0.049989357339192665,0.0,0.0,0.0,0.0,-0.007464998768297685,-0.0074650546106327376,-5.5842335052944114e-08,3.0,1.0,0.0
Queue-load-0.20,0.2,603,noG,12,12.0,0.0,0.08,0.0,0.0,0.0,0.04987267236797773,0.0,0.0,0.0,0.0,-0.007391728082818775,-0.007391784320930572,-5.623811179765459e-08,3.0,1.0,0.0
Queue-load-0.20,0.2,603,noG,13,13.0,0.0,0.08,0.0,0.0,0.0,0.049756566050077264,0.0,0.0,0.0,0.0,-0.007319305059649592,-0.0073193616900484315,-5.663039883991444e-08,3.0,1.0,0.0
Queue-load-0.20,0.2,603,noG,14,14.0,0.0,0.08,0.0,0.0,0.0,0.04964103727720683,0.0,0.0,0.0,0.0,-0.007247730987151653,-0.00724778799638548,-5.700923382673251e-08,3.0,1.0,0.0
Queue-load-0.20,0.2,603,noG,15,15.0,0.0,0.08,0.0,0.0,0.0,0.0495260847408153,0.0,0.0,0.0,0.0,-0.007177006837140175,-0.00717706420248998,-5.73653498045848e-08,3.0,1.0,0.0
Queue-load-0.20,0.2,603,noG,16,16.0,0.0,0.08,0.0,0.0,0.0,0.04941170693927576,0.0,0.0,0.0,0.0,-0.007107133215163862,-0.0071071909046849235,-5.768952106126324e-08,3.0,1.0,0.0
Queue-load-0.20,0.2,603,noG,17,17.0,0.0,0.08,0.0,0.0,0.0,0.04929790218497217,0.0,0.0,0.0,0.0,-0.007038110312719404,-0.007038168286904067,-5.7974184662981654e-08,3.0,1.0,0.0
Queue-load-0.20,0.2,603,noG,18,18.0,0.0,0.08,0.0,0.0,0.0,0.04918466861128611,0.0,0.0,0.0,0.0,-0.006969937868230859,-0.006969996079861929,-5.8211631070136105e-08,3.0,1.0,0.0
Queue-load-0.20,0.2,603,noG,19,19.0,0.0,0.08,0.0,0.0,0.0,0.0490720041794747,0.0,0.0,0.0,0.0,-0.006902615130306187,-0.006902673525876146,-5.839556995942963e-08,3.0,1.0,0.0
Queue-load-0.20,0.2,603,noG,20,20.0,0.0,0.08,0.0,0.0,0.0,0.04895990668544091,0.0,0.0,0.0,0.0,-0.006836140828220631,-0.0068361993496379725,-5.852141734142419e-08,3.0,1.0,0.0
Queue-load-0.20,0.2,603,noG,21,21.0,0.0,0.08,0.0,0.0,0.0,0.04884837376639431,0.0,0.0,0.0,0.0,-0.006770513151059315,-0.006770571735313258,-5.858425394279776e-08,3.0,1.0,0.0
Queue-load-0.20,0.2,603,noG,22,22.0,0.0,0.08,0.0,0.0,0.0,0.04873740290739945,0.0,0.0,0.0,0.0,-0.006705729728602666,-0.0067057883095746895,-5.858097202379037e-08,3.0,1.0,0.0
Queue-load-0.20,0.2,603,noG,23,23.0,0.0,0.08,0.0,0.0,0.0,0.04862699144781136,0.0,0.0,0.0,0.0,-0.0066417876217069365,-0.006641846130650109,-5.850894317215721e-08,3.0,1.0,0.0
Queue-load-0.20,0.2,603,noG,24,24.0,0.0,0.08,0.0,0.0,0.0,0.04851713658759689,0.0,0.0,0.0,0.0,-0.006578683316296678,-0.006578741682986333,-5.836668965503167e-08,3.0,1.0,0.0
Queue-load-0.20,0.2,603,noG,25,25.0,0.0,0.08,0.0,0.0,0.0,0.04840783539354063,0.0,0.0,0.0,0.0,-0.006516412723616385,-0.006516470877161229,-5.8153544844202765e-08,3.0,1.0,0.0
Queue-load-0.20,0.2,603,PPM-3,1,3.0,0.0,0.01,0.0,,,,,,,,,,,,3.0,0.0
Queue-load-0.20,0.2,603,PPM-3,2,6.0,0.0,0.01,0.0,,,,,,,,,,,,3.0,0.0
Queue-load-0.20,0.2,603,PPM-3,3,9.0,0.0,0.01,0.0,,,,,,,,,,,,3.0,0.0
Queue-load-0.20,0.2,603,PPM-3,4,12.0,0.0,0.01,0.0,,,,,,,,,,,,3.0,0.0
Queue-load-0.20,0.2,603,PPM-3,5,15.0,0.0,0.01,0.0,,,,,,,,,,,,3.0,0.0
Queue-load-0.20,0.2,603,PPM-3,6,18.0,0.0,0.01,0.0,,,,,,,,,,,,3.0,0.0
Queue-load-0.20,0.2,603,PPM-3,7,21.0,0.0,0.01,0.0,,,,,,,,,,,,3.0,0.0
Queue-load-0.20,0.2,603,PPM-3,8,24.0,0.0,0.01,0.0,,,,,,,,,,,,3.0,0.0
Queue-load-0.20,0.2,603,PPM-3,9,27.0,0.0,0.01,0.0,,,,,,,,,,,,3.0,0.0
Queue-load-0.20,0.2,603,PPM-3,10,30.0,0.0,0.01,0.0,,,,,,,,,,,,3.0,0.0
Queue-load-0.20,0.2,603,PPM-3,11,33.0,0.0,0.01,0.0,,,,,,,,,,,,3.0,0.0
Queue-load-0.20,0.2,603,PPM-3,12,36.0,0.0,0.01,0.0,,,,,,,,,,,,3.0,0.0
Queue-load-0.20,0.2,603,PPM-3,13,39.0,0.0,0.01,0.0,,,,,,,,,,,,3.0,0.0
Queue-load-0.20,0.2,603,PPM-3,14,42.0,0.0,0.01,0.0,,,,,,,,,,,,3.0,0.0
Queue-load-0.20,0.2,603,PPM-3,15,45.0,0.0,0.01,0.0,,,,,,,,,,,,3.0,0.0
Queue-load-0.20,0.2,603,PPM-3,16,48.0,0.0,0.01,0.0,,,,,,,,,,,,3.0,0.0
Queue-load-0.20,0.2,603,PPM-3,17,51.0,0.0,0.01,0.0,,,,,,,,,,,,3.0,0.0
Queue-load-0.20,0.2,603,PPM-3,18,54.0,0.0,0.01,0.0,,,,,,,,,,,,3.0,0.0
Queue-load-0.20,0.2,603,PPM-3,19,57.0,0.0,0.01,0.0,,,,,,,,,,,,3.0,0.0
Queue-load-0.20,0.2,603,PPM-3,20,60.0,0.0,0.01,0.0,,,,,,,,,,,,3.0,0.0
Queue-load-0.20,0.2,603,PPM-3,21,63.0,0.0,0.01,0.0,,,,,,,,,,,,3.0,0.0
Queue-load-0.20,0.2,603,PPM-3,22,66.0,0.0,0.01,0.0,,,,,,,,,,,,3.0,0.0
Queue-load-0.20,0.2,603,PPM-3,23,69.0,0.0,0.01,0.0,,,,,,,,,,,,3.0,0.0
Queue-load-0.20,0.2,603,PPM-3,24,72.0,0.0,0.01,0.0,,,,,,,,,,,,3.0,0.0
Queue-load-0.20,0.2,603,PPM-3,25,75.0,0.0,0.01,0.0,,,,,,,,,,,,3.0,0.0
Queue-load-0.20,0.2,604,QP+G,1,1.0,1.0,0.08,0.12,0.05880056391159697,0.38392091167268916,0.055025160410940244,0.003235510461489367,1.0,0.0,0.0,-0.007477380330036169,-0.007477996578551416,-6.16248515246734e-07,5.0,1.0,1.0
Queue-load-0.20,0.2,604,QP+G,2,2.0,2.0,0.08,0.12,0.05878741650406307,0.3836416900961065,0.05492349328244463,0.0032288102754531823,1.0,0.0,0.0,-0.007434286200348355,-0.007434893034541812,-6.068341934567165e-07,5.0,1.0,1.0
Queue-load-0.20,0.2,604,QP+G,3,3.0,3.0,0.08,0.12,0.058774159593686606,0.3833511319852776,0.05482213675240333,0.003222125014752665,1.0,0.0,0.0,-0.007391321337085462,-0.007391918784653395,-5.974475679329863e-07,5.0,1.0,1.0
Queue-load-0.20,0.2,604,QP+G,4,4.0,4.0,0.08,0.12,0.05876075758298596,0.3830493484904639,0.05472109306008398,0.00321545288397961,1.0,0.0,0.0,-0.007348488137841334,-0.007349076237185059,-5.880993437252374e-07,5.0,1.0,1.0
Queue-load-0.20,0.2,604,QP+G,5,5.0,5.0,0.08,0.12,0.058747175154788694,0.3827364573410703,0.05462036444397058,0.003208792117008332,1.0,0.0,0.0,-0.007305788744936628,-0.007306367546128012,-5.788011913842803e-07,5.0,1.0,1.0
Queue-load-0.20,0.2,604,QP+G,6,6.0,6.0,0.08,0.12,0.058733377301886186,0.38241258266381206,0.0545199531393496,0.003202140978214574,1.0,0.0,0.0,-0.0072632250352603085,-0.007263794600084861,-5.695648245523238e-07,5.0,1.0,1.0
Queue-load-0.20,0.2,604,QP+G,7,7.0,7.0,0.08,0.12,0.05871932935553169,0.3820778548007443,0.05441986137592234,0.003195497763615162,1.0,0.0,0.0,-0.007220798611251315,-0.007221359014152107,-5.604029007918662e-07,5.0,1.0,1.0
Queue-load-0.20,0.2,604,QP+G,8,8.0,8.0,0.08,0.12,0.05870499701276567,0.3817324101277843,0.05432009137544427,0.003188860801928614,1.0,0.0,0.0,-0.007178510795686755,-0.00717906212466346,-5.51328976704929e-07,5.0,1.0,1.0
Queue-load-0.20,0.2,604,QP+G,9,9.0,9.0,0.08,0.12,0.05869034636256007,0.38137639087424857,0.05422064534939424,0.00318222845555748,1.0,0.0,0.0,-0.007136362631441971,-0.00713690498692543,-5.423554834587188e-07,5.0,1.0,1.0
Queue-load-0.20,0.2,604,QP+G,10,10.0,10.0,0.08,0.12,0.0586753439107673,0.38100994494387835,0.054121525496674976,0.0031755991214927654,1.0,0.0,0.0,-0.007094354879927198,-0.007094888375609898,-5.334956827002246e-07,5.0,1.0,1.0
Queue-load-0.20,0.2,604,QP+G,11,11.0,11.0,0.08,0.12,0.05865995660387511,0.38063322573788616,0.05402273400134723,0.003168971232141717,1.0,0.0,0.0,-0.0070524880254349475,-0.0070530127879187,-5.247624837523626e-07,5.0,1.0,1.0
Queue-load-0.20,0.2,604,QP+G,12,12.0,12.0,0.08,0.12,0.058644151851561035,0.3802463919804168,0.053924273030398276,0.003162343256079714,1.0,0.0,0.0,-0.007010762279978953,-0.007011278449211122,-5.161692321698289e-07,5.0,1.0,1.0
Queue-load-0.20,0.2,604,QP+G,13,13.0,13.0,0.08,0.12,0.058627897548050284,0.379849607546871,0.05382614473154817,0.0031557136987277325,1.0,0.0,0.0,-0.006969177592584513,-0.006969685321134733,-5.077285502204376e-07,5.0,1.0,1.0
Queue-load-0.20,0.2,604,QP+G,14,14.0,14.0,0.08,0.12,0.058611162092276056,0.3794430412954706,0.053728351231092215,0.0031490811029562856,1.0,0.0,0.0,-0.006927733658981567,-0.006928233111935356,-4.994529537883513e-07,5.0,1.0,1.0
Queue-load-0.20,0.2,604,QP+G,15,15.0,15.0,0.08,0.12,0.05859391440685412,0.37902686690240633,0.053630894631785206,0.0031424440496178345,1.0,0.0,0.0,-0.006886429934925035,-0.006886921288959513,-4.913540344779824e-07,5.0,1.0,1.0
Queue-load-0.20,0.2,604,QP+G,16,16.0,16.0,0.08,0.12,0.058576123955874596,0.3786012627009205,0.0535337770107634,0.0031358011580086267,1.0,0.0,0.0,-0.006845265649496312,-0.006845749093045139,-4.834435488269145e-07,5.0,1.0,1.0
Queue-load-0.20,0.2,604,QP+G,17,17.0,17.0,0.08,0.12,0.058557760761524955,0.37816641152459946,0.053437000417510316,0.0031291510862620784,1.0,0.0,0.0,-0.006804239821911469,-0.0068047155547454885,-4.757328340198111e-07,5.0,1.0,1.0
Queue-load-0.20,0.2,604,QP+G,18,18.0,18.0,0.08,0.12,0.05853879541955726,0.37772250055516443,0.05334056687186384,0.0031224925316752504,1.0,0.0,0.0,-0.006763351279708886,-0.006763819512197067,-4.6823248818061297e-07,5.0,1.0,1.0
Queue-load-0.20,0.2,604,QP+G,19,19.0,19.0,0.08,0.12,0.0585191991136114,0.377269721175002,0.053244478362067596,0.0031158242309702075,1.0,0.0,0.0,-0.006722598677703683,-0.006723059630461492,-4.6095275780914935e-07,5.0,1.0,1.0
Queue-load-0.20,0.2,604,QP+G,20,20.0,20.0,0.08,0.12,0.058498943628416705,0.37680826882465507,0.053148736842865724,0.003109144960492356,1.0,0.0,0.0,-0.006681980519176357,-0.006682434422212946,-4.5390303658916775e-07,5.0,1.0,1.0
Queue-load-0.20,0.2,604,QP+G,21,21.0,21.0,0.08,0.12,0.058478001361885544,0.37633834286543755,0.053053344233643183,0.0031024535363475686,1.0,0.0,0.0,-0.00664149517739187,-0.006641942269629997,-4.470922381266326e-07,5.0,1.0,1.0
Queue-load-0.20,0.2,604,QP+G,22,22.0,22.0,0.08,0.12,0.05845634533612061,0.37586014644741683,0.05295830241661094,0.00309574881448012,1.0,0.0,0.0,-0.006601140918135312,-0.0066015814472693,-4.405291339883502e-07,5.0,1.0,1.0
Queue-load-0.20,0.2,604,QP+G,23,23.0,23.0,0.08,0.12,0.058433949207362064,0.37537388638280395,0.05286361323503695,0.003089029690693782,1.0,0.0,0.0,-0.00656091592409524,-0.006561350145883882,-4.3422178864181704e-07,5.0,1.0,1.0
Queue-load-0.20,0.2,604,QP+G,24,24.0,24.0,0.08,0.12,0.05841078727489041,0.37487977302499226,0.05276927849152447,0.0030822951006178856,1.0,0.0,0.0,-0.006520818319929474,-0.006521246496955513,-4.281770260390269e-07,5.0,1.0,1.0
Queue-load-0.20,0.2,604,QP+G,25,25.0,25.0,0.08,0.12,0.058386834488916226,0.3743780201532365,0.05267529994633494,0.003075544019620676,1.0,0.0,0.0,-0.006480846195707517,-0.0064812685977839735,-4.2240207645625333e-07,5.0,1.0,1.0
Queue-load-0.20,0.2,604,noG,1,1.0,0.0,0.08,0.0,0.0,0.0,0.055025160410940244,0.0,0.0,0.0,0.0,-0.007254914955764235,-0.007254949402436317,-3.444667208245267e-08,3.0,1.0,0.0
Queue-load-0.20,0.2,604,noG,2,2.0,0.0,0.08,0.0,0.0,0.0,0.05492599793813601,0.0,0.0,0.0,0.0,-0.007213573352945109,-0.007213608371514635,-3.5018569525917254e-08,3.0,1.0,0.0
Queue-load-0.20,0.2,604,noG,3,3.0,0.0,0.08,0.0,0.0,0.0,0.054827127070268857,0.0,0.0,0.0,0.0,-0.007172411084827641,-0.007172446620197448,-3.553536980730604e-08,3.0,1.0,0.0
Queue-load-0.20,0.2,604,noG,4,4.0,0.0,0.08,0.0,0.0,0.0,0.05472854951452683,0.0,0.0,0.0,0.0,-0.0071314295176937315,-0.007131465511817758,-3.599412402681412e-08,3.0,1.0,0.0
Queue-load-0.20,0.2,604,noG,5,5.0,0.0,0.08,0.0,0.0,0.0,0.05463026700359102,0.0,0.0,0.0,0.0,-0.007090629668512607,-0.007090666061070117,-3.6392557510069035e-08,3.0,1.0,0.0
Queue-load-0.20,0.2,604,noG,6,6.0,0.0,0.08,0.0,0.0,0.0,0.05453228129363206,0.0,0.0,0.0,0.0,-0.0070500121951106495,-0.007050048924400976,-3.6729290326179e-08,3.0,1.0,0.0
Queue-load-0.20,0.2,604,noG,7,7.0,0.0,0.08,0.0,0.0,0.0,0.054434594162262595,0.0,0.0,0.0,0.0,-0.007009577391857825,-0.007009614394677399,-3.7002819574041834e-08,3.0,1.0,0.0
Queue-load-0.20,0.2,604,noG,8,8.0,0.0,0.08,0.0,0.0,0.0,0.05433720740645017,0.0,0.0,0.0,0.0,-0.006969325186837831,-0.0069693623998827725,-3.721304494153782e-08,3.0,1.0,0.0
Queue-load-0.20,0.2,604,noG,9,9.0,0.0,0.08,0.0,0.0,0.0,0.05424012284039376,0.0,0.0,0.0,0.0,-0.006929255145204926,-0.006929292505682749,-3.736047782341295e-08,3.0,1.0,0.0
Queue-load-0.20,0.2,604,noG,10,10.0,0.0,0.08,0.0,0.0,0.0,0.054143342293368826,0.0,0.0,0.0,0.0,-0.00688936647563359,-0.0068894039215918745,-3.744595828466396e-08,3.0,1.0,0.0
Queue-load-0.20,0.2,604,noG,11,11.0,0.0,0.08,0.0,0.0,0.0,0.054046867607544805,0.0,0.0,0.0,0.0,-0.0068496580396142865,-0.006849695510448672,-3.747083438584292e-08,3.0,1.0,0.0
Queue-load-0.20,0.2,604,noG,12,12.0,0.0,0.08,0.0,0.0,0.0,0.05395070063577641,0.0,0.0,0.0,0.0,-0.006810128363884517,-0.006810165800833268,-3.743694875109338e-08,3.0,1.0,0.0
Queue-load-0.20,0.2,604,noG,13,13.0,0.0,0.08,0.0,0.0,0.0,0.053854843239376726,0.0,0.0,0.0,0.0,-0.006770775656017827,-0.006770813002278775,-3.7346260948339927e-08,3.0,1.0,0.0
Queue-load-0.20,0.2,604,noG,14,14.0,0.0,0.08,0.0,0.0,0.0,0.05375929728587165,0.0,0.0,0.0,0.0,-0.006731597820893596,-0.006731635022728888,-3.7201835292009766e-08,3.0,1.0,0.0
Queue-load-0.20,0.2,604,noG,15,15.0,0.0,0.08,0.0,0.0,0.0,0.053664064646741616,0.0,0.0,0.0,0.0,-0.006692592481323997,-0.006692629488192381,-3.7006868383940295e-08,3.0,1.0,0.0
Queue-load-0.20,0.2,604,noG,16,16.0,0.0,0.08,0.0,0.0,0.0,0.05356914719515394,0.0,0.0,0.0,0.0,-0.006653756999765017,-0.0066537937641553135,-3.676439029685202e-08,3.0,1.0,0.0
Queue-load-0.20,0.2,604,noG,17,17.0,0.0,0.08,0.0,0.0,0.0,0.05347454680368831,0.0,0.0,0.0,0.0,-0.006615088500446416,-0.006615124978564424,-3.647811800799178e-08,3.0,1.0,0.0
Queue-load-0.20,0.2,604,noG,18,18.0,0.0,0.08,0.0,0.0,0.0,0.053380265342058995,0.0,0.0,0.0,0.0,-0.0065765838949389316,-0.006576620046214732,-3.615127580017946e-08,3.0,1.0,0.0
Queue-load-0.20,0.2,604,noG,19,19.0,0.0,0.08,0.0,0.0,0.0,0.053286304674836985,0.0,0.0,0.0,0.0,-0.006538239905099373,-0.006538275694083051,-3.5788983677662034e-08,3.0,1.0,0.0
Queue-load-0.20,0.2,604,noG,20,20.0,0.0,0.08,0.0,0.0,0.0,0.05319266665917706,0.0,0.0,0.0,0.0,-0.0065000530936654135,-0.006500088487915612,-3.53942501982521e-08,3.0,1.0,0.0
Queue-load-0.20,0.2,604,noG,21,21.0,0.0,0.08,0.0,0.0,0.0,0.05309935314254867,0.0,0.0,0.0,0.0,-0.006462019886808414,-0.006462054859298405,-3.497248999076441e-08,3.0,1.0,0.0
Queue-load-0.20,0.2,604,noG,22,22.0,0.0,0.08,0.0,0.0,0.0,0.053006365960478,0.0,0.0,0.0,0.0,-0.00642413660659338,-0.0064241711336769924,-3.452708361231793e-08,3.0,1.0,0.0
Queue-load-0.20,0.2,604,noG,23,23.0,0.0,0.08,0.0,0.0,0.0,0.05291370693430114,0.0,0.0,0.0,0.0,-0.006386399495617529,-0.006386433558724036,-3.40631065073177e-08,3.0,1.0,0.0
Queue-load-0.20,0.2,604,noG,24,24.0,0.0,0.08,0.0,0.0,0.0,0.05282137786893178,0.0,0.0,0.0,0.0,-0.006348804747733855,-0.006348838333177564,-3.358544370911376e-08,3.0,1.0,0.0
Queue-load-0.20,0.2,604,noG,25,25.0,0.0,0.08,0.0,0.0,0.0,0.052729380550647305,0.0,0.0,0.0,0.0,-0.006311348537967456,-0.006311381636070923,-3.309810346716763e-08,3.0,1.0,0.0
Queue-load-0.20,0.2,604,PPM-3,1,3.0,0.0,0.01,0.0,,,,,,,,,,,,3.0,0.0
Queue-load-0.20,0.2,604,PPM-3,2,6.0,0.0,0.01,0.0,,,,,,,,,,,,3.0,0.0
Queue-load-0.20,0.2,604,PPM-3,3,9.0,0.0,0.01,0.0,,,,,,,,,,,,3.0,0.0
Queue-load-0.20,0.2,604,PPM-3,4,12.0,0.0,0.01,0.0,,,,,,,,,,,,3.0,0.0
Queue-load-0.20,0.2,604,PPM-3,5,15.0,0.0,0.01,0.0,,,,,,,,,,,,3.0,0.0
Queue-load-0.20,0.2,604,PPM-3,6,18.0,0.0,0.01,0.0,,,,,,,,,,,,3.0,0.0
Queue-load-0.20,0.2,604,PPM-3,7,21.0,0.0,0.01,0.0,,,,,,,,,,,,3.0,0.0
Queue-load-0.20,0.2,604,PPM-3,8,24.0,0.0,0.01,0.0,,,,,,,,,,,,3.0,0.0
Queue-load-0.20,0.2,604,PPM-3,9,27.0,0.0,0.01,0.0,,,,,,,,,,,,3.0,0.0
Queue-load-0.20,0.2,604,PPM-3,10,30.0,0.0,0.01,0.0,,,,,,,,,,,,3.0,0.0
Queue-load-0.20,0.2,604,PPM-3,11,33.0,0.0,0.01,0.0,,,,,,,,,,,,3.0,0.0
Queue-load-0.20,0.2,604,PPM-3,12,36.0,0.0,0.01,0.0,,,,,,,,,,,,3.0,0.0
Queue-load-0.20,0.2,604,PPM-3,13,39.0,0.0,0.01,0.0,,,,,,,,,,,,3.0,0.0
Queue-load-0.20,0.2,604,PPM-3,14,42.0,0.0,0.01,0.0,,,,,,,,,,,,3.0,0.0
Queue-load-0.20,0.2,604,PPM-3,15,45.0,0.0,0.01,0.0,,,,,,,,,,,,3.0,0.0
Queue-load-0.20,0.2,604,PPM-3,16,48.0,0.0,0.01,0.0,,,,,,,,,,,,3.0,0.0
Queue-load-0.20,0.2,604,PPM-3,17,51.0,0.0,0.01,0.0,,,,,,,,,,,,3.0,0.0
Queue-load-0.20,0.2,604,PPM-3,18,54.0,0.0,0.01,0.0,,,,,,,,,,,,3.0,0.0
Queue-load-0.20,0.2,604,PPM-3,19,57.0,0.0,0.01,0.0,,,,,,,,,,,,3.0,0.0
Queue-load-0.20,0.2,604,PPM-3,20,60.0,0.0,0.01,0.0,,,,,,,,,,,,3.0,0.0
Queue-load-0.20,0.2,604,PPM-3,21,63.0,0.0,0.01,0.0,,,,,,,,,,,,3.0,0.0
Queue-load-0.20,0.2,604,PPM-3,22,66.0,0.0,0.01,0.0,,,,,,,,,,,,3.0,0.0
Queue-load-0.20,0.2,604,PPM-3,23,69.0,0.0,0.01,0.0,,,,,,,,,,,,3.0,0.0
Queue-load-0.20,0.2,604,PPM-3,24,72.0,0.0,0.01,0.0,,,,,,,,,,,,3.0,0.0
Queue-load-0.20,0.2,604,PPM-3,25,75.0,0.0,0.01,0.0,,,,,,,,,,,,3.0,0.0
Queue-load-0.20,0.2,605,QP+G,1,1.0,1.0,0.08,0.0,0.07126569147432599,0.6053743442069619,0.06749907192936958,0.00481036803492179,0.0,0.0,0.0,-0.010553798985291567,-0.010553797376258167,1.609033399574411e-09,5.0,1.0,1.0
Queue-load-0.20,0.2,605,QP+G,2,2.0,2.0,0.08,0.0,0.07105087406756759,0.6061824894043467,0.067265975246309,0.00477930633625762,0.0,0.0,0.0,-0.010431813025438214,-0.010431810946057496,2.0793807179592116e-09,5.0,1.0,1.0
Queue-load-0.20,0.2,605,QP+G,3,3.0,3.0,0.08,0.0,0.07083556620532883,0.6070099877354473,0.0670340741213754,0.0047483965954376066,0.0,0.0,0.0,-0.010311490243831342,-0.010311487706715639,2.5371157032910707e-09,5.0,1.0,1.0
Queue-load-0.20,0.2,605,QP+G,4,4.0,4.0,0.08,0.0,0.0706198885180026,0.607857921699254,0.06680335758972675,0.004717645665614766,0.0,0.0,0.0,-0.010192814034517304,-0.010192811019964498,3.014552805297166e-09,5.0,1.0,1.0
Queue-load-0.20,0.2,605,QP+G,5,5.0,5.0,0.08,0.0,0.07040396214293877,0.6087272837249467,0.0665738140746875,0.004687060285825343,0.0,0.0,0.0,-0.010075767253118824,-0.01007576371545138,3.5376674437093136e-09,5.0,1.0,1.0
Queue-load-0.20,0.2,605,QP+G,6,6.0,6.0,0.08,0.0,0.07018790852969334,0.6096189750852922,0.06634543143428367,0.004656647072872544,0.0,0.0,0.0,-0.009960332095268537,-0.009960327969372962,4.125895574844107e-09,5.0,1.0,1.0
Queue-load-0.20,0.2,605,QP+G,7,7.0,7.0,0.08,0.0,0.06997184924532285,0.6105338049379372,0.06611819700724147,0.004626412513363257,0.0,0.0,0.0,-0.009846490017108146,-0.009846485226717938,4.790390207773387e-09,5.0,1.0,1.0
Queue-load-0.20,0.2,605,QP+G,8,8.0,8.0,0.08,0.0,0.06975590577963911,0.6114724895041311,0.06589209765839539,0.004596362955881807,0.0,0.0,0.0,-0.00973422170445875,-0.009734216167179177,5.537279572365161e-09,5.0,1.0,1.0
Queue-load-0.20,0.2,605,QP+G,9,9.0,9.0,0.08,0.0,0.06954019935037666,0.6124356513942089,0.06566711982344703,0.004566504603287577,0.0,0.0,0.0,-0.009623507076592158,-0.009623500712154343,6.3644378153066006e-09,5.0,1.0,1.0
Queue-load-0.20,0.2,605,QP+G,10,10.0,10.0,0.08,0.0,0.06932485070825858,0.6134238190890741,0.06544324955302938,0.004536843505127073,0.0,0.0,0.0,-0.009514325334952901,-0.009514318069954175,7.264998725872718e-09,5.0,1.0,1.0
Queue-load-0.20,0.2,605,QP+G,11,11.0,11.0,0.08,0.0,0.06910997994198902,0.6144374265867156,0.0652204725560223,0.004507385550153746,0.0,0.0,0.0,-0.009406655041661851,-0.009406646814464459,8.227197392102203e-09,5.0,1.0,1.0
Queue-load-0.20,0.2,605,QP+G,12,12.0,12.0,0.08,0.0,0.06889570628323752,0.6154768132225098,0.06499877424207423,0.0044781364589524105,0.0,0.0,0.0,-0.009300474226401591,-0.009300464992477941,9.233923650014964e-09,5.0,1.0,1.0
Queue-load-0.20,0.2,605,QP+G,13,13.0,13.0,0.08,0.0,0.06868214791172023,0.616542223671626,0.06477813976328527,0.0044491017766680446,0.0,0.0,0.0,-0.009195760520255033,-0.009195750254355595,1.0265899437825188e-08,5.0,1.0,1.0
Queue-load-0.20,0.2,605,QP+G,14,14.0,14.0,0.08,0.0,0.0684694217605274,0.6176338081414965,0.06455855405500391,0.0044202868658418685,0.0,0.0,0.0,-0.009092491303011287,-0.009092480002455439,1.1300555848720029e-08,5.0,1.0,1.0
Queue-load-0.20,0.2,605,QP+G,15,15.0,15.0,0.08,0.0,0.06825764332188122,0.6187516227616664,0.0643400018757012,0.004391696899360782,0.0,0.0,0.0,-0.008990643865554284,-0.008990631551890171,1.2313664112667544e-08,5.0,1.0,1.0
Queue-load-0.20,0.2,605,QP+G,16,16.0,16.0,0.08,0.0,0.06804692645354986,0.6198956301776646,0.06412246784588015,0.004363336853528722,0.0,0.0,0.0,-0.008890195578761743,-0.008890182298169513,1.3280592230102695e-08,5.0,1.0,1.0
Queue-load-0.20,0.2,605,QP+G,17,17.0,17.0,0.08,0.0,0.06783738318618723,0.6210657003549886,0.06390593648598211,0.004335211501271712,0.0,0.0,0.0,-0.00879112406291386,-0.008791109886356008,1.4176557852976779e-08,5.0,1.0,1.0
Queue-load-0.20,0.2,605,QP+G,18,18.0,18.0,0.08,0.0,0.06762912353189998,0.6222616115982734,0.06369039225325769,0.00430732540549073,0.0,0.0,0.0,-0.00869340735421985,-0.008693392376480702,1.497773914789502e-08,5.0,1.0,1.0
Queue-load-0.20,0.2,605,QP+G,19,19.0,19.0,0.08,0.0,0.06742225529438785,0.6234830517899601,0.0634758195775653,0.00427968291257911,0.0,0.0,0.0,-0.00859702406169887,-0.008597008400092143,1.5661606726780075e-08,5.0,1.0,1.0
Queue-load-0.20,0.2,605,QP+G,20,20.0,20.0,0.08,0.0,0.06721688388102996,0.6247296198517256,0.06326220289606889,0.00425228814612322,0.0,0.0,0.0,-0.00850195351157268,-0.008501937303020846,1.6208551834040463e-08,5.0,1.0,1.0
Queue-load-0.20,0.2,605,QP+G,21,21.0,21.0,0.08,0.0,0.0670131121173341,0.6260008274309,0.06304952668680493,0.004225145000807707,0.0,0.0,0.0,-0.008408175872031996,-0.008408159269604809,1.6602427186512836e-08,5.0,1.0,1.0
Queue-load-0.20,0.2,605,QP+G,22,22.0,22.0,0.08,0.0,0.06681104006418905,0.6272961008130198,0.06283777550109065,0.0041982571365478845,0.0,0.0,0.0,-0.008315672254613677,-0.008315655424062207,1.683055146986523e-08,5.0,1.0,1.0
Queue-load-0.20,0.2,605,QP+G,23,23.0,23.0,0.08,0.0,0.06661076483839193,0.6286147830603673,0.06262693399475007,0.00417162797287379,0.0,0.0,0.0,-0.008224424790112353,-0.00822440790519563,1.688491672348358e-08,5.0,1.0,1.0
Queue-load-0.20,0.2,605,QP+G,24,24.0,24.0,0.08,0.0,0.0664123804369521,0.6299561363752153,0.062416986958135176,0.004145260683591952,0.0,0.0,0.0,-0.008134416673684086,-0.008134399911252643,1.6762431442884917e-08,5.0,1.0,1.0
Queue-load-0.20,0.2,605,QP+G,25,25.0,25.0,0.08,0.0,0.06621597756568912,0.6313193446851092,0.062207919344919774,0.004119158191751406,0.0,0.0,0.0,-0.008045632178371854,-0.0080456157127764,1.646559545480375e-08,5.0,1.0,1.0
Queue-load-0.20,0.2,605,noG,1,1.0,0.0,0.08,0.0,0.0,0.0,0.06749907192936958,0.0,0.0,0.0,0.0,-0.010553798985291567,-0.010553797376258167,1.609033399574411e-09,3.0,1.0,0.0
Queue-load-0.20,0.2,605,noG,2,2.0,0.0,0.08,0.0,0.0,0.0,0.067265975246309,0.0,0.0,0.0,0.0,-0.010431813025438214,-0.010431810946057496,2.0793807179592116e-09,3.0,1.0,0.0
Queue-load-0.20,0.2,605,noG,3,3.0,0.0,0.08,0.0,0.0,0.0,0.0670340741213754,0.0,0.0,0.0,0.0,-0.010311490243831342,-0.010311487706715639,2.5371157032910707e-09,3.0,1.0,0.0
Queue-load-0.20,0.2,605,noG,4,4.0,0.0,0.08,0.0,0.0,0.0,0.06680335758972675,0.0,0.0,0.0,0.0,-0.010192814034517304,-0.010192811019964498,3.014552805297166e-09,3.0,1.0,0.0
Queue-load-0.20,0.2,605,noG,5,5.0,0.0,0.08,0.0,0.0,0.0,0.0665738140746875,0.0,0.0,0.0,0.0,-0.010075767253118824,-0.01007576371545138,3.5376674437093136e-09,3.0,1.0,0.0
Queue-load-0.20,0.2,605,noG,6,6.0,0.0,0.08,0.0,0.0,0.0,0.06634543143428367,0.0,0.0,0.0,0.0,-0.009960332095268537,-0.009960327969372962,4.125895574844107e-09,3.0,1.0,0.0
Queue-load-0.20,0.2,605,noG,7,7.0,0.0,0.08,0.0,0.0,0.0,0.06611819700724147,0.0,0.0,0.0,0.0,-0.009846490017108146,-0.009846485226717938,4.790390207773387e-09,3.0,1.0,0.0
Queue-load-0.20,0.2,605,noG,8,8.0,0.0,0.08,0.0,0.0,0.0,0.06589209765839539,0.0,0.0,0.0,0.0,-0.00973422170445875,-0.009734216167179177,5.537279572365161e-09,3.0,1.0,0.0
Queue-load-0.20,0.2,605,noG,9,9.0,0.0,0.08,0.0,0.0,0.0,0.06566711982344703,0.0,0.0,0.0,0.0,-0.009623507076592158,-0.009623500712154343,6.3644378153066006e-09,3.0,1.0,0.0
Queue-load-0.20,0.2,605,noG,10,10.0,0.0,0.08,0.0,0.0,0.0,0.06544324955302938,0.0,0.0,0.0,0.0,-0.009514325334952901,-0.009514318069954175,7.264998725872718e-09,3.0,1.0,0.0
Queue-load-0.20,0.2,605,noG,11,11.0,0.0,0.08,0.0,0.0,0.0,0.0652204725560223,0.0,0.0,0.0,0.0,-0.009406655041661851,-0.009406646814464459,8.227197392102203e-09,3.0,1.0,0.0
Queue-load-0.20,0.2,605,noG,12,12.0,0.0,0.08,0.0,0.0,0.0,0.06499877424207423,0.0,0.0,0.0,0.0,-0.009300474226401591,-0.009300464992477941,9.233923650014964e-09,3.0,1.0,0.0
Queue-load-0.20,0.2,605,noG,13,13.0,0.0,0.08,0.0,0.0,0.0,0.06477813976328527,0.0,0.0,0.0,0.0,-0.009195760520255033,-0.009195750254355595,1.0265899437825188e-08,3.0,1.0,0.0
Queue-load-0.20,0.2,605,noG,14,14.0,0.0,0.08,0.0,0.0,0.0,0.06455855405500391,0.0,0.0,0.0,0.0,-0.009092491303011287,-0.009092480002455439,1.1300555848720029e-08,3.0,1.0,0.0
Queue-load-0.20,0.2,605,noG,15,15.0,0.0,0.08,0.0,0.0,0.0,0.0643400018757012,0.0,0.0,0.0,0.0,-0.008990643865554284,-0.008990631551890171,1.2313664112667544e-08,3.0,1.0,0.0
Queue-load-0.20,0.2,605,noG,16,16.0,0.0,0.08,0.0,0.0,0.0,0.06412246784588015,0.0,0.0,0.0,0.0,-0.008890195578761743,-0.008890182298169513,1.3280592230102695e-08,3.0,1.0,0.0
Queue-load-0.20,0.2,605,noG,17,17.0,0.0,0.08,0.0,0.0,0.0,0.06390593648598211,0.0,0.0,0.0,0.0,-0.00879112406291386,-0.008791109886356008,1.4176557852976779e-08,3.0,1.0,0.0
Queue-load-0.20,0.2,605,noG,18,18.0,0.0,0.08,0.0,0.0,0.0,0.06369039225325769,0.0,0.0,0.0,0.0,-0.00869340735421985,-0.008693392376480702,1.497773914789502e-08,3.0,1.0,0.0
Queue-load-0.20,0.2,605,noG,19,19.0,0.0,0.08,0.0,0.0,0.0,0.0634758195775653,0.0,0.0,0.0,0.0,-0.00859702406169887,-0.008597008400092143,1.5661606726780075e-08,3.0,1.0,0.0
Queue-load-0.20,0.2,605,noG,20,20.0,0.0,0.08,0.0,0.0,0.0,0.06326220289606889,0.0,0.0,0.0,0.0,-0.00850195351157268,-0.008501937303020846,1.6208551834040463e-08,3.0,1.0,0.0
Queue-load-0.20,0.2,605,noG,21,21.0,0.0,0.08,0.0,0.0,0.0,0.06304952668680493,0.0,0.0,0.0,0.0,-0.008408175872031996,-0.008408159269604809,1.6602427186512836e-08,3.0,1.0,0.0
Queue-load-0.20,0.2,605,noG,22,22.0,0.0,0.08,0.0,0.0,0.0,0.06283777550109065,0.0,0.0,0.0,0.0,-0.008315672254613677,-0.008315655424062207,1.683055146986523e-08,3.0,1.0,0.0
Queue-load-0.20,0.2,605,noG,23,23.0,0.0,0.08,0.0,0.0,0.0,0.06262693399475007,0.0,0.0,0.0,0.0,-0.008224424790112353,-0.00822440790519563,1.688491672348358e-08,3.0,1.0,0.0
Queue-load-0.20,0.2,605,noG,24,24.0,0.0,0.08,0.0,0.0,0.0,0.062416986958135176,0.0,0.0,0.0,0.0,-0.008134416673684086,-0.008134399911252643,1.6762431442884917e-08,3.0,1.0,0.0
Queue-load-0.20,0.2,605,noG,25,25.0,0.0,0.08,0.0,0.0,0.0,0.062207919344919774,0.0,0.0,0.0,0.0,-0.008045632178371854,-0.0080456157127764,1.646559545480375e-08,3.0,1.0,0.0
Queue-load-0.20,0.2,605,PPM-3,1,3.0,0.0,0.01,0.0,,,,,,,,,,,,3.0,0.0
Queue-load-0.20,0.2,605,PPM-3,2,6.0,0.0,0.01,0.0,,,,,,,,,,,,3.0,0.0
Queue-load-0.20,0.2,605,PPM-3,3,9.0,0.0,0.01,0.0,,,,,,,,,,,,3.0,0.0
Queue-load-0.20,0.2,605,PPM-3,4,12.0,0.0,0.01,0.0,,,,,,,,,,,,3.0,0.0
Queue-load-0.20,0.2,605,PPM-3,5,15.0,0.0,0.01,0.0,,,,,,,,,,,,3.0,0.0
Queue-load-0.20,0.2,605,PPM-3,6,18.0,0.0,0.01,0.0,,,,,,,,,,,,3.0,0.0
Queue-load-0.20,0.2,605,PPM-3,7,21.0,0.0,0.01,0.0,,,,,,,,,,,,3.0,0.0
Queue-load-0.20,0.2,605,PPM-3,8,24.0,0.0,0.01,0.0,,,,,,,,,,,,3.0,0.0
Queue-load-0.20,0.2,605,PPM-3,9,27.0,0.0,0.01,0.0,,,,,,,,,,,,3.0,0.0
Queue-load-0.20,0.2,605,PPM-3,10,30.0,0.0,0.01,0.0,,,,,,,,,,,,3.0,0.0
Queue-load-0.20,0.2,605,PPM-3,11,33.0,0.0,0.01,0.0,,,,,,,,,,,,3.0,0.0
Queue-load-0.20,0.2,605,PPM-3,12,36.0,0.0,0.01,0.0,,,,,,,,,,,,3.0,0.0
Queue-load-0.20,0.2,605,PPM-3,13,39.0,0.0,0.01,0.0,,,,,,,,,,,,3.0,0.0
Queue-load-0.20,0.2,605,PPM-3,14,42.0,0.0,0.01,0.0,,,,,,,,,,,,3.0,0.0
Queue-load-0.20,0.2,605,PPM-3,15,45.0,0.0,0.01,0.0,,,,,,,,,,,,3.0,0.0
Queue-load-0.20,0.2,605,PPM-3,16,48.0,0.0,0.01,0.0,,,,,,,,,,,,3.0,0.0
Queue-load-0.20,0.2,605,PPM-3,17,51.0,0.0,0.01,0.0,,,,,,,,,,,,3.0,0.0
Queue-load-0.20,0.2,605,PPM-3,18,54.0,0.0,0.01,0.0,,,,,,,,,,,,3.0,0.0
Queue-load-0.20,0.2,605,PPM-3,19,57.0,0.0,0.01,0.0,,,,,,,,,,,,3.0,0.0
Queue-load-0.20,0.2,605,PPM-3,20,60.0,0.0,0.01,0.0,,,,,,,,,,,,3.0,0.0
Queue-load-0.20,0.2,605,PPM-3,21,63.0,0.0,0.01,0.0,,,,,,,,,,,,3.0,0.0
Queue-load-0.20,0.2,605,PPM-3,22,66.0,0.0,0.01,0.0,,,,,,,,,,,,3.0,0.0
Queue-load-0.20,0.2,605,PPM-3,23,69.0,0.0,0.01,0.0,,,,,,,,,,,,3.0,0.0
Queue-load-0.20,0.2,605,PPM-3,24,72.0,0.0,0.01,0.0,,,,,,,,,,,,3.0,0.0
Queue-load-0.20,0.2,605,PPM-3,25,75.0,0.0,0.01,0.0,,,,,,,,,,,,3.0,0.0
Queue-load-0.20,0.2,606,QP+G,1,1.0,1.0,0.08,0.0,0.04244391034932698,0.26875699247918383,0.04736552909889398,0.0020103782707218943,0.0,0.0,0.0,-0.0036314820177728454,-0.0036315370475610287,-5.502978818331186e-08,5.0,1.0,1.0
Queue-load-0.20,0.2,606,QP+G,2,2.0,2.0,0.08,0.0,0.042339045874202036,0.26841657893170273,0.04732234403178326,0.002003582894836442,0.0,0.0,0.0,-0.0036047009173116136,-0.003604756170792811,-5.5253481197510557e-08,5.0,1.0,1.0
Queue-load-0.20,0.2,606,QP+G,3,3.0,3.0,0.08,0.0,0.042234564856981696,0.2680959579986484,0.04727935735942573,0.001996823084793081,0.0,0.0,0.0,-0.0035783682253720524,-0.003578423587106805,-5.5361734752502195e-08,5.0,1.0,1.0
Queue-load-0.20,0.2,606,QP+G,4,4.0,4.0,0.08,0.0,0.04213046249036101,0.2677960242548486,0.047236564765019994,0.0019900983200061835,0.0,0.0,0.0,-0.0035524872550042456,-0.0035525426079159317,-5.535291168609277e-08,5.0,1.0,1.0
Queue-load-0.20,0.2,606,QP+G,5,5.0,5.0,0.08,0.0,0.04202673474968827,0.2675176679785462,0.04719396183566398,0.0019834081158543616,0.0,0.0,0.0,-0.0035270605271304277,-0.0035271157548795173,-5.52277490896598e-08,5.0,1.0,1.0
Queue-load-0.20,0.2,606,QP+G,6,6.0,6.0,0.08,0.0,0.0419233784055343,0.2672617743740992,0.04715154406383739,0.0019767520241934793,0.0,0.0,0.0,-0.003502089774716468,-0.003502144763145587,-5.498842911913493e-08,5.0,1.0,1.0
Queue-load-0.20,0.2,606,QP+G,7,7.0,7.0,0.08,0.0,0.04182039103585244,0.26702922278417823,0.04710930684896973,0.0019701296338518757,0.0,0.0,0.0,-0.0034775759563412637,-0.0034776305955133147,-5.46391720509902e-08,5.0,1.0,1.0
Queue-load-0.20,0.2,606,QP+G,8,8.0,8.0,0.08,0.0,0.041717771037714305,0.266820885891116,0.04706724549909757,0.0019635405711072415,0.0,0.0,0.0,-0.0034535192822785867,-0.003453573467470772,-5.418519218513759e-08,5.0,1.0,1.0
Queue-load-0.20,0.2,606,QP+G,9,9.0,9.0,0.08,0.0,0.04161551763860014,0.26663762890706816,0.047025355232606966,0.0019569845001439928,0.0,0.0,0.0,-0.0034299192484679416,-0.003429972882819321,-5.3634351379443224e-08,5.0,1.0,1.0
Queue-load-0.20,0.2,606,QP+G,10,10.0,10.0,0.08,0.0,0.04151363090722109,0.2664803087525639,0.04698363118006433,0.0019504611234901952,0.0,0.0,0.0,-0.0034067746844327713,-0.0034068276796084263,-5.2995175654942106e-08,5.0,1.0,1.0
Queue-load-0.20,0.2,606,QP+G,11,11.0,11.0,0.08,0.0,0.041412111763848874,0.2663497732232274,0.04694206838613098,0.001943970182432693,0.0,0.0,0.0,-0.0033840838078511323,-0.0033841360856037284,-5.227775259604786e-08,5.0,1.0,1.0
Queue-load-0.20,0.2,606,QP+G,12,12.0,12.0,0.08,0.0,0.041310961990123435,0.26624686014430266,0.04690066181156415,0.0019375114574091605,0.0,0.0,0.0,-0.0033618442883594684,-0.0033618957442760333,-5.145591656496168e-08,5.0,1.0,1.0
Queue-load-0.20,0.2,606,QP+G,13,13.0,13.0,0.08,0.0,0.04121018423830983,0.2661723965127936,0.04685940633530242,0.0019310847683756355,0.0,0.0,0.0,-0.0033400533189355108,-0.003340103975404851,-5.0656469340396026e-08,5.0,1.0,1.0
Queue-load-0.20,0.2,606,QP+G,14,14.0,14.0,0.08,0.0,0.04110978203996798,0.26612719762699844,0.046818296756632925,0.0019246899751477193,0.0,0.0,0.0,-0.0033187077075390466,-0.0033187574863515756,-4.9778812529020083e-08,5.0,1.0,1.0
Queue-load-0.20,0.2,606,QP+G,15,15.0,15.0,0.08,0.0,0.04100975981400426,0.26611206620322525,0.04677732779744444,0.0019183269777141411,0.0,0.0,0.0,-0.0032978039429308755,-0.0032978528178513322,-4.8874920456718624e-08,5.0,1.0,1.0
Queue-load-0.20,0.2,606,QP+G,16,16.0,16.0,0.08,0.0,0.0409101228740625,0.2661277914796983,0.04673649410455996,0.001911995716520446,0.0,0.0,0.0,-0.003277338297326497,-0.0032773862570634194,-4.7959736922294216e-08,5.0,1.0,1.0
Queue-load-0.20,0.2,606,QP+G,17,17.0,17.0,0.08,0.0,0.04081087743521668,0.26617514830750544,0.04669579025215125,0.0019056961727211305,0.0,0.0,0.0,-0.003257306916414472,-0.003257353964678522,-4.70482640502895e-08,5.0,1.0,1.0
Queue-load-0.20,0.2,606,QP+G,18,18.0,18.0,0.08,0.0,0.040712030619923206,0.2662548962286197,0.04665521074423359,0.001899428368398208,0.0,0.0,0.0,-0.003237705912526343,-0.0032377520683670724,-4.6155840729283915e-08,5.0,1.0,1.0
Queue-load-0.20,0.2,606,QP+G,19,19.0,19.0,0.08,0.0,0.0406135904631868,0.26636777854113974,0.046614750017239956,0.0018931923667440133,0.0,0.0,0.0,-0.003218531459031245,-0.0032185767553727374,-4.529634149231035e-08,5.0,1.0,1.0
Queue-load-0.20,0.2,606,QP+G,20,20.0,20.0,0.08,0.0,0.04051556591689456,0.2665145213518187,0.04657440244267202,0.0018869882722060529,0.0,0.0,0.0,-0.0031997798784219908,-0.0031998243619399958,-4.448351800497366e-08,5.0,1.0,1.0
Queue-load-0.20,0.2,606,QP+G,21,21.0,21.0,0.08,0.0,0.040417966853270884,0.2666958326162257,0.0465341623298293,0.0018808162305917673,0.0,0.0,0.0,-0.0031814477275481246,-0.0031814914574104236,-4.3729862298988453e-08,5.0,1.0,1.0
Queue-load-0.20,0.2,606,QP+G,22,22.0,22.0,0.08,0.0,0.04032080406740291,0.2669124011667605,0.046494023928612946,0.001874676429130745,0.0,0.0,0.0,-0.0031635318741709793,-0.003163574920620249,-4.304644926969581e-08,5.0,1.0,1.0
Queue-load-0.20,0.2,606,QP+G,23,23.0,23.0,0.08,0.0,0.040224089278784916,0.26716489572905516,0.04645398143240415,0.0018685690964920414,0.0,0.0,0.0,-0.003146029563803548,-0.003146072006110945,-4.244230739688243e-08,5.0,1.0,1.0
Queue-load-0.20,0.2,606,QP+G,24,24.0,24.0,0.08,0.0,0.040127835131830665,0.2674539639271875,0.04641402898101577,0.0018624945027542112,0.0,0.0,0.0,-0.003128938474150387,-0.003128980398033665,-4.1923883278144336e-08,5.0,1.0,1.0
Queue-load-0.20,0.2,606,QP+G,25,25.0,25.0,0.08,0.0,0.04003205519530015,0.2677802312784523,0.04637416066371474,0.0018564529593255454,0.0,0.0,0.0,-0.0031122567537078534,-0.0031122982494435902,-4.149573573685242e-08,5.0,1.0,1.0
Queue-load-0.20,0.2,606,noG,1,1.0,0.0,0.08,0.0,0.0,0.0,0.04736552909889398,0.0,0.0,0.0,0.0,-0.0036314820177728454,-0.0036315370475610287,-5.502978818331186e-08,3.0,1.0,0.0
Queue-load-0.20,0.2,606,noG,2,2.0,0.0,0.08,0.0,0.0,0.0,0.04732234403178326,0.0,0.0,0.0,0.0,-0.0036047009173116136,-0.003604756170792811,-5.5253481197510557e-08,3.0,1.0,0.0
Queue-load-0.20,0.2,606,noG,3,3.0,0.0,0.08,0.0,0.0,0.0,0.04727935735942573,0.0,0.0,0.0,0.0,-0.0035783682253720524,-0.003578423587106805,-5.5361734752502195e-08,3.0,1.0,0.0
Queue-load-0.20,0.2,606,noG,4,4.0,0.0,0.08,0.0,0.0,0.0,0.047236564765019994,0.0,0.0,0.0,0.0,-0.0035524872550042456,-0.0035525426079159317,-5.535291168609277e-08,3.0,1.0,0.0
Queue-load-0.20,0.2,606,noG,5,5.0,0.0,0.08,0.0,0.0,0.0,0.04719396183566398,0.0,0.0,0.0,0.0,-0.0035270605271304277,-0.0035271157548795173,-5.52277490896598e-08,3.0,1.0,0.0
Queue-load-0.20,0.2,606,noG,6,6.0,0.0,0.08,0.0,0.0,0.0,0.04715154406383739,0.0,0.0,0.0,0.0,-0.003502089774716468,-0.003502144763145587,-5.498842911913493e-08,3.0,1.0,0.0
Queue-load-0.20,0.2,606,noG,7,7.0,0.0,0.08,0.0,0.0,0.0,0.04710930684896973,0.0,0.0,0.0,0.0,-0.0034775759563412637,-0.0034776305955133147,-5.46391720509902e-08,3.0,1.0,0.0
Queue-load-0.20,0.2,606,noG,8,8.0,0.0,0.08,0.0,0.0,0.0,0.04706724549909757,0.0,0.0,0.0,0.0,-0.0034535192822785867,-0.003453573467470772,-5.418519218513759e-08,3.0,1.0,0.0
Queue-load-0.20,0.2,606,noG,9,9.0,0.0,0.08,0.0,0.0,0.0,0.047025355232606966,0.0,0.0,0.0,0.0,-0.0034299192484679416,-0.003429972882819321,-5.3634351379443224e-08,3.0,1.0,0.0
Queue-load-0.20,0.2,606,noG,10,10.0,0.0,0.08,0.0,0.0,0.0,0.04698363118006433,0.0,0.0,0.0,0.0,-0.0034067746844327713,-0.0034068276796084263,-5.2995175654942106e-08,3.0,1.0,0.0
Queue-load-0.20,0.2,606,noG,11,11.0,0.0,0.08,0.0,0.0,0.0,0.04694206838613098,0.0,0.0,0.0,0.0,-0.0033840838078511323,-0.0033841360856037284,-5.227775259604786e-08,3.0,1.0,0.0
Queue-load-0.20,0.2,606,noG,12,12.0,0.0,0.08,0.0,0.0,0.0,0.04690066181156415,0.0,0.0,0.0,0.0,-0.0033618442883594684,-0.0033618957442760333,-5.145591656496168e-08,3.0,1.0,0.0
Queue-load-0.20,0.2,606,noG,13,13.0,0.0,0.08,0.0,0.0,0.0,0.04685940633530242,0.0,0.0,0.0,0.0,-0.0033400533189355108,-0.003340103975404851,-5.0656469340396026e-08,3.0,1.0,0.0
Queue-load-0.20,0.2,606,noG,14,14.0,0.0,0.08,0.0,0.0,0.0,0.046818296756632925,0.0,0.0,0.0,0.0,-0.0033187077075390466,-0.0033187574863515756,-4.9778812529020083e-08,3.0,1.0,0.0
Queue-load-0.20,0.2,606,noG,15,15.0,0.0,0.08,0.0,0.0,0.0,0.04677732779744444,0.0,0.0,0.0,0.0,-0.0032978039429308755,-0.0032978528178513322,-4.8874920456718624e-08,3.0,1.0,0.0
Queue-load-0.20,0.2,606,noG,16,16.0,0.0,0.08,0.0,0.0,0.0,0.04673649410455996,0.0,0.0,0.0,0.0,-0.003277338297326497,-0.0032773862570634194,-4.7959736922294216e-08,3.0,1.0,0.0
Queue-load-0.20,0.2,606,noG,17,17.0,0.0,0.08,0.0,0.0,0.0,0.04669579025215125,0.0,0.0,0.0,0.0,-0.003257306916414472,-0.003257353964678522,-4.70482640502895e-08,3.0,1.0,0.0
Queue-load-0.20,0.2,606,noG,18,18.0,0.0,0.08,0.0,0.0,0.0,0.04665521074423359,0.0,0.0,0.0,0.0,-0.003237705912526343,-0.0032377520683670724,-4.6155840729283915e-08,3.0,1.0,0.0
Queue-load-0.20,0.2,606,noG,19,19.0,0.0,0.08,0.0,0.0,0.0,0.046614750017239956,0.0,0.0,0.0,0.0,-0.003218531459031245,-0.0032185767553727374,-4.529634149231035e-08,3.0,1.0,0.0
Queue-load-0.20,0.2,606,noG,20,20.0,0.0,0.08,0.0,0.0,0.0,0.04657440244267202,0.0,0.0,0.0,0.0,-0.0031997798784219908,-0.0031998243619399958,-4.448351800497366e-08,3.0,1.0,0.0
Queue-load-0.20,0.2,606,noG,21,21.0,0.0,0.08,0.0,0.0,0.0,0.0465341623298293,0.0,0.0,0.0,0.0,-0.0031814477275481246,-0.0031814914574104236,-4.3729862298988453e-08,3.0,1.0,0.0
Queue-load-0.20,0.2,606,noG,22,22.0,0.0,0.08,0.0,0.0,0.0,0.046494023928612946,0.0,0.0,0.0,0.0,-0.0031635318741709793,-0.003163574920620249,-4.304644926969581e-08,3.0,1.0,0.0
Queue-load-0.20,0.2,606,noG,23,23.0,0.0,0.08,0.0,0.0,0.0,0.04645398143240415,0.0,0.0,0.0,0.0,-0.003146029563803548,-0.003146072006110945,-4.244230739688243e-08,3.0,1.0,0.0
Queue-load-0.20,0.2,606,noG,24,24.0,0.0,0.08,0.0,0.0,0.0,0.04641402898101577,0.0,0.0,0.0,0.0,-0.003128938474150387,-0.003128980398033665,-4.1923883278144336e-08,3.0,1.0,0.0
Queue-load-0.20,0.2,606,noG,25,25.0,0.0,0.08,0.0,0.0,0.0,0.04637416066371474,0.0,0.0,0.0,0.0,-0.0031122567537078534,-0.0031122982494435902,-4.149573573685242e-08,3.0,1.0,0.0
Queue-load-0.20,0.2,606,PPM-3,1,3.0,0.0,0.01,0.0,,,,,,,,,,,,3.0,0.0
Queue-load-0.20,0.2,606,PPM-3,2,6.0,0.0,0.01,0.0,,,,,,,,,,,,3.0,0.0
Queue-load-0.20,0.2,606,PPM-3,3,9.0,0.0,0.01,0.0,,,,,,,,,,,,3.0,0.0
Queue-load-0.20,0.2,606,PPM-3,4,12.0,0.0,0.01,0.0,,,,,,,,,,,,3.0,0.0
Queue-load-0.20,0.2,606,PPM-3,5,15.0,0.0,0.01,0.0,,,,,,,,,,,,3.0,0.0
Queue-load-0.20,0.2,606,PPM-3,6,18.0,0.0,0.01,0.0,,,,,,,,,,,,3.0,0.0
Queue-load-0.20,0.2,606,PPM-3,7,21.0,0.0,0.01,0.0,,,,,,,,,,,,3.0,0.0
Queue-load-0.20,0.2,606,PPM-3,8,24.0,0.0,0.01,0.0,,,,,,,,,,,,3.0,0.0
Queue-load-0.20,0.2,606,PPM-3,9,27.0,0.0,0.01,0.0,,,,,,,,,,,,3.0,0.0
Queue-load-0.20,0.2,606,PPM-3,10,30.0,0.0,0.01,0.0,,,,,,,,,,,,3.0,0.0
Queue-load-0.20,0.2,606,PPM-3,11,33.0,0.0,0.01,0.0,,,,,,,,,,,,3.0,0.0
Queue-load-0.20,0.2,606,PPM-3,12,36.0,0.0,0.01,0.0,,,,,,,,,,,,3.0,0.0
Queue-load-0.20,0.2,606,PPM-3,13,39.0,0.0,0.01,0.0,,,,,,,,,,,,3.0,0.0
Queue-load-0.20,0.2,606,PPM-3,14,42.0,0.0,0.01,0.0,,,,,,,,,,,,3.0,0.0
Queue-load-0.20,0.2,606,PPM-3,15,45.0,0.0,0.01,0.0,,,,,,,,,,,,3.0,0.0
Queue-load-0.20,0.2,606,PPM-3,16,48.0,0.0,0.01,0.0,,,,,,,,,,,,3.0,0.0
Queue-load-0.20,0.2,606,PPM-3,17,51.0,0.0,0.01,0.0,,,,,,,,,,,,3.0,0.0
Queue-load-0.20,0.2,606,PPM-3,18,54.0,0.0,0.01,0.0,,,,,,,,,,,,3.0,0.0
Queue-load-0.20,0.2,606,PPM-3,19,57.0,0.0,0.01,0.0,,,,,,,,,,,,3.0,0.0
Queue-load-0.20,0.2,606,PPM-3,20,60.0,0.0,0.01,0.0,,,,,,,,,,,,3.0,0.0
Queue-load-0.20,0.2,606,PPM-3,21,63.0,0.0,0.01,0.0,,,,,,,,,,,,3.0,0.0
Queue-load-0.20,0.2,606,PPM-3,22,66.0,0.0,0.01,0.0,,,,,,,,,,,,3.0,0.0
Queue-load-0.20,0.2,606,PPM-3,23,69.0,0.0,0.01,0.0,,,,,,,,,,,,3.0,0.0
Queue-load-0.20,0.2,606,PPM-3,24,72.0,0.0,0.01,0.0,,,,,,,,,,,,3.0,0.0
Queue-load-0.20,0.2,606,PPM-3,25,75.0,0.0,0.01,0.0,,,,,,,,,,,,3.0,0.0
Queue-load-0.20,0.2,607,QP+G,1,1.0,1.0,0.08,0.0,0.054696528964020365,0.579839741042971,0.05755183876854815,0.003147885816136524,0.0,0.0,0.0,-0.007617383233305099,-0.007617453779011019,-7.054570591927267e-08,5.0,1.0,1.0
Queue-load-0.20,0.2,607,QP+G,2,2.0,2.0,0.08,0.0,0.054572458912978766,0.5794955482948528,0.05740603804546608,0.0031327886525930938,0.0,0.0,0.0,-0.007548452778427774,-0.007548522594163387,-6.981573561284926e-08,5.0,1.0,1.0
Queue-load-0.20,0.2,607,QP+G,3,3.0,3.0,0.08,0.0,0.0544487602631231,0.5791388158433998,0.05726102369947625,0.0031177917518337922,0.0,0.0,0.0,-0.007480413703183765,-0.007480482714383285,-6.901119952058832e-08,5.0,1.0,1.0
Queue-load-0.20,0.2,607,QP+G,4,4.0,4.0,0.08,0.0,0.05432542673578166,0.578769711408056,0.057116793370375014,0.0031028941736250875,0.0,0.0,0.0,-0.007413254422526074,-0.007413322554723933,-6.813219785919977e-08,5.0,1.0,1.0
Queue-load-0.20,0.2,607,QP+G,5,5.0,5.0,0.08,0.0,0.054202452208041894,0.5783884037422813,0.056973344663175336,0.00308809499123806,0.0,0.0,0.0,-0.007346962938600635,-0.007347030117270226,-6.71786695907034e-08,5.0,1.0,1.0
Queue-load-0.20,0.2,607,QP+G,6,6.0,6.0,0.08,0.0,0.05407983072073689,0.5779950625814787,0.05683067514850727,0.003073393291776462,0.0,0.0,0.0,-0.007281526849378414,-0.0072815930014900054,-6.615211159150675e-08,5.0,1.0,1.0
Queue-load-0.20,0.2,607,QP+G,7,7.0,7.0,0.08,0.0,0.05395755648567523,0.577589858589062,0.05668878236300591,0.0030587881764560414,0.0,0.0,0.0,-0.007216933364363834,-0.007216998418067,-6.505370316566006e-08,5.0,1.0,1.0
Queue-load-0.20,0.2,607,QP+G,8,8.0,8.0,0.08,0.0,0.0538356238921336,0.5771729633010041,0.05654766380968328,0.0030442787608369235,0.0,0.0,0.0,-0.007153169320011582,-0.007153233205987597,-6.388597601457435e-08,5.0,1.0,1.0
Queue-load-0.20,0.2,607,QP+G,9,9.0,9.0,0.08,0.0,0.053714027512632566,0.5767445490691784,0.056407316958293215,0.003029864175011547,0.0,0.0,0.0,-0.007090221201742568,-0.0070902838533930534,-6.265165048563448e-08,5.0,1.0,1.0
Queue-load-0.20,0.2,607,QP+G,10,10.0,10.0,0.08,0.0,0.05359276210801388,0.5763047890038566,0.056267739245684505,0.003015543563749726,0.0,0.0,0.0,-0.0070280751680421956,-0.0070281365220949965,-6.135405280095069e-08,5.0,1.0,1.0
Queue-load-0.20,0.2,607,QP+G,11,11.0,11.0,0.08,0.0,0.05347182263184335,0.5758538569155753,0.05612892807615025,0.0030013160866033985,0.0,0.0,0.0,-0.006966717078478426,-0.006966777076115704,-5.999763727851382e-08,5.0,1.0,1.0
Queue-load-0.20,0.2,607,QP+G,12,12.0,12.0,0.08,0.0,0.05335120423415695,0.5753919272567126,0.05599088082177221,0.0029871809179727107,0.0,0.0,0.0,-0.0069061325266053485,-0.006906191114042226,-5.858743687761625e-08,5.0,1.0,1.0
Queue-load-0.20,0.2,607,QP+G,13,13.0,13.0,0.08,0.0,0.053230902264577246,0.5749191750630034,0.05585359482276296,0.002973137247135793,0.0,0.0,0.0,-0.006846306876371087,-0.006846364005135275,-5.712876418803581e-08,5.0,1.0,1.0
Queue-load-0.20,0.2,607,QP+G,14,14.0,14.0,0.08,0.0,0.05311091227481658,0.5744357758952514,0.05571706738780678,0.00295918427824385,0.0,0.0,0.0,-0.006787225300636123,-0.006787280928715944,-5.562807982133211e-08,5.0,1.0,1.0
Queue-load-0.20,0.2,607,QP+G,15,15.0,15.0,0.08,0.0,0.05299123002059331,0.5739419057814374,0.05558129579440217,0.002945321230283801,0.0,0.0,0.0,-0.00672887282469898,-0.006728926916289346,-5.40915903665673e-08,5.0,1.0,1.0
Queue-load-0.20,0.2,607,QP+G,16,16.0,16.0,0.08,0.0,0.05287185146298415,0.5734377411594942,0.055446277289204496,0.0029315473370102514,0.0,0.0,0.0,-0.0066712343691217105,-0.006671286895616468,-5.25264947578985e-08,5.0,1.0,1.0
Queue-load-0.20,0.2,607,QP+G,17,17.0,17.0,0.08,0.0,0.0527527727692311,0.5729234588208515,0.055312009088374074,0.0029178618468486428,0.0,0.0,0.0,-0.006614294796668653,-0.006614345736018379,-5.093934972617842e-08,5.0,1.0,1.0
Queue-load-0.20,0.2,607,QP+G,18,18.0,18.0,0.08,0.0,0.052633990313030475,0.5723992358550404,0.0551784883779259,0.0029042640227714164,0.0,0.0,0.0,-0.006558038956103986,-0.006558088293751041,-4.93376470546425e-08,5.0,1.0,1.0
Queue-load-0.20,0.2,607,QP+G,19,19.0,19.0,0.08,0.0,0.052515500674324894,0.5718652495954497,0.05504571231408688,0.0028907531421491234,0.0,0.0,0.0,-0.0065024517287021796,-0.006502499456773059,-4.772807087917441e-08,5.0,1.0,1.0
Queue-load-0.20,0.2,607,QP+G,20,20.0,20.0,0.08,0.0,0.052397300638619325,0.5713216775663987,0.05491367802365726,0.002877328496577912,0.0,0.0,0.0,-0.006447518070792233,-0.006447564283455165,-4.621266293160925e-08,5.0,1.0,1.0
Queue-load-0.20,0.2,607,QP+G,21,21.0,21.0,0.08,0.0,0.0522793871958466,0.570768697431738,0.05478238260437798,0.002863989391685288,0.0,0.0,0.0,-0.006393221230960064,-0.006393267560798499,-4.632983843528421e-08,5.0,1.0,1.0
Queue-load-0.20,0.2,607,QP+G,22,22.0,22.0,0.08,0.0,0.05216175753880372,0.5702064869449934,0.054651823125308495,0.002850735146915928,0.0,0.0,0.0,-0.006339551900779048,-0.006339594816706651,-4.291592760243684e-08,5.0,1.0,1.0
Queue-load-0.20,0.2,607,QP+G,23,23.0,23.0,0.08,0.0,0.052044409061179776,0.5696352239012847,0.05452199662720727,0.002837565095298639,0.0,0.0,0.0,-0.006286490033179505,-0.006286531369683601,-4.133650409639256e-08,5.0,1.0,1.0
Queue-load-0.20,0.2,607,QP+G,24,24.0,24.0,0.08,0.0,0.05192733935519954,0.5690550860910416,0.05439290012292462,0.002824478583196582,0.0,0.0,0.0,-0.006234023079185253,-0.006234062856517397,-3.977733214425433e-08,5.0,1.0,1.0
Queue-load-0.20,0.2,607,QP+G,25,25.0,25.0,0.08,0.0,0.05181054620890389,0.568466251255676,0.05426453059780117,0.0028114749700418567,0.0,0.0,0.0,-0.006182136915637354,-0.006182175158106595,-3.8242469241681065e-08,5.0,1.0,1.0
Queue-load-0.20,0.2,607,noG,1,1.0,0.0,0.08,0.0,0.0,0.0,0.05755183876854815,0.0,0.0,0.0,0.0,-0.007617383233305099,-0.007617453779011019,-7.054570591927267e-08,3.0,1.0,0.0
Queue-load-0.20,0.2,607,noG,2,2.0,0.0,0.08,0.0,0.0,0.0,0.05740603804546608,0.0,0.0,0.0,0.0,-0.007548452778427774,-0.007548522594163387,-6.981573561284926e-08,3.0,1.0,0.0
Queue-load-0.20,0.2,607,noG,3,3.0,0.0,0.08,0.0,0.0,0.0,0.05726102369947625,0.0,0.0,0.0,0.0,-0.007480413703183765,-0.007480482714383285,-6.901119952058832e-08,3.0,1.0,0.0
Queue-load-0.20,0.2,607,noG,4,4.0,0.0,0.08,0.0,0.0,0.0,0.057116793370375014,0.0,0.0,0.0,0.0,-0.007413254422526074,-0.007413322554723933,-6.813219785919977e-08,3.0,1.0,0.0
Queue-load-0.20,0.2,607,noG,5,5.0,0.0,0.08,0.0,0.0,0.0,0.056973344663175336,0.0,0.0,0.0,0.0,-0.007346962938600635,-0.007347030117270226,-6.71786695907034e-08,3.0,1.0,0.0
Queue-load-0.20,0.2,607,noG,6,6.0,0.0,0.08,0.0,0.0,0.0,0.05683067514850727,0.0,0.0,0.0,0.0,-0.007281526849378414,-0.0072815930014900054,-6.615211159150675e-08,3.0,1.0,0.0
Queue-load-0.20,0.2,607,noG,7,7.0,0.0,0.08,0.0,0.0,0.0,0.05668878236300591,0.0,0.0,0.0,0.0,-0.007216933364363834,-0.007216998418067,-6.505370316566006e-08,3.0,1.0,0.0
Queue-load-0.20,0.2,607,noG,8,8.0,0.0,0.08,0.0,0.0,0.0,0.05654766380968328,0.0,0.0,0.0,0.0,-0.007153169320011582,-0.007153233205987597,-6.388597601457435e-08,3.0,1.0,0.0
Queue-load-0.20,0.2,607,noG,9,9.0,0.0,0.08,0.0,0.0,0.0,0.056407316958293215,0.0,0.0,0.0,0.0,-0.007090221201742568,-0.0070902838533930534,-6.265165048563448e-08,3.0,1.0,0.0
Queue-load-0.20,0.2,607,noG,10,10.0,0.0,0.08,0.0,0.0,0.0,0.056267739245684505,0.0,0.0,0.0,0.0,-0.0070280751680421956,-0.0070281365220949965,-6.135405280095069e-08,3.0,1.0,0.0
Queue-load-0.20,0.2,607,noG,11,11.0,0.0,0.08,0.0,0.0,0.0,0.05612892807615025,0.0,0.0,0.0,0.0,-0.006966717078478426,-0.006966777076115704,-5.999763727851382e-08,3.0,1.0,0.0
Queue-load-0.20,0.2,607,noG,12,12.0,0.0,0.08,0.0,0.0,0.0,0.05599088082177221,0.0,0.0,0.0,0.0,-0.0069061325266053485,-0.006906191114042226,-5.858743687761625e-08,3.0,1.0,0.0
Queue-load-0.20,0.2,607,noG,13,13.0,0.0,0.08,0.0,0.0,0.0,0.05585359482276296,0.0,0.0,0.0,0.0,-0.006846306876371087,-0.006846364005135275,-5.712876418803581e-08,3.0,1.0,0.0
Queue-load-0.20,0.2,607,noG,14,14.0,0.0,0.08,0.0,0.0,0.0,0.05571706738780678,0.0,0.0,0.0,0.0,-0.006787225300636123,-0.006787280928715944,-5.562807982133211e-08,3.0,1.0,0.0
Queue-load-0.20,0.2,607,noG,15,15.0,0.0,0.08,0.0,0.0,0.0,0.05558129579440217,0.0,0.0,0.0,0.0,-0.00672887282469898,-0.006728926916289346,-5.40915903665673e-08,3.0,1.0,0.0
Queue-load-0.20,0.2,607,noG,16,16.0,0.0,0.08,0.0,0.0,0.0,0.055446277289204496,0.0,0.0,0.0,0.0,-0.0066712343691217105,-0.006671286895616468,-5.25264947578985e-08,3.0,1.0,0.0
Queue-load-0.20,0.2,607,noG,17,17.0,0.0,0.08,0.0,0.0,0.0,0.055312009088374074,0.0,0.0,0.0,0.0,-0.006614294796668653,-0.006614345736018379,-5.093934972617842e-08,3.0,1.0,0.0
Queue-load-0.20,0.2,607,noG,18,18.0,0.0,0.08,0.0,0.0,0.0,0.0551784883779259,0.0,0.0,0.0,0.0,-0.006558038956103986,-0.006558088293751041,-4.93376470546425e-08,3.0,1.0,0.0
Queue-load-0.20,0.2,607,noG,19,19.0,0.0,0.08,0.0,0.0,0.0,0.05504571231408688,0.0,0.0,0.0,0.0,-0.0065024517287021796,-0.006502499456773059,-4.772807087917441e-08,3.0,1.0,0.0
Queue-load-0.20,0.2,607,noG,20,20.0,0.0,0.08,0.0,0.0,0.0,0.05491367802365726,0.0,0.0,0.0,0.0,-0.006447518070792233,-0.006447564283455165,-4.621266293160925e-08,3.0,1.0,0.0
Queue-load-0.20,0.2,607,noG,21,21.0,0.0,0.08,0.0,0.0,0.0,0.05478238260437798,0.0,0.0,0.0,0.0,-0.006393221230960064,-0.006393267560798499,-4.632983843528421e-08,3.0,1.0,0.0
Queue-load-0.20,0.2,607,noG,22,22.0,0.0,0.08,0.0,0.0,0.0,0.054651823125308495,0.0,0.0,0.0,0.0,-0.006339551900779048,-0.006339594816706651,-4.291592760243684e-08,3.0,1.0,0.0
Queue-load-0.20,0.2,607,noG,23,23.0,0.0,0.08,0.0,0.0,0.0,0.05452199662720727,0.0,0.0,0.0,0.0,-0.006286490033179505,-0.006286531369683601,-4.133650409639256e-08,3.0,1.0,0.0
Queue-load-0.20,0.2,607,noG,24,24.0,0.0,0.08,0.0,0.0,0.0,0.05439290012292462,0.0,0.0,0.0,0.0,-0.006234023079185253,-0.006234062856517397,-3.977733214425433e-08,3.0,1.0,0.0
Queue-load-0.20,0.2,607,noG,25,25.0,0.0,0.08,0.0,0.0,0.0,0.05426453059780117,0.0,0.0,0.0,0.0,-0.006182136915637354,-0.006182175158106595,-3.8242469241681065e-08,3.0,1.0,0.0
Queue-load-0.20,0.2,607,PPM-3,1,3.0,0.0,0.01,0.0,,,,,,,,,,,,3.0,0.0
Queue-load-0.20,0.2,607,PPM-3,2,6.0,0.0,0.01,0.0,,,,,,,,,,,,3.0,0.0
Queue-load-0.20,0.2,607,PPM-3,3,9.0,0.0,0.01,0.0,,,,,,,,,,,,3.0,0.0
Queue-load-0.20,0.2,607,PPM-3,4,12.0,0.0,0.01,0.0,,,,,,,,,,,,3.0,0.0
Queue-load-0.20,0.2,607,PPM-3,5,15.0,0.0,0.01,0.0,,,,,,,,,,,,3.0,0.0
Queue-load-0.20,0.2,607,PPM-3,6,18.0,0.0,0.01,0.0,,,,,,,,,,,,3.0,0.0
Queue-load-0.20,0.2,607,PPM-3,7,21.0,0.0,0.01,0.0,,,,,,,,,,,,3.0,0.0
Queue-load-0.20,0.2,607,PPM-3,8,24.0,0.0,0.01,0.0,,,,,,,,,,,,3.0,0.0
Queue-load-0.20,0.2,607,PPM-3,9,27.0,0.0,0.01,0.0,,,,,,,,,,,,3.0,0.0
Queue-load-0.20,0.2,607,PPM-3,10,30.0,0.0,0.01,0.0,,,,,,,,,,,,3.0,0.0
Queue-load-0.20,0.2,607,PPM-3,11,33.0,0.0,0.01,0.0,,,,,,,,,,,,3.0,0.0
Queue-load-0.20,0.2,607,PPM-3,12,36.0,0.0,0.01,0.0,,,,,,,,,,,,3.0,0.0
Queue-load-0.20,0.2,607,PPM-3,13,39.0,0.0,0.01,0.0,,,,,,,,,,,,3.0,0.0
Queue-load-0.20,0.2,607,PPM-3,14,42.0,0.0,0.01,0.0,,,,,,,,,,,,3.0,0.0
Queue-load-0.20,0.2,607,PPM-3,15,45.0,0.0,0.01,0.0,,,,,,,,,,,,3.0,0.0
Queue-load-0.20,0.2,607,PPM-3,16,48.0,0.0,0.01,0.0,,,,,,,,,,,,3.0,0.0
Queue-load-0.20,0.2,607,PPM-3,17,51.0,0.0,0.01,0.0,,,,,,,,,,,,3.0,0.0
Queue-load-0.20,0.2,607,PPM-3,18,54.0,0.0,0.01,0.0,,,,,,,,,,,,3.0,0.0
Queue-load-0.20,0.2,607,PPM-3,19,57.0,0.0,0.01,0.0,,,,,,,,,,,,3.0,0.0
Queue-load-0.20,0.2,607,PPM-3,20,60.0,0.0,0.01,0.0,,,,,,,,,,,,3.0,0.0
Queue-load-0.20,0.2,607,PPM-3,21,63.0,0.0,0.01,0.0,,,,,,,,,,,,3.0,0.0
Queue-load-0.20,0.2,607,PPM-3,22,66.0,0.0,0.01,0.0,,,,,,,,,,,,3.0,0.0
Queue-load-0.20,0.2,607,PPM-3,23,69.0,0.0,0.01,0.0,,,,,,,,,,,,3.0,0.0
Queue-load-0.20,0.2,607,PPM-3,24,72.0,0.0,0.01,0.0,,,,,,,,,,,,3.0,0.0
Queue-load-0.20,0.2,607,PPM-3,25,75.0,0.0,0.01,0.0,,,,,,,,,,,,3.0,0.0
Queue-load-0.20,0.2,608,QP+G,1,1.0,1.0,0.08,0.0,0.06498224125659073,0.541953283894257,0.0691050799806048,0.00449060297935566,0.0,0.0,0.0,-0.010943703481797308,-0.010943796796090144,-9.33142928361691e-08,5.0,1.0,1.0
Queue-load-0.20,0.2,608,QP+G,2,2.0,2.0,0.08,0.0,0.0650072223632036,0.5450733310877791,0.06890986341131641,0.004479638813797433,0.0,0.0,0.0,-0.010848466787319013,-0.010848547967161615,-8.117984260161415e-08,5.0,1.0,1.0
Queue-load-0.20,0.2,608,QP+G,3,3.0,3.0,0.08,0.0,0.06503143606969343,0.548068621199711,0.06871402286687824,0.004468571585158844,0.0,0.0,0.0,-0.010753722812155943,-0.010753791935913526,-6.912375758241773e-08,5.0,1.0,1.0
Queue-load-0.20,0.2,608,QP+G,4,4.0,4.0,0.08,0.0,0.0650546238844286,0.5509415799691009,0.06851761291736869,0.004457387537798287,0.0,0.0,0.0,-0.010659418967410912,-0.010659476318251926,-5.735084101371468e-08,5.0,1.0,1.0
Queue-load-0.20,0.2,608,QP+G,5,5.0,5.0,0.08,0.0,0.06507653855243668,0.5536947144342435,0.06832068759133746,0.004446073859966654,0.0,0.0,0.0,-0.010565504451317664,-0.01056555047507679,-4.602375912668433e-08,5.0,1.0,1.0
Queue-load-0.20,0.2,608,QP+G,6,6.0,6.0,0.08,0.0,0.06509694430202745,0.5563306005338678,0.06812330032068614,0.004434618686645995,0.0,0.0,0.0,-0.010471931171359571,-0.010471966438525548,-3.5267165977501125e-08,5.0,1.0,1.0
Queue-load-0.20,0.2,608,QP+G,7,7.0,7.0,0.08,0.0,0.06511561703597803,0.5588518714227422,0.06792550388813794,0.0044230110981558265,0.0,0.0,0.0,-0.010378654433528626,-0.010378679605691055,-2.5172162429129563e-08,5.0,1.0,1.0
Queue-load-0.20,0.2,608,QP+G,8,8.0,8.0,0.08,0.0,0.06513234446970911,0.5612612065105114,0.06772735037735385,0.004411241114798494,0.0,0.0,0.0,-0.010285633431267194,-0.010285649234341498,-1.5803074304016063e-08,5.0,1.0,1.0
Queue-load-0.20,0.2,608,QP+G,9,9.0,9.0,0.08,0.0,0.06514692621902961,0.5635613212250256,0.06752889112574335,0.004399299687821686,0.0,0.0,0.0,-0.010192831576211326,-0.010192838778306346,-7.202095019323562e-09,5.0,1.0,1.0
Queue-load-0.20,0.2,608,QP+G,10,10.0,10.0,0.08,0.0,0.06515917384014122,0.5657549574947525,0.06733017668000112,0.004387178686979615,0.0,0.0,0.0,-0.010100216702946006,-0.010100216098236636,6.047093693839489e-10,5.0,1.0,1.0
Queue-load-0.20,0.2,608,QP+G,11,11.0,11.0,0.08,0.0,0.06516891082468919,0.5678448749392591,0.06713125675439655,0.004374870884976582,0.0,0.0,0.0,-0.010007761183492312,-0.01000775357963235,7.603859961818893e-09,5.0,1.0,1.0
Queue-load-0.20,0.2,608,QP+G,12,12.0,12.0,0.08,0.0,0.06517597255269234,0.5698338427517909,0.06693218019182563,0.004362369939074285,0.0,0.0,0.0,-0.009915441973339748,-0.0099154281833842,1.3789955547252597e-08,5.0,1.0,1.0
Queue-load-0.20,0.2,608,QP+G,13,13.0,13.0,0.08,0.0,0.06518020620622751,0.5717246322539771,0.0667329949276333,0.004349670370142273,0.0,0.0,0.0,-0.009823240612764688,-0.009823221447765818,1.916499887087697e-08,5.0,1.0,1.0
Queue-load-0.20,0.2,608,QP+G,14,14.0,14.0,0.08,0.0,0.065181470646743,0.5735200100993493,0.06653374795619116,0.004336767539424271,0.0,0.0,0.0,-0.009731143189238227,-0.009731119453625592,2.3735612635078507e-08,5.0,1.0,1.0
Queue-load-0.20,0.2,608,QP+G,15,15.0,15.0,0.08,0.0,0.06517963625886952,0.5752227320997775,0.06633448530022268,0.004323657623287841,0.0,0.0,0.0,-0.009639140274356132,-0.009639112759340929,2.751501520376065e-08,5.0,1.0,1.0
Queue-load-0.20,0.2,608,QP+G,16,16.0,16.0,0.08,0.0,0.06517458476355845,0.5768355376468072,0.06613525198284342,0.004310337586215125,0.0,0.0,0.0,-0.009547226826869506,-0.009547196306504802,3.0520364704272884e-08,5.0,1.0,1.0
Queue-load-0.20,0.2,608,QP+G,17,17.0,17.0,0.08,0.0,0.06516620900333497,0.5783611446985576,0.06593609200228717,0.0042968051522841695,0.0,0.0,0.0,-0.00945540206935331,-0.00945536929417834,3.2775174969856824e-08,5.0,1.0,1.0
Queue-load-0.20,0.2,608,QP+G,18,18.0,18.0,0.08,0.0,0.06515441270238903,0.5798022453017782,0.06573704830927748,0.004283058775379551,0.0,0.0,0.0,-0.009363669326995566,-0.009363635016666816,3.431032874999518e-08,5.0,1.0,1.0
Queue-load-0.20,0.2,608,QP+G,19,19.0,19.0,0.08,0.0,0.06513911020414886,0.5811615016181678,0.06553816278699154,0.0042690976083592895,0.0,0.0,0.0,-0.009272035823129816,-0.009272000658801183,3.5164328632958375e-08,5.0,1.0,1.0
Queue-load-0.20,0.2,608,QP+G,20,20.0,20.0,0.08,0.0,0.0651202261889015,0.5824415424238806,0.06533947623356738,0.004254921471394261,0.0,0.0,0.0,-0.009180512428016306,-0.009180477043410296,3.538460601089366e-08,5.0,1.0,1.0
Queue-load-0.20,0.2,608,QP+G,21,21.0,21.0,0.08,0.0,0.0650976953739321,0.5836449600513797,0.06514102834709048,0.004240530819683572,0.0,0.0,0.0,-0.00908911335459549,-0.009089078327709998,3.502688549102129e-08,5.0,1.0,1.0
Queue-load-0.20,0.2,608,QP+G,22,22.0,22.0,0.08,0.0,0.06507146219854368,0.5847743077431095,0.06494285771299464,0.004225926710736532,0.0,0.0,0.0,-0.008997855803703677,-0.008997821648963455,3.4154740221822855e-08,5.0,1.0,1.0
Queue-load-0.20,0.2,608,QP+G,23,23.0,23.0,0.08,0.0,0.06504148049623108,0.5858320973872819,0.06474500179380739,0.0042111107714003695,0.0,0.0,0.0,-0.008906759563425619,-0.008906726724629443,3.283879617538288e-08,5.0,1.0,1.0
Queue-load-0.20,0.2,608,QP+G,24,24.0,24.0,0.08,0.0,0.06500771315614982,0.5868207976067484,0.06454749692116347,0.004196085164798459,0.0,0.0,0.0,-0.00881584657066793,-0.00881581541666776,3.115400016955039e-08,5.0,1.0,1.0
Queue-load-0.20,0.2,608,QP+G,25,25.0,25.0,0.08,0.0,0.06497013177593088,0.5877428321731065,0.06435037829000836,0.0041808525573328445,0.0,0.0,0.0,-0.008725140450794004,-0.008725111274459518,2.917633448555612e-08,5.0,1.0,1.0
Queue-load-0.20,0.2,608,noG,1,1.0,0.0,0.08,0.0,0.0,0.0,0.0691050799806048,0.0,0.0,0.0,0.0,-0.010943703481797308,-0.010943796796090144,-9.33142928361691e-08,3.0,1.0,0.0
Queue-load-0.20,0.2,608,noG,2,2.0,0.0,0.08,0.0,0.0,0.0,0.06890986341131641,0.0,0.0,0.0,0.0,-0.010848466787319013,-0.010848547967161615,-8.117984260161415e-08,3.0,1.0,0.0
Queue-load-0.20,0.2,608,noG,3,3.0,0.0,0.08,0.0,0.0,0.0,0.06871402286687824,0.0,0.0,0.0,0.0,-0.010753722812155943,-0.010753791935913526,-6.912375758241773e-08,3.0,1.0,0.0
Queue-load-0.20,0.2,608,noG,4,4.0,0.0,0.08,0.0,0.0,0.0,0.06851761291736869,0.0,0.0,0.0,0.0,-0.010659418967410912,-0.010659476318251926,-5.735084101371468e-08,3.0,1.0,0.0
Queue-load-0.20,0.2,608,noG,5,5.0,0.0,0.08,0.0,0.0,0.0,0.06832068759133746,0.0,0.0,0.0,0.0,-0.010565504451317664,-0.01056555047507679,-4.602375912668433e-08,3.0,1.0,0.0
Queue-load-0.20,0.2,608,noG,6,6.0,0.0,0.08,0.0,0.0,0.0,0.06812330032068614,0.0,0.0,0.0,0.0,-0.010471931171359571,-0.010471966438525548,-3.5267165977501125e-08,3.0,1.0,0.0
Queue-load-0.20,0.2,608,noG,7,7.0,0.0,0.08,0.0,0.0,0.0,0.06792550388813794,0.0,0.0,0.0,0.0,-0.010378654433528626,-0.010378679605691055,-2.5172162429129563e-08,3.0,1.0,0.0
Queue-load-0.20,0.2,608,noG,8,8.0,0.0,0.08,0.0,0.0,0.0,0.06772735037735385,0.0,0.0,0.0,0.0,-0.010285633431267194,-0.010285649234341498,-1.5803074304016063e-08,3.0,1.0,0.0
Queue-load-0.20,0.2,608,noG,9,9.0,0.0,0.08,0.0,0.0,0.0,0.06752889112574335,0.0,0.0,0.0,0.0,-0.010192831576211326,-0.010192838778306346,-7.202095019323562e-09,3.0,1.0,0.0
Queue-load-0.20,0.2,608,noG,10,10.0,0.0,0.08,0.0,0.0,0.0,0.06733017668000112,0.0,0.0,0.0,0.0,-0.010100216702946006,-0.010100216098236636,6.047093693839489e-10,3.0,1.0,0.0
Queue-load-0.20,0.2,608,noG,11,11.0,0.0,0.08,0.0,0.0,0.0,0.06713125675439655,0.0,0.0,0.0,0.0,-0.010007761183492312,-0.01000775357963235,7.603859961818893e-09,3.0,1.0,0.0
Queue-load-0.20,0.2,608,noG,12,12.0,0.0,0.08,0.0,0.0,0.0,0.06693218019182563,0.0,0.0,0.0,0.0,-0.009915441973339748,-0.0099154281833842,1.3789955547252597e-08,3.0,1.0,0.0
Queue-load-0.20,0.2,608,noG,13,13.0,0.0,0.08,0.0,0.0,0.0,0.0667329949276333,0.0,0.0,0.0,0.0,-0.009823240612764688,-0.009823221447765818,1.916499887087697e-08,3.0,1.0,0.0
Queue-load-0.20,0.2,608,noG,14,14.0,0.0,0.08,0.0,0.0,0.0,0.06653374795619116,0.0,0.0,0.0,0.0,-0.009731143189238227,-0.009731119453625592,2.3735612635078507e-08,3.0,1.0,0.0
Queue-load-0.20,0.2,608,noG,15,15.0,0.0,0.08,0.0,0.0,0.0,0.06633448530022268,0.0,0.0,0.0,0.0,-0.009639140274356132,-0.009639112759340929,2.751501520376065e-08,3.0,1.0,0.0
Queue-load-0.20,0.2,608,noG,16,16.0,0.0,0.08,0.0,0.0,0.0,0.06613525198284342,0.0,0.0,0.0,0.0,-0.009547226826869506,-0.009547196306504802,3.0520364704272884e-08,3.0,1.0,0.0
Queue-load-0.20,0.2,608,noG,17,17.0,0.0,0.08,0.0,0.0,0.0,0.06593609200228717,0.0,0.0,0.0,0.0,-0.00945540206935331,-0.00945536929417834,3.2775174969856824e-08,3.0,1.0,0.0
Queue-load-0.20,0.2,608,noG,18,18.0,0.0,0.08,0.0,0.0,0.0,0.06573704830927748,0.0,0.0,0.0,0.0,-0.009363669326995566,-0.009363635016666816,3.431032874999518e-08,3.0,1.0,0.0
Queue-load-0.20,0.2,608,noG,19,19.0,0.0,0.08,0.0,0.0,0.0,0.06553816278699154,0.0,0.0,0.0,0.0,-0.009272035823129816,-0.009272000658801183,3.5164328632958375e-08,3.0,1.0,0.0
Queue-load-0.20,0.2,608,noG,20,20.0,0.0,0.08,0.0,0.0,0.0,0.06533947623356738,0.0,0.0,0.0,0.0,-0.009180512428016306,-0.009180477043410296,3.538460601089366e-08,3.0,1.0,0.0
Queue-load-0.20,0.2,608,noG,21,21.0,0.0,0.08,0.0,0.0,0.0,0.06514102834709048,0.0,0.0,0.0,0.0,-0.00908911335459549,-0.009089078327709998,3.502688549102129e-08,3.0,1.0,0.0
Queue-load-0.20,0.2,608,noG,22,22.0,0.0,0.08,0.0,0.0,0.0,0.06494285771299464,0.0,0.0,0.0,0.0,-0.008997855803703677,-0.008997821648963455,3.4154740221822855e-08,3.0,1.0,0.0
Queue-load-0.20,0.2,608,noG,23,23.0,0.0,0.08,0.0,0.0,0.0,0.06474500179380739,0.0,0.0,0.0,0.0,-0.008906759563425619,-0.008906726724629443,3.283879617538288e-08,3.0,1.0,0.0
Queue-load-0.20,0.2,608,noG,24,24.0,0.0,0.08,0.0,0.0,0.0,0.06454749692116347,0.0,0.0,0.0,0.0,-0.00881584657066793,-0.00881581541666776,3.115400016955039e-08,3.0,1.0,0.0
Queue-load-0.20,0.2,608,noG,25,25.0,0.0,0.08,0.0,0.0,0.0,0.06435037829000836,0.0,0.0,0.0,0.0,-0.008725140450794004,-0.008725111274459518,2.917633448555612e-08,3.0,1.0,0.0
Queue-load-0.20,0.2,608,PPM-3,1,3.0,0.0,0.01,0.0,,,,,,,,,,,,3.0,0.0
Queue-load-0.20,0.2,608,PPM-3,2,6.0,0.0,0.01,0.0,,,,,,,,,,,,3.0,0.0
Queue-load-0.20,0.2,608,PPM-3,3,9.0,0.0,0.01,0.0,,,,,,,,,,,,3.0,0.0
Queue-load-0.20,0.2,608,PPM-3,4,12.0,0.0,0.01,0.0,,,,,,,,,,,,3.0,0.0
Queue-load-0.20,0.2,608,PPM-3,5,15.0,0.0,0.01,0.0,,,,,,,,,,,,3.0,0.0
Queue-load-0.20,0.2,608,PPM-3,6,18.0,0.0,0.01,0.0,,,,,,,,,,,,3.0,0.0
Queue-load-0.20,0.2,608,PPM-3,7,21.0,0.0,0.01,0.0,,,,,,,,,,,,3.0,0.0
Queue-load-0.20,0.2,608,PPM-3,8,24.0,0.0,0.01,0.0,,,,,,,,,,,,3.0,0.0
Queue-load-0.20,0.2,608,PPM-3,9,27.0,0.0,0.01,0.0,,,,,,,,,,,,3.0,0.0
Queue-load-0.20,0.2,608,PPM-3,10,30.0,0.0,0.01,0.0,,,,,,,,,,,,3.0,0.0
Queue-load-0.20,0.2,608,PPM-3,11,33.0,0.0,0.01,0.0,,,,,,,,,,,,3.0,0.0
Queue-load-0.20,0.2,608,PPM-3,12,36.0,0.0,0.01,0.0,,,,,,,,,,,,3.0,0.0
Queue-load-0.20,0.2,608,PPM-3,13,39.0,0.0,0.01,0.0,,,,,,,,,,,,3.0,0.0
Queue-load-0.20,0.2,608,PPM-3,14,42.0,0.0,0.01,0.0,,,,,,,,,,,,3.0,0.0
Queue-load-0.20,0.2,608,PPM-3,15,45.0,0.0,0.01,0.0,,,,,,,,,,,,3.0,0.0
Queue-load-0.20,0.2,608,PPM-3,16,48.0,0.0,0.01,0.0,,,,,,,,,,,,3.0,0.0
Queue-load-0.20,0.2,608,PPM-3,17,51.0,0.0,0.01,0.0,,,,,,,,,,,,3.0,0.0
Queue-load-0.20,0.2,608,PPM-3,18,54.0,0.0,0.01,0.0,,,,,,,,,,,,3.0,0.0
Queue-load-0.20,0.2,608,PPM-3,19,57.0,0.0,0.01,0.0,,,,,,,,,,,,3.0,0.0
Queue-load-0.20,0.2,608,PPM-3,20,60.0,0.0,0.01,0.0,,,,,,,,,,,,3.0,0.0
Queue-load-0.20,0.2,608,PPM-3,21,63.0,0.0,0.01,0.0,,,,,,,,,,,,3.0,0.0
Queue-load-0.20,0.2,608,PPM-3,22,66.0,0.0,0.01,0.0,,,,,,,,,,,,3.0,0.0
Queue-load-0.20,0.2,608,PPM-3,23,69.0,0.0,0.01,0.0,,,,,,,,,,,,3.0,0.0
Queue-load-0.20,0.2,608,PPM-3,24,72.0,0.0,0.01,0.0,,,,,,,,,,,,3.0,0.0
Queue-load-0.20,0.2,608,PPM-3,25,75.0,0.0,0.01,0.0,,,,,,,,,,,,3.0,0.0
Queue-load-0.20,0.2,609,QP+G,1,1.0,1.0,0.08,0.0,0.0633815060944073,0.617863721000876,0.06478735673672292,0.004106320245849144,0.0,0.0,0.0,-0.010738640090898817,-0.010738719619417747,-7.952851893006097e-08,5.0,1.0,1.0
Queue-load-0.20,0.2,609,QP+G,2,2.0,2.0,0.08,0.0,0.06326532752877156,0.6196870573123782,0.06458426832752302,0.004085944888946811,0.0,0.0,0.0,-0.010628127873724875,-0.010628206661890793,-7.878816591852522e-08,5.0,1.0,1.0
Queue-load-0.20,0.2,609,QP+G,3,3.0,3.0,0.08,0.0,0.0631487787374245,0.6214807371762052,0.06438159643655637,0.004065619188134256,0.0,0.0,0.0,-0.01051875661636497,-0.010518834662847532,-7.804648256143354e-08,5.0,1.0,1.0
Queue-load-0.20,0.2,609,QP+G,4,4.0,4.0,0.08,0.0,0.06303185534081053,0.6232449730050647,0.06417935412931947,0.004045343765345916,0.0,0.0,0.0,-0.010410522224684195,-0.010410599511324392,-7.728664019705789e-08,5.0,1.0,1.0
Queue-load-0.20,0.2,609,QP+G,5,5.0,5.0,0.08,0.0,0.06291455358027857,0.6249799790112914,0.06397755420432898,0.004025119261923432,0.0,0.0,0.0,-0.010303420162008298,-0.01030349665603758,-7.649402928265603e-08,5.0,1.0,1.0
Queue-load-0.20,0.2,609,QP+G,6,6.0,6.0,0.08,0.0,0.06279687030052582,0.6266859708482504,0.06377620919339987,0.004004946336977133,0.0,0.0,0.0,-0.010197445371219102,-0.010197521026599432,-7.565538033028896e-08,5.0,1.0,1.0
Queue-load-0.20,0.2,609,QP+G,7,7.0,7.0,0.08,0.0,0.06267880293161786,0.6283631652718005,0.06357533136212486,0.003984825665758928,0.0,0.0,0.0,-0.01009259220914179,-0.010092666969545583,-7.476040379296445e-08,5.0,1.0,1.0
Queue-load-0.20,0.2,609,QP+G,8,8.0,8.0,0.08,0.0,0.06256034947065613,0.6300117798214026,0.0633749327105456,0.003964757938051049,0.0,0.0,0.0,-0.009988854399687084,-0.009988928200751701,-7.380106461715719e-08,5.0,1.0,1.0
Queue-load-0.20,0.2,609,QP+G,9,9.0,9.0,0.08,0.0,0.06244150846315249,0.6316320325203846,0.06317502497400945,0.003944743856574481,0.0,0.0,0.0,-0.00988622500272059,-0.009886297775028474,-7.277230788457767e-08,5.0,1.0,1.0
Queue-load-0.20,0.2,609,QP+G,10,10.0,10.0,0.08,0.0,0.06232227898417012,0.6332241415949085,0.0629756196241998,0.003924784135420359,0.0,0.0,0.0,-0.009784696401180269,-0.009784768072826022,-7.167164575369589e-08,5.0,1.0,1.0
Queue-load-0.20,0.2,609,QP+G,11,11.0,11.0,0.08,0.0,0.062202660619288266,0.6347883252111071,0.06277672787033568,0.0039048794985079055,0.0,0.0,0.0,-0.009684260304776673,-0.009684330803561014,-7.049878434153833e-08,5.0,1.0,1.0
Queue-load-0.20,0.2,609,QP+G,12,12.0,12.0,0.08,0.0,0.06208265344544531,0.63632480122994,0.06257836066052737,0.0038850306780716087,0.0,0.0,0.0,-0.009584907767588271,-0.009584977024098773,-6.925651050218584e-08,5.0,1.0,1.0
Queue-load-0.20,0.2,609,QP+G,13,13.0,13.0,0.08,0.0,0.06196225801171048,0.6378337869791831,0.06238052868328437,0.0038652384131805722,0.0,0.0,0.0,-0.00948662922244529,-0.00948669717094175,-6.794849645962164e-08,5.0,1.0,1.0
Queue-load-0.20,0.2,609,QP+G,14,14.0,14.0,0.08,0.0,0.06184147532003007,0.6393154990420773,0.06218324236916498,0.003845503448292165,0.0,0.0,0.0,-0.009389414522723447,-0.00938948110385196,-6.65811285133211e-08,5.0,1.0,1.0
Queue-load-0.20,0.2,609,QP+G,15,15.0,15.0,0.08,0.0,0.06172030680599855,0.6407701530620685,0.061986511892559874,0.0038258265318424733,0.0,0.0,0.0,-0.009293252997026139,-0.009293318158779762,-6.516175362313026e-08,5.0,1.0,1.0
Queue-load-0.20,0.2,609,QP+G,16,16.0,16.0,0.08,0.0,0.06159875431969087,0.6421979635631129,0.0617903471736032,0.0038062084148751886,0.0,0.0,0.0,-0.009198133509673825,-0.009198197207793246,-6.369811942144588e-08,5.0,1.0,1.0
Queue-load-0.20,0.2,609,QP+G,17,17.0,17.0,0.08,0.0,0.06147682010660188,0.643599143785014,0.061594757880201564,0.0037866498497108503,0.0,0.0,0.0,-0.009104044524134774,-0.009104106723610617,-6.219947584241992e-08,5.0,1.0,1.0
Queue-load-0.20,0.2,609,QP+G,18,18.0,18.0,0.08,0.0,0.06135450678872546,0.6449739055332298,0.061399753430175945,0.0037671515886577994,0.0,0.0,0.0,-0.009010974171920575,-0.00901103484672694,-6.067480636494371e-08,5.0,1.0,1.0
Queue-load-0.20,0.2,609,QP+G,19,19.0,19.0,0.08,0.0,0.06123181734581175,0.6463224590426173,0.06120534299350712,0.003747714382766187,0.0,0.0,0.0,-0.008918910319508396,-0.008918969453025838,-5.91335174420643e-08,5.0,1.0,1.0
Queue-load-0.20,0.2,609,QP+G,20,20.0,20.0,0.08,0.0,0.06110875509683303,0.6476450128545848,0.06101153549467915,0.0037283389806260837,0.0,0.0,0.0,-0.008827840636389774,-0.008827898220349795,-5.758396002045196e-08,5.0,1.0,1.0
Queue-load-0.20,0.2,609,QP+G,21,21.0,21.0,0.08,0.0,0.06098532368168817,0.6489417737071032,0.06081833961511159,0.003709026127210419,0.0,0.0,0.0,-0.008737752657056575,-0.008737808692262483,-5.603520590764799e-08,5.0,1.0,1.0
Queue-load-0.20,0.2,609,QP+G,22,22.0,22.0,0.08,0.0,0.06086152704317597,0.6502129464370332,0.06062576379567886,0.0036897765627639076,0.0,0.0,0.0,-0.008648633843228757,-0.008648688338229071,-5.449500031437515e-08,5.0,1.0,1.0
Queue-load-0.20,0.2,609,QP+G,23,23.0,23.0,0.08,0.0,0.06073736940925915,0.6514587338942661,0.060433816239303335,0.003670591021737851,0.0,0.0,0.0,-0.00856047163818769,-0.00856052460890222,-5.297071452997626e-08,5.0,1.0,1.0
Queue-load-0.20,0.2,609,QP+G,24,24.0,24.0,0.08,0.0,0.060612855275646464,0.6526793368671426,0.060242504913621826,0.0036514702317717806,0.0,0.0,0.0,-0.008473253517674707,-0.00847330498614296,-5.146846825294926e-08,5.0,1.0,1.0
Queue-load-0.20,0.2,609,QP+G,25,25.0,25.0,0.08,0.0,0.06048798938871146,0.6538749540186207,0.060051837553716826,0.003632414912721848,0.0,0.0,0.0,-0.008386967033137004,-0.00838701702722533,-4.99940883257749e-08,5.0,1.0,1.0
Queue-load-0.20,0.2,609,noG,1,1.0,0.0,0.08,0.0,0.0,0.0,0.06478735673672292,0.0,0.0,0.0,0.0,-0.010738640090898817,-0.010738719619417747,-7.952851893006097e-08,3.0,1.0,0.0
Queue-load-0.20,0.2,609,noG,2,2.0,0.0,0.08,0.0,0.0,0.0,0.06458426832752302,0.0,0.0,0.0,0.0,-0.010628127873724875,-0.010628206661890793,-7.878816591852522e-08,3.0,1.0,0.0
Queue-load-0.20,0.2,609,noG,3,3.0,0.0,0.08,0.0,0.0,0.0,0.06438159643655637,0.0,0.0,0.0,0.0,-0.01051875661636497,-0.010518834662847532,-7.804648256143354e-08,3.0,1.0,0.0
Queue-load-0.20,0.2,609,noG,4,4.0,0.0,0.08,0.0,0.0,0.0,0.06417935412931947,0.0,0.0,0.0,0.0,-0.010410522224684195,-0.010410599511324392,-7.728664019705789e-08,3.0,1.0,0.0
Queue-load-0.20,0.2,609,noG,5,5.0,0.0,0.08,0.0,0.0,0.0,0.06397755420432898,0.0,0.0,0.0,0.0,-0.010303420162008298,-0.01030349665603758,-7.649402928265603e-08,3.0,1.0,0.0
Queue-load-0.20,0.2,609,noG,6,6.0,0.0,0.08,0.0,0.0,0.0,0.06377620919339987,0.0,0.0,0.0,0.0,-0.010197445371219102,-0.010197521026599432,-7.565538033028896e-08,3.0,1.0,0.0
Queue-load-0.20,0.2,609,noG,7,7.0,0.0,0.08,0.0,0.0,0.0,0.06357533136212486,0.0,0.0,0.0,0.0,-0.01009259220914179,-0.010092666969545583,-7.476040379296445e-08,3.0,1.0,0.0
Queue-load-0.20,0.2,609,noG,8,8.0,0.0,0.08,0.0,0.0,0.0,0.0633749327105456,0.0,0.0,0.0,0.0,-0.009988854399687084,-0.009988928200751701,-7.380106461715719e-08,3.0,1.0,0.0
Queue-load-0.20,0.2,609,noG,9,9.0,0.0,0.08,0.0,0.0,0.0,0.06317502497400945,0.0,0.0,0.0,0.0,-0.00988622500272059,-0.009886297775028474,-7.277230788457767e-08,3.0,1.0,0.0
Queue-load-0.20,0.2,609,noG,10,10.0,0.0,0.08,0.0,0.0,0.0,0.0629756196241998,0.0,0.0,0.0,0.0,-0.009784696401180269,-0.009784768072826022,-7.167164575369589e-08,3.0,1.0,0.0
Queue-load-0.20,0.2,609,noG,11,11.0,0.0,0.08,0.0,0.0,0.0,0.06277672787033568,0.0,0.0,0.0,0.0,-0.009684260304776673,-0.009684330803561014,-7.049878434153833e-08,3.0,1.0,0.0
Queue-load-0.20,0.2,609,noG,12,12.0,0.0,0.08,0.0,0.0,0.0,0.06257836066052737,0.0,0.0,0.0,0.0,-0.009584907767588271,-0.009584977024098773,-6.925651050218584e-08,3.0,1.0,0.0
Queue-load-0.20,0.2,609,noG,13,13.0,0.0,0.08,0.0,0.0,0.0,0.06238052868328437,0.0,0.0,0.0,0.0,-0.00948662922244529,-0.00948669717094175,-6.794849645962164e-08,3.0,1.0,0.0
Queue-load-0.20,0.2,609,noG,14,14.0,0.0,0.08,0.0,0.0,0.0,0.06218324236916498,0.0,0.0,0.0,0.0,-0.009389414522723447,-0.00938948110385196,-6.65811285133211e-08,3.0,1.0,0.0
Queue-load-0.20,0.2,609,noG,15,15.0,0.0,0.08,0.0,0.0,0.0,0.061986511892559874,0.0,0.0,0.0,0.0,-0.009293252997026139,-0.009293318158779762,-6.516175362313026e-08,3.0,1.0,0.0
Queue-load-0.20,0.2,609,noG,16,16.0,0.0,0.08,0.0,0.0,0.0,0.0617903471736032,0.0,0.0,0.0,0.0,-0.009198133509673825,-0.009198197207793246,-6.369811942144588e-08,3.0,1.0,0.0
Queue-load-0.20,0.2,609,noG,17,17.0,0.0,0.08,0.0,0.0,0.0,0.061594757880201564,0.0,0.0,0.0,0.0,-0.009104044524134774,-0.009104106723610617,-6.219947584241992e-08,3.0,1.0,0.0
Queue-load-0.20,0.2,609,noG,18,18.0,0.0,0.08,0.0,0.0,0.0,0.061399753430175945,0.0,0.0,0.0,0.0,-0.009010974171920575,-0.00901103484672694,-6.067480636494371e-08,3.0,1.0,0.0
Queue-load-0.20,0.2,609,noG,19,19.0,0.0,0.08,0.0,0.0,0.0,0.06120534299350712,0.0,0.0,0.0,0.0,-0.008918910319508396,-0.008918969453025838,-5.91335174420643e-08,3.0,1.0,0.0
Queue-load-0.20,0.2,609,noG,20,20.0,0.0,0.08,0.0,0.0,0.0,0.06101153549467915,0.0,0.0,0.0,0.0,-0.008827840636389774,-0.008827898220349795,-5.758396002045196e-08,3.0,1.0,0.0
Queue-load-0.20,0.2,609,noG,21,21.0,0.0,0.08,0.0,0.0,0.0,0.06081833961511159,0.0,0.0,0.0,0.0,-0.008737752657056575,-0.008737808692262483,-5.603520590764799e-08,3.0,1.0,0.0
Queue-load-0.20,0.2,609,noG,22,22.0,0.0,0.08,0.0,0.0,0.0,0.06062576379567886,0.0,0.0,0.0,0.0,-0.008648633843228757,-0.008648688338229071,-5.449500031437515e-08,3.0,1.0,0.0
Queue-load-0.20,0.2,609,noG,23,23.0,0.0,0.08,0.0,0.0,0.0,0.060433816239303335,0.0,0.0,0.0,0.0,-0.00856047163818769,-0.00856052460890222,-5.297071452997626e-08,3.0,1.0,0.0
Queue-load-0.20,0.2,609,noG,24,24.0,0.0,0.08,0.0,0.0,0.0,0.060242504913621826,0.0,0.0,0.0,0.0,-0.008473253517674707,-0.00847330498614296,-5.146846825294926e-08,3.0,1.0,0.0
Queue-load-0.20,0.2,609,noG,25,25.0,0.0,0.08,0.0,0.0,0.0,0.060051837553716826,0.0,0.0,0.0,0.0,-0.008386967033137004,-0.00838701702722533,-4.99940883257749e-08,3.0,1.0,0.0
Queue-load-0.20,0.2,609,PPM-3,1,3.0,0.0,0.01,0.0,,,,,,,,,,,,3.0,0.0
Queue-load-0.20,0.2,609,PPM-3,2,6.0,0.0,0.01,0.0,,,,,,,,,,,,3.0,0.0
Queue-load-0.20,0.2,609,PPM-3,3,9.0,0.0,0.01,0.0,,,,,,,,,,,,3.0,0.0
Queue-load-0.20,0.2,609,PPM-3,4,12.0,0.0,0.01,0.0,,,,,,,,,,,,3.0,0.0
Queue-load-0.20,0.2,609,PPM-3,5,15.0,0.0,0.01,0.0,,,,,,,,,,,,3.0,0.0
Queue-load-0.20,0.2,609,PPM-3,6,18.0,0.0,0.01,0.0,,,,,,,,,,,,3.0,0.0
Queue-load-0.20,0.2,609,PPM-3,7,21.0,0.0,0.01,0.0,,,,,,,,,,,,3.0,0.0
Queue-load-0.20,0.2,609,PPM-3,8,24.0,0.0,0.01,0.0,,,,,,,,,,,,3.0,0.0
Queue-load-0.20,0.2,609,PPM-3,9,27.0,0.0,0.01,0.0,,,,,,,,,,,,3.0,0.0
Queue-load-0.20,0.2,609,PPM-3,10,30.0,0.0,0.01,0.0,,,,,,,,,,,,3.0,0.0
Queue-load-0.20,0.2,609,PPM-3,11,33.0,0.0,0.01,0.0,,,,,,,,,,,,3.0,0.0
Queue-load-0.20,0.2,609,PPM-3,12,36.0,0.0,0.01,0.0,,,,,,,,,,,,3.0,0.0
Queue-load-0.20,0.2,609,PPM-3,13,39.0,0.0,0.01,0.0,,,,,,,,,,,,3.0,0.0
Queue-load-0.20,0.2,609,PPM-3,14,42.0,0.0,0.01,0.0,,,,,,,,,,,,3.0,0.0
Queue-load-0.20,0.2,609,PPM-3,15,45.0,0.0,0.01,0.0,,,,,,,,,,,,3.0,0.0
Queue-load-0.20,0.2,609,PPM-3,16,48.0,0.0,0.01,0.0,,,,,,,,,,,,3.0,0.0
Queue-load-0.20,0.2,609,PPM-3,17,51.0,0.0,0.01,0.0,,,,,,,,,,,,3.0,0.0
Queue-load-0.20,0.2,609,PPM-3,18,54.0,0.0,0.01,0.0,,,,,,,,,,,,3.0,0.0
Queue-load-0.20,0.2,609,PPM-3,19,57.0,0.0,0.01,0.0,,,,,,,,,,,,3.0,0.0
Queue-load-0.20,0.2,609,PPM-3,20,60.0,0.0,0.01,0.0,,,,,,,,,,,,3.0,0.0
Queue-load-0.20,0.2,609,PPM-3,21,63.0,0.0,0.01,0.0,,,,,,,,,,,,3.0,0.0
Queue-load-0.20,0.2,609,PPM-3,22,66.0,0.0,0.01,0.0,,,,,,,,,,,,3.0,0.0
Queue-load-0.20,0.2,609,PPM-3,23,69.0,0.0,0.01,0.0,,,,,,,,,,,,3.0,0.0
Queue-load-0.20,0.2,609,PPM-3,24,72.0,0.0,0.01,0.0,,,,,,,,,,,,3.0,0.0
Queue-load-0.20,0.2,609,PPM-3,25,75.0,0.0,0.01,0.0,,,,,,,,,,,,3.0,0.0
Queue-load-0.20,0.2,610,QP+G,1,1.0,1.0,0.08,0.0,0.07118178655081138,0.6702828364398857,0.0652492667914058,0.004644559381342793,0.0,0.0,0.0,-0.011794468501393022,-0.011794426791877477,4.1709515544510745e-08,5.0,1.0,1.0
Queue-load-0.20,0.2,610,QP+G,2,2.0,2.0,0.08,0.0,0.07105473160780136,0.6718507096729925,0.0649999995861536,0.004618557525101344,0.0,0.0,0.0,-0.011666574331593692,-0.011666531409295633,4.292229805955006e-08,5.0,1.0,1.0
Queue-load-0.20,0.2,610,QP+G,3,3.0,3.0,0.08,0.0,0.07092338739091898,0.6733652166638838,0.06475156294303121,0.004592400182776076,0.0,0.0,0.0,-0.011539335338170729,-0.01153929116910346,4.416906726825709e-08,5.0,1.0,1.0
Queue-load-0.20,0.2,610,QP+G,4,4.0,4.0,0.08,0.0,0.07078781081375657,0.6748287485887852,0.06450399087983678,0.004566096303134166,0.0,0.0,0.0,-0.01141277082380111,-0.011412725415594682,4.540820642759402e-08,5.0,1.0,1.0
Queue-load-0.20,0.2,610,QP+G,5,5.0,5.0,0.08,0.0,0.07064806607088125,0.6762436161329975,0.06425731578159198,0.004539655090875391,0.0,0.0,0.0,-0.011286898552568383,-0.01128685195816903,4.6594399352728466e-08,5.0,1.0,1.0
Queue-load-0.20,0.2,610,QP+G,6,6.0,6.0,0.08,0.0,0.07050422403478264,0.6776120507506803,0.0640115684290069,0.0045130859613365226,0.0,0.0,0.0,-0.011161735062183492,-0.011161687377984286,4.768419920551936e-08,5.0,1.0,1.0
Queue-load-0.20,0.2,610,QP+G,7,7.0,7.0,0.08,0.0,0.07035636167272342,0.678936206083437,0.06376677802851316,0.0044863984976783455,0.0,0.0,0.0,-0.011037295970464102,-0.01103724733703082,4.863343328227743e-08,5.0,1.0,1.0
Queue-load-0.20,0.2,610,QP+G,8,8.0,8.0,0.08,0.0,0.0702045614844549,0.6802181595114355,0.06352297224368607,0.004459602410557181,0.0,0.0,0.0,-0.010913596280920247,-0.010913546880250813,4.9400669433624644e-08,5.0,1.0,1.0
Queue-load-0.20,0.2,610,QP+G,9,9.0,9.0,0.08,0.0,0.07004891096154275,0.6814599138133342,0.06328017722788992,0.0044327075002671065,0.0,0.0,0.0,-0.010790650671072852,-0.010790600722033972,4.9949038880697794e-08,5.0,1.0,1.0
Queue-load-0.20,0.2,610,QP+G,10,10.0,10.0,0.08,0.0,0.06988950206886013,0.6826633989137142,0.06303841765798061,0.004405723621325105,0.0,0.0,0.0,-0.0106684737553057,-0.010668423509439418,5.0245866281897755e-08,5.0,1.0,1.0
Queue-load-0.20,0.2,610,QP+G,11,11.0,11.0,0.08,0.0,0.06972643074862919,0.683830473698871,0.06279771676891358,0.004378660649459683,0.0,0.0,0.0,-0.010547080318849607,-0.010547030055847006,5.02630026003037e-08,5.0,1.0,1.0
Queue-load-0.20,0.2,610,QP+G,12,12.0,12.0,0.08,0.0,0.06955979644723029,0.684962927883897,0.06255809638911213,0.004351528450952852,0.0,0.0,0.0,-0.010426485519747786,-0.010426435540235701,4.997951208451923e-08,5.0,1.0,1.0
Queue-load-0.20,0.2,610,QP+G,13,13.0,13.0,0.08,0.0,0.0693897016648627,0.6860624839159173,0.0623195769764559,0.004324336854276721,0.0,0.0,0.0,-0.010306705048944586,-0.010306655668593123,4.938035146236086e-08,5.0,1.0,1.0
Queue-load-0.20,0.2,610,QP+G,14,14.0,14.0,0.08,0.0,0.06921625152800619,0.6871307988999973,0.06208217765476076,0.004297095623958286,0.0,0.0,0.0,-0.01018775525324737,-0.010187706795891316,4.845735605482626e-08,5.0,1.0,1.0
Queue-load-0.20,0.2,610,QP+G,15,15.0,15.0,0.08,0.0,0.06903955338452068,0.6881694665359142,0.061845916250626506,0.004269814436599724,0.0,0.0,0.0,-0.010069653215164879,-0.010069606008245913,4.720691896588358e-08,5.0,1.0,1.0
Queue-load-0.20,0.2,610,QP+G,16,16.0,16.0,0.08,0.0,0.06885971642112847,0.6891800190553494,0.06161080933054159,0.00424250285897731,0.0,0.0,0.0,-0.009952416800129704,-0.00995237116708303,4.563304667470902e-08,5.0,1.0,1.0
Queue-load-0.20,0.2,610,QP+G,17,17.0,17.0,0.08,0.0,0.06867685130292206,0.6901639291504906,0.06137687223813234,0.00421517032813666,0.0,0.0,0.0,-0.009836064661290006,-0.009836020917607602,4.3743682403771245e-08,5.0,1.0,1.0
Queue-load-0.20,0.2,610,QP+G,18,18.0,18.0,0.08,0.0,0.06849106983447693,0.6911226118860879,0.061144119131462324,0.0041878261334005636,0.0,0.0,0.0,-0.009720616217723983,-0.009720574665743609,4.155198037383845e-08,5.0,1.0,1.0
Queue-load-0.20,0.2,610,QP+G,19,19.0,19.0,0.08,0.0,0.06830248464207554,0.6920574265882695,0.06091256302028655,0.004160479400202581,0.0,0.0,0.0,-0.00960609160211333,-0.009606052527980857,3.907413247301872e-08,5.0,1.0,1.0
Queue-load-0.20,0.2,610,QP+G,20,20.0,20.0,0.08,0.0,0.06811120887649831,0.6929696787042378,0.06068221580317694,0.0041331390756589315,0.0,0.0,0.0,-0.009492511588295015,-0.009492475259017308,3.632927770766403e-08,5.0,1.0,1.0
Queue-load-0.20,0.2,610,QP+G,21,21.0,21.0,0.08,0.0,0.06791735593578514,0.6938606216279455,0.06045308830444111,0.004105813915790177,0.0,0.0,0.0,-0.009379897501399347,-0.009379864162208928,3.333919041878519e-08,5.0,1.0,1.0
Queue-load-0.20,0.2,610,QP+G,22,22.0,22.0,0.08,0.0,0.06772103920733685,0.6947314584876502,0.06022519031075988,0.004078512474304293,0.0,0.0,0.0,-0.00926827111373127,-0.009268240987051257,3.012668001352303e-08,5.0,1.0,1.0
Queue-load-0.20,0.2,610,QP+G,23,23.0,23.0,0.08,0.0,0.06752237182869635,0.6955833438918764,0.0599985306074819,0.004051243092853811,0.0,0.0,0.0,-0.009157654533606457,-0.009157627817592218,2.671601423941128e-08,5.0,1.0,1.0
Queue-load-0.20,0.2,610,QP+G,24,24.0,24.0,0.08,0.0,0.06732146646632098,0.6964173856310731,0.059773117014513336,0.004024013892680039,0.0,0.0,0.0,-0.009048070085777817,-0.00904804695442385,2.31313539676703e-08,5.0,1.0,1.0
Queue-load-0.20,0.2,610,QP+G,25,25.0,25.0,0.08,0.0,0.06711843511164388,0.6972346463326834,0.05954895642174968,0.003996832767559314,0.0,0.0,0.0,-0.008939540190782382,-0.008939520792146105,1.9398636277173642e-08,5.0,1.0,1.0
Queue-load-0.20,0.2,610,noG,1,1.0,0.0,0.08,0.0,0.0,0.0,0.0652492667914058,0.0,0.0,0.0,0.0,-0.011794468501393022,-0.011794426791877477,4.1709515544510745e-08,3.0,1.0,0.0
Queue-load-0.20,0.2,610,noG,2,2.0,0.0,0.08,0.0,0.0,0.0,0.0649999995861536,0.0,0.0,0.0,0.0,-0.011666574331593692,-0.011666531409295633,4.292229805955006e-08,3.0,1.0,0.0
Queue-load-0.20,0.2,610,noG,3,3.0,0.0,0.08,0.0,0.0,0.0,0.06475156294303121,0.0,0.0,0.0,0.0,-0.011539335338170729,-0.01153929116910346,4.416906726825709e-08,3.0,1.0,0.0
Queue-load-0.20,0.2,610,noG,4,4.0,0.0,0.08,0.0,0.0,0.0,0.06450399087983678,0.0,0.0,0.0,0.0,-0.01141277082380111,-0.011412725415594682,4.540820642759402e-08,3.0,1.0,0.0
Queue-load-0.20,0.2,610,noG,5,5.0,0.0,0.08,0.0,0.0,0.0,0.06425731578159198,0.0,0.0,0.0,0.0,-0.011286898552568383,-0.01128685195816903,4.6594399352728466e-08,3.0,1.0,0.0
Queue-load-0.20,0.2,610,noG,6,6.0,0.0,0.08,0.0,0.0,0.0,0.0640115684290069,0.0,0.0,0.0,0.0,-0.011161735062183492,-0.011161687377984286,4.768419920551936e-08,3.0,1.0,0.0
Queue-load-0.20,0.2,610,noG,7,7.0,0.0,0.08,0.0,0.0,0.0,0.06376677802851316,0.0,0.0,0.0,0.0,-0.011037295970464102,-0.01103724733703082,4.863343328227743e-08,3.0,1.0,0.0
Queue-load-0.20,0.2,610,noG,8,8.0,0.0,0.08,0.0,0.0,0.0,0.06352297224368607,0.0,0.0,0.0,0.0,-0.010913596280920247,-0.010913546880250813,4.9400669433624644e-08,3.0,1.0,0.0
Queue-load-0.20,0.2,610,noG,9,9.0,0.0,0.08,0.0,0.0,0.0,0.06328017722788992,0.0,0.0,0.0,0.0,-0.010790650671072852,-0.010790600722033972,4.9949038880697794e-08,3.0,1.0,0.0
Queue-load-0.20,0.2,610,noG,10,10.0,0.0,0.08,0.0,0.0,0.0,0.06303841765798061,0.0,0.0,0.0,0.0,-0.0106684737553057,-0.010668423509439418,5.0245866281897755e-08,3.0,1.0,0.0
Queue-load-0.20,0.2,610,noG,11,11.0,0.0,0.08,0.0,0.0,0.0,0.06279771676891358,0.0,0.0,0.0,0.0,-0.010547080318849607,-0.010547030055847006,5.02630026003037e-08,3.0,1.0,0.0
Queue-load-0.20,0.2,610,noG,12,12.0,0.0,0.08,0.0,0.0,0.0,0.06255809638911213,0.0,0.0,0.0,0.0,-0.010426485519747786,-0.010426435540235701,4.997951208451923e-08,3.0,1.0,0.0
Queue-load-0.20,0.2,610,noG,13,13.0,0.0,0.08,0.0,0.0,0.0,0.0623195769764559,0.0,0.0,0.0,0.0,-0.010306705048944586,-0.010306655668593123,4.938035146236086e-08,3.0,1.0,0.0
Queue-load-0.20,0.2,610,noG,14,14.0,0.0,0.08,0.0,0.0,0.0,0.06208217765476076,0.0,0.0,0.0,0.0,-0.01018775525324737,-0.010187706795891316,4.845735605482626e-08,3.0,1.0,0.0
Queue-load-0.20,0.2,610,noG,15,15.0,0.0,0.08,0.0,0.0,0.0,0.061845916250626506,0.0,0.0,0.0,0.0,-0.010069653215164879,-0.010069606008245913,4.720691896588358e-08,3.0,1.0,0.0
Queue-load-0.20,0.2,610,noG,16,16.0,0.0,0.08,0.0,0.0,0.0,0.06161080933054159,0.0,0.0,0.0,0.0,-0.009952416800129704,-0.00995237116708303,4.563304667470902e-08,3.0,1.0,0.0
Queue-load-0.20,0.2,610,noG,17,17.0,0.0,0.08,0.0,0.0,0.0,0.06137687223813234,0.0,0.0,0.0,0.0,-0.009836064661290006,-0.009836020917607602,4.3743682403771245e-08,3.0,1.0,0.0
Queue-load-0.20,0.2,610,noG,18,18.0,0.0,0.08,0.0,0.0,0.0,0.061144119131462324,0.0,0.0,0.0,0.0,-0.009720616217723983,-0.009720574665743609,4.155198037383845e-08,3.0,1.0,0.0
Queue-load-0.20,0.2,610,noG,19,19.0,0.0,0.08,0.0,0.0,0.0,0.06091256302028655,0.0,0.0,0.0,0.0,-0.00960609160211333,-0.009606052527980857,3.907413247301872e-08,3.0,1.0,0.0
Queue-load-0.20,0.2,610,noG,20,20.0,0.0,0.08,0.0,0.0,0.0,0.06068221580317694,0.0,0.0,0.0,0.0,-0.009492511588295015,-0.009492475259017308,3.632927770766403e-08,3.0,1.0,0.0
Queue-load-0.20,0.2,610,noG,21,21.0,0.0,0.08,0.0,0.0,0.0,0.06045308830444111,0.0,0.0,0.0,0.0,-0.009379897501399347,-0.009379864162208928,3.333919041878519e-08,3.0,1.0,0.0
Queue-load-0.20,0.2,610,noG,22,22.0,0.0,0.08,0.0,0.0,0.0,0.06022519031075988,0.0,0.0,0.0,0.0,-0.00926827111373127,-0.009268240987051257,3.012668001352303e-08,3.0,1.0,0.0
Queue-load-0.20,0.2,610,noG,23,23.0,0.0,0.08,0.0,0.0,0.0,0.0599985306074819,0.0,0.0,0.0,0.0,-0.009157654533606457,-0.009157627817592218,2.671601423941128e-08,3.0,1.0,0.0
Queue-load-0.20,0.2,610,noG,24,24.0,0.0,0.08,0.0,0.0,0.0,0.059773117014513336,0.0,0.0,0.0,0.0,-0.009048070085777817,-0.00904804695442385,2.31313539676703e-08,3.0,1.0,0.0
Queue-load-0.20,0.2,610,noG,25,25.0,0.0,0.08,0.0,0.0,0.0,0.05954895642174968,0.0,0.0,0.0,0.0,-0.008939540190782382,-0.008939520792146105,1.9398636277173642e-08,3.0,1.0,0.0
Queue-load-0.20,0.2,610,PPM-3,1,3.0,0.0,0.01,0.0,,,,,,,,,,,,3.0,0.0
Queue-load-0.20,0.2,610,PPM-3,2,6.0,0.0,0.01,0.0,,,,,,,,,,,,3.0,0.0
Queue-load-0.20,0.2,610,PPM-3,3,9.0,0.0,0.01,0.0,,,,,,,,,,,,3.0,0.0
Queue-load-0.20,0.2,610,PPM-3,4,12.0,0.0,0.01,0.0,,,,,,,,,,,,3.0,0.0
Queue-load-0.20,0.2,610,PPM-3,5,15.0,0.0,0.01,0.0,,,,,,,,,,,,3.0,0.0
Queue-load-0.20,0.2,610,PPM-3,6,18.0,0.0,0.01,0.0,,,,,,,,,,,,3.0,0.0
Queue-load-0.20,0.2,610,PPM-3,7,21.0,0.0,0.01,0.0,,,,,,,,,,,,3.0,0.0
Queue-load-0.20,0.2,610,PPM-3,8,24.0,0.0,0.01,0.0,,,,,,,,,,,,3.0,0.0
Queue-load-0.20,0.2,610,PPM-3,9,27.0,0.0,0.01,0.0,,,,,,,,,,,,3.0,0.0
Queue-load-0.20,0.2,610,PPM-3,10,30.0,0.0,0.01,0.0,,,,,,,,,,,,3.0,0.0
Queue-load-0.20,0.2,610,PPM-3,11,33.0,0.0,0.01,0.0,,,,,,,,,,,,3.0,0.0
Queue-load-0.20,0.2,610,PPM-3,12,36.0,0.0,0.01,0.0,,,,,,,,,,,,3.0,0.0
Queue-load-0.20,0.2,610,PPM-3,13,39.0,0.0,0.01,0.0,,,,,,,,,,,,3.0,0.0
Queue-load-0.20,0.2,610,PPM-3,14,42.0,0.0,0.01,0.0,,,,,,,,,,,,3.0,0.0
Queue-load-0.20,0.2,610,PPM-3,15,45.0,0.0,0.01,0.0,,,,,,,,,,,,3.0,0.0
Queue-load-0.20,0.2,610,PPM-3,16,48.0,0.0,0.01,0.0,,,,,,,,,,,,3.0,0.0
Queue-load-0.20,0.2,610,PPM-3,17,51.0,0.0,0.01,0.0,,,,,,,,,,,,3.0,0.0
Queue-load-0.20,0.2,610,PPM-3,18,54.0,0.0,0.01,0.0,,,,,,,,,,,,3.0,0.0
Queue-load-0.20,0.2,610,PPM-3,19,57.0,0.0,0.01,0.0,,,,,,,,,,,,3.0,0.0
Queue-load-0.20,0.2,610,PPM-3,20,60.0,0.0,0.01,0.0,,,,,,,,,,,,3.0,0.0
Queue-load-0.20,0.2,610,PPM-3,21,63.0,0.0,0.01,0.0,,,,,,,,,,,,3.0,0.0
Queue-load-0.20,0.2,610,PPM-3,22,66.0,0.0,0.01,0.0,,,,,,,,,,,,3.0,0.0
Queue-load-0.20,0.2,610,PPM-3,23,69.0,0.0,0.01,0.0,,,,,,,,,,,,3.0,0.0
Queue-load-0.20,0.2,610,PPM-3,24,72.0,0.0,0.01,0.0,,,,,,,,,,,,3.0,0.0
Queue-load-0.20,0.2,610,PPM-3,25,75.0,0.0,0.01,0.0,,,,,,,,,,,,3.0,0.0
Queue-load-0.20,0.2,611,QP+G,1,1.0,1.0,0.08,0.0,0.07538848966076475,0.6273899591378373,0.06504571988380589,0.004903698580937301,0.0,0.0,0.0,-0.010807766395872777,-0.01080783583987488,-6.944400210255608e-08,5.0,1.0,1.0
Queue-load-0.20,0.2,611,QP+G,2,2.0,2.0,0.08,0.0,0.07507957659668829,0.6272007211070236,0.0648000258686318,0.004865158505671324,0.0,0.0,0.0,-0.010666040036087447,-0.010666110013991315,-6.997790386736868e-08,5.0,1.0,1.0
Queue-load-0.20,0.2,611,QP+G,3,3.0,3.0,0.08,0.0,0.0747706632557804,0.6269839070245884,0.06455634188996139,0.004826920500479333,0.0,0.0,0.0,-0.010526307276670364,-0.010526378668665792,-7.139199542822994e-08,5.0,1.0,1.0
Queue-load-0.20,0.2,611,QP+G,4,4.0,4.0,0.08,0.0,0.07446181164167051,0.6267405998762133,0.06431466198166629,0.004788986246276543,0.0,0.0,0.0,-0.010388561290462443,-0.010388634794594953,-7.350413250978294e-08,5.0,1.0,1.0
Queue-load-0.20,0.2,611,QP+G,5,5.0,5.0,0.08,0.0,0.07415308305471867,0.6264718596393029,0.06407497945145049,0.0047513572729928006,0.0,0.0,0.0,-0.010252799070731042,-0.010252875204939116,-7.613420807336957e-08,5.0,1.0,1.0
Queue-load-0.20,0.2,611,QP+G,6,6.0,6.0,0.08,0.0,0.07384453802281561,0.6261787236183863,0.06383728691419085,0.004714034960808356,0.0,0.0,0.0,-0.010119020258415231,-0.010119099366255213,-7.910783998178739e-08,5.0,1.0,1.0
Queue-load-0.20,0.2,611,QP+G,7,7.0,7.0,0.08,0.0,0.07353623623703232,0.6258622067973791,0.06360157632449037,0.004677020541645365,0.0,0.0,0.0,-0.009987226032871869,-0.009987308292748853,-8.225987698472215e-08,5.0,1.0,1.0
Queue-load-0.20,0.2,611,QP+G,8,8.0,8.0,0.08,0.0,0.07322823649206958,0.6255233022060978,0.06336783900843135,0.004640315100900802,0.0,0.0,0.0,-0.009857418089719417,-0.009857503530693812,-8.544097439451559e-08,5.0,1.0,1.0
Queue-load-0.20,0.2,611,QP+G,9,9.0,9.0,0.08,0.0,0.07292059663144827,0.6251629812985424,0.06313606569452386,0.0046039195794069935,0.0,0.0,0.0,-0.009729597737365085,-0.009729686256905179,-8.851954009375662e-08,5.0,1.0,1.0
Queue-load-0.20,0.2,611,QP+G,10,10.0,10.0,0.08,0.0,0.07261337349735743,0.6247821943407078,0.06290624654384036,0.0045678347756047295,0.0,0.0,0.0,-0.009603765124889621,-0.009603856509477371,-9.1384587749474e-08,5.0,1.0,1.0
Queue-load-0.20,0.2,611,QP+G,11,11.0,11.0,0.08,0.0,0.07230662288506665,0.6243818708057236,0.06267837117933461,0.004532061347914377,0.0,0.0,0.0,-0.009479918614870976,-0.009480012562856466,-9.394798549007544e-08,5.0,1.0,1.0
Queue-load-0.20,0.2,611,QP+G,12,12.0,12.0,0.08,0.0,0.07200039950180069,0.6239629197743646,0.06245242871434261,0.004496599817290397,0.0,0.0,0.0,-0.009358054307745018,-0.009358150451885372,-9.614414035394314e-08,5.0,1.0,1.0
Queue-load-0.20,0.2,611,QP+G,13,13.0,13.0,0.08,0.0,0.071694756929952,0.6235262303390441,0.06222840778026664,0.004461450569944151,0.0,0.0,0.0,-0.009238165713776583,-0.009238263642461053,-9.792868447058845e-08,5.0,1.0,1.0
Queue-load-0.20,0.2,611,QP+G,14,14.0,14.0,0.08,0.0,0.07138974759450703,0.623072672009573,0.062006296553441836,0.004426613860220364,0.0,0.0,0.0,-0.009120243561319007,-0.009120342839767925,-9.927844891836901e-08,5.0,1.0,1.0
Queue-load-0.20,0.2,611,QP+G,15,15.0,15.0,0.08,0.0,0.07108542273455168,0.6226030951191343,0.06178608278119298,0.0043920898136131075,0.0,0.0,0.0,-0.009004275732475975,-0.009004375920066643,-1.0018759066809935e-07,5.0,1.0,1.0
Queue-load-0.20,0.2,611,QP+G,16,16.0,16.0,0.08,0.0,0.07078183237870753,0.6221183312289426,0.06156775380708336,0.004357878429906507,0.0,0.0,0.0,-0.00889024730361676,-0.008890347968164125,-1.0066454736445962e-07,5.0,1.0,1.0
Queue-load-0.20,0.2,611,QP+G,17,17.0,17.0,0.08,0.0,0.0704790253243552,0.6216191935303346,0.06135129659536307,0.00432397958642662,0.0,0.0,0.0,-0.008778140670266943,-0.008778241400547504,-1.0073028056112321e-07,5.0,1.0,1.0
Queue-load-0.20,0.2,611,QP+G,18,18.0,18.0,0.08,0.0,0.07017704912048568,0.6211064772430043,0.061136697754626185,0.004290393041390689,0.0,0.0,0.0,-0.008667935739661046,-0.008668036153943515,-1.0041428246884698e-07,5.0,1.0,1.0
Queue-load-0.20,0.2,611,QP+G,19,19.0,19.0,0.08,0.0,0.06987595005402605,0.620580960008315,0.06092394356068451,0.004257118437340693,0.0,0.0,0.0,-0.00855961016830806,-0.008559709919655933,-9.975134787273965e-08,5.0,1.0,1.0
Queue-load-0.20,0.2,611,QP+G,20,20.0,20.0,0.08,0.0,0.06957577313947491,0.6200434022766833,0.06071301997866767,0.00422415530464819,0.0,0.0,0.0,-0.008453139625486846,-0.008453238405894847,-9.878040800083421e-08,5.0,1.0,1.0
Queue-load-0.20,0.2,611,QP+G,21,21.0,21.0,0.08,0.0,0.06927656211168863,0.6194945476881334,0.060503912684362476,0.004191503065078423,0.0,0.0,0.0,-0.008348498071610125,-0.008348595612847731,-9.754123760606637e-08,5.0,1.0,1.0
Queue-load-0.20,0.2,611,QP+G,22,22.0,22.0,0.08,0.0,0.0689783594216545,0.6189351234452152,0.060296607084802716,0.004159161035401801,0.0,0.0,0.0,-0.00824565803550343,-0.008245754108148429,-9.607264499916779e-08,5.0,1.0,1.0
Queue-load-0.20,0.2,611,QP+G,23,23.0,23.0,0.08,0.0,0.06868120623508478,0.6183658406775987,0.06009108833812112,0.004127128431041195,0.0,0.0,0.0,-0.008144590879754806,-0.00814468529282486,-9.44130700546858e-08,5.0,1.0,1.0
Queue-load-0.20,0.2,611,QP+G,24,24.0,24.0,0.08,0.0,0.06838514243367401,0.6177873947977233,0.059887341372679995,0.0040954043697447795,0.0,0.0,0.0,-0.008045267054462476,-0.008045359651183137,-9.259672066087854e-08,5.0,1.0,1.0
Queue-load-0.20,0.2,611,QP+G,25,25.0,25.0,0.08,0.0,0.06809020661885391,0.6172004658469301,0.05968535090549065,0.004063987875273658,0.0,0.0,0.0,-0.007947656323537246,-0.007947746979625414,-9.065608816763437e-08,5.0,1.0,1.0
Queue-load-0.20,0.2,611,noG,1,1.0,0.0,0.08,0.0,0.0,0.0,0.06504571988380589,0.0,0.0,0.0,0.0,-0.010807766395872777,-0.01080783583987488,-6.944400210255608e-08,3.0,1.0,0.0
Queue-load-0.20,0.2,611,noG,2,2.0,0.0,0.08,0.0,0.0,0.0,0.0648000258686318,0.0,0.0,0.0,0.0,-0.010666040036087447,-0.010666110013991315,-6.997790386736868e-08,3.0,1.0,0.0
Queue-load-0.20,0.2,611,noG,3,3.0,0.0,0.08,0.0,0.0,0.0,0.06455634188996139,0.0,0.0,0.0,0.0,-0.010526307276670364,-0.010526378668665792,-7.139199542822994e-08,3.0,1.0,0.0
Queue-load-0.20,0.2,611,noG,4,4.0,0.0,0.08,0.0,0.0,0.0,0.06431466198166629,0.0,0.0,0.0,0.0,-0.010388561290462443,-0.010388634794594953,-7.350413250978294e-08,3.0,1.0,0.0
Queue-load-0.20,0.2,611,noG,5,5.0,0.0,0.08,0.0,0.0,0.0,0.06407497945145049,0.0,0.0,0.0,0.0,-0.010252799070731042,-0.010252875204939116,-7.613420807336957e-08,3.0,1.0,0.0
Queue-load-0.20,0.2,611,noG,6,6.0,0.0,0.08,0.0,0.0,0.0,0.06383728691419085,0.0,0.0,0.0,0.0,-0.010119020258415231,-0.010119099366255213,-7.910783998178739e-08,3.0,1.0,0.0
Queue-load-0.20,0.2,611,noG,7,7.0,0.0,0.08,0.0,0.0,0.0,0.06360157632449037,0.0,0.0,0.0,0.0,-0.009987226032871869,-0.009987308292748853,-8.225987698472215e-08,3.0,1.0,0.0
Queue-load-0.20,0.2,611,noG,8,8.0,0.0,0.08,0.0,0.0,0.0,0.06336783900843135,0.0,0.0,0.0,0.0,-0.009857418089719417,-0.009857503530693812,-8.544097439451559e-08,3.0,1.0,0.0
Queue-load-0.20,0.2,611,noG,9,9.0,0.0,0.08,0.0,0.0,0.0,0.06313606569452386,0.0,0.0,0.0,0.0,-0.009729597737365085,-0.009729686256905179,-8.851954009375662e-08,3.0,1.0,0.0
Queue-load-0.20,0.2,611,noG,10,10.0,0.0,0.08,0.0,0.0,0.0,0.06290624654384036,0.0,0.0,0.0,0.0,-0.009603765124889621,-0.009603856509477371,-9.1384587749474e-08,3.0,1.0,0.0
Queue-load-0.20,0.2,611,noG,11,11.0,0.0,0.08,0.0,0.0,0.0,0.06267837117933461,0.0,0.0,0.0,0.0,-0.009479918614870976,-0.009480012562856466,-9.394798549007544e-08,3.0,1.0,0.0
Queue-load-0.20,0.2,611,noG,12,12.0,0.0,0.08,0.0,0.0,0.0,0.06245242871434261,0.0,0.0,0.0,0.0,-0.009358054307745018,-0.009358150451885372,-9.614414035394314e-08,3.0,1.0,0.0
Queue-load-0.20,0.2,611,noG,13,13.0,0.0,0.08,0.0,0.0,0.0,0.06222840778026664,0.0,0.0,0.0,0.0,-0.009238165713776583,-0.009238263642461053,-9.792868447058845e-08,3.0,1.0,0.0
Queue-load-0.20,0.2,611,noG,14,14.0,0.0,0.08,0.0,0.0,0.0,0.062006296553441836,0.0,0.0,0.0,0.0,-0.009120243561319007,-0.009120342839767925,-9.927844891836901e-08,3.0,1.0,0.0
Queue-load-0.20,0.2,611,noG,15,15.0,0.0,0.08,0.0,0.0,0.0,0.06178608278119298,0.0,0.0,0.0,0.0,-0.009004275732475975,-0.009004375920066643,-1.0018759066809935e-07,3.0,1.0,0.0
Queue-load-0.20,0.2,611,noG,16,16.0,0.0,0.08,0.0,0.0,0.0,0.06156775380708336,0.0,0.0,0.0,0.0,-0.00889024730361676,-0.008890347968164125,-1.0066454736445962e-07,3.0,1.0,0.0
Queue-load-0.20,0.2,611,noG,17,17.0,0.0,0.08,0.0,0.0,0.0,0.06135129659536307,0.0,0.0,0.0,0.0,-0.008778140670266943,-0.008778241400547504,-1.0073028056112321e-07,3.0,1.0,0.0
Queue-load-0.20,0.2,611,noG,18,18.0,0.0,0.08,0.0,0.0,0.0,0.061136697754626185,0.0,0.0,0.0,0.0,-0.008667935739661046,-0.008668036153943515,-1.0041428246884698e-07,3.0,1.0,0.0
Queue-load-0.20,0.2,611,noG,19,19.0,0.0,0.08,0.0,0.0,0.0,0.06092394356068451,0.0,0.0,0.0,0.0,-0.00855961016830806,-0.008559709919655933,-9.975134787273965e-08,3.0,1.0,0.0
Queue-load-0.20,0.2,611,noG,20,20.0,0.0,0.08,0.0,0.0,0.0,0.06071301997866767,0.0,0.0,0.0,0.0,-0.008453139625486846,-0.008453238405894847,-9.878040800083421e-08,3.0,1.0,0.0
Queue-load-0.20,0.2,611,noG,21,21.0,0.0,0.08,0.0,0.0,0.0,0.060503912684362476,0.0,0.0,0.0,0.0,-0.008348498071610125,-0.008348595612847731,-9.754123760606637e-08,3.0,1.0,0.0
Queue-load-0.20,0.2,611,noG,22,22.0,0.0,0.08,0.0,0.0,0.0,0.060296607084802716,0.0,0.0,0.0,0.0,-0.00824565803550343,-0.008245754108148429,-9.607264499916779e-08,3.0,1.0,0.0
Queue-load-0.20,0.2,611,noG,23,23.0,0.0,0.08,0.0,0.0,0.0,0.06009108833812112,0.0,0.0,0.0,0.0,-0.008144590879754806,-0.00814468529282486,-9.44130700546858e-08,3.0,1.0,0.0
Queue-load-0.20,0.2,611,noG,24,24.0,0.0,0.08,0.0,0.0,0.0,0.059887341372679995,0.0,0.0,0.0,0.0,-0.008045267054462476,-0.008045359651183137,-9.259672066087854e-08,3.0,1.0,0.0
Queue-load-0.20,0.2,611,noG,25,25.0,0.0,0.08,0.0,0.0,0.0,0.05968535090549065,0.0,0.0,0.0,0.0,-0.007947656323537246,-0.007947746979625414,-9.065608816763437e-08,3.0,1.0,0.0
Queue-load-0.20,0.2,611,PPM-3,1,3.0,0.0,0.01,0.0,,,,,,,,,,,,3.0,0.0
Queue-load-0.20,0.2,611,PPM-3,2,6.0,0.0,0.01,0.0,,,,,,,,,,,,3.0,0.0
Queue-load-0.20,0.2,611,PPM-3,3,9.0,0.0,0.01,0.0,,,,,,,,,,,,3.0,0.0
Queue-load-0.20,0.2,611,PPM-3,4,12.0,0.0,0.01,0.0,,,,,,,,,,,,3.0,0.0
Queue-load-0.20,0.2,611,PPM-3,5,15.0,0.0,0.01,0.0,,,,,,,,,,,,3.0,0.0
Queue-load-0.20,0.2,611,PPM-3,6,18.0,0.0,0.01,0.0,,,,,,,,,,,,3.0,0.0
Queue-load-0.20,0.2,611,PPM-3,7,21.0,0.0,0.01,0.0,,,,,,,,,,,,3.0,0.0
Queue-load-0.20,0.2,611,PPM-3,8,24.0,0.0,0.01,0.0,,,,,,,,,,,,3.0,0.0
Queue-load-0.20,0.2,611,PPM-3,9,27.0,0.0,0.01,0.0,,,,,,,,,,,,3.0,0.0
Queue-load-0.20,0.2,611,PPM-3,10,30.0,0.0,0.01,0.0,,,,,,,,,,,,3.0,0.0
Queue-load-0.20,0.2,611,PPM-3,11,33.0,0.0,0.01,0.0,,,,,,,,,,,,3.0,0.0
Queue-load-0.20,0.2,611,PPM-3,12,36.0,0.0,0.01,0.0,,,,,,,,,,,,3.0,0.0
Queue-load-0.20,0.2,611,PPM-3,13,39.0,0.0,0.01,0.0,,,,,,,,,,,,3.0,0.0
Queue-load-0.20,0.2,611,PPM-3,14,42.0,0.0,0.01,0.0,,,,,,,,,,,,3.0,0.0
Queue-load-0.20,0.2,611,PPM-3,15,45.0,0.0,0.01,0.0,,,,,,,,,,,,3.0,0.0
Queue-load-0.20,0.2,611,PPM-3,16,48.0,0.0,0.01,0.0,,,,,,,,,,,,3.0,0.0
Queue-load-0.20,0.2,611,PPM-3,17,51.0,0.0,0.01,0.0,,,,,,,,,,,,3.0,0.0
Queue-load-0.20,0.2,611,PPM-3,18,54.0,0.0,0.01,0.0,,,,,,,,,,,,3.0,0.0
Queue-load-0.20,0.2,611,PPM-3,19,57.0,0.0,0.01,0.0,,,,,,,,,,,,3.0,0.0
Queue-load-0.20,0.2,611,PPM-3,20,60.0,0.0,0.01,0.0,,,,,,,,,,,,3.0,0.0
Queue-load-0.20,0.2,611,PPM-3,21,63.0,0.0,0.01,0.0,,,,,,,,,,,,3.0,0.0
Queue-load-0.20,0.2,611,PPM-3,22,66.0,0.0,0.01,0.0,,,,,,,,,,,,3.0,0.0
Queue-load-0.20,0.2,611,PPM-3,23,69.0,0.0,0.01,0.0,,,,,,,,,,,,3.0,0.0
Queue-load-0.20,0.2,611,PPM-3,24,72.0,0.0,0.01,0.0,,,,,,,,,,,,3.0,0.0
Queue-load-0.20,0.2,611,PPM-3,25,75.0,0.0,0.01,0.0,,,,,,,,,,,,3.0,0.0
Queue-load-0.45,0.45,600,QP+G,1,1.0,1.0,0.08,0.0,0.20548219714282992,0.5512027005267404,0.23025272204894676,0.0473128352247349,0.0,0.0,0.0,-0.034631495389497106,-0.034632862853005264,-1.3674635081575848e-06,5.0,1.0,1.0
Queue-load-0.45,0.45,600,QP+G,2,2.0,2.0,0.08,0.0,0.20620200878638056,0.5594059381724343,0.22814257863386006,0.04704345800400673,0.0,0.0,0.0,-0.03351588025162419,-0.033520264657779464,-4.384406155272247e-06,5.0,1.0,1.0
Queue-load-0.45,0.45,600,QP+G,3,3.0,3.0,0.08,0.0,0.20676917023971098,0.566614351140445,0.2260161166639436,0.04673316490340533,0.0,0.0,0.0,-0.032446268094332216,-0.032452200443560564,-5.9323492283477886e-06,5.0,1.0,1.0
Queue-load-0.45,0.45,600,QP+G,4,4.0,4.0,0.08,0.0,0.2071826863024871,0.5729092713177079,0.22387913453230682,0.04638388049947923,0.0,0.0,0.0,-0.03143278120267823,-0.031438917277203604,-6.13607452537579e-06,5.0,1.0,1.0
Queue-load-0.45,0.45,600,QP+G,5,5.0,5.0,0.08,0.0,0.20744313749180554,0.5783666003617813,0.22173703177948648,0.04599782557045687,0.0,0.0,0.0,-0.030476890700755398,-0.030482392438385908,-5.501737630510262e-06,5.0,1.0,1.0
Queue-load-0.45,0.45,600,QP+G,6,6.0,6.0,0.08,0.0,0.2075524782727612,0.5830569617449749,0.21959480474951418,0.04557744594158478,0.0,0.0,0.0,-0.02957502247368361,-0.029579537602256956,-4.5151285733464885e-06,5.0,1.0,1.0
Queue-load-0.45,0.45,600,QP+G,7,7.0,7.0,0.08,0.0,0.20751384921816807,0.5870459151087117,0.21745704713686598,0.045125348890987675,0.0,0.0,0.0,-0.028721558810766743,-0.02872502730561033,-3.468494843585773e-06,5.0,1.0,1.0
Queue-load-0.45,0.45,600,QP+G,8,8.0,8.0,0.08,0.0,0.20733140306318043,0.590394206541455,0.21532795479798214,0.04464424698699073,0.0,0.0,0.0,-0.027910494750262617,-0.027912987218564833,-2.492468302216222e-06,5.0,1.0,1.0
Queue-load-0.45,0.45,600,QP+G,9,9.0,9.0,0.08,0.0,0.2070101443713213,0.5931580359349093,0.2132113342183691,0.04413690907814662,0.0,0.0,0.0,-0.027136147907877748,-0.027137779098544534,-1.6311906667863807e-06,5.0,1.0,1.0
Queue-load-0.45,0.45,600,QP+G,10,10.0,10.0,0.08,0.0,0.2065557823919539,0.5953893282684974,0.2111106140528595,0.043606118056934214,0.0,0.0,0.0,-0.02639340643741495,-0.02639429791882808,-8.914814131309734e-07,5.0,1.0,1.0
Queue-load-0.45,0.45,600,QP+G,11,11.0,11.0,0.08,0.0,0.2059745966213454,0.5971359999116033,0.20902885919031872,0.0430546349539459,0.0,0.0,0.0,-0.0256777826238815,-0.02567804761609338,-2.649922118784509e-07,5.0,1.0,1.0
Queue-load-0.45,0.45,600,QP+G,12,12.0,12.0,0.08,0.0,0.20527331454913406,0.5984422141497503,0.20696878683283718,0.04248516888138966,0.0,0.0,0.0,-0.02498538158857342,-0.024985118231887427,2.6335668599358764e-07,5.0,1.0,1.0
Queue-load-0.45,0.45,600,QP+G,13,13.0,13.0,0.08,0.0,0.20445900105884682,0.5993486224062101,0.20493278412169424,0.04190035232572991,0.0,0.0,0.0,-0.024312826643274242,-0.024312114729131196,7.119141430464437e-07,5.0,1.0,1.0
Queue-load-0.45,0.45,600,QP+G,14,14.0,14.0,0.08,0.0,0.20353895894296112,0.5998925892595326,0.2029229268865334,0.041302721284143626,0.0,0.0,0.0,-0.023657161100205906,-0.0236560608605334,1.1002396725044716e-06,5.0,1.0,1.0
Queue-load-0.45,0.45,600,QP+G,15,15.0,15.0,0.08,0.0,0.2025206399836019,0.6001084005157789,0.2009409991390829,0.040694699744591466,0.0,0.0,0.0,-0.02301574059632038,-0.02301429331752125,1.447278799127788e-06,5.0,1.0,1.0
Queue-load-0.45,0.45,600,QP+G,16,16.0,16.0,0.08,0.0,0.20141156603731827,0.6000274544076901,0.1989885129773143,0.0400785880221981,0.0,0.0,0.0,-0.0223861290551418,-0.022384359725262648,1.7693298791504608e-06,5.0,1.0,1.0
Queue-load-0.45,0.45,600,QP+G,17,17.0,17.0,0.08,0.0,0.20021925954678188,0.5996784365551374,0.19706672860928545,0.03945655448345775,0.0,0.0,0.0,-0.021766012531014844,-0.02176393489634476,2.0776346700834836e-06,5.0,1.0,1.0
Queue-load-0.45,0.45,600,QP+G,18,18.0,18.0,0.08,0.0,0.19895118288565156,0.5990874797009651,0.19517667424740429,0.03883063021320857,0.0,0.0,0.0,-0.021153146944360064,-0.021150771197600893,2.375746759170766e-06,5.0,1.0,1.0
Queue-load-0.45,0.45,600,QP+G,19,19.0,19.0,0.08,0.0,0.19761468592752093,0.5982783094839198,0.19331916566294438,0.03820270620625314,0.0,0.0,0.0,-0.02054535602845902,-0.020542698826830907,2.6572016281131705e-06,5.0,1.0,1.0
Queue-load-0.45,0.45,600,QP+G,20,20.0,20.0,0.08,0.0,0.19621696121822182,0.5972723776618937,0.19149482522691783,0.037574532695040304,0.0,0.0,0.0,-0.019940592458500307,-0.01993768818707853,2.9042714217789034e-06,5.0,1.0,1.0
Queue-load-0.45,0.45,600,QP+G,21,21.0,21.0,0.08,0.0,0.1947650061245925,0.5960889842796436,0.18970410029667858,0.036947720256142916,0.0,0.0,0.0,-0.019337066796862125,-0.019333978139589814,3.0886572723112793e-06,5.0,1.0,1.0
Queue-load-0.45,0.45,600,QP+G,22,22.0,22.0,0.08,0.0,0.19326559133373009,0.5947453903041185,0.18794728083770484,0.036323742370665664,0.0,0.0,0.0,-0.0187334355331349,-0.018730260702230606,3.1748309042949063e-06,5.0,1.0,1.0
Queue-load-0.45,0.45,600,QP+G,23,23.0,23.0,0.08,0.0,0.19172523508526687,0.5932569222398014,0.1862245161968426,0.035703939146479735,0.0,0.0,0.0,-0.01812902247563475,-0.018125896178111667,3.126297523081689e-06,5.0,1.0,1.0
Queue-load-0.45,0.45,600,QP+G,24,24.0,24.0,0.08,0.0,0.19015018253567936,0.5916370701949656,0.18453583096697562,0.03508952194274369,0.0,0.0,0.0,-0.01752403027250191,-0.017521115988457847,2.914284044062271e-06,5.0,1.0,1.0
Queue-load-0.45,0.45,600,QP+G,25,25.0,25.0,0.08,0.0,0.18854638967759718,0.5898975808038734,0.18288113990367827,0.03448157866896209,0.0,0.0,0.0,-0.016919686158382637,-0.016917158886866623,2.5272715160132297e-06,5.0,1.0,1.0
Queue-load-0.45,0.45,600,noG,1,1.0,0.0,0.08,0.0,0.0,0.0,0.23025272204894676,0.0,0.0,0.0,0.0,-0.034631495389497106,-0.034632862853005264,-1.3674635081575848e-06,3.0,1.0,0.0
Queue-load-0.45,0.45,600,noG,2,2.0,0.0,0.08,0.0,0.0,0.0,0.22814257863386006,0.0,0.0,0.0,0.0,-0.03351588025162419,-0.033520264657779464,-4.384406155272247e-06,3.0,1.0,0.0
Queue-load-0.45,0.45,600,noG,3,3.0,0.0,0.08,0.0,0.0,0.0,0.2260161166639436,0.0,0.0,0.0,0.0,-0.032446268094332216,-0.032452200443560564,-5.9323492283477886e-06,3.0,1.0,0.0
Queue-load-0.45,0.45,600,noG,4,4.0,0.0,0.08,0.0,0.0,0.0,0.22387913453230682,0.0,0.0,0.0,0.0,-0.03143278120267823,-0.031438917277203604,-6.13607452537579e-06,3.0,1.0,0.0
Queue-load-0.45,0.45,600,noG,5,5.0,0.0,0.08,0.0,0.0,0.0,0.22173703177948648,0.0,0.0,0.0,0.0,-0.030476890700755398,-0.030482392438385908,-5.501737630510262e-06,3.0,1.0,0.0
Queue-load-0.45,0.45,600,noG,6,6.0,0.0,0.08,0.0,0.0,0.0,0.21959480474951418,0.0,0.0,0.0,0.0,-0.02957502247368361,-0.029579537602256956,-4.5151285733464885e-06,3.0,1.0,0.0
Queue-load-0.45,0.45,600,noG,7,7.0,0.0,0.08,0.0,0.0,0.0,0.21745704713686598,0.0,0.0,0.0,0.0,-0.028721558810766743,-0.02872502730561033,-3.468494843585773e-06,3.0,1.0,0.0
Queue-load-0.45,0.45,600,noG,8,8.0,0.0,0.08,0.0,0.0,0.0,0.21532795479798214,0.0,0.0,0.0,0.0,-0.027910494750262617,-0.027912987218564833,-2.492468302216222e-06,3.0,1.0,0.0
Queue-load-0.45,0.45,600,noG,9,9.0,0.0,0.08,0.0,0.0,0.0,0.2132113342183691,0.0,0.0,0.0,0.0,-0.027136147907877748,-0.027137779098544534,-1.6311906667863807e-06,3.0,1.0,0.0
Queue-load-0.45,0.45,600,noG,10,10.0,0.0,0.08,0.0,0.0,0.0,0.2111106140528595,0.0,0.0,0.0,0.0,-0.02639340643741495,-0.02639429791882808,-8.914814131309734e-07,3.0,1.0,0.0
Queue-load-0.45,0.45,600,noG,11,11.0,0.0,0.08,0.0,0.0,0.0,0.20902885919031872,0.0,0.0,0.0,0.0,-0.0256777826238815,-0.02567804761609338,-2.649922118784509e-07,3.0,1.0,0.0
Queue-load-0.45,0.45,600,noG,12,12.0,0.0,0.08,0.0,0.0,0.0,0.20696878683283718,0.0,0.0,0.0,0.0,-0.02498538158857342,-0.024985118231887427,2.6335668599358764e-07,3.0,1.0,0.0
Queue-load-0.45,0.45,600,noG,13,13.0,0.0,0.08,0.0,0.0,0.0,0.20493278412169424,0.0,0.0,0.0,0.0,-0.024312826643274242,-0.024312114729131196,7.119141430464437e-07,3.0,1.0,0.0
Queue-load-0.45,0.45,600,noG,14,14.0,0.0,0.08,0.0,0.0,0.0,0.2029229268865334,0.0,0.0,0.0,0.0,-0.023657161100205906,-0.0236560608605334,1.1002396725044716e-06,3.0,1.0,0.0
Queue-load-0.45,0.45,600,noG,15,15.0,0.0,0.08,0.0,0.0,0.0,0.2009409991390829,0.0,0.0,0.0,0.0,-0.02301574059632038,-0.02301429331752125,1.447278799127788e-06,3.0,1.0,0.0
Queue-load-0.45,0.45,600,noG,16,16.0,0.0,0.08,0.0,0.0,0.0,0.1989885129773143,0.0,0.0,0.0,0.0,-0.0223861290551418,-0.022384359725262648,1.7693298791504608e-06,3.0,1.0,0.0
Queue-load-0.45,0.45,600,noG,17,17.0,0.0,0.08,0.0,0.0,0.0,0.19706672860928545,0.0,0.0,0.0,0.0,-0.021766012531014844,-0.02176393489634476,2.0776346700834836e-06,3.0,1.0,0.0
Queue-load-0.45,0.45,600,noG,18,18.0,0.0,0.08,0.0,0.0,0.0,0.19517667424740429,0.0,0.0,0.0,0.0,-0.021153146944360064,-0.021150771197600893,2.375746759170766e-06,3.0,1.0,0.0
Queue-load-0.45,0.45,600,noG,19,19.0,0.0,0.08,0.0,0.0,0.0,0.19331916566294438,0.0,0.0,0.0,0.0,-0.02054535602845902,-0.020542698826830907,2.6572016281131705e-06,3.0,1.0,0.0
Queue-load-0.45,0.45,600,noG,20,20.0,0.0,0.08,0.0,0.0,0.0,0.19149482522691783,0.0,0.0,0.0,0.0,-0.019940592458500307,-0.01993768818707853,2.9042714217789034e-06,3.0,1.0,0.0
Queue-load-0.45,0.45,600,noG,21,21.0,0.0,0.08,0.0,0.0,0.0,0.18970410029667858,0.0,0.0,0.0,0.0,-0.019337066796862125,-0.019333978139589814,3.0886572723112793e-06,3.0,1.0,0.0
Queue-load-0.45,0.45,600,noG,22,22.0,0.0,0.08,0.0,0.0,0.0,0.18794728083770484,0.0,0.0,0.0,0.0,-0.0187334355331349,-0.018730260702230606,3.1748309042949063e-06,3.0,1.0,0.0
Queue-load-0.45,0.45,600,noG,23,23.0,0.0,0.08,0.0,0.0,0.0,0.1862245161968426,0.0,0.0,0.0,0.0,-0.01812902247563475,-0.018125896178111667,3.126297523081689e-06,3.0,1.0,0.0
Queue-load-0.45,0.45,600,noG,24,24.0,0.0,0.08,0.0,0.0,0.0,0.18453583096697562,0.0,0.0,0.0,0.0,-0.01752403027250191,-0.017521115988457847,2.914284044062271e-06,3.0,1.0,0.0
Queue-load-0.45,0.45,600,noG,25,25.0,0.0,0.08,0.0,0.0,0.0,0.18288113990367827,0.0,0.0,0.0,0.0,-0.016919686158382637,-0.016917158886866623,2.5272715160132297e-06,3.0,1.0,0.0
Queue-load-0.45,0.45,600,PPM-3,1,3.0,0.0,0.01,0.0,,,,,,,,,,,,3.0,0.0
Queue-load-0.45,0.45,600,PPM-3,2,6.0,0.0,0.01,0.0,,,,,,,,,,,,3.0,0.0
Queue-load-0.45,0.45,600,PPM-3,3,9.0,0.0,0.01,0.0,,,,,,,,,,,,3.0,0.0
Queue-load-0.45,0.45,600,PPM-3,4,12.0,0.0,0.01,0.0,,,,,,,,,,,,3.0,0.0
Queue-load-0.45,0.45,600,PPM-3,5,15.0,0.0,0.01,0.0,,,,,,,,,,,,3.0,0.0
Queue-load-0.45,0.45,600,PPM-3,6,18.0,0.0,0.01,0.0,,,,,,,,,,,,3.0,0.0
Queue-load-0.45,0.45,600,PPM-3,7,21.0,0.0,0.01,0.0,,,,,,,,,,,,3.0,0.0
Queue-load-0.45,0.45,600,PPM-3,8,24.0,0.0,0.01,0.0,,,,,,,,,,,,3.0,0.0
Queue-load-0.45,0.45,600,PPM-3,9,27.0,0.0,0.01,0.0,,,,,,,,,,,,3.0,0.0
Queue-load-0.45,0.45,600,PPM-3,10,30.0,0.0,0.01,0.0,,,,,,,,,,,,3.0,0.0
Queue-load-0.45,0.45,600,PPM-3,11,33.0,0.0,0.01,0.0,,,,,,,,,,,,3.0,0.0
Queue-load-0.45,0.45,600,PPM-3,12,36.0,0.0,0.01,0.0,,,,,,,,,,,,3.0,0.0
Queue-load-0.45,0.45,600,PPM-3,13,39.0,0.0,0.01,0.0,,,,,,,,,,,,3.0,0.0
Queue-load-0.45,0.45,600,PPM-3,14,42.0,0.0,0.01,0.0,,,,,,,,,,,,3.0,0.0
Queue-load-0.45,0.45,600,PPM-3,15,45.0,0.0,0.01,0.0,,,,,,,,,,,,3.0,0.0
Queue-load-0.45,0.45,600,PPM-3,16,48.0,0.0,0.01,0.0,,,,,,,,,,,,3.0,0.0
Queue-load-0.45,0.45,600,PPM-3,17,51.0,0.0,0.01,0.0,,,,,,,,,,,,3.0,0.0
Queue-load-0.45,0.45,600,PPM-3,18,54.0,0.0,0.01,0.0,,,,,,,,,,,,3.0,0.0
Queue-load-0.45,0.45,600,PPM-3,19,57.0,0.0,0.01,0.0,,,,,,,,,,,,3.0,0.0
Queue-load-0.45,0.45,600,PPM-3,20,60.0,0.0,0.01,0.0,,,,,,,,,,,,3.0,0.0
Queue-load-0.45,0.45,600,PPM-3,21,63.0,0.0,0.01,0.0,,,,,,,,,,,,3.0,0.0
Queue-load-0.45,0.45,600,PPM-3,22,66.0,0.0,0.01,0.0,,,,,,,,,,,,3.0,0.0
Queue-load-0.45,0.45,600,PPM-3,23,69.0,0.0,0.01,0.0,,,,,,,,,,,,3.0,0.0
Queue-load-0.45,0.45,600,PPM-3,24,72.0,0.0,0.01,0.0,,,,,,,,,,,,3.0,0.0
Queue-load-0.45,0.45,600,PPM-3,25,75.0,0.0,0.01,0.0,,,,,,,,,,,,3.0,0.0
Queue-load-0.45,0.45,601,QP+G,1,1.0,1.0,0.08,0.12,0.1963825781257145,0.12483574706585944,0.23174885833368422,0.04551143827725988,1.0,0.0,0.0,-0.030405039358532726,-0.030503796495899405,-9.875713736667846e-05,5.0,1.0,1.0
Queue-load-0.45,0.45,601,QP+G,2,2.0,2.0,0.08,0.12,0.19592046903282836,0.13540344834629897,0.23152951895400867,0.045361371948414504,1.0,0.0,0.0,-0.029771346144790378,-0.029872825369860134,-0.00010147922506975604,5.0,1.0,1.0
Queue-load-0.45,0.45,601,QP+G,3,3.0,3.0,0.08,0.12,0.19543135691607688,0.14687309771567336,0.23126897102728242,0.04519720882044667,1.0,0.0,0.0,-0.029135718579435817,-0.029238918834001648,-0.00010320025456583143,5.0,1.0,1.0
Queue-load-0.45,0.45,601,QP+G,4,4.0,4.0,0.08,0.0,0.19492759571022236,0.15922664646546125,0.23096444329504476,0.04502134362605306,0.0,0.0,0.0,-0.028544524587456658,-0.02854615333183297,-1.6287443763106368e-06,5.0,1.0,1.0
Queue-load-0.45,0.45,601,QP+G,5,5.0,5.0,0.08,0.0,0.19432199130144742,0.17010356923638925,0.2303666245025561,0.044765301202729514,0.0,0.0,0.0,-0.027919325053702183,-0.02792240574992988,-3.080696227696078e-06,5.0,1.0,1.0
Queue-load-0.45,0.45,601,QP+G,6,6.0,6.0,0.08,0.0,0.19368481298069662,0.18170128659567808,0.229732333930387,0.04449566413292595,0.0,0.0,0.0,-0.02732217080750813,-0.027326563031109252,-4.3922236011226246e-06,5.0,1.0,1.0
Queue-load-0.45,0.45,601,QP+G,7,7.0,7.0,0.08,0.0,0.19302840264163723,0.19401807424153758,0.22905966486945012,0.0442150212193787,0.0,0.0,0.0,-0.026760251810048114,-0.026765456016996314,-5.204206948199869e-06,5.0,1.0,1.0
Queue-load-0.45,0.45,601,QP+G,8,8.0,8.0,0.08,0.0,0.19236559566811418,0.20704041656458305,0.22834677410548246,0.043926063219693445,0.0,0.0,0.0,-0.026236897710023084,-0.02624207110326582,-5.173393242734192e-06,5.0,1.0,1.0
Queue-load-0.45,0.45,601,QP+G,9,9.0,9.0,0.08,0.0,0.19170948024894646,0.2207423436939905,0.2275919154745613,0.043631527824490306,0.0,0.0,0.0,-0.025749678203129553,-0.025753906411152272,-4.22820802271906e-06,5.0,1.0,1.0
Queue-load-0.45,0.45,601,QP+G,10,10.0,10.0,0.08,0.0,0.19107312422875944,0.2350850408145325,0.22679347300931232,0.043334137442580134,0.0,0.0,0.0,-0.02529054420279397,-0.025293238389860306,-2.694187066335646e-06,5.0,1.0,1.0
Queue-load-0.45,0.45,601,QP+G,11,11.0,11.0,0.08,0.0,0.19046927635960403,0.2500168005739505,0.22594999302328705,0.04303653166460306,0.0,0.0,0.0,-0.02484843364908803,-0.02484952402021179,-1.0903711237589264e-06,5.0,1.0,1.0
Queue-load-0.45,0.45,601,QP+G,12,12.0,12.0,0.08,0.0,0.18991005130313035,0.2654733801798546,0.22506021446674984,0.04274119687567398,0.0,0.0,0.0,-0.024412645200611042,-0.024412418107210954,2.270934000882241e-07,5.0,1.0,1.0
Queue-load-0.45,0.45,601,QP+G,13,13.0,13.0,0.08,0.0,0.1894066099650647,0.2813788073833767,0.22412309689365106,0.04245039599749817,0.0,0.0,0.0,-0.023974760843008782,-0.02397354922948569,1.211613523090932e-06,5.0,1.0,1.0
Queue-load-0.45,0.45,601,QP+G,14,14.0,14.0,0.08,0.0,0.18896884847448014,0.29764665408665936,0.22313784540847842,0.042166101697916736,0.0,0.0,0.0,-0.023528593160614026,-0.02352660757084113,1.985589772896673e-06,5.0,1.0,1.0
Queue-load-0.45,0.45,601,QP+G,15,15.0,15.0,0.08,0.0,0.1886051101046962,0.3141817642144388,0.2221039320134161,0.041889936552076304,0.0,0.0,0.0,-0.0230693379435307,-0.023066724661544136,2.613281986564575e-06,5.0,1.0,1.0
Queue-load-0.45,0.45,601,QP+G,16,16.0,16.0,0.08,0.0,0.18832193446483234,0.3308823865621273,0.22102111285005466,0.0416231235294923,0.0,0.0,0.0,-0.022593356263110504,-0.022590384367958016,2.9718951524877746e-06,5.0,1.0,1.0
Queue-load-0.45,0.45,601,QP+G,17,17.0,17.0,0.08,0.0,0.18812385724335473,0.3476426275527501,0.21988944092391094,0.041366449793690904,0.0,0.0,0.0,-0.022099157452534338,-0.022096324031172454,2.8334213618835813e-06,5.0,1.0,1.0
Queue-load-0.45,0.45,601,QP+G,18,18.0,18.0,0.08,0.0,0.18801327164089632,0.36435510782292707,0.21870927401100673,0.04112024614501463,0.0,0.0,0.0,-0.021588786806836263,-0.021586716709412368,2.0700974238951897e-06,5.0,1.0,1.0
Queue-load-0.45,0.45,601,QP+G,19,19.0,19.0,0.08,0.0,0.18799035950289555,0.3809136847877286,0.21748127756967525,0.04088438355547227,0.0,0.0,0.0,-0.021068340724228724,-0.02106761000848323,7.30715745494992e-07,5.0,1.0,1.0
Queue-load-0.45,0.45,601,QP+G,20,20.0,20.0,0.08,0.0,0.188053096295172,0.39721609425496135,0.21620642261254533,0.04065828721119164,0.0,0.0,0.0,-0.020547359759717467,-0.020548356625776698,-9.968660592309109e-07,5.0,1.0,1.0
Queue-load-0.45,0.45,601,QP+G,21,21.0,21.0,0.08,0.0,0.18819732980237455,0.41316636944693325,0.21488597862789255,0.040440967389739506,0.0,0.0,0.0,-0.020037374469871316,-0.020040158841629463,-2.7843717581473026e-06,5.0,1.0,1.0
Queue-load-0.45,0.45,601,QP+G,22,22.0,22.0,0.08,0.0,0.18841692817228609,0.4286769149364341,0.2135215017704967,0.04023106546233033,0.0,0.0,0.0,-0.01954961397614221,-0.01955387579271184,-4.261816569629817e-06,5.0,1.0,1.0
Queue-load-0.45,0.45,601,QP+G,23,23.0,23.0,0.08,0.0,0.1887039890797138,0.44367014338809085,0.21211481866431922,0.040026912424877166,0.0,0.0,0.0,-0.019092731173575076,-0.019097983464543944,-5.252290968867784e-06,5.0,1.0,1.0
Queue-load-0.45,0.45,601,QP+G,24,24.0,24.0,0.08,0.0,0.18904909868515352,0.45807962039333056,0.21066800626774243,0.03982659670671498,0.0,0.0,0.0,-0.018672034040392305,-0.01867786539863525,-5.8313582429470046e-06,5.0,1.0,1.0
Queue-load-0.45,0.45,601,QP+G,25,25.0,25.0,0.08,0.0,0.1894416269546194,0.47185070212039765,0.20918336834247483,0.03962803763064586,0.0,0.0,0.0,-0.01829023312458637,-0.018296363168863294,-6.1300442769259e-06,5.0,1.0,1.0
Queue-load-0.45,0.45,601,noG,1,1.0,0.0,0.08,0.0,0.0,0.0,0.23174885833368422,0.0,0.0,0.0,0.0,-0.029980001724095255,-0.029978056416319898,1.945307775357008e-06,3.0,1.0,0.0
Queue-load-0.45,0.45,601,noG,2,2.0,0.0,0.08,0.0,0.0,0.0,0.23127360956007437,0.0,0.0,0.0,0.0,-0.02933641685255771,-0.029335846742005955,5.701105517535998e-07,3.0,1.0,0.0
Queue-load-0.45,0.45,601,noG,3,3.0,0.0,0.08,0.0,0.0,0.0,0.23076955129513851,0.0,0.0,0.0,0.0,-0.028698725063877918,-0.02869947110063542,-7.460367575026772e-07,3.0,1.0,0.0
Queue-load-0.45,0.45,601,noG,4,4.0,0.0,0.08,0.0,0.0,0.0,0.23023469232075305,0.0,0.0,0.0,0.0,-0.02807510308264563,-0.0280771843724259,-2.0812897802702235e-06,3.0,1.0,0.0
Queue-load-0.45,0.45,601,noG,5,5.0,0.0,0.08,0.0,0.0,0.0,0.22966700268363935,0.0,0.0,0.0,0.0,-0.02747370908952372,-0.027477161564589014,-3.4524750652936698e-06,3.0,1.0,0.0
Queue-load-0.45,0.45,601,noG,6,6.0,0.0,0.08,0.0,0.0,0.0,0.22906444425929753,0.0,0.0,0.0,0.0,-0.026902603178131396,-0.02690730179345735,-4.698615325954281e-06,3.0,1.0,0.0
Queue-load-0.45,0.45,601,noG,7,7.0,0.0,0.08,0.0,0.0,0.0,0.22842500271190505,0.0,0.0,0.0,0.0,-0.02636849834602452,-0.026373996064990912,-5.4977189663935055e-06,3.0,1.0,0.0
Queue-load-0.45,0.45,601,noG,8,8.0,0.0,0.08,0.0,0.0,0.0,0.22774672037425664,0.0,0.0,0.0,0.0,-0.02587462551501613,-0.025880118844198385,-5.493329182256618e-06,3.0,1.0,0.0
Queue-load-0.45,0.45,601,noG,9,9.0,0.0,0.08,0.0,0.0,0.0,0.22702772950886935,0.0,0.0,0.0,0.0,-0.025418676501736376,-0.025423219468538427,-4.542966802051351e-06,3.0,1.0,0.0
Queue-load-0.45,0.45,601,noG,10,10.0,0.0,0.08,0.0,0.0,0.0,0.2262662853586529,0.0,0.0,0.0,0.0,-0.024992456794460754,-0.024995367984096184,-2.9111896354301614e-06,3.0,1.0,0.0
Queue-load-0.45,0.45,601,noG,11,11.0,0.0,0.08,0.0,0.0,0.0,0.22546079835671978,0.0,0.0,0.0,0.0,-0.0245841640650636,-0.024585301964460626,-1.1378993970273532e-06,3.0,1.0,0.0
Queue-load-0.45,0.45,601,noG,12,12.0,0.0,0.08,0.0,0.0,0.0,0.22460986484326192,0.0,0.0,0.0,0.0,-0.024181989569682157,-0.024181653586588858,3.359830932983532e-07,3.0,1.0,0.0
Queue-load-0.45,0.45,601,noG,13,13.0,0.0,0.08,0.0,0.0,0.0,0.2237122956355246,0.0,0.0,0.0,0.0,-0.023776587043002652,-0.023775184737043542,1.4023059591097842e-06,3.0,1.0,0.0
Queue-load-0.45,0.45,601,noG,14,14.0,0.0,0.08,0.0,0.0,0.0,0.22276714181672472,0.0,0.0,0.0,0.0,-0.02336132496502133,-0.02335913977512627,2.1851898950597803e-06,3.0,1.0,0.0
Queue-load-0.45,0.45,601,noG,15,15.0,0.0,0.08,0.0,0.0,0.0,0.2217737171520673,0.0,0.0,0.0,0.0,-0.022931350027859156,-0.02292855841578545,2.7916120737062067e-06,3.0,1.0,0.0
Queue-load-0.45,0.45,601,noG,16,16.0,0.0,0.08,0.0,0.0,0.0,0.2207316166045718,0.0,0.0,0.0,0.0,-0.02248306811970697,-0.022479905656681343,3.1624630256257835e-06,3.0,1.0,0.0
Queue-load-0.45,0.45,601,noG,17,17.0,0.0,0.08,0.0,0.0,0.0,0.21964073050871571,0.0,0.0,0.0,0.0,-0.022014732391757934,-0.022011606470973888,3.125920784045888e-06,3.0,1.0,0.0
Queue-load-0.45,0.45,601,noG,18,18.0,0.0,0.08,0.0,0.0,0.0,0.21850125406331264,0.0,0.0,0.0,0.0,-0.021527531164159522,-0.021524969656527837,2.561507631684834e-06,3.0,1.0,0.0
Queue-load-0.45,0.45,601,noG,19,19.0,0.0,0.08,0.0,0.0,0.0,0.2173136919227831,0.0,0.0,0.0,0.0,-0.021026149599188134,-0.02102470023077352,1.4493684146153762e-06,3.0,1.0,0.0
Queue-load-0.45,0.45,601,noG,20,20.0,0.0,0.08,0.0,0.0,0.0,0.21607885779349006,0.0,0.0,0.0,0.0,-0.020518710192237104,-0.020518878535700225,-1.683434631208347e-07,3.0,1.0,0.0
Queue-load-0.45,0.45,601,noG,21,21.0,0.0,0.08,0.0,0.0,0.0,0.2147978690738146,0.0,0.0,0.0,0.0,-0.02001630010095222,-0.020018387276667937,-2.087175715717593e-06,3.0,1.0,0.0
Queue-load-0.45,0.45,601,noG,22,22.0,0.0,0.08,0.0,0.0,0.0,0.21347213670759377,0.0,0.0,0.0,0.0,-0.0195313202485941,-0.019535199574983064,-3.879326388962767e-06,3.0,1.0,0.0
Queue-load-0.45,0.45,601,noG,23,23.0,0.0,0.08,0.0,0.0,0.0,0.2121033505449625,0.0,0.0,0.0,0.0,-0.01907457290266744,-0.019079728257121342,-5.155354453903471e-06,3.0,1.0,0.0
Queue-load-0.45,0.45,601,noG,24,24.0,0.0,0.08,0.0,0.0,0.0,0.21069346061728833,0.0,0.0,0.0,0.0,-0.01865306798900907,-0.018658913696338875,-5.845707329803218e-06,3.0,1.0,0.0
Queue-load-0.45,0.45,601,noG,25,25.0,0.0,0.08,0.0,0.0,0.0,0.20924465482941865,0.0,0.0,0.0,0.0,-0.018270049359963753,-0.018276172354979803,-6.122995016049487e-06,3.0,1.0,0.0
Queue-load-0.45,0.45,601,PPM-3,1,3.0,0.0,0.01,0.0,,,,,,,,,,,,3.0,0.0
Queue-load-0.45,0.45,601,PPM-3,2,6.0,0.0,0.01,0.0,,,,,,,,,,,,3.0,0.0
Queue-load-0.45,0.45,601,PPM-3,3,9.0,0.0,0.01,0.0,,,,,,,,,,,,3.0,0.0
Queue-load-0.45,0.45,601,PPM-3,4,12.0,0.0,0.01,0.0,,,,,,,,,,,,3.0,0.0
Queue-load-0.45,0.45,601,PPM-3,5,15.0,0.0,0.01,0.0,,,,,,,,,,,,3.0,0.0
Queue-load-0.45,0.45,601,PPM-3,6,18.0,0.0,0.01,0.0,,,,,,,,,,,,3.0,0.0
Queue-load-0.45,0.45,601,PPM-3,7,21.0,0.0,0.01,0.0,,,,,,,,,,,,3.0,0.0
Queue-load-0.45,0.45,601,PPM-3,8,24.0,0.0,0.01,0.0,,,,,,,,,,,,3.0,0.0
Queue-load-0.45,0.45,601,PPM-3,9,27.0,0.0,0.01,0.0,,,,,,,,,,,,3.0,0.0
Queue-load-0.45,0.45,601,PPM-3,10,30.0,0.0,0.01,0.0,,,,,,,,,,,,3.0,0.0
Queue-load-0.45,0.45,601,PPM-3,11,33.0,0.0,0.01,0.0,,,,,,,,,,,,3.0,0.0
Queue-load-0.45,0.45,601,PPM-3,12,36.0,0.0,0.01,0.0,,,,,,,,,,,,3.0,0.0
Queue-load-0.45,0.45,601,PPM-3,13,39.0,0.0,0.01,0.0,,,,,,,,,,,,3.0,0.0
Queue-load-0.45,0.45,601,PPM-3,14,42.0,0.0,0.01,0.0,,,,,,,,,,,,3.0,0.0
Queue-load-0.45,0.45,601,PPM-3,15,45.0,0.0,0.01,0.0,,,,,,,,,,,,3.0,0.0
Queue-load-0.45,0.45,601,PPM-3,16,48.0,0.0,0.01,0.0,,,,,,,,,,,,3.0,0.0
Queue-load-0.45,0.45,601,PPM-3,17,51.0,0.0,0.01,0.0,,,,,,,,,,,,3.0,0.0
Queue-load-0.45,0.45,601,PPM-3,18,54.0,0.0,0.01,0.0,,,,,,,,,,,,3.0,0.0
Queue-load-0.45,0.45,601,PPM-3,19,57.0,0.0,0.01,0.0,,,,,,,,,,,,3.0,0.0
Queue-load-0.45,0.45,601,PPM-3,20,60.0,0.0,0.01,0.0,,,,,,,,,,,,3.0,0.0
Queue-load-0.45,0.45,601,PPM-3,21,63.0,0.0,0.01,0.0,,,,,,,,,,,,3.0,0.0
Queue-load-0.45,0.45,601,PPM-3,22,66.0,0.0,0.01,0.0,,,,,,,,,,,,3.0,0.0
Queue-load-0.45,0.45,601,PPM-3,23,69.0,0.0,0.01,0.0,,,,,,,,,,,,3.0,0.0
Queue-load-0.45,0.45,601,PPM-3,24,72.0,0.0,0.01,0.0,,,,,,,,,,,,3.0,0.0
Queue-load-0.45,0.45,601,PPM-3,25,75.0,0.0,0.01,0.0,,,,,,,,,,,,3.0,0.0
Queue-load-0.45,0.45,602,QP+G,1,1.0,1.0,0.08,0.0,0.21530443324654033,0.15761025373516746,0.2183864129624263,0.0470195628716201,0.0,0.0,0.0,-0.031395610827114555,-0.03138853023376287,7.080593351686815e-06,5.0,1.0,1.0
Queue-load-0.45,0.45,602,QP+G,2,2.0,2.0,0.08,0.0,0.21359908885124504,0.16500473690656897,0.21777677354852487,0.04651692040292883,0.0,0.0,0.0,-0.03044457480536068,-0.03043663779858541,7.937006775270844e-06,5.0,1.0,1.0
Queue-load-0.45,0.45,602,QP+G,3,3.0,3.0,0.08,0.0,0.21186985649618156,0.17340331621344218,0.2171447400114419,0.046006424905124854,0.0,0.0,0.0,-0.029448585696777566,-0.029439569589771786,9.016107005779816e-06,5.0,1.0,1.0
Queue-load-0.45,0.45,602,QP+G,4,4.0,4.0,0.08,0.0,0.21012565741437295,0.18283328695817586,0.21648732622710656,0.04548954174535059,0.0,0.0,0.0,-0.02839986084362028,-0.028389361721123052,1.0499122497228258e-05,5.0,1.0,1.0
Queue-load-0.45,0.45,602,QP+G,5,5.0,5.0,0.08,0.0,0.2083768517710673,0.19331178096912832,0.21580157851134527,0.044968053537420935,0.0,0.0,0.0,-0.027288256207078393,-0.02727690358255641,1.1352624521981936e-05,5.0,1.0,1.0
Queue-load-0.45,0.45,602,QP+G,6,6.0,6.0,0.08,0.0,0.20663519901103297,0.20484406136874422,0.21508461128231468,0.04444405145653176,0.0,0.0,0.0,-0.02611020407515942,-0.026101420747264736,8.783327894681947e-06,5.0,1.0,1.0
Queue-load-0.45,0.45,602,QP+G,7,7.0,7.0,0.08,0.0,0.2049137412597788,0.21742177901265877,0.21433364406969924,0.04391990888416387,0.0,0.0,0.0,-0.024887970472715383,-0.024887513290943186,4.571817721968352e-07,5.0,1.0,1.0
Queue-load-0.45,0.45,602,QP+G,8,8.0,8.0,0.08,0.0,0.2032266060805919,0.23102129179915118,0.213546039394225,0.043398236828040726,0.0,0.0,0.0,-0.023681178924250073,-0.02369268570965266,-1.1506785402588121e-05,5.0,1.0,1.0
Queue-load-0.45,0.45,602,QP+G,9,9.0,9.0,0.08,0.0,0.20158872847525852,0.24560217269529935,0.2127193409047656,0.04288182145508675,0.0,0.0,0.0,-0.02256678874061594,-0.022587890045783432,-2.1101305167491036e-05,5.0,1.0,1.0
Queue-load-0.45,0.45,602,QP+G,10,10.0,10.0,0.08,0.0,0.20001549636434976,0.26110605236078466,0.21185131104267244,0.04237354513363838,0.0,0.0,0.0,-0.021599503958800666,-0.02162387551222711,-2.437155342644229e-05,5.0,1.0,1.0
Queue-load-0.45,0.45,602,QP+G,11,11.0,11.0,0.08,0.0,0.1985223287561655,0.27745595303723186,0.21093996741145005,0.04187629355827072,0.0,0.0,0.0,-0.02079199400487792,-0.02081397421275888,-2.198020788096028e-05,5.0,1.0,1.0
Queue-load-0.45,0.45,602,QP+G,12,12.0,12.0,0.08,0.0,0.19712420113520127,0.29455626689761294,0.20998361697134615,0.0413928527469567,0.0,0.0,0.0,-0.02012403073454985,-0.020140665230181654,-1.663449563180444e-05,5.0,1.0,1.0
Queue-load-0.45,0.45,602,QP+G,13,13.0,13.0,0.08,0.0,0.19583513784393802,0.31229350989470944,0.20898088715803212,0.04092580084334168,0.0,0.0,0.0,-0.01956047937356548,-0.019571049634511617,-1.0570260946137638e-05,5.0,1.0,1.0
Queue-load-0.45,0.45,602,QP+G,14,14.0,14.0,0.08,0.0,0.19466769583586613,0.3305379387603292,0.20793075304578224,0.04047740058883893,0.0,0.0,0.0,-0.019064054179504825,-0.019068999690082578,-4.945510577752943e-06,5.0,1.0,1.0
Queue-load-0.45,0.45,602,QP+G,15,15.0,15.0,0.08,0.0,0.19363246750451388,0.34914605485415595,0.20683255973946338,0.040049498902627066,0.0,0.0,0.0,-0.01860123817673889,-0.01860143119510127,-1.930183623800874e-07,5.0,1.0,1.0
Queue-load-0.45,0.45,602,QP+G,16,16.0,16.0,0.08,0.0,0.19273763171898334,0.3679639389033262,0.2056860392847563,0.039643440089401696,0.0,0.0,0.0,-0.018144373136956087,-0.018140917537616374,3.455599339712706e-06,5.0,1.0,1.0
Queue-load-0.45,0.45,602,QP+G,17,17.0,17.0,0.08,0.0,0.19198858123132997,0.38683127450774973,0.20449132152830196,0.03925999869433842,0.0,0.0,0.0,-0.01767315785607416,-0.017667539369099927,5.618486974234144e-06,5.0,1.0,1.0
Queue-load-0.45,0.45,602,QP+G,18,18.0,18.0,0.08,0.0,0.1913876510335971,0.4055858380889355,0.20324893853230497,0.03889933692076981,0.0,0.0,0.0,-0.01717729153961351,-0.017171504523282977,5.7870163305343e-06,5.0,1.0,1.0
Queue-load-0.45,0.45,602,QP+G,19,19.0,19.0,0.08,0.0,0.1909339661537405,0.42406817222442866,0.20195982234294088,0.03856098988364252,0.0,0.0,0.0,-0.01665949795449231,-0.01665579685009133,3.7011044009792327e-06,5.0,1.0,1.0
Queue-load-0.45,0.45,602,QP+G,20,20.0,20.0,0.08,0.0,0.19062341929788013,0.4421261295155794,0.2006252961186125,0.03824387994377963,0.0,0.0,0.0,-0.01613623142804283,-0.01613644269286363,-2.1126482079719677e-07,5.0,1.0,1.0
Queue-load-0.45,0.45,602,QP+G,21,21.0,21.0,0.08,0.0,0.19044877951607792,0.45961898180232996,0.19924705883168434,0.037946359176662454,0.0,0.0,0.0,-0.01563357647068337,-0.01563832648316721,-4.750012483838162e-06,5.0,1.0,1.0
Queue-load-0.45,0.45,602,QP+G,22,22.0,22.0,0.08,0.0,0.19039992374270248,0.4764208343327065,0.1978271639550584,0.03766627693127822,0.0,0.0,0.0,-0.015178717269036645,-0.015187205443657259,-8.488174620614047e-06,5.0,1.0,1.0
Queue-load-0.45,0.45,602,QP+G,23,23.0,23.0,0.08,0.0,0.1904641747173462,0.4924231590959208,0.19636799272264774,0.037401067674820945,0.0,0.0,0.0,-0.014791263734015046,-0.014801829629530694,-1.0565895515648321e-05,5.0,1.0,1.0
Queue-load-0.45,0.45,602,QP+G,24,24.0,24.0,0.08,0.0,0.19062672233829772,0.507536353352954,0.19487222270210214,0.037147853088480544,0.0,0.0,0.0,-0.014479203221274951,-0.014490145657763076,-1.0942436488125054e-05,5.0,1.0,1.0
Queue-load-0.45,0.45,602,QP+G,25,25.0,25.0,0.08,0.0,0.19087110153022488,0.5216903236404755,0.19334279253252987,0.036903551783613715,0.0,0.0,0.0,-0.014239978599405055,-0.01425001496659517,-1.0036367190114845e-05,5.0,1.0,1.0
Queue-load-0.45,0.45,602,noG,1,1.0,0.0,0.08,0.0,0.0,0.0,0.2183864129624263,0.0,0.0,0.0,0.0,-0.031395610827114555,-0.03138853023376287,7.080593351686815e-06,3.0,1.0,0.0
Queue-load-0.45,0.45,602,noG,2,2.0,0.0,0.08,0.0,0.0,0.0,0.21777677354852487,0.0,0.0,0.0,0.0,-0.03044457480536068,-0.03043663779858541,7.937006775270844e-06,3.0,1.0,0.0
Queue-load-0.45,0.45,602,noG,3,3.0,0.0,0.08,0.0,0.0,0.0,0.2171447400114419,0.0,0.0,0.0,0.0,-0.029448585696777566,-0.029439569589771786,9.016107005779816e-06,3.0,1.0,0.0
Queue-load-0.45,0.45,602,noG,4,4.0,0.0,0.08,0.0,0.0,0.0,0.21648732622710656,0.0,0.0,0.0,0.0,-0.02839986084362028,-0.028389361721123052,1.0499122497228258e-05,3.0,1.0,0.0
Queue-load-0.45,0.45,602,noG,5,5.0,0.0,0.08,0.0,0.0,0.0,0.21580157851134527,0.0,0.0,0.0,0.0,-0.027288256207078393,-0.02727690358255641,1.1352624521981936e-05,3.0,1.0,0.0
Queue-load-0.45,0.45,602,noG,6,6.0,0.0,0.08,0.0,0.0,0.0,0.21508461128231468,0.0,0.0,0.0,0.0,-0.02611020407515942,-0.026101420747264736,8.783327894681947e-06,3.0,1.0,0.0
Queue-load-0.45,0.45,602,noG,7,7.0,0.0,0.08,0.0,0.0,0.0,0.21433364406969924,0.0,0.0,0.0,0.0,-0.024887970472715383,-0.024887513290943186,4.571817721968352e-07,3.0,1.0,0.0
Queue-load-0.45,0.45,602,noG,8,8.0,0.0,0.08,0.0,0.0,0.0,0.213546039394225,0.0,0.0,0.0,0.0,-0.023681178924250073,-0.02369268570965266,-1.1506785402588121e-05,3.0,1.0,0.0
Queue-load-0.45,0.45,602,noG,9,9.0,0.0,0.08,0.0,0.0,0.0,0.2127193409047656,0.0,0.0,0.0,0.0,-0.02256678874061594,-0.022587890045783432,-2.1101305167491036e-05,3.0,1.0,0.0
Queue-load-0.45,0.45,602,noG,10,10.0,0.0,0.08,0.0,0.0,0.0,0.21185131104267244,0.0,0.0,0.0,0.0,-0.021599503958800666,-0.02162387551222711,-2.437155342644229e-05,3.0,1.0,0.0
Queue-load-0.45,0.45,602,noG,11,11.0,0.0,0.08,0.0,0.0,0.0,0.21093996741145005,0.0,0.0,0.0,0.0,-0.02079199400487792,-0.02081397421275888,-2.198020788096028e-05,3.0,1.0,0.0
Queue-load-0.45,0.45,602,noG,12,12.0,0.0,0.08,0.0,0.0,0.0,0.20998361697134615,0.0,0.0,0.0,0.0,-0.02012403073454985,-0.020140665230181654,-1.663449563180444e-05,3.0,1.0,0.0
Queue-load-0.45,0.45,602,noG,13,13.0,0.0,0.08,0.0,0.0,0.0,0.20898088715803212,0.0,0.0,0.0,0.0,-0.01956047937356548,-0.019571049634511617,-1.0570260946137638e-05,3.0,1.0,0.0
Queue-load-0.45,0.45,602,noG,14,14.0,0.0,0.08,0.0,0.0,0.0,0.20793075304578224,0.0,0.0,0.0,0.0,-0.019064054179504825,-0.019068999690082578,-4.945510577752943e-06,3.0,1.0,0.0
Queue-load-0.45,0.45,602,noG,15,15.0,0.0,0.08,0.0,0.0,0.0,0.20683255973946338,0.0,0.0,0.0,0.0,-0.01860123817673889,-0.01860143119510127,-1.930183623800874e-07,3.0,1.0,0.0
Queue-load-0.45,0.45,602,noG,16,16.0,0.0,0.08,0.0,0.0,0.0,0.2056860392847563,0.0,0.0,0.0,0.0,-0.018144373136956087,-0.018140917537616374,3.455599339712706e-06,3.0,1.0,0.0
Queue-load-0.45,0.45,602,noG,17,17.0,0.0,0.08,0.0,0.0,0.0,0.20449132152830196,0.0,0.0,0.0,0.0,-0.01767315785607416,-0.017667539369099927,5.618486974234144e-06,3.0,1.0,0.0
Queue-load-0.45,0.45,602,noG,18,18.0,0.0,0.08,0.0,0.0,0.0,0.20324893853230497,0.0,0.0,0.0,0.0,-0.01717729153961351,-0.017171504523282977,5.7870163305343e-06,3.0,1.0,0.0
Queue-load-0.45,0.45,602,noG,19,19.0,0.0,0.08,0.0,0.0,0.0,0.20195982234294088,0.0,0.0,0.0,0.0,-0.01665949795449231,-0.01665579685009133,3.7011044009792327e-06,3.0,1.0,0.0
Queue-load-0.45,0.45,602,noG,20,20.0,0.0,0.08,0.0,0.0,0.0,0.2006252961186125,0.0,0.0,0.0,0.0,-0.01613623142804283,-0.01613644269286363,-2.1126482079719677e-07,3.0,1.0,0.0
Queue-load-0.45,0.45,602,noG,21,21.0,0.0,0.08,0.0,0.0,0.0,0.19924705883168434,0.0,0.0,0.0,0.0,-0.01563357647068337,-0.01563832648316721,-4.750012483838162e-06,3.0,1.0,0.0
Queue-load-0.45,0.45,602,noG,22,22.0,0.0,0.08,0.0,0.0,0.0,0.1978271639550584,0.0,0.0,0.0,0.0,-0.015178717269036645,-0.015187205443657259,-8.488174620614047e-06,3.0,1.0,0.0
Queue-load-0.45,0.45,602,noG,23,23.0,0.0,0.08,0.0,0.0,0.0,0.19636799272264774,0.0,0.0,0.0,0.0,-0.014791263734015046,-0.014801829629530694,-1.0565895515648321e-05,3.0,1.0,0.0
Queue-load-0.45,0.45,602,noG,24,24.0,0.0,0.08,0.0,0.0,0.0,0.19487222270210214,0.0,0.0,0.0,0.0,-0.014479203221274951,-0.014490145657763076,-1.0942436488125054e-05,3.0,1.0,0.0
Queue-load-0.45,0.45,602,noG,25,25.0,0.0,0.08,0.0,0.0,0.0,0.19334279253252987,0.0,0.0,0.0,0.0,-0.014239978599405055,-0.01425001496659517,-1.0036367190114845e-05,3.0,1.0,0.0
Queue-load-0.45,0.45,602,PPM-3,1,3.0,0.0,0.01,0.0,,,,,,,,,,,,3.0,0.0
Queue-load-0.45,0.45,602,PPM-3,2,6.0,0.0,0.01,0.0,,,,,,,,,,,,3.0,0.0
Queue-load-0.45,0.45,602,PPM-3,3,9.0,0.0,0.01,0.0,,,,,,,,,,,,3.0,0.0
Queue-load-0.45,0.45,602,PPM-3,4,12.0,0.0,0.01,0.0,,,,,,,,,,,,3.0,0.0
Queue-load-0.45,0.45,602,PPM-3,5,15.0,0.0,0.01,0.0,,,,,,,,,,,,3.0,0.0
Queue-load-0.45,0.45,602,PPM-3,6,18.0,0.0,0.01,0.0,,,,,,,,,,,,3.0,0.0
Queue-load-0.45,0.45,602,PPM-3,7,21.0,0.0,0.01,0.0,,,,,,,,,,,,3.0,0.0
Queue-load-0.45,0.45,602,PPM-3,8,24.0,0.0,0.01,0.0,,,,,,,,,,,,3.0,0.0
Queue-load-0.45,0.45,602,PPM-3,9,27.0,0.0,0.01,0.0,,,,,,,,,,,,3.0,0.0
Queue-load-0.45,0.45,602,PPM-3,10,30.0,0.0,0.01,0.0,,,,,,,,,,,,3.0,0.0
Queue-load-0.45,0.45,602,PPM-3,11,33.0,0.0,0.01,0.0,,,,,,,,,,,,3.0,0.0
Queue-load-0.45,0.45,602,PPM-3,12,36.0,0.0,0.01,0.0,,,,,,,,,,,,3.0,0.0
Queue-load-0.45,0.45,602,PPM-3,13,39.0,0.0,0.01,0.0,,,,,,,,,,,,3.0,0.0
Queue-load-0.45,0.45,602,PPM-3,14,42.0,0.0,0.01,0.0,,,,,,,,,,,,3.0,0.0
Queue-load-0.45,0.45,602,PPM-3,15,45.0,0.0,0.01,0.0,,,,,,,,,,,,3.0,0.0
Queue-load-0.45,0.45,602,PPM-3,16,48.0,0.0,0.01,0.0,,,,,,,,,,,,3.0,0.0
Queue-load-0.45,0.45,602,PPM-3,17,51.0,0.0,0.01,0.0,,,,,,,,,,,,3.0,0.0
Queue-load-0.45,0.45,602,PPM-3,18,54.0,0.0,0.01,0.0,,,,,,,,,,,,3.0,0.0
Queue-load-0.45,0.45,602,PPM-3,19,57.0,0.0,0.01,0.0,,,,,,,,,,,,3.0,0.0
Queue-load-0.45,0.45,602,PPM-3,20,60.0,0.0,0.01,0.0,,,,,,,,,,,,3.0,0.0
Queue-load-0.45,0.45,602,PPM-3,21,63.0,0.0,0.01,0.0,,,,,,,,,,,,3.0,0.0
Queue-load-0.45,0.45,602,PPM-3,22,66.0,0.0,0.01,0.0,,,,,,,,,,,,3.0,0.0
Queue-load-0.45,0.45,602,PPM-3,23,69.0,0.0,0.01,0.0,,,,,,,,,,,,3.0,0.0
Queue-load-0.45,0.45,602,PPM-3,24,72.0,0.0,0.01,0.0,,,,,,,,,,,,3.0,0.0
Queue-load-0.45,0.45,602,PPM-3,25,75.0,0.0,0.01,0.0,,,,,,,,,,,,3.0,0.0
Queue-load-0.45,0.45,603,QP+G,1,1.0,1.0,0.08,0.0,0.1327225846886906,0.19992905795794824,0.1545024157714372,0.02050595996183186,0.0,0.0,0.0,-0.015852093137620236,-0.015853122457229585,-1.0293196093490165e-06,5.0,1.0,1.0
Queue-load-0.45,0.45,603,QP+G,2,2.0,2.0,0.08,0.0,0.13227236365285266,0.2028258798362136,0.15417209258602058,0.020392707095659383,0.0,0.0,0.0,-0.015511417981690891,-0.015512359458202507,-9.414765116157187e-07,5.0,1.0,1.0
Queue-load-0.45,0.45,603,QP+G,3,3.0,3.0,0.08,0.0,0.13180887044853135,0.20570987543301447,0.15383887770515609,0.020277328701386377,0.0,0.0,0.0,-0.015177623689889409,-0.015178582161755383,-9.584718659739339e-07,5.0,1.0,1.0
Queue-load-0.45,0.45,603,QP+G,4,4.0,4.0,0.08,0.0,0.13133259293492347,0.20859297972424098,0.15350287390080655,0.020159930452355514,0.0,0.0,0.0,-0.014851092769114041,-0.014852168210191863,-1.0754410778215234e-06,5.0,1.0,1.0
Queue-load-0.45,0.45,603,QP+G,5,5.0,5.0,0.08,0.0,0.13084414082898527,0.21148656516809272,0.1531641642947332,0.020040633482933907,0.0,0.0,0.0,-0.014532808499099955,-0.014534067939095507,-1.259439995552128e-06,5.0,1.0,1.0
Queue-load-0.45,0.45,603,QP+G,6,6.0,6.0,0.08,0.0,0.13034423305185586,0.21440139425843852,0.1528228133840195,0.019919572403366916,0.0,0.0,0.0,-0.014224112758749956,-0.014225577656261201,-1.464897511245511e-06,5.0,1.0,1.0
Queue-load-0.45,0.45,603,QP+G,7,7.0,7.0,0.08,0.0,0.12983368576245838,0.2173475767700869,0.15247886814401732,0.01979689345202567,0.0,0.0,0.0,-0.013926409459469448,-0.013928059539793036,-1.650080323588668e-06,5.0,1.0,1.0
Queue-load-0.45,0.45,603,QP+G,8,8.0,8.0,0.08,0.0,0.12931340110839898,0.2203345309770221,0.15213235919546714,0.01967275278621047,0.0,0.0,0.0,-0.013640913054097462,-0.013642699513087386,-1.7864589899243416e-06,5.0,1.0,1.0
Queue-load-0.45,0.45,603,QP+G,9,9.0,9.0,0.08,0.0,0.12878435669878854,0.22337094822765985,0.1517833020235536,0.019547314908721282,0.0,0.0,0.0,-0.013368488316363664,-0.013370347238084168,-1.8589217205041558e-06,5.0,1.0,1.0
Queue-load-0.45,0.45,603,QP+G,10,10.0,10.0,0.08,0.0,0.12824759578198547,0.22646476036838278,0.1514316982376327,0.01942075122415952,0.0,0.0,0.0,-0.013109571639525381,-0.013111432897972897,-1.8612584475156957e-06,5.0,1.0,1.0
Queue-load-0.45,0.45,603,QP+G,11,11.0,11.0,0.08,0.0,0.12770421809331178,0.2296231096160477,0.15107753686134484,0.019293238716341532,0.0,0.0,0.0,-0.012864142796979018,-0.012865935786131821,-1.7929891528035286e-06,5.0,1.0,1.0
Queue-load-0.45,0.45,603,QP+G,12,12.0,12.0,0.08,0.0,0.12715537132343177,0.23285232059075003,0.15072079564376833,0.01916495873624644,0.0,0.0,0.0,-0.012631731437387434,-0.012633391352686374,-1.6599152989401483e-06,5.0,1.0,1.0
Queue-load-0.45,0.45,603,QP+G,13,13.0,13.0,0.08,0.0,0.1266022431470821,0.23615787433025137,0.1503614423831272,0.019036095888534645,0.0,0.0,0.0,-0.012411465893430574,-0.012412941898263252,-1.4760048326779157e-06,5.0,1.0,1.0
Queue-load-0.45,0.45,603,QP+G,14,14.0,14.0,0.08,0.0,0.126046053744015,0.23954438421603694,0.14999943625539075,0.018906837003818937,0.0,0.0,0.0,-0.012202174997446332,-0.012203437794617411,-1.2627971710792857e-06,5.0,1.0,1.0
Queue-load-0.45,0.45,603,QP+G,15,15.0,15.0,0.08,0.0,0.12548804873919725,0.24301557384680733,0.14963472914083056,0.018777370183501126,0.0,0.0,0.0,-0.01200253361200233,-0.012003578577023166,-1.0449650208362027e-06,5.0,1.0,1.0
Queue-load-0.45,0.45,603,QP+G,16,16.0,16.0,0.08,0.0,0.12492949248723607,0.24657425699685678,0.14926726694225798,0.01864788390405308,0.0,0.0,0.0,-0.011811218990680989,-0.011812063093611158,-8.441029301694408e-07,5.0,1.0,1.0
Queue-load-0.45,0.45,603,QP+G,17,17.0,17.0,0.08,0.0,0.1243716616265359,0.25022231989274707,0.1488969908892393,0.01851856616808587,0.0,0.0,0.0,-0.011627038655621152,-0.01162771295260212,-6.742969809684501e-07,5.0,1.0,1.0
Queue-load-0.45,0.45,603,QP+G,18,18.0,18.0,0.08,0.0,0.1238158388315646,0.2539607061302836,0.14852383882308273,0.01838960369036409,0.0,0.0,0.0,-0.011449006632005973,-0.01144954840771284,-5.417757068665319e-07,5.0,1.0,1.0
Queue-load-0.45,0.45,603,QP+G,19,19.0,19.0,0.08,0.0,0.12326330669664558,0.25778940463301575,0.1481477464578161,0.018261181108046674,0.0,0.0,0.0,-0.01127637215730775,-0.011276820294013667,-4.481367059175345e-07,5.0,1.0,1.0
Queue-load-0.45,0.45,603,QP+G,20,20.0,20.0,0.08,0.0,0.12271534169164933,0.26170744112137323,0.1477686486127161,0.01813348020582272,0.0,0.0,0.0,-0.011108624835348814,-0.011109019177409252,-3.943420604380493e-07,5.0,1.0,1.0
Queue-load-0.45,0.45,603,QP+G,21,21.0,21.0,0.08,0.0,0.12217320813862091,0.26571287361563234,0.14738648041224248,0.018006679148223674,0.0,0.0,0.0,-0.010945500252847276,-0.010945882682864116,-3.8243001684000466e-07,5.0,1.0,1.0
Queue-load-0.45,0.45,603,QP+G,22,22.0,22.0,0.08,0.0,0.12163815216847296,0.26980279253401473,0.14700117844945976,0.017880951713180233,0.0,0.0,0.0,-0.010786992257432675,-0.010787406010064338,-4.1375263166304466e-07,5.0,1.0,1.0
Queue-load-0.45,0.45,603,QP+G,23,23.0,23.0,0.08,0.0,0.12111139562817257,0.27397332596714985,0.14661268190921709,0.01775646652281461,0.0,0.0,0.0,-0.010633356321087837,-0.010633841319058313,-4.849979704756036e-07,5.0,1.0,1.0
Queue-load-0.45,0.45,603,QP+G,24,24.0,24.0,0.08,0.0,0.12059412992103774,0.2782196507094631,0.14622093364749822,0.01763338626946184,0.0,0.0,0.0,-0.010485077783607286,-0.010485662514934546,-5.84731327260557e-07,5.0,1.0,1.0
Queue-load-0.45,0.45,603,QP+G,25,25.0,25.0,0.08,0.0,0.12008750977556039,0.2825360096052526,0.14582588122347948,0.0175118669369543,0.0,0.0,0.0,-0.010342786328596037,-0.010343479313839943,-6.929852439056111e-07,5.0,1.0,1.0
Queue-load-0.45,0.45,603,noG,1,1.0,0.0,0.08,0.0,0.0,0.0,0.1545024157714372,0.0,0.0,0.0,0.0,-0.015852093137620236,-0.015853122457229585,-1.0293196093490165e-06,3.0,1.0,0.0
Queue-load-0.45,0.45,603,noG,2,2.0,0.0,0.08,0.0,0.0,0.0,0.15417209258602058,0.0,0.0,0.0,0.0,-0.015511417981690891,-0.015512359458202507,-9.414765116157187e-07,3.0,1.0,0.0
Queue-load-0.45,0.45,603,noG,3,3.0,0.0,0.08,0.0,0.0,0.0,0.15383887770515609,0.0,0.0,0.0,0.0,-0.015177623689889409,-0.015178582161755383,-9.584718659739339e-07,3.0,1.0,0.0
Queue-load-0.45,0.45,603,noG,4,4.0,0.0,0.08,0.0,0.0,0.0,0.15350287390080655,0.0,0.0,0.0,0.0,-0.014851092769114041,-0.014852168210191863,-1.0754410778215234e-06,3.0,1.0,0.0
Queue-load-0.45,0.45,603,noG,5,5.0,0.0,0.08,0.0,0.0,0.0,0.1531641642947332,0.0,0.0,0.0,0.0,-0.014532808499099955,-0.014534067939095507,-1.259439995552128e-06,3.0,1.0,0.0
Queue-load-0.45,0.45,603,noG,6,6.0,0.0,0.08,0.0,0.0,0.0,0.1528228133840195,0.0,0.0,0.0,0.0,-0.014224112758749956,-0.014225577656261201,-1.464897511245511e-06,3.0,1.0,0.0
Queue-load-0.45,0.45,603,noG,7,7.0,0.0,0.08,0.0,0.0,0.0,0.15247886814401732,0.0,0.0,0.0,0.0,-0.013926409459469448,-0.013928059539793036,-1.650080323588668e-06,3.0,1.0,0.0
Queue-load-0.45,0.45,603,noG,8,8.0,0.0,0.08,0.0,0.0,0.0,0.15213235919546714,0.0,0.0,0.0,0.0,-0.013640913054097462,-0.013642699513087386,-1.7864589899243416e-06,3.0,1.0,0.0
Queue-load-0.45,0.45,603,noG,9,9.0,0.0,0.08,0.0,0.0,0.0,0.1517833020235536,0.0,0.0,0.0,0.0,-0.013368488316363664,-0.013370347238084168,-1.8589217205041558e-06,3.0,1.0,0.0
Queue-load-0.45,0.45,603,noG,10,10.0,0.0,0.08,0.0,0.0,0.0,0.1514316982376327,0.0,0.0,0.0,0.0,-0.013109571639525381,-0.013111432897972897,-1.8612584475156957e-06,3.0,1.0,0.0
Queue-load-0.45,0.45,603,noG,11,11.0,0.0,0.08,0.0,0.0,0.0,0.15107753686134484,0.0,0.0,0.0,0.0,-0.012864142796979018,-0.012865935786131821,-1.7929891528035286e-06,3.0,1.0,0.0
Queue-load-0.45,0.45,603,noG,12,12.0,0.0,0.08,0.0,0.0,0.0,0.15072079564376833,0.0,0.0,0.0,0.0,-0.012631731437387434,-0.012633391352686374,-1.6599152989401483e-06,3.0,1.0,0.0
Queue-load-0.45,0.45,603,noG,13,13.0,0.0,0.08,0.0,0.0,0.0,0.1503614423831272,0.0,0.0,0.0,0.0,-0.012411465893430574,-0.012412941898263252,-1.4760048326779157e-06,3.0,1.0,0.0
Queue-load-0.45,0.45,603,noG,14,14.0,0.0,0.08,0.0,0.0,0.0,0.14999943625539075,0.0,0.0,0.0,0.0,-0.012202174997446332,-0.012203437794617411,-1.2627971710792857e-06,3.0,1.0,0.0
Queue-load-0.45,0.45,603,noG,15,15.0,0.0,0.08,0.0,0.0,0.0,0.14963472914083056,0.0,0.0,0.0,0.0,-0.01200253361200233,-0.012003578577023166,-1.0449650208362027e-06,3.0,1.0,0.0
Queue-load-0.45,0.45,603,noG,16,16.0,0.0,0.08,0.0,0.0,0.0,0.14926726694225798,0.0,0.0,0.0,0.0,-0.011811218990680989,-0.011812063093611158,-8.441029301694408e-07,3.0,1.0,0.0
Queue-load-0.45,0.45,603,noG,17,17.0,0.0,0.08,0.0,0.0,0.0,0.1488969908892393,0.0,0.0,0.0,0.0,-0.011627038655621152,-0.01162771295260212,-6.742969809684501e-07,3.0,1.0,0.0
Queue-load-0.45,0.45,603,noG,18,18.0,0.0,0.08,0.0,0.0,0.0,0.14852383882308273,0.0,0.0,0.0,0.0,-0.011449006632005973,-0.01144954840771284,-5.417757068665319e-07,3.0,1.0,0.0
Queue-load-0.45,0.45,603,noG,19,19.0,0.0,0.08,0.0,0.0,0.0,0.1481477464578161,0.0,0.0,0.0,0.0,-0.01127637215730775,-0.011276820294013667,-4.481367059175345e-07,3.0,1.0,0.0
Queue-load-0.45,0.45,603,noG,20,20.0,0.0,0.08,0.0,0.0,0.0,0.1477686486127161,0.0,0.0,0.0,0.0,-0.011108624835348814,-0.011109019177409252,-3.943420604380493e-07,3.0,1.0,0.0
Queue-load-0.45,0.45,603,noG,21,21.0,0.0,0.08,0.0,0.0,0.0,0.14738648041224248,0.0,0.0,0.0,0.0,-0.010945500252847276,-0.010945882682864116,-3.8243001684000466e-07,3.0,1.0,0.0
Queue-load-0.45,0.45,603,noG,22,22.0,0.0,0.08,0.0,0.0,0.0,0.14700117844945976,0.0,0.0,0.0,0.0,-0.010786992257432675,-0.010787406010064338,-4.1375263166304466e-07,3.0,1.0,0.0
Queue-load-0.45,0.45,603,noG,23,23.0,0.0,0.08,0.0,0.0,0.0,0.14661268190921709,0.0,0.0,0.0,0.0,-0.010633356321087837,-0.010633841319058313,-4.849979704756036e-07,3.0,1.0,0.0
Queue-load-0.45,0.45,603,noG,24,24.0,0.0,0.08,0.0,0.0,0.0,0.14622093364749822,0.0,0.0,0.0,0.0,-0.010485077783607286,-0.010485662514934546,-5.84731327260557e-07,3.0,1.0,0.0
Queue-load-0.45,0.45,603,noG,25,25.0,0.0,0.08,0.0,0.0,0.0,0.14582588122347948,0.0,0.0,0.0,0.0,-0.010342786328596037,-0.010343479313839943,-6.929852439056111e-07,3.0,1.0,0.0
Queue-load-0.45,0.45,603,PPM-3,1,3.0,0.0,0.01,0.0,,,,,,,,,,,,3.0,0.0
Queue-load-0.45,0.45,603,PPM-3,2,6.0,0.0,0.01,0.0,,,,,,,,,,,,3.0,0.0
Queue-load-0.45,0.45,603,PPM-3,3,9.0,0.0,0.01,0.0,,,,,,,,,,,,3.0,0.0
Queue-load-0.45,0.45,603,PPM-3,4,12.0,0.0,0.01,0.0,,,,,,,,,,,,3.0,0.0
Queue-load-0.45,0.45,603,PPM-3,5,15.0,0.0,0.01,0.0,,,,,,,,,,,,3.0,0.0
Queue-load-0.45,0.45,603,PPM-3,6,18.0,0.0,0.01,0.0,,,,,,,,,,,,3.0,0.0
Queue-load-0.45,0.45,603,PPM-3,7,21.0,0.0,0.01,0.0,,,,,,,,,,,,3.0,0.0
Queue-load-0.45,0.45,603,PPM-3,8,24.0,0.0,0.01,0.0,,,,,,,,,,,,3.0,0.0
Queue-load-0.45,0.45,603,PPM-3,9,27.0,0.0,0.01,0.0,,,,,,,,,,,,3.0,0.0
Queue-load-0.45,0.45,603,PPM-3,10,30.0,0.0,0.01,0.0,,,,,,,,,,,,3.0,0.0
Queue-load-0.45,0.45,603,PPM-3,11,33.0,0.0,0.01,0.0,,,,,,,,,,,,3.0,0.0
Queue-load-0.45,0.45,603,PPM-3,12,36.0,0.0,0.01,0.0,,,,,,,,,,,,3.0,0.0
Queue-load-0.45,0.45,603,PPM-3,13,39.0,0.0,0.01,0.0,,,,,,,,,,,,3.0,0.0
Queue-load-0.45,0.45,603,PPM-3,14,42.0,0.0,0.01,0.0,,,,,,,,,,,,3.0,0.0
Queue-load-0.45,0.45,603,PPM-3,15,45.0,0.0,0.01,0.0,,,,,,,,,,,,3.0,0.0
Queue-load-0.45,0.45,603,PPM-3,16,48.0,0.0,0.01,0.0,,,,,,,,,,,,3.0,0.0
Queue-load-0.45,0.45,603,PPM-3,17,51.0,0.0,0.01,0.0,,,,,,,,,,,,3.0,0.0
Queue-load-0.45,0.45,603,PPM-3,18,54.0,0.0,0.01,0.0,,,,,,,,,,,,3.0,0.0
Queue-load-0.45,0.45,603,PPM-3,19,57.0,0.0,0.01,0.0,,,,,,,,,,,,3.0,0.0
Queue-load-0.45,0.45,603,PPM-3,20,60.0,0.0,0.01,0.0,,,,,,,,,,,,3.0,0.0
Queue-load-0.45,0.45,603,PPM-3,21,63.0,0.0,0.01,0.0,,,,,,,,,,,,3.0,0.0
Queue-load-0.45,0.45,603,PPM-3,22,66.0,0.0,0.01,0.0,,,,,,,,,,,,3.0,0.0
Queue-load-0.45,0.45,603,PPM-3,23,69.0,0.0,0.01,0.0,,,,,,,,,,,,3.0,0.0
Queue-load-0.45,0.45,603,PPM-3,24,72.0,0.0,0.01,0.0,,,,,,,,,,,,3.0,0.0
Queue-load-0.45,0.45,603,PPM-3,25,75.0,0.0,0.01,0.0,,,,,,,,,,,,3.0,0.0
Queue-load-0.45,0.45,604,QP+G,1,1.0,1.0,0.08,0.12,0.18604385029155593,0.02802428705120447,0.16552625805794327,0.030795142373453453,1.0,0.0,0.0,-0.01639065261450926,-0.01640441243435342,-1.3759819844159915e-05,5.0,1.0,1.0
Queue-load-0.45,0.45,604,QP+G,2,2.0,2.0,0.08,0.12,0.18550708438056204,0.024266973800276734,0.1652707095606204,0.03065888746409737,1.0,0.0,0.0,-0.01630702941115406,-0.016321299336605755,-1.4269925451695226e-05,5.0,1.0,1.0
Queue-load-0.45,0.45,604,QP+G,3,3.0,3.0,0.08,0.12,0.18490744187201166,0.020761716834701575,0.16502449513569417,0.030514257241761444,1.0,0.0,0.0,-0.016222755685194257,-0.01623743244193765,-1.4676756743391833e-05,5.0,1.0,1.0
Queue-load-0.45,0.45,604,QP+G,4,4.0,4.0,0.08,0.12,0.18424791664897658,0.017530227099342956,0.16478696415710636,0.030361654836856423,1.0,0.0,0.0,-0.016138385328459393,-0.016153369723787225,-1.4984395327832106e-05,5.0,1.0,1.0
Queue-load-0.45,0.45,604,QP+G,5,5.0,5.0,0.08,0.12,0.18353191182380346,0.014592559676538837,0.16455742723964725,0.030201539226098893,1.0,0.0,0.0,-0.016054360748851113,-0.016069547292404174,-1.5186543553060566e-05,5.0,1.0,1.0
Queue-load-0.45,0.45,604,QP+G,6,6.0,6.0,0.08,0.12,0.18276321287394032,0.011966958187062943,0.16433516357589728,0.03003442248329552,1.0,0.0,0.0,-0.015970943160001305,-0.015986206230497846,-1.526307049654063e-05,5.0,1.0,1.0
Queue-load-0.45,0.45,604,QP+G,7,7.0,7.0,0.08,0.12,0.18194595373084088,0.009669708326687801,0.16411942844254038,0.029860865933738504,1.0,0.0,0.0,-0.01588813128547146,-0.015903314035631944,-1.5182750160484815e-05,5.0,1.0,1.0
Queue-load-0.45,0.45,604,QP+G,8,8.0,8.0,0.08,0.12,0.18108457595532723,0.007715003329770545,0.1639094607618516,0.029681475197126245,1.0,0.0,0.0,-0.015805596525431443,-0.015820508646590348,-1.4912121158904695e-05,5.0,1.0,1.0
Queue-load-0.45,0.45,604,QP+G,9,9.0,9.0,0.08,0.12,0.18018378136851154,0.006114824339507612,0.1637044906004171,0.02949689414338911,1.0,0.0,0.0,-0.015722666767494637,-0.01573709448702232,-1.4427719527681376e-05,5.0,1.0,1.0
Queue-load-0.45,0.45,604,QP+G,10,10.0,10.0,0.08,0.12,0.17924847874595842,0.004878838800428657,0.16350374648667637,0.029307797827001585,1.0,0.0,0.0,-0.015638381806612377,-0.015652109041565332,-1.3727234952954498e-05,5.0,1.0,1.0
Queue-load-0.45,0.45,604,QP+G,11,11.0,11.0,0.08,0.12,0.1782837254145493,0.004014320051955185,0.1633064624318114,0.029114884506614473,1.0,0.0,0.0,-0.015551622690283614,-0.015564457848361801,-1.2835158078186928e-05,5.0,1.0,1.0
Queue-load-0.45,0.45,604,QP+G,12,12.0,12.0,0.08,0.12,0.17729466480624428,0.0035260912694096,0.16311188454480316,0.028918866896285693,1.0,0.0,0.0,-0.01546129219116754,-0.015473092503793584,-1.1800312626044154e-05,5.0,1.0,1.0
Queue-load-0.45,0.45,604,QP+G,13,13.0,13.0,0.08,0.12,0.17628646121063915,0.003416496747487621,0.162919277141975,0.028720462830354145,1.0,0.0,0.0,-0.015366503623594043,-0.015377189334095487,-1.0685710501443998e-05,5.0,1.0,1.0
Queue-load-0.45,0.45,604,QP+G,14,14.0,14.0,0.08,0.12,0.1752642331192914,0.0036854032294964755,0.16272792826368515,0.02852038555422584,1.0,0.0,0.0,-0.015266729083888157,-0.015276283182183992,-9.554098295835173e-06,5.0,1.0,1.0
Queue-load-0.45,0.45,604,QP+G,15,15.0,15.0,0.08,0.12,0.17423298666095918,0.004330233536957741,0.16253715452559858,0.02831933387636888,1.0,0.0,0.0,-0.015161868808340511,-0.015170322489529209,-8.453681188697743e-06,5.0,1.0,1.0
Queue-load-0.45,0.45,604,QP+G,16,16.0,16.0,0.08,0.12,0.17319755068148307,0.005346034140140514,0.16234630524857185,0.028117982431241046,1.0,0.0,0.0,-0.015052224457478345,-0.015059631971498622,-7.407514020276937e-06,5.0,1.0,1.0
Queue-load-0.45,0.45,604,QP+G,17,17.0,17.0,0.08,0.12,0.17216251502053098,0.006725577532818891,0.16215476582902544,0.027916972307690278,1.0,0.0,0.0,-0.01493838071460253,-0.014944789417020488,-6.408702417958281e-06,5.0,1.0,1.0
Queue-load-0.45,0.45,604,QP+G,18,18.0,18.0,0.08,0.12,0.17113217347802243,0.00845949934954407,0.1619619603300909,0.027716902292049702,1.0,0.0,0.0,-0.014821018274989323,-0.014826441355479503,-5.423080490179685e-06,5.0,1.0,1.0
Queue-load-0.45,0.45,604,QP+G,19,19.0,19.0,0.08,0.12,0.17011047284667585,0.010536469120769517,0.16176735329212624,0.027518320959678863,1.0,0.0,0.0,-0.014700699879768643,-0.014705099835390811,-4.399955622168619e-06,5.0,1.0,1.0
Queue-load-0.45,0.45,604,QP+G,20,20.0,20.0,0.08,0.12,0.16910096921776552,0.012943392444000529,0.161570450778805,0.0273217198236472,1.0,0.0,0.0,-0.014577685524009119,-0.014580973793263396,-3.2882692542774566e-06,5.0,1.0,1.0
Queue-load-0.45,0.45,604,QP+G,21,21.0,21.0,0.08,0.12,0.16810679255171507,0.01566564121364602,0.1613708006913063,0.027127527715717584,1.0,0.0,0.0,-0.014451829641441077,-0.01445388179323892,-2.052151797844043e-06,5.0,1.0,1.0
Queue-load-0.45,0.45,604,QP+G,22,22.0,22.0,0.08,0.12,0.16713062025288564,0.018687307462989314,0.16116799239771068,0.026936106534341742,1.0,0.0,0.0,-0.014322585341061749,-0.014323265309160504,-6.799680987556317e-07,5.0,1.0,1.0
Queue-load-0.45,0.45,604,QP+G,23,23.0,23.0,0.08,0.12,0.16617466021039543,0.021991475396073795,0.16096165573717305,0.026747748449027376,1.0,0.0,0.0,-0.01418910207360367,-0.014188286850426834,8.152231768358831e-07,5.0,1.0,1.0
Queue-load-0.45,0.45,604,QP+G,24,24.0,24.0,0.08,0.12,0.16524064347674072,0.025560505390718396,0.16075145946853142,0.026562674602405335,1.0,0.0,0.0,-0.014050376195456174,-0.014047974979066069,2.401216390104585e-06,5.0,1.0,1.0
Queue-load-0.45,0.45,604,QP+G,25,25.0,25.0,0.08,0.12,0.16432982646674882,0.02937632319215706,0.16053710924059184,0.026381035302979954,1.0,0.0,0.0,-0.013905412527428676,-0.013901379439430706,4.03308799797053e-06,5.0,1.0,1.0
Queue-load-0.45,0.45,604,noG,1,1.0,0.0,0.08,0.0,0.0,0.0,0.16552625805794327,0.0,0.0,0.0,0.0,-0.010820770036078385,-0.010821212101206346,-4.420651279601201e-07,3.0,1.0,0.0
Queue-load-0.45,0.45,604,noG,2,2.0,0.0,0.08,0.0,0.0,0.0,0.16546824000857524,0.0,0.0,0.0,0.0,-0.010757308137793308,-0.010757927763109354,-6.196253160457854e-07,3.0,1.0,0.0
Queue-load-0.45,0.45,604,noG,3,3.0,0.0,0.08,0.0,0.0,0.0,0.1654214843135207,0.0,0.0,0.0,0.0,-0.010699261763955885,-0.010700037269173013,-7.755052171282834e-07,3.0,1.0,0.0
Queue-load-0.45,0.45,604,noG,4,4.0,0.0,0.08,0.0,0.0,0.0,0.16538545276870975,0.0,0.0,0.0,0.0,-0.010647364505869363,-0.010648270498566426,-9.059926970624022e-07,3.0,1.0,0.0
Queue-load-0.45,0.45,604,noG,5,5.0,0.0,0.08,0.0,0.0,0.0,0.16535953398699219,0.0,0.0,0.0,0.0,-0.01060217541201089,-0.010603185145555472,-1.0097335445807126e-06,3.0,1.0,0.0
Queue-load-0.45,0.45,604,noG,6,6.0,0.0,0.08,0.0,0.0,0.0,0.16534304615591155,0.0,0.0,0.0,0.0,-0.01056407564678816,-0.010565162165572684,-1.0865187845231217e-06,3.0,1.0,0.0
Queue-load-0.45,0.45,604,noG,7,7.0,0.0,0.08,0.0,0.0,0.0,0.16533524045308914,0.0,0.0,0.0,0.0,-0.0105332696044237,-0.01053440585673071,-1.1362523070108932e-06,3.0,1.0,0.0
Queue-load-0.45,0.45,604,noG,8,8.0,0.0,0.08,0.0,0.0,0.0,0.16533530510920566,0.0,0.0,0.0,0.0,-0.010509784243619948,-0.010510942918783961,-1.158675164012607e-06,3.0,1.0,0.0
Queue-load-0.45,0.45,604,noG,9,9.0,0.0,0.08,0.0,0.0,0.0,0.16534237010127567,0.0,0.0,0.0,0.0,-0.010493466046034664,-0.010494620041459513,-1.1539954248487166e-06,3.0,1.0,0.0
Queue-load-0.45,0.45,604,noG,10,10.0,0.0,0.08,0.0,0.0,0.0,0.1653555124511408,0.0,0.0,0.0,0.0,-0.01048398095123125,-0.010485105089138358,-1.1241379071075253e-06,3.0,1.0,0.0
Queue-load-0.45,0.45,604,noG,11,11.0,0.0,0.08,0.0,0.0,0.0,0.16537376209597893,0.0,0.0,0.0,0.0,-0.010480826184262602,-0.010481900219446505,-1.07403518390288e-06,3.0,1.0,0.0
Queue-load-0.45,0.45,604,noG,12,12.0,0.0,0.08,0.0,0.0,0.0,0.1653961082891779,0.0,0.0,0.0,0.0,-0.010483362459519087,-0.010484374769386573,-1.012309867485725e-06,3.0,1.0,0.0
Queue-load-0.45,0.45,604,noG,13,13.0,0.0,0.08,0.0,0.0,0.0,0.16542150648129594,0.0,0.0,0.0,0.0,-0.01049087042386512,-0.010491821266429113,-9.508425639938312e-07,3.0,1.0,0.0
Queue-load-0.45,0.45,604,noG,14,14.0,0.0,0.08,0.0,0.0,0.0,0.16544888562216145,0.0,0.0,0.0,0.0,-0.01050262757275316,-0.010503530633789726,-9.03061036566441e-07,3.0,1.0,0.0
Queue-load-0.45,0.45,604,noG,15,15.0,0.0,0.08,0.0,0.0,0.0,0.16547715581663044,0.0,0.0,0.0,0.0,-0.010517993668446303,-0.01051887495590531,-8.812874590074377e-07,3.0,1.0,0.0
Queue-load-0.45,0.45,604,noG,16,16.0,0.0,0.08,0.0,0.0,0.0,0.1655052162583304,0.0,0.0,0.0,0.0,-0.010536487165309576,-0.0105373810448115,-8.938795019244883e-07,3.0,1.0,0.0
Queue-load-0.45,0.45,604,noG,17,17.0,0.0,0.08,0.0,0.0,0.0,0.16553196335808704,0.0,0.0,0.0,0.0,-0.010557834633097623,-0.01055877760229329,-9.429691956667346e-07,3.0,1.0,0.0
Queue-load-0.45,0.45,604,noG,18,18.0,0.0,0.08,0.0,0.0,0.0,0.1655562989769159,0.0,0.0,0.0,0.0,-0.010581979572292295,-0.010583002835632627,-1.0232633403314817e-06,3.0,1.0,0.0
Queue-load-0.45,0.45,604,noG,19,19.0,0.0,0.08,0.0,0.0,0.0,0.16557713866769408,0.0,0.0,0.0,0.0,-0.01060904398438398,-0.01061016607063614,-1.1220862521608976e-06,3.0,1.0,0.0
Queue-load-0.45,0.45,604,noG,20,20.0,0.0,0.08,0.0,0.0,0.0,0.16559341982520756,0.0,0.0,0.0,0.0,-0.010639244123547737,-0.01064046500783622,-1.22088428848241e-06,3.0,1.0,0.0
Queue-load-0.45,0.45,604,noG,21,21.0,0.0,0.08,0.0,0.0,0.0,0.16560410964136119,0.0,0.0,0.0,0.0,-0.010672771610272433,-0.010674070071019948,-1.298460747515065e-06,3.0,1.0,0.0
Queue-load-0.45,0.45,604,noG,22,22.0,0.0,0.08,0.0,0.0,0.0,0.16560821276124654,0.0,0.0,0.0,0.0,-0.010709662270102567,-0.010710997848963899,-1.3355788613320096e-06,3.0,1.0,0.0
Queue-load-0.45,0.45,604,noG,23,23.0,0.0,0.08,0.0,0.0,0.0,0.16560477853662514,0.0,0.0,0.0,0.0,-0.010749682820924514,-0.010751002383858399,-1.3195629338848963e-06,3.0,1.0,0.0
Queue-load-0.45,0.45,604,noG,24,24.0,0.0,0.08,0.0,0.0,0.0,0.1655929077763354,0.0,0.0,0.0,0.0,-0.010792263562146884,-0.010793510739988577,-1.2471778416921209e-06,3.0,1.0,0.0
Queue-load-0.45,0.45,604,noG,25,25.0,0.0,0.08,0.0,0.0,0.0,0.16557175889829018,0.0,0.0,0.0,0.0,-0.010836492563120654,-0.010837617397006838,-1.124833886183979e-06,3.0,1.0,0.0
Queue-load-0.45,0.45,604,PPM-3,1,3.0,0.0,0.01,0.0,,,,,,,,,,,,3.0,0.0
Queue-load-0.45,0.45,604,PPM-3,2,6.0,0.0,0.01,0.0,,,,,,,,,,,,3.0,0.0
Queue-load-0.45,0.45,604,PPM-3,3,9.0,0.0,0.01,0.0,,,,,,,,,,,,3.0,0.0
Queue-load-0.45,0.45,604,PPM-3,4,12.0,0.0,0.01,0.0,,,,,,,,,,,,3.0,0.0
Queue-load-0.45,0.45,604,PPM-3,5,15.0,0.0,0.01,0.0,,,,,,,,,,,,3.0,0.0
Queue-load-0.45,0.45,604,PPM-3,6,18.0,0.0,0.01,0.0,,,,,,,,,,,,3.0,0.0
Queue-load-0.45,0.45,604,PPM-3,7,21.0,0.0,0.01,0.0,,,,,,,,,,,,3.0,0.0
Queue-load-0.45,0.45,604,PPM-3,8,24.0,0.0,0.01,0.0,,,,,,,,,,,,3.0,0.0
Queue-load-0.45,0.45,604,PPM-3,9,27.0,0.0,0.01,0.0,,,,,,,,,,,,3.0,0.0
Queue-load-0.45,0.45,604,PPM-3,10,30.0,0.0,0.01,0.0,,,,,,,,,,,,3.0,0.0
Queue-load-0.45,0.45,604,PPM-3,11,33.0,0.0,0.01,0.0,,,,,,,,,,,,3.0,0.0
Queue-load-0.45,0.45,604,PPM-3,12,36.0,0.0,0.01,0.0,,,,,,,,,,,,3.0,0.0
Queue-load-0.45,0.45,604,PPM-3,13,39.0,0.0,0.01,0.0,,,,,,,,,,,,3.0,0.0
Queue-load-0.45,0.45,604,PPM-3,14,42.0,0.0,0.01,0.0,,,,,,,,,,,,3.0,0.0
Queue-load-0.45,0.45,604,PPM-3,15,45.0,0.0,0.01,0.0,,,,,,,,,,,,3.0,0.0
Queue-load-0.45,0.45,604,PPM-3,16,48.0,0.0,0.01,0.0,,,,,,,,,,,,3.0,0.0
Queue-load-0.45,0.45,604,PPM-3,17,51.0,0.0,0.01,0.0,,,,,,,,,,,,3.0,0.0
Queue-load-0.45,0.45,604,PPM-3,18,54.0,0.0,0.01,0.0,,,,,,,,,,,,3.0,0.0
Queue-load-0.45,0.45,604,PPM-3,19,57.0,0.0,0.01,0.0,,,,,,,,,,,,3.0,0.0
Queue-load-0.45,0.45,604,PPM-3,20,60.0,0.0,0.01,0.0,,,,,,,,,,,,3.0,0.0
Queue-load-0.45,0.45,604,PPM-3,21,63.0,0.0,0.01,0.0,,,,,,,,,,,,3.0,0.0
Queue-load-0.45,0.45,604,PPM-3,22,66.0,0.0,0.01,0.0,,,,,,,,,,,,3.0,0.0
Queue-load-0.45,0.45,604,PPM-3,23,69.0,0.0,0.01,0.0,,,,,,,,,,,,3.0,0.0
Queue-load-0.45,0.45,604,PPM-3,24,72.0,0.0,0.01,0.0,,,,,,,,,,,,3.0,0.0
Queue-load-0.45,0.45,604,PPM-3,25,75.0,0.0,0.01,0.0,,,,,,,,,,,,3.0,0.0
Queue-load-0.45,0.45,605,QP+G,1,1.0,1.0,0.08,0.0,0.17379540620234563,0.16446148241975186,0.2107752223399806,0.03663176538396665,0.0,0.0,0.0,-0.018452667095084533,-0.018532229569801384,-7.956247471685093e-05,5.0,1.0,1.0
Queue-load-0.45,0.45,605,QP+G,2,2.0,2.0,0.08,0.0,0.1738378370792778,0.1788939205567784,0.2102669592993749,0.03655235341383987,0.0,0.0,0.0,-0.018437099548813195,-0.018513421967364607,-7.632241855141247e-05,5.0,1.0,1.0
Queue-load-0.45,0.45,605,QP+G,3,3.0,3.0,0.08,0.0,0.17386817628269643,0.19320616056319512,0.20971776623562502,0.036463245549468976,0.0,0.0,0.0,-0.018410733519426757,-0.0184833947891212,-7.266126969444203e-05,5.0,1.0,1.0
Queue-load-0.45,0.45,605,QP+G,4,4.0,4.0,0.08,0.0,0.1738814533122277,0.20741237248660951,0.20912834859673265,0.03636354118278605,0.0,0.0,0.0,-0.018373421076105033,-0.01844208702923744,-6.866595313240881e-05,5.0,1.0,1.0
Queue-load-0.45,0.45,605,QP+G,5,5.0,5.0,0.08,0.0,0.17387403535543988,0.2215292383251603,0.20849941266469324,0.03625263424924932,0.0,0.0,0.0,-0.018325095647058462,-0.01838928853377908,-6.419288672061818e-05,5.0,1.0,1.0
Queue-load-0.45,0.45,605,QP+G,6,6.0,6.0,0.08,0.0,0.17384370810517427,0.23557447674381707,0.20783165791878497,0.036130226074247686,0.0,0.0,0.0,-0.018265354177213276,-0.018324362644190906,-5.900846697762946e-05,5.0,1.0,1.0
Queue-load-0.45,0.45,605,QP+G,7,7.0,7.0,0.08,0.0,0.1737897127273657,0.2495653548088928,0.20712577200401516,0.035996328415011644,0.0,0.0,0.0,-0.018193324328435904,-0.018246262910428523,-5.2938581992619665e-05,5.0,1.0,1.0
Queue-load-0.45,0.45,605,QP+G,8,8.0,8.0,0.08,0.0,0.17371273767900053,0.26351723110263153,0.2063824284006762,0.03585125664632177,0.0,0.0,0.0,-0.018107832665512157,-0.018153852279484184,-4.601961397202731e-05,5.0,1.0,1.0
Queue-load-0.45,0.45,605,QP+G,9,9.0,9.0,0.08,0.0,0.17361486506587667,0.27744217454500913,0.20560228679841377,0.035695613279742286,0.0,0.0,0.0,-0.018007868283420124,-0.018046474730805784,-3.8606447385659826e-05,5.0,1.0,1.0
Queue-load-0.45,0.45,605,QP+G,10,10.0,10.0,0.08,0.0,0.1734994722943127,0.29134770353015144,0.20478599608457373,0.03553026225393873,0.0,0.0,0.0,-0.017893226635156766,-0.017924571312937676,-3.134467778091038e-05,5.0,1.0,1.0
Queue-load-0.45,0.45,605,QP+G,11,11.0,11.0,0.08,0.0,0.17337109094012976,0.30523569012245105,0.20393419976528648,0.03535629469331007,0.0,0.0,0.0,-0.017765029996992518,-0.017789976847931044,-2.494685093852589e-05,5.0,1.0,1.0
Queue-load-0.45,0.45,605,QP+G,12,12.0,12.0,0.08,0.0,0.17323522604737482,0.31910147335617406,0.20304754355208487,0.03517498710560961,0.0,0.0,0.0,-0.0176257411205922,-0.017645599931546574,-1.9858810954374168e-05,5.0,1.0,1.0
Queue-load-0.45,0.45,605,QP+G,13,13.0,13.0,0.08,0.0,0.1730981404707329,0.3329332232975956,0.2021266847701805,0.03498775327323225,0.0,0.0,0.0,-0.01747852023187824,-0.017494561961237665,-1.604172935942491e-05,5.0,1.0,1.0
Queue-load-0.45,0.45,605,QP+G,14,14.0,14.0,0.08,0.0,0.17296661035179817,0.34671159259487266,0.2011723031798599,0.034796091377684635,0.0,0.0,0.0,-0.017326236937958137,-0.017339275996728354,-1.3039058770217271e-05,5.0,1.0,1.0
Queue-load-0.45,0.45,605,QP+G,15,15.0,15.0,0.08,0.0,0.17284765929959653,0.36040968403388957,0.2001851127524298,0.03460152816588331,0.0,0.0,0.0,-0.01717071556586355,-0.017180980464387208,-1.0264898523657667e-05,5.0,1.0,1.0
Queue-load-0.45,0.45,605,QP+G,16,16.0,16.0,0.08,0.0,0.17274828022652997,0.3739933507346804,0.1991658739089489,0.03440556219758484,0.0,0.0,0.0,-0.017012587920089126,-0.01701988141617683,-7.293496087704132e-06,5.0,1.0,1.0
Queue-load-0.45,0.45,605,QP+G,17,17.0,17.0,0.08,0.0,0.1726751549426709,0.3874218301514618,0.1981154057150329,0.03420960837837341,0.0,0.0,0.0,-0.01685168180509408,-0.01685566368707825,-3.981881984169849e-06,5.0,1.0,1.0
Queue-load-0.45,0.45,605,QP+G,18,18.0,18.0,0.08,0.0,0.17263438239098983,0.4006486946851237,0.19703459752914843,0.03401494605410179,0.0,0.0,0.0,-0.01668758597985939,-0.01668798843611352,-4.024562541317389e-07,5.0,1.0,1.0
Queue-load-0.45,0.45,605,QP+G,19,19.0,19.0,0.08,0.0,0.17263122667500078,0.4136230818338066,0.19592441962490662,0.033822672895435224,0.0,0.0,0.0,-0.016518745945205044,-0.01651669830127478,2.0476439302648253e-06,5.0,1.0,1.0
Queue-load-0.45,0.45,605,QP+G,20,20.0,20.0,0.08,0.0,0.172669895676352,0.4262911473067903,0.1947859323490682,0.033633666617934564,0.0,0.0,0.0,-0.01634378980799224,-0.016341689175739305,2.1006322529354415e-06,5.0,1.0,1.0
Queue-load-0.45,0.45,605,QP+G,21,21.0,21.0,0.08,0.0,0.17275336001953936,0.4385976676482425,0.19362029343450918,0.03344855625878062,0.0,0.0,0.0,-0.016164850273393663,-0.01616264418781066,2.206085583003614e-06,5.0,1.0,1.0
Queue-load-0.45,0.45,605,QP+G,22,22.0,22.0,0.08,0.0,0.17288322041719514,0.45048770688216866,0.19242876315882512,0.0332677042757954,0.0,0.0,0.0,-0.015981256813639218,-0.01597890392038126,2.352893257957789e-06,5.0,1.0,1.0
Queue-load-0.45,0.45,605,QP+G,23,23.0,23.0,0.08,0.0,0.17305962910191935,0.4619082563034912,0.1912127071213572,0.03309120017399601,0.0,0.0,0.0,-0.015792099114611977,-0.015789608912046393,2.4902025655831883e-06,5.0,1.0,1.0
Queue-load-0.45,0.45,605,QP+G,24,24.0,24.0,0.08,0.0,0.17328126827308724,0.47280975882391496,0.18997359650061166,0.03291886574002571,0.0,0.0,0.0,-0.015596589789750068,-0.015594028738202592,2.5610515474762396e-06,5.0,1.0,1.0
Queue-load-0.45,0.45,605,QP+G,25,25.0,25.0,0.08,0.0,0.17354538547321022,0.48314743923284553,0.18871300574631028,0.03275027132605155,0.0,0.0,0.0,-0.01539440637886062,-0.015391871367868681,2.5350109919379527e-06,5.0,1.0,1.0
Queue-load-0.45,0.45,605,noG,1,1.0,0.0,0.08,0.0,0.0,0.0,0.2107752223399806,0.0,0.0,0.0,0.0,-0.018452667095084533,-0.018532229569801384,-7.956247471685093e-05,3.0,1.0,0.0
Queue-load-0.45,0.45,605,noG,2,2.0,0.0,0.08,0.0,0.0,0.0,0.2102669592993749,0.0,0.0,0.0,0.0,-0.018437099548813195,-0.018513421967364607,-7.632241855141247e-05,3.0,1.0,0.0
Queue-load-0.45,0.45,605,noG,3,3.0,0.0,0.08,0.0,0.0,0.0,0.20971776623562502,0.0,0.0,0.0,0.0,-0.018410733519426757,-0.0184833947891212,-7.266126969444203e-05,3.0,1.0,0.0
Queue-load-0.45,0.45,605,noG,4,4.0,0.0,0.08,0.0,0.0,0.0,0.20912834859673265,0.0,0.0,0.0,0.0,-0.018373421076105033,-0.01844208702923744,-6.866595313240881e-05,3.0,1.0,0.0
Queue-load-0.45,0.45,605,noG,5,5.0,0.0,0.08,0.0,0.0,0.0,0.20849941266469324,0.0,0.0,0.0,0.0,-0.018325095647058462,-0.01838928853377908,-6.419288672061818e-05,3.0,1.0,0.0
Queue-load-0.45,0.45,605,noG,6,6.0,0.0,0.08,0.0,0.0,0.0,0.20783165791878497,0.0,0.0,0.0,0.0,-0.018265354177213276,-0.018324362644190906,-5.900846697762946e-05,3.0,1.0,0.0
Queue-load-0.45,0.45,605,noG,7,7.0,0.0,0.08,0.0,0.0,0.0,0.20712577200401516,0.0,0.0,0.0,0.0,-0.018193324328435904,-0.018246262910428523,-5.2938581992619665e-05,3.0,1.0,0.0
Queue-load-0.45,0.45,605,noG,8,8.0,0.0,0.08,0.0,0.0,0.0,0.2063824284006762,0.0,0.0,0.0,0.0,-0.018107832665512157,-0.018153852279484184,-4.601961397202731e-05,3.0,1.0,0.0
Queue-load-0.45,0.45,605,noG,9,9.0,0.0,0.08,0.0,0.0,0.0,0.20560228679841377,0.0,0.0,0.0,0.0,-0.018007868283420124,-0.018046474730805784,-3.8606447385659826e-05,3.0,1.0,0.0
Queue-load-0.45,0.45,605,noG,10,10.0,0.0,0.08,0.0,0.0,0.0,0.20478599608457373,0.0,0.0,0.0,0.0,-0.017893226635156766,-0.017924571312937676,-3.134467778091038e-05,3.0,1.0,0.0
Queue-load-0.45,0.45,605,noG,11,11.0,0.0,0.08,0.0,0.0,0.0,0.20393419976528648,0.0,0.0,0.0,0.0,-0.017765029996992518,-0.017789976847931044,-2.494685093852589e-05,3.0,1.0,0.0
Queue-load-0.45,0.45,605,noG,12,12.0,0.0,0.08,0.0,0.0,0.0,0.20304754355208487,0.0,0.0,0.0,0.0,-0.0176257411205922,-0.017645599931546574,-1.9858810954374168e-05,3.0,1.0,0.0
Queue-load-0.45,0.45,605,noG,13,13.0,0.0,0.08,0.0,0.0,0.0,0.2021266847701805,0.0,0.0,0.0,0.0,-0.01747852023187824,-0.017494561961237665,-1.604172935942491e-05,3.0,1.0,0.0
Queue-load-0.45,0.45,605,noG,14,14.0,0.0,0.08,0.0,0.0,0.0,0.2011723031798599,0.0,0.0,0.0,0.0,-0.017326236937958137,-0.017339275996728354,-1.3039058770217271e-05,3.0,1.0,0.0
Queue-load-0.45,0.45,605,noG,15,15.0,0.0,0.08,0.0,0.0,0.0,0.2001851127524298,0.0,0.0,0.0,0.0,-0.01717071556586355,-0.017180980464387208,-1.0264898523657667e-05,3.0,1.0,0.0
Queue-load-0.45,0.45,605,noG,16,16.0,0.0,0.08,0.0,0.0,0.0,0.1991658739089489,0.0,0.0,0.0,0.0,-0.017012587920089126,-0.01701988141617683,-7.293496087704132e-06,3.0,1.0,0.0
Queue-load-0.45,0.45,605,noG,17,17.0,0.0,0.08,0.0,0.0,0.0,0.1981154057150329,0.0,0.0,0.0,0.0,-0.01685168180509408,-0.01685566368707825,-3.981881984169849e-06,3.0,1.0,0.0
Queue-load-0.45,0.45,605,noG,18,18.0,0.0,0.08,0.0,0.0,0.0,0.19703459752914843,0.0,0.0,0.0,0.0,-0.01668758597985939,-0.01668798843611352,-4.024562541317389e-07,3.0,1.0,0.0
Queue-load-0.45,0.45,605,noG,19,19.0,0.0,0.08,0.0,0.0,0.0,0.19592441962490662,0.0,0.0,0.0,0.0,-0.016518745945205044,-0.01651669830127478,2.0476439302648253e-06,3.0,1.0,0.0
Queue-load-0.45,0.45,605,noG,20,20.0,0.0,0.08,0.0,0.0,0.0,0.1947859323490682,0.0,0.0,0.0,0.0,-0.01634378980799224,-0.016341689175739305,2.1006322529354415e-06,3.0,1.0,0.0
Queue-load-0.45,0.45,605,noG,21,21.0,0.0,0.08,0.0,0.0,0.0,0.19362029343450918,0.0,0.0,0.0,0.0,-0.016164850273393663,-0.01616264418781066,2.206085583003614e-06,3.0,1.0,0.0
Queue-load-0.45,0.45,605,noG,22,22.0,0.0,0.08,0.0,0.0,0.0,0.19242876315882512,0.0,0.0,0.0,0.0,-0.015981256813639218,-0.01597890392038126,2.352893257957789e-06,3.0,1.0,0.0
Queue-load-0.45,0.45,605,noG,23,23.0,0.0,0.08,0.0,0.0,0.0,0.1912127071213572,0.0,0.0,0.0,0.0,-0.015792099114611977,-0.015789608912046393,2.4902025655831883e-06,3.0,1.0,0.0
Queue-load-0.45,0.45,605,noG,24,24.0,0.0,0.08,0.0,0.0,0.0,0.18997359650061166,0.0,0.0,0.0,0.0,-0.015596589789750068,-0.015594028738202592,2.5610515474762396e-06,3.0,1.0,0.0
Queue-load-0.45,0.45,605,noG,25,25.0,0.0,0.08,0.0,0.0,0.0,0.18871300574631028,0.0,0.0,0.0,0.0,-0.01539440637886062,-0.015391871367868681,2.5350109919379527e-06,3.0,1.0,0.0
Queue-load-0.45,0.45,605,PPM-3,1,3.0,0.0,0.01,0.0,,,,,,,,,,,,3.0,0.0
Queue-load-0.45,0.45,605,PPM-3,2,6.0,0.0,0.01,0.0,,,,,,,,,,,,3.0,0.0
Queue-load-0.45,0.45,605,PPM-3,3,9.0,0.0,0.01,0.0,,,,,,,,,,,,3.0,0.0
Queue-load-0.45,0.45,605,PPM-3,4,12.0,0.0,0.01,0.0,,,,,,,,,,,,3.0,0.0
Queue-load-0.45,0.45,605,PPM-3,5,15.0,0.0,0.01,0.0,,,,,,,,,,,,3.0,0.0
Queue-load-0.45,0.45,605,PPM-3,6,18.0,0.0,0.01,0.0,,,,,,,,,,,,3.0,0.0
Queue-load-0.45,0.45,605,PPM-3,7,21.0,0.0,0.01,0.0,,,,,,,,,,,,3.0,0.0
Queue-load-0.45,0.45,605,PPM-3,8,24.0,0.0,0.01,0.0,,,,,,,,,,,,3.0,0.0
Queue-load-0.45,0.45,605,PPM-3,9,27.0,0.0,0.01,0.0,,,,,,,,,,,,3.0,0.0
Queue-load-0.45,0.45,605,PPM-3,10,30.0,0.0,0.01,0.0,,,,,,,,,,,,3.0,0.0
Queue-load-0.45,0.45,605,PPM-3,11,33.0,0.0,0.01,0.0,,,,,,,,,,,,3.0,0.0
Queue-load-0.45,0.45,605,PPM-3,12,36.0,0.0,0.01,0.0,,,,,,,,,,,,3.0,0.0
Queue-load-0.45,0.45,605,PPM-3,13,39.0,0.0,0.01,0.0,,,,,,,,,,,,3.0,0.0
Queue-load-0.45,0.45,605,PPM-3,14,42.0,0.0,0.01,0.0,,,,,,,,,,,,3.0,0.0
Queue-load-0.45,0.45,605,PPM-3,15,45.0,0.0,0.01,0.0,,,,,,,,,,,,3.0,0.0
Queue-load-0.45,0.45,605,PPM-3,16,48.0,0.0,0.01,0.0,,,,,,,,,,,,3.0,0.0
Queue-load-0.45,0.45,605,PPM-3,17,51.0,0.0,0.01,0.0,,,,,,,,,,,,3.0,0.0
Queue-load-0.45,0.45,605,PPM-3,18,54.0,0.0,0.01,0.0,,,,,,,,,,,,3.0,0.0
Queue-load-0.45,0.45,605,PPM-3,19,57.0,0.0,0.01,0.0,,,,,,,,,,,,3.0,0.0
Queue-load-0.45,0.45,605,PPM-3,20,60.0,0.0,0.01,0.0,,,,,,,,,,,,3.0,0.0
Queue-load-0.45,0.45,605,PPM-3,21,63.0,0.0,0.01,0.0,,,,,,,,,,,,3.0,0.0
Queue-load-0.45,0.45,605,PPM-3,22,66.0,0.0,0.01,0.0,,,,,,,,,,,,3.0,0.0
Queue-load-0.45,0.45,605,PPM-3,23,69.0,0.0,0.01,0.0,,,,,,,,,,,,3.0,0.0
Queue-load-0.45,0.45,605,PPM-3,24,72.0,0.0,0.01,0.0,,,,,,,,,,,,3.0,0.0
Queue-load-0.45,0.45,605,PPM-3,25,75.0,0.0,0.01,0.0,,,,,,,,,,,,3.0,0.0
Queue-load-0.45,0.45,606,QP+G,1,1.0,1.0,0.08,0.12,0.1253378053444458,0.06646130704573021,0.14050495074886965,0.01761058216689277,1.0,0.0,0.0,-0.009411735465593677,-0.009417877857778034,-6.142392184356818e-06,5.0,1.0,1.0
Queue-load-0.45,0.45,606,QP+G,2,2.0,2.0,0.08,0.12,0.12478562339563412,0.06534638278864303,0.14037007658606124,0.017516167512884557,1.0,0.0,0.0,-0.009258825035612773,-0.00926531791168328,-6.492876070506373e-06,5.0,1.0,1.0
Queue-load-0.45,0.45,606,QP+G,3,3.0,3.0,0.08,0.12,0.12424057898147471,0.06425155036098443,0.1402397672011116,0.01742346987329333,1.0,0.0,0.0,-0.009112377878198718,-0.009119163593952262,-6.785715753543711e-06,5.0,1.0,1.0
Queue-load-0.45,0.45,606,QP+G,4,4.0,4.0,0.08,0.12,0.12370185885292098,0.06319120778534307,0.1401138050811841,0.01733233813949832,1.0,0.0,0.0,-0.008971823734709412,-0.008978833679398779,-7.009944689367192e-06,5.0,1.0,1.0
Queue-load-0.45,0.45,606,QP+G,5,5.0,5.0,0.08,0.12,0.12316873932190534,0.062179938689487305,0.13999195329398628,0.017242632402431343,1.0,0.0,0.0,-0.008836449262082878,-0.008843617971438178,-7.168709355300298e-06,5.0,1.0,1.0
Queue-load-0.45,0.45,606,QP+G,6,6.0,6.0,0.08,0.12,0.12264059070273742,0.06123242096056485,0.1398739560465365,0.017154224593475965,1.0,0.0,0.0,-0.008705492549786137,-0.008712772557410986,-7.280007624848803e-06,5.0,1.0,1.0
Queue-load-0.45,0.45,606,QP+G,7,7.0,7.0,0.08,0.12,0.12211688152008744,0.06036333385292393,0.13975953937160857,0.01706699911074472,1.0,0.0,0.0,-0.008578255899825013,-0.008585632046447689,-7.376146622675717e-06,5.0,1.0,1.0
Queue-load-0.45,0.45,606,QP+G,8,8.0,8.0,0.08,0.12,0.12159718244759911,0.05958726350144875,0.13964841194284322,0.016980853425531385,1.0,0.0,0.0,-0.008454231773559693,-0.008461732118230536,-7.500344670842776e-06,5.0,1.0,1.0
Queue-load-0.45,0.45,606,QP+G,9,9.0,9.0,0.08,0.12,0.12108116992447021,0.058918606810540335,0.13954026601882766,0.01689569866113145,1.0,0.0,0.0,-0.00833322494518815,-0.008340923928697563,-7.698983509413226e-06,5.0,1.0,1.0
Queue-load-0.45,0.45,606,QP+G,10,10.0,10.0,0.08,0.12,0.12056862938162266,0.058371473721534436,0.13943477851555708,0.016811460133750844,1.0,0.0,0.0,-0.008215439224754853,-0.008223449226620438,-8.010001865585079e-06,5.0,1.0,1.0
Queue-load-0.45,0.45,606,QP+G,11,11.0,11.0,0.08,0.12,0.12005945799472291,0.057959587909621336,0.13933161220568538,0.016728077842945506,1.0,0.0,0.0,-0.008101490604007442,-0.008109941163641388,-8.450559633945212e-06,5.0,1.0,1.0
Queue-load-0.45,0.45,606,QP+G,12,12.0,12.0,0.08,0.12,0.11955366686877086,0.057696186025950204,0.13923041704181316,0.01664550689701697,1.0,0.0,0.0,-0.007992322445252996,-0.00800133232090472,-9.0098756517238e-06,5.0,1.0,1.0
Queue-load-0.45,0.45,606,QP+G,13,13.0,13.0,0.08,0.12,0.11905138254869008,0.057593915682748034,0.13913083159978143,0.016563717857102957,1.0,0.0,0.0,-0.00788903322596386,-0.007898684716114435,-9.651490150574052e-06,5.0,1.0,1.0
Queue-load-0.45,0.45,606,QP+G,14,14.0,14.0,0.08,0.12,0.11855284774278112,0.05766473247943865,0.13903248463652754,0.016482696982414804,1.0,0.0,0.0,-0.007792666526007786,-0.007802990969629775,-1.0324443621988894e-05,5.0,1.0,1.0
Queue-load-0.45,0.45,606,QP+G,15,15.0,15.0,0.08,0.12,0.11805842114149588,0.05791979648637581,0.13893499675558477,0.01640244635826319,1.0,0.0,0.0,-0.007704029812227943,-0.0077150075023233455,-1.0977690095402386e-05,5.0,1.0,1.0
Queue-load-0.45,0.45,606,QP+G,16,16.0,16.0,0.08,0.12,0.11756857621321713,0.058369368739546366,0.13883798217173884,0.01632298388824736,1.0,0.0,0.0,-0.007623590722226497,-0.007635161771038845,-1.1571048812348411e-05,5.0,1.0,1.0
Queue-load-0.45,0.45,606,QP+G,17,17.0,17.0,0.08,0.12,0.11708389886197643,0.05902270845318601,0.13874105056476846,0.016244343132329708,1.0,0.0,0.0,-0.007551460586590891,-0.0075635399710938245,-1.2079384502933742e-05,5.0,1.0,1.0
Queue-load-0.45,0.45,606,QP+G,18,18.0,18.0,0.08,0.12,0.11660508383967338,0.0598879718257404,0.13864380901060153,0.016166572973532856,1.0,0.0,0.0,-0.007487441285138985,-0.007499932336982873,-1.2491051843887581e-05,5.0,1.0,1.0
Queue-load-0.45,0.45,606,QP+G,19,19.0,19.0,0.08,0.12,0.11613292981768006,0.06097211349403081,0.13854586397666238,0.01608973709773158,1.0,0.0,0.0,-0.007431099530901208,-0.00744390331069944,-1.280377979823253e-05,5.0,1.0,1.0
Queue-load-0.45,0.45,606,QP+G,20,20.0,20.0,0.08,0.12,0.11566833303985433,0.06228079187625611,0.1384468233667084,0.016013913273490315,1.0,0.0,0.0,-0.007381840202390591,-0.007394860980361795,-1.3020777971203823e-05,5.0,1.0,1.0
Queue-load-0.45,0.45,606,QP+G,21,21.0,21.0,0.08,0.12,0.11521227950101665,0.06381827982932652,0.13834629859908398,0.01593919242212877,1.0,0.0,0.0,-0.007338965635659158,-0.007352113999153254,-1.314836349409522e-05,5.0,1.0,1.0
Queue-load-0.45,0.45,606,QP+G,22,22.0,22.0,0.08,0.12,0.11476583562174587,0.06558738222190044,0.13824390670112585,0.01586567747216938,1.0,0.0,0.0,-0.007301720800998044,-0.00731491593603284,-1.3195135034795545e-05,5.0,1.0,1.0
Queue-load-0.45,0.45,606,QP+G,23,23.0,23.0,0.08,0.12,0.11433013742155868,0.06758936218106967,0.13813927240144316,0.015793481996971125,1.0,0.0,0.0,-0.007269331053704065,-0.007282503155582543,-1.317210187847754e-05,5.0,1.0,1.0
Queue-load-0.45,0.45,606,QP+G,24,24.0,24.0,0.08,0.12,0.11390637822769523,0.06982387789638417,0.13803203020103605,0.015722728639615862,1.0,0.0,0.0,-0.007241040225034834,-0.007254133238109972,-1.3093013075137806e-05,5.0,1.0,1.0
Queue-load-0.45,0.45,606,QP+G,25,25.0,25.0,0.08,0.12,0.11349579499501866,0.07228893194714811,0.13792182640371728,0.01565354733485485,1.0,0.0,0.0,-0.007216154137181235,-0.007229128359792725,-1.2974222611489804e-05,5.0,1.0,1.0
Queue-load-0.45,0.45,606,noG,1,1.0,0.0,0.08,0.0,0.0,0.0,0.14050495074886965,0.0,0.0,0.0,0.0,-0.008210616676953306,-0.008211288337205414,-6.716602521071591e-07,3.0,1.0,0.0
Queue-load-0.45,0.45,606,noG,2,2.0,0.0,0.08,0.0,0.0,0.0,0.14041292563619956,0.0,0.0,0.0,0.0,-0.008113883184223741,-0.008114491070538854,-6.078863151130071e-07,3.0,1.0,0.0
Queue-load-0.45,0.45,606,noG,3,3.0,0.0,0.08,0.0,0.0,0.0,0.14032182465324794,0.0,0.0,0.0,0.0,-0.008019056843132767,-0.008019584010702019,-5.271675692520433e-07,3.0,1.0,0.0
Queue-load-0.45,0.45,606,noG,4,4.0,0.0,0.08,0.0,0.0,0.0,0.14023171794227202,0.0,0.0,0.0,0.0,-0.007925807869146378,-0.00792623991910224,-4.320499558622265e-07,3.0,1.0,0.0
Queue-load-0.45,0.45,606,noG,5,5.0,0.0,0.08,0.0,0.0,0.0,0.1401426634556316,0.0,0.0,0.0,0.0,-0.007833718521513945,-0.007834045266249312,-3.267447353672709e-07,3.0,1.0,0.0
Queue-load-0.45,0.45,606,noG,6,6.0,0.0,0.08,0.0,0.0,0.0,0.14005470598729122,0.0,0.0,0.0,0.0,-0.007742310086949662,-0.00774252803429043,-2.1794734076773653e-07,3.0,1.0,0.0
Queue-load-0.45,0.45,606,noG,7,7.0,0.0,0.08,0.0,0.0,0.0,0.13996787633175836,0.0,0.0,0.0,0.0,-0.007651087725864475,-0.007651203022507325,-1.1529664284935792e-07,3.0,1.0,0.0
Queue-load-0.45,0.45,606,noG,8,8.0,0.0,0.08,0.0,0.0,0.0,0.13988219057285012,0.0,0.0,0.0,0.0,-0.007559605048751786,-0.007559636038691142,-3.09899393560048e-08,3.0,1.0,0.0
Queue-load-0.45,0.45,606,noG,9,9.0,0.0,0.08,0.0,0.0,0.0,0.13979764950385498,0.0,0.0,0.0,0.0,-0.00746754429183088,-0.007467522468003196,2.1823827684244734e-08,3.0,1.0,0.0
Queue-load-0.45,0.45,606,noG,10,10.0,0.0,0.08,0.0,0.0,0.0,0.13971423817990034,0.0,0.0,0.0,0.0,-0.007374799866877662,-0.007374767877671662,3.1989206000261616e-08,3.0,1.0,0.0
Queue-load-0.45,0.45,606,noG,11,11.0,0.0,0.08,0.0,0.0,0.0,0.1396319256026744,0.0,0.0,0.0,0.0,-0.007281545209104993,-0.007281551277923182,-6.068818188438574e-09,3.0,1.0,0.0
Queue-load-0.45,0.45,606,noG,12,12.0,0.0,0.08,0.0,0.0,0.0,0.1395506645370182,0.0,0.0,0.0,0.0,-0.007188259404965357,-0.0071883486115629225,-8.920659756543603e-08,3.0,1.0,0.0
Queue-load-0.45,0.45,606,noG,13,13.0,0.0,0.08,0.0,0.0,0.0,0.13947039145837475,0.0,0.0,0.0,0.0,-0.007095695970655847,-0.007095900762369656,-2.0479171380840405e-07,3.0,1.0,0.0
Queue-load-0.45,0.45,606,noG,14,14.0,0.0,0.08,0.0,0.0,0.0,0.13939102662953773,0.0,0.0,0.0,0.0,-0.007004792352476308,-0.007005125538984913,-3.3318650860536536e-07,3.0,1.0,0.0
Queue-load-0.45,0.45,606,noG,15,15.0,0.0,0.08,0.0,0.0,0.0,0.13931247430467908,0.0,0.0,0.0,0.0,-0.006916539933163632,-0.006916992835579894,-4.529024162621201e-07,3.0,1.0,0.0
Queue-load-0.45,0.45,606,noG,16,16.0,0.0,0.08,0.0,0.0,0.0,0.13923462305815282,0.0,0.0,0.0,0.0,-0.006831849177653856,-0.006832395395470758,-5.462178169022419e-07,3.0,1.0,0.0
Queue-load-0.45,0.45,606,noG,17,17.0,0.0,0.08,0.0,0.0,0.0,0.1391573462351357,0.0,0.0,0.0,0.0,-0.006751444224705812,-0.006752047039356501,-6.028146506895093e-07,3.0,1.0,0.0
Queue-load-0.45,0.45,606,noG,18,18.0,0.0,0.08,0.0,0.0,0.0,0.1390805025206911,0.0,0.0,0.0,0.0,-0.0066758063231938305,-0.006676426632387766,-6.203091939358668e-07,3.0,1.0,0.0
Queue-load-0.45,0.45,606,noG,19,19.0,0.0,0.08,0.0,0.0,0.0,0.13900393662340213,0.0,0.0,0.0,0.0,-0.0066051657593381285,-0.006605768053368433,-6.022940303041652e-07,3.0,1.0,0.0
Queue-load-0.45,0.45,606,noG,20,20.0,0.0,0.08,0.0,0.0,0.0,0.13892748006922928,0.0,0.0,0.0,0.0,-0.006539527960468404,-0.006540083417772902,-5.554573044973948e-07,3.0,1.0,0.0
Queue-load-0.45,0.45,606,noG,21,21.0,0.0,0.08,0.0,0.0,0.0,0.13885095210075893,0.0,0.0,0.0,0.0,-0.006478715765714978,-0.006479202935371298,-4.871696563197789e-07,3.0,1.0,0.0
Queue-load-0.45,0.45,606,noG,22,22.0,0.0,0.08,0.0,0.0,0.0,0.1387741606764963,0.0,0.0,0.0,0.0,-0.006422414084347554,-0.006422818251077267,-4.041667297132248e-07,3.0,1.0,0.0
Queue-load-0.45,0.45,606,noG,23,23.0,0.0,0.08,0.0,0.0,0.0,0.13869690356430828,0.0,0.0,0.0,0.0,-0.006370210255922536,-0.0063705225333059445,-3.122773834084852e-07,3.0,1.0,0.0
Queue-load-0.45,0.45,606,noG,24,24.0,0.0,0.08,0.0,0.0,0.0,0.13861896952255862,0.0,0.0,0.0,0.0,-0.0063216295000417195,-0.006321846307627332,-2.1680758561289787e-07,3.0,1.0,0.0
Queue-load-0.45,0.45,606,noG,25,25.0,0.0,0.08,0.0,0.0,0.0,0.13854013956189895,0.0,0.0,0.0,0.0,-0.006276168285017648,-0.006276291435399095,-1.2315038144718876e-07,3.0,1.0,0.0
Queue-load-0.45,0.45,606,PPM-3,1,3.0,0.0,0.01,0.0,,,,,,,,,,,,3.0,0.0
Queue-load-0.45,0.45,606,PPM-3,2,6.0,0.0,0.01,0.0,,,,,,,,,,,,3.0,0.0
Queue-load-0.45,0.45,606,PPM-3,3,9.0,0.0,0.01,0.0,,,,,,,,,,,,3.0,0.0
Queue-load-0.45,0.45,606,PPM-3,4,12.0,0.0,0.01,0.0,,,,,,,,,,,,3.0,0.0
Queue-load-0.45,0.45,606,PPM-3,5,15.0,0.0,0.01,0.0,,,,,,,,,,,,3.0,0.0
Queue-load-0.45,0.45,606,PPM-3,6,18.0,0.0,0.01,0.0,,,,,,,,,,,,3.0,0.0
Queue-load-0.45,0.45,606,PPM-3,7,21.0,0.0,0.01,0.0,,,,,,,,,,,,3.0,0.0
Queue-load-0.45,0.45,606,PPM-3,8,24.0,0.0,0.01,0.0,,,,,,,,,,,,3.0,0.0
Queue-load-0.45,0.45,606,PPM-3,9,27.0,0.0,0.01,0.0,,,,,,,,,,,,3.0,0.0
Queue-load-0.45,0.45,606,PPM-3,10,30.0,0.0,0.01,0.0,,,,,,,,,,,,3.0,0.0
Queue-load-0.45,0.45,606,PPM-3,11,33.0,0.0,0.01,0.0,,,,,,,,,,,,3.0,0.0
Queue-load-0.45,0.45,606,PPM-3,12,36.0,0.0,0.01,0.0,,,,,,,,,,,,3.0,0.0
Queue-load-0.45,0.45,606,PPM-3,13,39.0,0.0,0.01,0.0,,,,,,,,,,,,3.0,0.0
Queue-load-0.45,0.45,606,PPM-3,14,42.0,0.0,0.01,0.0,,,,,,,,,,,,3.0,0.0
Queue-load-0.45,0.45,606,PPM-3,15,45.0,0.0,0.01,0.0,,,,,,,,,,,,3.0,0.0
Queue-load-0.45,0.45,606,PPM-3,16,48.0,0.0,0.01,0.0,,,,,,,,,,,,3.0,0.0
Queue-load-0.45,0.45,606,PPM-3,17,51.0,0.0,0.01,0.0,,,,,,,,,,,,3.0,0.0
Queue-load-0.45,0.45,606,PPM-3,18,54.0,0.0,0.01,0.0,,,,,,,,,,,,3.0,0.0
Queue-load-0.45,0.45,606,PPM-3,19,57.0,0.0,0.01,0.0,,,,,,,,,,,,3.0,0.0
Queue-load-0.45,0.45,606,PPM-3,20,60.0,0.0,0.01,0.0,,,,,,,,,,,,3.0,0.0
Queue-load-0.45,0.45,606,PPM-3,21,63.0,0.0,0.01,0.0,,,,,,,,,,,,3.0,0.0
Queue-load-0.45,0.45,606,PPM-3,22,66.0,0.0,0.01,0.0,,,,,,,,,,,,3.0,0.0
Queue-load-0.45,0.45,606,PPM-3,23,69.0,0.0,0.01,0.0,,,,,,,,,,,,3.0,0.0
Queue-load-0.45,0.45,606,PPM-3,24,72.0,0.0,0.01,0.0,,,,,,,,,,,,3.0,0.0
Queue-load-0.45,0.45,606,PPM-3,25,75.0,0.0,0.01,0.0,,,,,,,,,,,,3.0,0.0
Queue-load-0.45,0.45,607,QP+G,1,1.0,1.0,0.08,0.12,0.14810194302046756,0.2451323138200174,0.18418435920635218,0.0272780614724405,1.0,0.0,0.0,-0.01622808169463022,-0.016244361035545385,-1.627934091516514e-05,5.0,1.0,1.0
Queue-load-0.45,0.45,607,QP+G,2,2.0,2.0,0.08,0.12,0.14811834348440361,0.2489319928881887,0.18362143076855353,0.027197702153674248,1.0,0.0,0.0,-0.016058059589478604,-0.016073520702797772,-1.5461113319167885e-05,5.0,1.0,1.0
Queue-load-0.45,0.45,607,QP+G,3,3.0,3.0,0.08,0.12,0.14812114854558553,0.25256652573763727,0.18305465423515857,0.027114265631926718,1.0,0.0,0.0,-0.015890211916925412,-0.01590490390868826,-1.4691991762849632e-05,5.0,1.0,1.0
Queue-load-0.45,0.45,607,QP+G,4,4.0,4.0,0.08,0.12,0.14810963139976008,0.256040969430812,0.18248440451217068,0.027027697888502313,1.0,0.0,0.0,-0.015724222239947072,-0.015738199274225373,-1.397703427830077e-05,5.0,1.0,1.0
Queue-load-0.45,0.45,607,QP+G,5,5.0,5.0,0.08,0.12,0.14808312969766987,0.25936068918691296,0.18191104229259664,0.0269379564692529,1.0,0.0,0.0,-0.015559887830638911,-0.01557320029694953,-1.331246631061829e-05,5.0,1.0,1.0
Queue-load-0.45,0.45,607,QP+G,6,6.0,6.0,0.08,0.12,0.14804104870422227,0.26253133192517053,0.1813349134561084,0.026845010754731672,1.0,0.0,0.0,-0.015397088772627455,-0.015409783792698306,-1.2695020070851298e-05,5.0,1.0,1.0
Queue-load-0.45,0.45,607,QP+G,7,7.0,7.0,0.08,0.12,0.14798286388909085,0.26555879867552173,0.1807563485414558,0.02674884212329932,1.0,0.0,0.0,-0.01523576557396991,-0.015247891532716107,-1.2125958746197e-05,5.0,1.0,1.0
Queue-load-0.45,0.45,607,QP+G,8,8.0,8.0,0.08,0.12,0.14790812294222722,0.26844921629517676,0.18017566229432896,0.02664944400982682,1.0,0.0,0.0,-0.01507591421750433,-0.015087523918386747,-1.1609700882417306e-05,5.0,1.0,1.0
Queue-load-0.45,0.45,607,QP+G,9,9.0,9.0,0.08,0.12,0.14781644722137396,0.2712089088736085,0.1795931532922512,0.026546821864944174,1.0,0.0,0.0,-0.014917586492684532,-0.01492873645927606,-1.1149966591527533e-05,5.0,1.0,1.0
Queue-load-0.45,0.45,607,QP+G,10,10.0,10.0,0.08,0.12,0.14770753265015013,0.27384436915001,0.17900910364710784,0.026440993021629288,1.0,0.0,0.0,-0.014760876039887447,-0.014771622856927014,-1.0746817039566925e-05,5.0,1.0,1.0
Queue-load-0.45,0.45,607,QP+G,11,11.0,11.0,0.08,0.12,0.14758115009461958,0.27636223020807693,0.17842377878504703,0.026331986477325226,1.0,0.0,0.0,-0.014605878363626196,-0.01461627472942073,-1.039636579453461e-05,5.0,1.0,1.0
Queue-load-0.45,0.45,607,QP+G,12,12.0,12.0,0.08,0.12,0.1474371452535637,0.27876923765564354,0.17783742730273333,0.02621984260075317,1.0,0.0,0.0,-0.014452628154203477,-0.014462721120246602,-1.0092966043125443e-05,5.0,1.0,1.0
Queue-load-0.45,0.45,607,QP+G,13,13.0,13.0,0.08,0.12,0.1472754381030988,0.2810722224422516,0.17725028089833872,0.026104612773200156,1.0,0.0,0.0,-0.014301029950149641,-0.014310862517353584,-9.832567203943085e-06,5.0,1.0,1.0
Queue-load-0.45,0.45,607,QP+G,14,14.0,14.0,0.08,0.12,0.1470960219399068,0.2832780744175521,0.1766625543751217,0.025986358974322884,1.0,0.0,0.0,-0.014150803153405072,-0.01416041904571319,-9.615892308119031e-06,5.0,1.0,1.0
Queue-load-0.45,0.45,607,QP+G,15,15.0,15.0,0.08,0.12,0.1468989620694241,0.2853937166883156,0.1760744457150613,0.025865153322491664,1.0,0.0,0.0,-0.014001459690153002,-0.014010910164445,-9.450474291999161e-06,5.0,1.0,1.0
Queue-load-0.45,0.45,607,QP+G,16,16.0,16.0,0.08,0.12,0.14668439418598544,0.28742608079202187,0.1754861362197059,0.02574107757942688,1.0,0.0,0.0,-0.01385232472121217,-0.013861675731183354,-9.351009971183058e-06,5.0,1.0,1.0
Queue-load-0.45,0.45,607,QP+G,17,17.0,17.0,0.08,0.12,0.14645252249135232,0.28938208267109694,0.1748977907151789,0.025614222628402572,1.0,0.0,0.0,-0.013702600761795036,-0.013711938585000638,-9.33782320560253e-06,5.0,1.0,1.0
Queue-load-0.45,0.45,607,QP+G,18,18.0,18.0,0.08,0.12,0.14620361759646716,0.29126859940352806,0.1743095578181498,0.025484687934654058,1.0,0.0,0.0,-0.013551465854082663,-0.013560899430412388,-9.433576329724927e-06,5.0,1.0,1.0
Queue-load-0.45,0.45,607,QP+G,19,19.0,19.0,0.08,0.12,0.1459380142488126,0.29309244662307543,0.1737215702594982,0.025352580995856744,1.0,0.0,0.0,-0.013398188943380181,-0.013407847676359275,-9.658732979093282e-06,5.0,1.0,1.0
Queue-load-0.45,0.45,607,QP+G,20,20.0,20.0,0.08,0.12,0.14565610892462935,0.2948603565451024,0.1731339452623848,0.025218016789688737,1.0,0.0,0.0,-0.013242241535649036,-0.013252268125419686,-1.0026589770650504e-05,5.0,1.0,1.0
Queue-load-0.45,0.45,607,QP+G,21,21.0,21.0,0.08,0.12,0.14535835732157287,0.2965789565020374,0.17254678497146583,0.02508111722457093,1.0,0.0,0.0,-0.013083384611684382,-0.013093923529507112,-1.0538917822730184e-05,5.0,1.0,1.0
Queue-load-0.45,0.45,607,QP+G,22,22.0,22.0,0.08,0.12,0.14504527178334956,0.29825474788518597,0.17196017693003918,0.02494201059873041,1.0,0.0,0.0,-0.012921713811274273,-0.012932897130643273,-1.1183319368999675e-05,5.0,1.0,1.0
Queue-load-0.45,0.45,607,QP+G,23,23.0,23.0,0.08,0.12,0.14471741868357413,0.2998940853869033,0.17137419460199735,0.024800831071777562,1.0,0.0,0.0,-0.012757653803323013,-0.012769587003408578,-1.1933200085564866e-05,5.0,1.0,1.0
Queue-load-0.45,0.45,607,QP+G,24,24.0,24.0,0.08,0.12,0.1443754157916577,0.30150315643820375,0.17078889793555468,0.024657718152044695,1.0,0.0,0.0,-0.012591903338371822,-0.012604654029798379,-1.2750691426557242e-05,5.0,1.0,1.0
Queue-load-0.45,0.45,607,QP+G,25,25.0,25.0,0.08,0.12,0.14401992963906787,0.3030879607419151,0.17020433396582513,0.024512816202022544,1.0,0.0,0.0,-0.012425343256482198,-0.01243893527949469,-1.3592023012490989e-05,5.0,1.0,1.0
Queue-load-0.45,0.45,607,noG,1,1.0,0.0,0.08,0.0,0.0,0.0,0.18418435920635218,0.0,0.0,0.0,0.0,-0.015163345227724693,-0.015163966923440686,-6.216957159927566e-07,3.0,1.0,0.0
Queue-load-0.45,0.45,607,noG,2,2.0,0.0,0.08,0.0,0.0,0.0,0.18364603766884338,0.0,0.0,0.0,0.0,-0.01501483650877865,-0.015015370056977062,-5.335481984124896e-07,3.0,1.0,0.0
Queue-load-0.45,0.45,607,noG,3,3.0,0.0,0.08,0.0,0.0,0.0,0.1831000162674042,0.0,0.0,0.0,0.0,-0.014869302967289104,-0.014869763930509539,-4.6096322043470694e-07,3.0,1.0,0.0
Queue-load-0.45,0.45,607,noG,4,4.0,0.0,0.08,0.0,0.0,0.0,0.18254697490217617,0.0,0.0,0.0,0.0,-0.014726281229256148,-0.014726688740690719,-4.075114345709202e-07,3.0,1.0,0.0
Queue-load-0.45,0.45,607,noG,5,5.0,0.0,0.08,0.0,0.0,0.0,0.18198758316196284,0.0,0.0,0.0,0.0,-0.014585426466303553,-0.014585793480952791,-3.6701464923780125e-07,3.0,1.0,0.0
Queue-load-0.45,0.45,607,noG,6,6.0,0.0,0.08,0.0,0.0,0.0,0.18142249835321972,0.0,0.0,0.0,0.0,-0.014446466715962973,-0.014446799232166185,-3.325162032125767e-07,3.0,1.0,0.0
Queue-load-0.45,0.45,607,noG,7,7.0,0.0,0.08,0.0,0.0,0.0,0.18085236358529935,0.0,0.0,0.0,0.0,-0.01430916383083335,-0.014309464517343162,-3.0068650981249223e-07,3.0,1.0,0.0
Queue-load-0.45,0.45,607,noG,8,8.0,0.0,0.08,0.0,0.0,0.0,0.1802778059277197,0.0,0.0,0.0,0.0,-0.014173300222613724,-0.014173570997453755,-2.707748400308102e-07,3.0,1.0,0.0
Queue-load-0.45,0.45,607,noG,9,9.0,0.0,0.08,0.0,0.0,0.0,0.17969943465470267,0.0,0.0,0.0,0.0,-0.01403867806926979,-0.014038919212727485,-2.4114345769515877e-07,3.0,1.0,0.0
Queue-load-0.45,0.45,607,noG,10,10.0,0.0,0.08,0.0,0.0,0.0,0.17911783959132474,0.0,0.0,0.0,0.0,-0.013905108096510492,-0.013905315092737958,-2.069962274659637e-07,3.0,1.0,0.0
Queue-load-0.45,0.45,607,noG,11,11.0,0.0,0.08,0.0,0.0,0.0,0.17853358957439622,0.0,0.0,0.0,0.0,-0.013772376839694308,-0.013772537623340408,-1.6078364610018492e-07,3.0,1.0,0.0
Queue-load-0.45,0.45,607,noG,12,12.0,0.0,0.08,0.0,0.0,0.0,0.17794723103969862,0.0,0.0,0.0,0.0,-0.013640198532139318,-0.013640292939985699,-9.440784638076183e-08,3.0,1.0,0.0
Queue-load-0.45,0.45,607,noG,13,13.0,0.0,0.08,0.0,0.0,0.0,0.1773592867455326,0.0,0.0,0.0,0.0,-0.013508166870577949,-0.013508168475407256,-1.6048293076387221e-09,3.0,1.0,0.0
Queue-load-0.45,0.45,607,noG,14,14.0,0.0,0.08,0.0,0.0,0.0,0.17677025464068644,0.0,0.0,0.0,0.0,-0.013375720912007042,-0.013375600532307352,1.2037969968937967e-07,3.0,1.0,0.0
Queue-load-0.45,0.45,607,noG,15,15.0,0.0,0.08,0.0,0.0,0.0,0.1761806068830333,0.0,0.0,0.0,0.0,-0.013242134310041582,-0.013241864517089752,2.6979295182985585e-07,3.0,1.0,0.0
Queue-load-0.45,0.45,607,noG,16,16.0,0.0,0.08,0.0,0.0,0.0,0.17559078901300518,0.0,0.0,0.0,0.0,-0.013106533231135309,-0.013106093420319098,4.3981081621069507e-07,3.0,1.0,0.0
Queue-load-0.45,0.45,607,noG,17,17.0,0.0,0.08,0.0,0.0,0.0,0.17500121928426232,0.0,0.0,0.0,0.0,-0.012967945858477986,-0.01296732738334283,6.184751351560186e-07,3.0,1.0,0.0
Queue-load-0.45,0.45,607,noG,18,18.0,0.0,0.08,0.0,0.0,0.0,0.1744122881520002,0.0,0.0,0.0,0.0,-0.01282538297507438,-0.012824593519056737,7.894560176430893e-07,3.0,1.0,0.0
Queue-load-0.45,0.45,607,noG,19,19.0,0.0,0.08,0.0,0.0,0.0,0.1738243579175588,0.0,0.0,0.0,0.0,-0.012677943460852603,-0.012677009589855182,9.338709974215931e-07,3.0,1.0,0.0
Queue-load-0.45,0.45,607,noG,20,20.0,0.0,0.08,0.0,0.0,0.0,0.17323776252633882,0.0,0.0,0.0,0.0,-0.012524931739251361,-0.012523898661133792,1.0330781175689474e-06,3.0,1.0,0.0
Queue-load-0.45,0.45,607,noG,21,21.0,0.0,0.08,0.0,0.0,0.0,0.17265280751453768,0.0,0.0,0.0,0.0,-0.01236596848829436,-0.01236489646303962,1.0720252547388037e-06,3.0,1.0,0.0
Queue-load-0.45,0.45,607,noG,22,22.0,0.0,0.08,0.0,0.0,0.0,0.17206977009887092,0.0,0.0,0.0,0.0,-0.012201073340237912,-0.012200030856320598,1.042483917313916e-06,3.0,1.0,0.0
Queue-load-0.45,0.45,607,noG,23,23.0,0.0,0.08,0.0,0.0,0.0,0.17148889940230927,0.0,0.0,0.0,0.0,-0.012030700274953985,-0.012029754927923353,9.45347030632121e-07,3.0,1.0,0.0
Queue-load-0.45,0.45,607,noG,24,24.0,0.0,0.08,0.0,0.0,0.0,0.17091041680788963,0.0,0.0,0.0,0.0,-0.01185571364705614,-0.011854922441795424,7.912052607163961e-07,3.0,1.0,0.0
Queue-load-0.45,0.45,607,noG,25,25.0,0.0,0.08,0.0,0.0,0.0,0.17033451643189307,0.0,0.0,0.0,0.0,-0.011677304609351876,-0.011676705833041368,5.987763105081562e-07,3.0,1.0,0.0
Queue-load-0.45,0.45,607,PPM-3,1,3.0,0.0,0.01,0.0,,,,,,,,,,,,3.0,0.0
Queue-load-0.45,0.45,607,PPM-3,2,6.0,0.0,0.01,0.0,,,,,,,,,,,,3.0,0.0
Queue-load-0.45,0.45,607,PPM-3,3,9.0,0.0,0.01,0.0,,,,,,,,,,,,3.0,0.0
Queue-load-0.45,0.45,607,PPM-3,4,12.0,0.0,0.01,0.0,,,,,,,,,,,,3.0,0.0
Queue-load-0.45,0.45,607,PPM-3,5,15.0,0.0,0.01,0.0,,,,,,,,,,,,3.0,0.0
Queue-load-0.45,0.45,607,PPM-3,6,18.0,0.0,0.01,0.0,,,,,,,,,,,,3.0,0.0
Queue-load-0.45,0.45,607,PPM-3,7,21.0,0.0,0.01,0.0,,,,,,,,,,,,3.0,0.0
Queue-load-0.45,0.45,607,PPM-3,8,24.0,0.0,0.01,0.0,,,,,,,,,,,,3.0,0.0
Queue-load-0.45,0.45,607,PPM-3,9,27.0,0.0,0.01,0.0,,,,,,,,,,,,3.0,0.0
Queue-load-0.45,0.45,607,PPM-3,10,30.0,0.0,0.01,0.0,,,,,,,,,,,,3.0,0.0
Queue-load-0.45,0.45,607,PPM-3,11,33.0,0.0,0.01,0.0,,,,,,,,,,,,3.0,0.0
Queue-load-0.45,0.45,607,PPM-3,12,36.0,0.0,0.01,0.0,,,,,,,,,,,,3.0,0.0
Queue-load-0.45,0.45,607,PPM-3,13,39.0,0.0,0.01,0.0,,,,,,,,,,,,3.0,0.0
Queue-load-0.45,0.45,607,PPM-3,14,42.0,0.0,0.01,0.0,,,,,,,,,,,,3.0,0.0
Queue-load-0.45,0.45,607,PPM-3,15,45.0,0.0,0.01,0.0,,,,,,,,,,,,3.0,0.0
Queue-load-0.45,0.45,607,PPM-3,16,48.0,0.0,0.01,0.0,,,,,,,,,,,,3.0,0.0
Queue-load-0.45,0.45,607,PPM-3,17,51.0,0.0,0.01,0.0,,,,,,,,,,,,3.0,0.0
Queue-load-0.45,0.45,607,PPM-3,18,54.0,0.0,0.01,0.0,,,,,,,,,,,,3.0,0.0
Queue-load-0.45,0.45,607,PPM-3,19,57.0,0.0,0.01,0.0,,,,,,,,,,,,3.0,0.0
Queue-load-0.45,0.45,607,PPM-3,20,60.0,0.0,0.01,0.0,,,,,,,,,,,,3.0,0.0
Queue-load-0.45,0.45,607,PPM-3,21,63.0,0.0,0.01,0.0,,,,,,,,,,,,3.0,0.0
Queue-load-0.45,0.45,607,PPM-3,22,66.0,0.0,0.01,0.0,,,,,,,,,,,,3.0,0.0
Queue-load-0.45,0.45,607,PPM-3,23,69.0,0.0,0.01,0.0,,,,,,,,,,,,3.0,0.0
Queue-load-0.45,0.45,607,PPM-3,24,72.0,0.0,0.01,0.0,,,,,,,,,,,,3.0,0.0
Queue-load-0.45,0.45,607,PPM-3,25,75.0,0.0,0.01,0.0,,,,,,,,,,,,3.0,0.0
Queue-load-0.45,0.45,608,QP+G,1,1.0,1.0,0.08,0.12,0.15909433864631714,0.03982803398545467,0.19055065999338144,0.03031553123026626,1.0,0.0,0.0,-0.018713086393086924,-0.01871318131080235,-9.491771542705085e-08,5.0,1.0,1.0
Queue-load-0.45,0.45,608,QP+G,2,2.0,2.0,0.08,0.12,0.15984497110819562,0.052829832774598746,0.19040004530311946,0.030434489740476266,1.0,0.0,0.0,-0.018542031962523447,-0.018539901507672596,2.1304548508509213e-06,5.0,1.0,1.0
Queue-load-0.45,0.45,608,QP+G,3,3.0,3.0,0.08,0.12,0.16061205374825732,0.06491466798429896,0.19022818880280978,0.030552940084430526,1.0,0.0,0.0,-0.018363770143392685,-0.01835905297657625,4.717166816433499e-06,5.0,1.0,1.0
Queue-load-0.45,0.45,608,QP+G,4,4.0,4.0,0.08,0.12,0.1613781732291524,0.07611770930849554,0.19003718009582599,0.03066785296948384,1.0,0.0,0.0,-0.018168662045734668,-0.018161110528564173,7.551517170495403e-06,5.0,1.0,1.0
Queue-load-0.45,0.45,608,QP+G,5,5.0,5.0,0.08,0.12,0.1621277395913524,0.08648703301769085,0.18982894041570603,0.03077653701861994,1.0,0.0,0.0,-0.01794766213161651,-0.01793712700664596,1.0535124970550286e-05,5.0,1.0,1.0
Queue-load-0.45,0.45,608,QP+G,6,6.0,6.0,0.08,0.12,0.16284708725687447,0.09608044752497834,0.18960520854415583,0.030876655940148025,1.0,0.0,0.0,-0.01769298861625762,-0.0176794867970802,1.3501819177419438e-05,5.0,1.0,1.0
Queue-load-0.45,0.45,608,QP+G,7,7.0,7.0,0.08,0.12,0.1635245032760365,0.10496266780165699,0.18936753181888122,0.030966231577291586,1.0,0.0,0.0,-0.01739905683535029,-0.017382920322177142,1.6136513173146266e-05,5.0,1.0,1.0
Queue-load-0.45,0.45,608,QP+G,8,8.0,8.0,0.08,0.12,0.16415019939078404,0.11320287192982986,0.18911726172951096,0.031043636221138315,1.0,0.0,0.0,-0.017063840597960057,-0.017045862420697944,1.7978177262113065e-05,5.0,1.0,1.0
Queue-load-0.45,0.45,608,QP+G,9,9.0,9.0,0.08,0.12,0.164716243200155,0.12087263516401739,0.18885555359081113,0.03110757729496395,1.0,0.0,0.0,-0.016690231355400004,-0.01667165105535906,1.858030004094416e-05,5.0,1.0,1.0
Queue-load-0.45,0.45,608,QP+G,10,10.0,10.0,0.08,0.12,0.16521646170287776,0.1280442124217392,0.18858336979680954,0.03115707709383422,1.0,0.0,0.0,-0.0162863110132624,-0.016268528846104857,1.778216715754219e-05,5.0,1.0,1.0
Queue-load-0.45,0.45,608,QP+G,11,11.0,11.0,0.08,0.12,0.16564632813416447,0.1347891266668678,0.18830148618920103,0.03119144976944723,1.0,0.0,0.0,-0.015863528169045165,-0.01584767021946698,1.585794957818451e-05,5.0,1.0,1.0
Queue-load-0.45,0.45,608,QP+G,12,12.0,12.0,0.08,0.12,0.16600284058138023,0.1411770154606997,0.18801050111123568,0.03121027724359387,1.0,0.0,0.0,-0.015433230979654556,-0.015419929066935012,1.3301912719544326e-05,5.0,1.0,1.0
Queue-load-0.45,0.45,608,QP+G,13,13.0,13.0,0.08,0.12,0.16628439854047591,0.14727468853167902,0.18771084675816702,0.031213385252705245,1.0,0.0,0.0,-0.01500387764120989,-0.014993409205662722,1.0468435547167365e-05,5.0,1.0,1.0
Queue-load-0.45,0.45,608,QP+G,14,14.0,14.0,0.08,0.12,0.16649068147609913,0.1531453534995891,0.18740280247251878,0.031200820294180448,1.0,0.0,0.0,-0.014580664137247705,-0.014573173671769801,7.490465477903371e-06,5.0,1.0,1.0
Queue-load-0.45,0.45,608,QP+G,15,15.0,15.0,0.08,0.12,0.16662253163743282,0.15884797332254696,0.18708650966354887,0.031172827875351552,1.0,0.0,0.0,-0.01416680095216238,-0.014162380448774048,4.420503388332525e-06,5.0,1.0,1.0
Queue-load-0.45,0.45,608,QP+G,16,16.0,16.0,0.08,0.12,0.16668184188998342,0.1644367264993973,0.18676198805332853,0.031129832163763877,1.0,0.0,0.0,-0.013764843629793239,-0.013763516672065546,1.326957727693437e-06,5.0,1.0,1.0
Queue-load-0.45,0.45,608,QP+G,17,17.0,17.0,0.08,0.12,0.16667144816089555,0.16996054879576342,0.18642915296599058,0.031072416904250767,1.0,0.0,0.0,-0.013377449846857105,-0.013379146334975722,-1.6964881186173897e-06,5.0,1.0,1.0
Queue-load-0.45,0.45,608,QP+G,18,18.0,18.0,0.08,0.12,0.1665950252598211,0.17546274276584012,0.18608783338224885,0.031001307302861127,1.0,0.0,0.0,-0.013007665736059958,-0.013012202667932016,-4.536931872058114e-06,5.0,1.0,1.0
Queue-load-0.45,0.45,608,QP+G,19,19.0,19.0,0.08,0.12,0.1664569843191364,0.1809806482805458,0.18573779047953023,0.030917352477322205,1.0,0.0,0.0,-0.012658892138287203,-0.012665954293153092,-7.062154865889597e-06,5.0,1.0,1.0
Queue-load-0.45,0.45,608,QP+G,20,20.0,20.0,0.08,0.12,0.16626236988102305,0.18654537341151678,0.18537873637099264,0.03082150803459064,1.0,0.0,0.0,-0.012334587619594023,-0.012343722867195428,-9.13524760140505e-06,5.0,1.0,1.0
Queue-load-0.45,0.45,608,QP+G,21,21.0,21.0,0.08,0.12,0.16601675472334654,0.19218159017585112,0.18501035274698882,0.030714818353276666,1.0,0.0,0.0,-0.012037810973834268,-0.012048457494350462,-1.0646520516193955e-05,5.0,1.0,1.0
Queue-load-0.45,0.45,608,QP+G,22,22.0,22.0,0.08,0.12,0.1657261308331241,0.19790740365404322,0.1846323091129988,0.03059839821608265,1.0,0.0,0.0,-0.011770771844893047,-0.011782308630045701,-1.1536785152654189e-05,5.0,1.0,1.0
Queue-load-0.45,0.45,608,QP+G,23,23.0,23.0,0.08,0.12,0.1653967954687702,0.20373430569806397,0.18424428031179316,0.03047341354702042,1.0,0.0,0.0,-0.011534500432138984,-0.011546302118413454,-1.1801686274470063e-05,5.0,1.0,1.0
Queue-load-0.45,0.45,608,QP+G,24,24.0,24.0,0.08,0.12,0.16503523195353095,0.20966722570531732,0.18384596301728123,0.030341061150277283,1.0,0.0,0.0,-0.011328670052913136,-0.011340161407819238,-1.1491354906101661e-05,5.0,1.0,1.0
Queue-load-0.45,0.45,608,QP+G,25,25.0,25.0,0.08,0.12,0.16464798565578603,0.21570469063579267,0.18343709089562155,0.030202547510521413,1.0,0.0,0.0,-0.011151612900133065,-0.011162319268835041,-1.0706368701976152e-05,5.0,1.0,1.0
Queue-load-0.45,0.45,608,noG,1,1.0,0.0,0.08,0.0,0.0,0.0,0.19055065999338144,0.0,0.0,0.0,0.0,-0.01676967389296655,-0.01677128999597466,-1.6161030081084105e-06,3.0,1.0,0.0
Queue-load-0.45,0.45,608,noG,2,2.0,0.0,0.08,0.0,0.0,0.0,0.1904349528593239,0.0,0.0,0.0,0.0,-0.016722249588497894,-0.016722522782363747,-2.7319386585247796e-07,3.0,1.0,0.0
Queue-load-0.45,0.45,608,noG,3,3.0,0.0,0.08,0.0,0.0,0.0,0.19028013827088117,0.0,0.0,0.0,0.0,-0.016668067786392234,-0.016666989843450608,1.077942941626192e-06,3.0,1.0,0.0
Queue-load-0.45,0.45,608,noG,4,4.0,0.0,0.08,0.0,0.0,0.0,0.190088418829347,0.0,0.0,0.0,0.0,-0.016598923644627953,-0.01659659643358502,2.327211042933014e-06,3.0,1.0,0.0
Queue-load-0.45,0.45,608,noG,5,5.0,0.0,0.08,0.0,0.0,0.0,0.18986212177362746,0.0,0.0,0.0,0.0,-0.016507339392954158,-0.01650392993269012,3.4094602640380445e-06,3.0,1.0,0.0
Queue-load-0.45,0.45,608,noG,6,6.0,0.0,0.08,0.0,0.0,0.0,0.18960366069892498,0.0,0.0,0.0,0.0,-0.016386923722827698,-0.016382647180034127,4.276542793571481e-06,3.0,1.0,0.0
Queue-load-0.45,0.45,608,noG,7,7.0,0.0,0.08,0.0,0.0,0.0,0.1893154977412629,0.0,0.0,0.0,0.0,-0.016232674533074802,-0.016227803661435836,4.870871638966434e-06,3.0,1.0,0.0
Queue-load-0.45,0.45,608,noG,8,8.0,0.0,0.08,0.0,0.0,0.0,0.18900010710151166,0.0,0.0,0.0,0.0,-0.016041390856300138,-0.016036284461467876,5.106394832261885e-06,3.0,1.0,0.0
Queue-load-0.45,0.45,608,noG,9,9.0,0.0,0.08,0.0,0.0,0.0,0.188659940684815,0.0,0.0,0.0,0.0,-0.015812264286140614,-0.015807358474218436,4.905811922178288e-06,3.0,1.0,0.0
Queue-load-0.45,0.45,608,noG,10,10.0,0.0,0.08,0.0,0.0,0.0,0.18829739651256386,0.0,0.0,0.0,0.0,-0.015547333835356348,-0.015543058370990348,4.275464366000278e-06,3.0,1.0,0.0
Queue-load-0.45,0.45,608,noG,11,11.0,0.0,0.08,0.0,0.0,0.0,0.1879147904317269,0.0,0.0,0.0,0.0,-0.015251317360624522,-0.015247964053870522,3.3533067540000155e-06,3.0,1.0,0.0
Queue-load-0.45,0.45,608,noG,12,12.0,0.0,0.08,0.0,0.0,0.0,0.187514331507703,0.0,0.0,0.0,0.0,-0.014930594645642515,-0.014928223952074049,2.3706935684663505e-06,3.0,1.0,0.0
Queue-load-0.45,0.45,608,noG,13,13.0,0.0,0.08,0.0,0.0,0.0,0.1870981013489382,0.0,0.0,0.0,0.0,-0.014591722634088219,-0.014590204282248997,1.5183518392216516e-06,3.0,1.0,0.0
Queue-load-0.45,0.45,608,noG,14,14.0,0.0,0.08,0.0,0.0,0.0,0.18666803748011151,0.0,0.0,0.0,0.0,-0.014240381074105041,-0.014239536853209778,8.442208952637309e-07,3.0,1.0,0.0
Queue-load-0.45,0.45,608,noG,15,15.0,0.0,0.08,0.0,0.0,0.0,0.18622592076077402,0.0,0.0,0.0,0.0,-0.013881251155658032,-0.013880964182118927,2.869735391056172e-07,3.0,1.0,0.0
Queue-load-0.45,0.45,608,noG,16,16.0,0.0,0.08,0.0,0.0,0.0,0.1857733667413026,0.0,0.0,0.0,0.0,-0.013518465814614305,-0.013518703472016558,-2.376574022525807e-07,3.0,1.0,0.0
Queue-load-0.45,0.45,608,noG,17,17.0,0.0,0.08,0.0,0.0,0.0,0.1853118207602709,0.0,0.0,0.0,0.0,-0.013156096091792888,-0.013156889699112106,-7.936073192181536e-07,3.0,1.0,0.0
Queue-load-0.45,0.45,608,noG,18,18.0,0.0,0.08,0.0,0.0,0.0,0.18484255651774356,0.0,0.0,0.0,0.0,-0.012798471730389852,-0.012799883442207616,-1.4117118177642274e-06,3.0,1.0,0.0
Queue-load-0.45,0.45,608,noG,19,19.0,0.0,0.08,0.0,0.0,0.0,0.184366677807586,0.0,0.0,0.0,0.0,-0.012450281767778884,-0.012452359873440955,-2.078105662070215e-06,3.0,1.0,0.0
Queue-load-0.45,0.45,608,noG,20,20.0,0.0,0.08,0.0,0.0,0.0,0.18388512305758342,0.0,0.0,0.0,0.0,-0.01211639263106375,-0.012119129423081354,-2.7367920176039895e-06,3.0,1.0,0.0
Queue-load-0.45,0.45,608,noG,21,21.0,0.0,0.08,0.0,0.0,0.0,0.18339867230734377,0.0,0.0,0.0,0.0,-0.011801433279251664,-0.011804750493916494,-3.317214664830259e-06,3.0,1.0,0.0
Queue-load-0.45,0.45,608,noG,22,22.0,0.0,0.08,0.0,0.0,0.0,0.18290795624856443,0.0,0.0,0.0,0.0,-0.011509343329448245,-0.011513105526381295,-3.762196933050632e-06,3.0,1.0,0.0
Queue-load-0.45,0.45,608,noG,23,23.0,0.0,0.08,0.0,0.0,0.0,0.18241346695778263,0.0,0.0,0.0,0.0,-0.011243040713116867,-0.011247075701700027,-4.03498858315976e-06,3.0,1.0,0.0
Queue-load-0.45,0.45,608,noG,24,24.0,0.0,0.08,0.0,0.0,0.0,0.18191556996590513,0.0,0.0,0.0,0.0,-0.011004226850423768,-0.011008345897662863,-4.119047239094925e-06,3.0,1.0,0.0
Queue-load-0.45,0.45,608,noG,25,25.0,0.0,0.08,0.0,0.0,0.0,0.1814145173291896,0.0,0.0,0.0,0.0,-0.010793326728402164,-0.010797350532401495,-4.023803999331221e-06,3.0,1.0,0.0
Queue-load-0.45,0.45,608,PPM-3,1,3.0,0.0,0.01,0.0,,,,,,,,,,,,3.0,0.0
Queue-load-0.45,0.45,608,PPM-3,2,6.0,0.0,0.01,0.0,,,,,,,,,,,,3.0,0.0
Queue-load-0.45,0.45,608,PPM-3,3,9.0,0.0,0.01,0.0,,,,,,,,,,,,3.0,0.0
Queue-load-0.45,0.45,608,PPM-3,4,12.0,0.0,0.01,0.0,,,,,,,,,,,,3.0,0.0
Queue-load-0.45,0.45,608,PPM-3,5,15.0,0.0,0.01,0.0,,,,,,,,,,,,3.0,0.0
Queue-load-0.45,0.45,608,PPM-3,6,18.0,0.0,0.01,0.0,,,,,,,,,,,,3.0,0.0
Queue-load-0.45,0.45,608,PPM-3,7,21.0,0.0,0.01,0.0,,,,,,,,,,,,3.0,0.0
Queue-load-0.45,0.45,608,PPM-3,8,24.0,0.0,0.01,0.0,,,,,,,,,,,,3.0,0.0
Queue-load-0.45,0.45,608,PPM-3,9,27.0,0.0,0.01,0.0,,,,,,,,,,,,3.0,0.0
Queue-load-0.45,0.45,608,PPM-3,10,30.0,0.0,0.01,0.0,,,,,,,,,,,,3.0,0.0
Queue-load-0.45,0.45,608,PPM-3,11,33.0,0.0,0.01,0.0,,,,,,,,,,,,3.0,0.0
Queue-load-0.45,0.45,608,PPM-3,12,36.0,0.0,0.01,0.0,,,,,,,,,,,,3.0,0.0
Queue-load-0.45,0.45,608,PPM-3,13,39.0,0.0,0.01,0.0,,,,,,,,,,,,3.0,0.0
Queue-load-0.45,0.45,608,PPM-3,14,42.0,0.0,0.01,0.0,,,,,,,,,,,,3.0,0.0
Queue-load-0.45,0.45,608,PPM-3,15,45.0,0.0,0.01,0.0,,,,,,,,,,,,3.0,0.0
Queue-load-0.45,0.45,608,PPM-3,16,48.0,0.0,0.01,0.0,,,,,,,,,,,,3.0,0.0
Queue-load-0.45,0.45,608,PPM-3,17,51.0,0.0,0.01,0.0,,,,,,,,,,,,3.0,0.0
Queue-load-0.45,0.45,608,PPM-3,18,54.0,0.0,0.01,0.0,,,,,,,,,,,,3.0,0.0
Queue-load-0.45,0.45,608,PPM-3,19,57.0,0.0,0.01,0.0,,,,,,,,,,,,3.0,0.0
Queue-load-0.45,0.45,608,PPM-3,20,60.0,0.0,0.01,0.0,,,,,,,,,,,,3.0,0.0
Queue-load-0.45,0.45,608,PPM-3,21,63.0,0.0,0.01,0.0,,,,,,,,,,,,3.0,0.0
Queue-load-0.45,0.45,608,PPM-3,22,66.0,0.0,0.01,0.0,,,,,,,,,,,,3.0,0.0
Queue-load-0.45,0.45,608,PPM-3,23,69.0,0.0,0.01,0.0,,,,,,,,,,,,3.0,0.0
Queue-load-0.45,0.45,608,PPM-3,24,72.0,0.0,0.01,0.0,,,,,,,,,,,,3.0,0.0
Queue-load-0.45,0.45,608,PPM-3,25,75.0,0.0,0.01,0.0,,,,,,,,,,,,3.0,0.0
Queue-load-0.45,0.45,609,QP+G,1,1.0,1.0,0.08,0.12,0.1502303711964959,0.13426019917035795,0.19681251792985632,0.02956721762471932,1.0,0.0,0.0,-0.019393625276085916,-0.01939871299735918,-5.0877212732641786e-06,5.0,1.0,1.0
Queue-load-0.45,0.45,609,QP+G,2,2.0,2.0,0.08,0.12,0.1503032794531873,0.1506963401694097,0.19648477825666044,0.029532306534608373,1.0,0.0,0.0,-0.019227528045855046,-0.019232304446016535,-4.776400161488753e-06,5.0,1.0,1.0
Queue-load-0.45,0.45,609,QP+G,3,3.0,3.0,0.08,0.12,0.1504279330058318,0.16697510308156668,0.19612080668366402,0.0295020475688599,1.0,0.0,0.0,-0.019054762933077053,-0.0190595441207142,-4.781187637147716e-06,5.0,1.0,1.0
Queue-load-0.45,0.45,609,QP+G,4,4.0,4.0,0.08,0.12,0.15060242287343328,0.1830346682399552,0.1957214373463254,0.029476122672627475,1.0,0.0,0.0,-0.01887402632922606,-0.018879083815501296,-5.0574862752346406e-06,5.0,1.0,1.0
Queue-load-0.45,0.45,609,QP+G,5,5.0,5.0,0.08,0.12,0.15082423351760033,0.1988172124154216,0.19528762117774934,0.029454105779609538,1.0,0.0,0.0,-0.018684071695198805,-0.018689671003115027,-5.5993079162222625e-06,5.0,1.0,1.0
Queue-load-0.45,0.45,609,QP+G,6,6.0,6.0,0.08,0.0,0.15109030214400923,0.21426956049324603,0.19482041502234487,0.02943547536954736,0.0,1.0,0.0,-0.01848373596533228,-0.018339760244538983,0.00014397572079329762,5.0,1.0,1.0
Queue-load-0.45,0.45,609,QP+G,7,7.0,7.0,0.08,0.0,0.15127783770088452,0.23043204784910298,0.1942964896661759,0.029392752829571347,0.0,1.0,0.0,-0.018244114257925638,-0.01817370224063275,7.041201729288821e-05,5.0,1.0,1.0
Queue-load-0.45,0.45,609,QP+G,8,8.0,8.0,0.08,0.0,0.1515141571462344,0.24621966421954034,0.1937356117289652,0.029353687920324282,0.0,0.0,0.0,-0.017992222037593996,-0.017989726134052475,2.495903541521044e-06,5.0,1.0,1.0
Queue-load-0.45,0.45,609,QP+G,9,9.0,9.0,0.08,0.0,0.15179497820997714,0.2615796027976346,0.19313875388148666,0.029317492936942406,0.0,0.0,0.0,-0.017790845880449383,-0.017788587728569727,2.258151879656195e-06,5.0,1.0,1.0
Queue-load-0.45,0.45,609,QP+G,10,10.0,10.0,0.08,0.0,0.15211551001317783,0.2764645056519418,0.19250700908641724,0.029283301868291815,0.0,0.0,0.0,-0.017574381221992695,-0.0175726102889997,1.7709329929935236e-06,5.0,1.0,1.0
Queue-load-0.45,0.45,609,QP+G,11,11.0,11.0,0.08,0.0,0.15247053669417618,0.29083280549327534,0.1918415830698616,0.02925018913092218,0.0,0.0,0.0,-0.01734661234728109,-0.01734550683159508,1.1055156860090287e-06,5.0,1.0,1.0
Queue-load-0.45,0.45,609,QP+G,12,12.0,12.0,0.08,0.0,0.15285450687896668,0.3046489048532365,0.19114378594029774,0.029217189142882977,0.0,0.0,0.0,-0.017112213301023377,-0.01711183557132845,3.7772969492880226e-07,5.0,1.0,1.0
Queue-load-0.45,0.45,609,QP+G,13,13.0,13.0,0.08,0.0,0.15326162613488054,0.317883201781233,0.19041502307818514,0.02918331607747346,0.0,0.0,0.0,-0.016875962805578126,-0.016876254751963415,-2.919463852890658e-07,5.0,1.0,1.0
Queue-load-0.45,0.45,609,QP+G,14,14.0,14.0,0.08,0.0,0.15368594965092341,0.3305119773322465,0.18965678542857384,0.029147583176331784,0.0,0.0,0.0,-0.016642007774479873,-0.01664282380857074,-8.160340908662522e-07,5.0,1.0,1.0
Queue-load-0.45,0.45,609,QP+G,15,15.0,15.0,0.08,0.0,0.154121472610342,0.34251716456611314,0.1888706393347661,0.02910902106713094,0.0,0.0,0.0,-0.016413392483827473,-0.016414549977551207,-1.1574937237336658e-06,5.0,1.0,1.0
Queue-load-0.45,0.45,609,QP+G,16,16.0,16.0,0.08,0.0,0.1545622160344434,0.3538860214381665,0.18805821605338197,0.029066694616694855,0.0,0.0,0.0,-0.01619192154036596,-0.016193244420472208,-1.322880106249813e-06,5.0,1.0,1.0
Queue-load-0.45,0.45,609,QP+G,17,17.0,17.0,0.08,0.0,0.1550023062522934,0.3646107309313147,0.1872212010901885,0.029019717948303603,0.0,0.0,0.0,-0.015978276077471203,-0.0159796173369684,-1.3412594971964897e-06,5.0,1.0,1.0
Queue-load-0.45,0.45,609,QP+G,18,18.0,18.0,0.08,0.0,0.15543604655968896,0.37468795128990146,0.18636132349200552,0.028967267355228622,0.0,0.0,0.0,-0.015772235703533553,-0.01577347978552135,-1.2440819877959641e-06,5.0,1.0,1.0
Queue-load-0.45,0.45,609,QP+G,19,19.0,19.0,0.08,0.0,0.15585798004643073,0.3841183375740464,0.18548034522317966,0.02890859194479942,0.0,0.0,0.0,-0.015572887830934688,-0.015573943324083572,-1.0554931488843816e-06,5.0,1.0,1.0
Queue-load-0.45,0.45,609,QP+G,20,20.0,20.0,0.08,0.0,0.15626294297104149,0.3929060532971261,0.1845800507459759,0.028843021943310374,0.0,0.0,0.0,-0.015378781207032607,-0.015379574246807692,-7.930397750849361e-07,5.0,1.0,1.0
Queue-load-0.45,0.45,609,QP+G,21,21.0,21.0,0.08,0.0,0.15664610842949253,0.40105828796782467,0.18366223691313643,0.028769974677898314,0.0,0.0,0.0,-0.01518804138608301,-0.01518851455779524,-4.731717122303386e-07,5.0,1.0,1.0
Queue-load-0.45,0.45,609,QP+G,22,22.0,22.0,0.08,0.0,0.15700302038703942,0.40858479322178237,0.18272870326831842,0.028688958324533075,0.0,0.0,0.0,-0.014998486302356303,-0.014998602493907498,-1.1619155119470259e-07,5.0,1.0,1.0
Queue-load-0.45,0.45,609,QP+G,23,23.0,23.0,0.08,0.0,0.1573296184127518,0.4154974471316479,0.18178124283660121,0.028599573570078245,0.0,0.0,0.0,-0.014807769606065432,-0.01480751799435609,2.516117093426251e-07,5.0,1.0,1.0
Queue-load-0.45,0.45,609,QP+G,24,24.0,24.0,0.08,0.0,0.1576222536720158,0.42180985340266136,0.1808216334731682,0.02850151338069598,0.0,0.0,0.0,-0.014613559819095635,-0.014612961460883866,5.983582117684988e-07,5.0,1.0,1.0
Queue-load-0.45,0.45,609,QP+G,25,25.0,25.0,0.08,0.0,0.15787769689372586,0.42753697960735065,0.17985162982410854,0.028394561099213192,0.0,0.0,0.0,-0.014413748798692715,-0.014412860275855532,8.885228371825066e-07,5.0,1.0,1.0
Queue-load-0.45,0.45,609,noG,1,1.0,0.0,0.08,0.0,0.0,0.0,0.19681251792985632,0.0,0.0,0.0,0.0,-0.01887318815669244,-0.01887284582943005,3.4232726238772604e-07,3.0,1.0,0.0
Queue-load-0.45,0.45,609,noG,2,2.0,0.0,0.08,0.0,0.0,0.0,0.19647498050513212,0.0,0.0,0.0,0.0,-0.018771792652393985,-0.018770974145590813,8.185068031719978e-07,3.0,1.0,0.0
Queue-load-0.45,0.45,609,noG,3,3.0,0.0,0.08,0.0,0.0,0.0,0.19609811723944684,0.0,0.0,0.0,0.0,-0.018660682652160452,-0.018659460602899358,1.2220492610938438e-06,3.0,1.0,0.0
Queue-load-0.45,0.45,609,noG,4,4.0,0.0,0.08,0.0,0.0,0.0,0.19568224361026645,0.0,0.0,0.0,0.0,-0.01853766702439616,-0.018536068115128757,1.5989092674029148e-06,3.0,1.0,0.0
Queue-load-0.45,0.45,609,noG,5,5.0,0.0,0.08,0.0,0.0,0.0,0.19522781350321408,0.0,0.0,0.0,0.0,-0.018400733509137523,-0.018398780674315773,1.952834821749433e-06,3.0,1.0,0.0
Queue-load-0.45,0.45,609,noG,6,6.0,0.0,0.08,0.0,0.0,0.0,0.1947354171563785,0.0,0.0,0.0,0.0,-0.01824809427926609,-0.01824585311137783,2.2411678882588992e-06,3.0,1.0,0.0
Queue-load-0.45,0.45,609,noG,7,7.0,0.0,0.08,0.0,0.0,0.0,0.1942057779159767,0.0,0.0,0.0,0.0,-0.018078506997265542,-0.018076115209867627,2.391787397915124e-06,3.0,1.0,0.0
Queue-load-0.45,0.45,609,noG,8,8.0,0.0,0.08,0.0,0.0,0.0,0.1936397478410654,0.0,0.0,0.0,0.0,-0.01789173526219212,-0.017889401556826723,2.333705365398231e-06,3.0,1.0,0.0
Queue-load-0.45,0.45,609,noG,9,9.0,0.0,0.08,0.0,0.0,0.0,0.19303830221558774,0.0,0.0,0.0,0.0,-0.017688941345084745,-0.0176869095816512,2.0317634335451085e-06,3.0,1.0,0.0
Queue-load-0.45,0.45,609,noG,10,10.0,0.0,0.08,0.0,0.0,0.0,0.19240253304507846,0.0,0.0,0.0,0.0,-0.017472799990889933,-0.017471289185199357,1.510805690576461e-06,3.0,1.0,0.0
Queue-load-0.45,0.45,609,noG,11,11.0,0.0,0.08,0.0,0.0,0.0,0.19173364163230452,0.0,0.0,0.0,0.0,-0.017247215416001813,-0.01724636094239651,8.544736053023305e-07,3.0,1.0,0.0
Queue-load-0.45,0.45,609,noG,12,12.0,0.0,0.08,0.0,0.0,0.0,0.19103293034050706,0.0,0.0,0.0,0.0,-0.017016698997740005,-0.017016522095922415,1.7690181759039136e-07,3.0,1.0,0.0
Queue-load-0.45,0.45,609,noG,13,13.0,0.0,0.08,0.0,0.0,0.0,0.1903017936644124,0.0,0.0,0.0,0.0,-0.016785623189519646,-0.016786040308328865,-4.1711880921849187e-07,3.0,1.0,0.0
Queue-load-0.45,0.45,609,noG,14,14.0,0.0,0.08,0.0,0.0,0.0,0.18954170873748474,0.0,0.0,0.0,0.0,-0.016557605368310056,-0.01655846752536938,-8.621570593246586e-07,3.0,1.0,0.0
Queue-load-0.45,0.45,609,noG,15,15.0,0.0,0.08,0.0,0.0,0.0,0.18875422540898953,0.0,0.0,0.0,0.0,-0.016335181004244838,-0.01633632069615354,-1.139691908701168e-06,3.0,1.0,0.0
Queue-load-0.45,0.45,609,noG,16,16.0,0.0,0.08,0.0,0.0,0.0,0.18794095602623637,0.0,0.0,0.0,0.0,-0.016119772857351812,-0.016121038099776275,-1.2652424244627425e-06,3.0,1.0,0.0
Queue-load-0.45,0.45,609,noG,17,17.0,0.0,0.08,0.0,0.0,0.0,0.1871035650560626,0.0,0.0,0.0,0.0,-0.015911846693458857,-0.01591311419737229,-1.2675039134345256e-06,3.0,1.0,0.0
Queue-load-0.45,0.45,609,noG,18,18.0,0.0,0.08,0.0,0.0,0.0,0.18624375867541945,0.0,0.0,0.0,0.0,-0.01571111694089744,-0.01571228927885615,-1.1723379587103011e-06,3.0,1.0,0.0
Queue-load-0.45,0.45,609,noG,19,19.0,0.0,0.08,0.0,0.0,0.0,0.1853632744541066,0.0,0.0,0.0,0.0,-0.015516713966571652,-0.015517711227388542,-9.97260816889764e-07,3.0,1.0,0.0
Queue-load-0.45,0.45,609,noG,20,20.0,0.0,0.08,0.0,0.0,0.0,0.18446387124371647,0.0,0.0,0.0,0.0,-0.015327294748302103,-0.015328049047718562,-7.5429941645902e-07,3.0,1.0,0.0
Queue-load-0.45,0.45,609,noG,21,21.0,0.0,0.08,0.0,0.0,0.0,0.1835473193760358,0.0,0.0,0.0,0.0,-0.01514112493644859,-0.015141580716060865,-4.55779612275678e-07,3.0,1.0,0.0
Queue-load-0.45,0.45,609,noG,22,22.0,0.0,0.08,0.0,0.0,0.0,0.18261539126203372,0.0,0.0,0.0,0.0,-0.014956169880693754,-0.014956288611565949,-1.187308721947028e-07,3.0,1.0,0.0
Queue-load-0.45,0.45,609,noG,23,23.0,0.0,0.08,0.0,0.0,0.0,0.18166985246950756,0.0,0.0,0.0,0.0,-0.014770218029122165,-0.014769984442704054,2.3358641811077607e-07,3.0,1.0,0.0
Queue-load-0.45,0.45,609,noG,24,24.0,0.0,0.08,0.0,0.0,0.0,0.1807124533439649,0.0,0.0,0.0,0.0,-0.014581041055729611,-0.014580468596821383,5.724589082281573e-07,3.0,1.0,0.0
Queue-load-0.45,0.45,609,noG,25,25.0,0.0,0.08,0.0,0.0,0.0,0.17974492122372782,0.0,0.0,0.0,0.0,-0.014386582200652934,-0.014385716473384491,8.657272684425843e-07,3.0,1.0,0.0
Queue-load-0.45,0.45,609,PPM-3,1,3.0,0.0,0.01,0.0,,,,,,,,,,,,3.0,0.0
Queue-load-0.45,0.45,609,PPM-3,2,6.0,0.0,0.01,0.0,,,,,,,,,,,,3.0,0.0
Queue-load-0.45,0.45,609,PPM-3,3,9.0,0.0,0.01,0.0,,,,,,,,,,,,3.0,0.0
Queue-load-0.45,0.45,609,PPM-3,4,12.0,0.0,0.01,0.0,,,,,,,,,,,,3.0,0.0
Queue-load-0.45,0.45,609,PPM-3,5,15.0,0.0,0.01,0.0,,,,,,,,,,,,3.0,0.0
Queue-load-0.45,0.45,609,PPM-3,6,18.0,0.0,0.01,0.0,,,,,,,,,,,,3.0,0.0
Queue-load-0.45,0.45,609,PPM-3,7,21.0,0.0,0.01,0.0,,,,,,,,,,,,3.0,0.0
Queue-load-0.45,0.45,609,PPM-3,8,24.0,0.0,0.01,0.0,,,,,,,,,,,,3.0,0.0
Queue-load-0.45,0.45,609,PPM-3,9,27.0,0.0,0.01,0.0,,,,,,,,,,,,3.0,0.0
Queue-load-0.45,0.45,609,PPM-3,10,30.0,0.0,0.01,0.0,,,,,,,,,,,,3.0,0.0
Queue-load-0.45,0.45,609,PPM-3,11,33.0,0.0,0.01,0.0,,,,,,,,,,,,3.0,0.0
Queue-load-0.45,0.45,609,PPM-3,12,36.0,0.0,0.01,0.0,,,,,,,,,,,,3.0,0.0
Queue-load-0.45,0.45,609,PPM-3,13,39.0,0.0,0.01,0.0,,,,,,,,,,,,3.0,0.0
Queue-load-0.45,0.45,609,PPM-3,14,42.0,0.0,0.01,0.0,,,,,,,,,,,,3.0,0.0
Queue-load-0.45,0.45,609,PPM-3,15,45.0,0.0,0.01,0.0,,,,,,,,,,,,3.0,0.0
Queue-load-0.45,0.45,609,PPM-3,16,48.0,0.0,0.01,0.0,,,,,,,,,,,,3.0,0.0
Queue-load-0.45,0.45,609,PPM-3,17,51.0,0.0,0.01,0.0,,,,,,,,,,,,3.0,0.0
Queue-load-0.45,0.45,609,PPM-3,18,54.0,0.0,0.01,0.0,,,,,,,,,,,,3.0,0.0
Queue-load-0.45,0.45,609,PPM-3,19,57.0,0.0,0.01,0.0,,,,,,,,,,,,3.0,0.0
Queue-load-0.45,0.45,609,PPM-3,20,60.0,0.0,0.01,0.0,,,,,,,,,,,,3.0,0.0
Queue-load-0.45,0.45,609,PPM-3,21,63.0,0.0,0.01,0.0,,,,,,,,,,,,3.0,0.0
Queue-load-0.45,0.45,609,PPM-3,22,66.0,0.0,0.01,0.0,,,,,,,,,,,,3.0,0.0
Queue-load-0.45,0.45,609,PPM-3,23,69.0,0.0,0.01,0.0,,,,,,,,,,,,3.0,0.0
Queue-load-0.45,0.45,609,PPM-3,24,72.0,0.0,0.01,0.0,,,,,,,,,,,,3.0,0.0
Queue-load-0.45,0.45,609,PPM-3,25,75.0,0.0,0.01,0.0,,,,,,,,,,,,3.0,0.0
Queue-load-0.45,0.45,610,QP+G,1,1.0,1.0,0.08,0.0,0.16277243957207402,0.19793175190902093,0.20944110308893812,0.034091239296452705,0.0,0.0,0.0,-0.020551244114132637,-0.020562643398766678,-1.1399284634040774e-05,5.0,1.0,1.0
Queue-load-0.45,0.45,610,QP+G,2,2.0,2.0,0.08,0.0,0.162820942959667,0.21706040201575857,0.20887115087272376,0.03400859774216776,0.0,0.0,0.0,-0.020435331124009345,-0.02045055227421244,-1.5221150203095779e-05,5.0,1.0,1.0
Queue-load-0.45,0.45,610,QP+G,3,3.0,3.0,0.08,0.0,0.1628658649272423,0.2356974522884222,0.20825107435830345,0.033916991347392546,0.0,0.0,0.0,-0.020315177748410705,-0.0203305941766585,-1.54164282477956e-05,5.0,1.0,1.0
Queue-load-0.45,0.45,610,QP+G,4,4.0,4.0,0.08,0.0,0.16290107952625116,0.25384400695784715,0.20758266960262448,0.033815440969208646,0.0,0.0,0.0,-0.020184650952353153,-0.020196790922343943,-1.2139969990790367e-05,5.0,1.0,1.0
Queue-load-0.45,0.45,610,QP+G,5,5.0,5.0,0.08,0.0,0.1629217088668104,0.27150499154142704,0.20686777275101184,0.03370325104606584,0.0,0.0,0.0,-0.02003811059098922,-0.020044254657591853,-6.144066602632725e-06,5.0,1.0,1.0
Queue-load-0.45,0.45,610,QP+G,6,6.0,6.0,0.08,0.0,0.1629240325898108,0.2886878517123389,0.20610824768004263,0.03357998686205206,0.0,0.0,0.0,-0.01987155305394384,-0.019870116734770793,1.4363191730461244e-06,5.0,1.0,1.0
Queue-load-0.45,0.45,610,QP+G,7,7.0,7.0,0.08,0.0,0.16290537276437445,0.3054014678513116,0.2053059755007279,0.03344544646969961,0.0,0.0,0.0,-0.01967668903454061,-0.019673922263662824,2.766770877786484e-06,5.0,1.0,1.0
Queue-load-0.45,0.45,610,QP+G,8,8.0,8.0,0.08,0.0,0.16286396338879386,0.3216552865780219,0.20446284577674378,0.033299629428952204,0.0,0.0,0.0,-0.019459997273799285,-0.019457523549529565,2.4737242697199513e-06,5.0,1.0,1.0
Queue-load-0.45,0.45,610,QP+G,9,9.0,9.0,0.08,0.0,0.16279881259331971,0.33745865884477944,0.20358074928037984,0.03314270424970416,0.0,0.0,0.0,-0.019226604525330378,-0.01922468189797444,1.9226273559394547e-06,5.0,1.0,1.0
Queue-load-0.45,0.45,610,QP+G,10,10.0,10.0,0.08,0.0,0.16270956438997014,0.35282036615597107,0.20266157209027164,0.03297497611339463,0.0,0.0,0.0,-0.018981748338647974,-0.01898054458321763,1.2037554303449827e-06,5.0,1.0,1.0
Queue-load-0.45,0.45,610,QP+G,11,11.0,11.0,0.08,0.0,0.16259636549650633,0.3677483115432976,0.20170719082828614,0.03279685612318956,0.0,0.0,0.0,-0.0187314415123775,-0.018731009455852377,4.3205652512298687e-07,5.0,1.0,1.0
Queue-load-0.45,0.45,610,QP+G,12,12.0,12.0,0.08,0.0,0.16245974146121625,0.38224934945919364,0.2007194688363319,0.03260883301338313,0.0,0.0,0.0,-0.018481695947680045,-0.01848195849607004,-2.6254838999401064e-07,5.0,1.0,1.0
Queue-load-0.45,0.45,610,QP+G,13,13.0,13.0,0.08,0.0,0.16230048509133244,0.3963292281812579,0.19970025310524323,0.032411447951842844,0.0,0.0,0.0,-0.01823769939385489,-0.018238470185658606,-7.707918037169748e-07,5.0,1.0,1.0
Queue-load-0.45,0.45,610,QP+G,14,14.0,14.0,0.08,0.0,0.16211955908077474,0.40999261916251567,0.1986513717852256,0.03220527280461183,0.0,0.0,0.0,-0.01800318986248772,-0.018004228490228424,-1.0386277407049838e-06,5.0,1.0,1.0
Queue-load-0.45,0.45,610,QP+G,15,15.0,15.0,0.08,0.0,0.16191801376677503,0.4232432096124408,0.19757463212860538,0.031990892004965035,0.0,0.0,0.0,-0.01778021861686074,-0.01778129264855499,-1.0740316942516037e-06,5.0,1.0,1.0
Queue-load-0.45,0.45,610,QP+G,16,16.0,16.0,0.08,0.0,0.1616969201321852,0.4360838371241133,0.1964718187390512,0.03176888798287353,0.0,0.0,0.0,-0.01756929440694795,-0.01757021957649929,-9.2516955134056e-07,5.0,1.0,1.0
Queue-load-0.45,0.45,610,QP+G,17,17.0,17.0,0.08,0.0,0.16145731751387346,0.44851664810798636,0.19534469202543528,0.03153982996500053,0.0,0.0,0.0,-0.017369739576288522,-0.017370390815943715,-6.512396551923427e-07,5.0,1.0,1.0
Queue-load-0.45,0.45,610,QP+G,18,18.0,18.0,0.08,0.0,0.16120017497360623,0.4605432649371917,0.1941949867818112,0.03130426584822511,0.0,0.0,0.0,-0.01717603328960046,-0.017180382098180402,-4.348808579943825e-06,5.0,1.0,1.0
Queue-load-0.45,0.45,610,QP+G,19,19.0,19.0,0.08,0.0,0.16092636492708792,0.47216494987806124,0.19302441083663427,0.03106271677813235,0.0,0.0,0.0,-0.0169913123022261,-0.01699828662957792,-6.974327351819132e-06,5.0,1.0,1.0
Queue-load-0.45,0.45,610,QP+G,20,20.0,20.0,0.08,0.0,0.16063664739645536,0.48338275693107075,0.19183464373361397,0.030815674023861185,0.0,0.0,0.0,-0.016813568103188428,-0.01682197603904534,-8.40793585691127e-06,5.0,1.0,1.0
Queue-load-0.45,0.45,610,QP+G,21,21.0,21.0,0.08,0.0,0.16033166313614625,0.49419766553078487,0.19062733542299942,0.0305635977275815,0.0,0.0,0.0,-0.01664061688941573,-0.016649316046897233,-8.699157481504433e-06,5.0,1.0,1.0
Queue-load-0.45,0.45,610,QP+G,22,22.0,22.0,0.08,0.0,0.1600119338646833,0.5046106925649911,0.1894041049555289,0.030306917115843622,0.0,0.0,0.0,-0.01647036996698352,-0.016478352577306232,-7.982610322712635e-06,5.0,1.0,1.0
Queue-load-0.45,0.45,610,QP+G,23,23.0,23.0,0.08,0.0,0.15967786789783728,0.5146229813166275,0.1881665391815705,0.03004603178622804,0.0,0.0,0.0,-0.016301004679359434,-0.01630746206957312,-6.45739021368566e-06,5.0,1.0,1.0
Queue-load-0.45,0.45,610,QP+G,24,24.0,24.0,0.08,0.0,0.1593297696042238,0.5242358676756668,0.18691619146541388,0.029781313721483377,0.0,0.0,0.0,-0.016131086889455862,-0.016135434772064805,-4.34788260894256e-06,5.0,1.0,1.0
Queue-load-0.45,0.45,610,QP+G,25,25.0,25.0,0.08,0.0,0.1589678512755855,0.5334509253041624,0.18565458042939875,0.029513109730331888,0.0,0.0,0.0,-0.01595960713484509,-0.015961457695012005,-1.8505601669140115e-06,5.0,1.0,1.0
Queue-load-0.45,0.45,610,noG,1,1.0,0.0,0.08,0.0,0.0,0.0,0.20944110308893812,0.0,0.0,0.0,0.0,-0.020551244114132637,-0.020562643398766678,-1.1399284634040774e-05,3.0,1.0,0.0
Queue-load-0.45,0.45,610,noG,2,2.0,0.0,0.08,0.0,0.0,0.0,0.20887115087272376,0.0,0.0,0.0,0.0,-0.020435331124009345,-0.02045055227421244,-1.5221150203095779e-05,3.0,1.0,0.0
Queue-load-0.45,0.45,610,noG,3,3.0,0.0,0.08,0.0,0.0,0.0,0.20825107435830345,0.0,0.0,0.0,0.0,-0.020315177748410705,-0.0203305941766585,-1.54164282477956e-05,3.0,1.0,0.0
Queue-load-0.45,0.45,610,noG,4,4.0,0.0,0.08,0.0,0.0,0.0,0.20758266960262448,0.0,0.0,0.0,0.0,-0.020184650952353153,-0.020196790922343943,-1.2139969990790367e-05,3.0,1.0,0.0
Queue-load-0.45,0.45,610,noG,5,5.0,0.0,0.08,0.0,0.0,0.0,0.20686777275101184,0.0,0.0,0.0,0.0,-0.02003811059098922,-0.020044254657591853,-6.144066602632725e-06,3.0,1.0,0.0
Queue-load-0.45,0.45,610,noG,6,6.0,0.0,0.08,0.0,0.0,0.0,0.20610824768004263,0.0,0.0,0.0,0.0,-0.01987155305394384,-0.019870116734770793,1.4363191730461244e-06,3.0,1.0,0.0
Queue-load-0.45,0.45,610,noG,7,7.0,0.0,0.08,0.0,0.0,0.0,0.2053059755007279,0.0,0.0,0.0,0.0,-0.01967668903454061,-0.019673922263662824,2.766770877786484e-06,3.0,1.0,0.0
Queue-load-0.45,0.45,610,noG,8,8.0,0.0,0.08,0.0,0.0,0.0,0.20446284577674378,0.0,0.0,0.0,0.0,-0.019459997273799285,-0.019457523549529565,2.4737242697199513e-06,3.0,1.0,0.0
Queue-load-0.45,0.45,610,noG,9,9.0,0.0,0.08,0.0,0.0,0.0,0.20358074928037984,0.0,0.0,0.0,0.0,-0.019226604525330378,-0.01922468189797444,1.9226273559394547e-06,3.0,1.0,0.0
Queue-load-0.45,0.45,610,noG,10,10.0,0.0,0.08,0.0,0.0,0.0,0.20266157209027164,0.0,0.0,0.0,0.0,-0.018981748338647974,-0.01898054458321763,1.2037554303449827e-06,3.0,1.0,0.0
Queue-load-0.45,0.45,610,noG,11,11.0,0.0,0.08,0.0,0.0,0.0,0.20170719082828614,0.0,0.0,0.0,0.0,-0.0187314415123775,-0.018731009455852377,4.3205652512298687e-07,3.0,1.0,0.0
Queue-load-0.45,0.45,610,noG,12,12.0,0.0,0.08,0.0,0.0,0.0,0.2007194688363319,0.0,0.0,0.0,0.0,-0.018481695947680045,-0.01848195849607004,-2.6254838999401064e-07,3.0,1.0,0.0
Queue-load-0.45,0.45,610,noG,13,13.0,0.0,0.08,0.0,0.0,0.0,0.19970025310524323,0.0,0.0,0.0,0.0,-0.01823769939385489,-0.018238470185658606,-7.707918037169748e-07,3.0,1.0,0.0
Queue-load-0.45,0.45,610,noG,14,14.0,0.0,0.08,0.0,0.0,0.0,0.1986513717852256,0.0,0.0,0.0,0.0,-0.01800318986248772,-0.018004228490228424,-1.0386277407049838e-06,3.0,1.0,0.0
Queue-load-0.45,0.45,610,noG,15,15.0,0.0,0.08,0.0,0.0,0.0,0.19757463212860538,0.0,0.0,0.0,0.0,-0.01778021861686074,-0.01778129264855499,-1.0740316942516037e-06,3.0,1.0,0.0
Queue-load-0.45,0.45,610,noG,16,16.0,0.0,0.08,0.0,0.0,0.0,0.1964718187390512,0.0,0.0,0.0,0.0,-0.01756929440694795,-0.01757021957649929,-9.2516955134056e-07,3.0,1.0,0.0
Queue-load-0.45,0.45,610,noG,17,17.0,0.0,0.08,0.0,0.0,0.0,0.19534469202543528,0.0,0.0,0.0,0.0,-0.017369739576288522,-0.017370390815943715,-6.512396551923427e-07,3.0,1.0,0.0
Queue-load-0.45,0.45,610,noG,18,18.0,0.0,0.08,0.0,0.0,0.0,0.1941949867818112,0.0,0.0,0.0,0.0,-0.01717603328960046,-0.017180382098180402,-4.348808579943825e-06,3.0,1.0,0.0
Queue-load-0.45,0.45,610,noG,19,19.0,0.0,0.08,0.0,0.0,0.0,0.19302441083663427,0.0,0.0,0.0,0.0,-0.0169913123022261,-0.01699828662957792,-6.974327351819132e-06,3.0,1.0,0.0
Queue-load-0.45,0.45,610,noG,20,20.0,0.0,0.08,0.0,0.0,0.0,0.19183464373361397,0.0,0.0,0.0,0.0,-0.016813568103188428,-0.01682197603904534,-8.40793585691127e-06,3.0,1.0,0.0
Queue-load-0.45,0.45,610,noG,21,21.0,0.0,0.08,0.0,0.0,0.0,0.19062733542299942,0.0,0.0,0.0,0.0,-0.01664061688941573,-0.016649316046897233,-8.699157481504433e-06,3.0,1.0,0.0
Queue-load-0.45,0.45,610,noG,22,22.0,0.0,0.08,0.0,0.0,0.0,0.1894041049555289,0.0,0.0,0.0,0.0,-0.01647036996698352,-0.016478352577306232,-7.982610322712635e-06,3.0,1.0,0.0
Queue-load-0.45,0.45,610,noG,23,23.0,0.0,0.08,0.0,0.0,0.0,0.1881665391815705,0.0,0.0,0.0,0.0,-0.016301004679359434,-0.01630746206957312,-6.45739021368566e-06,3.0,1.0,0.0
Queue-load-0.45,0.45,610,noG,24,24.0,0.0,0.08,0.0,0.0,0.0,0.18691619146541388,0.0,0.0,0.0,0.0,-0.016131086889455862,-0.016135434772064805,-4.34788260894256e-06,3.0,1.0,0.0
Queue-load-0.45,0.45,610,noG,25,25.0,0.0,0.08,0.0,0.0,0.0,0.18565458042939875,0.0,0.0,0.0,0.0,-0.01595960713484509,-0.015961457695012005,-1.8505601669140115e-06,3.0,1.0,0.0
Queue-load-0.45,0.45,610,PPM-3,1,3.0,0.0,0.01,0.0,,,,,,,,,,,,3.0,0.0
Queue-load-0.45,0.45,610,PPM-3,2,6.0,0.0,0.01,0.0,,,,,,,,,,,,3.0,0.0
Queue-load-0.45,0.45,610,PPM-3,3,9.0,0.0,0.01,0.0,,,,,,,,,,,,3.0,0.0
Queue-load-0.45,0.45,610,PPM-3,4,12.0,0.0,0.01,0.0,,,,,,,,,,,,3.0,0.0
Queue-load-0.45,0.45,610,PPM-3,5,15.0,0.0,0.01,0.0,,,,,,,,,,,,3.0,0.0
Queue-load-0.45,0.45,610,PPM-3,6,18.0,0.0,0.01,0.0,,,,,,,,,,,,3.0,0.0
Queue-load-0.45,0.45,610,PPM-3,7,21.0,0.0,0.01,0.0,,,,,,,,,,,,3.0,0.0
Queue-load-0.45,0.45,610,PPM-3,8,24.0,0.0,0.01,0.0,,,,,,,,,,,,3.0,0.0
Queue-load-0.45,0.45,610,PPM-3,9,27.0,0.0,0.01,0.0,,,,,,,,,,,,3.0,0.0
Queue-load-0.45,0.45,610,PPM-3,10,30.0,0.0,0.01,0.0,,,,,,,,,,,,3.0,0.0
Queue-load-0.45,0.45,610,PPM-3,11,33.0,0.0,0.01,0.0,,,,,,,,,,,,3.0,0.0
Queue-load-0.45,0.45,610,PPM-3,12,36.0,0.0,0.01,0.0,,,,,,,,,,,,3.0,0.0
Queue-load-0.45,0.45,610,PPM-3,13,39.0,0.0,0.01,0.0,,,,,,,,,,,,3.0,0.0
Queue-load-0.45,0.45,610,PPM-3,14,42.0,0.0,0.01,0.0,,,,,,,,,,,,3.0,0.0
Queue-load-0.45,0.45,610,PPM-3,15,45.0,0.0,0.01,0.0,,,,,,,,,,,,3.0,0.0
Queue-load-0.45,0.45,610,PPM-3,16,48.0,0.0,0.01,0.0,,,,,,,,,,,,3.0,0.0
Queue-load-0.45,0.45,610,PPM-3,17,51.0,0.0,0.01,0.0,,,,,,,,,,,,3.0,0.0
Queue-load-0.45,0.45,610,PPM-3,18,54.0,0.0,0.01,0.0,,,,,,,,,,,,3.0,0.0
Queue-load-0.45,0.45,610,PPM-3,19,57.0,0.0,0.01,0.0,,,,,,,,,,,,3.0,0.0
Queue-load-0.45,0.45,610,PPM-3,20,60.0,0.0,0.01,0.0,,,,,,,,,,,,3.0,0.0
Queue-load-0.45,0.45,610,PPM-3,21,63.0,0.0,0.01,0.0,,,,,,,,,,,,3.0,0.0
Queue-load-0.45,0.45,610,PPM-3,22,66.0,0.0,0.01,0.0,,,,,,,,,,,,3.0,0.0
Queue-load-0.45,0.45,610,PPM-3,23,69.0,0.0,0.01,0.0,,,,,,,,,,,,3.0,0.0
Queue-load-0.45,0.45,610,PPM-3,24,72.0,0.0,0.01,0.0,,,,,,,,,,,,3.0,0.0
Queue-load-0.45,0.45,610,PPM-3,25,75.0,0.0,0.01,0.0,,,,,,,,,,,,3.0,0.0
Queue-load-0.45,0.45,611,QP+G,1,1.0,1.0,0.08,0.12,0.18625445876538368,0.30402224626591534,0.19617657714359932,0.03653876219832663,1.0,0.0,0.0,-0.02024700898978145,-0.0202859731278191,-3.8964138037649726e-05,5.0,1.0,1.0
Queue-load-0.45,0.45,611,QP+G,2,2.0,2.0,0.08,0.12,0.18618759533471205,0.30895278737042,0.19533372126295945,0.03636871584973133,1.0,0.0,0.0,-0.0199065612409051,-0.019947765469330303,-4.120422842520191e-05,5.0,1.0,1.0
Queue-load-0.45,0.45,611,QP+G,3,3.0,3.0,0.08,0.12,0.1860749065796686,0.3135215059373265,0.19448476753621302,0.036188734950469405,1.0,0.0,0.0,-0.019564388855490958,-0.019607986696389634,-4.3597840898676465e-05,5.0,1.0,1.0
Queue-load-0.45,0.45,611,QP+G,4,4.0,4.0,0.08,0.12,0.1859149343703959,0.3177620804217823,0.19363071033932272,0.035998840804828326,1.0,0.0,0.0,-0.019226974932533086,-0.01927250394241886,-4.552900988577524e-05,5.0,1.0,1.0
Queue-load-0.45,0.45,611,QP+G,5,5.0,5.0,0.08,0.12,0.18570680378232596,0.3217076704119758,0.1927724415878634,0.035799153984597244,1.0,0.0,0.0,-0.018900128576012743,-0.018946787920188335,-4.665934417559178e-05,5.0,1.0,1.0
Queue-load-0.45,0.45,611,QP+G,6,6.0,6.0,0.08,0.12,0.18545018213174677,0.3253906865992025,0.19191075422653697,0.03558988432435217,1.0,0.0,0.0,-0.018588305353929073,-0.01863522767113368,-4.6922317204607655e-05,5.0,1.0,1.0
Queue-load-0.45,0.45,611,QP+G,7,7.0,7.0,0.08,0.12,0.18514523818744877,0.3288425932806801,0.19104634624606245,0.035371321280569044,1.0,0.0,0.0,-0.018294340274001283,-0.01834079082394613,-4.645054994484657e-05,5.0,1.0,1.0
Queue-load-0.45,0.45,611,QP+G,8,8.0,8.0,0.08,0.12,0.18479260185606944,0.3320937377520707,0.19017982516427187,0.03514382471263819,1.0,0.0,0.0,-0.01801953290512215,-0.01806500825118107,-4.5475346058920785e-05,5.0,1.0,1.0
Queue-load-0.45,0.45,611,QP+G,9,9.0,9.0,0.08,0.12,0.18439332452451684,0.335173202024983,0.1893117129112115,0.034907816115129185,1.0,0.0,0.0,-0.017763943843681098,-0.017808182646249726,-4.423880256862814e-05,5.0,1.0,1.0
Queue-load-0.45,0.45,611,QP+G,10,10.0,10.0,0.08,0.12,0.18394884016279106,0.33810867328628375,0.18844245105976076,0.03466377030987651,1.0,0.0,0.0,-0.01752675853184049,-0.017569698096679076,-4.293956483858441e-05,5.0,1.0,1.0
Queue-load-0.45,0.45,611,QP+G,11,11.0,11.0,0.08,0.12,0.18346092723731797,0.34092633038561615,0.18757240634406153,0.03441220759201651,1.0,0.0,0.0,-0.01730661911203352,-0.017348331729982736,-4.171261794921541e-05,5.0,1.0,1.0
Queue-load-0.45,0.45,611,QP+G,12,12.0,12.0,0.08,0.12,0.18293167145225941,0.3436507443910395,0.18670187640829247,0.0341536863146421,1.0,0.0,0.0,-0.017101878604784296,-0.017142510933857658,-4.063232907336109e-05,5.0,1.0,1.0
Queue-load-0.45,0.45,611,QP+G,13,13.0,13.0,0.08,0.12,0.182363429319035,0.346304791892404,0.18583109572835033,0.03388879589113584,1.0,0.0,0.0,-0.016910771301712594,-0.016950497761395678,-3.972645968308361e-05,5.0,1.0,1.0
Queue-load-0.45,0.45,611,QP+G,14,14.0,14.0,0.08,0.12,0.18175879254850194,0.3489095802640192,0.18496024164906574,0.03361815019161333,1.0,0.0,0.0,-0.01673151388214633,-0.01677050620045506,-3.899231830872818e-05,5.0,1.0,1.0
Queue-load-0.45,0.45,611,QP+G,15,15.0,15.0,0.08,0.12,0.1811205532627674,0.3514843845296141,0.18408944047987835,0.033342381309548856,1.0,0.0,0.0,-0.016562357857961302,-0.016600768338662863,-3.841048070156103e-05,5.0,1.0,1.0
Queue-load-0.45,0.45,611,QP+G,16,16.0,16.0,0.08,0.12,0.18045167003212487,0.3540465958115117,0.18321877359262898,0.03306213367602768,1.0,0.0,0.0,-0.01640161203703066,-0.016439566662541427,-3.795462551076795e-05,5.0,1.0,1.0
Queue-load-0.45,0.45,611,QP+G,17,17.0,17.0,0.08,0.12,0.17975523475536578,0.3566116815990824,0.18234828346636958,0.03277805850173525,1.0,0.0,0.0,-0.016247648810884068,-0.016285246536656306,-3.759772577223777e-05,5.0,1.0,1.0
Queue-load-0.45,0.45,611,QP+G,18,18.0,18.0,0.08,0.12,0.1790344404173494,0.35919315824576464,0.18147797962595832,0.032490808530404584,1.0,0.0,0.0,-0.016098903125116665,-0.01613621858880432,-3.7315463687653816e-05,5.0,1.0,1.0
Queue-load-0.45,0.45,611,QP+G,19,19.0,19.0,0.08,0.12,0.17829254977512704,0.36180257620452977,0.18060784442370997,0.03220103309169271,1.0,0.0,0.0,-0.01595386916012978,-0.01599095695082875,-3.7087790698969725e-05,5.0,1.0,1.0
Queue-load-0.45,0.45,611,QP+G,20,20.0,20.0,0.08,0.12,0.17753286504214635,0.3644495185441728,0.1797378386165306,0.031909373446075605,1.0,0.0,0.0,-0.015811097247290438,-0.015847996609827053,-3.689936253661527e-05,5.0,1.0,1.0
Queue-load-0.45,0.45,611,QP+G,21,21.0,21.0,0.08,0.12,0.1767586986582268,0.3671416132575708,0.17886790669475627,0.03161645841908625,1.0,0.0,0.0,-0.01566919210465816,-0.01570593144646315,-3.673934180499147e-05,5.0,1.0,1.0
Queue-load-0.45,0.45,611,QP+G,22,22.0,22.0,0.08,0.12,0.1759733452502478,0.36988455978385354,0.17799798192328317,0.031322900326833276,1.0,0.0,0.0,-0.015526812725723925,-0.015563413596287212,-3.6600870563287605e-05,5.0,1.0,1.0
Queue-load-0.45,0.45,611,QP+G,23,23.0,23.0,0.08,0.12,0.17518005490392255,0.37268217002376874,0.17712799106045427,0.03102929119899188,1.0,0.0,0.0,-0.01538267389908764,-0.015419154290416959,-3.64803913293181e-05,5.0,1.0,1.0
Queue-load-0.45,0.45,611,QP+G,24,24.0,24.0,0.08,0.12,0.17438200787989278,0.3755364239387082,0.1762578587254717,0.030736199309158236,1.0,0.0,0.0,-0.015235549205558046,-0.015271926129460045,-3.637692390199947e-05,5.0,1.0,1.0
Queue-load-0.45,0.45,611,QP+G,25,25.0,25.0,0.08,0.12,0.1735822909167499,0.3784475395952798,0.1753875113907165,0.03044416602538814,1.0,0.0,0.0,-0.015084275339250481,-0.015120566727792273,-3.629138854179155e-05,5.0,1.0,1.0
Queue-load-0.45,0.45,611,noG,1,1.0,0.0,0.08,0.0,0.0,0.0,0.19617657714359932,0.0,0.0,0.0,0.0,-0.01995897495222258,-0.019955861613488945,3.1133387336339247e-06,3.0,1.0,0.0
Queue-load-0.45,0.45,611,noG,2,2.0,0.0,0.08,0.0,0.0,0.0,0.19528022478955095,0.0,0.0,0.0,0.0,-0.01962030797428059,-0.019618025521004334,2.282453276256091e-06,3.0,1.0,0.0
Queue-load-0.45,0.45,611,noG,3,3.0,0.0,0.08,0.0,0.0,0.0,0.1943727232697867,0.0,0.0,0.0,0.0,-0.019270976935564416,-0.019270079615265612,8.973202988045437e-07,3.0,1.0,0.0
Queue-load-0.45,0.45,611,noG,4,4.0,0.0,0.08,0.0,0.0,0.0,0.19345615142973802,0.0,0.0,0.0,0.0,-0.018920585611358218,-0.018921097096488815,-5.114851305970669e-07,3.0,1.0,0.0
Queue-load-0.45,0.45,611,noG,5,5.0,0.0,0.08,0.0,0.0,0.0,0.19253247803820667,0.0,0.0,0.0,0.0,-0.01857796804689313,-0.01857953208974772,-1.5640428545904417e-06,3.0,1.0,0.0
Queue-load-0.45,0.45,611,noG,6,6.0,0.0,0.08,0.0,0.0,0.0,0.1916035533675465,0.0,0.0,0.0,0.0,-0.018249159019314315,-0.018251289058694553,-2.1300393802381468e-06,3.0,1.0,0.0
Queue-load-0.45,0.45,611,noG,7,7.0,0.0,0.08,0.0,0.0,0.0,0.19067110260850126,0.0,0.0,0.0,0.0,-0.017937015108360457,-0.017939289162070438,-2.2740537099809333e-06,3.0,1.0,0.0
Queue-load-0.45,0.45,611,noG,8,8.0,0.0,0.08,0.0,0.0,0.0,0.18973672105853023,0.0,0.0,0.0,0.0,-0.01764191880927394,-0.01764405985452644,-2.1410452525003065e-06,3.0,1.0,0.0
Queue-load-0.45,0.45,611,noG,9,9.0,0.0,0.08,0.0,0.0,0.0,0.18880187100215284,0.0,0.0,0.0,0.0,-0.017362788927001285,-0.017364655591117106,-1.8666641158210373e-06,3.0,1.0,0.0
Queue-load-0.45,0.45,611,noG,10,10.0,0.0,0.08,0.0,0.0,0.0,0.18786788018541925,0.0,0.0,0.0,0.0,-0.017097905258149915,-0.01709944919403039,-1.5439358804769654e-06,3.0,1.0,0.0
Queue-load-0.45,0.45,611,noG,11,11.0,0.0,0.08,0.0,0.0,0.0,0.18693594177377562,0.0,0.0,0.0,0.0,-0.016845417904895278,-0.016846641550422703,-1.223645527424766e-06,3.0,1.0,0.0
Queue-load-0.45,0.45,611,noG,12,12.0,0.0,0.08,0.0,0.0,0.0,0.18600711567311481,0.0,0.0,0.0,0.0,-0.016603592619741647,-0.01660451985981659,-9.272400749438248e-07,3.0,1.0,0.0
Queue-load-0.45,0.45,611,noG,13,13.0,0.0,0.08,0.0,0.0,0.0,0.18508233108731975,0.0,0.0,0.0,0.0,-0.01637089084064236,-0.016371550473415653,-6.596327732921736e-07,3.0,1.0,0.0
Queue-load-0.45,0.45,611,noG,14,14.0,0.0,0.08,0.0,0.0,0.0,0.18416239018182126,0.0,0.0,0.0,0.0,-0.01614596554023715,-0.01614638363506682,-4.180948296704512e-07,3.0,1.0,0.0
Queue-load-0.45,0.45,611,noG,15,15.0,0.0,0.08,0.0,0.0,0.0,0.18324797272122825,0.0,0.0,0.0,0.0,-0.01592762397848693,-0.015927821349573268,-1.9737108633913203e-07,3.0,1.0,0.0
Queue-load-0.45,0.45,611,noG,16,16.0,0.0,0.08,0.0,0.0,0.0,0.18233964154964283,0.0,0.0,0.0,0.0,-0.015714784426741346,-0.01571477663642007,7.790321276957002e-09,3.0,1.0,0.0
Queue-load-0.45,0.45,611,noG,17,17.0,0.0,0.08,0.0,0.0,0.0,0.1814378487845426,0.0,0.0,0.0,0.0,-0.015506438923250775,-0.015506237328180017,2.0159507075831473e-07,3.0,1.0,0.0
Queue-load-0.45,0.45,611,noG,18,18.0,0.0,0.08,0.0,0.0,0.0,0.1805429425988027,0.0,0.0,0.0,0.0,-0.01530162610199485,-0.015301239211268136,3.8689072671439784e-07,3.0,1.0,0.0
Queue-load-0.45,0.45,611,noG,19,19.0,0.0,0.08,0.0,0.0,0.0,0.1796551744702701,0.0,0.0,0.0,0.0,-0.015099414512155362,-0.015098849358112343,5.651540430189061e-07,3.0,1.0,0.0
Queue-load-0.45,0.45,611,noG,20,20.0,0.0,0.08,0.0,0.0,0.0,0.1787747067841357,0.0,0.0,0.0,0.0,-0.014898895557571536,-0.014898158980140686,7.365774308508433e-07,3.0,1.0,0.0
Queue-load-0.45,0.45,611,noG,21,21.0,0.0,0.08,0.0,0.0,0.0,0.1779016206798464,0.0,0.0,0.0,0.0,-0.01469918487329173,-0.014698284673660744,9.001996309852128e-07,3.0,1.0,0.0
Queue-load-0.45,0.45,611,noG,22,22.0,0.0,0.08,0.0,0.0,0.0,0.1770359240414199,0.0,0.0,0.0,0.0,-0.014499430811481712,-0.014498376713598216,1.0540978834967796e-06,3.0,1.0,0.0
Queue-load-0.45,0.45,611,noG,23,23.0,0.0,0.08,0.0,0.0,0.0,0.17617755953750755,0.0,0.0,0.0,0.0,-0.014298828364611223,-0.014297632676131489,1.1956884797340028e-06,3.0,1.0,0.0
Queue-load-0.45,0.45,611,noG,24,24.0,0.0,0.08,0.0,0.0,0.0,0.1753264126253051,0.0,0.0,0.0,0.0,-0.014096636236205187,-0.014095314084617172,1.3221515880144918e-06,3.0,1.0,0.0
Queue-load-0.45,0.45,611,noG,25,25.0,0.0,0.08,0.0,0.0,0.0,0.1744823194403248,0.0,0.0,0.0,0.0,-0.01389219412606144,-0.013890763186545918,1.430939515521118e-06,3.0,1.0,0.0
Queue-load-0.45,0.45,611,PPM-3,1,3.0,0.0,0.01,0.0,,,,,,,,,,,,3.0,0.0
Queue-load-0.45,0.45,611,PPM-3,2,6.0,0.0,0.01,0.0,,,,,,,,,,,,3.0,0.0
Queue-load-0.45,0.45,611,PPM-3,3,9.0,0.0,0.01,0.0,,,,,,,,,,,,3.0,0.0
Queue-load-0.45,0.45,611,PPM-3,4,12.0,0.0,0.01,0.0,,,,,,,,,,,,3.0,0.0
Queue-load-0.45,0.45,611,PPM-3,5,15.0,0.0,0.01,0.0,,,,,,,,,,,,3.0,0.0
Queue-load-0.45,0.45,611,PPM-3,6,18.0,0.0,0.01,0.0,,,,,,,,,,,,3.0,0.0
Queue-load-0.45,0.45,611,PPM-3,7,21.0,0.0,0.01,0.0,,,,,,,,,,,,3.0,0.0
Queue-load-0.45,0.45,611,PPM-3,8,24.0,0.0,0.01,0.0,,,,,,,,,,,,3.0,0.0
Queue-load-0.45,0.45,611,PPM-3,9,27.0,0.0,0.01,0.0,,,,,,,,,,,,3.0,0.0
Queue-load-0.45,0.45,611,PPM-3,10,30.0,0.0,0.01,0.0,,,,,,,,,,,,3.0,0.0
Queue-load-0.45,0.45,611,PPM-3,11,33.0,0.0,0.01,0.0,,,,,,,,,,,,3.0,0.0
Queue-load-0.45,0.45,611,PPM-3,12,36.0,0.0,0.01,0.0,,,,,,,,,,,,3.0,0.0
Queue-load-0.45,0.45,611,PPM-3,13,39.0,0.0,0.01,0.0,,,,,,,,,,,,3.0,0.0
Queue-load-0.45,0.45,611,PPM-3,14,42.0,0.0,0.01,0.0,,,,,,,,,,,,3.0,0.0
Queue-load-0.45,0.45,611,PPM-3,15,45.0,0.0,0.01,0.0,,,,,,,,,,,,3.0,0.0
Queue-load-0.45,0.45,611,PPM-3,16,48.0,0.0,0.01,0.0,,,,,,,,,,,,3.0,0.0
Queue-load-0.45,0.45,611,PPM-3,17,51.0,0.0,0.01,0.0,,,,,,,,,,,,3.0,0.0
Queue-load-0.45,0.45,611,PPM-3,18,54.0,0.0,0.01,0.0,,,,,,,,,,,,3.0,0.0
Queue-load-0.45,0.45,611,PPM-3,19,57.0,0.0,0.01,0.0,,,,,,,,,,,,3.0,0.0
Queue-load-0.45,0.45,611,PPM-3,20,60.0,0.0,0.01,0.0,,,,,,,,,,,,3.0,0.0
Queue-load-0.45,0.45,611,PPM-3,21,63.0,0.0,0.01,0.0,,,,,,,,,,,,3.0,0.0
Queue-load-0.45,0.45,611,PPM-3,22,66.0,0.0,0.01,0.0,,,,,,,,,,,,3.0,0.0
Queue-load-0.45,0.45,611,PPM-3,23,69.0,0.0,0.01,0.0,,,,,,,,,,,,3.0,0.0
Queue-load-0.45,0.45,611,PPM-3,24,72.0,0.0,0.01,0.0,,,,,,,,,,,,3.0,0.0
Queue-load-0.45,0.45,611,PPM-3,25,75.0,0.0,0.01,0.0,,,,,,,,,,,,3.0,0.0
Queue-load-0.70,0.7,600,QP+G,1,1.0,1.0,0.08,0.0,0.2155923276424952,0.15819647347148272,0.28555366250729025,0.061563178766786214,0.0,0.0,0.0,-0.022609432778507948,-0.02261177024403027,-2.3374655223236396e-06,5.0,1.0,1.0
Queue-load-0.70,0.7,600,QP+G,2,2.0,2.0,0.08,0.0,0.2169118533638982,0.16998342195078744,0.2847360344033155,0.06176262094190985,0.0,0.0,0.0,-0.02201493066940507,-0.022021238077692296,-6.307408287224009e-06,5.0,1.0,1.0
Queue-load-0.70,0.7,600,QP+G,3,3.0,3.0,0.08,0.0,0.2181870087065124,0.180423435529351,0.2838607198434249,0.06193472135191423,0.0,0.0,0.0,-0.021459044630242924,-0.021467370002991704,-8.325372748779758e-06,5.0,1.0,1.0
Queue-load-0.70,0.7,600,QP+G,4,4.0,4.0,0.08,0.0,0.2194036330024248,0.18959088372055505,0.282934363541392,0.06207682726221021,0.0,0.0,0.0,-0.020956120997974968,-0.020964238496612442,-8.11749863747352e-06,5.0,1.0,1.0
Queue-load-0.70,0.7,600,QP+G,5,5.0,5.0,0.08,0.0,0.22054897127531,0.19756509463939473,0.2819633861179161,0.06218673474560942,0.0,0.0,0.0,-0.0205062923815665,-0.020512916099026945,-6.62371746044596e-06,5.0,1.0,1.0
Queue-load-0.70,0.7,600,QP+G,6,6.0,6.0,0.08,0.0,0.22161166839600221,0.20442916628469018,0.28095394014625447,0.062262671418241995,0.0,0.0,0.0,-0.020102324312077553,-0.02010714242801992,-4.818115942367002e-06,5.0,1.0,1.0
Queue-load-0.70,0.7,600,QP+G,7,7.0,7.0,0.08,0.0,0.22258179877058948,0.21026898662799812,0.27991187021523806,0.06230328756974748,0.0,0.0,0.0,-0.01973535440673234,-0.01973848099710196,-3.1265903696203745e-06,5.0,1.0,1.0
Queue-load-0.70,0.7,600,QP+G,8,8.0,8.0,0.08,0.0,0.2234509232052032,0.21517239719155043,0.2788426770618233,0.06230765361847476,0.0,0.0,0.0,-0.019396956184854177,-0.019398553365487903,-1.5971806337257421e-06,5.0,1.0,1.0
Queue-load-0.70,0.7,600,QP+G,9,9.0,9.0,0.08,0.0,0.22421216282477946,0.21922844787241821,0.277751485972808,0.06227526139775968,0.0,0.0,0.0,-0.01907919197201075,-0.01907933447414445,-1.4250213370078924e-07,5.0,1.0,1.0
Queue-load-0.70,0.7,600,QP+G,10,10.0,10.0,0.08,0.0,0.22486027948617107,0.2225267026751372,0.2766430197690756,0.062206026743172695,0.0,0.0,0.0,-0.018774087056283584,-0.01877274698384257,1.340072441013973e-06,5.0,1.0,1.0
Queue-load-0.70,0.7,600,QP+G,11,11.0,11.0,0.08,0.0,0.22539175267923378,0.22515656612801552,0.2755215767575025,0.06210029108631953,0.0,0.0,0.0,-0.018473107347530947,-0.01847018530237632,2.9220451546289883e-06,5.0,1.0,1.0
Queue-load-0.70,0.7,600,QP+G,12,12.0,12.0,0.08,0.0,0.22580484409519347,0.2272066084370273,0.2743910140622145,0.061958820151440386,0.0,0.0,0.0,-0.01816685007959704,-0.018162223968301028,4.626111296011232e-06,5.0,1.0,1.0
Queue-load-0.70,0.7,600,QP+G,13,13.0,13.0,0.08,0.0,0.22609964252912307,0.22876387417578103,0.2732547367291945,0.061782798293860505,0.0,0.0,0.0,-0.017845039617118513,-0.017838631025473006,6.408591645506306e-06,5.0,1.0,1.0
Queue-load-0.70,0.7,600,QP+G,14,14.0,14.0,0.08,0.0,0.2262780833019153,0.22991316497733785,0.2721156929406496,0.061573817434982706,0.0,0.0,0.0,-0.017496955747340337,-0.017488828206830398,8.127540509939024e-06,5.0,1.0,1.0
Queue-load-0.70,0.7,600,QP+G,15,15.0,15.0,0.08,0.0,0.22634393774549433,0.23073629176714866,0.27097637558425375,0.06133385988574202,0.0,0.0,0.0,-0.017112509795349753,-0.017102993153137902,9.516642211850751e-06,5.0,1.0,1.0
Queue-load-0.70,0.7,600,QP+G,16,16.0,16.0,0.08,0.0,0.2263027693894024,0.23131129698315275,0.2698388303047544,0.061065274586762926,0.0,0.0,0.0,-0.016684092020571306,-0.016673876150686162,1.0215869885144002e-05,5.0,1.0,1.0
Queue-load-0.70,0.7,600,QP+G,17,17.0,17.0,0.08,0.0,0.22616185429840646,0.23171165229042906,0.2687046700290048,0.060770746432401164,0.0,1.0,0.0,-0.01626226275994068,-0.016198992588906336,6.327017103434363e-05,5.0,1.0,1.0
Queue-load-0.70,0.7,600,QP+G,18,18.0,18.0,0.08,0.0,0.2259300635947927,0.23200544270230256,0.26757509580726074,0.06045325841211717,0.0,1.0,0.0,-0.015891353704206152,-0.015682351054407295,0.00020900264979885688,5.0,1.0,1.0
Queue-load-0.70,0.7,600,QP+G,19,19.0,19.0,0.08,0.0,0.22561770666828343,0.2322545538042825,0.2664509236600339,0.060116046335822716,0.0,1.0,0.0,-0.015493128792900213,-0.015134745873886413,0.00035838291901379993,5.0,1.0,1.0
Queue-load-0.70,0.7,600,QP+G,20,20.0,20.0,0.08,0.12,0.2252363340804398,0.23251388481403976,0.2653326169663393,0.05976254595746777,1.0,0.0,0.0,-0.015083672972707287,-0.015163170751808064,-7.94977791007765e-05,5.0,1.0,1.0
Queue-load-0.70,0.7,600,QP+G,21,21.0,21.0,0.08,0.0,0.22528673180907588,0.2360113337090871,0.2643417007261925,0.05955267783745673,0.0,1.0,0.0,-0.01476468089572167,-0.014156697087780223,0.0006079838079414458,5.0,1.0,1.0
Queue-load-0.70,0.7,600,QP+G,22,22.0,22.0,0.08,0.12,0.2248244476922486,0.23650096468346624,0.26321701476305165,0.059177619967305535,1.0,0.0,0.0,-0.014380867392962937,-0.014463354880814183,-8.248748785124639e-05,5.0,1.0,1.0
Queue-load-0.70,0.7,600,QP+G,23,23.0,23.0,0.08,0.0,0.22484142298370252,0.24030353280468858,0.2621692230359015,0.05894650116992378,0.0,1.0,0.0,-0.014110850752354992,-0.013237173760230814,0.0008736769921241783,5.0,1.0,1.0
Queue-load-0.70,0.7,600,QP+G,24,24.0,24.0,0.08,0.0,0.22434265371216885,0.2410532903891469,0.2610366544148954,0.058561655767583966,0.0,1.0,0.0,-0.01379816223205811,-0.012760820296901176,0.0010373419351569334,5.0,1.0,1.0
Queue-load-0.70,0.7,600,QP+G,25,25.0,25.0,0.08,0.0,0.2238356333971803,0.24192107343470387,0.2599084388603455,0.05817677003757774,0.0,1.0,0.0,-0.013529052507554462,-0.012330186867868687,0.0011988656396857752,5.0,1.0,1.0
Queue-load-0.70,0.7,600,noG,1,1.0,0.0,0.08,0.0,0.0,0.0,0.28555366250729025,0.0,0.0,0.0,0.0,-0.022609432778507948,-0.02261177024403027,-2.3374655223236396e-06,3.0,1.0,0.0
Queue-load-0.70,0.7,600,noG,2,2.0,0.0,0.08,0.0,0.0,0.0,0.2847360344033155,0.0,0.0,0.0,0.0,-0.02201493066940507,-0.022021238077692296,-6.307408287224009e-06,3.0,1.0,0.0
Queue-load-0.70,0.7,600,noG,3,3.0,0.0,0.08,0.0,0.0,0.0,0.2838607198434249,0.0,0.0,0.0,0.0,-0.021459044630242924,-0.021467370002991704,-8.325372748779758e-06,3.0,1.0,0.0
Queue-load-0.70,0.7,600,noG,4,4.0,0.0,0.08,0.0,0.0,0.0,0.282934363541392,0.0,0.0,0.0,0.0,-0.020956120997974968,-0.020964238496612442,-8.11749863747352e-06,3.0,1.0,0.0
Queue-load-0.70,0.7,600,noG,5,5.0,0.0,0.08,0.0,0.0,0.0,0.2819633861179161,0.0,0.0,0.0,0.0,-0.0205062923815665,-0.020512916099026945,-6.62371746044596e-06,3.0,1.0,0.0
Queue-load-0.70,0.7,600,noG,6,6.0,0.0,0.08,0.0,0.0,0.0,0.28095394014625447,0.0,0.0,0.0,0.0,-0.020102324312077553,-0.02010714242801992,-4.818115942367002e-06,3.0,1.0,0.0
Queue-load-0.70,0.7,600,noG,7,7.0,0.0,0.08,0.0,0.0,0.0,0.27991187021523806,0.0,0.0,0.0,0.0,-0.01973535440673234,-0.01973848099710196,-3.1265903696203745e-06,3.0,1.0,0.0
Queue-load-0.70,0.7,600,noG,8,8.0,0.0,0.08,0.0,0.0,0.0,0.2788426770618233,0.0,0.0,0.0,0.0,-0.019396956184854177,-0.019398553365487903,-1.5971806337257421e-06,3.0,1.0,0.0
Queue-load-0.70,0.7,600,noG,9,9.0,0.0,0.08,0.0,0.0,0.0,0.277751485972808,0.0,0.0,0.0,0.0,-0.01907919197201075,-0.01907933447414445,-1.4250213370078924e-07,3.0,1.0,0.0
Queue-load-0.70,0.7,600,noG,10,10.0,0.0,0.08,0.0,0.0,0.0,0.2766430197690756,0.0,0.0,0.0,0.0,-0.018774087056283584,-0.01877274698384257,1.340072441013973e-06,3.0,1.0,0.0
Queue-load-0.70,0.7,600,noG,11,11.0,0.0,0.08,0.0,0.0,0.0,0.2755215767575025,0.0,0.0,0.0,0.0,-0.018473107347530947,-0.01847018530237632,2.9220451546289883e-06,3.0,1.0,0.0
Queue-load-0.70,0.7,600,noG,12,12.0,0.0,0.08,0.0,0.0,0.0,0.2743910140622145,0.0,0.0,0.0,0.0,-0.01816685007959704,-0.018162223968301028,4.626111296011232e-06,3.0,1.0,0.0
Queue-load-0.70,0.7,600,noG,13,13.0,0.0,0.08,0.0,0.0,0.0,0.2732547367291945,0.0,0.0,0.0,0.0,-0.017845039617118513,-0.017838631025473006,6.408591645506306e-06,3.0,1.0,0.0
Queue-load-0.70,0.7,600,noG,14,14.0,0.0,0.08,0.0,0.0,0.0,0.2721156929406496,0.0,0.0,0.0,0.0,-0.017496955747340337,-0.017488828206830398,8.127540509939024e-06,3.0,1.0,0.0
Queue-load-0.70,0.7,600,noG,15,15.0,0.0,0.08,0.0,0.0,0.0,0.27097637558425375,0.0,0.0,0.0,0.0,-0.017112509795349753,-0.017102993153137902,9.516642211850751e-06,3.0,1.0,0.0
Queue-load-0.70,0.7,600,noG,16,16.0,0.0,0.08,0.0,0.0,0.0,0.2698388303047544,0.0,0.0,0.0,0.0,-0.016684092020571306,-0.016673876150686162,1.0215869885144002e-05,3.0,1.0,0.0
Queue-load-0.70,0.7,600,noG,17,17.0,0.0,0.08,0.0,0.0,0.0,0.2687046700290048,0.0,0.0,0.0,0.0,-0.0162088859623783,-0.016198992588906336,9.89337347196556e-06,3.0,1.0,0.0
Queue-load-0.70,0.7,600,noG,18,18.0,0.0,0.08,0.0,0.0,0.0,0.26757509580726074,0.0,0.0,0.0,0.0,-0.015690769676693053,-0.015682351054407295,8.418622285757266e-06,3.0,1.0,0.0
Queue-load-0.70,0.7,600,noG,19,19.0,0.0,0.08,0.0,0.0,0.0,0.2664509236600339,0.0,0.0,0.0,0.0,-0.015140719852810352,-0.015134745873886413,5.9739789239395685e-06,3.0,1.0,0.0
Queue-load-0.70,0.7,600,noG,20,20.0,0.0,0.08,0.0,0.0,0.0,0.2653326169663393,0.0,0.0,0.0,0.0,-0.014575188747933706,-0.01457217562234403,3.013125589675439e-06,3.0,1.0,0.0
Queue-load-0.70,0.7,600,noG,21,21.0,0.0,0.08,0.0,0.0,0.0,0.2642203237807145,0.0,0.0,0.0,0.0,-0.014012947557704929,-0.014012859223448526,8.833425640258907e-08,3.0,1.0,0.0
Queue-load-0.70,0.7,600,noG,22,22.0,0.0,0.08,0.0,0.0,0.0,0.26311391832717734,0.0,0.0,0.0,0.0,-0.013471604536733472,-0.013473940927211103,-2.3363904776314837e-06,3.0,1.0,0.0
Queue-load-0.70,0.7,600,noG,23,23.0,0.0,0.08,0.0,0.0,0.0,0.26201304579238677,0.0,0.0,0.0,0.0,-0.012964915998552566,-0.012968903183950165,-3.98718539759875e-06,3.0,1.0,0.0
Queue-load-0.70,0.7,600,noG,24,24.0,0.0,0.08,0.0,0.0,0.0,0.2609171694317642,0.0,0.0,0.0,0.0,-0.012501395399364432,-0.012506196359409305,-4.80096004487271e-06,3.0,1.0,0.0
Queue-load-0.70,0.7,600,noG,25,25.0,0.0,0.08,0.0,0.0,0.0,0.25982561891524075,0.0,0.0,0.0,0.0,-0.012084252805022207,-0.012089152334776365,-4.8995297541581245e-06,3.0,1.0,0.0
Queue-load-0.70,0.7,600,PPM-3,1,3.0,0.0,0.01,0.0,,,,,,,,,,,,3.0,0.0
Queue-load-0.70,0.7,600,PPM-3,2,6.0,0.0,0.01,0.0,,,,,,,,,,,,3.0,0.0
Queue-load-0.70,0.7,600,PPM-3,3,9.0,0.0,0.01,0.0,,,,,,,,,,,,3.0,0.0
Queue-load-0.70,0.7,600,PPM-3,4,12.0,0.0,0.01,0.0,,,,,,,,,,,,3.0,0.0
Queue-load-0.70,0.7,600,PPM-3,5,15.0,0.0,0.01,0.0,,,,,,,,,,,,3.0,0.0
Queue-load-0.70,0.7,600,PPM-3,6,18.0,0.0,0.01,0.0,,,,,,,,,,,,3.0,0.0
Queue-load-0.70,0.7,600,PPM-3,7,21.0,0.0,0.01,0.0,,,,,,,,,,,,3.0,0.0
Queue-load-0.70,0.7,600,PPM-3,8,24.0,0.0,0.01,0.0,,,,,,,,,,,,3.0,0.0
Queue-load-0.70,0.7,600,PPM-3,9,27.0,0.0,0.01,0.0,,,,,,,,,,,,3.0,0.0
Queue-load-0.70,0.7,600,PPM-3,10,30.0,0.0,0.01,0.0,,,,,,,,,,,,3.0,0.0
Queue-load-0.70,0.7,600,PPM-3,11,33.0,0.0,0.01,0.0,,,,,,,,,,,,3.0,0.0
Queue-load-0.70,0.7,600,PPM-3,12,36.0,0.0,0.01,0.0,,,,,,,,,,,,3.0,0.0
Queue-load-0.70,0.7,600,PPM-3,13,39.0,0.0,0.01,0.0,,,,,,,,,,,,3.0,0.0
Queue-load-0.70,0.7,600,PPM-3,14,42.0,0.0,0.01,0.0,,,,,,,,,,,,3.0,0.0
Queue-load-0.70,0.7,600,PPM-3,15,45.0,0.0,0.01,0.0,,,,,,,,,,,,3.0,0.0
Queue-load-0.70,0.7,600,PPM-3,16,48.0,0.0,0.01,0.0,,,,,,,,,,,,3.0,0.0
Queue-load-0.70,0.7,600,PPM-3,17,51.0,0.0,0.01,0.0,,,,,,,,,,,,3.0,0.0
Queue-load-0.70,0.7,600,PPM-3,18,54.0,0.0,0.01,0.0,,,,,,,,,,,,3.0,0.0
Queue-load-0.70,0.7,600,PPM-3,19,57.0,0.0,0.01,0.0,,,,,,,,,,,,3.0,0.0
Queue-load-0.70,0.7,600,PPM-3,20,60.0,0.0,0.01,0.0,,,,,,,,,,,,3.0,0.0
Queue-load-0.70,0.7,600,PPM-3,21,63.0,0.0,0.01,0.0,,,,,,,,,,,,3.0,0.0
Queue-load-0.70,0.7,600,PPM-3,22,66.0,0.0,0.01,0.0,,,,,,,,,,,,3.0,0.0
Queue-load-0.70,0.7,600,PPM-3,23,69.0,0.0,0.01,0.0,,,,,,,,,,,,3.0,0.0
Queue-load-0.70,0.7,600,PPM-3,24,72.0,0.0,0.01,0.0,,,,,,,,,,,,3.0,0.0
Queue-load-0.70,0.7,600,PPM-3,25,75.0,0.0,0.01,0.0,,,,,,,,,,,,3.0,0.0
Queue-load-0.70,0.7,601,QP+G,1,1.0,1.0,0.08,0.12,0.22119396893947998,-0.11634857247937612,0.25684075790907485,0.0568116266273324,1.0,0.0,0.0,-0.020802393546746168,-0.02082338539197348,-2.0991845227313205e-05,5.0,1.0,1.0
Queue-load-0.70,0.7,601,QP+G,2,2.0,2.0,0.08,0.12,0.22118853943406552,-0.11468178800595548,0.25770940706494194,0.05700236734711356,1.0,0.0,0.0,-0.020104530922737167,-0.02013065670531322,-2.6125782576054413e-05,5.0,1.0,1.0
Queue-load-0.70,0.7,601,QP+G,3,3.0,3.0,0.08,0.12,0.22110249749493663,-0.11198249626268487,0.2585663886958552,0.05716967430890013,1.0,0.0,0.0,-0.01940700715971281,-0.019437962554643473,-3.095539493066374e-05,5.0,1.0,1.0
Queue-load-0.70,0.7,601,QP+G,4,4.0,4.0,0.08,0.12,0.22094052920438706,-0.10818430449339683,0.2594049523929841,0.057313067459944744,1.0,0.0,0.0,-0.018718758770805602,-0.018754697896308237,-3.593912550263478e-05,5.0,1.0,1.0
Queue-load-0.70,0.7,601,QP+G,5,5.0,5.0,0.08,0.12,0.22070940444929157,-0.1032269718484407,0.26021808206201646,0.057432577918844534,1.0,0.0,0.0,-0.018051994691320263,-0.018093307615889564,-4.1312924569301274e-05,5.0,1.0,1.0
Queue-load-0.70,0.7,601,QP+G,6,6.0,6.0,0.08,0.12,0.22041793221722136,-0.09705816642613815,0.2609985730989479,0.057528765794115394,1.0,0.0,0.0,-0.017422793404430325,-0.01746897180175644,-4.617839732611387e-05,5.0,1.0,1.0
Queue-load-0.70,0.7,601,QP+G,7,7.0,7.0,0.08,0.12,0.22007682615052793,-0.08963529213373105,0.26173911825468543,0.057602714424928876,1.0,0.0,0.0,-0.01684587827890083,-0.01689480572215274,-4.892744325190809e-05,5.0,1.0,1.0
Queue-load-0.70,0.7,601,QP+G,8,8.0,8.0,0.08,0.12,0.2196984797645496,-0.080927316580367,0.26243239993718614,0.05765599930716207,1.0,0.0,0.0,-0.016329023374269842,-0.01637776240601907,-4.873903174922728e-05,5.0,1.0,1.0
Queue-load-0.70,0.7,601,QP+G,9,9.0,9.0,0.08,0.12,0.21929665719213776,-0.07091651527383286,0.26307118631157644,0.05769063176169878,1.0,0.0,0.0,-0.01587312918125936,-0.015919165450391848,-4.603626913248643e-05,5.0,1.0,1.0
Queue-load-0.70,0.7,601,QP+G,10,10.0,10.0,0.08,0.12,0.2188861122367584,-0.059600035607149514,0.2636484283311411,0.057708979474735106,1.0,0.0,0.0,-0.015474862381673213,-0.015515842047562067,-4.097966588885449e-05,5.0,1.0,1.0
Queue-load-0.70,0.7,601,QP+G,11,11.0,11.0,0.08,0.12,0.21848215514005795,-0.046991179493591946,0.2641573547954576,0.0577136681718085,1.0,0.0,0.0,-0.015124638884661463,-0.01515783072523158,-3.3191840570117107e-05,5.0,1.0,1.0
Queue-load-0.70,0.7,601,QP+G,12,12.0,12.0,0.08,0.12,0.21810019188538995,-0.03312030866840009,0.26459156269704526,0.05770747059548076,1.0,0.0,0.0,-0.014805250666820246,-0.014828707535441854,-2.3456868621608493e-05,5.0,1.0,1.0
Queue-load-0.70,0.7,601,QP+G,13,13.0,13.0,0.08,0.12,0.21775526413394855,-0.01803529308137354,0.2649451004718704,0.05769319033424768,1.0,0.0,0.0,-0.014498469363483637,-0.01451212021030912,-1.3650846825483468e-05,5.0,1.0,1.0
Queue-load-0.70,0.7,601,QP+G,14,14.0,14.0,0.08,0.12,0.21746161825088633,-0.0018014499879870588,0.2652125422746593,0.05767354862347901,1.0,0.0,0.0,-0.014191662314259246,-0.01419631558486012,-4.653270600873602e-06,5.0,1.0,1.0
Queue-load-0.70,0.7,601,QP+G,15,15.0,15.0,0.08,0.12,0.21723232890705557,0.01549904352663792,0.2653890519983441,0.05765108183203596,1.0,0.0,0.0,-0.01387612869691138,-0.013872991414900948,3.137282010432646e-06,5.0,1.0,1.0
Queue-load-0.70,0.7,601,QP+G,16,16.0,16.0,0.08,0.12,0.21707899654321014,0.03376824381994714,0.2654704363755327,0.05762805594028875,1.0,0.0,0.0,-0.013547812518009452,-0.013540126431166755,7.686086842697767e-06,5.0,1.0,1.0
Queue-load-0.70,0.7,601,QP+G,17,17.0,17.0,0.08,0.12,0.21701152926669584,0.05289398437023493,0.2654531870624428,0.057606402073138996,1.0,0.0,0.0,-0.013216270649549153,-0.013209457783057488,6.812866491665015e-06,5.0,1.0,1.0
Queue-load-0.70,0.7,601,QP+G,18,18.0,18.0,0.08,0.12,0.21703800977891588,0.0727517893573922,0.2653345120456458,0.057587674420046746,1.0,0.0,0.0,-0.012908023636858015,-0.0129077914337703,2.3220308771609854e-07,5.0,1.0,1.0
Queue-load-0.70,0.7,601,QP+G,19,19.0,19.0,0.08,0.12,0.21716463832485539,0.09320706513395478,0.26511235698343333,0.05757302911975725,1.0,0.0,0.0,-0.012660727912526721,-0.012670843417850186,-1.011550532346514e-05,5.0,1.0,1.0
Queue-load-0.70,0.7,601,QP+G,20,20.0,20.0,0.08,0.12,0.21739573507496576,0.11411748040283938,0.2647854171811132,0.05756322040521957,1.0,0.0,0.0,-0.012512564201524143,-0.012533162453983948,-2.059825245980494e-05,5.0,1.0,1.0
Queue-load-0.70,0.7,601,QP+G,21,21.0,21.0,0.08,0.12,0.21773378113307265,0.1353354600078447,0.26435314082054767,0.05755860890526146,1.0,0.0,0.0,-0.012489789485021326,-0.012517449233764744,-2.7659748743417284e-05,5.0,1.0,1.0
Queue-load-0.70,0.7,601,QP+G,22,22.0,22.0,0.08,0.07283849455955359,0.21817947720777306,0.15671073648208564,0.26381572386697705,0.05755917671248727,1.0,0.0,0.0,-0.012554206353271941,-0.012629676011249202,-7.54696579772611e-05,5.0,1.0,1.0
Queue-load-0.70,0.7,601,QP+G,23,23.0,23.0,0.08,0.03369820712529112,0.2186728578915768,0.1773341654481204,0.2631234081366464,0.05753794763541225,1.0,0.0,0.0,-0.012747910250901837,-0.012869319663535883,-0.00012140941263404613,5.0,1.0,1.0
Queue-load-0.70,0.7,601,QP+G,24,24.0,24.0,0.08,0.043469907659528816,0.2192303868404095,0.19730602217909207,0.2622931326344659,0.057502624933036796,1.0,0.0,0.0,-0.013024329933140972,-0.013183944881459908,-0.00015961494831893616,5.0,1.0,1.0
Queue-load-0.70,0.7,601,QP+G,25,25.0,25.0,0.08,0.034418857799379234,0.21990816451912262,0.21720309819767378,0.26137938242946085,0.05747946023320455,1.0,0.0,0.0,-0.013375877029307754,-0.013560554291163207,-0.0001846772618554534,5.0,1.0,1.0
Queue-load-0.70,0.7,601,noG,1,1.0,0.0,0.08,0.0,0.0,0.0,0.25684075790907485,0.0,0.0,0.0,0.0,-0.018336007456368146,-0.018333433301122692,2.5741552454536243e-06,3.0,1.0,0.0
Queue-load-0.70,0.7,601,noG,2,2.0,0.0,0.08,0.0,0.0,0.0,0.2573602377507921,0.0,0.0,0.0,0.0,-0.017650214107553335,-0.017649332126126183,8.819814271525395e-07,3.0,1.0,0.0
Queue-load-0.70,0.7,601,noG,3,3.0,0.0,0.08,0.0,0.0,0.0,0.2578781408397069,0.0,0.0,0.0,0.0,-0.016963504406985526,-0.016964159896913245,-6.554899277186332e-07,3.0,1.0,0.0
Queue-load-0.70,0.7,601,noG,4,4.0,0.0,0.08,0.0,0.0,0.0,0.25839167037859934,0.0,0.0,0.0,0.0,-0.016286023958013277,-0.016288468028767156,-2.4440707538792017e-06,3.0,1.0,0.0
Queue-load-0.70,0.7,601,noG,5,5.0,0.0,0.08,0.0,0.0,0.0,0.2588977292713911,0.0,0.0,0.0,0.0,-0.015629961370496263,-0.01563472723612236,-4.7658656260954335e-06,3.0,1.0,0.0
Queue-load-0.70,0.7,601,noG,6,6.0,0.0,0.08,0.0,0.0,0.0,0.25939293395531854,0.0,0.0,0.0,0.0,-0.015010869633438338,-0.015018318997812141,-7.449364373803349e-06,3.0,1.0,0.0
Queue-load-0.70,0.7,601,noG,7,7.0,0.0,0.08,0.0,0.0,0.0,0.2598736325353944,0.0,0.0,0.0,0.0,-0.014445909833083408,-0.014455800174415057,-9.890341331648955e-06,3.0,1.0,0.0
Queue-load-0.70,0.7,601,noG,8,8.0,0.0,0.08,0.0,0.0,0.0,0.2603359274661155,0.0,0.0,0.0,0.0,-0.013949639064618028,-0.013961039800824526,-1.1400736206498494e-05,3.0,1.0,0.0
Queue-load-0.70,0.7,601,noG,9,9.0,0.0,0.08,0.0,0.0,0.0,0.26077570294718977,0.0,0.0,0.0,0.0,-0.013529907459164627,-0.013541613389800311,-1.1705930635683842e-05,3.0,1.0,0.0
Queue-load-0.70,0.7,601,noG,10,10.0,0.0,0.08,0.0,0.0,0.0,0.26118865710081324,0.0,0.0,0.0,0.0,-0.013186870984936367,-0.013197941916795575,-1.107093185920803e-05,3.0,1.0,0.0
Queue-load-0.70,0.7,601,noG,11,11.0,0.0,0.08,0.0,0.0,0.0,0.26157033887894826,0.0,0.0,0.0,0.0,-0.012915152822340717,-0.012925007513352682,-9.854691011964775e-06,3.0,1.0,0.0
Queue-load-0.70,0.7,601,noG,12,12.0,0.0,0.08,0.0,0.0,0.0,0.2619161895126527,0.0,0.0,0.0,0.0,-0.012705951578305551,-0.012714128930504387,-8.177352198835905e-06,3.0,1.0,0.0
Queue-load-0.70,0.7,601,noG,13,13.0,0.0,0.08,0.0,0.0,0.0,0.2622215881654931,0.0,0.0,0.0,0.0,-0.012547507748962416,-0.012553566901401858,-6.059152439442245e-06,3.0,1.0,0.0
Queue-load-0.70,0.7,601,noG,14,14.0,0.0,0.08,0.0,0.0,0.0,0.26248190129472476,0.0,0.0,0.0,0.0,-0.012425230458301684,-0.012428871142598386,-3.640684296701835e-06,3.0,1.0,0.0
Queue-load-0.70,0.7,601,noG,15,15.0,0.0,0.08,0.0,0.0,0.0,0.26269253506347356,0.0,0.0,0.0,0.0,-0.012322847686664237,-0.012324139531872724,-1.2918452084870191e-06,3.0,1.0,0.0
Queue-load-0.70,0.7,601,noG,16,16.0,0.0,0.08,0.0,0.0,0.0,0.26284898999227163,0.0,0.0,0.0,0.0,-0.012225014435094137,-0.012224496639263727,5.177958304104779e-07,3.0,1.0,0.0
Queue-load-0.70,0.7,601,noG,17,17.0,0.0,0.08,0.0,0.0,0.0,0.2629469168970906,0.0,0.0,0.0,0.0,-0.012120271631336343,-0.01211882703875844,1.4445925779031643e-06,3.0,1.0,0.0
Queue-load-0.70,0.7,601,noG,18,18.0,0.0,0.08,0.0,0.0,0.0,0.2629821730421974,0.0,0.0,0.0,0.0,-0.012003085682403578,-0.012001789156028675,1.296526374903323e-06,3.0,1.0,0.0
Queue-load-0.70,0.7,601,noG,19,19.0,0.0,0.08,0.0,0.0,0.0,0.26295087734814937,0.0,0.0,0.0,0.0,-0.011874894457817557,-0.011874762644881631,1.3181293592560983e-07,3.0,1.0,0.0
Queue-load-0.70,0.7,601,noG,20,20.0,0.0,0.08,0.0,0.0,0.0,0.262849463445722,0.0,0.0,0.0,0.0,-0.011743429472565027,-0.011745245272261062,-1.8157996960355832e-06,3.0,1.0,0.0
Queue-load-0.70,0.7,601,noG,21,21.0,0.0,0.08,0.0,0.0,0.0,0.2626747293617149,0.0,0.0,0.0,0.0,-0.011621266831221494,-0.011625841947428661,-4.575116207166871e-06,3.0,1.0,0.0
Queue-load-0.70,0.7,601,noG,22,22.0,0.0,0.08,0.0,0.0,0.0,0.2624238826665445,0.0,0.0,0.0,0.0,-0.011526283531820957,-0.011534514491172487,-8.230959351530204e-06,3.0,1.0,0.0
Queue-load-0.70,0.7,601,noG,23,23.0,0.0,0.08,0.0,0.0,0.0,0.2620945800078168,0.0,0.0,0.0,0.0,-0.011481714335969487,-0.011493862370884234,-1.2148034914746461e-05,3.0,1.0,0.0
Queue-load-0.70,0.7,601,noG,24,24.0,0.0,0.08,0.0,0.0,0.0,0.26168496009690445,0.0,0.0,0.0,0.0,-0.011511026750312682,-0.011526009052667874,-1.498230235519142e-05,3.0,1.0,0.0
Queue-load-0.70,0.7,601,noG,25,25.0,0.0,0.08,0.0,0.0,0.0,0.26119366940217503,0.0,0.0,0.0,0.0,-0.011623175974672,-0.011644710578512907,-2.1534603840906233e-05,3.0,1.0,0.0
Queue-load-0.70,0.7,601,PPM-3,1,3.0,0.0,0.01,0.0,,,,,,,,,,,,3.0,0.0
Queue-load-0.70,0.7,601,PPM-3,2,6.0,0.0,0.01,0.0,,,,,,,,,,,,3.0,0.0
Queue-load-0.70,0.7,601,PPM-3,3,9.0,0.0,0.01,0.0,,,,,,,,,,,,3.0,0.0
Queue-load-0.70,0.7,601,PPM-3,4,12.0,0.0,0.01,0.0,,,,,,,,,,,,3.0,0.0
Queue-load-0.70,0.7,601,PPM-3,5,15.0,0.0,0.01,0.0,,,,,,,,,,,,3.0,0.0
Queue-load-0.70,0.7,601,PPM-3,6,18.0,0.0,0.01,0.0,,,,,,,,,,,,3.0,0.0
Queue-load-0.70,0.7,601,PPM-3,7,21.0,0.0,0.01,0.0,,,,,,,,,,,,3.0,0.0
Queue-load-0.70,0.7,601,PPM-3,8,24.0,0.0,0.01,0.0,,,,,,,,,,,,3.0,0.0
Queue-load-0.70,0.7,601,PPM-3,9,27.0,0.0,0.01,0.0,,,,,,,,,,,,3.0,0.0
Queue-load-0.70,0.7,601,PPM-3,10,30.0,0.0,0.01,0.0,,,,,,,,,,,,3.0,0.0
Queue-load-0.70,0.7,601,PPM-3,11,33.0,0.0,0.01,0.0,,,,,,,,,,,,3.0,0.0
Queue-load-0.70,0.7,601,PPM-3,12,36.0,0.0,0.01,0.0,,,,,,,,,,,,3.0,0.0
Queue-load-0.70,0.7,601,PPM-3,13,39.0,0.0,0.01,0.0,,,,,,,,,,,,3.0,0.0
Queue-load-0.70,0.7,601,PPM-3,14,42.0,0.0,0.01,0.0,,,,,,,,,,,,3.0,0.0
Queue-load-0.70,0.7,601,PPM-3,15,45.0,0.0,0.01,0.0,,,,,,,,,,,,3.0,0.0
Queue-load-0.70,0.7,601,PPM-3,16,48.0,0.0,0.01,0.0,,,,,,,,,,,,3.0,0.0
Queue-load-0.70,0.7,601,PPM-3,17,51.0,0.0,0.01,0.0,,,,,,,,,,,,3.0,0.0
Queue-load-0.70,0.7,601,PPM-3,18,54.0,0.0,0.01,0.0,,,,,,,,,,,,3.0,0.0
Queue-load-0.70,0.7,601,PPM-3,19,57.0,0.0,0.01,0.0,,,,,,,,,,,,3.0,0.0
Queue-load-0.70,0.7,601,PPM-3,20,60.0,0.0,0.01,0.0,,,,,,,,,,,,3.0,0.0
Queue-load-0.70,0.7,601,PPM-3,21,63.0,0.0,0.01,0.0,,,,,,,,,,,,3.0,0.0
Queue-load-0.70,0.7,601,PPM-3,22,66.0,0.0,0.01,0.0,,,,,,,,,,,,3.0,0.0
Queue-load-0.70,0.7,601,PPM-3,23,69.0,0.0,0.01,0.0,,,,,,,,,,,,3.0,0.0
Queue-load-0.70,0.7,601,PPM-3,24,72.0,0.0,0.01,0.0,,,,,,,,,,,,3.0,0.0
Queue-load-0.70,0.7,601,PPM-3,25,75.0,0.0,0.01,0.0,,,,,,,,,,,,3.0,0.0
Queue-load-0.70,0.7,602,QP+G,1,1.0,1.0,0.08,0.12,0.24486038649449635,-0.15135934189096406,0.2580249032940136,0.06318007754577722,1.0,0.0,0.0,-0.020262359647984594,-0.020215322814945758,4.703683303883613e-05,5.0,1.0,1.0
Queue-load-0.70,0.7,602,QP+G,2,2.0,2.0,0.08,0.12,0.24443209568010044,-0.14943079535687082,0.2592041918747033,0.06335782382900058,1.0,0.0,0.0,-0.01903520441872707,-0.018964835238830968,7.036917989610217e-05,5.0,1.0,1.0
Queue-load-0.70,0.7,602,QP+G,3,3.0,3.0,0.08,0.12,0.24382252766068455,-0.14600634183799077,0.2603530696739598,0.0634799435321232,1.0,0.0,0.0,-0.017630290091346583,-0.017525003144509554,0.0001052869468370285,5.0,1.0,1.0
Queue-load-0.70,0.7,602,QP+G,4,4.0,4.0,0.08,0.12,0.24300980814855214,-0.14091185803463754,0.261458068190683,0.06353687498990894,1.0,0.0,0.0,-0.016014160102508966,-0.015878363070441992,0.00013579703206697408,5.0,1.0,1.0
Queue-load-0.70,0.7,602,QP+G,5,5.0,5.0,0.08,0.12,0.24198265345786543,-0.1339705690468731,0.2625045167975322,0.06352153951934164,1.0,0.0,0.0,-0.014239827344136584,-0.014120144321824402,0.00011968302231218225,5.0,1.0,1.0
Queue-load-0.70,0.7,602,QP+G,6,6.0,6.0,0.08,0.12,0.2407424065332803,-0.12501160376189882,0.2634768310077987,0.06343004636257986,1.0,0.0,0.0,-0.012553171252312067,-0.01250372883382278,4.944241848928686e-05,5.0,1.0,1.0
Queue-load-0.70,0.7,602,QP+G,7,7.0,7.0,0.08,0.12,0.23930444037373397,-0.11388059439665471,0.26435890117489136,0.06326225890347262,1.0,0.0,0.0,-0.011240095119707685,-0.011270012754280856,-2.9917634573170884e-05,5.0,1.0,1.0
Queue-load-0.70,0.7,602,QP+G,8,8.0,8.0,0.08,0.12,0.23769868183577586,-0.10045217602220383,0.2651345675743153,0.06302213722151319,1.0,0.0,0.0,-0.01040174836905539,-0.010489030048889347,-8.728167983395804e-05,5.0,1.0,1.0
Queue-load-0.70,0.7,602,QP+G,9,9.0,9.0,0.08,0.12,0.23596905154216363,-0.08464393229033043,0.26578815730666555,0.06271777939079326,1.0,0.0,0.0,-0.009975265582615054,-0.010095804062106861,-0.00012053847949180727,5.0,1.0,1.0
Queue-load-0.70,0.7,602,QP+G,10,10.0,10.0,0.08,0.12,0.2341717004753137,-0.06643090537431413,0.26630504938094196,0.06236110625869756,1.0,0.0,0.0,-0.009843925314175848,-0.009982143011780575,-0.00013821769760472696,5.0,1.0,1.0
Queue-load-0.70,0.7,602,QP+G,11,11.0,11.0,0.08,0.0,0.2323720481763257,-0.04585928132843446,0.2666722283629862,0.06196717189645196,0.0,1.0,0.0,-0.009899166387436117,-0.008970332065721287,0.00092883432171483,5.0,1.0,1.0
Queue-load-0.70,0.7,602,QP+G,12,12.0,12.0,0.08,0.0,0.23038205711192716,-0.027653648537734575,0.2668538491599658,0.06147833871770884,0.0,1.0,0.0,-0.009845927153732469,-0.008669677191806002,0.0011762499619264663,5.0,1.0,1.0
Queue-load-0.70,0.7,602,QP+G,13,13.0,13.0,0.08,0.0,0.22850258818107155,-0.007474195100933741,0.2669411860944023,0.060996751914695994,0.0,1.0,0.0,-0.009821322327578114,-0.008384404375077814,0.0014369179525003002,5.0,1.0,1.0
Queue-load-0.70,0.7,602,QP+G,14,14.0,14.0,0.08,0.0,0.22678118973889774,0.014592911273279004,0.26692629211612867,0.06053386209868822,0.0,1.0,0.0,-0.009815436112565207,-0.008109272101643583,0.0017061640109216243,5.0,1.0,1.0
Queue-load-0.70,0.7,602,QP+G,15,15.0,15.0,0.08,0.0,0.22526715749275308,0.038403802475991206,0.2668018798009739,0.06010170107648857,0.0,1.0,0.0,-0.009864453417975092,-0.007882073896626984,0.001982379521348108,5.0,1.0,1.0
Queue-load-0.70,0.7,602,QP+G,16,16.0,16.0,0.08,0.0,0.22400908949085505,0.06375177444923166,0.26656148875848995,0.05971219639011613,0.0,1.0,0.0,-0.010031508173506546,-0.007769348294669243,0.002262159878837303,5.0,1.0,1.0
Queue-load-0.70,0.7,602,QP+G,17,17.0,17.0,0.08,0.0,0.2230520931457615,0.0903662986958862,0.266199648503916,0.059376388793464435,0.0,1.0,0.0,-0.010370605291138616,-0.007831544141837732,0.0025390611493008846,5.0,1.0,1.0
Queue-load-0.70,0.7,602,QP+G,18,18.0,18.0,0.08,0.0,0.22243484214454892,0.11791741115062226,0.26571202999868393,0.05910361344866491,0.0,1.0,0.0,-0.010832360787495861,-0.008097522059342666,0.0027348387281531956,5.0,1.0,1.0
Queue-load-0.70,0.7,602,QP+G,19,19.0,19.0,0.08,0.0,0.2221867370995623,0.1460260968666031,0.2650955789819972,0.05890072171352927,0.0,1.0,0.0,-0.011427696100202871,-0.00856435517069798,0.002863340929504892,5.0,1.0,1.0
Queue-load-0.70,0.7,602,QP+G,20,20.0,20.0,0.08,0.0,0.22232545109722918,0.17428035692632102,0.2643486245723218,0.05877142720497352,0.0,1.0,0.0,-0.012162297973475521,-0.009207334067561135,0.0029549639059143866,5.0,1.0,1.0
Queue-load-0.70,0.7,602,QP+G,21,21.0,21.0,0.08,0.0,0.2228551271675293,0.202255576417332,0.2634709574126662,0.05871585371915042,0.0,1.0,0.0,-0.012995262240374386,-0.009987020351204023,0.0030082418891703624,5.0,1.0,1.0
Queue-load-0.70,0.7,602,QP+G,22,22.0,22.0,0.08,0.0,0.22376543472552599,0.22953689572407454,0.26246387282875927,0.058730342603272485,0.0,1.0,0.0,-0.0138762867819603,-0.010855533943741502,0.003020752838218798,5.0,1.0,1.0
Queue-load-0.70,0.7,602,QP+G,23,23.0,23.0,0.08,0.0,0.22503159367516268,0.25574081088356637,0.2613301759891401,0.05880754597824693,0.0,1.0,0.0,-0.014755635301962845,-0.011764509080050445,0.0029911262219124,5.0,1.0,1.0
Queue-load-0.70,0.7,602,QP+G,24,24.0,24.0,0.08,0.0,0.22661535673594427,0.28053336018745184,0.2600741477958618,0.05893679578055591,0.0,1.0,0.0,-0.01559148988098255,-0.012671837192617996,0.0029196526883645546,5.0,1.0,1.0
Queue-load-0.70,0.7,602,QP+G,25,25.0,25.0,0.08,0.0,0.22846682715730995,0.30364295931895036,0.2587014720695237,0.059104704504649525,0.0,1.0,0.0,-0.016351747149527453,-0.01354454689904383,0.0028072002504836227,5.0,1.0,1.0
Queue-load-0.70,0.7,602,noG,1,1.0,0.0,0.08,0.0,0.0,0.0,0.2580249032940136,0.0,0.0,0.0,0.0,-0.01886038196529327,-0.01884727805843145,1.3103906861822168e-05,3.0,1.0,0.0
Queue-load-0.70,0.7,602,noG,2,2.0,0.0,0.08,0.0,0.0,0.0,0.2587800965679714,0.0,0.0,0.0,0.0,-0.017781454185379846,-0.01776998868533175,1.1465500048095378e-05,3.0,1.0,0.0
Queue-load-0.70,0.7,602,noG,3,3.0,0.0,0.08,0.0,0.0,0.0,0.25953512209102003,0.0,0.0,0.0,0.0,-0.016624003350511864,-0.01661346398531416,1.0539365197705791e-05,3.0,1.0,0.0
Queue-load-0.70,0.7,602,noG,4,4.0,0.0,0.08,0.0,0.0,0.0,0.26028423169278536,0.0,0.0,0.0,0.0,-0.015388792662275207,-0.015377453653533824,1.1339008741383452e-05,3.0,1.0,0.0
Queue-load-0.70,0.7,602,noG,5,5.0,0.0,0.08,0.0,0.0,0.0,0.2610213131851222,0.0,0.0,0.0,0.0,-0.014066801092309017,-0.01405725931137436,9.541780934657282e-06,3.0,1.0,0.0
Queue-load-0.70,0.7,602,noG,6,6.0,0.0,0.08,0.0,0.0,0.0,0.2617398751020162,0.0,0.0,0.0,0.0,-0.012674551572138011,-0.012676699227869292,-2.1476557312809924e-06,3.0,1.0,0.0
Queue-load-0.70,0.7,602,noG,7,7.0,0.0,0.08,0.0,0.0,0.0,0.26243303942026097,0.0,0.0,0.0,0.0,-0.011297972198415095,-0.011319820482217136,-2.1848283802040555e-05,3.0,1.0,0.0
Queue-load-0.70,0.7,602,noG,8,8.0,0.0,0.08,0.0,0.0,0.0,0.26309354546050606,0.0,0.0,0.0,0.0,-0.0100659244056494,-0.010103127745554996,-3.7203339905596267e-05,3.0,1.0,0.0
Queue-load-0.70,0.7,602,noG,9,9.0,0.0,0.08,0.0,0.0,0.0,0.2637137680764504,0.0,0.0,0.0,0.0,-0.009067678385226152,-0.009108230896456071,-4.0552511229918764e-05,3.0,1.0,0.0
Queue-load-0.70,0.7,602,noG,10,10.0,0.0,0.08,0.0,0.0,0.0,0.2642857529606723,0.0,0.0,0.0,0.0,-0.008315274187635287,-0.008349470947655036,-3.419676001974875e-05,3.0,1.0,0.0
Queue-load-0.70,0.7,602,noG,11,11.0,0.0,0.08,0.0,0.0,0.0,0.26480127140730836,0.0,0.0,0.0,0.0,-0.007766279410075485,-0.007789801313079714,-2.352190300422899e-05,3.0,1.0,0.0
Queue-load-0.70,0.7,602,noG,12,12.0,0.0,0.08,0.0,0.0,0.0,0.2652518961648987,0.0,0.0,0.0,0.0,-0.0073572760291959775,-0.0073695428715847555,-1.2266842388778017e-05,3.0,1.0,0.0
Queue-load-0.70,0.7,602,noG,13,13.0,0.0,0.08,0.0,0.0,0.0,0.2656290990933758,0.0,0.0,0.0,0.0,-0.007024300845087774,-0.00702694051584718,-2.6396707594059446e-06,3.0,1.0,0.0
Queue-load-0.70,0.7,602,noG,14,14.0,0.0,0.08,0.0,0.0,0.0,0.2659243702325586,0.0,0.0,0.0,0.0,-0.00671577136895745,-0.006712872933342773,2.8984356146774526e-06,3.0,1.0,0.0
Queue-load-0.70,0.7,602,noG,15,15.0,0.0,0.08,0.0,0.0,0.0,0.2661293566421079,0.0,0.0,0.0,0.0,-0.006408983945414744,-0.006407634297106224,1.3496483085200309e-06,3.0,1.0,0.0
Queue-load-0.70,0.7,602,noG,16,16.0,0.0,0.08,0.0,0.0,0.0,0.2662360180520677,0.0,0.0,0.0,0.0,-0.006128078060691797,-0.006136078899335207,-8.000838643409253e-06,3.0,1.0,0.0
Queue-load-0.70,0.7,602,noG,17,17.0,0.0,0.08,0.0,0.0,0.0,0.2662367950545129,0.0,0.0,0.0,0.0,-0.005942314235969606,-0.005962772784085857,-2.045854811625128e-05,3.0,1.0,0.0
Queue-load-0.70,0.7,602,noG,18,18.0,0.0,0.08,0.0,0.0,0.0,0.26612478436892606,0.0,0.0,0.0,0.0,-0.005929376892170385,-0.005958292738061033,-2.8915845890647475e-05,3.0,1.0,0.0
Queue-load-0.70,0.7,602,noG,19,19.0,0.0,0.08,0.0,0.0,0.0,0.26589391472956164,0.0,0.0,0.0,0.0,-0.006091511806794168,-0.0061627783607605124,-7.126655396634454e-05,3.0,1.0,0.0
Queue-load-0.70,0.7,602,noG,20,20.0,0.0,0.08,0.0,0.0,0.0,0.2655391162693017,0.0,0.0,0.0,0.0,-0.006410893914220345,-0.006578261826561516,-0.00016736791234117036,3.0,1.0,0.0
Queue-load-0.70,0.7,602,noG,21,21.0,0.0,0.08,0.0,0.0,0.0,0.2650564759914095,0.0,0.0,0.0,0.0,-0.0069320363238792185,-0.007183335906866262,-0.00025129958298704316,3.0,1.0,0.0
Queue-load-0.70,0.7,602,noG,22,22.0,0.0,0.08,0.0,0.0,0.0,0.26444337208094076,0.0,0.0,0.0,0.0,-0.007626638340475395,-0.007945742981168902,-0.00031910464069350667,3.0,1.0,0.0
Queue-load-0.70,0.7,602,noG,23,23.0,0.0,0.08,0.0,0.0,0.0,0.26369858042856864,0.0,0.0,0.0,0.0,-0.008458562646504544,-0.008826453361200581,-0.00036789071469603765,3.0,1.0,0.0
Queue-load-0.70,0.7,602,noG,24,24.0,0.0,0.08,0.0,0.0,0.0,0.26282234779883457,0.0,0.0,0.0,0.0,-0.00938597004873817,-0.009782300431491198,-0.0003963303827530275,3.0,1.0,0.0
Queue-load-0.70,0.7,602,noG,25,25.0,0.0,0.08,0.0,0.0,0.0,0.2618164275105307,0.0,0.0,0.0,0.0,-0.010365100067881243,-0.010770794800226913,-0.00040569473234567006,3.0,1.0,0.0
Queue-load-0.70,0.7,602,PPM-3,1,3.0,0.0,0.01,0.0,,,,,,,,,,,,3.0,0.0
Queue-load-0.70,0.7,602,PPM-3,2,6.0,0.0,0.01,0.0,,,,,,,,,,,,3.0,0.0
Queue-load-0.70,0.7,602,PPM-3,3,9.0,0.0,0.01,0.0,,,,,,,,,,,,3.0,0.0
Queue-load-0.70,0.7,602,PPM-3,4,12.0,0.0,0.01,0.0,,,,,,,,,,,,3.0,0.0
Queue-load-0.70,0.7,602,PPM-3,5,15.0,0.0,0.01,0.0,,,,,,,,,,,,3.0,0.0
Queue-load-0.70,0.7,602,PPM-3,6,18.0,0.0,0.01,0.0,,,,,,,,,,,,3.0,0.0
Queue-load-0.70,0.7,602,PPM-3,7,21.0,0.0,0.01,0.0,,,,,,,,,,,,3.0,0.0
Queue-load-0.70,0.7,602,PPM-3,8,24.0,0.0,0.01,0.0,,,,,,,,,,,,3.0,0.0
Queue-load-0.70,0.7,602,PPM-3,9,27.0,0.0,0.01,0.0,,,,,,,,,,,,3.0,0.0
Queue-load-0.70,0.7,602,PPM-3,10,30.0,0.0,0.01,0.0,,,,,,,,,,,,3.0,0.0
Queue-load-0.70,0.7,602,PPM-3,11,33.0,0.0,0.01,0.0,,,,,,,,,,,,3.0,0.0
Queue-load-0.70,0.7,602,PPM-3,12,36.0,0.0,0.01,0.0,,,,,,,,,,,,3.0,0.0
Queue-load-0.70,0.7,602,PPM-3,13,39.0,0.0,0.01,0.0,,,,,,,,,,,,3.0,0.0
Queue-load-0.70,0.7,602,PPM-3,14,42.0,0.0,0.01,0.0,,,,,,,,,,,,3.0,0.0
Queue-load-0.70,0.7,602,PPM-3,15,45.0,0.0,0.01,0.0,,,,,,,,,,,,3.0,0.0
Queue-load-0.70,0.7,602,PPM-3,16,48.0,0.0,0.01,0.0,,,,,,,,,,,,3.0,0.0
Queue-load-0.70,0.7,602,PPM-3,17,51.0,0.0,0.01,0.0,,,,,,,,,,,,3.0,0.0
Queue-load-0.70,0.7,602,PPM-3,18,54.0,0.0,0.01,0.0,,,,,,,,,,,,3.0,0.0
Queue-load-0.70,0.7,602,PPM-3,19,57.0,0.0,0.01,0.0,,,,,,,,,,,,3.0,0.0
Queue-load-0.70,0.7,602,PPM-3,20,60.0,0.0,0.01,0.0,,,,,,,,,,,,3.0,0.0
Queue-load-0.70,0.7,602,PPM-3,21,63.0,0.0,0.01,0.0,,,,,,,,,,,,3.0,0.0
Queue-load-0.70,0.7,602,PPM-3,22,66.0,0.0,0.01,0.0,,,,,,,,,,,,3.0,0.0
Queue-load-0.70,0.7,602,PPM-3,23,69.0,0.0,0.01,0.0,,,,,,,,,,,,3.0,0.0
Queue-load-0.70,0.7,602,PPM-3,24,72.0,0.0,0.01,0.0,,,,,,,,,,,,3.0,0.0
Queue-load-0.70,0.7,602,PPM-3,25,75.0,0.0,0.01,0.0,,,,,,,,,,,,3.0,0.0
Queue-load-0.70,0.7,603,QP+G,1,1.0,1.0,0.08,0.12,0.15923179307970536,-0.018117172282353922,0.17978250766659742,0.028627091060118185,1.0,0.0,0.0,-0.011177163396187042,-0.011197478310217779,-2.0314914030736958e-05,5.0,1.0,1.0
Queue-load-0.70,0.7,603,QP+G,2,2.0,2.0,0.08,0.12,0.1585382808460934,-0.018433535669168517,0.1798245551339502,0.028509075824850006,1.0,0.0,0.0,-0.010807387573716801,-0.010826495510712242,-1.9107936995440417e-05,5.0,1.0,1.0
Queue-load-0.70,0.7,603,QP+G,3,3.0,3.0,0.08,0.12,0.1578330660691646,-0.01852927357011623,0.17986757183989888,0.02838905034990697,1.0,0.0,0.0,-0.010453853674665238,-0.010472298197748309,-1.8444523083071054e-05,5.0,1.0,1.0
Queue-load-0.70,0.7,603,QP+G,4,4.0,4.0,0.08,0.12,0.15711759871800546,-0.018388445009949007,0.17991081805783354,0.02826715571663878,1.0,0.0,0.0,-0.010118916984557016,-0.010137173304798353,-1.8256320241336402e-05,5.0,1.0,1.0
Queue-load-0.70,0.7,603,QP+G,5,5.0,5.0,0.08,0.12,0.1563934128207461,-0.01799581728376797,0.17995353110074666,0.028143546877990044,1.0,0.0,0.0,-0.009805333202090297,-0.009823718211563026,-1.8385009472729127e-05,5.0,1.0,1.0
Queue-load-0.70,0.7,603,QP+G,6,6.0,6.0,0.08,0.12,0.1556621268725159,-0.017336953562442074,0.17999492828461905,0.02801839336304977,1.0,0.0,0.0,-0.009515494818216518,-0.00953416005811425,-1.8665239897731195e-05,5.0,1.0,1.0
Queue-load-0.70,0.7,603,QP+G,7,7.0,7.0,0.08,0.12,0.15492544488602675,-0.016398310280527247,0.18003421010839774,0.027891880095747935,1.0,0.0,0.0,-0.009250896280513989,-0.009269862777327997,-1.8966496814008804e-05,5.0,1.0,1.0
Queue-load-0.70,0.7,603,QP+G,8,8.0,8.0,0.08,0.12,0.15418515788093354,-0.015167344593955676,0.1800705636575706,0.027764208287251214,1.0,0.0,0.0,-0.00901190917818814,-0.009031100430709316,-1.9191252521175844e-05,5.0,1.0,1.0
Queue-load-0.70,0.7,603,QP+G,9,9.0,9.0,0.08,0.12,0.15344314556456595,-0.01363263198132018,0.18010316623538025,0.02763559635329467,1.0,0.0,0.0,-0.008797782661807573,-0.008817050592389908,-1.9267930582335044e-05,5.0,1.0,1.0
Queue-load-0.70,0.7,603,QP+G,10,10.0,10.0,0.08,0.12,0.152701377914391,-0.011783993792934324,0.18013118922209884,0.027506280799572392,1.0,0.0,0.0,-0.008606813010878685,-0.008625972574944019,-1.9159564065333867e-05,5.0,1.0,1.0
Queue-load-0.70,0.7,603,QP+G,11,11.0,11.0,0.08,0.12,0.15196191633345615,-0.009612634219842087,0.1801538021585689,0.02737651701077446,1.0,0.0,0.0,-0.0084366765588918,-0.008455550593145844,-1.8874034254044367e-05,5.0,1.0,1.0
Queue-load-0.70,0.7,603,QP+G,12,12.0,12.0,0.08,0.12,0.15122691401596108,-0.007111285755768637,0.18017017704540142,0.027246579872285407,1.0,0.0,0.0,-0.008284874076132277,-0.008303333565367055,-1.8459489234777873e-05,5.0,1.0,1.0
Queue-load-0.70,0.7,603,QP+G,13,13.0,13.0,0.08,0.12,0.15049861513311438,-0.004274361756162006,0.18017949284387272,0.02711676414838974,1.0,0.0,0.0,-0.00814917034533088,-0.008167157245234868,-1.7986899903989217e-05,5.0,1.0,1.0
Queue-load-0.70,0.7,603,QP+G,14,14.0,14.0,0.08,0.12,0.1497793524318093,-0.001098114160695402,0.18018094015874836,0.02698738453753191,1.0,0.0,0.0,-0.008027915722396533,-0.008045445354034175,-1.7529631637642e-05,5.0,1.0,1.0
Queue-load-0.70,0.7,603,QP+G,15,15.0,15.0,0.08,0.12,0.14907154283258456,0.0024192061555596057,0.18017372607712492,0.026858775324212485,1.0,0.0,0.0,-0.007920186900472944,-0.007937331684322313,-1.714478384936928e-05,5.0,1.0,1.0
Queue-load-0.70,0.7,603,QP+G,16,16.0,16.0,0.08,0.12,0.14837768062124665,0.006277189590238651,0.1801570791309596,0.026731289548950182,1.0,0.0,0.0,-0.007825730821099625,-0.007842587054234684,-1.685623313505899e-05,5.0,1.0,1.0
Queue-load-0.70,0.7,603,QP+G,17,17.0,17.0,0.08,0.12,0.1477003278525389,0.010473112455717205,0.18013025434454938,0.02660529762285116,1.0,0.0,0.0,-0.007744727636769358,-0.007761370436154991,-1.664279938563308e-05,5.0,1.0,1.0
Queue-load-0.70,0.7,603,QP+G,18,18.0,18.0,0.08,0.12,0.14704210162638998,0.015001790621978848,0.1800925383218478,0.026481185322075676,1.0,0.0,0.0,-0.00767743001356709,-0.007693871107960604,-1.644109439351369e-05,5.0,1.0,1.0
Queue-load-0.70,0.7,603,QP+G,19,19.0,19.0,0.08,0.12,0.1464056579590892,0.0198554473892033,0.1800432543224846,0.026359351110178987,1.0,0.0,0.0,-0.007623793419795841,-0.007639961182104749,-1.616776230890793e-05,5.0,1.0,1.0
Queue-load-0.70,0.7,603,QP+G,20,20.0,20.0,0.08,0.12,0.14579367205421892,0.02502360140366294,0.1799817672698101,0.026240202753073448,1.0,0.0,0.0,-0.007583235175887077,-0.007598985993258367,-1.5750817371289715e-05,5.0,1.0,1.0
Queue-load-0.70,0.7,603,QP+G,21,21.0,21.0,0.08,0.12,0.14520881488130763,0.030492980884092448,0.17990748862948772,0.02612415321216024,1.0,0.0,0.0,-0.007554600332590221,-0.00756975410065408,-1.515376806385943e-05,5.0,1.0,1.0
Queue-load-0.70,0.7,603,QP+G,22,22.0,22.0,0.08,0.12,0.1446537260929687,0.036247470687049484,0.17981988109327587,0.02601161582573693,1.0,0.0,0.0,-0.007536311422225615,-0.007550697258256189,-1.4385836030574202e-05,5.0,1.0,1.0
Queue-load-0.70,0.7,603,QP+G,23,23.0,23.0,0.08,0.12,0.14413098345132097,0.04226809874583112,0.1797184629999186,0.025902998816538108,1.0,0.0,0.0,-0.007526624187657375,-0.007540124905466072,-1.3500717808697521e-05,5.0,1.0,1.0
Queue-load-0.70,0.7,603,QP+G,24,24.0,24.0,0.08,0.12,0.14364306908777189,0.048533068108018676,0.17960281242366824,0.025798699193331113,1.0,0.0,0.0,-0.007523918869374768,-0.007536504345143857,-1.2585475769089777e-05,5.0,1.0,1.0
Queue-load-0.70,0.7,603,QP+G,25,25.0,25.0,0.08,0.12,0.14319233308128135,0.05501784012134634,0.1794725708610561,0.025699096145690214,1.0,0.0,0.0,-0.0075269734546850415,-0.007538712615471788,-1.173916078674609e-05,5.0,1.0,1.0
Queue-load-0.70,0.7,603,noG,1,1.0,0.0,0.08,0.0,0.0,0.0,0.17978250766659742,0.0,0.0,0.0,0.0,-0.009757001982791082,-0.009759597713088208,-2.5957302971259255e-06,3.0,1.0,0.0
Queue-load-0.70,0.7,603,noG,2,2.0,0.0,0.08,0.0,0.0,0.0,0.1798240596969914,0.0,0.0,0.0,0.0,-0.00941988572464858,-0.009422421630967293,-2.5359063187124775e-06,3.0,1.0,0.0
Queue-load-0.70,0.7,603,noG,3,3.0,0.0,0.08,0.0,0.0,0.0,0.1798655916424558,0.0,0.0,0.0,0.0,-0.009099317417444,-0.00910193243610058,-2.6150186565789685e-06,3.0,1.0,0.0
Queue-load-0.70,0.7,603,noG,4,4.0,0.0,0.08,0.0,0.0,0.0,0.17990685647021137,0.0,0.0,0.0,0.0,-0.008795920384244087,-0.00879872365554002,-2.8032712959327744e-06,3.0,1.0,0.0
Queue-load-0.70,0.7,603,noG,5,5.0,0.0,0.08,0.0,0.0,0.0,0.17994756779761079,0.0,0.0,0.0,0.0,-0.008510952857475235,-0.008513965526572242,-3.01266909700712e-06,3.0,1.0,0.0
Queue-load-0.70,0.7,603,noG,6,6.0,0.0,0.08,0.0,0.0,0.0,0.17998740227002208,0.0,0.0,0.0,0.0,-0.008245708283592083,-0.008248864788094057,-3.1565045019738697e-06,3.0,1.0,0.0
Queue-load-0.70,0.7,603,noG,7,7.0,0.0,0.08,0.0,0.0,0.0,0.1800260020711363,0.0,0.0,0.0,0.0,-0.008001001493456665,-0.008004191212461098,-3.189719004433045e-06,3.0,1.0,0.0
Queue-load-0.70,0.7,603,noG,8,8.0,0.0,0.08,0.0,0.0,0.0,0.18006297755181883,0.0,0.0,0.0,0.0,-0.0077769481048820905,-0.007780058345965735,-3.110241083644112e-06,3.0,1.0,0.0
Queue-load-0.70,0.7,603,noG,9,9.0,0.0,0.08,0.0,0.0,0.0,0.18009790996487288,0.0,0.0,0.0,0.0,-0.007572995626201124,-0.007575933481203556,-2.9378550024323005e-06,3.0,1.0,0.0
Queue-load-0.70,0.7,603,noG,10,10.0,0.0,0.08,0.0,0.0,0.0,0.18013035429438,0.0,0.0,0.0,0.0,-0.007388059398606058,-0.007390757337225828,-2.6979386197707386e-06,3.0,1.0,0.0
Queue-load-0.70,0.7,603,noG,11,11.0,0.0,0.08,0.0,0.0,0.0,0.18015984216942865,0.0,0.0,0.0,0.0,-0.007220677648106152,-0.007223096766994175,-2.4191188880227227e-06,3.0,1.0,0.0
Queue-load-0.70,0.7,603,noG,12,12.0,0.0,0.08,0.0,0.0,0.0,0.1801858848531235,0.0,0.0,0.0,0.0,-0.0070691866125225135,-0.0070713208944144235,-2.134281891909978e-06,3.0,1.0,0.0
Queue-load-0.70,0.7,603,noG,13,13.0,0.0,0.08,0.0,0.0,0.0,0.18020797629866525,0.0,0.0,0.0,0.0,-0.006931920621468339,-0.006933795397968456,-1.8747765001174768e-06,3.0,1.0,0.0
Queue-load-0.70,0.7,603,noG,14,14.0,0.0,0.08,0.0,0.0,0.0,0.1802255962650925,0.0,0.0,0.0,0.0,-0.006807392751389961,-0.006809053490651529,-1.6607392615674427e-06,3.0,1.0,0.0
Queue-load-0.70,0.7,603,noG,15,15.0,0.0,0.08,0.0,0.0,0.0,0.18023821348582852,0.0,0.0,0.0,0.0,-0.006694397331165428,-0.006695894760376131,-1.4974292107030468e-06,3.0,1.0,0.0
Queue-load-0.70,0.7,603,noG,16,16.0,0.0,0.08,0.0,0.0,0.0,0.18024528888361166,0.0,0.0,0.0,0.0,-0.006592024467787875,-0.006593405977543654,-1.3815097557783387e-06,3.0,1.0,0.0
Queue-load-0.70,0.7,603,noG,17,17.0,0.0,0.08,0.0,0.0,0.0,0.1802462788255399,0.0,0.0,0.0,0.0,-0.00649963687568928,-0.006500947483641273,-1.3106079519925942e-06,3.0,1.0,0.0
Queue-load-0.70,0.7,603,noG,18,18.0,0.0,0.08,0.0,0.0,0.0,0.1802406384119843,0.0,0.0,0.0,0.0,-0.006416865555114942,-0.006418151529683946,-1.285974569004665e-06,3.0,1.0,0.0
Queue-load-0.70,0.7,603,noG,19,19.0,0.0,0.08,0.0,0.0,0.0,0.1802278247928664,0.0,0.0,0.0,0.0,-0.006343625676382815,-0.006344930762780088,-1.3050863972730725e-06,3.0,1.0,0.0
Queue-load-0.70,0.7,603,noG,20,20.0,0.0,0.08,0.0,0.0,0.0,0.18020730050438327,0.0,0.0,0.0,0.0,-0.006280093099848314,-0.006281444244010448,-1.3511441621337494e-06,3.0,1.0,0.0
Queue-load-0.70,0.7,603,noG,21,21.0,0.0,0.08,0.0,0.0,0.0,0.18017853681860874,0.0,0.0,0.0,0.0,-0.006226576701640064,-0.006227966702794685,-1.3900011546210886e-06,3.0,1.0,0.0
Queue-load-0.70,0.7,603,noG,22,22.0,0.0,0.08,0.0,0.0,0.0,0.18014101709759023,0.0,0.0,0.0,0.0,-0.006183281962505048,-0.006184661308695105,-1.3793461900567933e-06,3.0,1.0,0.0
Queue-load-0.70,0.7,603,noG,23,23.0,0.0,0.08,0.0,0.0,0.0,0.18009424014255507,0.0,0.0,0.0,0.0,-0.0061500403388543064,-0.006151325982039602,-1.2856431852951294e-06,3.0,1.0,0.0
Queue-load-0.70,0.7,603,noG,24,24.0,0.0,0.08,0.0,0.0,0.0,0.18003772352768743,0.0,0.0,0.0,0.0,-0.006126117765906535,-0.006127216939608271,-1.0991737017362196e-06,3.0,1.0,0.0
Queue-load-0.70,0.7,603,noG,25,25.0,0.0,0.08,0.0,0.0,0.0,0.17997100690667556,0.0,0.0,0.0,0.0,-0.006110190087773582,-0.006111029426558723,-8.393387851404407e-07,3.0,1.0,0.0
Queue-load-0.70,0.7,603,PPM-3,1,3.0,0.0,0.01,0.0,,,,,,,,,,,,3.0,0.0
Queue-load-0.70,0.7,603,PPM-3,2,6.0,0.0,0.01,0.0,,,,,,,,,,,,3.0,0.0
Queue-load-0.70,0.7,603,PPM-3,3,9.0,0.0,0.01,0.0,,,,,,,,,,,,3.0,0.0
Queue-load-0.70,0.7,603,PPM-3,4,12.0,0.0,0.01,0.0,,,,,,,,,,,,3.0,0.0
Queue-load-0.70,0.7,603,PPM-3,5,15.0,0.0,0.01,0.0,,,,,,,,,,,,3.0,0.0
Queue-load-0.70,0.7,603,PPM-3,6,18.0,0.0,0.01,0.0,,,,,,,,,,,,3.0,0.0
Queue-load-0.70,0.7,603,PPM-3,7,21.0,0.0,0.01,0.0,,,,,,,,,,,,3.0,0.0
Queue-load-0.70,0.7,603,PPM-3,8,24.0,0.0,0.01,0.0,,,,,,,,,,,,3.0,0.0
Queue-load-0.70,0.7,603,PPM-3,9,27.0,0.0,0.01,0.0,,,,,,,,,,,,3.0,0.0
Queue-load-0.70,0.7,603,PPM-3,10,30.0,0.0,0.01,0.0,,,,,,,,,,,,3.0,0.0
Queue-load-0.70,0.7,603,PPM-3,11,33.0,0.0,0.01,0.0,,,,,,,,,,,,3.0,0.0
Queue-load-0.70,0.7,603,PPM-3,12,36.0,0.0,0.01,0.0,,,,,,,,,,,,3.0,0.0
Queue-load-0.70,0.7,603,PPM-3,13,39.0,0.0,0.01,0.0,,,,,,,,,,,,3.0,0.0
Queue-load-0.70,0.7,603,PPM-3,14,42.0,0.0,0.01,0.0,,,,,,,,,,,,3.0,0.0
Queue-load-0.70,0.7,603,PPM-3,15,45.0,0.0,0.01,0.0,,,,,,,,,,,,3.0,0.0
Queue-load-0.70,0.7,603,PPM-3,16,48.0,0.0,0.01,0.0,,,,,,,,,,,,3.0,0.0
Queue-load-0.70,0.7,603,PPM-3,17,51.0,0.0,0.01,0.0,,,,,,,,,,,,3.0,0.0
Queue-load-0.70,0.7,603,PPM-3,18,54.0,0.0,0.01,0.0,,,,,,,,,,,,3.0,0.0
Queue-load-0.70,0.7,603,PPM-3,19,57.0,0.0,0.01,0.0,,,,,,,,,,,,3.0,0.0
Queue-load-0.70,0.7,603,PPM-3,20,60.0,0.0,0.01,0.0,,,,,,,,,,,,3.0,0.0
Queue-load-0.70,0.7,603,PPM-3,21,63.0,0.0,0.01,0.0,,,,,,,,,,,,3.0,0.0
Queue-load-0.70,0.7,603,PPM-3,22,66.0,0.0,0.01,0.0,,,,,,,,,,,,3.0,0.0
Queue-load-0.70,0.7,603,PPM-3,23,69.0,0.0,0.01,0.0,,,,,,,,,,,,3.0,0.0
Queue-load-0.70,0.7,603,PPM-3,24,72.0,0.0,0.01,0.0,,,,,,,,,,,,3.0,0.0
Queue-load-0.70,0.7,603,PPM-3,25,75.0,0.0,0.01,0.0,,,,,,,,,,,,3.0,0.0
Queue-load-0.70,0.7,604,QP+G,1,1.0,1.0,0.08,0.12,0.28398281503828077,0.052945755558158045,0.20465240679162527,0.05811776658504511,1.0,0.0,0.0,-0.019594060178453457,-0.01956999184528474,2.4068333168716927e-05,5.0,1.0,1.0
Queue-load-0.70,0.7,604,QP+G,2,2.0,2.0,0.08,0.12,0.28309906872176716,0.03932225377269475,0.20394011867076972,0.05773525767070158,1.0,0.0,0.0,-0.01914209466168529,-0.01912818111499659,1.3913546688698597e-05,5.0,1.0,1.0
Queue-load-0.70,0.7,604,QP+G,3,3.0,3.0,0.08,0.12,0.28192865531890154,0.025688774401209806,0.20330080804821377,0.05731632343827903,1.0,0.0,0.0,-0.01870115821800413,-0.018696803168579912,4.355049424219215e-06,5.0,1.0,1.0
Queue-load-0.70,0.7,604,QP+G,4,4.0,4.0,0.08,0.12,0.2804782618231432,0.012155267400637226,0.2027325843062845,0.056862082861140514,1.0,0.0,0.0,-0.018273564810518655,-0.018278080678201025,-4.5158676823704724e-06,5.0,1.0,1.0
Queue-load-0.70,0.7,604,QP+G,5,5.0,5.0,0.08,0.12,0.2787568775540197,-0.001172110368623333,0.20223303570120318,0.05637384957033799,1.0,0.0,0.0,-0.017861117240589607,-0.017873701998118552,-1.2584757528945334e-05,5.0,1.0,1.0
Queue-load-0.70,0.7,604,QP+G,6,6.0,6.0,0.08,0.12,0.27677582813339685,-0.014191457031424862,0.20179927118289395,0.055853160398361405,1.0,0.0,0.0,-0.017464975909163193,-0.01748468603255704,-1.9710123393846396e-05,5.0,1.0,1.0
Queue-load-0.70,0.7,604,QP+G,7,7.0,7.0,0.08,0.12,0.27454881704505174,-0.02680568395342226,0.20142796807472665,0.05530181035470465,1.0,0.0,0.0,-0.01708552399783579,-0.017111271143228635,-2.5747145392843174e-05,5.0,1.0,1.0
Queue-load-0.70,0.7,604,QP+G,8,8.0,8.0,0.08,0.12,0.2720919573362319,-0.038923155688853545,0.20111542593015194,0.05472188989184502,1.0,0.0,0.0,-0.016721831381052626,-0.01675292661784633,-3.109523679370452e-05,5.0,1.0,1.0
Queue-load-0.70,0.7,604,QP+G,9,9.0,9.0,0.08,0.12,0.2694237745675018,-0.050458393895261223,0.20085762646642577,0.05411581987325378,1.0,0.0,0.0,-0.016372430040618797,-0.01640854664261049,-3.611660199169184e-05,5.0,1.0,1.0
Queue-load-0.70,0.7,604,QP+G,10,10.0,10.0,0.08,0.12,0.2665651618591021,-0.06133282550904861,0.20065029901090825,0.05348637943291999,1.0,0.0,0.0,-0.01603672082188015,-0.016076792510674398,-4.0071688794246496e-05,5.0,1.0,1.0
Queue-load-0.70,0.7,604,QP+G,11,11.0,11.0,0.08,0.12,0.2635392691334716,-0.07147555417748003,0.20048899041616386,0.052836722003583414,1.0,0.0,0.0,-0.015713393102607182,-0.015756458451418265,-4.3065348811082566e-05,5.0,1.0,1.0
Queue-load-0.70,0.7,604,QP+G,12,12.0,12.0,0.08,0.12,0.26037131160525406,-0.0808241328541869,0.20036913794588881,0.05217037525218515,1.0,0.0,0.0,-0.01540149869695264,-0.015446709570709594,-4.521087375695433e-05,5.0,1.0,1.0
Queue-load-0.70,0.7,604,QP+G,13,13.0,13.0,0.08,0.12,0.2570882872362516,-0.08932531408408775,0.20028614324693936,0.05149122152451018,1.0,0.0,0.0,-0.015100508089513506,-0.015147081862594725,-4.657377308121824e-05,5.0,1.0,1.0
Queue-load-0.70,0.7,604,QP+G,14,14.0,14.0,0.08,0.12,0.25371859905924105,-0.0969357523932011,0.20023544524359874,0.05080345664920924,1.0,0.0,0.0,-0.014810085134866707,-0.014857221642559981,-4.713650769327428e-05,5.0,1.0,1.0
Queue-load-0.70,0.7,604,QP+G,15,15.0,15.0,0.08,0.12,0.25029158557673176,-0.10362263011850194,0.20021258965130495,0.05011152651624867,1.0,0.0,0.0,-0.014529658847036657,-0.014576474050826516,-4.681520378985865e-05,5.0,1.0,1.0
Queue-load-0.70,0.7,604,QP+G,16,16.0,16.0,0.08,0.12,0.24683697027105103,-0.10936417405419524,0.20021329282843578,0.049420042609761836,1.0,0.0,0.0,-0.014258030913407256,-0.014303566560765368,-4.553564735811262e-05,5.0,1.0,1.0
Queue-load-0.70,0.7,604,QP+G,17,17.0,17.0,0.08,0.12,0.2433842489063941,-0.11415002598676598,0.2002334978706757,0.04873367948515447,1.0,0.0,0.0,-0.013993316672859626,-0.014036641804549443,-4.3325131689817345e-05,5.0,1.0,1.0
Queue-load-0.70,0.7,604,QP+G,18,18.0,18.0,0.08,0.12,0.23996203999769136,-0.11798142655667504,0.2002694211899218,0.048057058857890515,1.0,0.0,0.0,-0.01373334414551946,-0.013773694997597286,-4.0350852077824725e-05,5.0,1.0,1.0
Queue-load-0.70,0.7,604,QP+G,19,19.0,19.0,0.08,0.12,0.2365974288404391,-0.1208711703399495,0.20031758827973797,0.047394626338503686,1.0,0.0,0.0,-0.013476316846622885,-0.013513185121867721,-3.686827524483627e-05,5.0,1.0,1.0
Queue-load-0.70,0.7,604,QP+G,20,20.0,20.0,0.08,0.12,0.2333153382438175,-0.12284329220071998,0.20037485791082693,0.046750527749021456,1.0,0.0,0.0,-0.013221335100224175,-0.013254444602058157,-3.310950183398227e-05,5.0,1.0,1.0
Queue-load-0.70,0.7,604,QP+G,21,21.0,21.0,0.08,0.12,0.23013795919879226,-0.12393245227900973,0.20043843457480714,0.04612849227804676,1.0,0.0,0.0,-0.012968447998055117,-0.012997634620184328,-2.9186622129211484e-05,5.0,1.0,1.0
Queue-load-0.70,0.7,604,QP+G,22,22.0,22.0,0.08,0.12,0.2270842720238276,-0.12418300031171188,0.20050586955405397,0.04553172942418689,1.0,0.0,0.0,-0.012718214174935304,-0.012743278967847438,-2.506479291213351e-05,5.0,1.0,1.0
Queue-load-0.70,0.7,604,QP+G,23,23.0,23.0,0.08,0.12,0.2241696832424952,-0.12364771920646732,0.20057505149593402,0.04496284576019069,1.0,0.0,0.0,-0.012471009726724658,-0.012491609850711072,-2.0600123986413976e-05,5.0,1.0,1.0
Queue-load-0.70,0.7,604,QP+G,24,24.0,24.0,0.08,0.12,0.22140579603232516,-0.12238627151802085,0.20064418777783855,0.04442378611421167,1.0,0.0,0.0,-0.01222635888173421,-0.012241980567827326,-1.5621686093116732e-05,5.0,1.0,1.0
Queue-load-0.70,0.7,604,QP+G,25,25.0,25.0,0.08,0.12,0.21880032326265314,-0.12046339811340066,0.20071177824391662,0.04391580196239091,1.0,0.0,0.0,-0.011982551525824264,-0.01199261031165122,-1.005878582695588e-05,5.0,1.0,1.0
Queue-load-0.70,0.7,604,noG,1,1.0,0.0,0.08,0.0,0.0,0.0,0.20465240679162527,0.0,0.0,0.0,0.0,-0.009102302281890967,-0.009100819612789746,1.4826691012211762e-06,3.0,1.0,0.0
Queue-load-0.70,0.7,604,noG,2,2.0,0.0,0.08,0.0,0.0,0.0,0.2044477419354457,0.0,0.0,0.0,0.0,-0.00880352545527479,-0.008802577539034573,9.47916240216784e-07,3.0,1.0,0.0
Queue-load-0.70,0.7,604,noG,3,3.0,0.0,0.08,0.0,0.0,0.0,0.2043001305175138,0.0,0.0,0.0,0.0,-0.00849528041283539,-0.008494867285300245,4.1312753514509415e-07,3.0,1.0,0.0
Queue-load-0.70,0.7,604,noG,4,4.0,0.0,0.08,0.0,0.0,0.0,0.2042113137717622,0.0,0.0,0.0,0.0,-0.008181963064617628,-0.008182078774082058,-1.1570946443009711e-07,3.0,1.0,0.0
Queue-load-0.70,0.7,604,noG,5,5.0,0.0,0.08,0.0,0.0,0.0,0.20418242487247698,0.0,0.0,0.0,0.0,-0.007867922713555112,-0.007868556474182942,-6.33760627829702e-07,3.0,1.0,0.0
Queue-load-0.70,0.7,604,noG,6,6.0,0.0,0.08,0.0,0.0,0.0,0.20421397260775298,0.0,0.0,0.0,0.0,-0.0075574084476014314,-0.007558544884645801,-1.136437044369984e-06,3.0,1.0,0.0
Queue-load-0.70,0.7,604,noG,7,7.0,0.0,0.08,0.0,0.0,0.0,0.20430583284074647,0.0,0.0,0.0,0.0,-0.0072545161900919,-0.007256135009351183,-1.6188192592837825e-06,3.0,1.0,0.0
Queue-load-0.70,0.7,604,noG,8,8.0,0.0,0.08,0.0,0.0,0.0,0.2044572477603435,0.0,0.0,0.0,0.0,-0.006963133357830781,-0.0069652092304792745,-2.075872648493217e-06,3.0,1.0,0.0
Queue-load-0.70,0.7,604,noG,9,9.0,0.0,0.08,0.0,0.0,0.0,0.20466683283994877,0.0,0.0,0.0,0.0,-0.006686883766577643,-0.006689387334019248,-2.5035674416050424e-06,3.0,1.0,0.0
Queue-load-0.70,0.7,604,noG,10,10.0,0.0,0.08,0.0,0.0,0.0,0.20493259135613595,0.0,0.0,0.0,0.0,-0.006429081409396649,-0.006431981958521682,-2.900549125032896e-06,3.0,1.0,0.0
Queue-load-0.70,0.7,604,noG,11,11.0,0.0,0.08,0.0,0.0,0.0,0.20525193626645646,0.0,0.0,0.0,0.0,-0.006192704807147385,-0.006195974309408658,-3.269502261273559e-06,3.0,1.0,0.0
Queue-load-0.70,0.7,604,noG,12,12.0,0.0,0.08,0.0,0.0,0.0,0.20562171920495534,0.0,0.0,0.0,0.0,-0.005980400763206323,-0.005984017952317622,-3.6171891112986992e-06,3.0,1.0,0.0
Queue-load-0.70,0.7,604,noG,13,13.0,0.0,0.08,0.0,0.0,0.0,0.20603826632130545,0.0,0.0,0.0,0.0,-0.005794516833272429,-0.005798469319394428,-3.9524861219992005e-06,3.0,1.0,0.0
Queue-load-0.70,0.7,604,noG,14,14.0,0.0,0.08,0.0,0.0,0.0,0.20649742066034543,0.0,0.0,0.0,0.0,-0.00563714844733227,-0.005641431032755939,-4.282585423669161e-06,3.0,1.0,0.0
Queue-load-0.70,0.7,604,noG,15,15.0,0.0,0.08,0.0,0.0,0.0,0.20699459074798615,0.0,0.0,0.0,0.0,-0.005510175284936124,-0.005514783770632636,-4.608485696512218e-06,3.0,1.0,0.0
Queue-load-0.70,0.7,604,noG,16,16.0,0.0,0.08,0.0,0.0,0.0,0.20752480501153928,0.0,0.0,0.0,0.0,-0.005415258044826466,-0.005420179329855834,-4.921285029367908e-06,3.0,1.0,0.0
Queue-load-0.70,0.7,604,noG,17,17.0,0.0,0.08,0.0,0.0,0.0,0.2080827716120557,0.0,0.0,0.0,0.0,-0.005353773239155955,-0.005358974073627287,-5.200834471332655e-06,3.0,1.0,0.0
Queue-load-0.70,0.7,604,noG,18,18.0,0.0,0.08,0.0,0.0,0.0,0.20866294319848408,0.0,0.0,0.0,0.0,-0.005326680128263404,-0.005332098307820665,-5.41817955726151e-06,3.0,1.0,0.0
Queue-load-0.70,0.7,604,noG,19,19.0,0.0,0.08,0.0,0.0,0.0,0.20925958600470335,0.0,0.0,0.0,0.0,-0.005334339336967216,-0.005339881821820658,-5.542484853441991e-06,3.0,1.0,0.0
Queue-load-0.70,0.7,604,noG,20,20.0,0.0,0.08,0.0,0.0,0.0,0.20986685259887322,0.0,0.0,0.0,0.0,-0.0053763313515907555,-0.005381882735781662,-5.551384190906859e-06,3.0,1.0,0.0
Queue-load-0.70,0.7,604,noG,21,21.0,0.0,0.08,0.0,0.0,0.0,0.21047885746067105,0.0,0.0,0.0,0.0,-0.005451343420801693,-0.005456785532768738,-5.4421119670446105e-06,3.0,1.0,0.0
Queue-load-0.70,0.7,604,noG,22,22.0,0.0,0.08,0.0,0.0,0.0,0.21108975440921454,0.0,0.0,0.0,0.0,-0.005557195884190827,-0.005562435785755326,-5.239901564499036e-06,3.0,1.0,0.0
Queue-load-0.70,0.7,604,noG,23,23.0,0.0,0.08,0.0,0.0,0.0,0.21169381473980692,0.0,0.0,0.0,0.0,-0.005691057546345234,-0.0056960564633881106,-4.998917042876513e-06,3.0,1.0,0.0
Queue-load-0.70,0.7,604,noG,24,24.0,0.0,0.08,0.0,0.0,0.0,0.21228550476104271,0.0,0.0,0.0,0.0,-0.005849845162868325,-0.0058546354408992585,-4.790278030933522e-06,3.0,1.0,0.0
Queue-load-0.70,0.7,604,noG,25,25.0,0.0,0.08,0.0,0.0,0.0,0.21285956126879702,0.0,0.0,0.0,0.0,-0.006030712467130803,-0.006035388004250741,-4.675537119937928e-06,3.0,1.0,0.0
Queue-load-0.70,0.7,604,PPM-3,1,3.0,0.0,0.01,0.0,,,,,,,,,,,,3.0,0.0
Queue-load-0.70,0.7,604,PPM-3,2,6.0,0.0,0.01,0.0,,,,,,,,,,,,3.0,0.0
Queue-load-0.70,0.7,604,PPM-3,3,9.0,0.0,0.01,0.0,,,,,,,,,,,,3.0,0.0
Queue-load-0.70,0.7,604,PPM-3,4,12.0,0.0,0.01,0.0,,,,,,,,,,,,3.0,0.0
Queue-load-0.70,0.7,604,PPM-3,5,15.0,0.0,0.01,0.0,,,,,,,,,,,,3.0,0.0
Queue-load-0.70,0.7,604,PPM-3,6,18.0,0.0,0.01,0.0,,,,,,,,,,,,3.0,0.0
Queue-load-0.70,0.7,604,PPM-3,7,21.0,0.0,0.01,0.0,,,,,,,,,,,,3.0,0.0
Queue-load-0.70,0.7,604,PPM-3,8,24.0,0.0,0.01,0.0,,,,,,,,,,,,3.0,0.0
Queue-load-0.70,0.7,604,PPM-3,9,27.0,0.0,0.01,0.0,,,,,,,,,,,,3.0,0.0
Queue-load-0.70,0.7,604,PPM-3,10,30.0,0.0,0.01,0.0,,,,,,,,,,,,3.0,0.0
Queue-load-0.70,0.7,604,PPM-3,11,33.0,0.0,0.01,0.0,,,,,,,,,,,,3.0,0.0
Queue-load-0.70,0.7,604,PPM-3,12,36.0,0.0,0.01,0.0,,,,,,,,,,,,3.0,0.0
Queue-load-0.70,0.7,604,PPM-3,13,39.0,0.0,0.01,0.0,,,,,,,,,,,,3.0,0.0
Queue-load-0.70,0.7,604,PPM-3,14,42.0,0.0,0.01,0.0,,,,,,,,,,,,3.0,0.0
Queue-load-0.70,0.7,604,PPM-3,15,45.0,0.0,0.01,0.0,,,,,,,,,,,,3.0,0.0
Queue-load-0.70,0.7,604,PPM-3,16,48.0,0.0,0.01,0.0,,,,,,,,,,,,3.0,0.0
Queue-load-0.70,0.7,604,PPM-3,17,51.0,0.0,0.01,0.0,,,,,,,,,,,,3.0,0.0
Queue-load-0.70,0.7,604,PPM-3,18,54.0,0.0,0.01,0.0,,,,,,,,,,,,3.0,0.0
Queue-load-0.70,0.7,604,PPM-3,19,57.0,0.0,0.01,0.0,,,,,,,,,,,,3.0,0.0
Queue-load-0.70,0.7,604,PPM-3,20,60.0,0.0,0.01,0.0,,,,,,,,,,,,3.0,0.0
Queue-load-0.70,0.7,604,PPM-3,21,63.0,0.0,0.01,0.0,,,,,,,,,,,,3.0,0.0
Queue-load-0.70,0.7,604,PPM-3,22,66.0,0.0,0.01,0.0,,,,,,,,,,,,3.0,0.0
Queue-load-0.70,0.7,604,PPM-3,23,69.0,0.0,0.01,0.0,,,,,,,,,,,,3.0,0.0
Queue-load-0.70,0.7,604,PPM-3,24,72.0,0.0,0.01,0.0,,,,,,,,,,,,3.0,0.0
Queue-load-0.70,0.7,604,PPM-3,25,75.0,0.0,0.01,0.0,,,,,,,,,,,,3.0,0.0
Queue-load-0.70,0.7,605,QP+G,1,1.0,1.0,0.08,0.0,0.20631853128711836,-0.16898994898871678,0.2441193005384278,0.050366335545927066,0.0,0.0,0.0,-0.00811457992467798,-0.00817593751189527,-6.135758721729015e-05,5.0,1.0,1.0
Queue-load-0.70,0.7,605,QP+G,2,2.0,2.0,0.08,0.0,0.20644302631474282,-0.15954690295082682,0.24477474991288314,0.05053204013744993,0.0,0.0,0.0,-0.008137260661014433,-0.008203655641577878,-6.639498056344555e-05,5.0,1.0,1.0
Queue-load-0.70,0.7,605,QP+G,3,3.0,3.0,0.08,0.0,0.2065833680031122,-0.14996832368046187,0.24539374395918237,0.050694266113981264,0.0,0.0,0.0,-0.00816294598512354,-0.008232960672071687,-7.001468694814786e-05,5.0,1.0,1.0
Queue-load-0.70,0.7,605,QP+G,4,4.0,4.0,0.08,0.0,0.20671977203058783,-0.1402575625301897,0.24597546168722287,0.050847991365101305,0.0,0.0,0.0,-0.00818991441401063,-0.008262852978368596,-7.29385643579647e-05,5.0,1.0,1.0
Queue-load-0.70,0.7,605,QP+G,5,5.0,5.0,0.08,0.0,0.20683239785208912,-0.13040100642795882,0.24651902327671812,0.05098812070047858,0.0,0.0,0.0,-0.008217875372106172,-0.008293379128336387,-7.550375623021494e-05,5.0,1.0,1.0
Queue-load-0.70,0.7,605,QP+G,6,6.0,6.0,0.08,0.0,0.206902064909344,-0.12036775690115135,0.24702343621130887,0.05110965903312143,0.0,0.0,0.0,-0.008247200311144719,-0.008324937036686464,-7.773672554174486e-05,5.0,1.0,1.0
Queue-load-0.70,0.7,605,QP+G,7,7.0,7.0,0.08,0.0,0.20691098005193356,-0.11010989970697087,0.24748754249921756,0.05120788996915766,0.0,0.0,0.0,-0.008278382171315681,-0.008358044228640171,-7.966205732449008e-05,5.0,1.0,1.0
Queue-load-0.70,0.7,605,QP+G,8,8.0,8.0,0.08,0.0,0.20684346139045362,-0.09956335418463234,0.2479099690913574,0.05127855612005674,0.0,0.0,0.0,-0.008312150721020324,-0.008393805264638399,-8.165454361807462e-05,5.0,1.0,1.0
Queue-load-0.70,0.7,605,QP+G,9,9.0,9.0,0.08,0.0,0.20668664466623926,-0.08864929349551909,0.24828908368399608,0.05131803761390024,0.0,0.0,0.0,-0.008350235483809686,-0.008434767633941131,-8.453215013144548e-05,5.0,1.0,1.0
Queue-load-0.70,0.7,605,QP+G,10,10.0,10.0,0.08,0.0,0.20643115801960968,-0.0772761376277713,0.24862295810434856,0.05132352515174157,0.0,0.0,0.0,-0.0083961660802396,-0.008485364495333325,-8.919841509372542e-05,5.0,1.0,1.0
Queue-load-0.70,0.7,605,QP+G,11,11.0,11.0,0.08,0.0,0.20607174945264356,-0.0653421373069022,0.24890934141547572,0.05129318344059243,0.0,0.0,0.0,-0.008455219766320028,-0.008551252990529168,-9.603322420913968e-05,5.0,1.0,1.0
Queue-load-0.70,0.7,605,QP+G,12,12.0,12.0,0.08,0.0,0.2056078481777428,-0.05273858445032268,0.24914564473359888,0.051226299896531644,0.0,0.0,0.0,-0.008533179797256065,-0.008637762845960406,-0.00010458304870434101,5.0,1.0,1.0
Queue-load-0.70,0.7,605,QP+G,13,13.0,13.0,0.08,0.0,0.20504403650664008,-0.039353697961759894,0.24932893951899598,0.05112341217689487,0.0,0.0,0.0,-0.008634675007893507,-0.0087485398677134,-0.00011386485981989408,5.0,1.0,1.0
Queue-load-0.70,0.7,605,QP+G,14,14.0,14.0,0.08,0.0,0.2043904033231046,-0.025077235552300643,0.2494559707754592,0.050986406478152696,0.0,0.0,0.0,-0.008762285773103161,-0.008885236875856961,-0.00012295110275379988,5.0,1.0,1.0
Queue-load-0.70,0.7,605,QP+G,15,15.0,15.0,0.08,0.0,0.20366274418031582,-0.009805864626055687,0.24952318616996916,0.05081857683199175,0.0,0.0,0.0,-0.008916779708115668,-0.009048059673658848,-0.0001312799655431799,5.0,1.0,1.0
Queue-load-0.70,0.7,605,QP+G,16,16.0,16.0,0.08,0.0,0.20288256774073715,0.006550721053409075,0.24952678156524494,0.05062463416403893,0.0,0.0,0.0,-0.00909781081085515,-0.009236334679162184,-0.00013852386830703368,5.0,1.0,1.0
Queue-load-0.70,0.7,605,QP+G,17,17.0,17.0,0.08,0.0,0.20207686512629,0.02406303577359029,0.24946276285054625,0.050410653082581504,0.0,0.0,0.0,-0.009304262317928734,-0.00944859173671464,-0.0001443294187859056,5.0,1.0,1.0
Queue-load-0.70,0.7,605,QP+G,18,18.0,18.0,0.08,0.0,0.20127759966092096,0.04277461026398157,0.24932702327536363,0.05018394477546776,0.0,0.0,0.0,-0.00953413554184535,-0.009682486580722127,-0.0001483510388767765,5.0,1.0,1.0
Queue-load-0.70,0.7,605,QP+G,19,19.0,19.0,0.08,0.0,0.20052088160172085,0.0626947629570212,0.24911543475993883,0.04995284659865891,0.0,0.0,0.0,-0.009784649618405349,-0.009935269590205298,-0.00015061997179994895,5.0,1.0,1.0
Queue-load-0.70,0.7,605,QP+G,20,20.0,20.0,0.08,0.0,0.19984580779714542,0.08379191319742807,0.2488239509086225,0.04972642346861092,0.0,0.0,0.0,-0.01005311454951186,-0.010204938031442623,-0.00015182348193076324,5.0,1.0,1.0
Queue-load-0.70,0.7,605,QP+G,21,21.0,21.0,0.08,0.0,0.19929297110972458,0.10598819617977985,0.24844871872842184,0.04951408332379146,0.0,0.0,0.0,-0.010338218621396172,-0.010491296938623496,-0.00015307831722732347,5.0,1.0,1.0
Queue-load-0.70,0.7,605,QP+G,22,22.0,22.0,0.08,0.0,0.19890267871824208,0.1291562581843901,0.2479861954041671,0.04932511855103425,0.0,1.0,0.0,-0.010701227510994107,-0.010795934617586322,-9.470710659221539e-05,5.0,1.0,1.0
Queue-load-0.70,0.7,605,QP+G,23,23.0,23.0,0.08,0.0,0.19871295954638274,0.15311910367332002,0.24743326595591783,0.04916819656832766,0.0,1.0,0.0,-0.01129289655920268,-0.011120889967476622,0.00017200659172605763,5.0,1.0,1.0
Queue-load-0.70,0.7,605,QP+G,24,24.0,24.0,0.08,0.0,0.1987574836512789,0.17765367569373244,0.24678735725526837,0.04905083412500633,0.0,1.0,0.0,-0.011897894500450031,-0.011466844733095893,0.0004310497673541379,5.0,1.0,1.0
Queue-load-0.70,0.7,605,QP+G,25,25.0,25.0,0.08,0.0,0.1990635524130174,0.2024984539086381,0.24604654375058055,0.04897889905793547,0.0,1.0,0.0,-0.012510535170682128,-0.011832009391122611,0.0006785257795595169,5.0,1.0,1.0
Queue-load-0.70,0.7,605,noG,1,1.0,0.0,0.08,0.0,0.0,0.0,0.2441193005384278,0.0,0.0,0.0,0.0,-0.00811457992467798,-0.00817593751189527,-6.135758721729015e-05,3.0,1.0,0.0
Queue-load-0.70,0.7,605,noG,2,2.0,0.0,0.08,0.0,0.0,0.0,0.24477474991288314,0.0,0.0,0.0,0.0,-0.008137260661014433,-0.008203655641577878,-6.639498056344555e-05,3.0,1.0,0.0
Queue-load-0.70,0.7,605,noG,3,3.0,0.0,0.08,0.0,0.0,0.0,0.24539374395918237,0.0,0.0,0.0,0.0,-0.00816294598512354,-0.008232960672071687,-7.001468694814786e-05,3.0,1.0,0.0
Queue-load-0.70,0.7,605,noG,4,4.0,0.0,0.08,0.0,0.0,0.0,0.24597546168722287,0.0,0.0,0.0,0.0,-0.00818991441401063,-0.008262852978368596,-7.29385643579647e-05,3.0,1.0,0.0
Queue-load-0.70,0.7,605,noG,5,5.0,0.0,0.08,0.0,0.0,0.0,0.24651902327671812,0.0,0.0,0.0,0.0,-0.008217875372106172,-0.008293379128336387,-7.550375623021494e-05,3.0,1.0,0.0
Queue-load-0.70,0.7,605,noG,6,6.0,0.0,0.08,0.0,0.0,0.0,0.24702343621130887,0.0,0.0,0.0,0.0,-0.008247200311144719,-0.008324937036686464,-7.773672554174486e-05,3.0,1.0,0.0
Queue-load-0.70,0.7,605,noG,7,7.0,0.0,0.08,0.0,0.0,0.0,0.24748754249921756,0.0,0.0,0.0,0.0,-0.008278382171315681,-0.008358044228640171,-7.966205732449008e-05,3.0,1.0,0.0
Queue-load-0.70,0.7,605,noG,8,8.0,0.0,0.08,0.0,0.0,0.0,0.2479099690913574,0.0,0.0,0.0,0.0,-0.008312150721020324,-0.008393805264638399,-8.165454361807462e-05,3.0,1.0,0.0
Queue-load-0.70,0.7,605,noG,9,9.0,0.0,0.08,0.0,0.0,0.0,0.24828908368399608,0.0,0.0,0.0,0.0,-0.008350235483809686,-0.008434767633941131,-8.453215013144548e-05,3.0,1.0,0.0
Queue-load-0.70,0.7,605,noG,10,10.0,0.0,0.08,0.0,0.0,0.0,0.24862295810434856,0.0,0.0,0.0,0.0,-0.0083961660802396,-0.008485364495333325,-8.919841509372542e-05,3.0,1.0,0.0
Queue-load-0.70,0.7,605,noG,11,11.0,0.0,0.08,0.0,0.0,0.0,0.24890934141547572,0.0,0.0,0.0,0.0,-0.008455219766320028,-0.008551252990529168,-9.603322420913968e-05,3.0,1.0,0.0
Queue-load-0.70,0.7,605,noG,12,12.0,0.0,0.08,0.0,0.0,0.0,0.24914564473359888,0.0,0.0,0.0,0.0,-0.008533179797256065,-0.008637762845960406,-0.00010458304870434101,3.0,1.0,0.0
Queue-load-0.70,0.7,605,noG,13,13.0,0.0,0.08,0.0,0.0,0.0,0.24932893951899598,0.0,0.0,0.0,0.0,-0.008634675007893507,-0.0087485398677134,-0.00011386485981989408,3.0,1.0,0.0
Queue-load-0.70,0.7,605,noG,14,14.0,0.0,0.08,0.0,0.0,0.0,0.2494559707754592,0.0,0.0,0.0,0.0,-0.008762285773103161,-0.008885236875856961,-0.00012295110275379988,3.0,1.0,0.0
Queue-load-0.70,0.7,605,noG,15,15.0,0.0,0.08,0.0,0.0,0.0,0.24952318616996916,0.0,0.0,0.0,0.0,-0.008916779708115668,-0.009048059673658848,-0.0001312799655431799,3.0,1.0,0.0
Queue-load-0.70,0.7,605,noG,16,16.0,0.0,0.08,0.0,0.0,0.0,0.24952678156524494,0.0,0.0,0.0,0.0,-0.00909781081085515,-0.009236334679162184,-0.00013852386830703368,3.0,1.0,0.0
Queue-load-0.70,0.7,605,noG,17,17.0,0.0,0.08,0.0,0.0,0.0,0.24946276285054625,0.0,0.0,0.0,0.0,-0.009304262317928734,-0.00944859173671464,-0.0001443294187859056,3.0,1.0,0.0
Queue-load-0.70,0.7,605,noG,18,18.0,0.0,0.08,0.0,0.0,0.0,0.24932702327536363,0.0,0.0,0.0,0.0,-0.00953413554184535,-0.009682486580722127,-0.0001483510388767765,3.0,1.0,0.0
Queue-load-0.70,0.7,605,noG,19,19.0,0.0,0.08,0.0,0.0,0.0,0.24911543475993883,0.0,0.0,0.0,0.0,-0.009784649618405349,-0.009935269590205298,-0.00015061997179994895,3.0,1.0,0.0
Queue-load-0.70,0.7,605,noG,20,20.0,0.0,0.08,0.0,0.0,0.0,0.2488239509086225,0.0,0.0,0.0,0.0,-0.01005311454951186,-0.010204938031442623,-0.00015182348193076324,3.0,1.0,0.0
Queue-load-0.70,0.7,605,noG,21,21.0,0.0,0.08,0.0,0.0,0.0,0.24844871872842184,0.0,0.0,0.0,0.0,-0.010338218621396172,-0.010491296938623496,-0.00015307831722732347,3.0,1.0,0.0
Queue-load-0.70,0.7,605,noG,22,22.0,0.0,0.08,0.0,0.0,0.0,0.2479861954041671,0.0,0.0,0.0,0.0,-0.010640670164131399,-0.010795934617586322,-0.00015526445345492336,3.0,1.0,0.0
Queue-load-0.70,0.7,605,noG,23,23.0,0.0,0.08,0.0,0.0,0.0,0.24743326595591783,0.0,0.0,0.0,0.0,-0.010962457103393468,-0.011120889967476622,-0.000158432864083154,3.0,1.0,0.0
Queue-load-0.70,0.7,605,noG,24,24.0,0.0,0.08,0.0,0.0,0.0,0.24678735725526837,0.0,0.0,0.0,0.0,-0.01130507781172545,-0.011466844733095893,-0.00016176692137044417,3.0,1.0,0.0
Queue-load-0.70,0.7,605,noG,25,25.0,0.0,0.08,0.0,0.0,0.0,0.24604654375058055,0.0,0.0,0.0,0.0,-0.01166792330486137,-0.011832009391122611,-0.00016408608626124026,3.0,1.0,0.0
Queue-load-0.70,0.7,605,PPM-3,1,3.0,0.0,0.01,0.0,,,,,,,,,,,,3.0,0.0
Queue-load-0.70,0.7,605,PPM-3,2,6.0,0.0,0.01,0.0,,,,,,,,,,,,3.0,0.0
Queue-load-0.70,0.7,605,PPM-3,3,9.0,0.0,0.01,0.0,,,,,,,,,,,,3.0,0.0
Queue-load-0.70,0.7,605,PPM-3,4,12.0,0.0,0.01,0.0,,,,,,,,,,,,3.0,0.0
Queue-load-0.70,0.7,605,PPM-3,5,15.0,0.0,0.01,0.0,,,,,,,,,,,,3.0,0.0
Queue-load-0.70,0.7,605,PPM-3,6,18.0,0.0,0.01,0.0,,,,,,,,,,,,3.0,0.0
Queue-load-0.70,0.7,605,PPM-3,7,21.0,0.0,0.01,0.0,,,,,,,,,,,,3.0,0.0
Queue-load-0.70,0.7,605,PPM-3,8,24.0,0.0,0.01,0.0,,,,,,,,,,,,3.0,0.0
Queue-load-0.70,0.7,605,PPM-3,9,27.0,0.0,0.01,0.0,,,,,,,,,,,,3.0,0.0
Queue-load-0.70,0.7,605,PPM-3,10,30.0,0.0,0.01,0.0,,,,,,,,,,,,3.0,0.0
Queue-load-0.70,0.7,605,PPM-3,11,33.0,0.0,0.01,0.0,,,,,,,,,,,,3.0,0.0
Queue-load-0.70,0.7,605,PPM-3,12,36.0,0.0,0.01,0.0,,,,,,,,,,,,3.0,0.0
Queue-load-0.70,0.7,605,PPM-3,13,39.0,0.0,0.01,0.0,,,,,,,,,,,,3.0,0.0
Queue-load-0.70,0.7,605,PPM-3,14,42.0,0.0,0.01,0.0,,,,,,,,,,,,3.0,0.0
Queue-load-0.70,0.7,605,PPM-3,15,45.0,0.0,0.01,0.0,,,,,,,,,,,,3.0,0.0
Queue-load-0.70,0.7,605,PPM-3,16,48.0,0.0,0.01,0.0,,,,,,,,,,,,3.0,0.0
Queue-load-0.70,0.7,605,PPM-3,17,51.0,0.0,0.01,0.0,,,,,,,,,,,,3.0,0.0
Queue-load-0.70,0.7,605,PPM-3,18,54.0,0.0,0.01,0.0,,,,,,,,,,,,3.0,0.0
Queue-load-0.70,0.7,605,PPM-3,19,57.0,0.0,0.01,0.0,,,,,,,,,,,,3.0,0.0
Queue-load-0.70,0.7,605,PPM-3,20,60.0,0.0,0.01,0.0,,,,,,,,,,,,3.0,0.0
Queue-load-0.70,0.7,605,PPM-3,21,63.0,0.0,0.01,0.0,,,,,,,,,,,,3.0,0.0
Queue-load-0.70,0.7,605,PPM-3,22,66.0,0.0,0.01,0.0,,,,,,,,,,,,3.0,0.0
Queue-load-0.70,0.7,605,PPM-3,23,69.0,0.0,0.01,0.0,,,,,,,,,,,,3.0,0.0
Queue-load-0.70,0.7,605,PPM-3,24,72.0,0.0,0.01,0.0,,,,,,,,,,,,3.0,0.0
Queue-load-0.70,0.7,605,PPM-3,25,75.0,0.0,0.01,0.0,,,,,,,,,,,,3.0,0.0
Queue-load-0.70,0.7,606,QP+G,1,1.0,1.0,0.08,0.12,0.1441847579864504,-0.07146328735762567,0.16099875932126387,0.023213567148855207,1.0,0.0,0.0,-0.00782758107042581,-0.007826233861671916,1.3472087538931449e-06,5.0,1.0,1.0
Queue-load-0.70,0.7,606,QP+G,2,2.0,2.0,0.08,0.12,0.1434939454925405,-0.07436099530605814,0.1610277164580315,0.023106502368217038,1.0,0.0,0.0,-0.007637177097189426,-0.00763529390356954,1.8831936198860158e-06,5.0,1.0,1.0
Queue-load-0.70,0.7,606,QP+G,3,3.0,3.0,0.08,0.12,0.14283547244553257,-0.07732690992169464,0.16106750466760505,0.02300615312482039,1.0,0.0,0.0,-0.007448434771726889,-0.0074460775811209245,2.3571906059647457e-06,5.0,1.0,1.0
Queue-load-0.70,0.7,606,QP+G,4,4.0,4.0,0.08,0.12,0.14220693991583006,-0.08034743262508297,0.16111803532783583,0.022912102769222134,1.0,0.0,0.0,-0.007260966510324259,-0.007258186886624163,2.7796237000964064e-06,5.0,1.0,1.0
Queue-load-0.70,0.7,606,QP+G,5,5.0,5.0,0.08,0.12,0.14160596531214678,-0.08340747050531407,0.16117917956888436,0.022823933311071718,1.0,0.0,0.0,-0.007074324563690296,-0.007071178702075187,3.1458616151086582e-06,5.0,1.0,1.0
Queue-load-0.70,0.7,606,QP+G,6,6.0,6.0,0.08,0.12,0.14103019642068876,-0.08649054240635502,0.16125076619988887,0.022741227230156886,1.0,0.0,0.0,-0.006888095821073364,-0.006884662946422537,3.432874650826853e-06,5.0,1.0,1.0
Queue-load-0.70,0.7,606,QP+G,7,7.0,7.0,0.08,0.12,0.14047732550719433,-0.08957889185225408,0.1613325798583562,0.022663569335677727,1.0,0.0,0.0,-0.006702029111652012,-0.0066984295404806105,3.5995711714018053e-06,5.0,1.0,1.0
Queue-load-0.70,0.7,606,QP+G,8,8.0,8.0,0.08,0.12,0.13994510366260016,-0.09265360616301657,0.16142435940124128,0.022590548710075535,1.0,0.0,0.0,-0.006516177464384094,-0.00651258369233787,3.593772046224346e-06,5.0,1.0,1.0
Queue-load-0.70,0.7,606,QP+G,9,9.0,9.0,0.08,0.12,0.13943135554401517,-0.09569474126570005,0.1615257965588767,0.022521760769531,1.0,0.0,0.0,-0.006331015514908812,-0.006327648826554011,3.366688354801417e-06,5.0,1.0,1.0
Queue-load-0.70,0.7,606,QP+G,10,10.0,10.0,0.08,0.12,0.13893399462744063,-0.09868145186791541,0.16163653487500274,0.02245680946792175,1.0,0.0,0.0,-0.006147479321886681,-0.006144588362569259,2.890959317422559e-06,5.0,1.0,1.0
Queue-load-0.70,0.7,606,QP+G,11,11.0,11.0,0.08,0.12,0.1384510390470656,-0.10159212683027519,0.16175616895797984,0.02239530966450501,1.0,0.0,0.0,-0.005966890839187874,-0.005964716990131347,2.173849056526754e-06,5.0,1.0,1.0
Queue-load-0.70,0.7,606,QP+G,12,12.0,12.0,0.08,0.12,0.13798062804802608,-0.1044045297472793,0.16188424406974716,0.022336889667823656,1.0,0.0,0.0,-0.005790775122098226,-0.005789516982877441,1.2581392207855827e-06,5.0,1.0,1.0
Queue-load-0.70,0.7,606,QP+G,13,13.0,13.0,0.08,0.12,0.1375210390252393,-0.10709594491774616,0.16202025608009687,0.02228119395927027,1.0,0.0,0.0,-0.005620629010306032,-0.005620418551913531,2.1045839250152798e-07,5.0,1.0,1.0
Queue-load-0.70,0.7,606,QP+G,14,14.0,14.0,0.08,0.12,0.13707070506054847,-0.10964332905014891,0.16216365181426706,0.022227886089374878,1.0,0.0,0.0,-0.005457718161115698,-0.005458613831480275,-8.956703645762384e-07,5.0,1.0,1.0
Queue-load-0.70,0.7,606,QP+G,15,15.0,15.0,0.08,0.12,0.13662823280442524,-0.1120234691980325,0.16231382982154788,0.022176651728236303,1.0,0.0,0.0,-0.005302952973327683,-0.005304946523118748,-1.993549791064718e-06,5.0,1.0,1.0
Queue-load-0.70,0.7,606,QP+G,16,16.0,16.0,0.08,0.12,0.136192420477674,-0.11421314754638512,0.16247014159144207,0.02212720183868891,1.0,0.0,0.0,-0.005156848506180146,-0.005159878597552403,-3.030091372257203e-06,5.0,1.0,1.0
Queue-load-0.70,0.7,606,QP+G,17,17.0,17.0,0.08,0.12,0.13576227569424826,-0.1161893137602238,0.16263189324179894,0.02207927592697066,1.0,0.0,0.0,-0.005019543313173045,-0.005023510625989491,-3.967312816446043e-06,5.0,1.0,1.0
Queue-load-0.70,0.7,606,QP+G,18,18.0,18.0,0.08,0.12,0.13533703273017658,-0.11792926564824126,0.16279834770010262,0.022032645311107456,1.0,0.0,0.0,-0.004890849822619319,-0.004895632147868589,-4.782325249270275e-06,5.0,1.0,1.0
Queue-load-0.70,0.7,606,QP+G,19,19.0,19.0,0.08,0.12,0.1349161687881258,-0.11941083887161205,0.16296872739471452,0.021987116332371364,1.0,0.0,0.0,-0.004770324426706276,-0.004775793003489959,-5.468576783683107e-06,5.0,1.0,1.0
Queue-load-0.70,0.7,606,QP+G,20,20.0,20.0,0.08,0.12,0.13449941873522453,-0.12061260632395639,0.1631422174671817,0.021942533420511532,1.0,0.0,0.0,-0.0046573624310921125,-0.0046634015083641955,-6.039077272083047e-06,5.0,1.0,1.0
Queue-load-0.70,0.7,606,QP+G,21,21.0,21.0,0.08,0.12,0.13408678772722912,-0.12151408760432898,0.16331796950983563,0.02189878190970741,1.0,0.0,0.0,-0.004551331320769169,-0.004557861541520047,-6.530220750878765e-06,5.0,1.0,1.0
Queue-load-0.70,0.7,606,QP+G,22,22.0,22.0,0.08,0.12,0.13367856107911133,-0.12209596868359648,0.16349510582468313,0.021855790490120673,1.0,0.0,0.0,-0.004451751094310544,-0.0044587542262353175,-7.003131924773406e-06,5.0,1.0,1.0
Queue-load-0.70,0.7,606,QP+G,23,23.0,23.0,0.08,0.12,0.13327531070560694,-0.12234033140801752,0.16367272419026785,0.02181353317049106,1.0,0.0,0.0,-0.004358511835136471,-0.004366050337912597,-7.53850277612593e-06,5.0,1.0,1.0
Queue-load-0.70,0.7,606,QP+G,24,24.0,24.0,0.08,0.12,0.13287789744030865,-0.12223089188079646,0.16384990311277053,0.02177203062142323,1.0,0.0,0.0,-0.004272088918964671,-0.004280310784183339,-8.221865218667641e-06,5.0,1.0,1.0
Queue-load-0.70,0.7,606,QP+G,25,25.0,25.0,0.08,0.12,0.1324874685538719,-0.12175324600524677,0.1640257075264021,0.02173135076793079,1.0,0.0,0.0,-0.004193686363773801,-0.004202806716004481,-9.120352230680001e-06,5.0,1.0,1.0
Queue-load-0.70,0.7,606,noG,1,1.0,0.0,0.08,0.0,0.0,0.0,0.16099875932126387,0.0,0.0,0.0,0.0,-0.005384403768352956,-0.005385025606915672,-6.21838562715922e-07,3.0,1.0,0.0
Queue-load-0.70,0.7,606,noG,2,2.0,0.0,0.08,0.0,0.0,0.0,0.16113525727289493,0.0,0.0,0.0,0.0,-0.005316486729488959,-0.005316996635146509,-5.099056575499222e-07,3.0,1.0,0.0
Queue-load-0.70,0.7,606,noG,3,3.0,0.0,0.08,0.0,0.0,0.0,0.1612735329772992,0.0,0.0,0.0,0.0,-0.005247247007169362,-0.0052476364904681105,-3.894832987481889e-07,3.0,1.0,0.0
Queue-load-0.70,0.7,606,noG,4,4.0,0.0,0.08,0.0,0.0,0.0,0.16141374066248573,0.0,0.0,0.0,0.0,-0.005175994118955528,-0.005176257167108567,-2.630481530383269e-07,3.0,1.0,0.0
Queue-load-0.70,0.7,606,noG,5,5.0,0.0,0.08,0.0,0.0,0.0,0.1615560382004305,0.0,0.0,0.0,0.0,-0.005102025760384482,-0.00510216094310012,-1.3518271563782436e-07,3.0,1.0,0.0
Queue-load-0.70,0.7,606,noG,6,6.0,0.0,0.08,0.0,0.0,0.0,0.16170058397813414,0.0,0.0,0.0,0.0,-0.0050246583260296325,-0.005024671952754023,-1.3626724390362888e-08,3.0,1.0,0.0
Queue-load-0.70,0.7,606,noG,7,7.0,0.0,0.08,0.0,0.0,0.0,0.1618475338062525,0.0,0.0,0.0,0.0,-0.004943278677934278,-0.004943188020630984,9.06573032937244e-08,3.0,1.0,0.0
Queue-load-0.70,0.7,606,noG,8,8.0,0.0,0.08,0.0,0.0,0.0,0.16199703788706685,0.0,0.0,0.0,0.0,-0.004857415875439604,-0.004857251102378335,1.6477306126905927e-07,3.0,1.0,0.0
Queue-load-0.70,0.7,606,noG,9,9.0,0.0,0.08,0.0,0.0,0.0,0.16214923786176105,0.0,0.0,0.0,0.0,-0.004766822774513457,-0.004766626199936397,1.965745770604599e-07,3.0,1.0,0.0
Queue-load-0.70,0.7,606,noG,10,10.0,0.0,0.08,0.0,0.0,0.0,0.16230426395530897,0.0,0.0,0.0,0.0,-0.004671548910289856,-0.00467137062963463,1.7828065522560582e-07,3.0,1.0,0.0
Queue-load-0.70,0.7,606,noG,11,11.0,0.0,0.08,0.0,0.0,0.0,0.1624622322357669,0.0,0.0,0.0,0.0,-0.004571981267320859,-0.004571871380075976,1.0988724488333879e-07,3.0,1.0,0.0
Queue-load-0.70,0.7,606,noG,12,12.0,0.0,0.08,0.0,0.0,0.0,0.16262324200344547,0.0,0.0,0.0,0.0,-0.004468832567234354,-0.004468831735850998,8.313833562562101e-10,3.0,1.0,0.0
Queue-load-0.70,0.7,606,noG,13,13.0,0.0,0.08,0.0,0.0,0.0,0.16278737332428883,0.0,0.0,0.0,0.0,-0.004363069574969556,-0.004363200846157156,-1.3127118759972273e-07,3.0,1.0,0.0
Queue-load-0.70,0.7,606,noG,14,14.0,0.0,0.08,0.0,0.0,0.0,0.1629546847208189,0.0,0.0,0.0,0.0,-0.0042557931383699656,-0.004256057831388826,-2.646930188608676e-07,3.0,1.0,0.0
Queue-load-0.70,0.7,606,noG,15,15.0,0.0,0.08,0.0,0.0,0.0,0.16312521103322555,0.0,0.0,0.0,0.0,-0.004148098182849619,-0.004148477014387808,-3.788315381886634e-07,3.0,1.0,0.0
Queue-load-0.70,0.7,606,noG,16,16.0,0.0,0.08,0.0,0.0,0.0,0.16329896146255052,0.0,0.0,0.0,0.0,-0.004040946683990675,-0.004041405115981167,-4.5843199049204475e-07,3.0,1.0,0.0
Queue-load-0.70,0.7,606,noG,17,17.0,0.0,0.08,0.0,0.0,0.0,0.16347591780745088,0.0,0.0,0.0,0.0,-0.00393507791891512,-0.003935573360743572,-4.954418284519591e-07,3.0,1.0,0.0
Queue-load-0.70,0.7,606,noG,18,18.0,0.0,0.08,0.0,0.0,0.0,0.16365603290566272,0.0,0.0,0.0,0.0,-0.0038309646203006486,-0.0038314531876610936,-4.885673604449609e-07,3.0,1.0,0.0
Queue-load-0.70,0.7,606,noG,19,19.0,0.0,0.08,0.0,0.0,0.0,0.163839229291032,0.0,0.0,0.0,0.0,-0.0037288100992090754,-0.0037292517055123042,-4.416063032288732e-07,3.0,1.0,0.0
Queue-load-0.70,0.7,606,noG,20,20.0,0.0,0.08,0.0,0.0,0.0,0.16402539807679187,0.0,0.0,0.0,0.0,-0.003628575259552057,-0.003628936994808374,-3.617352563167059e-07,3.0,1.0,0.0
Queue-load-0.70,0.7,606,noG,21,21.0,0.0,0.08,0.0,0.0,0.0,0.1642143980755793,0.0,0.0,0.0,0.0,-0.003530025361622416,-0.0035302838303876705,-2.5846876525442014e-07,3.0,1.0,0.0
Queue-load-0.70,0.7,606,noG,22,22.0,0.0,0.08,0.0,0.0,0.0,0.16440605516652113,0.0,0.0,0.0,0.0,-0.003432791082952728,-0.0034329345036754333,-1.4342072270513012e-07,3.0,1.0,0.0
Queue-load-0.70,0.7,606,noG,23,23.0,0.0,0.08,0.0,0.0,0.0,0.16460016191946325,0.0,0.0,0.0,0.0,-0.003336443314367147,-0.0033364738995818044,-3.058521465737138e-08,3.0,1.0,0.0
Queue-load-0.70,0.7,606,noG,24,24.0,0.0,0.08,0.0,0.0,0.0,0.16479647748610002,0.0,0.0,0.0,0.0,-0.0032405838051572135,-0.0032405203655545556,6.343960265789428e-08,3.0,1.0,0.0
Queue-load-0.70,0.7,606,noG,25,25.0,0.0,0.08,0.0,0.0,0.0,0.16499472776725296,0.0,0.0,0.0,0.0,-0.00314495256655266,-0.0031448325571541424,1.200093985177092e-07,3.0,1.0,0.0
Queue-load-0.70,0.7,606,PPM-3,1,3.0,0.0,0.01,0.0,,,,,,,,,,,,3.0,0.0
Queue-load-0.70,0.7,606,PPM-3,2,6.0,0.0,0.01,0.0,,,,,,,,,,,,3.0,0.0
Queue-load-0.70,0.7,606,PPM-3,3,9.0,0.0,0.01,0.0,,,,,,,,,,,,3.0,0.0
Queue-load-0.70,0.7,606,PPM-3,4,12.0,0.0,0.01,0.0,,,,,,,,,,,,3.0,0.0
Queue-load-0.70,0.7,606,PPM-3,5,15.0,0.0,0.01,0.0,,,,,,,,,,,,3.0,0.0
Queue-load-0.70,0.7,606,PPM-3,6,18.0,0.0,0.01,0.0,,,,,,,,,,,,3.0,0.0
Queue-load-0.70,0.7,606,PPM-3,7,21.0,0.0,0.01,0.0,,,,,,,,,,,,3.0,0.0
Queue-load-0.70,0.7,606,PPM-3,8,24.0,0.0,0.01,0.0,,,,,,,,,,,,3.0,0.0
Queue-load-0.70,0.7,606,PPM-3,9,27.0,0.0,0.01,0.0,,,,,,,,,,,,3.0,0.0
Queue-load-0.70,0.7,606,PPM-3,10,30.0,0.0,0.01,0.0,,,,,,,,,,,,3.0,0.0
Queue-load-0.70,0.7,606,PPM-3,11,33.0,0.0,0.01,0.0,,,,,,,,,,,,3.0,0.0
Queue-load-0.70,0.7,606,PPM-3,12,36.0,0.0,0.01,0.0,,,,,,,,,,,,3.0,0.0
Queue-load-0.70,0.7,606,PPM-3,13,39.0,0.0,0.01,0.0,,,,,,,,,,,,3.0,0.0
Queue-load-0.70,0.7,606,PPM-3,14,42.0,0.0,0.01,0.0,,,,,,,,,,,,3.0,0.0
Queue-load-0.70,0.7,606,PPM-3,15,45.0,0.0,0.01,0.0,,,,,,,,,,,,3.0,0.0
Queue-load-0.70,0.7,606,PPM-3,16,48.0,0.0,0.01,0.0,,,,,,,,,,,,3.0,0.0
Queue-load-0.70,0.7,606,PPM-3,17,51.0,0.0,0.01,0.0,,,,,,,,,,,,3.0,0.0
Queue-load-0.70,0.7,606,PPM-3,18,54.0,0.0,0.01,0.0,,,,,,,,,,,,3.0,0.0
Queue-load-0.70,0.7,606,PPM-3,19,57.0,0.0,0.01,0.0,,,,,,,,,,,,3.0,0.0
Queue-load-0.70,0.7,606,PPM-3,20,60.0,0.0,0.01,0.0,,,,,,,,,,,,3.0,0.0
Queue-load-0.70,0.7,606,PPM-3,21,63.0,0.0,0.01,0.0,,,,,,,,,,,,3.0,0.0
Queue-load-0.70,0.7,606,PPM-3,22,66.0,0.0,0.01,0.0,,,,,,,,,,,,3.0,0.0
Queue-load-0.70,0.7,606,PPM-3,23,69.0,0.0,0.01,0.0,,,,,,,,,,,,3.0,0.0
Queue-load-0.70,0.7,606,PPM-3,24,72.0,0.0,0.01,0.0,,,,,,,,,,,,3.0,0.0
Queue-load-0.70,0.7,606,PPM-3,25,75.0,0.0,0.01,0.0,,,,,,,,,,,,3.0,0.0
Queue-load-0.70,0.7,607,QP+G,1,1.0,1.0,0.08,0.12,0.1702760039663879,0.01331214958021427,0.21842681387463556,0.037192845025682916,1.0,0.0,0.0,-0.012416557217934535,-0.0124251436876599,-8.586469725365906e-06,5.0,1.0,1.0
Queue-load-0.70,0.7,607,QP+G,2,2.0,2.0,0.08,0.12,0.17070955367332985,0.01827665928655451,0.21825219051326294,0.03725773403074567,1.0,0.0,0.0,-0.0123847672097363,-0.012392049051400456,-7.28184166415638e-06,5.0,1.0,1.0
Queue-load-0.70,0.7,607,QP+G,3,3.0,3.0,0.08,0.12,0.17113824656239104,0.02303753031914121,0.2180652192705175,0.03731929926219969,1.0,0.0,0.0,-0.012345637923577691,-0.012351835413937806,-6.197490360114813e-06,5.0,1.0,1.0
Queue-load-0.70,0.7,607,QP+G,4,4.0,4.0,0.08,0.12,0.17155946387872484,0.027590165811680983,0.2178665235288679,0.037377063973734165,1.0,0.0,0.0,-0.01229914797019579,-0.01230449230785391,-5.344337658119355e-06,5.0,1.0,1.0
Queue-load-0.70,0.7,607,QP+G,5,5.0,5.0,0.08,0.12,0.17197060020813615,0.031931454693752935,0.21765673361232474,0.03743055911865389,1.0,0.0,0.0,-0.012246018915144784,-0.01225074360112588,-4.724685981095933e-06,5.0,1.0,1.0
Queue-load-0.70,0.7,607,QP+G,6,6.0,6.0,0.08,0.12,0.1723690880913199,0.03605980837305727,0.21743648175743613,0.03747932807831418,1.0,0.0,0.0,-0.012187671431919693,-0.012192004312073124,-4.3328801534302935e-06,5.0,1.0,1.0
Queue-load-0.70,0.7,607,QP+G,7,7.0,7.0,0.08,0.12,0.17275242169339264,0.039975179383797584,0.21720639695709687,0.03752293108163483,1.0,0.0,0.0,-0.012126113196904039,-0.012130255221843633,-4.142024939594174e-06,5.0,1.0,1.0
Queue-load-0.70,0.7,607,QP+G,8,8.0,8.0,0.08,0.12,0.1731181791704033,0.04367906394656788,0.2169670997327252,0.037560949245612686,1.0,0.0,0.0,-0.012063696563257327,-0.012067788483320463,-4.091920063136259e-06,5.0,1.0,1.0
Queue-load-0.70,0.7,607,QP+G,9,9.0,9.0,0.08,0.12,0.17346404348880506,0.04717449042028262,0.21671919688781735,0.037592988193807256,1.0,0.0,0.0,-0.012002721313629545,-0.012006813769507296,-4.092455877751158e-06,5.0,1.0,1.0
Queue-load-0.70,0.7,607,QP+G,10,10.0,10.0,0.08,0.12,0.17378782156163952,0.05046599553327402,0.21646327629356069,0.0376186812351532,1.0,0.0,0.0,-0.011944951471570629,-0.01194899697307239,-4.045501501761389e-06,5.0,1.0,1.0
Queue-load-0.70,0.7,607,QP+G,11,11.0,11.0,0.08,0.12,0.1740874616624586,0.05355959008678817,0.21619990175523984,0.03763769210824263,1.0,0.0,0.0,-0.011891192286524242,-0.011895067859681419,-3.87557315717664e-06,5.0,1.0,1.0
Queue-load-0.70,0.7,607,QP+G,12,12.0,12.0,0.08,0.12,0.17436106916157929,0.056462715557501694,0.2159296080066093,0.037649717315673105,1.0,0.0,0.0,-0.011841074598614953,-0.011844629495439296,-3.5548968243433177e-06,5.0,1.0,1.0
Queue-load-0.70,0.7,607,QP+G,13,13.0,13.0,0.08,0.12,0.1746069206970525,0.05918419271383501,0.21565289587842423,0.03765448808873374,1.0,0.0,0.0,-0.01179312092040015,-0.011796234201522982,-3.1132811228323787e-06,5.0,1.0,1.0
Queue-load-0.70,0.7,607,QP+G,14,14.0,14.0,0.08,0.12,0.17482347694353878,0.06173416302811036,0.21537022768673844,0.037651772034317216,1.0,0.0,0.0,-0.011745070621606693,-0.011747701713685554,-2.6310920788613634e-06,5.0,1.0,1.0
Queue-load-0.70,0.7,607,QP+G,15,15.0,15.0,0.08,0.12,0.1750093941756904,0.0641240233341599,0.2150820228864839,0.03764137452344552,1.0,0.0,0.0,-0.011694367663398991,-0.011696586171654477,-2.2185082554863206e-06,5.0,1.0,1.0
Queue-load-0.70,0.7,607,QP+G,16,16.0,16.0,0.08,0.12,0.1751635348390573,0.06636635386485543,0.21478865403600544,0.03762313988427007,1.0,0.0,0.0,-0.01163867808170677,-0.011640664109332288,-1.986027625518888e-06,5.0,1.0,1.0
Queue-load-0.70,0.7,607,QP+G,17,17.0,17.0,0.08,0.12,0.17528497734192808,0.06847483951928346,0.21449044311861476,0.0375969524621065,1.0,0.0,0.0,-0.011576300633513217,-0.011578314088255492,-2.0134547422754473e-06,5.0,1.0,1.0
Queue-load-0.70,0.7,607,QP+G,18,18.0,18.0,0.08,0.12,0.17537302526732151,0.07046418396354628,0.21418765826760588,0.03756273760531327,1.0,0.0,0.0,-0.011506363761380992,-0.011508692145539179,-2.3283841581872577e-06,5.0,1.0,1.0
Queue-load-0.70,0.7,607,QP+G,19,19.0,19.0,0.08,0.12,0.17542721617747015,0.07235001596804642,0.2138805109414063,0.03752046262906585,1.0,0.0,0.0,-0.01142877444154687,-0.011431679738786116,-2.905297239246332e-06,5.0,1.0,1.0
Queue-load-0.70,0.7,607,QP+G,20,20.0,20.0,0.08,0.12,0.17544733014554564,0.07414878722961629,0.21356915359548612,0.037470137799772,1.0,0.0,0.0,-0.0113439862229165,-0.011347673527251079,-3.687304334578853e-06,5.0,1.0,1.0
Queue-load-0.70,0.7,607,QP+G,21,21.0,21.0,0.08,0.12,0.17543339810327785,0.07587766081934566,0.21325367789708696,0.03741181737150784,1.0,0.0,0.0,-0.011252730898930842,-0.01125734947232182,-4.618573390978431e-06,5.0,1.0,1.0
Queue-load-0.70,0.7,607,QP+G,22,22.0,22.0,0.08,0.12,0.17538571004060946,0.07755438933483944,0.2129341135276698,0.03734560069291811,1.0,0.0,0.0,-0.011155854506037082,-0.011161523324543676,-5.668818506594439e-06,5.0,1.0,1.0
Queue-load-0.70,0.7,607,QP+G,23,23.0,23.0,0.08,0.12,0.17530482303647954,0.07919718181744183,0.21261042761606275,0.037271633388944125,1.0,0.0,0.0,-0.011054313986009291,-0.011061151575791683,-6.837589782392184e-06,5.0,1.0,1.0
Queue-load-0.70,0.7,607,QP+G,24,24.0,24.0,0.08,0.12,0.17519156903997832,0.08082455851963051,0.2122825248425584,0.03719010860693599,1.0,0.0,0.0,-0.010949284295086122,-0.010957422740312861,-8.138445226738705e-06,5.0,1.0,1.0
Queue-load-0.70,0.7,607,QP+G,25,25.0,25.0,0.08,0.12,0.17504706225973482,0.08245519267529636,0.2119502482505058,0.03710126830147254,1.0,0.0,0.0,-0.010842258245942598,-0.010851830900211024,-9.572654268425254e-06,5.0,1.0,1.0
Queue-load-0.70,0.7,607,noG,1,1.0,0.0,0.08,0.0,0.0,0.0,0.21842681387463556,0.0,0.0,0.0,0.0,-0.009403728254917037,-0.009403356958082032,3.712968350052387e-07,3.0,1.0,0.0
Queue-load-0.70,0.7,607,noG,2,2.0,0.0,0.08,0.0,0.0,0.0,0.21838210645774855,0.0,0.0,0.0,0.0,-0.00939645664333059,-0.009395891720964222,5.649223663670849e-07,3.0,1.0,0.0
Queue-load-0.70,0.7,607,noG,3,3.0,0.0,0.08,0.0,0.0,0.0,0.21832061373118436,0.0,0.0,0.0,0.0,-0.009385339278885258,-0.009384695089977413,6.441889078452612e-07,3.0,1.0,0.0
Queue-load-0.70,0.7,607,noG,4,4.0,0.0,0.08,0.0,0.0,0.0,0.21824304144124895,0.0,0.0,0.0,0.0,-0.009369883504712165,-0.009369270832446208,6.126722659569733e-07,3.0,1.0,0.0
Queue-load-0.70,0.7,607,noG,5,5.0,0.0,0.08,0.0,0.0,0.0,0.21815013880601952,0.0,0.0,0.0,0.0,-0.009350275097309197,-0.009349792188519945,4.829087892517514e-07,3.0,1.0,0.0
Queue-load-0.70,0.7,607,noG,6,6.0,0.0,0.08,0.0,0.0,0.0,0.2180426940208608,0.0,0.0,0.0,0.0,-0.009327295472200249,-0.009327025190259963,2.702819402854856e-07,3.0,1.0,0.0
Queue-load-0.70,0.7,607,noG,7,7.0,0.0,0.08,0.0,0.0,0.0,0.21792152923372624,0.0,0.0,0.0,0.0,-0.009302222942406678,-0.009302223224968209,-2.825615314644425e-10,3.0,1.0,0.0
Queue-load-0.70,0.7,607,noG,8,8.0,0.0,0.08,0.0,0.0,0.0,0.21778749504871384,0.0,0.0,0.0,0.0,-0.009276663904362633,-0.009276951403585088,-2.8749922245489834e-07,3.0,1.0,0.0
Queue-load-0.70,0.7,607,noG,9,9.0,0.0,0.08,0.0,0.0,0.0,0.21764146462667308,0.0,0.0,0.0,0.0,-0.009252277106476865,-0.009252813211432898,-5.361049560323461e-07,3.0,1.0,0.0
Queue-load-0.70,0.7,607,noG,10,10.0,0.0,0.08,0.0,0.0,0.0,0.21748432745981464,0.0,0.0,0.0,0.0,-0.009230420224621838,-0.00923110948538941,-6.892607675723639e-07,3.0,1.0,0.0
Queue-load-0.70,0.7,607,noG,11,11.0,0.0,0.08,0.0,0.0,0.0,0.21731698290316706,0.0,0.0,0.0,0.0,-0.009211806455912748,-0.009212510928448658,-7.044725359103832e-07,3.0,1.0,0.0
Queue-load-0.70,0.7,607,noG,12,12.0,0.0,0.08,0.0,0.0,0.0,0.217140333549251,0.0,0.0,0.0,0.0,-0.009196269773611555,-0.00919683490499068,-5.651313791255747e-07,3.0,1.0,0.0
Queue-load-0.70,0.7,607,noG,13,13.0,0.0,0.08,0.0,0.0,0.0,0.21695527853359278,0.0,0.0,0.0,0.0,-0.009182701428629671,-0.009182985362791829,-2.839341621575786e-07,3.0,1.0,0.0
Queue-load-0.70,0.7,607,noG,14,14.0,0.0,0.08,0.0,0.0,0.0,0.2167627068577171,0.0,0.0,0.0,0.0,-0.009169168081021676,-0.009169067339151571,1.0074187010468416e-07,3.0,1.0,0.0
Queue-load-0.70,0.7,607,noG,15,15.0,0.0,0.08,0.0,0.0,0.0,0.21656349081327134,0.0,0.0,0.0,0.0,-0.009153181398317124,-0.009152648726088675,5.326722284492574e-07,3.0,1.0,0.0
Queue-load-0.70,0.7,607,noG,16,16.0,0.0,0.08,0.0,0.0,0.0,0.2163584795861364,0.0,0.0,0.0,0.0,-0.009132066208164227,-0.009131118201347821,9.480068164056943e-07,3.0,1.0,0.0
Queue-load-0.70,0.7,607,noG,17,17.0,0.0,0.08,0.0,0.0,0.0,0.21614849311305007,0.0,0.0,0.0,0.0,-0.009103360453292334,-0.009102072916933324,1.2875363590101468e-06,3.0,1.0,0.0
Queue-load-0.70,0.7,607,noG,18,18.0,0.0,0.08,0.0,0.0,0.0,0.21593431625568746,0.0,0.0,0.0,0.0,-0.00906516741868134,-0.009063657178244533,1.5102404368073225e-06,3.0,1.0,0.0
Queue-load-0.70,0.7,607,noG,19,19.0,0.0,0.08,0.0,0.0,0.0,0.21571669334865679,0.0,0.0,0.0,0.0,-0.00901637543547551,-0.009014771041289116,1.6043941863941313e-06,3.0,1.0,0.0
Queue-load-0.70,0.7,607,noG,20,20.0,0.0,0.08,0.0,0.0,0.0,0.2154963231687359,0.0,0.0,0.0,0.0,-0.008956683479383916,-0.008955093717060159,1.5897623237576958e-06,3.0,1.0,0.0
Queue-load-0.70,0.7,607,noG,21,21.0,0.0,0.08,0.0,0.0,0.0,0.21527385436326912,0.0,0.0,0.0,0.0,-0.008886435899732406,-0.008884928978080797,1.5069216516092748e-06,3.0,1.0,0.0
Queue-load-0.70,0.7,607,noG,22,22.0,0.0,0.08,0.0,0.0,0.0,0.21504988136618985,0.0,0.0,0.0,0.0,-0.008806350767977594,-0.008804952778660446,1.397989317147505e-06,3.0,1.0,0.0
Queue-load-0.70,0.7,607,noG,23,23.0,0.0,0.08,0.0,0.0,0.0,0.21482494082096512,0.0,0.0,0.0,0.0,-0.008717268270924549,-0.008715978825492243,1.2894454323054277e-06,3.0,1.0,0.0
Queue-load-0.70,0.7,607,noG,24,24.0,0.0,0.08,0.0,0.0,0.0,0.21459950852103613,0.0,0.0,0.0,0.0,-0.008620016439008104,-0.008618830923862397,1.1855151457063756e-06,3.0,1.0,0.0
Queue-load-0.70,0.7,607,noG,25,25.0,0.0,0.08,0.0,0.0,0.0,0.2143739968703646,0.0,0.0,0.0,0.0,-0.008515417310772162,-0.008514344303061527,1.0730077106349545e-06,3.0,1.0,0.0
Queue-load-0.70,0.7,607,PPM-3,1,3.0,0.0,0.01,0.0,,,,,,,,,,,,3.0,0.0
Queue-load-0.70,0.7,607,PPM-3,2,6.0,0.0,0.01,0.0,,,,,,,,,,,,3.0,0.0
Queue-load-0.70,0.7,607,PPM-3,3,9.0,0.0,0.01,0.0,,,,,,,,,,,,3.0,0.0
Queue-load-0.70,0.7,607,PPM-3,4,12.0,0.0,0.01,0.0,,,,,,,,,,,,3.0,0.0
Queue-load-0.70,0.7,607,PPM-3,5,15.0,0.0,0.01,0.0,,,,,,,,,,,,3.0,0.0
Queue-load-0.70,0.7,607,PPM-3,6,18.0,0.0,0.01,0.0,,,,,,,,,,,,3.0,0.0
Queue-load-0.70,0.7,607,PPM-3,7,21.0,0.0,0.01,0.0,,,,,,,,,,,,3.0,0.0
Queue-load-0.70,0.7,607,PPM-3,8,24.0,0.0,0.01,0.0,,,,,,,,,,,,3.0,0.0
Queue-load-0.70,0.7,607,PPM-3,9,27.0,0.0,0.01,0.0,,,,,,,,,,,,3.0,0.0
Queue-load-0.70,0.7,607,PPM-3,10,30.0,0.0,0.01,0.0,,,,,,,,,,,,3.0,0.0
Queue-load-0.70,0.7,607,PPM-3,11,33.0,0.0,0.01,0.0,,,,,,,,,,,,3.0,0.0
Queue-load-0.70,0.7,607,PPM-3,12,36.0,0.0,0.01,0.0,,,,,,,,,,,,3.0,0.0
Queue-load-0.70,0.7,607,PPM-3,13,39.0,0.0,0.01,0.0,,,,,,,,,,,,3.0,0.0
Queue-load-0.70,0.7,607,PPM-3,14,42.0,0.0,0.01,0.0,,,,,,,,,,,,3.0,0.0
Queue-load-0.70,0.7,607,PPM-3,15,45.0,0.0,0.01,0.0,,,,,,,,,,,,3.0,0.0
Queue-load-0.70,0.7,607,PPM-3,16,48.0,0.0,0.01,0.0,,,,,,,,,,,,3.0,0.0
Queue-load-0.70,0.7,607,PPM-3,17,51.0,0.0,0.01,0.0,,,,,,,,,,,,3.0,0.0
Queue-load-0.70,0.7,607,PPM-3,18,54.0,0.0,0.01,0.0,,,,,,,,,,,,3.0,0.0
Queue-load-0.70,0.7,607,PPM-3,19,57.0,0.0,0.01,0.0,,,,,,,,,,,,3.0,0.0
Queue-load-0.70,0.7,607,PPM-3,20,60.0,0.0,0.01,0.0,,,,,,,,,,,,3.0,0.0
Queue-load-0.70,0.7,607,PPM-3,21,63.0,0.0,0.01,0.0,,,,,,,,,,,,3.0,0.0
Queue-load-0.70,0.7,607,PPM-3,22,66.0,0.0,0.01,0.0,,,,,,,,,,,,3.0,0.0
Queue-load-0.70,0.7,607,PPM-3,23,69.0,0.0,0.01,0.0,,,,,,,,,,,,3.0,0.0
Queue-load-0.70,0.7,607,PPM-3,24,72.0,0.0,0.01,0.0,,,,,,,,,,,,3.0,0.0
Queue-load-0.70,0.7,607,PPM-3,25,75.0,0.0,0.01,0.0,,,,,,,,,,,,3.0,0.0
Queue-load-0.70,0.7,608,QP+G,1,1.0,1.0,0.08,0.12,0.19902641314442246,-0.1562761441523261,0.2192250259850094,0.04363157059328923,1.0,0.0,0.0,-0.012209350909591144,-0.012174360823723696,3.4990085867448936e-05,5.0,1.0,1.0
Queue-load-0.70,0.7,608,QP+G,2,2.0,2.0,0.08,0.12,0.20037239634509432,-0.14341089879367694,0.21965868922117138,0.04401353793726845,1.0,0.0,0.0,-0.012162117881758366,-0.012117686574847575,4.443130691079121e-05,5.0,1.0,1.0
Queue-load-0.70,0.7,608,QP+G,3,3.0,3.0,0.08,0.12,0.20176065430820012,-0.13192979226938603,0.22006723047623858,0.04440090841267937,1.0,0.0,0.0,-0.012065134635412032,-0.012010099873704494,5.5034761707538e-05,5.0,1.0,1.0
Queue-load-0.70,0.7,608,QP+G,4,4.0,4.0,0.08,0.12,0.20314386018276132,-0.12177490867197588,0.22045553630864437,0.04478418864439891,1.0,0.0,0.0,-0.011902816445493609,-0.011836774734893751,6.604171059985779e-05,5.0,1.0,1.0
Queue-load-0.70,0.7,608,QP+G,5,5.0,5.0,0.08,0.12,0.2044798394542874,-0.11284756977779835,0.22082778467986447,0.045154829958384636,1.0,0.0,0.0,-0.011663246074780705,-0.011586752623208074,7.649345157263038e-05,5.0,1.0,1.0
Queue-load-0.70,0.7,608,QP+G,6,6.0,6.0,0.08,0.12,0.2057322962628619,-0.10501852601742143,0.2211873653686471,0.04550538458162439,1.0,0.0,0.0,-0.011340279222689743,-0.011255124054346144,8.515516834359943e-05,5.0,1.0,1.0
Queue-load-0.70,0.7,608,QP+G,7,7.0,7.0,0.08,0.12,0.20687118786140915,-0.0981373480275743,0.22153683316496497,0.04582958783189112,1.0,0.0,0.0,-0.010936329044298563,-0.010845939598607579,9.038944569098387e-05,5.0,1.0,1.0
Queue-load-0.70,0.7,608,QP+G,8,8.0,8.0,0.08,0.12,0.2078728438373071,-0.09204072901503994,0.22187789211700668,0.0461223884189894,1.0,0.0,0.0,-0.010465483812792652,-0.010374744909029676,9.073890376297584e-05,5.0,1.0,1.0
Queue-load-0.70,0.7,608,QP+G,9,9.0,9.0,0.08,0.12,0.20871991452575514,-0.08655964911180757,0.22221140890730207,0.04637994627377971,1.0,0.0,0.0,-0.009953180525213722,-0.009867157776948687,8.602274826503484e-05,5.0,1.0,1.0
Queue-load-0.70,0.7,608,QP+G,10,10.0,10.0,0.08,0.12,0.20940121294435635,-0.08152549898290284,0.222537453367132,0.046599612660625574,1.0,0.0,0.0,-0.009430064013541645,-0.00935263330178504,7.74307117566049e-05,5.0,1.0,1.0
Queue-load-0.70,0.7,608,QP+G,11,11.0,11.0,0.08,0.12,0.20991149138258022,-0.07677532804169819,0.22285536406662954,0.046779901833834084,1.0,0.0,0.0,-0.008924734019986912,-0.008857952362932409,6.678165705450295e-05,5.0,1.0,1.0
Queue-load-0.70,0.7,608,QP+G,12,12.0,12.0,0.08,0.12,0.21025117103314783,-0.07215639371307793,0.2231638367339482,0.046920458005562826,1.0,0.0,0.0,-0.00845954150088714,-0.008403641885808888,5.58996150782521e-05,5.0,1.0,1.0
Queue-load-0.70,0.7,608,QP+G,13,13.0,13.0,0.08,0.12,0.2104260233012772,-0.06753016116301147,0.22346103289274497,0.04702201651441622,1.0,0.0,0.0,-0.008049114143338787,-0.008003015080066067,4.6099063272719495e-05,5.0,1.0,1.0
Queue-load-0.70,0.7,608,QP+G,14,14.0,14.0,0.08,0.12,0.21044678651546472,-0.06277585250492304,0.2237447055432211,0.047086354281419766,1.0,0.0,0.0,-0.00770086653439047,-0.007662866611473973,3.7999922916497064e-05,5.0,1.0,1.0
Queue-load-0.70,0.7,608,QP+G,15,15.0,15.0,0.08,0.12,0.21032869301930834,-0.057793581566433785,0.22401233797945333,0.04711622226741799,1.0,0.0,0.0,-0.007416755069808151,-0.007385032190916352,3.172287889179927e-05,5.0,1.0,1.0
Queue-load-0.70,0.7,608,QP+G,16,16.0,16.0,0.08,0.12,0.21009087989695133,-0.05250704329421636,0.22426129101469194,0.047115251956102895,1.0,0.0,0.0,-0.007195201095514494,-0.007168010555429927,2.71905400845672e-05,5.0,1.0,1.0
Queue-load-0.70,0.7,608,QP+G,17,17.0,17.0,0.08,0.12,0.20975566213824645,-0.04686566342768765,0.22448895309514158,0.04708782899919317,1.0,0.0,0.0,-0.007032391428647402,-0.0070081340829255545,2.4257345721847602e-05,5.0,1.0,1.0
Queue-load-0.70,0.7,608,QP+G,18,18.0,18.0,0.08,0.12,0.20934765938187952,-0.04084606223501005,0.22469288716157332,0.04703893000703214,1.0,0.0,0.0,-0.006923049637163885,-0.0069002889494638175,2.2760687700067173e-05,5.0,1.0,1.0
Queue-load-0.70,0.7,608,QP+G,19,19.0,19.0,0.08,0.12,0.20889278505576475,-0.034452654712399985,0.2248709678052608,0.04697392274302614,1.0,0.0,0.0,-0.006860766084837829,-0.006838207813486541,2.255827135128844e-05,5.0,1.0,1.0
Queue-load-0.70,0.7,608,QP+G,20,20.0,20.0,0.08,0.12,0.2084171273658499,-0.027717207554116746,0.22502150237136367,0.0468983351197874,1.0,0.0,0.0,-0.006837991076527466,-0.0068145279702096495,2.346310631781614e-05,5.0,1.0,1.0
Queue-load-0.70,0.7,608,QP+G,21,21.0,21.0,0.08,0.12,0.2079457719685621,-0.020697207334872843,0.22514333024940142,0.046817603612284694,1.0,0.0,0.0,-0.0068463048302435945,-0.006821089512390799,2.5215317852795606e-05,5.0,1.0,1.0
Queue-load-0.70,0.7,608,QP+G,22,22.0,22.0,0.08,0.12,0.20750163271936756,-0.013472966985098964,0.22523589565091137,0.04673681609457321,1.0,0.0,0.0,-0.006877104847210328,-0.006849545302034077,2.7559545176251282e-05,5.0,1.0,1.0
Queue-load-0.70,0.7,608,QP+G,23,23.0,23.0,0.08,0.12,0.2071043662998173,-0.00614350376450179,0.22529929063268694,0.046660466814280994,1.0,0.0,0.0,-0.006922276787698453,-0.00689197135451991,3.030543317854295e-05,5.0,1.0,1.0
Queue-load-0.70,0.7,608,QP+G,24,24.0,24.0,0.08,0.12,0.20676944645796724,0.0011786520359210718,0.22533426684381866,0.046592241623308266,1.0,0.0,0.0,-0.006974617871551293,-0.006941268880939155,3.334899061213734e-05,5.0,1.0,1.0
Queue-load-0.70,0.7,608,QP+G,25,25.0,25.0,0.08,0.12,0.20650746334321315,0.008373433443021874,0.22534221628186898,0.04653484946850647,1.0,0.0,0.0,-0.007021063111405057,-0.006991284288956123,2.977882244893388e-05,5.0,1.0,1.0
Queue-load-0.70,0.7,608,noG,1,1.0,0.0,0.08,0.0,0.0,0.0,0.2192250259850094,0.0,0.0,0.0,0.0,-0.008674387763332427,-0.008674422026582196,-3.42632497686568e-08,3.0,1.0,0.0
Queue-load-0.70,0.7,608,noG,2,2.0,0.0,0.08,0.0,0.0,0.0,0.2197449834304317,0.0,0.0,0.0,0.0,-0.008747778757189906,-0.008746003438331762,1.7753188581437485e-06,3.0,1.0,0.0
Queue-load-0.70,0.7,608,noG,3,3.0,0.0,0.08,0.0,0.0,0.0,0.22021070918031427,0.0,0.0,0.0,0.0,-0.008799717893343365,-0.00879605021591967,3.6676774236941295e-06,3.0,1.0,0.0
Queue-load-0.70,0.7,608,noG,4,4.0,0.0,0.08,0.0,0.0,0.0,0.22062577942453654,0.0,0.0,0.0,0.0,-0.008817244004376926,-0.00881171552960014,5.528474776786765e-06,3.0,1.0,0.0
Queue-load-0.70,0.7,608,noG,5,5.0,0.0,0.08,0.0,0.0,0.0,0.22099415722659105,0.0,0.0,0.0,0.0,-0.008787810116746501,-0.008780683710857495,7.126405889006093e-06,3.0,1.0,0.0
Queue-load-0.70,0.7,608,noG,6,6.0,0.0,0.08,0.0,0.0,0.0,0.22132007823501376,0.0,0.0,0.0,0.0,-0.008700930109377423,-0.008692668436717899,8.261672659524294e-06,3.0,1.0,0.0
Queue-load-0.70,0.7,608,noG,7,7.0,0.0,0.08,0.0,0.0,0.0,0.22160793266422357,0.0,0.0,0.0,0.0,-0.008549488621954914,-0.008540722787147015,8.765834807899012e-06,3.0,1.0,0.0
Queue-load-0.70,0.7,608,noG,8,8.0,0.0,0.08,0.0,0.0,0.0,0.22186214796135206,0.0,0.0,0.0,0.0,-0.008330873731163813,-0.008322411976069422,8.461755094391066e-06,3.0,1.0,0.0
Queue-load-0.70,0.7,608,noG,9,9.0,0.0,0.08,0.0,0.0,0.0,0.22208707635201613,0.0,0.0,0.0,0.0,-0.008048135369350796,-0.008040902973140973,7.232396209823008e-06,3.0,1.0,0.0
Queue-load-0.70,0.7,608,noG,10,10.0,0.0,0.08,0.0,0.0,0.0,0.2222868910306322,0.0,0.0,0.0,0.0,-0.007710604292839996,-0.007705462408420072,5.141884419924622e-06,3.0,1.0,0.0
Queue-load-0.70,0.7,608,noG,11,11.0,0.0,0.08,0.0,0.0,0.0,0.22246549417501973,0.0,0.0,0.0,0.0,-0.007333245140596942,-0.007330801391464803,2.443749132138677e-06,3.0,1.0,0.0
Queue-load-0.70,0.7,608,noG,12,12.0,0.0,0.08,0.0,0.0,0.0,0.2226264392732305,0.0,0.0,0.0,0.0,-0.006934817091185744,-0.006935271678990329,-4.5458780458494663e-07,3.0,1.0,0.0
Queue-load-0.70,0.7,608,noG,13,13.0,0.0,0.08,0.0,0.0,0.0,0.22277286950648587,0.0,0.0,0.0,0.0,-0.006535022619059818,-0.00653803636432837,-3.0137452685522273e-06,3.0,1.0,0.0
Queue-load-0.70,0.7,608,noG,14,14.0,0.0,0.08,0.0,0.0,0.0,0.22290747318606605,0.0,0.0,0.0,0.0,-0.006150964211462354,-0.006155785845167294,-4.821633704940424e-06,3.0,1.0,0.0
Queue-load-0.70,0.7,608,noG,15,15.0,0.0,0.08,0.0,0.0,0.0,0.2230324565359197,0.0,0.0,0.0,0.0,-0.005794798328302677,-0.005800640113405642,-5.841785102964764e-06,3.0,1.0,0.0
Queue-load-0.70,0.7,608,noG,16,16.0,0.0,0.08,0.0,0.0,0.0,0.22314953347858235,0.0,0.0,0.0,0.0,-0.005473868932008605,-0.005480162164111402,-6.2932321027971486e-06,3.0,1.0,0.0
Queue-load-0.70,0.7,608,noG,17,17.0,0.0,0.08,0.0,0.0,0.0,0.22325993154008508,0.0,0.0,0.0,0.0,-0.005192156551949958,-0.005198546527846126,-6.389975896168437e-06,3.0,1.0,0.0
Queue-load-0.70,0.7,608,noG,18,18.0,0.0,0.08,0.0,0.0,0.0,0.2233644125496441,0.0,0.0,0.0,0.0,-0.00495145487641994,-0.004957715512301508,-6.260635881568007e-06,3.0,1.0,0.0
Queue-load-0.70,0.7,608,noG,19,19.0,0.0,0.08,0.0,0.0,0.0,0.2234633064724489,0.0,0.0,0.0,0.0,-0.004752024309702365,-0.004758008662745894,-5.984353043528984e-06,3.0,1.0,0.0
Queue-load-0.70,0.7,608,noG,20,20.0,0.0,0.08,0.0,0.0,0.0,0.22355655647230543,0.0,0.0,0.0,0.0,-0.004592992540102751,-0.004598581779736932,-5.5892396341808426e-06,3.0,1.0,0.0
Queue-load-0.70,0.7,608,noG,21,21.0,0.0,0.08,0.0,0.0,0.0,0.22364377314427475,0.0,0.0,0.0,0.0,-0.004472459944109768,-0.004477533814113421,-5.073870003653724e-06,3.0,1.0,0.0
Queue-load-0.70,0.7,608,noG,22,22.0,0.0,0.08,0.0,0.0,0.0,0.223724295772795,0.0,0.0,0.0,0.0,-0.004387507504810786,-0.004391982303407982,-4.474798597196156e-06,3.0,1.0,0.0
Queue-load-0.70,0.7,608,noG,23,23.0,0.0,0.08,0.0,0.0,0.0,0.22379725844528,0.0,0.0,0.0,0.0,-0.004334513409088734,-0.004338379457459407,-3.866048370672857e-06,3.0,1.0,0.0
Queue-load-0.70,0.7,608,noG,24,24.0,0.0,0.08,0.0,0.0,0.0,0.22386165887367704,0.0,0.0,0.0,0.0,-0.004309657874852984,-0.004312956971025184,-3.2990961721995546e-06,3.0,1.0,0.0
Queue-load-0.70,0.7,608,noG,25,25.0,0.0,0.08,0.0,0.0,0.0,0.223916427838383,0.0,0.0,0.0,0.0,-0.004309221251181938,-0.004312005394706553,-2.784143524614535e-06,3.0,1.0,0.0
Queue-load-0.70,0.7,608,PPM-3,1,3.0,0.0,0.01,0.0,,,,,,,,,,,,3.0,0.0
Queue-load-0.70,0.7,608,PPM-3,2,6.0,0.0,0.01,0.0,,,,,,,,,,,,3.0,0.0
Queue-load-0.70,0.7,608,PPM-3,3,9.0,0.0,0.01,0.0,,,,,,,,,,,,3.0,0.0
Queue-load-0.70,0.7,608,PPM-3,4,12.0,0.0,0.01,0.0,,,,,,,,,,,,3.0,0.0
Queue-load-0.70,0.7,608,PPM-3,5,15.0,0.0,0.01,0.0,,,,,,,,,,,,3.0,0.0
Queue-load-0.70,0.7,608,PPM-3,6,18.0,0.0,0.01,0.0,,,,,,,,,,,,3.0,0.0
Queue-load-0.70,0.7,608,PPM-3,7,21.0,0.0,0.01,0.0,,,,,,,,,,,,3.0,0.0
Queue-load-0.70,0.7,608,PPM-3,8,24.0,0.0,0.01,0.0,,,,,,,,,,,,3.0,0.0
Queue-load-0.70,0.7,608,PPM-3,9,27.0,0.0,0.01,0.0,,,,,,,,,,,,3.0,0.0
Queue-load-0.70,0.7,608,PPM-3,10,30.0,0.0,0.01,0.0,,,,,,,,,,,,3.0,0.0
Queue-load-0.70,0.7,608,PPM-3,11,33.0,0.0,0.01,0.0,,,,,,,,,,,,3.0,0.0
Queue-load-0.70,0.7,608,PPM-3,12,36.0,0.0,0.01,0.0,,,,,,,,,,,,3.0,0.0
Queue-load-0.70,0.7,608,PPM-3,13,39.0,0.0,0.01,0.0,,,,,,,,,,,,3.0,0.0
Queue-load-0.70,0.7,608,PPM-3,14,42.0,0.0,0.01,0.0,,,,,,,,,,,,3.0,0.0
Queue-load-0.70,0.7,608,PPM-3,15,45.0,0.0,0.01,0.0,,,,,,,,,,,,3.0,0.0
Queue-load-0.70,0.7,608,PPM-3,16,48.0,0.0,0.01,0.0,,,,,,,,,,,,3.0,0.0
Queue-load-0.70,0.7,608,PPM-3,17,51.0,0.0,0.01,0.0,,,,,,,,,,,,3.0,0.0
Queue-load-0.70,0.7,608,PPM-3,18,54.0,0.0,0.01,0.0,,,,,,,,,,,,3.0,0.0
Queue-load-0.70,0.7,608,PPM-3,19,57.0,0.0,0.01,0.0,,,,,,,,,,,,3.0,0.0
Queue-load-0.70,0.7,608,PPM-3,20,60.0,0.0,0.01,0.0,,,,,,,,,,,,3.0,0.0
Queue-load-0.70,0.7,608,PPM-3,21,63.0,0.0,0.01,0.0,,,,,,,,,,,,3.0,0.0
Queue-load-0.70,0.7,608,PPM-3,22,66.0,0.0,0.01,0.0,,,,,,,,,,,,3.0,0.0
Queue-load-0.70,0.7,608,PPM-3,23,69.0,0.0,0.01,0.0,,,,,,,,,,,,3.0,0.0
Queue-load-0.70,0.7,608,PPM-3,24,72.0,0.0,0.01,0.0,,,,,,,,,,,,3.0,0.0
Queue-load-0.70,0.7,608,PPM-3,25,75.0,0.0,0.01,0.0,,,,,,,,,,,,3.0,0.0
Queue-load-0.70,0.7,609,QP+G,1,1.0,1.0,0.08,0.12,0.19210461934263376,-0.1629042282247274,0.2376515690808737,0.04565396421446087,1.0,0.0,0.0,-0.010668424196093058,-0.010704097630580112,-3.567343448705393e-05,5.0,1.0,1.0
Queue-load-0.70,0.7,609,QP+G,2,2.0,2.0,0.08,0.12,0.19183596658016885,-0.1429751898929857,0.2382351535736003,0.045702070959166584,1.0,0.0,0.0,-0.010940099289316083,-0.010968843090443325,-2.8743801127242147e-05,5.0,1.0,1.0
Queue-load-0.70,0.7,609,QP+G,3,3.0,3.0,0.08,0.12,0.19167768878014563,-0.12225903416189013,0.23872576203665688,0.04575840231946542,1.0,0.0,0.0,-0.011194854399277554,-0.011216461586645021,-2.1607187367466904e-05,5.0,1.0,1.0
Queue-load-0.70,0.7,609,QP+G,4,4.0,4.0,0.08,0.12,0.19164739892877086,-0.10091620179358106,0.2391212420818128,0.04582696407359637,1.0,0.0,0.0,-0.011406541728769726,-0.011429368154356467,-2.2826425586741292e-05,5.0,1.0,1.0
Queue-load-0.70,0.7,609,QP+G,5,5.0,5.0,0.08,0.12,0.19175930045641987,-0.0791275562105889,0.2394203239265069,0.04591107383119641,1.0,0.0,0.0,-0.011570158517070935,-0.01159750798597603,-2.7349468905094737e-05,5.0,1.0,1.0
Queue-load-0.70,0.7,609,QP+G,6,6.0,6.0,0.08,0.12,0.1920234346223151,-0.05708882209793442,0.2396226331078871,0.046013161022619355,1.0,0.0,0.0,-0.011687341182014562,-0.011722599385405541,-3.525820339097922e-05,5.0,1.0,1.0
Queue-load-0.70,0.7,609,QP+G,7,7.0,7.0,0.08,0.12,0.192445159653512,-0.03500379005173279,0.23972867891627916,0.04613462388756886,1.0,0.0,0.0,-0.011774250522900749,-0.011819152645841324,-4.4902122940575565e-05,5.0,1.0,1.0
Queue-load-0.70,0.7,609,QP+G,8,8.0,8.0,0.08,0.12,0.1930249031172587,-0.0130768500294921,0.23973981986663784,0.04627575550310682,1.0,0.0,0.0,-0.01185691470572105,-0.011910216124992878,-5.3301419271827716e-05,5.0,1.0,1.0
Queue-load-0.70,0.7,609,QP+G,9,9.0,9.0,0.08,0.12,0.19375820151163956,0.00849448560292998,0.23965820874502575,0.046435743503937275,1.0,0.0,0.0,-0.011962030286937956,-0.012019587642131402,-5.7557355193445583e-05,5.0,1.0,1.0
Queue-load-0.70,0.7,609,QP+G,10,10.0,10.0,0.08,0.12,0.1946360123322423,0.029526413274112186,0.23948672071989874,0.04661274032744647,1.0,0.0,0.0,-0.012108585298994537,-0.012164713651549697,-5.612835255515945e-05,5.0,1.0,1.0
Queue-load-0.70,0.7,609,QP+G,11,11.0,11.0,0.08,0.12,0.19564525838182306,0.0498544729582017,0.23922886862909412,0.046803993815330326,1.0,0.0,0.0,-0.012304260703537712,-0.012353361014774134,-4.910031123642189e-05,5.0,1.0,1.0
Queue-load-0.70,0.7,609,QP+G,12,12.0,12.0,0.08,0.12,0.19676954548030634,0.06933761656014734,0.23888870981989577,0.047006022851637685,1.0,0.0,0.0,-0.012546496583072931,-0.012584122188015634,-3.7625604942703034e-05,5.0,1.0,1.0
Queue-load-0.70,0.7,609,QP+G,13,13.0,13.0,0.08,0.12,0.19798998507320575,0.08786055556992829,0.23847074884955705,0.04721482000512,1.0,0.0,0.0,-0.012825674386441383,-0.012848905083633344,-2.3230697191961233e-05,5.0,1.0,1.0
Queue-load-0.70,0.7,609,QP+G,14,14.0,14.0,0.08,0.12,0.19928605274846317,0.10533444078528274,0.23797983999877786,0.04742606294706727,1.0,0.0,0.0,-0.01312827544005152,-0.013135675136543679,-7.399696492159033e-06,5.0,1.0,1.0
Queue-load-0.70,0.7,609,QP+G,15,15.0,15.0,0.08,0.12,0.20063642095676823,0.12169609147926061,0.2374210929843077,0.04763531835601557,1.0,0.0,0.0,-0.013419174629178729,-0.013430694230664564,-1.1519601485834863e-05,5.0,1.0,1.0
Queue-load-0.70,0.7,609,QP+G,16,16.0,16.0,0.08,0.12,0.20201971685483608,0.13690609481332094,0.23679978456184855,0.047838225428470826,1.0,0.0,0.0,-0.013708829976792136,-0.013720155098817521,-1.1325122025385853e-05,5.0,1.0,1.0
Queue-load-0.70,0.7,609,QP+G,17,17.0,17.0,0.08,0.12,0.2034151713855557,0.1509461363660538,0.23612127796675333,0.04803065022538357,1.0,0.0,0.0,-0.013985479436431303,-0.01399128094899904,-5.801512567737976e-06,5.0,1.0,1.0
Queue-load-0.70,0.7,609,QP+G,18,18.0,18.0,0.08,0.12,0.20480314097173363,0.1638159096254026,0.23539095141644692,0.04820880620641308,1.0,0.0,0.0,-0.014237337395526862,-0.014232976389728424,4.36100579843772e-06,5.0,1.0,1.0
Queue-load-0.70,0.7,609,QP+G,19,19.0,19.0,0.08,0.12,0.2061654966753032,0.17552990296248913,0.2346141362467652,0.0483693399263616,1.0,0.0,0.0,-0.01445448000408337,-0.01443615499486084,1.8325009222530317e-05,5.0,1.0,1.0
Queue-load-0.70,0.7,609,QP+G,20,20.0,20.0,0.08,0.12,0.2074858862814969,0.1861142946873347,0.23379606470772843,0.04850938369500923,1.0,0.0,0.0,-0.01462905768496906,-0.014593908978505432,3.514870646362765e-05,5.0,1.0,1.0
Queue-load-0.70,0.7,609,QP+G,21,21.0,21.0,0.08,0.12,0.20874988213973716,0.195604115118909,0.23294182701802854,0.0486265789354285,1.0,0.0,0.0,-0.014755440331264535,-0.01470167682746748,5.3763503797054496e-05,5.0,1.0,1.0
Queue-load-0.70,0.7,609,QP+G,22,22.0,22.0,0.08,0.12,0.20994503189760053,0.20404076940826046,0.23205633697266445,0.048719075067766376,1.0,0.0,0.0,-0.014830423514681862,-0.014757495145608424,7.292836907343836e-05,5.0,1.0,1.0
Queue-load-0.70,0.7,609,QP+G,23,23.0,23.0,0.08,0.12,0.21106083099665515,0.21146996167894702,0.23114430520483603,0.048785509136677174,1.0,0.0,0.0,-0.014846849562858509,-0.014762297949385328,8.455161347318066e-05,5.0,1.0,1.0
Queue-load-0.70,0.7,609,QP+G,24,24.0,24.0,0.08,0.12,0.2120886355955914,0.21794002166587711,0.230210219105015,0.048824971270144776,1.0,0.0,0.0,-0.014806761217704753,-0.01472006291930894,8.66982983958129e-05,5.0,1.0,1.0
Queue-load-0.70,0.7,609,QP+G,25,25.0,25.0,0.08,0.12,0.2130215330868025,0.22350060868578991,0.2292583283777462,0.04883696058394509,1.0,0.0,0.0,-0.01472474007826339,-0.01463747640584101,8.726367242238055e-05,5.0,1.0,1.0
Queue-load-0.70,0.7,609,noG,1,1.0,0.0,0.08,0.0,0.0,0.0,0.2376515690808737,0.0,0.0,0.0,0.0,-0.00877395179367939,-0.008783739255860734,-9.787462181344228e-06,3.0,1.0,0.0
Queue-load-0.70,0.7,609,noG,2,2.0,0.0,0.08,0.0,0.0,0.0,0.2382126120735282,0.0,0.0,0.0,0.0,-0.008893334994679857,-0.008893670329067405,-3.353343875477782e-07,3.0,1.0,0.0
Queue-load-0.70,0.7,609,noG,3,3.0,0.0,0.08,0.0,0.0,0.0,0.23870553913742334,0.0,0.0,0.0,0.0,-0.008981708855167407,-0.008973325238085472,8.383617081934858e-06,3.0,1.0,0.0
Queue-load-0.70,0.7,609,noG,4,4.0,0.0,0.08,0.0,0.0,0.0,0.23912783840220475,0.0,0.0,0.0,0.0,-0.009014500407974343,-0.009003489503708106,1.1010904266237076e-05,3.0,1.0,0.0
Queue-load-0.70,0.7,609,noG,5,5.0,0.0,0.08,0.0,0.0,0.0,0.23947731870062033,0.0,0.0,0.0,0.0,-0.008983809665839991,-0.008972087464780731,1.1722201059259987e-05,3.0,1.0,0.0
Queue-load-0.70,0.7,609,noG,6,6.0,0.0,0.08,0.0,0.0,0.0,0.2397521471821399,0.0,0.0,0.0,0.0,-0.008890210364140592,-0.008880596607957258,9.613756183333294e-06,3.0,1.0,0.0
Queue-load-0.70,0.7,609,noG,7,7.0,0.0,0.08,0.0,0.0,0.0,0.23995088457761113,0.0,0.0,0.0,0.0,-0.008752624029418283,-0.008747821878427153,4.802150991129253e-06,3.0,1.0,0.0
Queue-load-0.70,0.7,609,noG,8,8.0,0.0,0.08,0.0,0.0,0.0,0.24007251705888596,0.0,0.0,0.0,0.0,-0.00860549129221856,-0.00860680908189515,-1.3177896765904223e-06,3.0,1.0,0.0
Queue-load-0.70,0.7,609,noG,9,9.0,0.0,0.08,0.0,0.0,0.0,0.24011648363748558,0.0,0.0,0.0,0.0,-0.008488285171922941,-0.008495149218595177,-6.864046672236043e-06,3.0,1.0,0.0
Queue-load-0.70,0.7,609,noG,10,10.0,0.0,0.08,0.0,0.0,0.0,0.24008269809189653,0.0,0.0,0.0,0.0,-0.00843361275812773,-0.008444186499287465,-1.0573741159734112e-05,3.0,1.0,0.0
Queue-load-0.70,0.7,609,noG,11,11.0,0.0,0.08,0.0,0.0,0.0,0.2399715645066138,0.0,0.0,0.0,0.0,-0.008460581726489459,-0.008472757580185508,-1.2175853696049302e-05,3.0,1.0,0.0
Queue-load-0.70,0.7,609,noG,12,12.0,0.0,0.08,0.0,0.0,0.0,0.23978398564761938,0.0,0.0,0.0,0.0,-0.00857449140503736,-0.008586495651729198,-1.2004246691838319e-05,3.0,1.0,0.0
Queue-load-0.70,0.7,609,noG,13,13.0,0.0,0.08,0.0,0.0,0.0,0.2395213635852961,0.0,0.0,0.0,0.0,-0.008755225165160406,-0.008780255184408059,-2.503001924765262e-05,3.0,1.0,0.0
Queue-load-0.70,0.7,609,noG,14,14.0,0.0,0.08,0.0,0.0,0.0,0.2391855922002927,0.0,0.0,0.0,0.0,-0.008987786718188938,-0.009041397399097484,-5.3610680908545635e-05,3.0,1.0,0.0
Queue-load-0.70,0.7,609,noG,15,15.0,0.0,0.08,0.0,0.0,0.0,0.2387790414610615,0.0,0.0,0.0,0.0,-0.009279171041786,-0.009353042055312955,-7.387101352695526e-05,3.0,1.0,0.0
Queue-load-0.70,0.7,609,noG,16,16.0,0.0,0.08,0.0,0.0,0.0,0.23830453363144796,0.0,0.0,0.0,0.0,-0.00961137087776332,-0.009696915237192627,-8.55443594293074e-05,3.0,1.0,0.0
Queue-load-0.70,0.7,609,noG,17,17.0,0.0,0.08,0.0,0.0,0.0,0.2377653118390621,0.0,0.0,0.0,0.0,-0.0099662183016257,-0.010055473740075538,-8.925543844983709e-05,3.0,1.0,0.0
Queue-load-0.70,0.7,609,noG,18,18.0,0.0,0.08,0.0,0.0,0.0,0.23716500169543428,0.0,0.0,0.0,0.0,-0.01032706959213489,-0.010413176150540604,-8.610655840571475e-05,3.0,1.0,0.0
Queue-load-0.70,0.7,609,noG,19,19.0,0.0,0.08,0.0,0.0,0.0,0.2365075668929903,0.0,0.0,0.0,0.0,-0.010679667649868356,-0.010757030098334841,-7.736244846648539e-05,3.0,1.0,0.0
Queue-load-0.70,0.7,609,noG,20,20.0,0.0,0.08,0.0,0.0,0.0,0.23579725989874573,0.0,0.0,0.0,0.0,-0.011012406387936035,-0.011076678840310272,-6.427245237423766e-05,3.0,1.0,0.0
Queue-load-0.70,0.7,609,noG,21,21.0,0.0,0.08,0.0,0.0,0.0,0.2350385690101612,0.0,0.0,0.0,0.0,-0.011316273463664305,-0.011364280629221124,-4.8007165556819206e-05,3.0,1.0,0.0
Queue-load-0.70,0.7,609,noG,22,22.0,0.0,0.08,0.0,0.0,0.0,0.23423616312769394,0.0,0.0,0.0,0.0,-0.011584688230567656,-0.011614349433669346,-2.966120310169025e-05,3.0,1.0,0.0
Queue-load-0.70,0.7,609,noG,23,23.0,0.0,0.08,0.0,0.0,0.0,0.2333948356281242,0.0,0.0,0.0,0.0,-0.011813351458867976,-0.011823624342015115,-1.0272883147139159e-05,3.0,1.0,0.0
Queue-load-0.70,0.7,609,noG,24,24.0,0.0,0.08,0.0,0.0,0.0,0.23251944869334523,0.0,0.0,0.0,0.0,-0.011995977037856993,-0.011990951606736466,5.025431120526946e-06,3.0,1.0,0.0
Queue-load-0.70,0.7,609,noG,25,25.0,0.0,0.08,0.0,0.0,0.0,0.23161487936546676,0.0,0.0,0.0,0.0,-0.012121807305891767,-0.012117116303931752,4.6910019600148595e-06,3.0,1.0,0.0
Queue-load-0.70,0.7,609,PPM-3,1,3.0,0.0,0.01,0.0,,,,,,,,,,,,3.0,0.0
Queue-load-0.70,0.7,609,PPM-3,2,6.0,0.0,0.01,0.0,,,,,,,,,,,,3.0,0.0
Queue-load-0.70,0.7,609,PPM-3,3,9.0,0.0,0.01,0.0,,,,,,,,,,,,3.0,0.0
Queue-load-0.70,0.7,609,PPM-3,4,12.0,0.0,0.01,0.0,,,,,,,,,,,,3.0,0.0
Queue-load-0.70,0.7,609,PPM-3,5,15.0,0.0,0.01,0.0,,,,,,,,,,,,3.0,0.0
Queue-load-0.70,0.7,609,PPM-3,6,18.0,0.0,0.01,0.0,,,,,,,,,,,,3.0,0.0
Queue-load-0.70,0.7,609,PPM-3,7,21.0,0.0,0.01,0.0,,,,,,,,,,,,3.0,0.0
Queue-load-0.70,0.7,609,PPM-3,8,24.0,0.0,0.01,0.0,,,,,,,,,,,,3.0,0.0
Queue-load-0.70,0.7,609,PPM-3,9,27.0,0.0,0.01,0.0,,,,,,,,,,,,3.0,0.0
Queue-load-0.70,0.7,609,PPM-3,10,30.0,0.0,0.01,0.0,,,,,,,,,,,,3.0,0.0
Queue-load-0.70,0.7,609,PPM-3,11,33.0,0.0,0.01,0.0,,,,,,,,,,,,3.0,0.0
Queue-load-0.70,0.7,609,PPM-3,12,36.0,0.0,0.01,0.0,,,,,,,,,,,,3.0,0.0
Queue-load-0.70,0.7,609,PPM-3,13,39.0,0.0,0.01,0.0,,,,,,,,,,,,3.0,0.0
Queue-load-0.70,0.7,609,PPM-3,14,42.0,0.0,0.01,0.0,,,,,,,,,,,,3.0,0.0
Queue-load-0.70,0.7,609,PPM-3,15,45.0,0.0,0.01,0.0,,,,,,,,,,,,3.0,0.0
Queue-load-0.70,0.7,609,PPM-3,16,48.0,0.0,0.01,0.0,,,,,,,,,,,,3.0,0.0
Queue-load-0.70,0.7,609,PPM-3,17,51.0,0.0,0.01,0.0,,,,,,,,,,,,3.0,0.0
Queue-load-0.70,0.7,609,PPM-3,18,54.0,0.0,0.01,0.0,,,,,,,,,,,,3.0,0.0
Queue-load-0.70,0.7,609,PPM-3,19,57.0,0.0,0.01,0.0,,,,,,,,,,,,3.0,0.0
Queue-load-0.70,0.7,609,PPM-3,20,60.0,0.0,0.01,0.0,,,,,,,,,,,,3.0,0.0
Queue-load-0.70,0.7,609,PPM-3,21,63.0,0.0,0.01,0.0,,,,,,,,,,,,3.0,0.0
Queue-load-0.70,0.7,609,PPM-3,22,66.0,0.0,0.01,0.0,,,,,,,,,,,,3.0,0.0
Queue-load-0.70,0.7,609,PPM-3,23,69.0,0.0,0.01,0.0,,,,,,,,,,,,3.0,0.0
Queue-load-0.70,0.7,609,PPM-3,24,72.0,0.0,0.01,0.0,,,,,,,,,,,,3.0,0.0
Queue-load-0.70,0.7,609,PPM-3,25,75.0,0.0,0.01,0.0,,,,,,,,,,,,3.0,0.0
Queue-load-0.70,0.7,610,QP+G,1,1.0,1.0,0.08,0.0,0.19419875497356212,-0.17658799141215967,0.2479361319845047,0.04814888814435159,0.0,0.0,0.0,-0.009849616334102073,-0.009855065621635628,-5.4492875335553775e-06,5.0,1.0,1.0
Queue-load-0.70,0.7,610,QP+G,2,2.0,2.0,0.08,0.0,0.19376831204401213,-0.16464846967836338,0.24858603009533736,0.04816809544929552,0.0,0.0,0.0,-0.009718715673859476,-0.009722793591190104,-4.077917330628025e-06,5.0,1.0,1.0
Queue-load-0.70,0.7,610,QP+G,3,3.0,3.0,0.08,0.0,0.19326851900659014,-0.15260828665597706,0.2491898846307753,0.048160559954013,0.0,0.0,0.0,-0.009596601980429319,-0.009599149418113129,-2.5474376838096474e-06,5.0,1.0,1.0
Queue-load-0.70,0.7,610,QP+G,4,4.0,4.0,0.08,0.0,0.19269814605449254,-0.14041287122399287,0.2497469210670625,0.04812576867244063,0.0,0.0,0.0,-0.009476733706579803,-0.009478105047127983,-1.3713405481799446e-06,5.0,1.0,1.0
Queue-load-0.70,0.7,610,QP+G,5,5.0,5.0,0.08,0.0,0.1920585620517328,-0.12800512897142732,0.2502562253656361,0.04806385078821845,0.0,0.0,0.0,-0.009355206595106974,-0.009356093012258704,-8.86417151730115e-07,5.0,1.0,1.0
Queue-load-0.70,0.7,610,QP+G,6,6.0,6.0,0.08,0.0,0.1913535382913457,-0.11532778067772494,0.250716747728703,0.047975536786786024,0.0,0.0,0.0,-0.009232565608917238,-0.009233684309397194,-1.1187004799566302e-06,5.0,1.0,1.0
Queue-load-0.70,0.7,610,QP+G,7,7.0,7.0,0.08,0.0,0.19058900142776794,-0.10232557261279021,0.2511273128627797,0.04786210378975584,0.0,0.0,0.0,-0.009113617029697312,-0.009115458126580211,-1.8410968828999619e-06,5.0,1.0,1.0
Queue-load-0.70,0.7,610,QP+G,8,8.0,8.0,0.08,0.0,0.18977274796094049,-0.08894733035808712,0.25148663608753874,0.04772531000578525,0.0,0.0,0.0,-0.009005790335031941,-0.009008550111593294,-2.759776561353164e-06,5.0,1.0,1.0
Queue-load-0.70,0.7,610,QP+G,9,9.0,9.0,0.08,0.0,0.18891413133095375,-0.07514783271229666,0.2517933444917452,0.047567320949573624,0.0,0.0,0.0,-0.008912841829618311,-0.008920930744728217,-8.0889151099061e-06,5.0,1.0,1.0
Queue-load-0.70,0.7,610,QP+G,10,10.0,10.0,0.08,0.0,0.18802373145176757,-0.060889483536450156,0.2520460022425595,0.04739062983914662,0.0,0.0,0.0,-0.008838022590199508,-0.008860144881857046,-2.2122291657537818e-05,5.0,1.0,1.0
Queue-load-0.70,0.7,610,QP+G,11,11.0,11.0,0.08,0.0,0.1871130154910703,-0.04614375837969693,0.2522431390972712,0.0471979743934239,0.0,0.0,0.0,-0.008794005344314262,-0.00883267899191642,-3.8673647602158884e-05,5.0,1.0,1.0
Queue-load-0.70,0.7,610,QP+G,12,12.0,12.0,0.08,0.0,0.18619399793140884,-0.0308924008164369,0.25238328114497555,0.04699225212742975,0.0,0.0,0.0,-0.008786602086747277,-0.008843786516918417,-5.718443017114008e-05,5.0,1.0,1.0
Queue-load-0.70,0.7,610,QP+G,13,13.0,13.0,0.08,0.0,0.18527890739862252,-0.015128342039492933,0.2524649828163133,0.046776436172618535,0.0,0.0,0.0,-0.008820374958664137,-0.008897449784133205,-7.707482546906799e-05,5.0,1.0,1.0
Queue-load-0.70,0.7,610,QP+G,14,14.0,14.0,0.08,0.0,0.18437986734007467,0.0011436823106411908,0.2524868592384543,0.04655349361149831,0.0,0.0,0.0,-0.008898558546445803,-0.008996200861171921,-9.764231472611865e-05,5.0,1.0,1.0
Queue-load-0.70,0.7,610,QP+G,15,15.0,15.0,0.08,0.0,0.18350859726869784,0.017906840811006765,0.25244761807570765,0.04632630827689708,0.0,0.0,0.0,-0.009022774260018598,-0.009140764895376297,-0.00011799063535769885,5.0,1.0,1.0
Queue-load-0.70,0.7,610,QP+G,16,16.0,16.0,0.08,0.0,0.18267614084049433,0.03513225638072994,0.25234609007927,0.0460976098918688,0.0,0.0,0.0,-0.0091926387700424,-0.009329716437045832,-0.00013707766700343273,5.0,1.0,1.0
Queue-load-0.70,0.7,610,QP+G,17,17.0,17.0,0.08,0.0,0.18189262639493245,0.05277940349919495,0.25218125766801697,0.045869911284812805,0.0,0.0,0.0,-0.009405515364493676,-0.009559401646891175,-0.0001538862823974984,5.0,1.0,1.0
Queue-load-0.70,0.7,610,QP+G,18,18.0,18.0,0.08,0.0,0.18116706468179414,0.07079684476749237,0.25195228097130357,0.045645455183453726,0.0,0.0,0.0,-0.009656649105798375,-0.009824323855296413,-0.0001676747494980379,5.0,1.0,1.0
Queue-load-0.70,0.7,610,QP+G,19,19.0,19.0,0.08,0.0,0.18050718729248882,0.0891232837238048,0.25165852087971846,0.04542617176218605,0.0,0.0,0.0,-0.009939812349380172,-0.010117978449376341,-0.00017816609999616977,5.0,1.0,1.0
Queue-load-0.70,0.7,610,QP+G,20,20.0,20.0,0.08,0.0,0.17991932783108996,0.10768889508959453,0.2512995587660555,0.04521364769743819,0.0,0.0,0.0,-0.010248263286552933,-0.010433743180896293,-0.00018547989434336033,5.0,1.0,1.0
Queue-load-0.70,0.7,610,QP+G,21,21.0,21.0,0.08,0.0,0.17940834617803458,0.12641687929766485,0.25087521265191004,0.045009106998941915,0.0,0.0,0.0,-0.010575467259908882,-0.010765301755754741,-0.000189834495845859,5.0,1.0,1.0
Queue-load-0.70,0.7,610,QP+G,22,22.0,22.0,0.08,0.0,0.17897759444150008,0.145225176982449,0.25038554970136867,0.04481340336846362,0.0,0.0,0.0,-0.010915216414608951,-0.011106574628941157,-0.0001913582143322056,5.0,1.0,1.0
Queue-load-0.70,0.7,610,QP+G,23,23.0,23.0,0.08,0.0,0.17862892151108256,0.16402827248571136,0.2498308950187009,0.044627023337339033,0.0,0.0,0.0,-0.011261481998189963,-0.01145169780950539,-0.00019021581131542682,5.0,1.0,1.0
Queue-load-0.70,0.7,610,QP+G,24,24.0,24.0,0.08,0.0,0.1783627116846307,0.18273901412310734,0.2492118368092129,0.04445009899719888,0.0,0.0,0.0,-0.011608589593768875,-0.011795400547258694,-0.00018681095348981915,5.0,1.0,1.0
Queue-load-0.70,0.7,610,QP+G,25,25.0,25.0,0.08,0.0,0.17817795177203877,0.201270382996206,0.24852922802975258,0.04428242880582728,0.0,0.0,0.0,-0.011951732970302912,-0.012133471076340108,-0.00018173810603719538,5.0,1.0,1.0
Queue-load-0.70,0.7,610,noG,1,1.0,0.0,0.08,0.0,0.0,0.0,0.2479361319845047,0.0,0.0,0.0,0.0,-0.009849616334102073,-0.009855065621635628,-5.4492875335553775e-06,3.0,1.0,0.0
Queue-load-0.70,0.7,610,noG,2,2.0,0.0,0.08,0.0,0.0,0.0,0.24858603009533736,0.0,0.0,0.0,0.0,-0.009718715673859476,-0.009722793591190104,-4.077917330628025e-06,3.0,1.0,0.0
Queue-load-0.70,0.7,610,noG,3,3.0,0.0,0.08,0.0,0.0,0.0,0.2491898846307753,0.0,0.0,0.0,0.0,-0.009596601980429319,-0.009599149418113129,-2.5474376838096474e-06,3.0,1.0,0.0
Queue-load-0.70,0.7,610,noG,4,4.0,0.0,0.08,0.0,0.0,0.0,0.2497469210670625,0.0,0.0,0.0,0.0,-0.009476733706579803,-0.009478105047127983,-1.3713405481799446e-06,3.0,1.0,0.0
Queue-load-0.70,0.7,610,noG,5,5.0,0.0,0.08,0.0,0.0,0.0,0.2502562253656361,0.0,0.0,0.0,0.0,-0.009355206595106974,-0.009356093012258704,-8.86417151730115e-07,3.0,1.0,0.0
Queue-load-0.70,0.7,610,noG,6,6.0,0.0,0.08,0.0,0.0,0.0,0.250716747728703,0.0,0.0,0.0,0.0,-0.009232565608917238,-0.009233684309397194,-1.1187004799566302e-06,3.0,1.0,0.0
Queue-load-0.70,0.7,610,noG,7,7.0,0.0,0.08,0.0,0.0,0.0,0.2511273128627797,0.0,0.0,0.0,0.0,-0.009113617029697312,-0.009115458126580211,-1.8410968828999619e-06,3.0,1.0,0.0
Queue-load-0.70,0.7,610,noG,8,8.0,0.0,0.08,0.0,0.0,0.0,0.25148663608753874,0.0,0.0,0.0,0.0,-0.009005790335031941,-0.009008550111593294,-2.759776561353164e-06,3.0,1.0,0.0
Queue-load-0.70,0.7,610,noG,9,9.0,0.0,0.08,0.0,0.0,0.0,0.2517933444917452,0.0,0.0,0.0,0.0,-0.008912841829618311,-0.008920930744728217,-8.0889151099061e-06,3.0,1.0,0.0
Queue-load-0.70,0.7,610,noG,10,10.0,0.0,0.08,0.0,0.0,0.0,0.2520460022425595,0.0,0.0,0.0,0.0,-0.008838022590199508,-0.008860144881857046,-2.2122291657537818e-05,3.0,1.0,0.0
Queue-load-0.70,0.7,610,noG,11,11.0,0.0,0.08,0.0,0.0,0.0,0.2522431390972712,0.0,0.0,0.0,0.0,-0.008794005344314262,-0.00883267899191642,-3.8673647602158884e-05,3.0,1.0,0.0
Queue-load-0.70,0.7,610,noG,12,12.0,0.0,0.08,0.0,0.0,0.0,0.25238328114497555,0.0,0.0,0.0,0.0,-0.008786602086747277,-0.008843786516918417,-5.718443017114008e-05,3.0,1.0,0.0
Queue-load-0.70,0.7,610,noG,13,13.0,0.0,0.08,0.0,0.0,0.0,0.2524649828163133,0.0,0.0,0.0,0.0,-0.008820374958664137,-0.008897449784133205,-7.707482546906799e-05,3.0,1.0,0.0
Queue-load-0.70,0.7,610,noG,14,14.0,0.0,0.08,0.0,0.0,0.0,0.2524868592384543,0.0,0.0,0.0,0.0,-0.008898558546445803,-0.008996200861171921,-9.764231472611865e-05,3.0,1.0,0.0
Queue-load-0.70,0.7,610,noG,15,15.0,0.0,0.08,0.0,0.0,0.0,0.25244761807570765,0.0,0.0,0.0,0.0,-0.009022774260018598,-0.009140764895376297,-0.00011799063535769885,3.0,1.0,0.0
Queue-load-0.70,0.7,610,noG,16,16.0,0.0,0.08,0.0,0.0,0.0,0.25234609007927,0.0,0.0,0.0,0.0,-0.0091926387700424,-0.009329716437045832,-0.00013707766700343273,3.0,1.0,0.0
Queue-load-0.70,0.7,610,noG,17,17.0,0.0,0.08,0.0,0.0,0.0,0.25218125766801697,0.0,0.0,0.0,0.0,-0.009405515364493676,-0.009559401646891175,-0.0001538862823974984,3.0,1.0,0.0
Queue-load-0.70,0.7,610,noG,18,18.0,0.0,0.08,0.0,0.0,0.0,0.25195228097130357,0.0,0.0,0.0,0.0,-0.009656649105798375,-0.009824323855296413,-0.0001676747494980379,3.0,1.0,0.0
Queue-load-0.70,0.7,610,noG,19,19.0,0.0,0.08,0.0,0.0,0.0,0.25165852087971846,0.0,0.0,0.0,0.0,-0.009939812349380172,-0.010117978449376341,-0.00017816609999616977,3.0,1.0,0.0
Queue-load-0.70,0.7,610,noG,20,20.0,0.0,0.08,0.0,0.0,0.0,0.2512995587660555,0.0,0.0,0.0,0.0,-0.010248263286552933,-0.010433743180896293,-0.00018547989434336033,3.0,1.0,0.0
Queue-load-0.70,0.7,610,noG,21,21.0,0.0,0.08,0.0,0.0,0.0,0.25087521265191004,0.0,0.0,0.0,0.0,-0.010575467259908882,-0.010765301755754741,-0.000189834495845859,3.0,1.0,0.0
Queue-load-0.70,0.7,610,noG,22,22.0,0.0,0.08,0.0,0.0,0.0,0.25038554970136867,0.0,0.0,0.0,0.0,-0.010915216414608951,-0.011106574628941157,-0.0001913582143322056,3.0,1.0,0.0
Queue-load-0.70,0.7,610,noG,23,23.0,0.0,0.08,0.0,0.0,0.0,0.2498308950187009,0.0,0.0,0.0,0.0,-0.011261481998189963,-0.01145169780950539,-0.00019021581131542682,3.0,1.0,0.0
Queue-load-0.70,0.7,610,noG,24,24.0,0.0,0.08,0.0,0.0,0.0,0.2492118368092129,0.0,0.0,0.0,0.0,-0.011608589593768875,-0.011795400547258694,-0.00018681095348981915,3.0,1.0,0.0
Queue-load-0.70,0.7,610,noG,25,25.0,0.0,0.08,0.0,0.0,0.0,0.24852922802975258,0.0,0.0,0.0,0.0,-0.011951732970302912,-0.012133471076340108,-0.00018173810603719538,3.0,1.0,0.0
Queue-load-0.70,0.7,610,PPM-3,1,3.0,0.0,0.01,0.0,,,,,,,,,,,,3.0,0.0
Queue-load-0.70,0.7,610,PPM-3,2,6.0,0.0,0.01,0.0,,,,,,,,,,,,3.0,0.0
Queue-load-0.70,0.7,610,PPM-3,3,9.0,0.0,0.01,0.0,,,,,,,,,,,,3.0,0.0
Queue-load-0.70,0.7,610,PPM-3,4,12.0,0.0,0.01,0.0,,,,,,,,,,,,3.0,0.0
Queue-load-0.70,0.7,610,PPM-3,5,15.0,0.0,0.01,0.0,,,,,,,,,,,,3.0,0.0
Queue-load-0.70,0.7,610,PPM-3,6,18.0,0.0,0.01,0.0,,,,,,,,,,,,3.0,0.0
Queue-load-0.70,0.7,610,PPM-3,7,21.0,0.0,0.01,0.0,,,,,,,,,,,,3.0,0.0
Queue-load-0.70,0.7,610,PPM-3,8,24.0,0.0,0.01,0.0,,,,,,,,,,,,3.0,0.0
Queue-load-0.70,0.7,610,PPM-3,9,27.0,0.0,0.01,0.0,,,,,,,,,,,,3.0,0.0
Queue-load-0.70,0.7,610,PPM-3,10,30.0,0.0,0.01,0.0,,,,,,,,,,,,3.0,0.0
Queue-load-0.70,0.7,610,PPM-3,11,33.0,0.0,0.01,0.0,,,,,,,,,,,,3.0,0.0
Queue-load-0.70,0.7,610,PPM-3,12,36.0,0.0,0.01,0.0,,,,,,,,,,,,3.0,0.0
Queue-load-0.70,0.7,610,PPM-3,13,39.0,0.0,0.01,0.0,,,,,,,,,,,,3.0,0.0
Queue-load-0.70,0.7,610,PPM-3,14,42.0,0.0,0.01,0.0,,,,,,,,,,,,3.0,0.0
Queue-load-0.70,0.7,610,PPM-3,15,45.0,0.0,0.01,0.0,,,,,,,,,,,,3.0,0.0
Queue-load-0.70,0.7,610,PPM-3,16,48.0,0.0,0.01,0.0,,,,,,,,,,,,3.0,0.0
Queue-load-0.70,0.7,610,PPM-3,17,51.0,0.0,0.01,0.0,,,,,,,,,,,,3.0,0.0
Queue-load-0.70,0.7,610,PPM-3,18,54.0,0.0,0.01,0.0,,,,,,,,,,,,3.0,0.0
Queue-load-0.70,0.7,610,PPM-3,19,57.0,0.0,0.01,0.0,,,,,,,,,,,,3.0,0.0
Queue-load-0.70,0.7,610,PPM-3,20,60.0,0.0,0.01,0.0,,,,,,,,,,,,3.0,0.0
Queue-load-0.70,0.7,610,PPM-3,21,63.0,0.0,0.01,0.0,,,,,,,,,,,,3.0,0.0
Queue-load-0.70,0.7,610,PPM-3,22,66.0,0.0,0.01,0.0,,,,,,,,,,,,3.0,0.0
Queue-load-0.70,0.7,610,PPM-3,23,69.0,0.0,0.01,0.0,,,,,,,,,,,,3.0,0.0
Queue-load-0.70,0.7,610,PPM-3,24,72.0,0.0,0.01,0.0,,,,,,,,,,,,3.0,0.0
Queue-load-0.70,0.7,610,PPM-3,25,75.0,0.0,0.01,0.0,,,,,,,,,,,,3.0,0.0
Queue-load-0.70,0.7,611,QP+G,1,1.0,1.0,0.08,0.12,0.2129585720690074,0.06749936896694733,0.2266993953368509,0.04827757951984316,1.0,0.0,0.0,-0.015826596935469627,-0.015866915648605318,-4.031871313569038e-05,5.0,1.0,1.0
Queue-load-0.70,0.7,611,QP+G,2,2.0,2.0,0.08,0.12,0.21317332796860955,0.0726073220441637,0.22633596669719658,0.04824879125983377,1.0,0.0,0.0,-0.015636419823174586,-0.015677658169807707,-4.123834663312051e-05,5.0,1.0,1.0
Queue-load-0.70,0.7,611,QP+G,3,3.0,3.0,0.08,0.12,0.21331511642228845,0.07744198138578004,0.2259504493850877,0.04819864641624838,1.0,0.0,0.0,-0.01544629801935044,-0.015489824826123488,-4.3526806773048e-05,5.0,1.0,1.0
Queue-load-0.70,0.7,611,QP+G,4,4.0,4.0,0.08,0.12,0.21337838760139322,0.08204938023031266,0.2255436839596555,0.0481261476169895,1.0,0.0,0.0,-0.01526857384822721,-0.015314502473258607,-4.5928625031397066e-05,5.0,1.0,1.0
Queue-load-0.70,0.7,611,QP+G,5,5.0,5.0,0.08,0.12,0.21335900969252686,0.08647848910548649,0.22511633415582963,0.04803059812109977,1.0,0.0,0.0,-0.01511390543502258,-0.015161595871546751,-4.7690436524170515e-05,5.0,1.0,1.0
Queue-load-0.70,0.7,611,QP+G,6,6.0,6.0,0.08,0.12,0.21325427664858032,0.09078044150815635,0.2246688786341063,0.047911599198564025,1.0,0.0,0.0,-0.014989483039354079,-0.015038077492622204,-4.8594453268125185e-05,5.0,1.0,1.0
Queue-load-0.70,0.7,611,QP+G,7,7.0,7.0,0.08,0.12,0.21306290502332306,0.09500773107746176,0.2242016066476201,0.04776904562323832,1.0,0.0,0.0,-0.014898661106836136,-0.014947450966374287,-4.8789859538151195e-05,5.0,1.0,1.0
Queue-load-0.70,0.7,611,QP+G,8,8.0,8.0,0.08,0.12,0.21278501867837357,0.09921337715585735,0.2237146180587835,0.04760311918226346,1.0,0.0,0.0,-0.014841579829504108,-0.014890146438476748,-4.856660897263956e-05,5.0,1.0,1.0
Queue-load-0.70,0.7,611,QP+G,9,9.0,9.0,0.08,0.12,0.2124221199978476,0.10345006008897795,0.22320782800424271,0.04741428002477618,1.0,0.0,0.0,-0.014816163624672744,-0.014864351289073596,-4.8187664400851926e-05,5.0,1.0,1.0
Queue-load-0.70,0.7,611,QP+G,10,10.0,10.0,0.08,0.12,0.2119770462366392,0.10776923187900107,0.22268097634460535,0.04720325561862037,1.0,0.0,0.0,-0.014819039941905419,-0.014866854498269078,-4.781455636365846e-05,5.0,1.0,1.0
Queue-load-0.70,0.7,611,QP+G,11,11.0,11.0,0.08,0.12,0.21145390971698164,0.112220211817233,0.2221336418549853,0.046971027049908395,1.0,0.0,0.0,-0.014846182187319512,-0.014893686152108288,-4.7503964788775735e-05,5.0,1.0,1.0
Queue-load-0.70,0.7,611,QP+G,12,12.0,12.0,0.08,0.12,0.21085802075595347,0.11684928046107024,0.22156526092483328,0.04671881238688674,1.0,0.0,0.0,-0.014893275382038067,-0.014940513509198894,-4.72381271608268e-05,5.0,1.0,1.0
Queue-load-0.70,0.7,611,QP+G,13,13.0,13.0,0.08,0.12,0.2101957924604357,0.12169878876465788,0.2209751503513628,0.04644804684216863,1.0,0.0,0.0,-0.014955889544257124,-0.015002850846002058,-4.696130174493447e-05,5.0,1.0,1.0
Queue-load-0.70,0.7,611,QP+G,14,14.0,14.0,0.08,0.12,0.20947462688813695,0.12680630225853587,0.22036253364008343,0.046160359514381,1.0,0.0,0.0,-0.015029553438866496,-0.015076162079302069,-4.6608640435572696e-05,5.0,1.0,1.0
Queue-load-0.70,0.7,611,QP+G,15,15.0,15.0,0.08,0.12,0.20870278257111774,0.13220380277708446,0.21972657007766103,0.045857546580015555,1.0,0.0,0.0,-0.015109793406500274,-0.015155917236826077,-4.612383032580325e-05,5.0,1.0,1.0
Queue-load-0.70,0.7,611,QP+G,16,16.0,16.0,0.08,0.12,0.20788922405094848,0.13791697216204304,0.21906638572439033,0.045541540943889285,1.0,0.0,0.0,-0.015192168345794564,-0.015237635133861005,-4.546678806644118e-05,5.0,1.0,1.0
Queue-load-0.70,0.7,611,QP+G,17,17.0,17.0,0.08,0.12,0.20704345488307555,0.143964583374363,0.21838110539249128,0.045214378541646436,1.0,0.0,0.0,-0.015272306430468775,-0.015316920976617077,-4.461454614830204e-05,5.0,1.0,1.0
Queue-load-0.70,0.7,611,QP+G,18,18.0,18.0,0.08,0.12,0.20617533650647354,0.15035802423793534,0.21766988463672668,0.0448781617123024,1.0,0.0,0.0,-0.015345936256347793,-0.015389495392530428,-4.355913618263492e-05,5.0,1.0,1.0
Queue-load-0.70,0.7,611,QP+G,19,19.0,19.0,0.08,0.12,0.20529489638896325,0.1571009773324331,0.2169319407880397,0.044535020307537324,1.0,0.0,0.0,-0.01540890572112309,-0.015451211973719126,-4.2306252596035e-05,5.0,1.0,1.0
Queue-load-0.70,0.7,611,QP+G,20,20.0,20.0,0.08,0.12,0.20441212986777482,0.16418927611793183,0.2161665821087901,0.04418707145509501,1.0,0.0,0.0,-0.015457193920317469,-0.015498071263909008,-4.087734359153883e-05,5.0,1.0,1.0
Queue-load-0.70,0.7,611,QP+G,21,21.0,21.0,0.08,0.12,0.203536801009446,0.1716109520916966,0.21537323423732965,0.04383637911972416,1.0,0.0,0.0,-0.015486937639793799,-0.015526252670125196,-3.931503033139695e-05,5.0,1.0,1.0
Queue-load-0.70,0.7,611,QP+G,22,22.0,22.0,0.08,0.12,0.2026782485060905,0.17934648069999673,0.21455146321476604,0.04348491477878769,1.0,0.0,0.0,-0.015494502617544639,-0.015532191414497465,-3.768879695282591e-05,5.0,1.0,1.0
Queue-load-0.70,0.7,611,QP+G,23,23.0,23.0,0.08,0.12,0.2018452030065975,0.18736922511889947,0.21370099454059072,0.04313452062575732,1.0,0.0,0.0,-0.015476622190135262,-0.015512719695732535,-3.609750559727294e-05,5.0,1.0,1.0
Queue-load-0.70,0.7,611,QP+G,24,24.0,24.0,0.08,0.12,0.20104562227336734,0.19564606737712598,0.21282172787712356,0.04278687671434955,1.0,0.0,0.0,-0.015430608586238105,-0.01546527728510494,-3.466869886683405e-05,5.0,1.0,1.0
Queue-load-0.70,0.7,611,QP+G,25,25.0,25.0,0.08,0.12,0.20028655011408458,0.2041382063323123,0.2119137472054332,0.04244347334952445,1.0,0.0,0.0,-0.015354635090642443,-0.01538819275243064,-3.355766178819719e-05,5.0,1.0,1.0
Queue-load-0.70,0.7,611,noG,1,1.0,0.0,0.08,0.0,0.0,0.0,0.2266993953368509,0.0,0.0,0.0,0.0,-0.012960370704891606,-0.012958096001899566,2.2747029920396067e-06,3.0,1.0,0.0
Queue-load-0.70,0.7,611,noG,2,2.0,0.0,0.08,0.0,0.0,0.0,0.22643035704165113,0.0,0.0,0.0,0.0,-0.012738626046173707,-0.012737229424690355,1.3966214833516233e-06,3.0,1.0,0.0
Queue-load-0.70,0.7,611,noG,3,3.0,0.0,0.08,0.0,0.0,0.0,0.2261408332836343,0.0,0.0,0.0,0.0,-0.012514578444188115,-0.012515070258849015,-4.918146608995366e-07,3.0,1.0,0.0
Queue-load-0.70,0.7,611,noG,4,4.0,0.0,0.08,0.0,0.0,0.0,0.2258326329870068,0.0,0.0,0.0,0.0,-0.012300992779166188,-0.012303361754058884,-2.3689748926952053e-06,3.0,1.0,0.0
Queue-load-0.70,0.7,611,noG,5,5.0,0.0,0.08,0.0,0.0,0.0,0.22550747314528802,0.0,0.0,0.0,0.0,-0.01210907690835514,-0.012112642608971491,-3.565700616351905e-06,3.0,1.0,0.0
Queue-load-0.70,0.7,611,noG,6,6.0,0.0,0.08,0.0,0.0,0.0,0.2251669572275129,0.0,0.0,0.0,0.0,-0.01194505388808103,-0.011949003016292092,-3.949128211062913e-06,3.0,1.0,0.0
Queue-load-0.70,0.7,611,noG,7,7.0,0.0,0.08,0.0,0.0,0.0,0.2248125556281502,0.0,0.0,0.0,0.0,-0.011810149196946403,-0.011813882466570558,-3.7332696241551555e-06,3.0,1.0,0.0
Queue-load-0.70,0.7,611,noG,8,8.0,0.0,0.08,0.0,0.0,0.0,0.22444558847413282,0.0,0.0,0.0,0.0,-0.011702353858031127,-0.01170556208123763,-3.2082232065029637e-06,3.0,1.0,0.0
Queue-load-0.70,0.7,611,noG,9,9.0,0.0,0.08,0.0,0.0,0.0,0.2240672110663217,0.0,0.0,0.0,0.0,-0.011618268818156528,-0.011620857908497761,-2.589090341233516e-06,3.0,1.0,0.0
Queue-load-0.70,0.7,611,noG,10,10.0,0.0,0.08,0.0,0.0,0.0,0.2236784021909795,0.0,0.0,0.0,0.0,-0.011554292093624635,-0.011556280902232263,-1.9888086076284145e-06,3.0,1.0,0.0
Queue-load-0.70,0.7,611,noG,11,11.0,0.0,0.08,0.0,0.0,0.0,0.22327995548945814,0.0,0.0,0.0,0.0,-0.011507145802419256,-0.011508592433407738,-1.4466309884823836e-06,3.0,1.0,0.0
Queue-load-0.70,0.7,611,noG,12,12.0,0.0,0.08,0.0,0.0,0.0,0.22287247402175975,0.0,0.0,0.0,0.0,-0.011473989200047423,-0.01147495240460561,-9.632045581860205e-07,3.0,1.0,0.0
Queue-load-0.70,0.7,611,noG,13,13.0,0.0,0.08,0.0,0.0,0.0,0.2224563681026706,0.0,0.0,0.0,0.0,-0.01145234339206929,-0.011452868295035668,-5.249029663770277e-07,3.0,1.0,0.0
Queue-load-0.70,0.7,611,noG,14,14.0,0.0,0.08,0.0,0.0,0.0,0.22203185642896428,0.0,0.0,0.0,0.0,-0.011439965347792815,-0.01144008202189406,-1.1667410124496791e-07,3.0,1.0,0.0
Queue-load-0.70,0.7,611,noG,15,15.0,0.0,0.08,0.0,0.0,0.0,0.22159897045410032,0.0,0.0,0.0,0.0,-0.011434736156630758,-0.011434463463908529,2.726927222293507e-07,3.0,1.0,0.0
Queue-load-0.70,0.7,611,noG,16,16.0,0.0,0.08,0.0,0.0,0.0,0.2211575619046905,0.0,0.0,0.0,0.0,-0.011434585713773574,-0.01143393641663204,6.492971415337362e-07,3.0,1.0,0.0
Queue-load-0.70,0.7,611,noG,17,17.0,0.0,0.08,0.0,0.0,0.0,0.22070731327239196,0.0,0.0,0.0,0.0,-0.01143745545406342,-0.01143644083304185,1.0146210215698087e-06,3.0,1.0,0.0
Queue-load-0.70,0.7,611,noG,18,18.0,0.0,0.08,0.0,0.0,0.0,0.22024775105781053,0.0,0.0,0.0,0.0,-0.011441292479133442,-0.011439925704338272,1.3667747951699033e-06,3.0,1.0,0.0
Queue-load-0.70,0.7,611,noG,19,19.0,0.0,0.08,0.0,0.0,0.0,0.21977826149091573,0.0,0.0,0.0,0.0,-0.011444065133615745,-0.011442363019025237,1.7021145905082163e-06,3.0,1.0,0.0
Queue-load-0.70,0.7,611,noG,20,20.0,0.0,0.08,0.0,0.0,0.0,0.2192981084069739,0.0,0.0,0.0,0.0,-0.011443788430504951,-0.011441771382056043,2.017048448908071e-06,3.0,1.0,0.0
Queue-load-0.70,0.7,611,noG,21,21.0,0.0,0.08,0.0,0.0,0.0,0.21880645291922604,0.0,0.0,0.0,0.0,-0.011438547180453205,-0.011436237521055936,2.3096593972683765e-06,3.0,1.0,0.0
Queue-load-0.70,0.7,611,noG,22,22.0,0.0,0.08,0.0,0.0,0.0,0.21830237450022566,0.0,0.0,0.0,0.0,-0.011426506856485236,-0.01142392634851408,2.580507971156748e-06,3.0,1.0,0.0
Queue-load-0.70,0.7,611,noG,23,23.0,0.0,0.08,0.0,0.0,0.0,0.2177848930634929,0.0,0.0,0.0,0.0,-0.011405908719823226,-0.011403076733449424,2.831986373802095e-06,3.0,1.0,0.0
Queue-load-0.70,0.7,611,noG,24,24.0,0.0,0.08,0.0,0.0,0.0,0.2172529916260059,0.0,0.0,0.0,0.0,-0.011375055777812133,-0.01137198955540697,3.066222405163216e-06,3.0,1.0,0.0
Queue-load-0.70,0.7,611,noG,25,25.0,0.0,0.08,0.0,0.0,0.0,0.21670563912996063,0.0,0.0,0.0,0.0,-0.01133230488229664,-0.01132902227327115,3.2826090254900464e-06,3.0,1.0,0.0
Queue-load-0.70,0.7,611,PPM-3,1,3.0,0.0,0.01,0.0,,,,,,,,,,,,3.0,0.0
Queue-load-0.70,0.7,611,PPM-3,2,6.0,0.0,0.01,0.0,,,,,,,,,,,,3.0,0.0
Queue-load-0.70,0.7,611,PPM-3,3,9.0,0.0,0.01,0.0,,,,,,,,,,,,3.0,0.0
Queue-load-0.70,0.7,611,PPM-3,4,12.0,0.0,0.01,0.0,,,,,,,,,,,,3.0,0.0
Queue-load-0.70,0.7,611,PPM-3,5,15.0,0.0,0.01,0.0,,,,,,,,,,,,3.0,0.0
Queue-load-0.70,0.7,611,PPM-3,6,18.0,0.0,0.01,0.0,,,,,,,,,,,,3.0,0.0
Queue-load-0.70,0.7,611,PPM-3,7,21.0,0.0,0.01,0.0,,,,,,,,,,,,3.0,0.0
Queue-load-0.70,0.7,611,PPM-3,8,24.0,0.0,0.01,0.0,,,,,,,,,,,,3.0,0.0
Queue-load-0.70,0.7,611,PPM-3,9,27.0,0.0,0.01,0.0,,,,,,,,,,,,3.0,0.0
Queue-load-0.70,0.7,611,PPM-3,10,30.0,0.0,0.01,0.0,,,,,,,,,,,,3.0,0.0
Queue-load-0.70,0.7,611,PPM-3,11,33.0,0.0,0.01,0.0,,,,,,,,,,,,3.0,0.0
Queue-load-0.70,0.7,611,PPM-3,12,36.0,0.0,0.01,0.0,,,,,,,,,,,,3.0,0.0
Queue-load-0.70,0.7,611,PPM-3,13,39.0,0.0,0.01,0.0,,,,,,,,,,,,3.0,0.0
Queue-load-0.70,0.7,611,PPM-3,14,42.0,0.0,0.01,0.0,,,,,,,,,,,,3.0,0.0
Queue-load-0.70,0.7,611,PPM-3,15,45.0,0.0,0.01,0.0,,,,,,,,,,,,3.0,0.0
Queue-load-0.70,0.7,611,PPM-3,16,48.0,0.0,0.01,0.0,,,,,,,,,,,,3.0,0.0
Queue-load-0.70,0.7,611,PPM-3,17,51.0,0.0,0.01,0.0,,,,,,,,,,,,3.0,0.0
Queue-load-0.70,0.7,611,PPM-3,18,54.0,0.0,0.01,0.0,,,,,,,,,,,,3.0,0.0
Queue-load-0.70,0.7,611,PPM-3,19,57.0,0.0,0.01,0.0,,,,,,,,,,,,3.0,0.0
Queue-load-0.70,0.7,611,PPM-3,20,60.0,0.0,0.01,0.0,,,,,,,,,,,,3.0,0.0
Queue-load-0.70,0.7,611,PPM-3,21,63.0,0.0,0.01,0.0,,,,,,,,,,,,3.0,0.0
Queue-load-0.70,0.7,611,PPM-3,22,66.0,0.0,0.01,0.0,,,,,,,,,,,,3.0,0.0
Queue-load-0.70,0.7,611,PPM-3,23,69.0,0.0,0.01,0.0,,,,,,,,,,,,3.0,0.0
Queue-load-0.70,0.7,611,PPM-3,24,72.0,0.0,0.01,0.0,,,,,,,,,,,,3.0,0.0
Queue-load-0.70,0.7,611,PPM-3,25,75.0,0.0,0.01,0.0,,,,,,,,,,,,3.0,0.0
