config,arrival_rate,channels,queue_capacity,hidden_width,parameters_per_player,seed,method,step,cumulative_oracle_calls,cumulative_jvp_calls,wall_clock_seconds,robust_rate,hard_exploitability,field_norm,maximum_br_residual,br_goodput,br_backlog,br_drop_probability
Queue-load-0.20,0.2,4,4,32,452,800,QP+G,0,0.0,0.0,3.900000000056636e-06,-0.07391369967849862,0.18785895655511536,0.0897780050558683,2.6645352591003757e-15,0.12069486874789694,1.2544277938303077,0.013282615787350321
Queue-load-0.20,0.2,4,4,32,452,800,QP+G,5,5.0,5.0,0.4538133,-0.06902699940665318,0.182953024203529,0.08774109505460989,1.7763568394002505e-15,0.12245209382004855,1.2333842764048917,0.012632944263904659
Queue-load-0.20,0.2,4,4,32,452,800,QP+G,10,10.0,10.0,0.9050201999999998,-0.0651567728391264,0.17898349284226833,0.08576997927340538,1.7763568394002505e-15,0.12384577120218324,1.2175336525214382,0.012073510244057119
Queue-load-0.20,0.2,4,4,32,452,800,QP+G,15,15.0,15.0,1.3742164000000001,-0.0623709623576321,0.17601846539445362,0.08384052322097214,1.7763568394002505e-15,0.12483143094295839,1.2069398497129247,0.01164541907215122
Queue-load-0.20,0.2,4,4,32,452,800,QP+G,20,20.0,20.0,1.8509307,-0.06029864884107888,0.1736878329899863,0.08193538799316474,1.7763568394002505e-15,0.12551373107458252,1.1992399804475862,0.01136837521764986
Queue-load-0.20,0.2,4,4,32,452,800,QP+G,25,25.0,25.0,2.3348244000000005,-0.05838912552792081,0.17144215423930198,0.0800495042044344,1.7763568394002505e-15,0.12612019108507375,1.1922661685065106,0.011128957940899508
Queue-load-0.20,0.2,4,4,32,452,800,QP+G,30,30.0,30.0,2.8213040000000005,-0.05670386999118647,0.16934443341891026,0.0781899574191221,1.7763568394002505e-15,0.1266219997253914,1.1861195115706273,0.01095065756036539
Queue-load-0.20,0.2,4,4,32,452,800,QP+G,35,35.0,35.0,3.2800176,-0.05509874864310807,0.1672521610482441,0.07637197355818896,1.3322676295501878e-15,0.1270929095402587,1.1803252429737163,0.010784709250598675
Queue-load-0.20,0.2,4,4,32,452,800,QP+G,40,40.0,40.0,3.7547164000000004,-0.05380595445298382,0.16539913058181954,0.07461349090347695,1.7763568394002505e-15,0.12743067860781288,1.1757646846106797,0.010686969570572656
Queue-load-0.20,0.2,4,4,32,452,800,QP+G,45,45.0,45.0,4.205115800000001,-0.05263290949731704,0.1636266340803363,0.07290985776795929,1.7763568394002505e-15,0.12771785847161954,1.1717522472425534,0.01061097062087785
Queue-load-0.20,0.2,4,4,32,452,800,QP+G,50,50.0,50.0,4.704404,-0.05157410506739285,0.16191784631926237,0.07128109524708422,1.7763568394002505e-15,0.12794629864404822,1.1680725837070043,0.010576196950320114
Queue-load-0.20,0.2,4,4,32,452,800,QP+G,55,55.0,55.0,5.3147803,-0.05050588409458758,0.16012840621784827,0.06974962799624204,1.7763568394002505e-15,0.12817854834070438,1.1642311520773208,0.010546127865752661
Queue-load-0.20,0.2,4,4,32,452,800,QP+G,60,60.0,60.0,5.9528525000000005,-0.049501578287683465,0.1583328627432376,0.06831814236661346,1.7763568394002505e-15,0.12838928573070568,1.1607465792656824,0.010518789044784843
Queue-load-0.20,0.2,4,4,32,452,800,noG,0,0.0,0.0,7.5999999999964984e-06,-0.07391369967849862,0.18785895655511536,0.0897780050558683,2.6645352591003757e-15,0.12069486874789694,1.2544277938303077,0.013282615787350321
Queue-load-0.20,0.2,4,4,32,452,800,noG,5,5.0,0.0,0.30915559999999953,-0.06907987844285043,0.18307185363913794,0.08770620025414022,1.3322676295501878e-15,0.12242974642382883,1.2336672077513333,0.012640400536627483
Queue-load-0.20,0.2,4,4,32,452,800,noG,10,10.0,0.0,0.6038328000000002,-0.06526521018562788,0.17922532583203307,0.08571458981741002,1.7763568394002505e-15,0.1237995517954088,1.2181081962457587,0.012089490507446291
Queue-load-0.20,0.2,4,4,32,452,800,noG,15,15.0,0.0,0.9138031999999994,-0.06253796915145952,0.17638688628346338,0.08377906145992885,2.6645352591003757e-15,0.12475686350084156,1.2078127498922322,0.011674044399567528
Queue-load-0.20,0.2,4,4,32,452,800,noG,20,20.0,0.0,1.2563307000000004,-0.060540518976654856,0.1741988107062475,0.08187669716093846,1.7763568394002505e-15,0.1254098793391351,1.2005712795753467,0.01140215857795225
Queue-load-0.20,0.2,4,4,32,452,800,noG,25,25.0,0.0,1.6287618000000004,-0.0586839130990108,0.1720726619835555,0.07999520923410389,1.7763568394002505e-15,0.1259938107606256,1.1939464403256215,0.011166902906447255
Queue-load-0.20,0.2,4,4,32,452,800,noG,30,30.0,0.0,1.9637514000000005,-0.05708506582100608,0.17012633251051848,0.07813623703203783,1.3322676295501878e-15,0.12645896695749598,1.1883187369484203,0.010997941624166487
Queue-load-0.20,0.2,4,4,32,452,800,noG,35,35.0,0.0,2.323238599999999,-0.05551384867154097,0.16813098841350468,0.07631314313919342,1.7763568394002505e-15,0.12691182726034753,1.1827754164305953,0.010836835032779112
Queue-load-0.20,0.2,4,4,32,452,800,noG,40,40.0,0.0,2.635689,-0.054244112245679134,0.16636194371025972,0.07454550786915948,1.7763568394002505e-15,0.12723376981581508,1.1783751769971467,0.010746484026440569
Queue-load-0.20,0.2,4,4,32,452,800,noG,45,45.0,0.0,2.9366656000000004,-0.05305366602026488,0.16459851622875601,0.07285303037837379,1.7763568394002505e-15,0.12752544398399246,1.1743229305474217,0.010668085987196239
Queue-load-0.20,0.2,4,4,32,452,800,noG,50,50.0,0.0,3.2363276999999995,-0.05193920800323937,0.16283886513476412,0.07125094365727759,1.7763568394002505e-15,0.12777602167122237,1.170392807434829,0.01062435688483949
Queue-load-0.20,0.2,4,4,32,452,800,noG,55,55.0,0.0,3.516049399999999,-0.050833443948312663,0.16101704795982108,0.06974786042634674,1.7763568394002505e-15,0.1280229327693389,1.1663234807479592,0.010591620875505471
Queue-load-0.20,0.2,4,4,32,452,800,noG,60,60.0,0.0,3.852862899999999,-0.04981427182991592,0.15921216519192777,0.06834585490051144,2.6645352591003757e-15,0.12824061432985354,1.162757043036688,0.01056164656295258
Queue-load-0.20,0.2,4,4,32,452,800,GDA,0,0.0,0.0,8.899999999201214e-06,-0.07391369967849862,0.18785895655511536,0.0897780050558683,2.6645352591003757e-15,0.12069486874789694,1.2544277938303077,0.013282615787350321
Queue-load-0.20,0.2,4,4,32,452,800,GDA,5,5.0,0.0,0.056762299999999044,-0.06907987844285043,0.18307185363913794,0.08770620025414022,1.3322676295501878e-15,0.12242974642382883,1.2336672077513333,0.012640400536627483
Queue-load-0.20,0.2,4,4,32,452,800,GDA,10,10.0,0.0,0.11299979999999898,-0.06526521018562788,0.17922532583203307,0.08571458981741002,1.7763568394002505e-15,0.1237995517954088,1.2181081962457587,0.012089490507446291
Queue-load-0.20,0.2,4,4,32,452,800,GDA,15,15.0,0.0,0.18103249999999882,-0.06253796915145952,0.17638688628346338,0.08377906145992885,2.6645352591003757e-15,0.12475686350084156,1.2078127498922322,0.011674044399567528
Queue-load-0.20,0.2,4,4,32,452,800,GDA,20,20.0,0.0,0.23877159999999975,-0.060540518976654856,0.1741988107062475,0.08187669716093846,1.7763568394002505e-15,0.1254098793391351,1.2005712795753467,0.01140215857795225
Queue-load-0.20,0.2,4,4,32,452,800,GDA,25,25.0,0.0,0.2877162000000002,-0.0586839130990108,0.1720726619835555,0.07999520923410389,1.7763568394002505e-15,0.1259938107606256,1.1939464403256215,0.011166902906447255
Queue-load-0.20,0.2,4,4,32,452,800,GDA,30,30.0,0.0,0.33961369999999924,-0.05708506582100608,0.17012633251051848,0.07813623703203783,1.3322676295501878e-15,0.12645896695749598,1.1883187369484203,0.010997941624166487
Queue-load-0.20,0.2,4,4,32,452,800,GDA,35,35.0,0.0,0.39719060000000006,-0.05551384867154097,0.16813098841350468,0.07631314313919342,1.7763568394002505e-15,0.12691182726034753,1.1827754164305953,0.010836835032779112
Queue-load-0.20,0.2,4,4,32,452,800,GDA,40,40.0,0.0,0.45181129999999925,-0.054244112245679134,0.16636194371025972,0.07454550786915948,1.7763568394002505e-15,0.12723376981581508,1.1783751769971467,0.010746484026440569
Queue-load-0.20,0.2,4,4,32,452,800,GDA,45,45.0,0.0,0.5109706999999997,-0.05305366602026488,0.16459851622875601,0.07285303037837379,1.7763568394002505e-15,0.12752544398399246,1.1743229305474217,0.010668085987196239
Queue-load-0.20,0.2,4,4,32,452,800,GDA,50,50.0,0.0,0.5693407999999991,-0.05193920800323937,0.16283886513476412,0.07125094365727759,1.7763568394002505e-15,0.12777602167122237,1.170392807434829,0.01062435688483949
Queue-load-0.20,0.2,4,4,32,452,800,GDA,55,55.0,0.0,0.6269808999999995,-0.050833443948312663,0.16101704795982108,0.06974786042634674,1.7763568394002505e-15,0.1280229327693389,1.1663234807479592,0.010591620875505471
Queue-load-0.20,0.2,4,4,32,452,800,GDA,60,60.0,0.0,0.6829733999999998,-0.04981427182991592,0.15921216519192777,0.06834585490051144,2.6645352591003757e-15,0.12824061432985354,1.162757043036688,0.01056164656295258
Queue-load-0.20,0.2,4,4,32,452,800,EGM,0,0.0,0.0,6.400000000184036e-06,-0.07391369967849862,0.18785895655511536,0.0897780050558683,2.6645352591003757e-15,0.12069486874789694,1.2544277938303077,0.013282615787350321
Queue-load-0.20,0.2,4,4,32,452,800,EGM,5,5.0,0.0,0.08779879999999984,-0.06906893192322777,0.18304687281417836,0.08771366835758213,1.7763568394002505e-15,0.12243439874998001,1.2336081492745834,0.012638856551357857
Queue-load-0.20,0.2,4,4,32,452,800,EGM,10,10.0,0.0,0.16498720000000056,-0.06524071611249486,0.17917248031253197,0.08572631352129868,2.6645352591003757e-15,0.12380984462904927,1.2179741353576612,0.012086253510021445
Queue-load-0.20,0.2,4,4,32,452,800,EGM,15,15.0,0.0,0.25445530000000005,-0.06250090930717589,0.17630705568497917,0.08379181447313915,2.220446049250313e-15,0.12477284129008073,1.2076113480861537,0.011668666705384901
Queue-load-0.20,0.2,4,4,32,452,800,EGM,20,20.0,0.0,0.34153009999999995,-0.06048867261704031,0.17408985603680596,0.08188851346057044,2.6645352591003757e-15,0.1254321899627654,1.2002845149399444,0.011394940829869344
Queue-load-0.20,0.2,4,4,32,452,800,EGM,25,25.0,0.0,0.42156459999999996,-0.05861988342899152,0.17193742739809542,0.08000577521282094,1.7763568394002505e-15,0.12602149800499918,1.1935814405591376,0.011158426176099044
Queue-load-0.20,0.2,4,4,32,452,800,EGM,30,30.0,0.0,0.5012785999999991,-0.05700293652614917,0.16995926003680006,0.07814650465908672,2.6645352591003757e-15,0.12649415729688662,1.1878429501047478,0.010987792697600559
Queue-load-0.20,0.2,4,4,32,452,800,EGM,35,35.0,0.0,0.5761588,-0.05542274956886513,0.16794163670134055,0.07632450887600807,2.6645352591003757e-15,0.12695187934256996,1.1822415369658708,0.010824881869752775
Queue-load-0.20,0.2,4,4,32,452,800,EGM,40,40.0,0.0,0.6517952999999999,-0.05414780120872738,0.16615452745385112,0.07455898911014061,2.6645352591003757e-15,0.12727725652747415,1.1777989170876346,0.010733326783703064
Queue-load-0.20,0.2,4,4,32,452,800,EGM,45,45.0,0.0,0.7255462000000001,-0.052955699719726246,0.16437704387391328,0.07286876224939705,1.7763568394002505e-15,0.1275707951533833,1.173717515072592,0.010654598790164815
Queue-load-0.20,0.2,4,4,32,452,800,EGM,50,50.0,0.0,0.7917635000000001,-0.05184610934227842,0.1626102834825311,0.07126810061345923,1.7763568394002505e-15,0.12782071251625232,1.1697818413873076,0.010611822147573991
Queue-load-0.20,0.2,4,4,32,452,800,EGM,55,55.0,0.0,0.8680211999999994,-0.05074260366171961,0.1607791290156656,0.06976491185970601,1.7763568394002505e-15,0.1280679912063938,1.1657176925731765,0.010578446026597205
Queue-load-0.20,0.2,4,4,32,452,800,EGM,60,60.0,0.0,0.9269864999999999,-0.04972079215810721,0.15896034007085608,0.06836097203965279,2.6645352591003757e-15,0.1282875806161327,1.1621270616424104,0.01054783719216181
Queue-load-0.20,0.2,4,4,32,452,800,PPM-3,0,0.0,0.0,7.399999999435636e-06,-0.07391369967849862,0.18785895655511536,0.0897780050558683,2.6645352591003757e-15,0.12069486874789694,1.2544277938303077,0.013282615787350321
Queue-load-0.20,0.2,4,4,32,452,800,PPM-3,5,15.0,0.0,0.1321817000000003,-0.06906889038091152,0.18304680056802863,0.08771349043092594,1.7763568394002505e-15,0.12243440748731269,1.2336080269672607,0.01263885425125271
Queue-load-0.20,0.2,4,4,32,452,800,PPM-3,10,30.0,0.0,0.2588936000000004,-0.06524076048522508,0.17917247729980645,0.08572596273668114,1.7763568394002505e-15,0.12380981748510218,1.217974487012128,0.012086262145838638
Queue-load-0.20,0.2,4,4,32,452,800,PPM-3,15,45.0,0.0,0.3671305,-0.06250102610011551,0.17630712489579942,0.08379133446811637,2.6645352591003757e-15,0.12477278093815802,1.207612025163493,0.011668691421658292
Queue-load-0.20,0.2,4,4,32,452,800,PPM-3,20,60.0,0.0,0.46078950000000063,-0.06048881046174521,0.17408996263878346,0.08188796637752625,1.7763568394002505e-15,0.125432117845297,1.2002852932067996,0.011394971985924356
Queue-load-0.20,0.2,4,4,32,452,800,PPM-3,25,75.0,0.0,0.5532935999999999,-0.05862005727388478,0.17193760103025177,0.08000521996798245,1.3322676295501878e-15,0.12602141247578186,1.1935824561611008,0.011158458252581526
Queue-load-0.20,0.2,4,4,32,452,800,PPM-3,30,90.0,0.0,0.6633414000000002,-0.05700319726919818,0.16995956334505163,0.07814598047398752,2.6645352591003757e-15,0.12649404012533702,1.1878444793437422,0.010987829382887403
Queue-load-0.20,0.2,4,4,32,452,800,PPM-3,35,105.0,0.0,0.7746762,-0.05542297453754191,0.16794195552777594,0.07632402904039172,1.3322676295501878e-15,0.12695177624704224,1.1822430802923782,0.010824903737569513
Queue-load-0.20,0.2,4,4,32,452,800,PPM-3,40,120.0,0.0,0.8834333000000001,-0.054148064681818826,0.16615494166862843,0.07455854509008694,2.220446049250313e-15,0.12727713173538768,1.1778007431163184,0.010733355469016768
Queue-load-0.20,0.2,4,4,32,452,800,PPM-3,45,135.0,0.0,0.9876447000000006,-0.05295601573859376,0.16437757080466345,0.07286833390681548,1.3322676295501878e-15,0.1275706449093417,1.1737197859774684,0.01065462951289711
Queue-load-0.20,0.2,4,4,32,452,800,PPM-3,50,150.0,0.0,1.0789390999999995,-0.05184634361349849,0.16261079048386745,0.07126766701406224,1.7763568394002505e-15,0.12782059156653583,1.1697840833131266,0.010611825101194615
Queue-load-0.20,0.2,4,4,32,452,800,PPM-3,55,165.0,0.0,1.1880550999999997,-0.05074287798407553,0.16077973845251842,0.069764458756505,1.7763568394002505e-15,0.12806784411004501,1.1657202955440618,0.010578456124478408
Queue-load-0.20,0.2,4,4,32,452,800,PPM-3,60,180.0,0.0,1.2857333000000004,-0.049721114645375965,0.15896105993423285,0.06836049478550174,2.220446049250313e-15,0.12828740736327818,1.1621301100851993,0.010547850000659055
Queue-load-0.20,0.2,4,4,32,452,801,QP+G,0,0.0,0.0,4.39999999990448e-06,-0.0823595104929481,0.19970601910673802,0.11107748866311948,1.7763568394002505e-15,0.11827548475617489,1.2787449156091597,0.014422151264395845
Queue-load-0.20,0.2,4,4,32,452,801,QP+G,5,5.0,5.0,0.6406486000000005,-0.07654119000059964,0.1938594116078809,0.10772324874321143,1.7763568394002505e-15,0.12041665183464564,1.2522387368653152,0.01367604622507496
Queue-load-0.20,0.2,4,4,32,452,801,QP+G,10,10.0,10.0,1.3611138,-0.07378695775275948,0.1909633940465249,0.10362872277301016,1.7763568394002505e-15,0.12138074241518841,1.2401307059342004,0.013349220430380115
Queue-load-0.20,0.2,4,4,32,452,801,QP+G,15,15.0,15.0,2.1398107,-0.07191482227862545,0.18884571940820183,0.09915562645538811,2.6645352591003757e-15,0.12199816495483075,1.2325487939246416,0.01313084589124074
Queue-load-0.20,0.2,4,4,32,452,801,QP+G,20,20.0,20.0,2.873193200000001,-0.07072603263392542,0.1873202670094597,0.09463156020137424,1.7763568394002505e-15,0.12234992858239761,1.2287143065425308,0.012980897389048465
Queue-load-0.20,0.2,4,4,32,452,801,QP+G,25,25.0,25.0,3.5863774999999993,-0.0699294859484866,0.18610224494038258,0.0902879627128792,1.7763568394002505e-15,0.12253923512265671,1.2270650621071242,0.012878393187495021
Queue-load-0.20,0.2,4,4,32,452,801,QP+G,30,30.0,30.0,4.288789500000002,-0.06956237535390955,0.18523267067346968,0.08625400233509918,2.6645352591003757e-15,0.12255007237427791,1.2275725888517024,0.012840844001948357
Queue-load-0.20,0.2,4,4,32,452,801,QP+G,35,35.0,35.0,5.011123899999999,-0.06931226791790283,0.1844136411407435,0.08258061327685216,1.7763568394002505e-15,0.12250085795559597,1.2287671322986176,0.012827187712897975
Queue-load-0.20,0.2,4,4,32,452,801,QP+G,40,40.0,40.0,5.715704400000002,-0.06909925381183406,0.18356978959400916,0.07927017147489411,1.7763568394002505e-15,0.12242322358402558,1.2302009426749556,0.012829358380450868
Queue-load-0.20,0.2,4,4,32,452,801,QP+G,45,45.0,45.0,6.4554230000000015,-0.06888759887157941,0.18266889077579915,0.07630008079426787,1.7763568394002505e-15,0.1223333584551812,1.231650832620815,0.012842913512144508
Queue-load-0.20,0.2,4,4,32,452,801,QP+G,50,50.0,50.0,7.261339999999999,-0.06864904642075666,0.18168626147174133,0.07363801488723536,2.220446049250313e-15,0.12224408316377819,1.232953256173601,0.012863640195506143
Queue-load-0.20,0.2,4,4,32,452,801,QP+G,55,55.0,55.0,8.001278999999998,-0.06836557136210102,0.18060660780732268,0.07125046067047064,1.7763568394002505e-15,0.12216902969129229,1.2340588143150109,0.01288050639739154
Queue-load-0.20,0.2,4,4,32,452,801,QP+G,60,60.0,60.0,8.678772799999999,-0.0680331934037924,0.179427982763338,0.06910686929689559,2.6645352591003757e-15,0.12211160601166428,1.2349392187715516,0.012891593000359592
Queue-load-0.20,0.2,4,4,32,452,801,noG,0,0.0,0.0,5.4000000027087935e-06,-0.0823595104929481,0.19970601910673802,0.11107748866311948,1.7763568394002505e-15,0.11827548475617489,1.2787449156091597,0.014422151264395845
Queue-load-0.20,0.2,4,4,32,452,801,noG,5,5.0,0.0,0.29538610000000176,-0.07654119000059964,0.1938594116078809,0.10772324874321143,1.7763568394002505e-15,0.12041665183464564,1.2522387368653152,0.01367604622507496
Queue-load-0.20,0.2,4,4,32,452,801,noG,10,10.0,0.0,0.613969700000002,-0.07378695775275948,0.1909633940465249,0.10362872277301016,1.7763568394002505e-15,0.12138074241518841,1.2401307059342004,0.013349220430380115
Queue-load-0.20,0.2,4,4,32,452,801,noG,15,15.0,0.0,0.9428829000000007,-0.07191482227862545,0.18884571940820183,0.09915562645538811,2.6645352591003757e-15,0.12199816495483075,1.2325487939246416,0.01313084589124074
Queue-load-0.20,0.2,4,4,32,452,801,noG,20,20.0,0.0,1.2586505000000017,-0.07072603263392542,0.1873202670094597,0.09463156020137424,1.7763568394002505e-15,0.12234992858239761,1.2287143065425308,0.012980897389048465
Queue-load-0.20,0.2,4,4,32,452,801,noG,25,25.0,0.0,1.5576341000000014,-0.0699294859484866,0.18610224494038258,0.0902879627128792,1.7763568394002505e-15,0.12253923512265671,1.2270650621071242,0.012878393187495021
Queue-load-0.20,0.2,4,4,32,452,801,noG,30,30.0,0.0,1.8799708000000024,-0.06956237535390955,0.18523267067346968,0.08625400233509918,2.6645352591003757e-15,0.12255007237427791,1.2275725888517024,0.012840844001948357
Queue-load-0.20,0.2,4,4,32,452,801,noG,35,35.0,0.0,2.1821356000000023,-0.06931226791790283,0.1844136411407435,0.08258061327685216,1.7763568394002505e-15,0.12250085795559597,1.2287671322986176,0.012827187712897975
Queue-load-0.20,0.2,4,4,32,452,801,noG,40,40.0,0.0,2.5328562000000012,-0.06909925381183406,0.18356978959400916,0.07927017147489411,1.7763568394002505e-15,0.12242322358402558,1.2302009426749556,0.012829358380450868
Queue-load-0.20,0.2,4,4,32,452,801,noG,45,45.0,0.0,2.880700700000002,-0.06888759887157941,0.18266889077579915,0.07630008079426787,1.7763568394002505e-15,0.1223333584551812,1.231650832620815,0.012842913512144508
Queue-load-0.20,0.2,4,4,32,452,801,noG,50,50.0,0.0,3.1824213000000015,-0.06864904642075666,0.18168626147174133,0.07363801488723536,2.220446049250313e-15,0.12224408316377819,1.232953256173601,0.012863640195506143
Queue-load-0.20,0.2,4,4,32,452,801,noG,55,55.0,0.0,3.5037872000000014,-0.06836557136210102,0.18060660780732268,0.07125046067047064,1.7763568394002505e-15,0.12216902969129229,1.2340588143150109,0.01288050639739154
Queue-load-0.20,0.2,4,4,32,452,801,noG,60,60.0,0.0,3.855869000000002,-0.0680331934037924,0.179427982763338,0.06910686929689559,2.6645352591003757e-15,0.12211160601166428,1.2349392187715516,0.012891593000359592
Queue-load-0.20,0.2,4,4,32,452,801,GDA,0,0.0,0.0,6.600000002521256e-06,-0.0823595104929481,0.19970601910673802,0.11107748866311948,1.7763568394002505e-15,0.11827548475617489,1.2787449156091597,0.014422151264395845
Queue-load-0.20,0.2,4,4,32,452,801,GDA,5,5.0,0.0,0.04869019999999935,-0.07654119000059964,0.1938594116078809,0.10772324874321143,1.7763568394002505e-15,0.12041665183464564,1.2522387368653152,0.01367604622507496
Queue-load-0.20,0.2,4,4,32,452,801,GDA,10,10.0,0.0,0.09752920000000032,-0.07378695775275948,0.1909633940465249,0.10362872277301016,1.7763568394002505e-15,0.12138074241518841,1.2401307059342004,0.013349220430380115
Queue-load-0.20,0.2,4,4,32,452,801,GDA,15,15.0,0.0,0.14145200000000102,-0.07191482227862545,0.18884571940820183,0.09915562645538811,2.6645352591003757e-15,0.12199816495483075,1.2325487939246416,0.01313084589124074
Queue-load-0.20,0.2,4,4,32,452,801,GDA,20,20.0,0.0,0.19176129999999958,-0.07072603263392542,0.1873202670094597,0.09463156020137424,1.7763568394002505e-15,0.12234992858239761,1.2287143065425308,0.012980897389048465
Queue-load-0.20,0.2,4,4,32,452,801,GDA,25,25.0,0.0,0.23582500000000195,-0.0699294859484866,0.18610224494038258,0.0902879627128792,1.7763568394002505e-15,0.12253923512265671,1.2270650621071242,0.012878393187495021
Queue-load-0.20,0.2,4,4,32,452,801,GDA,30,30.0,0.0,0.28294460000000043,-0.06956237535390955,0.18523267067346968,0.08625400233509918,2.6645352591003757e-15,0.12255007237427791,1.2275725888517024,0.012840844001948357
Queue-load-0.20,0.2,4,4,32,452,801,GDA,35,35.0,0.0,0.33200920000000167,-0.06931226791790283,0.1844136411407435,0.08258061327685216,1.7763568394002505e-15,0.12250085795559597,1.2287671322986176,0.012827187712897975
Queue-load-0.20,0.2,4,4,32,452,801,GDA,40,40.0,0.0,0.38106550000000183,-0.06909925381183406,0.18356978959400916,0.07927017147489411,1.7763568394002505e-15,0.12242322358402558,1.2302009426749556,0.012829358380450868
Queue-load-0.20,0.2,4,4,32,452,801,GDA,45,45.0,0.0,0.4473821000000022,-0.06888759887157941,0.18266889077579915,0.07630008079426787,1.7763568394002505e-15,0.1223333584551812,1.231650832620815,0.012842913512144508
Queue-load-0.20,0.2,4,4,32,452,801,GDA,50,50.0,0.0,0.49506270000000185,-0.06864904642075666,0.18168626147174133,0.07363801488723536,2.220446049250313e-15,0.12224408316377819,1.232953256173601,0.012863640195506143
Queue-load-0.20,0.2,4,4,32,452,801,GDA,55,55.0,0.0,0.5550682000000009,-0.06836557136210102,0.18060660780732268,0.07125046067047064,1.7763568394002505e-15,0.12216902969129229,1.2340588143150109,0.01288050639739154
Queue-load-0.20,0.2,4,4,32,452,801,GDA,60,60.0,0.0,0.6175560000000004,-0.0680331934037924,0.179427982763338,0.06910686929689559,2.6645352591003757e-15,0.12211160601166428,1.2349392187715516,0.012891593000359592
Queue-load-0.20,0.2,4,4,32,452,801,EGM,0,0.0,0.0,5.800000000277805e-06,-0.0823595104929481,0.19970601910673802,0.11107748866311948,1.7763568394002505e-15,0.11827548475617489,1.2787449156091597,0.014422151264395845
Queue-load-0.20,0.2,4,4,32,452,801,EGM,5,5.0,0.0,0.06624850000000038,-0.0765559110281639,0.1938515459667792,0.10772401789063986,1.7763568394002505e-15,0.12041101282040245,1.2523124658013953,0.013677804768998
Queue-load-0.20,0.2,4,4,32,452,801,EGM,10,10.0,0.0,0.12938910000000092,-0.07381289469077526,0.19094663053662436,0.10365837822498793,2.220446049250313e-15,0.12137094114010794,1.240256550943616,0.013352398283912579
Queue-load-0.20,0.2,4,4,32,452,801,EGM,15,15.0,0.0,0.19733090000000075,-0.07195537623399859,0.18882615639207362,0.09923164933578957,1.7763568394002505e-15,0.12198340917280379,1.2327371225375219,0.013135689641011073
Queue-load-0.20,0.2,4,4,32,452,801,EGM,20,20.0,0.0,0.2761275999999988,-0.07076694213203762,0.18728368694366831,0.09475763884991467,1.7763568394002505e-15,0.1223354512333624,1.2288838448281705,0.012986451670418162
Queue-load-0.20,0.2,4,4,32,452,801,EGM,25,25.0,0.0,0.3413839999999979,-0.06996316797387904,0.1860439808556586,0.09045730460050991,1.7763568394002505e-15,0.12252800082716916,1.2271719340618243,0.012884002643261254
Queue-load-0.20,0.2,4,4,32,452,801,EGM,30,30.0,0.0,0.40584699999999785,-0.06958676398276561,0.18515772331880015,0.08645484984545011,2.6645352591003757e-15,0.12254367835422386,1.2276141760368162,0.012845049222785777
Queue-load-0.20,0.2,4,4,32,452,801,EGM,35,35.0,0.0,0.4788502000000001,-0.06933010606767762,0.184323945285364,0.08280064161403725,1.7763568394002505e-15,0.12249866057902749,1.228758489980083,0.012829839948336958
Queue-load-0.20,0.2,4,4,32,452,801,EGM,40,40.0,0.0,0.5476321999999989,-0.06911487865030776,0.18346973094709565,0.07949885337233437,1.7763568394002505e-15,0.1224235847335039,1.2301599725985122,0.012831153550785129
Queue-load-0.20,0.2,4,4,32,452,801,EGM,45,45.0,0.0,0.6191679000000008,-0.06889630971375459,0.18255459499237525,0.07652946467044722,2.220446049250313e-15,0.12233842609393897,1.2315635204499953,0.012842441250798331
Queue-load-0.20,0.2,4,4,32,452,801,EGM,50,50.0,0.0,0.7063911999999988,-0.06865407118688369,0.1815615445436926,0.07386262786516462,2.220446049250313e-15,0.12225221807055817,1.2328278472147698,0.012862105760243561
Queue-load-0.20,0.2,4,4,32,452,801,EGM,55,55.0,0.0,0.779652200000001,-0.06836131564342979,0.18046626946818592,0.0714668588056077,1.7763568394002505e-15,0.12218199542072072,1.2338755597747548,0.012877185643765988
Queue-load-0.20,0.2,4,4,32,452,801,EGM,60,60.0,0.0,0.8461295999999976,-0.06801769034291298,0.17927029279745277,0.0693131195330628,2.6645352591003757e-15,0.12213013026232218,1.2346804385893677,0.012886688759290364
Queue-load-0.20,0.2,4,4,32,452,801,PPM-3,0,0.0,0.0,7.799999998781004e-06,-0.0823595104929481,0.19970601910673802,0.11107748866311948,1.7763568394002505e-15,0.11827548475617489,1.2787449156091597,0.014422151264395845
Queue-load-0.20,0.2,4,4,32,452,801,PPM-3,5,15.0,0.0,0.10520100000000099,-0.07655606320436352,0.19385180272154673,0.10772423913727507,2.6645352591003757e-15,0.12041094550497757,1.2523131991471883,0.013677833487275904
Queue-load-0.20,0.2,4,4,32,452,801,PPM-3,10,30.0,0.0,0.2051462000000015,-0.07381286789471744,0.1909468582915962,0.10365854990559306,3.552713678800501e-15,0.12137093345639087,1.2402564412004116,0.013352411743587657
Queue-load-0.20,0.2,4,4,32,452,801,PPM-3,15,45.0,0.0,0.325076499999998,-0.07195510300766221,0.18882630430224748,0.09923146521670134,1.7763568394002505e-15,0.12198348638502843,1.2327358946087408,0.013135677056617126
Queue-load-0.20,0.2,4,4,32,452,801,PPM-3,20,60.0,0.0,0.42782180000000025,-0.07076643925045374,0.18728376720460654,0.09475690223297104,1.7763568394002505e-15,0.12233561005855458,1.2288817523660087,0.01298640297481351
Queue-load-0.20,0.2,4,4,32,452,801,PPM-3,25,75.0,0.0,0.5340582999999981,-0.06996250759000666,0.18604404936705243,0.0904559762536359,1.7763568394002505e-15,0.12252821836956197,1.2271695120592383,0.012883912574688855
Queue-load-0.20,0.2,4,4,32,452,801,PPM-3,30,90.0,0.0,0.6405239999999992,-0.06958601484308684,0.1851578283604496,0.08645301008173067,1.7763568394002505e-15,0.12254391409860711,1.2276115625316877,0.01284495103130443
Queue-load-0.20,0.2,4,4,32,452,801,PPM-3,35,105.0,0.0,0.7558061999999985,-0.06932925404150607,0.1843240524489822,0.08279842701613989,1.7763568394002505e-15,0.12249891810440901,1.2287556242872757,0.012829733248892444
Queue-load-0.20,0.2,4,4,32,452,801,PPM-3,40,120.0,0.0,0.870035399999999,-0.06911392619902147,0.1834698246131069,0.07949640768526268,3.552713678800501e-15,0.12242386362547121,1.230156857463193,0.012831038613308273
Queue-load-0.20,0.2,4,4,32,452,801,PPM-3,45,135.0,0.0,1.0011668,-0.06889530317347592,0.1825547062074016,0.07652691272361979,2.6645352591003757e-15,0.12233870753812999,1.23156028528467,0.012842330078466538
Queue-load-0.20,0.2,4,4,32,452,801,PPM-3,50,150.0,0.0,1.141679700000001,-0.06865299107675124,0.18156164124428356,0.07386006677181067,2.6645352591003757e-15,0.12225251509924748,1.2328244308471419,0.012861988540376679
Queue-load-0.20,0.2,4,4,32,452,801,PPM-3,55,165.0,0.0,1.2617033000000006,-0.06836017266683075,0.1804663521378529,0.0714643585414506,2.6645352591003757e-15,0.12218230667583682,1.233871973981829,0.012877063114593343
Queue-load-0.20,0.2,4,4,32,452,801,PPM-3,60,180.0,0.0,1.3845959999999984,-0.06801649304090136,0.1792703617179417,0.06931072730143115,2.6645352591003757e-15,0.12213045520027122,1.2346766864331233,0.01288656130324869
Queue-load-0.20,0.2,4,4,32,452,802,QP+G,0,0.0,0.0,6.000000002615025e-06,-0.09576223871495337,0.20717431258743838,0.09538513132880276,3.552713678800501e-15,0.11242176691872002,1.346951089575649,0.01668607047203545
Queue-load-0.20,0.2,4,4,32,452,802,QP+G,5,5.0,5.0,0.7977418000000007,-0.09412497178974508,0.20543489823968308,0.09162169991040235,1.7763568394002505e-15,0.11281116959120817,1.3414498989735106,0.01658620414702846
Queue-load-0.20,0.2,4,4,32,452,802,QP+G,10,10.0,10.0,1.5299078000000002,-0.09302728940946815,0.20418488400241064,0.08805568032402775,2.6645352591003757e-15,0.11297522025802097,1.3385550830875121,0.016574512211057626
Queue-load-0.20,0.2,4,4,32,452,802,QP+G,15,15.0,15.0,2.239177999999999,-0.09212885117976942,0.2030745791515511,0.08471972223656826,1.7763568394002505e-15,0.11306201653995764,1.336791072939058,0.016580558568513412
Queue-load-0.20,0.2,4,4,32,452,802,QP+G,20,20.0,20.0,3.0081251999999985,-0.09130810055585041,0.20198542511301243,0.08163254885858567,2.6645352591003757e-15,0.11312474109642151,1.3354030080596724,0.01659089005833281
Queue-load-0.20,0.2,4,4,32,452,802,QP+G,25,25.0,25.0,3.7204468000000013,-0.09065869265375276,0.20101359602082097,0.07880247155771478,1.7763568394002505e-15,0.11313571836953501,1.3349378683372441,0.016604393823241907
Queue-load-0.20,0.2,4,4,32,452,802,QP+G,30,30.0,30.0,4.425674900000001,-0.09006049813726463,0.20004094935709565,0.07623142605302827,1.7763568394002505e-15,0.11314270201261992,1.3346705139320987,0.016611481464638485
Queue-load-0.20,0.2,4,4,32,452,802,QP+G,35,35.0,35.0,5.090579200000004,-0.08943535500636414,0.19899073014583246,0.07391835302717141,3.552713678800501e-15,0.11316850063453024,1.334042090112805,0.016618757780585507
Queue-load-0.20,0.2,4,4,32,452,802,QP+G,40,40.0,40.0,5.824860500000003,-0.0887301109242117,0.19778792560841857,0.07190269766987085,2.6645352591003757e-15,0.11325069410174225,1.3328876847042568,0.016597322492770742
Queue-load-0.20,0.2,4,4,32,452,802,QP+G,45,45.0,45.0,6.529703000000001,-0.0878801644079649,0.19637613976772003,0.07015996561151891,2.6645352591003757e-15,0.1134157264273,1.3308893233838905,0.016537467078811277
Queue-load-0.20,0.2,4,4,32,452,802,QP+G,50,50.0,50.0,7.256044900000003,-0.0868750639918693,0.19475879651024972,0.06866032289843653,2.6645352591003757e-15,0.11365512014044522,1.3280745485410432,0.016446219410026396
Queue-load-0.20,0.2,4,4,32,452,802,QP+G,55,55.0,55.0,7.954487400000001,-0.08571232493605066,0.19293133839335896,0.06740311298560214,2.6645352591003757e-15,0.11396895015314673,1.324435943335779,0.016323894934443885
Queue-load-0.20,0.2,4,4,32,452,802,QP+G,60,60.0,60.0,8.679181700000004,-0.08438850695139763,0.1908876915009094,0.06638616193331802,2.6645352591003757e-15,0.11435746861563191,1.319963678627177,0.016170758825043118
Queue-load-0.20,0.2,4,4,32,452,802,noG,0,0.0,0.0,8.400000005792663e-06,-0.09576223871495337,0.20717431258743838,0.09538513132880276,3.552713678800501e-15,0.11242176691872002,1.346951089575649,0.01668607047203545
Queue-load-0.20,0.2,4,4,32,452,802,noG,5,5.0,0.0,0.38403440000000444,-0.09412497178974508,0.20543489823968308,0.09162169991040235,1.7763568394002505e-15,0.11281116959120817,1.3414498989735106,0.01658620414702846
Queue-load-0.20,0.2,4,4,32,452,802,noG,10,10.0,0.0,0.7907426000000015,-0.09302728940946815,0.20418488400241064,0.08805568032402775,2.6645352591003757e-15,0.11297522025802097,1.3385550830875121,0.016574512211057626
Queue-load-0.20,0.2,4,4,32,452,802,noG,15,15.0,0.0,1.2511083999999997,-0.09212885117976942,0.2030745791515511,0.08471972223656826,1.7763568394002505e-15,0.11306201653995764,1.336791072939058,0.016580558568513412
Queue-load-0.20,0.2,4,4,32,452,802,noG,20,20.0,0.0,1.6410699999999991,-0.09130810055585041,0.20198542511301243,0.08163254885858567,2.6645352591003757e-15,0.11312474109642151,1.3354030080596724,0.01659089005833281
Queue-load-0.20,0.2,4,4,32,452,802,noG,25,25.0,0.0,1.992532600000004,-0.09065869265375276,0.20101359602082097,0.07880247155771478,1.7763568394002505e-15,0.11313571836953501,1.3349378683372441,0.016604393823241907
Queue-load-0.20,0.2,4,4,32,452,802,noG,30,30.0,0.0,2.3509382000000016,-0.09006049813726463,0.20004094935709565,0.07623142605302827,1.7763568394002505e-15,0.11314270201261992,1.3346705139320987,0.016611481464638485
Queue-load-0.20,0.2,4,4,32,452,802,noG,35,35.0,0.0,2.688114200000001,-0.08943535500636414,0.19899073014583246,0.07391835302717141,3.552713678800501e-15,0.11316850063453024,1.334042090112805,0.016618757780585507
Queue-load-0.20,0.2,4,4,32,452,802,noG,40,40.0,0.0,3.0438100000000006,-0.0887924106289131,0.19787287459682287,0.07186136827341895,2.6645352591003757e-15,0.1132159072978468,1.3332699413664484,0.016611990524971892
Queue-load-0.20,0.2,4,4,32,452,802,noG,45,45.0,0.0,3.3742795,-0.08804736513498858,0.1966032271609373,0.07005873789254745,1.7763568394002505e-15,0.11332381547237894,1.3319032022988384,0.016576015985577074
Queue-load-0.20,0.2,4,4,32,452,802,noG,50,50.0,0.0,3.722568299999999,-0.08714869311470048,0.19512974950765546,0.06850894973720602,1.7763568394002505e-15,0.11350726979859302,1.329711775439046,0.016507899915141688
Queue-load-0.20,0.2,4,4,32,452,802,noG,55,55.0,0.0,4.037071900000001,-0.08609473997644598,0.19344961804005534,0.0672102324485837,2.6645352591003757e-15,0.1137660719762095,1.3266913248556584,0.016408068820861234
Queue-load-0.20,0.2,4,4,32,452,802,noG,60,60.0,0.0,4.356795500000004,-0.08488335071482436,0.19155886718238996,0.06615983396404225,2.6645352591003757e-15,0.11409988442536743,1.3228388197622871,0.016277019797670086
Queue-load-0.20,0.2,4,4,32,452,802,GDA,0,0.0,0.0,5.899999997893701e-06,-0.09576223871495337,0.20717431258743838,0.09538513132880276,3.552713678800501e-15,0.11242176691872002,1.346951089575649,0.01668607047203545
Queue-load-0.20,0.2,4,4,32,452,802,GDA,5,5.0,0.0,0.04744299999999413,-0.09412497178974508,0.20543489823968308,0.09162169991040235,1.7763568394002505e-15,0.11281116959120817,1.3414498989735106,0.01658620414702846
Queue-load-0.20,0.2,4,4,32,452,802,GDA,10,10.0,0.0,0.09511510000000101,-0.09302728940946815,0.20418488400241064,0.08805568032402775,2.6645352591003757e-15,0.11297522025802097,1.3385550830875121,0.016574512211057626
Queue-load-0.20,0.2,4,4,32,452,802,GDA,15,15.0,0.0,0.1469217999999941,-0.09212885117976942,0.2030745791515511,0.08471972223656826,1.7763568394002505e-15,0.11306201653995764,1.336791072939058,0.016580558568513412
Queue-load-0.20,0.2,4,4,32,452,802,GDA,20,20.0,0.0,0.19617339999999928,-0.09130810055585041,0.20198542511301243,0.08163254885858567,2.6645352591003757e-15,0.11312474109642151,1.3354030080596724,0.01659089005833281
Queue-load-0.20,0.2,4,4,32,452,802,GDA,25,25.0,0.0,0.2439348999999993,-0.09065869265375276,0.20101359602082097,0.07880247155771478,1.7763568394002505e-15,0.11313571836953501,1.3349378683372441,0.016604393823241907
Queue-load-0.20,0.2,4,4,32,452,802,GDA,30,30.0,0.0,0.29031129999999905,-0.09006049813726463,0.20004094935709565,0.07623142605302827,1.7763568394002505e-15,0.11314270201261992,1.3346705139320987,0.016611481464638485
Queue-load-0.20,0.2,4,4,32,452,802,GDA,35,35.0,0.0,0.34276049999999714,-0.08943535500636414,0.19899073014583246,0.07391835302717141,3.552713678800501e-15,0.11316850063453024,1.334042090112805,0.016618757780585507
Queue-load-0.20,0.2,4,4,32,452,802,GDA,40,40.0,0.0,0.388657699999996,-0.0887924106289131,0.19787287459682287,0.07186136827341895,2.6645352591003757e-15,0.1132159072978468,1.3332699413664484,0.016611990524971892
Queue-load-0.20,0.2,4,4,32,452,802,GDA,45,45.0,0.0,0.43911339999999655,-0.08804736513498858,0.1966032271609373,0.07005873789254745,1.7763568394002505e-15,0.11332381547237894,1.3319032022988384,0.016576015985577074
Queue-load-0.20,0.2,4,4,32,452,802,GDA,50,50.0,0.0,0.48225419999999986,-0.08714869311470048,0.19512974950765546,0.06850894973720602,1.7763568394002505e-15,0.11350726979859302,1.329711775439046,0.016507899915141688
Queue-load-0.20,0.2,4,4,32,452,802,GDA,55,55.0,0.0,0.5293524000000005,-0.08609473997644598,0.19344961804005534,0.0672102324485837,2.6645352591003757e-15,0.1137660719762095,1.3266913248556584,0.016408068820861234
Queue-load-0.20,0.2,4,4,32,452,802,GDA,60,60.0,0.0,0.5747927999999973,-0.08488335071482436,0.19155886718238996,0.06615983396404225,2.6645352591003757e-15,0.11409988442536743,1.3228388197622871,0.016277019797670086
Queue-load-0.20,0.2,4,4,32,452,802,EGM,0,0.0,0.0,7.199999998874773e-06,-0.09576223871495337,0.20717431258743838,0.09538513132880276,3.552713678800501e-15,0.11242176691872002,1.346951089575649,0.01668607047203545
Queue-load-0.20,0.2,4,4,32,452,802,EGM,5,5.0,0.0,0.1061286999999993,-0.09412630471764741,0.2054241300320205,0.09165207037927595,2.6645352591003757e-15,0.11281290121341167,1.3414405262495759,0.016584965826084447
Queue-load-0.20,0.2,4,4,32,452,802,EGM,10,10.0,0.0,0.17729729999999932,-0.09301900206406755,0.20415367914759727,0.08811006052750016,3.552713678800501e-15,0.11298413034748997,1.33848241897772,0.016569426548419672
Queue-load-0.20,0.2,4,4,32,452,802,EGM,15,15.0,0.0,0.2477465000000052,-0.09210031296246073,0.2030134033371967,0.08479158218117938,2.6645352591003757e-15,0.11308254041254327,1.3365959829420144,0.016570302590508738
Queue-load-0.20,0.2,4,4,32,452,802,EGM,20,20.0,0.0,0.3136009000000044,-0.09126016185394069,0.2018960259472124,0.08171604320930904,2.6645352591003757e-15,0.11315683104693403,1.335084876450608,0.016575543876718533
Queue-load-0.20,0.2,4,4,32,452,802,EGM,25,25.0,0.0,0.38911450000000514,-0.09058301962259065,0.20088832884681385,0.07889296763978695,2.6645352591003757e-15,0.11318240129843017,1.334455059821093,0.01658312186888085
Queue-load-0.20,0.2,4,4,32,452,802,EGM,30,30.0,0.0,0.45419689999999946,-0.08995881586190425,0.19988201421268562,0.07632567211506115,2.6645352591003757e-15,0.11320334199520371,1.3340354129858831,0.016584267847644735
Queue-load-0.20,0.2,4,4,32,452,802,EGM,35,35.0,0.0,0.5228695999999999,-0.08931297895621197,0.19880370094187644,0.07401435635741486,3.552713678800501e-15,0.11324048876364692,1.3332765179580686,0.016587062922770804
Queue-load-0.20,0.2,4,4,32,452,802,EGM,40,40.0,0.0,0.5952269000000001,-0.08864044066188634,0.1976488955104415,0.07195810391674146,1.7763568394002505e-15,0.11330216904494891,1.332337301846676,0.01657481506838409
Queue-load-0.20,0.2,4,4,32,452,802,EGM,45,45.0,0.0,0.6635276000000019,-0.08787097846628575,0.19634731272461664,0.0701558009464024,2.6645352591003757e-15,0.11342213579218466,1.330834361872988,0.016533950425026697
Queue-load-0.20,0.2,4,4,32,452,802,EGM,50,50.0,0.0,0.7366778000000025,-0.08694729599545475,0.19484094759061632,0.06860623121816416,1.7763568394002505e-15,0.1136174315360052,1.328508133409862,0.016461087758212842
Queue-load-0.20,0.2,4,4,32,452,802,EGM,55,55.0,0.0,0.8025769999999994,-0.08586738470674148,0.19312644150164782,0.06730766361713568,3.552713678800501e-15,0.11388803059937368,1.3253522789831391,0.016356586296250666
Queue-load-0.20,0.2,4,4,32,452,802,EGM,60,60.0,0.0,0.8722463000000005,-0.08462868112939649,0.19119925662669077,0.06625721424443141,2.6645352591003757e-15,0.1142338077018879,1.3213612865889477,0.016220861425009628
Queue-load-0.20,0.2,4,4,32,452,802,PPM-3,0,0.0,0.0,5.900000004999129e-06,-0.09576223871495337,0.20717431258743838,0.09538513132880276,3.552713678800501e-15,0.11242176691872002,1.346951089575649,0.01668607047203545
Queue-load-0.20,0.2,4,4,32,452,802,PPM-3,5,15.0,0.0,0.10560670000000272,-0.09412600444863178,0.20542394031377403,0.09165169770568579,5.329070518200751e-15,0.11281301406505374,1.3414391065927724,0.016584927693221483
Queue-load-0.20,0.2,4,4,32,452,802,PPM-3,10,30.0,0.0,0.2089083000000045,-0.09301848447136779,0.20415337238071435,0.08810942462163453,3.552713678800501e-15,0.11298431361936966,1.3384799683300668,0.016569372257995516
Queue-load-0.20,0.2,4,4,32,452,802,PPM-3,15,45.0,0.0,0.3051890000000057,-0.09209971925815558,0.20301310808938283,0.08479079781192524,2.6645352591003757e-15,0.11308273636017031,1.3365932505692988,0.016570250451971982
Queue-load-0.20,0.2,4,4,32,452,802,PPM-3,20,60.0,0.0,0.4112518000000023,-0.09125956360076737,0.20189579940648583,0.08171521370713983,2.6645352591003757e-15,0.1131570110081361,1.3350823194320018,0.016575498495442886
Queue-load-0.20,0.2,4,4,32,452,802,PPM-3,25,75.0,0.0,0.5296237000000019,-0.09058251476316867,0.20088825347375794,0.07889217408779599,2.220446049250313e-15,0.1131825242383713,1.3344531815714282,0.016583097784185204
Queue-load-0.20,0.2,4,4,32,452,802,PPM-3,30,90.0,0.0,0.6481460000000041,-0.08995835617252791,0.19988202582107217,0.07632496907295525,2.6645352591003757e-15,0.1132034197141529,1.3340339780768635,0.016584265650223067
Queue-load-0.20,0.2,4,4,32,452,802,PPM-3,35,105.0,0.0,0.7618667000000059,-0.0893125072619882,0.19880372652133393,0.07401377309374481,1.7763568394002505e-15,0.11324054475387327,1.333275357180472,0.01658706802610205
Queue-load-0.20,0.2,4,4,32,452,802,PPM-3,40,120.0,0.0,0.8602989000000036,-0.08864004260682609,0.19764900553723397,0.07195764918878841,2.6645352591003757e-15,0.11330216925883302,1.3323367839662799,0.016574842111362918
Queue-load-0.20,0.2,4,4,32,452,802,PPM-3,45,135.0,0.0,0.9808847000000043,-0.08787063311474229,0.19634747218912396,0.0701554693473401,1.7763568394002505e-15,0.11342208844767723,1.33083436467151,0.016533997622243394
Queue-load-0.20,0.2,4,4,32,452,802,PPM-3,50,150.0,0.0,1.0726128000000017,-0.08694700642717869,0.19484114687587978,0.06860600956562807,2.6645352591003757e-15,0.11361733782328255,1.3285086493721865,0.01646115431502348
Queue-load-0.20,0.2,4,4,32,452,802,PPM-3,55,165.0,0.0,1.1671138000000028,-0.08586715016675951,0.19312666867498246,0.0673075363801237,3.552713678800501e-15,0.11388789401621982,1.3253532742338194,0.016356670497789768
Queue-load-0.20,0.2,4,4,32,452,802,PPM-3,60,180.0,0.0,1.278012700000005,-0.08462849778471028,0.19119949822342708,0.0662571674613772,2.6645352591003757e-15,0.11423363346182797,1.3213627076511436,0.016220960872322658
Queue-load-0.20,0.2,4,4,32,452,803,QP+G,0,0.0,0.0,6.100000000230921e-06,-0.05605810201420381,0.16679355140801114,0.09558918611544871,1.7763568394002505e-15,0.12725597663582983,1.1719443059458343,0.01106274410386331
Queue-load-0.20,0.2,4,4,32,452,803,QP+G,5,5.0,5.0,0.7808378999999945,-0.05529960578161602,0.16544451780968208,0.09021748173726248,1.7763568394002505e-15,0.12742144678807465,1.16965726143935,0.01101764471511769
Queue-load-0.20,0.2,4,4,32,452,803,QP+G,10,10.0,10.0,1.4555011999999934,-0.05512416247646253,0.16461429810278608,0.08537820537072412,1.7763568394002505e-15,0.12736549467988117,1.1703056910048495,0.01103946895144283
Queue-load-0.20,0.2,4,4,32,452,803,QP+G,15,15.0,15.0,2.190690399999994,-0.05516987700261749,0.16394762976185873,0.08109517219115779,1.7763568394002505e-15,0.12723196198627698,1.1721744393734883,0.011074646467750209
Queue-load-0.20,0.2,4,4,32,452,803,QP+G,20,20.0,20.0,2.835814599999999,-0.055427035934946696,0.163440199896081,0.07734782987997822,8.881784197001252e-16,0.12701574943040184,1.1750643701741335,0.011138757402538694
Queue-load-0.20,0.2,4,4,32,452,803,QP+G,25,25.0,25.0,3.4848643999999993,-0.05567590998853887,0.1628766240682059,0.07409300754724103,1.7763568394002505e-15,0.12680691807204092,1.1778706289122027,0.011199890932580102
Queue-load-0.20,0.2,4,4,32,452,803,QP+G,30,30.0,30.0,4.157546399999994,-0.055852690591133,0.16219657851525515,0.07127825597996636,1.7763568394002505e-15,0.12662090451321487,1.1802902511850395,0.011258555950730819
Queue-load-0.20,0.2,4,4,32,452,803,QP+G,35,35.0,35.0,4.924091899999993,-0.05594465760190488,0.16139015203762225,0.06884914008304406,1.7763568394002505e-15,0.12646649996204698,1.1822411544801237,0.011310281381104549
Queue-load-0.20,0.2,4,4,32,452,803,QP+G,40,40.0,40.0,5.665762799999996,-0.055957862095701576,0.16046568955484256,0.06675280390130754,1.3322676295501878e-15,0.12634399252934764,1.1837682666821374,0.011352414487382109
Queue-load-0.20,0.2,4,4,32,452,803,QP+G,45,45.0,45.0,6.400768499999998,-0.055987756560341446,0.15952055677989427,0.06493950345565724,2.6645352591003757e-15,0.126216324065347,1.185414757278046,0.011393425551598169
Queue-load-0.20,0.2,4,4,32,452,803,QP+G,50,50.0,50.0,7.079613499999994,-0.05606360393191122,0.1585856581657125,0.06336317864424393,1.7763568394002505e-15,0.12607809759428107,1.1872582684673445,0.011434625117964281
Queue-load-0.20,0.2,4,4,32,452,803,QP+G,55,55.0,55.0,7.754946999999994,-0.05608582743913914,0.15756287192453067,0.06198167313384521,1.7763568394002505e-15,0.12596136212098943,1.188825620037673,0.01146886840334389
Queue-load-0.20,0.2,4,4,32,452,803,QP+G,60,60.0,60.0,8.429912999999999,-0.05610241038590507,0.15650151320347291,0.060756906731161235,1.7763568394002505e-15,0.12584681853600527,1.1904106572405808,0.01149998897764857
Queue-load-0.20,0.2,4,4,32,452,803,noG,0,0.0,0.0,6.3999999966313226e-06,-0.05605810201420381,0.16679355140801114,0.09558918611544871,1.7763568394002505e-15,0.12725597663582983,1.1719443059458343,0.01106274410386331
Queue-load-0.20,0.2,4,4,32,452,803,noG,5,5.0,0.0,0.30254349999999874,-0.05529960578161602,0.16544451780968208,0.09021748173726248,1.7763568394002505e-15,0.12742144678807465,1.16965726143935,0.01101764471511769
Queue-load-0.20,0.2,4,4,32,452,803,noG,10,10.0,0.0,0.6500777999999983,-0.05512416247646253,0.16461429810278608,0.08537820537072412,1.7763568394002505e-15,0.12736549467988117,1.1703056910048495,0.01103946895144283
Queue-load-0.20,0.2,4,4,32,452,803,noG,15,15.0,0.0,0.9915044999999978,-0.05516987700261749,0.16394762976185873,0.08109517219115779,1.7763568394002505e-15,0.12723196198627698,1.1721744393734883,0.011074646467750209
Queue-load-0.20,0.2,4,4,32,452,803,noG,20,20.0,0.0,1.3094905999999966,-0.055427035934946696,0.163440199896081,0.07734782987997822,8.881784197001252e-16,0.12701574943040184,1.1750643701741335,0.011138757402538694
Queue-load-0.20,0.2,4,4,32,452,803,noG,25,25.0,0.0,1.6080939999999941,-0.05567590998853887,0.1628766240682059,0.07409300754724103,1.7763568394002505e-15,0.12680691807204092,1.1778706289122027,0.011199890932580102
Queue-load-0.20,0.2,4,4,32,452,803,noG,30,30.0,0.0,1.9300162999999984,-0.055852690591133,0.16219657851525515,0.07127825597996636,1.7763568394002505e-15,0.12662090451321487,1.1802902511850395,0.011258555950730819
Queue-load-0.20,0.2,4,4,32,452,803,noG,35,35.0,0.0,2.2204050999999936,-0.05594465760190488,0.16139015203762225,0.06884914008304406,1.7763568394002505e-15,0.12646649996204698,1.1822411544801237,0.011310281381104549
Queue-load-0.20,0.2,4,4,32,452,803,noG,40,40.0,0.0,2.563742099999999,-0.055957862095701576,0.16046568955484256,0.06675280390130754,1.3322676295501878e-15,0.12634399252934764,1.1837682666821374,0.011352414487382109
Queue-load-0.20,0.2,4,4,32,452,803,noG,45,45.0,0.0,2.890685699999999,-0.055987756560341446,0.15952055677989427,0.06493950345565724,2.6645352591003757e-15,0.126216324065347,1.185414757278046,0.011393425551598169
Queue-load-0.20,0.2,4,4,32,452,803,noG,50,50.0,0.0,3.196889199999994,-0.05606360393191122,0.1585856581657125,0.06336317864424393,1.7763568394002505e-15,0.12607809759428107,1.1872582684673445,0.011434625117964281
Queue-load-0.20,0.2,4,4,32,452,803,noG,55,55.0,0.0,3.5046362999999943,-0.05608582743913914,0.15756287192453067,0.06198167313384521,1.7763568394002505e-15,0.12596136212098943,1.188825620037673,0.01146886840334389
Queue-load-0.20,0.2,4,4,32,452,803,noG,60,60.0,0.0,3.8347631999999976,-0.05610241038590507,0.15650151320347291,0.060756906731161235,1.7763568394002505e-15,0.12584681853600527,1.1904106572405808,0.01149998897764857
Queue-load-0.20,0.2,4,4,32,452,803,GDA,0,0.0,0.0,6.700000000137152e-06,-0.05605810201420381,0.16679355140801114,0.09558918611544871,1.7763568394002505e-15,0.12725597663582983,1.1719443059458343,0.01106274410386331
Queue-load-0.20,0.2,4,4,32,452,803,GDA,5,5.0,0.0,0.04796220000000062,-0.05529960578161602,0.16544451780968208,0.09021748173726248,1.7763568394002505e-15,0.12742144678807465,1.16965726143935,0.01101764471511769
Queue-load-0.20,0.2,4,4,32,452,803,GDA,10,10.0,0.0,0.0988868000000025,-0.05512416247646253,0.16461429810278608,0.08537820537072412,1.7763568394002505e-15,0.12736549467988117,1.1703056910048495,0.01103946895144283
Queue-load-0.20,0.2,4,4,32,452,803,GDA,15,15.0,0.0,0.14835310000000135,-0.05516987700261749,0.16394762976185873,0.08109517219115779,1.7763568394002505e-15,0.12723196198627698,1.1721744393734883,0.011074646467750209
Queue-load-0.20,0.2,4,4,32,452,803,GDA,20,20.0,0.0,0.19499430000000473,-0.055427035934946696,0.163440199896081,0.07734782987997822,8.881784197001252e-16,0.12701574943040184,1.1750643701741335,0.011138757402538694
Queue-load-0.20,0.2,4,4,32,452,803,GDA,25,25.0,0.0,0.23993220000000548,-0.05567590998853887,0.1628766240682059,0.07409300754724103,1.7763568394002505e-15,0.12680691807204092,1.1778706289122027,0.011199890932580102
Queue-load-0.20,0.2,4,4,32,452,803,GDA,30,30.0,0.0,0.28836689999999976,-0.055852690591133,0.16219657851525515,0.07127825597996636,1.7763568394002505e-15,0.12662090451321487,1.1802902511850395,0.011258555950730819
Queue-load-0.20,0.2,4,4,32,452,803,GDA,35,35.0,0.0,0.333605900000002,-0.05594465760190488,0.16139015203762225,0.06884914008304406,1.7763568394002505e-15,0.12646649996204698,1.1822411544801237,0.011310281381104549
Queue-load-0.20,0.2,4,4,32,452,803,GDA,40,40.0,0.0,0.37843300000000113,-0.055957862095701576,0.16046568955484256,0.06675280390130754,1.3322676295501878e-15,0.12634399252934764,1.1837682666821374,0.011352414487382109
Queue-load-0.20,0.2,4,4,32,452,803,GDA,45,45.0,0.0,0.43179440000000113,-0.055987756560341446,0.15952055677989427,0.06493950345565724,2.6645352591003757e-15,0.126216324065347,1.185414757278046,0.011393425551598169
Queue-load-0.20,0.2,4,4,32,452,803,GDA,50,50.0,0.0,0.4775407999999999,-0.05606360393191122,0.1585856581657125,0.06336317864424393,1.7763568394002505e-15,0.12607809759428107,1.1872582684673445,0.011434625117964281
Queue-load-0.20,0.2,4,4,32,452,803,GDA,55,55.0,0.0,0.5217774000000048,-0.05608582743913914,0.15756287192453067,0.06198167313384521,1.7763568394002505e-15,0.12596136212098943,1.188825620037673,0.01146886840334389
Queue-load-0.20,0.2,4,4,32,452,803,GDA,60,60.0,0.0,0.5739897000000056,-0.05610241038590507,0.15650151320347291,0.060756906731161235,1.7763568394002505e-15,0.12584681853600527,1.1904106572405808,0.01149998897764857
Queue-load-0.20,0.2,4,4,32,452,803,EGM,0,0.0,0.0,6.000000006167738e-06,-0.05605810201420381,0.16679355140801114,0.09558918611544871,1.7763568394002505e-15,0.12725597663582983,1.1719443059458343,0.01106274410386331
Queue-load-0.20,0.2,4,4,32,452,803,EGM,5,5.0,0.0,0.06434440000000308,-0.05529620824050079,0.16542956999902997,0.09029148104480678,1.7763568394002505e-15,0.12742416937355452,1.1696211881879885,0.011016820721814626
Queue-load-0.20,0.2,4,4,32,452,803,EGM,10,10.0,0.0,0.12564350000000246,-0.055104394698038364,0.16457346143786433,0.08551093822976005,1.7763568394002505e-15,0.1273755019406006,1.1701615789957398,0.011037046533307875
Queue-load-0.20,0.2,4,4,32,452,803,EGM,15,15.0,0.0,0.19155490000000697,-0.055141805436794394,0.1638905455224739,0.08127027969784888,2.6645352591003757e-15,0.12724687901764625,1.1719692679842222,0.01107052793055283
Queue-load-0.20,0.2,4,4,32,452,803,EGM,20,20.0,0.0,0.26085860000000594,-0.05537958725462847,0.16335698984609331,0.07755073590609107,1.7763568394002505e-15,0.1270391507489454,1.1747409890322091,0.011132376144096569
Queue-load-0.20,0.2,4,4,32,452,803,EGM,25,25.0,0.0,0.3215389000000002,-0.05562325401035648,0.16278235347836162,0.07431190158047445,1.7763568394002505e-15,0.12683370793000953,1.1775023808790468,0.011192482550040827
Queue-load-0.20,0.2,4,4,32,452,803,EGM,30,30.0,0.0,0.39186910000000097,-0.05579763962158862,0.16209472725027319,0.07150406390177048,1.7763568394002505e-15,0.12665008335214709,1.1798971705487276,0.011250065566341212
Queue-load-0.20,0.2,4,4,32,452,803,EGM,35,35.0,0.0,0.45350520000000216,-0.05589106732896292,0.1612850752756712,0.06907508610275562,1.7763568394002505e-15,0.1264961376422714,1.1818388376999132,0.011301818268259491
Queue-load-0.20,0.2,4,4,32,452,803,EGM,40,40.0,0.0,0.520591600000003,-0.055903414456907705,0.1603554485081904,0.06697389229642006,2.6645352591003757e-15,0.12637394886262227,1.1833713041716092,0.011343350917819597
Queue-load-0.20,0.2,4,4,32,452,803,EGM,45,45.0,0.0,0.5796703000000036,-0.055934371951549114,0.15940736793525748,0.06515206701278524,1.7763568394002505e-15,0.12624752293637143,1.1849954120436064,0.011384297482386148
Queue-load-0.20,0.2,4,4,32,452,803,EGM,50,50.0,0.0,0.6393692000000044,-0.05601232893908436,0.15847080860529097,0.06356454142570456,1.7763568394002505e-15,0.12610891251427717,1.1868412528385377,0.011425758388957815
Queue-load-0.20,0.2,4,4,32,452,803,EGM,55,55.0,0.0,0.7093118000000018,-0.056036356299765874,0.15744626019438362,0.06216992765803871,1.7763568394002505e-15,0.12599172754502158,1.1884116845033363,0.0114602890600659
Queue-load-0.20,0.2,4,4,32,452,803,EGM,60,60.0,0.0,0.787815700000003,-0.0560655298159501,0.15639410644774993,0.06093078536646906,1.7763568394002505e-15,0.12587297479011567,1.1900583116889234,0.011492377226257114
Queue-load-0.20,0.2,4,4,32,452,803,PPM-3,0,0.0,0.0,8.699999995087637e-06,-0.05605810201420381,0.16679355140801114,0.09558918611544871,1.7763568394002505e-15,0.12725597663582983,1.1719443059458343,0.01106274410386331
Queue-load-0.20,0.2,4,4,32,452,803,PPM-3,5,15.0,0.0,0.11217989999999389,-0.05529625202326874,0.16542974431428775,0.09029040524994601,1.7763568394002505e-15,0.12742413067417382,1.1696215569600423,0.011016840012140146
Queue-load-0.20,0.2,4,4,32,452,803,PPM-3,10,30.0,0.0,0.22159529999999705,-0.055104659185651376,0.164573960100277,0.08550902142977035,1.7763568394002505e-15,0.12737536323646664,1.1701633163852778,0.011037093795887241
Queue-load-0.20,0.2,4,4,32,452,803,PPM-3,15,45.0,0.0,0.31597969999999975,-0.05514216611666341,0.16389121967396802,0.08126778218461325,1.7763568394002505e-15,0.1272466776518661,1.1719716490098169,0.011070603979196443
Queue-load-0.20,0.2,4,4,32,452,803,PPM-3,20,60.0,0.0,0.4155372999999969,-0.05538025209440579,0.16335802687438947,0.07754788733255398,2.6645352591003757e-15,0.12703882036579014,1.1747451099923183,0.01113248963461443
Queue-load-0.20,0.2,4,4,32,452,803,PPM-3,25,75.0,0.0,0.514094699999994,-0.055623907426402934,0.16278342118464711,0.07430888040418447,1.7763568394002505e-15,0.12683336273767987,1.1775066643425727,0.01119260229692203
Queue-load-0.20,0.2,4,4,32,452,803,PPM-3,30,90.0,0.0,0.6104939999999957,-0.05579827777368667,0.16209580884417712,0.07150099718321412,1.7763568394002505e-15,0.1266497226487856,1.1799014809588964,0.011250199406009546
Queue-load-0.20,0.2,4,4,32,452,803,PPM-3,35,105.0,0.0,0.7171837999999937,-0.05589162513787043,0.16128609588949155,0.06907205805862882,3.552713678800501e-15,0.126495793048437,1.1818429328472706,0.011301947328022692
Queue-load-0.20,0.2,4,4,32,452,803,PPM-3,40,120.0,0.0,0.812682499999994,-0.055903883886132835,0.16035639292027848,0.06697095499822871,1.7763568394002505e-15,0.12637362593102192,1.1833751231306269,0.01134347285157685
Queue-load-0.20,0.2,4,4,32,452,803,PPM-3,45,135.0,0.0,0.9069554999999951,-0.05593483434891024,0.15940831236617378,0.06514925020911347,2.6645352591003757e-15,0.1262471954982152,1.1849993359576731,0.011384418398749515
Queue-load-0.20,0.2,4,4,32,452,803,PPM-3,50,150.0,0.0,1.002184199999995,-0.05601269814319858,0.15847166332034676,0.06356186045925855,2.6645352591003757e-15,0.1261086125866961,1.1868448324766603,0.011425869914532542
Queue-load-0.20,0.2,4,4,32,452,803,PPM-3,55,165.0,0.0,1.097875699999996,-0.05603663769875027,0.15744702811065575,0.062167389364072984,1.7763568394002505e-15,0.12599145494076253,1.1884149250734086,0.01146039110800577
Queue-load-0.20,0.2,4,4,32,452,803,PPM-3,60,180.0,0.0,1.1997722999999993,-0.05606570233967785,0.15639476473065217,0.06092839217617356,2.6645352591003757e-15,0.12587273785673683,1.1900610806670737,0.011492468423943799
Queue-load-0.20,0.2,4,4,32,452,804,QP+G,0,0.0,0.0,6.900000002474371e-06,-0.08801367355434085,0.20170865157829548,0.11019549335706774,1.7763568394002505e-15,0.11482394497548666,1.3165727325251535,0.015882753312663516
Queue-load-0.20,0.2,4,4,32,452,804,QP+G,5,5.0,5.0,0.6702046999999993,-0.08544039464316301,0.19910518894818985,0.10554483738041126,2.6645352591003757e-15,0.11564024924597442,1.3063209171027312,0.015606018274934533
Queue-load-0.20,0.2,4,4,32,452,804,QP+G,10,10.0,10.0,1.322692400000001,-0.08353964313620468,0.19700839878073928,0.10091628233475282,1.7763568394002505e-15,0.11614731215450985,1.2989658213280009,0.015486065670332347
Queue-load-0.20,0.2,4,4,32,452,804,QP+G,15,15.0,15.0,1.9399530000000027,-0.08194069527269623,0.19505450340356428,0.09633044686476108,1.7763568394002505e-15,0.11653648112374154,1.293441165312892,0.015387668070317108
Queue-load-0.20,0.2,4,4,32,452,804,QP+G,20,20.0,20.0,2.5770234999999957,-0.08054225037047887,0.19315156135071754,0.09190989662757142,2.6645352591003757e-15,0.11687000097763597,1.2891634951327313,0.01527928875222051
Queue-load-0.20,0.2,4,4,32,452,804,QP+G,25,25.0,25.0,3.2056374999999946,-0.07894560013695814,0.19091078561050961,0.08781051818521256,1.7763568394002505e-15,0.11728464162704683,1.2840471237036208,0.01513393080960491
Queue-load-0.20,0.2,4,4,32,452,804,QP+G,30,30.0,30.0,3.822641599999997,-0.07747150147902508,0.18866218041509453,0.08415984643491804,1.7763568394002505e-15,0.11767189726761607,1.279507556762465,0.014985599744885926
Queue-load-0.20,0.2,4,4,32,452,804,QP+G,35,35.0,35.0,4.461292299999997,-0.07601167779946708,0.186305457789593,0.08102737066624736,3.552713678800501e-15,0.11808005805388386,1.2749890345249917,0.014815255918485343
Queue-load-0.20,0.2,4,4,32,452,804,QP+G,40,40.0,40.0,5.107364099999998,-0.07432500043461635,0.1835566307699117,0.07848124254072698,2.6645352591003757e-15,0.11860803306281957,1.2690980659954947,0.01459733188478607
Queue-load-0.20,0.2,4,4,32,452,804,QP+G,45,45.0,45.0,5.771023600000007,-0.07258280578407733,0.180615836272721,0.07643048628382669,1.7763568394002505e-15,0.1191845197765437,1.2627374952424542,0.014355612052800972
Queue-load-0.20,0.2,4,4,32,452,804,QP+G,50,50.0,50.0,6.430090500000006,-0.0708950901021077,0.1776319287249612,0.07477401972512933,2.6645352591003757e-15,0.11976313123366117,1.256519390359254,0.014104269273746802
Queue-load-0.20,0.2,4,4,32,452,804,QP+G,55,55.0,55.0,7.094177400000007,-0.06916506337966408,0.1745122967800752,0.07344972186572797,3.552713678800501e-15,0.12037115158654932,1.249884028777421,0.013845478477797355
Queue-load-0.20,0.2,4,4,32,452,804,QP+G,60,60.0,60.0,7.7909144999999995,-0.06732058761894423,0.17118949611257805,0.07239267594540783,1.7763568394002505e-15,0.12103303902842433,1.2425529086328975,0.013569439464581385
Queue-load-0.20,0.2,4,4,32,452,804,noG,0,0.0,0.0,6.100000007336348e-06,-0.08801367355434085,0.20170865157829548,0.11019549335706774,1.7763568394002505e-15,0.11482394497548666,1.3165727325251535,0.015882753312663516
Queue-load-0.20,0.2,4,4,32,452,804,noG,5,5.0,0.0,0.33819859999999835,-0.08544039464316301,0.19910518894818985,0.10554483738041126,2.6645352591003757e-15,0.11564024924597442,1.3063209171027312,0.015606018274934533
Queue-load-0.20,0.2,4,4,32,452,804,noG,10,10.0,0.0,0.6586830000000106,-0.08353964313620468,0.19700839878073928,0.10091628233475282,1.7763568394002505e-15,0.11614731215450985,1.2989658213280009,0.015486065670332347
Queue-load-0.20,0.2,4,4,32,452,804,noG,15,15.0,0.0,0.9922961000000043,-0.08194069527269623,0.19505450340356428,0.09633044686476108,1.7763568394002505e-15,0.11653648112374154,1.293441165312892,0.015387668070317108
Queue-load-0.20,0.2,4,4,32,452,804,noG,20,20.0,0.0,1.3064291000000026,-0.08054225037047887,0.19315156135071754,0.09190989662757142,2.6645352591003757e-15,0.11687000097763597,1.2891634951327313,0.01527928875222051
Queue-load-0.20,0.2,4,4,32,452,804,noG,25,25.0,0.0,1.6389587999999975,-0.07894560013695814,0.19091078561050961,0.08781051818521256,1.7763568394002505e-15,0.11728464162704683,1.2840471237036208,0.01513393080960491
Queue-load-0.20,0.2,4,4,32,452,804,noG,30,30.0,0.0,1.9917437000000007,-0.07747150147902508,0.18866218041509453,0.08415984643491804,1.7763568394002505e-15,0.11767189726761607,1.279507556762465,0.014985599744885926
Queue-load-0.20,0.2,4,4,32,452,804,noG,35,35.0,0.0,2.322598499999998,-0.07601167779946708,0.186305457789593,0.08102737066624736,3.552713678800501e-15,0.11808005805388386,1.2749890345249917,0.014815255918485343
Queue-load-0.20,0.2,4,4,32,452,804,noG,40,40.0,0.0,2.652044900000007,-0.0743957384133368,0.1836768745848913,0.07842441132732024,1.7763568394002505e-15,0.11856834884514404,1.2695609585768979,0.014612653335019345
Queue-load-0.20,0.2,4,4,32,452,804,noG,45,45.0,0.0,3.0234570000000076,-0.07275214973605769,0.18091042698033205,0.07631898931285303,1.7763568394002505e-15,0.11908977587144484,1.263854079458605,0.014391588367576062
Queue-load-0.20,0.2,4,4,32,452,804,noG,50,50.0,0.0,3.3503993000000065,-0.07116759984319265,0.17809758651011015,0.07465316174899625,1.7763568394002505e-15,0.11961149004008276,1.258304219130157,0.01416197211096183
Queue-load-0.20,0.2,4,4,32,452,804,noG,55,55.0,0.0,3.6777786000000106,-0.06951163305212993,0.1751123570344465,0.07335680315872029,1.7763568394002505e-15,0.12017716648704535,1.2521855811251563,0.013918329243209878
Queue-load-0.20,0.2,4,4,32,452,804,noG,60,60.0,0.0,3.9920793000000003,-0.0677349725316076,0.17191001941068393,0.0723566659807597,1.7763568394002505e-15,0.12080085124699551,1.2452969876465836,0.013657202034763545
Queue-load-0.20,0.2,4,4,32,452,804,GDA,0,0.0,0.0,5.700000002661909e-06,-0.08801367355434085,0.20170865157829548,0.11019549335706774,1.7763568394002505e-15,0.11482394497548666,1.3165727325251535,0.015882753312663516
Queue-load-0.20,0.2,4,4,32,452,804,GDA,5,5.0,0.0,0.04330749999999739,-0.08544039464316301,0.19910518894818985,0.10554483738041126,2.6645352591003757e-15,0.11564024924597442,1.3063209171027312,0.015606018274934533
Queue-load-0.20,0.2,4,4,32,452,804,GDA,10,10.0,0.0,0.08742320000000348,-0.08353964313620468,0.19700839878073928,0.10091628233475282,1.7763568394002505e-15,0.11614731215450985,1.2989658213280009,0.015486065670332347
Queue-load-0.20,0.2,4,4,32,452,804,GDA,15,15.0,0.0,0.14595979999999997,-0.08194069527269623,0.19505450340356428,0.09633044686476108,1.7763568394002505e-15,0.11653648112374154,1.293441165312892,0.015387668070317108
Queue-load-0.20,0.2,4,4,32,452,804,GDA,20,20.0,0.0,0.19704140000000336,-0.08054225037047887,0.19315156135071754,0.09190989662757142,2.6645352591003757e-15,0.11687000097763597,1.2891634951327313,0.01527928875222051
Queue-load-0.20,0.2,4,4,32,452,804,GDA,25,25.0,0.0,0.25066830000000095,-0.07894560013695814,0.19091078561050961,0.08781051818521256,1.7763568394002505e-15,0.11728464162704683,1.2840471237036208,0.01513393080960491
Queue-load-0.20,0.2,4,4,32,452,804,GDA,30,30.0,0.0,0.31093180000000586,-0.07747150147902508,0.18866218041509453,0.08415984643491804,1.7763568394002505e-15,0.11767189726761607,1.279507556762465,0.014985599744885926
Queue-load-0.20,0.2,4,4,32,452,804,GDA,35,35.0,0.0,0.3630514999999974,-0.07601167779946708,0.186305457789593,0.08102737066624736,3.552713678800501e-15,0.11808005805388386,1.2749890345249917,0.014815255918485343
Queue-load-0.20,0.2,4,4,32,452,804,GDA,40,40.0,0.0,0.4110847000000035,-0.0743957384133368,0.1836768745848913,0.07842441132732024,1.7763568394002505e-15,0.11856834884514404,1.2695609585768979,0.014612653335019345
Queue-load-0.20,0.2,4,4,32,452,804,GDA,45,45.0,0.0,0.46031130000000076,-0.07275214973605769,0.18091042698033205,0.07631898931285303,1.7763568394002505e-15,0.11908977587144484,1.263854079458605,0.014391588367576062
Queue-load-0.20,0.2,4,4,32,452,804,GDA,50,50.0,0.0,0.513499699999997,-0.07116759984319265,0.17809758651011015,0.07465316174899625,1.7763568394002505e-15,0.11961149004008276,1.258304219130157,0.01416197211096183
Queue-load-0.20,0.2,4,4,32,452,804,GDA,55,55.0,0.0,0.5690528000000086,-0.06951163305212993,0.1751123570344465,0.07335680315872029,1.7763568394002505e-15,0.12017716648704535,1.2521855811251563,0.013918329243209878
Queue-load-0.20,0.2,4,4,32,452,804,GDA,60,60.0,0.0,0.6257228000000055,-0.0677349725316076,0.17191001941068393,0.0723566659807597,1.7763568394002505e-15,0.12080085124699551,1.2452969876465836,0.013657202034763545
Queue-load-0.20,0.2,4,4,32,452,804,EGM,0,0.0,0.0,6.599999991863115e-06,-0.08801367355434085,0.20170865157829548,0.11019549335706774,1.7763568394002505e-15,0.11482394497548666,1.3165727325251535,0.015882753312663516
Queue-load-0.20,0.2,4,4,32,452,804,EGM,5,5.0,0.0,0.07376659999999902,-0.08540159589235333,0.19903519543385928,0.10557592781993441,2.6645352591003757e-15,0.11565746275544121,1.3061335722976795,0.015598665018365493
Queue-load-0.20,0.2,4,4,32,452,804,EGM,10,10.0,0.0,0.14020449999999585,-0.08346236185229686,0.1968698234272731,0.10096840034230356,2.6645352591003757e-15,0.11618273566090963,1.2985835074797667,0.0154707639454186
Queue-load-0.20,0.2,4,4,32,452,804,EGM,15,15.0,0.0,0.2105602000000033,-0.0818249557624222,0.19484967059810565,0.0964032232203102,4.440892098500626e-15,0.11659056141591034,1.2928459848627272,0.015364913064998936
Queue-load-0.20,0.2,4,4,32,452,804,EGM,20,20.0,0.0,0.2769983000000025,-0.08040543952086282,0.19290065914507068,0.09200493154062978,1.7763568394002505e-15,0.1169369884788824,1.288430522405287,0.015250878762944908
Queue-load-0.20,0.2,4,4,32,452,804,EGM,25,25.0,0.0,0.33882529999999633,-0.07878588989766405,0.1906147758463514,0.08792525362726253,3.552713678800501e-15,0.11736512990503434,1.2831603861192311,0.015100112930795731
Queue-load-0.20,0.2,4,4,32,452,804,EGM,30,30.0,0.0,0.4028304999999932,-0.07729605397523436,0.1883307339239987,0.08428622601755342,3.552713678800501e-15,0.11776294104403551,1.2785007643154935,0.014947545044622887
Queue-load-0.20,0.2,4,4,32,452,804,EGM,35,35.0,0.0,0.4769759999999934,-0.07581772726891947,0.18593796576723995,0.08115404789720351,2.6645352591003757e-15,0.11818185236562943,1.2738482046384287,0.014773505284979909
Queue-load-0.20,0.2,4,4,32,452,804,EGM,40,40.0,0.0,0.5708759000000043,-0.07418689724811386,0.1832788054334346,0.07853974468366186,2.6645352591003757e-15,0.11867881378699438,1.2683076309398442,0.014568153005645675
Queue-load-0.20,0.2,4,4,32,452,804,EGM,45,45.0,0.0,0.6597345999999931,-0.07253741941401111,0.18049244208349238,0.07641307751840228,1.7763568394002505e-15,0.11920327448909608,1.2625510957465629,0.014346667840032376
Queue-load-0.20,0.2,4,4,32,452,804,EGM,50,50.0,0.0,0.7425393999999983,-0.07093685788170134,0.1776511443943657,0.07471859411345975,1.7763568394002505e-15,0.11973460025221165,1.2568856298821627,0.014113524490832587
Queue-load-0.20,0.2,4,4,32,452,804,EGM,55,55.0,0.0,0.8107949999999988,-0.06927639317607917,0.17465058286483134,0.07338853517745504,2.6645352591003757e-15,0.12030311063056304,1.2507185484116181,0.013869597347773065
Queue-load-0.20,0.2,4,4,32,452,804,EGM,60,60.0,0.0,0.8777034999999955,-0.06749117792179582,0.1714305913681523,0.07235153354810661,1.7763568394002505e-15,0.12093081128739114,1.2437706802955013,0.013607573960214293
Queue-load-0.20,0.2,4,4,32,452,804,PPM-3,0,0.0,0.0,6.299999995462713e-06,-0.08801367355434085,0.20170865157829548,0.11019549335706774,1.7763568394002505e-15,0.11482394497548666,1.3165727325251535,0.015882753312663516
Queue-load-0.20,0.2,4,4,32,452,804,PPM-3,5,15.0,0.0,0.0999826999999982,-0.08540189067402376,0.1990354151300298,0.10557495746245858,2.6645352591003757e-15,0.11565733991114621,1.3061349550635235,0.015598715085510865
Queue-load-0.20,0.2,4,4,32,452,804,PPM-3,10,30.0,0.0,0.21071399999999585,-0.08346302683068729,0.1968704958075662,0.10096691570673269,5.329070518200751e-15,0.11618245312158965,1.2985865531775795,0.01547088618485365
Queue-load-0.20,0.2,4,4,32,452,804,PPM-3,15,45.0,0.0,0.3028144000000026,-0.08182582633955726,0.19485073709481343,0.09640152741644145,1.7763568394002505e-15,0.11659017280616278,1.2928499315636295,0.015365093953646445
Queue-load-0.20,0.2,4,4,32,452,804,PPM-3,20,60.0,0.0,0.3991919999999993,-0.08040661662990232,0.19290227765142448,0.09200314083702976,1.7763568394002505e-15,0.11693645210897956,1.2884359797622678,0.015251127903532976
Queue-load-0.20,0.2,4,4,32,452,804,PPM-3,25,75.0,0.0,0.5023922000000027,-0.07878737208687821,0.19061696573643835,0.08792337915037347,1.7763568394002505e-15,0.11736443974116441,1.2831674562046873,0.015100430984904998
Queue-load-0.20,0.2,4,4,32,452,804,PPM-3,30,90.0,0.0,0.6104519999999951,-0.07729737358225242,0.1883330273773125,0.08428426861992006,1.7763568394002505e-15,0.11776224940397234,1.2785070239060479,0.014947907232551717
Queue-load-0.20,0.2,4,4,32,452,804,PPM-3,35,105.0,0.0,0.7223295000000007,-0.07581934667222436,0.18594081585781488,0.08115204177633419,2.6645352591003757e-15,0.1181810080660667,1.273856174988938,0.014773930092410473
Queue-load-0.20,0.2,4,4,32,452,804,PPM-3,40,120.0,0.0,0.8455766999999952,-0.07418816875394155,0.1832815529979635,0.07853775334045218,1.3322676295501878e-15,0.1186780563759793,1.2683141868800099,0.014568565367178267
Queue-load-0.20,0.2,4,4,32,452,804,PPM-3,45,135.0,0.0,0.947115800000006,-0.07253905146494598,0.18049578495205762,0.07641117238603044,1.7763568394002505e-15,0.11920235989807487,1.2625596783977364,0.014347130712570846
Queue-load-0.20,0.2,4,4,32,452,804,PPM-3,50,150.0,0.0,1.0655502999999982,-0.07093826058261628,0.17765448352908347,0.07471683727730939,2.6645352591003757e-15,0.11973376109793593,1.2568935755593575,0.014113945451571814
Queue-load-0.20,0.2,4,4,32,452,804,PPM-3,55,165.0,0.0,1.1864941000000044,-0.06927793297823069,0.1746542765084768,0.0733869722580676,2.6645352591003757e-15,0.12030220775538025,1.250727322838859,0.013870038410995945
Queue-load-0.20,0.2,4,4,32,452,804,PPM-3,60,180.0,0.0,1.2924038999999965,-0.06749284034543146,0.17143461683703304,0.07235019441972898,2.6645352591003757e-15,0.12092985510009724,1.2437801687985912,0.013608030752608573
Queue-load-0.20,0.2,4,4,32,452,805,QP+G,0,0.0,0.0,5.000000001587068e-06,-0.07168746285342498,0.18250816737406633,0.1002581947612137,1.7763568394002505e-15,0.12206216868670812,1.2369370900856766,0.012835879203519612
Queue-load-0.20,0.2,4,4,32,452,805,QP+G,5,5.0,5.0,0.7065581000000094,-0.06699177788152083,0.17683671247448035,0.09645956698432157,1.7763568394002505e-15,0.12376994395476773,1.2166832113596908,0.012194097552617222
Queue-load-0.20,0.2,4,4,32,452,805,QP+G,10,10.0,10.0,1.398344300000005,-0.06319105753615271,0.17196113211143446,0.09282670777965021,2.6645352591003757e-15,0.1251008042646557,1.2004685136490139,0.011716642385396457
Queue-load-0.20,0.2,4,4,32,452,805,QP+G,15,15.0,15.0,2.086065000000005,-0.05989127244957538,0.16750005304782237,0.08938901013175231,1.7763568394002505e-15,0.1262099229428564,1.1863146304387306,0.011352464928789548
Queue-load-0.20,0.2,4,4,32,452,805,QP+G,20,20.0,20.0,2.79772100000001,-0.05760479592518832,0.16397622021911737,0.08616114261569223,1.7763568394002505e-15,0.12694063741531608,1.1771744807199813,0.011102810967843189
Queue-load-0.20,0.2,4,4,32,452,805,QP+G,25,25.0,25.0,3.5036898000000036,-0.05595583616465763,0.1610222921939798,0.08315023514657274,2.6645352591003757e-15,0.12743127840369992,1.1711591198738787,0.01092876791872759
Queue-load-0.20,0.2,4,4,32,452,805,QP+G,30,30.0,30.0,4.184008800000001,-0.05464754915494992,0.1583483131321558,0.08035839835724683,2.6645352591003757e-15,0.12778120499286494,1.1665394158299,0.010821983647666972
Queue-load-0.20,0.2,4,4,32,452,805,QP+G,35,35.0,35.0,4.870778600000008,-0.05373005229327903,0.15601005718905314,0.07778332301399428,1.7763568394002505e-15,0.12798416503605853,1.1638641507865854,0.010759827027805674
Queue-load-0.20,0.2,4,4,32,452,805,QP+G,40,40.0,40.0,5.512380400000012,-0.05356250953985864,0.15437140581223996,0.07541849820485887,1.7763568394002505e-15,0.12791663189001484,1.164733635427932,0.010781597824304646
Queue-load-0.20,0.2,4,4,32,452,805,QP+G,45,45.0,45.0,6.191549800000004,-0.05337397182562431,0.1526654373616298,0.07325363554643002,2.6645352591003757e-15,0.12785277367940742,1.1654431308583129,0.010808114170155394
Queue-load-0.20,0.2,4,4,32,452,805,QP+G,50,50.0,50.0,6.877786300000011,-0.05348603718899275,0.1512172919606217,0.07127537150588259,1.7763568394002505e-15,0.12768905749466078,1.167751990080505,0.01085031144847069
Queue-load-0.20,0.2,4,4,32,452,805,QP+G,55,55.0,55.0,7.560298200000005,-0.05363271826074452,0.14976419900598373,0.06946813585974561,2.220446049250313e-15,0.12751390246779315,1.1702271700234956,0.010895193846759972
Queue-load-0.20,0.2,4,4,32,452,805,QP+G,60,60.0,60.0,8.243870999999999,-0.05380010489903127,0.14829525580782912,0.06781505989103022,1.7763568394002505e-15,0.12732608709161755,1.1727259103147942,0.010951496576025043
Queue-load-0.20,0.2,4,4,32,452,805,noG,0,0.0,0.0,5.7999999967250915e-06,-0.07168746285342498,0.18250816737406633,0.1002581947612137,1.7763568394002505e-15,0.12206216868670812,1.2369370900856766,0.012835879203519612
Queue-load-0.20,0.2,4,4,32,452,805,noG,5,5.0,0.0,0.2882267999999897,-0.06699177788152083,0.17683671247448035,0.09645956698432157,1.7763568394002505e-15,0.12376994395476773,1.2166832113596908,0.012194097552617222
Queue-load-0.20,0.2,4,4,32,452,805,noG,10,10.0,0.0,0.5662004999999937,-0.06319105753615271,0.17196113211143446,0.09282670777965021,2.6645352591003757e-15,0.1251008042646557,1.2004685136490139,0.011716642385396457
Queue-load-0.20,0.2,4,4,32,452,805,noG,15,15.0,0.0,0.8537277999999873,-0.05989127244957538,0.16750005304782237,0.08938901013175231,1.7763568394002505e-15,0.1262099229428564,1.1863146304387306,0.011352464928789548
Queue-load-0.20,0.2,4,4,32,452,805,noG,20,20.0,0.0,1.1626677,-0.05760479592518832,0.16397622021911737,0.08616114261569223,1.7763568394002505e-15,0.12694063741531608,1.1771744807199813,0.011102810967843189
Queue-load-0.20,0.2,4,4,32,452,805,noG,25,25.0,0.0,1.4872905999999944,-0.05595583616465763,0.1610222921939798,0.08315023514657274,2.6645352591003757e-15,0.12743127840369992,1.1711591198738787,0.01092876791872759
Queue-load-0.20,0.2,4,4,32,452,805,noG,30,30.0,0.0,1.797093799999999,-0.05464754915494992,0.1583483131321558,0.08035839835724683,2.6645352591003757e-15,0.12778120499286494,1.1665394158299,0.010821983647666972
Queue-load-0.20,0.2,4,4,32,452,805,noG,35,35.0,0.0,2.121733199999994,-0.05373005229327903,0.15601005718905314,0.07778332301399428,1.7763568394002505e-15,0.12798416503605853,1.1638641507865854,0.010759827027805674
Queue-load-0.20,0.2,4,4,32,452,805,noG,40,40.0,0.0,2.4698714999999964,-0.05356250953985864,0.15437140581223996,0.07541849820485887,1.7763568394002505e-15,0.12791663189001484,1.164733635427932,0.010781597824304646
Queue-load-0.20,0.2,4,4,32,452,805,noG,45,45.0,0.0,2.7899460999999945,-0.05337397182562431,0.1526654373616298,0.07325363554643002,2.6645352591003757e-15,0.12785277367940742,1.1654431308583129,0.010808114170155394
Queue-load-0.20,0.2,4,4,32,452,805,noG,50,50.0,0.0,3.097925499999988,-0.05348603718899275,0.1512172919606217,0.07127537150588259,1.7763568394002505e-15,0.12768905749466078,1.167751990080505,0.01085031144847069
Queue-load-0.20,0.2,4,4,32,452,805,noG,55,55.0,0.0,3.4320782999999864,-0.05363271826074452,0.14976419900598373,0.06946813585974561,2.220446049250313e-15,0.12751390246779315,1.1702271700234956,0.010895193846759972
Queue-load-0.20,0.2,4,4,32,452,805,noG,60,60.0,0.0,3.7232787999999886,-0.05380010489903127,0.14829525580782912,0.06781505989103022,1.7763568394002505e-15,0.12732608709161755,1.1727259103147942,0.010951496576025043
Queue-load-0.20,0.2,4,4,32,452,805,GDA,0,0.0,0.0,6.700000000137152e-06,-0.07168746285342498,0.18250816737406633,0.1002581947612137,1.7763568394002505e-15,0.12206216868670812,1.2369370900856766,0.012835879203519612
Queue-load-0.20,0.2,4,4,32,452,805,GDA,5,5.0,0.0,0.048123099999997976,-0.06699177788152083,0.17683671247448035,0.09645956698432157,1.7763568394002505e-15,0.12376994395476773,1.2166832113596908,0.012194097552617222
Queue-load-0.20,0.2,4,4,32,452,805,GDA,10,10.0,0.0,0.10693260000000748,-0.06319105753615271,0.17196113211143446,0.09282670777965021,2.6645352591003757e-15,0.1251008042646557,1.2004685136490139,0.011716642385396457
Queue-load-0.20,0.2,4,4,32,452,805,GDA,15,15.0,0.0,0.1562166000000076,-0.05989127244957538,0.16750005304782237,0.08938901013175231,1.7763568394002505e-15,0.1262099229428564,1.1863146304387306,0.011352464928789548
Queue-load-0.20,0.2,4,4,32,452,805,GDA,20,20.0,0.0,0.20751500000000078,-0.05760479592518832,0.16397622021911737,0.08616114261569223,1.7763568394002505e-15,0.12694063741531608,1.1771744807199813,0.011102810967843189
Queue-load-0.20,0.2,4,4,32,452,805,GDA,25,25.0,0.0,0.2537831000000068,-0.05595583616465763,0.1610222921939798,0.08315023514657274,2.6645352591003757e-15,0.12743127840369992,1.1711591198738787,0.01092876791872759
Queue-load-0.20,0.2,4,4,32,452,805,GDA,30,30.0,0.0,0.30096149999999966,-0.05464754915494992,0.1583483131321558,0.08035839835724683,2.6645352591003757e-15,0.12778120499286494,1.1665394158299,0.010821983647666972
Queue-load-0.20,0.2,4,4,32,452,805,GDA,35,35.0,0.0,0.3566698000000059,-0.05373005229327903,0.15601005718905314,0.07778332301399428,1.7763568394002505e-15,0.12798416503605853,1.1638641507865854,0.010759827027805674
Queue-load-0.20,0.2,4,4,32,452,805,GDA,40,40.0,0.0,0.4064330000000069,-0.05356250953985864,0.15437140581223996,0.07541849820485887,1.7763568394002505e-15,0.12791663189001484,1.164733635427932,0.010781597824304646
Queue-load-0.20,0.2,4,4,32,452,805,GDA,45,45.0,0.0,0.45977020000000834,-0.05337397182562431,0.1526654373616298,0.07325363554643002,2.6645352591003757e-15,0.12785277367940742,1.1654431308583129,0.010808114170155394
Queue-load-0.20,0.2,4,4,32,452,805,GDA,50,50.0,0.0,0.5026428999999979,-0.05348603718899275,0.1512172919606217,0.07127537150588259,1.7763568394002505e-15,0.12768905749466078,1.167751990080505,0.01085031144847069
Queue-load-0.20,0.2,4,4,32,452,805,GDA,55,55.0,0.0,0.5498235000000022,-0.05363271826074452,0.14976419900598373,0.06946813585974561,2.220446049250313e-15,0.12751390246779315,1.1702271700234956,0.010895193846759972
Queue-load-0.20,0.2,4,4,32,452,805,GDA,60,60.0,0.0,0.5930292000000037,-0.05380010489903127,0.14829525580782912,0.06781505989103022,1.7763568394002505e-15,0.12732608709161755,1.1727259103147942,0.010951496576025043
Queue-load-0.20,0.2,4,4,32,452,805,EGM,0,0.0,0.0,6.600000006073969e-06,-0.07168746285342498,0.18250816737406633,0.1002581947612137,1.7763568394002505e-15,0.12206216868670812,1.2369370900856766,0.012835879203519612
Queue-load-0.20,0.2,4,4,32,452,805,EGM,5,5.0,0.0,0.05777249999999867,-0.06700830933245813,0.1768357665186482,0.09648199091994546,2.6645352591003757e-15,0.12376428783045793,1.216740410618276,0.012196743189633019
Queue-load-0.20,0.2,4,4,32,452,805,EGM,10,10.0,0.0,0.12018430000000535,-0.06322017704517513,0.17195931971699008,0.09287165935298086,1.7763568394002505e-15,0.12509200617976385,1.2005658958300116,0.011720315092341085
Queue-load-0.20,0.2,4,4,32,452,805,EGM,15,15.0,0.0,0.184695099999999,-0.059903142768779255,0.16747066989108592,0.08945449249909156,1.7763568394002505e-15,0.12620955903971093,1.1863142159552347,0.011352850646855971
Queue-load-0.20,0.2,4,4,32,452,805,EGM,20,20.0,0.0,0.25707820000000936,-0.05759212023229176,0.16391437492010102,0.08624421221509339,1.7763568394002505e-15,0.1269505626120449,1.1770229877301512,0.011100859086368228
Queue-load-0.20,0.2,4,4,32,452,805,EGM,25,25.0,0.0,0.32254009999999766,-0.05595553787229042,0.16096673859170313,0.08324750540990074,2.6645352591003757e-15,0.12743831798803146,1.1710349040459906,0.010928266009548056
Queue-load-0.20,0.2,4,4,32,452,805,EGM,30,30.0,0.0,0.4004041000000029,-0.054632165383201765,0.15827297644196486,0.08046630640546755,2.220446049250313e-15,0.12779627696630988,1.1663330741438844,0.010817771762959439
Queue-load-0.20,0.2,4,4,32,452,805,EGM,35,35.0,0.0,0.4684603999999979,-0.05366324802619611,0.1558796586052337,0.07789833374115551,2.6645352591003757e-15,0.12801858246433498,1.1633741036792538,0.010751201552546902
Queue-load-0.20,0.2,4,4,32,452,805,EGM,40,40.0,0.0,0.5444870999999978,-0.05348633956779041,0.1542288132191857,0.07553728206065202,3.552713678800501e-15,0.1279572383007633,1.1642032335667996,0.010768907300984159
Queue-load-0.20,0.2,4,4,32,452,805,EGM,45,45.0,0.0,0.6144437000000096,-0.05327490871603857,0.15249776210855676,0.07337320898635817,1.7763568394002505e-15,0.12790236965754126,1.1647758268368842,0.010793639456306979
Queue-load-0.20,0.2,4,4,32,452,805,EGM,50,50.0,0.0,0.6851202000000001,-0.053363796760763596,0.15102476525754774,0.07139318888488483,2.6645352591003757e-15,0.1277479787058091,1.1669567173288913,0.010833246697933879
Queue-load-0.20,0.2,4,4,32,452,805,EGM,55,55.0,0.0,0.7535248000000081,-0.05349147909233279,0.14955142659754342,0.06958213376205169,1.7763568394002505e-15,0.12758125466309075,1.1693395168715224,0.010874560238408139
Queue-load-0.20,0.2,4,4,32,452,805,EGM,60,60.0,0.0,0.8152570000000026,-0.053657305049411,0.1480800361713193,0.06792366346294211,2.6645352591003757e-15,0.12739530059036336,1.1718278396591726,0.010929549953890888
Queue-load-0.20,0.2,4,4,32,452,805,PPM-3,0,0.0,0.0,5.599999994387872e-06,-0.07168746285342498,0.18250816737406633,0.1002581947612137,1.7763568394002505e-15,0.12206216868670812,1.2369370900856766,0.012835879203519612
Queue-load-0.20,0.2,4,4,32,452,805,PPM-3,5,15.0,0.0,0.11722419999999545,-0.06700804496784797,0.1768358048783286,0.09648185778466992,2.6645352591003757e-15,0.12376438802720884,1.2167392846772667,0.012196702252935225
Queue-load-0.20,0.2,4,4,32,452,805,PPM-3,10,30.0,0.0,0.2263181000000003,-0.06321971459929411,0.1719594080634049,0.09287135629753682,1.7763568394002505e-15,0.1250921707827154,1.200563955533187,0.01172025261027492
Queue-load-0.20,0.2,4,4,32,452,805,PPM-3,15,45.0,0.0,0.3488303999999971,-0.05990278295964991,0.16747106111338145,0.08945401922440673,2.6645352591003757e-15,0.12620967009019285,1.1863128702701435,0.011352810421905028
Queue-load-0.20,0.2,4,4,32,452,805,PPM-3,20,60.0,0.0,0.4603284999999886,-0.05759190641334709,0.16391507225838925,0.08624358665553379,1.7763568394002505e-15,0.12695061138850947,1.1770226556172299,0.011100827789531274
Queue-load-0.20,0.2,4,4,32,452,805,PPM-3,25,75.0,0.0,0.5647471999999993,-0.055955169086367655,0.160967408303691,0.0832467548119994,1.7763568394002505e-15,0.1274384093712729,1.1710341242644902,0.010928215667438327
Queue-load-0.20,0.2,4,4,32,452,805,PPM-3,30,90.0,0.0,0.6668705000000017,-0.05463189121641019,0.15827384173943113,0.08046546285621325,1.7763568394002505e-15,0.12779631259773078,1.1663328814537142,0.010817746273126542
Queue-load-0.20,0.2,4,4,32,452,805,PPM-3,35,105.0,0.0,0.7749637999999948,-0.053663243346466875,0.15588087330968456,0.07789743121506619,1.7763568394002505e-15,0.12801851181842752,1.1633755316000367,0.010751197044728607
Queue-load-0.20,0.2,4,4,32,452,805,PPM-3,40,120.0,0.0,0.8859330999999884,-0.05348638442068226,0.15423014058291062,0.07553635392827228,2.6645352591003757e-15,0.12795712323316505,1.1642048617183778,0.010768936676394236
Queue-load-0.20,0.2,4,4,32,452,805,PPM-3,45,135.0,0.0,1.0053443999999985,-0.053275154346732405,0.15249933985337844,0.07337228592139299,1.7763568394002505e-15,0.1279021761838301,1.1647786903962285,0.010793682216368696
Queue-load-0.20,0.2,4,4,32,452,805,PPM-3,50,150.0,0.0,1.111352199999999,-0.053364248877595034,0.15102658798489488,0.0713922973611875,2.6645352591003757e-15,0.1277477026081547,1.166960737578751,0.010833311203490013
Queue-load-0.20,0.2,4,4,32,452,805,PPM-3,55,165.0,0.0,1.2180774999999926,-0.053492095113058115,0.14955344232446613,0.06958129523038031,3.552713678800501e-15,0.12758090552332432,1.169344330449033,0.010874656031989971
Queue-load-0.20,0.2,4,4,32,452,805,PPM-3,60,180.0,0.0,1.3441997999999984,-0.05365790090317715,0.14808205256507623,0.06792289413645757,1.7763568394002505e-15,0.1273949490185817,1.1718325953429434,0.010929651226526678
Queue-load-0.20,0.2,4,4,32,452,806,QP+G,0,0.0,0.0,5.400000006261507e-06,-0.09694692227018899,0.207601957519925,0.0881349722603969,1.7763568394002505e-15,0.11274675826944264,1.3464056970304226,0.016389783992114312
Queue-load-0.20,0.2,4,4,32,452,806,QP+G,5,5.0,5.0,0.682819699999996,-0.09011421266931416,0.20098337071991573,0.08754190969660358,1.7763568394002505e-15,0.11539664271748634,1.3165041272044966,0.015313666377014154
Queue-load-0.20,0.2,4,4,32,452,806,QP+G,10,10.0,10.0,1.432967700000006,-0.08313158710443751,0.19411912714518986,0.08699448738190796,2.6645352591003757e-15,0.11805584981430567,1.2854456302455277,0.014289117014877338
Queue-load-0.20,0.2,4,4,32,452,806,QP+G,15,15.0,15.0,2.1509149000000036,-0.07611579737750072,0.18713011605707308,0.08648628007433136,1.7763568394002505e-15,0.12068376772655377,1.2538600929052417,0.01332359580474963
Queue-load-0.20,0.2,4,4,32,452,806,QP+G,20,20.0,20.0,2.823141800000002,-0.06923371704490411,0.18018768311487768,0.08599824414492102,3.552713678800501e-15,0.12321246894031031,1.2224797776195004,0.012446490132347915
Queue-load-0.20,0.2,4,4,32,452,806,QP+G,25,25.0,25.0,3.4917580999999984,-0.0628691608124558,0.1736804123410745,0.0854998850967877,2.6645352591003757e-15,0.1255030417343355,1.193178722952663,0.011698078110261608
Queue-load-0.20,0.2,4,4,32,452,806,QP+G,30,30.0,30.0,4.165996100000001,-0.05705544513359951,0.16764663824762097,0.08495324414802356,1.7763568394002505e-15,0.12757320020440205,1.1666926508572155,0.011021923434692103
Queue-load-0.20,0.2,4,4,32,452,806,QP+G,35,35.0,35.0,4.945156299999994,-0.05139024163183727,0.16168923155496534,0.0843183661571617,1.7763568394002505e-15,0.12956781955990024,1.1411490803756106,0.010371702525594268
Queue-load-0.20,0.2,4,4,32,452,806,QP+G,40,40.0,40.0,5.619610899999998,-0.04599837445868278,0.15593830647028062,0.08355879926114744,1.7763568394002505e-15,0.13144863958668912,1.1172790876952015,0.009747197903037476
Queue-load-0.20,0.2,4,4,32,452,806,QP+G,45,45.0,45.0,6.263893899999999,-0.04099217167675498,0.15051146289525336,0.08264596283836113,2.6645352591003757e-15,0.1331560242527582,1.0953146050447051,0.009195838639626067
Queue-load-0.20,0.2,4,4,32,452,806,QP+G,50,50.0,50.0,6.906410499999993,-0.036344498761031414,0.14538670048749863,0.08156174701129686,1.3322676295501878e-15,0.1347127029741741,1.0752929179123383,0.008692932925176974
Queue-load-0.20,0.2,4,4,32,452,806,QP+G,55,55.0,55.0,7.615615099999999,-0.033384874837177995,0.14189841692225885,0.08029926949474477,1.3322676295501878e-15,0.13564585482637528,1.0637429137238497,0.00836767603026451
Queue-load-0.20,0.2,4,4,32,452,806,QP+G,60,60.0,60.0,8.299284900000004,-0.031555972912987784,0.13952008194955473,0.0788527453124894,1.7763568394002505e-15,0.13616788619056686,1.0581058224620212,0.008142333679853361
Queue-load-0.20,0.2,4,4,32,452,806,noG,0,0.0,0.0,8.899999997424857e-06,-0.09694692227018899,0.207601957519925,0.0881349722603969,1.7763568394002505e-15,0.11274675826944264,1.3464056970304226,0.016389783992114312
Queue-load-0.20,0.2,4,4,32,452,806,noG,5,5.0,0.0,0.34813169999999616,-0.09047032152377432,0.20142451088870264,0.08761977261317318,1.7763568394002505e-15,0.11526027475455486,1.3180903911316917,0.015366546764830043
Queue-load-0.20,0.2,4,4,32,452,806,noG,10,10.0,0.0,0.6817356999999902,-0.08380362928094037,0.19496055198724466,0.08713317896516991,2.6645352591003757e-15,0.11780096398080202,1.2884566923087974,0.014385525897682667
Queue-load-0.20,0.2,4,4,32,452,806,noG,15,15.0,0.0,1.0096247999999974,-0.07706056969837655,0.18832697250623073,0.08667347987874796,2.220446049250313e-15,0.12032993111316743,1.258130187427002,0.013452690601201253
Queue-load-0.20,0.2,4,4,32,452,806,noG,20,20.0,0.0,1.3127051000000023,-0.0704123129748871,0.1816985818804298,0.08622699604647616,2.6645352591003757e-15,0.12277761213989481,1.2278611335327196,0.012598117674172692
Queue-load-0.20,0.2,4,4,32,452,806,noG,25,25.0,0.0,1.6113154999999892,-0.06414759503870424,0.17536817932005805,0.0857674164164337,1.7763568394002505e-15,0.1250361080804874,1.199008726162128,0.011858169489926865
Queue-load-0.20,0.2,4,4,32,452,806,noG,30,30.0,0.0,1.9132855000000006,-0.05846391073806367,0.16953769512019504,0.08525869405536395,1.7763568394002505e-15,0.12706359729530176,1.17310096175099,0.011194246823067407
Queue-load-0.20,0.2,4,4,32,452,806,noG,35,35.0,0.0,2.1920401,-0.0528563138710785,0.16370693030936811,0.0846603262939051,1.7763568394002505e-15,0.12904193139871378,1.1477735105953966,0.010548936464686666
Queue-load-0.20,0.2,4,4,32,452,806,noG,40,40.0,0.0,2.501485500000001,-0.047494271876286076,0.15805033698902643,0.08393342472658157,1.7763568394002505e-15,0.13091789847850224,1.1240122293126553,0.009923563136621375
Queue-load-0.20,0.2,4,4,32,452,806,noG,45,45.0,0.0,2.7911537999999894,-0.04252940781745591,0.15272466857288014,0.08304608109837859,1.3322676295501878e-15,0.13261671333335048,1.1022284208417354,0.009371264517084626
Queue-load-0.20,0.2,4,4,32,452,806,noG,50,50.0,0.0,3.088088099999993,-0.03757009998257175,0.14734347110893534,0.08197701321015025,1.3322676295501878e-15,0.1342832296342639,1.0806134256109665,0.008842379544106688
Queue-load-0.20,0.2,4,4,32,452,806,noG,55,55.0,0.0,3.378771299999997,-0.03423656647054812,0.1435320487529298,0.0807171175055556,1.3322676295501878e-15,0.13535482397646525,1.067234053141526,0.008474962700296906
Queue-load-0.20,0.2,4,4,32,452,806,noG,60,60.0,0.0,3.668806399999994,-0.032289086420413664,0.14105556433482871,0.07926913399235112,1.3322676295501878e-15,0.135922554925075,1.061067329716377,0.008231796142484071
Queue-load-0.20,0.2,4,4,32,452,806,GDA,0,0.0,0.0,5.700000002661909e-06,-0.09694692227018899,0.207601957519925,0.0881349722603969,1.7763568394002505e-15,0.11274675826944264,1.3464056970304226,0.016389783992114312
Queue-load-0.20,0.2,4,4,32,452,806,GDA,5,5.0,0.0,0.0424004999999994,-0.09047032152377432,0.20142451088870264,0.08761977261317318,1.7763568394002505e-15,0.11526027475455486,1.3180903911316917,0.015366546764830043
Queue-load-0.20,0.2,4,4,32,452,806,GDA,10,10.0,0.0,0.08807589999999266,-0.08380362928094037,0.19496055198724466,0.08713317896516991,2.6645352591003757e-15,0.11780096398080202,1.2884566923087974,0.014385525897682667
Queue-load-0.20,0.2,4,4,32,452,806,GDA,15,15.0,0.0,0.133466999999996,-0.07706056969837655,0.18832697250623073,0.08667347987874796,2.220446049250313e-15,0.12032993111316743,1.258130187427002,0.013452690601201253
Queue-load-0.20,0.2,4,4,32,452,806,GDA,20,20.0,0.0,0.187805400000002,-0.0704123129748871,0.1816985818804298,0.08622699604647616,2.6645352591003757e-15,0.12277761213989481,1.2278611335327196,0.012598117674172692
Queue-load-0.20,0.2,4,4,32,452,806,GDA,25,25.0,0.0,0.2372242,-0.06414759503870424,0.17536817932005805,0.0857674164164337,1.7763568394002505e-15,0.1250361080804874,1.199008726162128,0.011858169489926865
Queue-load-0.20,0.2,4,4,32,452,806,GDA,30,30.0,0.0,0.28237459999999714,-0.05846391073806367,0.16953769512019504,0.08525869405536395,1.7763568394002505e-15,0.12706359729530176,1.17310096175099,0.011194246823067407
Queue-load-0.20,0.2,4,4,32,452,806,GDA,35,35.0,0.0,0.3359164999999962,-0.0528563138710785,0.16370693030936811,0.0846603262939051,1.7763568394002505e-15,0.12904193139871378,1.1477735105953966,0.010548936464686666
Queue-load-0.20,0.2,4,4,32,452,806,GDA,40,40.0,0.0,0.3792717000000039,-0.047494271876286076,0.15805033698902643,0.08393342472658157,1.7763568394002505e-15,0.13091789847850224,1.1240122293126553,0.009923563136621375
Queue-load-0.20,0.2,4,4,32,452,806,GDA,45,45.0,0.0,0.4214456999999925,-0.04252940781745591,0.15272466857288014,0.08304608109837859,1.3322676295501878e-15,0.13261671333335048,1.1022284208417354,0.009371264517084626
Queue-load-0.20,0.2,4,4,32,452,806,GDA,50,50.0,0.0,0.46993840000000375,-0.03757009998257175,0.14734347110893534,0.08197701321015025,1.3322676295501878e-15,0.1342832296342639,1.0806134256109665,0.008842379544106688
Queue-load-0.20,0.2,4,4,32,452,806,GDA,55,55.0,0.0,0.5241850000000028,-0.03423656647054812,0.1435320487529298,0.0807171175055556,1.3322676295501878e-15,0.13535482397646525,1.067234053141526,0.008474962700296906
Queue-load-0.20,0.2,4,4,32,452,806,GDA,60,60.0,0.0,0.5753217000000035,-0.032289086420413664,0.14105556433482871,0.07926913399235112,1.3322676295501878e-15,0.135922554925075,1.061067329716377,0.008231796142484071
Queue-load-0.20,0.2,4,4,32,452,806,EGM,0,0.0,0.0,8.399999998687235e-06,-0.09694692227018899,0.207601957519925,0.0881349722603969,1.7763568394002505e-15,0.11274675826944264,1.3464056970304226,0.016389783992114312
Queue-load-0.20,0.2,4,4,32,452,806,EGM,5,5.0,0.0,0.08275530000000231,-0.0903949876252756,0.2013310761361983,0.08760331706821747,2.6645352591003757e-15,0.11528912362705321,1.3177548676205673,0.015355357024496155
Queue-load-0.20,0.2,4,4,32,452,806,EGM,10,10.0,0.0,0.1698547000000019,-0.08366152095493586,0.1947824266076002,0.08710382846351755,1.7763568394002505e-15,0.11785487567844548,1.2878200327976566,0.014365122595362335
Queue-load-0.20,0.2,4,4,32,452,806,EGM,15,15.0,0.0,0.23033019999999738,-0.0768604436402524,0.1880733063120717,0.08663380945611894,1.7763568394002505e-15,0.12040492306566812,1.2572257618788925,0.013425299993337941
Queue-load-0.20,0.2,4,4,32,452,806,EGM,20,20.0,0.0,0.29002540000000465,-0.07016263581183951,0.18137841250057474,0.0861784317709487,1.7763568394002505e-15,0.12286981198340396,1.2267213297994928,0.012565907500833673
Queue-load-0.20,0.2,4,4,32,452,806,EGM,25,25.0,0.0,0.35746639999999275,-0.0638735660642531,0.17500742674319747,0.08571048646530441,1.7763568394002505e-15,0.1251363320608547,1.1977588158178372,0.01182373026452257
Queue-load-0.20,0.2,4,4,32,452,806,EGM,30,30.0,0.0,0.42327559999999664,-0.05816490360703953,0.16913657647813743,0.08519353181030719,1.7763568394002505e-15,0.12717191723881646,1.171740485073631,0.011157530915203197
Queue-load-0.20,0.2,4,4,32,452,806,EGM,35,35.0,0.0,0.49657170000000406,-0.052544771046727105,0.16327882638639368,0.08458722001000633,1.7763568394002505e-15,0.12915382258576058,1.1463651232270196,0.010511170928607066
Queue-load-0.20,0.2,4,4,32,452,806,EGM,40,40.0,0.0,0.5642086000000006,-0.04717614892758904,0.15760220548133938,0.0838532385879216,1.7763568394002505e-15,0.13103091946117718,1.1225796495702702,0.00988594108775615
Queue-load-0.20,0.2,4,4,32,452,806,EGM,45,45.0,0.0,0.632429799999997,-0.04220208991036141,0.15225492570503474,0.08296044752159373,1.7763568394002505e-15,0.13273173324632362,1.1007558733769738,0.00933374710225687
Queue-load-0.20,0.2,4,4,32,452,806,EGM,50,50.0,0.0,0.7001954999999924,-0.03727725500736649,0.14689680710538128,0.08188828482709655,1.3322676295501878e-15,0.13438638437497052,1.0793044868422224,0.008808116317544376
Queue-load-0.20,0.2,4,4,32,452,806,EGM,55,55.0,0.0,0.7733192000000031,-0.034049247781410275,0.1431804927018352,0.08062813825202902,1.7763568394002505e-15,0.1354189545337048,1.0664618205443042,0.008451475963963766
Queue-load-0.20,0.2,4,4,32,452,806,EGM,60,60.0,0.0,0.8461015000000032,-0.032112198106482734,0.14070491459521733,0.07918292332738427,2.220446049250313e-15,0.13598200495639445,1.06033081306436,0.00821111014548159
Queue-load-0.20,0.2,4,4,32,452,806,PPM-3,0,0.0,0.0,5.599999994387872e-06,-0.09694692227018899,0.207601957519925,0.0881349722603969,1.7763568394002505e-15,0.11274675826944264,1.3464056970304226,0.016389783992114312
Queue-load-0.20,0.2,4,4,32,452,806,PPM-3,5,15.0,0.0,0.10250019999999438,-0.09039529306225395,0.2013313307464813,0.08760328790711928,2.6645352591003757e-15,0.11528899643996136,1.3177563241549004,0.015355407551886299
Queue-load-0.20,0.2,4,4,32,452,806,PPM-3,10,30.0,0.0,0.1989090999999945,-0.08366207369333029,0.19478290364978468,0.08710375359756949,5.329070518200751e-15,0.11785464553511693,1.287822681516747,0.014365213332423103
Queue-load-0.20,0.2,4,4,32,452,806,PPM-3,15,45.0,0.0,0.31576259999999934,-0.07686088871796341,0.18807367318106855,0.08663367302667259,2.6645352591003757e-15,0.12040472807770994,1.2572280354708203,0.013425375318562811
Queue-load-0.20,0.2,4,4,32,452,806,PPM-3,20,60.0,0.0,0.42132379999999614,-0.07016329077711103,0.1813790058378142,0.08617822740501185,2.6645352591003757e-15,0.12286953649809959,1.2267246733648856,0.01256600700901185
Queue-load-0.20,0.2,4,4,32,452,806,PPM-3,25,75.0,0.0,0.515713599999998,-0.0638743903094178,0.1750082221657126,0.08571022241919227,4.440892098500626e-15,0.12513599649215565,1.197763072007346,0.011823841823247423
Queue-load-0.20,0.2,4,4,32,452,806,PPM-3,30,90.0,0.0,0.6072130000000016,-0.058165932805524116,0.16913762331343177,0.08519323076919232,2.220446049250313e-15,0.1271715052502777,1.1717456817739373,0.01115766939319948
Queue-load-0.20,0.2,4,4,32,452,806,PPM-3,35,105.0,0.0,0.7095711999999992,-0.052546097069868805,0.1632802277283388,0.08458691409560287,1.7763568394002505e-15,0.12915330631594493,1.1463717113143186,0.010511340456986021
Queue-load-0.20,0.2,4,4,32,452,806,PPM-3,40,120.0,0.0,0.8078993000000025,-0.04717722915543044,0.15760342750881573,0.08385296154547356,1.3322676295501878e-15,0.1310304882166725,1.1225848278708472,0.009886099790125119
Queue-load-0.20,0.2,4,4,32,452,806,PPM-3,45,135.0,0.0,0.9250466000000017,-0.04220309078984567,0.1522561412011882,0.08296022658417827,1.7763568394002505e-15,0.13273135201670688,1.1007608251427505,0.00933386771262228
Queue-load-0.20,0.2,4,4,32,452,806,PPM-3,50,150.0,0.0,1.0453603999999928,-0.037277914663872716,0.14689775808054056,0.08188813444304575,1.7763568394002505e-15,0.13438612511241693,1.0793075090450666,0.008808216516790453
Queue-load-0.20,0.2,4,4,32,452,806,PPM-3,55,165.0,0.0,1.1473581000000053,-0.034049137564357415,0.14318075207089043,0.08062805695332168,1.3322676295501878e-15,0.13541895876331178,1.06646062576842,0.008451534617298058
Queue-load-0.20,0.2,4,4,32,452,806,PPM-3,60,180.0,0.0,1.2746266000000048,-0.03211110763578586,0.14070427149799464,0.07918289397318952,1.3322676295501878e-15,0.1359823607944266,1.0603246555444927,0.008211078387442523
Queue-load-0.20,0.2,4,4,32,452,807,QP+G,0,0.0,0.0,9.700000006773735e-06,-0.07165011088421233,0.18270423196486052,0.11545839727334123,1.7763568394002505e-15,0.12148389558738937,1.2392493967259826,0.013292451953348687
Queue-load-0.20,0.2,4,4,32,452,807,QP+G,5,5.0,5.0,0.7218575000000129,-0.0631523766642576,0.17377944893370184,0.11252004978411169,1.7763568394002505e-15,0.12463156735495515,1.2001973563596535,0.012200150731378938
Queue-load-0.20,0.2,4,4,32,452,807,QP+G,10,10.0,10.0,1.3675064000000106,-0.056980386577690674,0.1670620183475078,0.10889333854124558,2.6645352591003757e-15,0.12688032447655,1.172290374760062,0.011420182115025861
Queue-load-0.20,0.2,4,4,32,452,807,QP+G,15,15.0,15.0,2.0368437000000057,-0.05347504523015583,0.1629022054202241,0.104755308731912,1.7763568394002505e-15,0.1281142430382518,1.157420402616555,0.010968893666140431
Queue-load-0.20,0.2,4,4,32,452,807,QP+G,20,20.0,20.0,2.7100414000000086,-0.051886092316887025,0.1605594095075658,0.10031557092759864,1.7763568394002505e-15,0.1285966627058552,1.1517211201095847,0.010786436235745784
Queue-load-0.20,0.2,4,4,32,452,807,QP+G,25,25.0,25.0,3.354726400000004,-0.05167803995580187,0.15950745562537078,0.0957729564020056,1.7763568394002505e-15,0.12855160603230814,1.153155552676554,0.01075599645839977
Queue-load-0.20,0.2,4,4,32,452,807,QP+G,30,30.0,30.0,4.027835500000009,-0.05184504107898957,0.15874905579752235,0.09128931959045854,1.7763568394002505e-15,0.12835281804589768,1.1566894814334503,0.010768788194447184
Queue-load-0.20,0.2,4,4,32,452,807,QP+G,35,35.0,35.0,4.67450740000001,-0.05223985001667895,0.15814457422524922,0.08698148293886021,1.7763568394002505e-15,0.12803635441129557,1.1612516637711998,0.010845136969167769
Queue-load-0.20,0.2,4,4,32,452,807,QP+G,40,40.0,40.0,5.348427900000004,-0.05267126689635626,0.15750942143445718,0.0829252067802643,2.6645352591003757e-15,0.1276838331574916,1.1659214901574686,0.01095187788685258
Queue-load-0.20,0.2,4,4,32,452,807,QP+G,45,45.0,45.0,6.033038100000013,-0.053121569380425705,0.15683151692035416,0.07916414366978382,1.7763568394002505e-15,0.1273066352132414,1.1705728557402806,0.01108426711621759
Queue-load-0.20,0.2,4,4,32,452,807,QP+G,50,50.0,50.0,6.725163000000009,-0.05344773057072414,0.1559725748880394,0.07571901080088189,3.552713678800501e-15,0.12697055698770365,1.1746610727493714,0.01120517602548762
Queue-load-0.20,0.2,4,4,32,452,807,QP+G,55,55.0,55.0,7.487426400000004,-0.05374314133157726,0.1550299066347959,0.07259490815976265,2.6645352591003757e-15,0.12664998929273047,1.178624368693357,0.011317149197092934
Queue-load-0.20,0.2,4,4,32,452,807,QP+G,60,60.0,60.0,8.322513400000005,-0.05391460222702618,0.15391349304546617,0.06978650363367894,2.220446049250313e-15,0.12637877438147674,1.1819573080217838,0.011412946248955896
Queue-load-0.20,0.2,4,4,32,452,807,noG,0,0.0,0.0,8.699999995087637e-06,-0.07165011088421233,0.18270423196486052,0.11545839727334123,1.7763568394002505e-15,0.12148389558738937,1.2392493967259826,0.013292451953348687
Queue-load-0.20,0.2,4,4,32,452,807,noG,5,5.0,0.0,0.3444667999999922,-0.0631523766642576,0.17377944893370184,0.11252004978411169,1.7763568394002505e-15,0.12463156735495515,1.2001973563596535,0.012200150731378938
Queue-load-0.20,0.2,4,4,32,452,807,noG,10,10.0,0.0,0.6925647999999995,-0.056980386577690674,0.1670620183475078,0.10889333854124558,2.6645352591003757e-15,0.12688032447655,1.172290374760062,0.011420182115025861
Queue-load-0.20,0.2,4,4,32,452,807,noG,15,15.0,0.0,1.0131860000000046,-0.05347504523015583,0.1629022054202241,0.104755308731912,1.7763568394002505e-15,0.1281142430382518,1.157420402616555,0.010968893666140431
Queue-load-0.20,0.2,4,4,32,452,807,noG,20,20.0,0.0,1.4187964999999991,-0.051886092316887025,0.1605594095075658,0.10031557092759864,1.7763568394002505e-15,0.1285966627058552,1.1517211201095847,0.010786436235745784
Queue-load-0.20,0.2,4,4,32,452,807,noG,25,25.0,0.0,1.835127099999994,-0.05167803995580187,0.15950745562537078,0.0957729564020056,1.7763568394002505e-15,0.12855160603230814,1.153155552676554,0.01075599645839977
Queue-load-0.20,0.2,4,4,32,452,807,noG,30,30.0,0.0,2.1901361000000037,-0.05184504107898957,0.15874905579752235,0.09128931959045854,1.7763568394002505e-15,0.12835281804589768,1.1566894814334503,0.010768788194447184
Queue-load-0.20,0.2,4,4,32,452,807,noG,35,35.0,0.0,2.5472804999999994,-0.05223985001667895,0.15814457422524922,0.08698148293886021,1.7763568394002505e-15,0.12803635441129557,1.1612516637711998,0.010845136969167769
Queue-load-0.20,0.2,4,4,32,452,807,noG,40,40.0,0.0,2.9298225,-0.05267126689635626,0.15750942143445718,0.0829252067802643,2.6645352591003757e-15,0.1276838331574916,1.1659214901574686,0.01095187788685258
Queue-load-0.20,0.2,4,4,32,452,807,noG,45,45.0,0.0,3.3287148,-0.053121569380425705,0.15683151692035416,0.07916414366978382,1.7763568394002505e-15,0.1273066352132414,1.1705728557402806,0.01108426711621759
Queue-load-0.20,0.2,4,4,32,452,807,noG,50,50.0,0.0,3.710261399999993,-0.05344773057072414,0.1559725748880394,0.07571901080088189,3.552713678800501e-15,0.12697055698770365,1.1746610727493714,0.01120517602548762
Queue-load-0.20,0.2,4,4,32,452,807,noG,55,55.0,0.0,4.097396500000002,-0.05374314133157726,0.1550299066347959,0.07259490815976265,2.6645352591003757e-15,0.12664998929273047,1.178624368693357,0.011317149197092934
Queue-load-0.20,0.2,4,4,32,452,807,noG,60,60.0,0.0,4.4868381,-0.05391460222702618,0.15391349304546617,0.06978650363367894,2.220446049250313e-15,0.12637877438147674,1.1819573080217838,0.011412946248955896
Queue-load-0.20,0.2,4,4,32,452,807,GDA,0,0.0,0.0,6.3000000096735675e-06,-0.07165011088421233,0.18270423196486052,0.11545839727334123,1.7763568394002505e-15,0.12148389558738937,1.2392493967259826,0.013292451953348687
Queue-load-0.20,0.2,4,4,32,452,807,GDA,5,5.0,0.0,0.04824630000000241,-0.0631523766642576,0.17377944893370184,0.11252004978411169,1.7763568394002505e-15,0.12463156735495515,1.2001973563596535,0.012200150731378938
Queue-load-0.20,0.2,4,4,32,452,807,GDA,10,10.0,0.0,0.10254510000000039,-0.056980386577690674,0.1670620183475078,0.10889333854124558,2.6645352591003757e-15,0.12688032447655,1.172290374760062,0.011420182115025861
Queue-load-0.20,0.2,4,4,32,452,807,GDA,15,15.0,0.0,0.16467670000000112,-0.05347504523015583,0.1629022054202241,0.104755308731912,1.7763568394002505e-15,0.1281142430382518,1.157420402616555,0.010968893666140431
Queue-load-0.20,0.2,4,4,32,452,807,GDA,20,20.0,0.0,0.2358913000000058,-0.051886092316887025,0.1605594095075658,0.10031557092759864,1.7763568394002505e-15,0.1285966627058552,1.1517211201095847,0.010786436235745784
Queue-load-0.20,0.2,4,4,32,452,807,GDA,25,25.0,0.0,0.3057834000000099,-0.05167803995580187,0.15950745562537078,0.0957729564020056,1.7763568394002505e-15,0.12855160603230814,1.153155552676554,0.01075599645839977
Queue-load-0.20,0.2,4,4,32,452,807,GDA,30,30.0,0.0,0.3666438999999997,-0.05184504107898957,0.15874905579752235,0.09128931959045854,1.7763568394002505e-15,0.12835281804589768,1.1566894814334503,0.010768788194447184
Queue-load-0.20,0.2,4,4,32,452,807,GDA,35,35.0,0.0,0.43634780000000717,-0.05223985001667895,0.15814457422524922,0.08698148293886021,1.7763568394002505e-15,0.12803635441129557,1.1612516637711998,0.010845136969167769
Queue-load-0.20,0.2,4,4,32,452,807,GDA,40,40.0,0.0,0.4961954999999989,-0.05267126689635626,0.15750942143445718,0.0829252067802643,2.6645352591003757e-15,0.1276838331574916,1.1659214901574686,0.01095187788685258
Queue-load-0.20,0.2,4,4,32,452,807,GDA,45,45.0,0.0,0.5612774000000087,-0.053121569380425705,0.15683151692035416,0.07916414366978382,1.7763568394002505e-15,0.1273066352132414,1.1705728557402806,0.01108426711621759
Queue-load-0.20,0.2,4,4,32,452,807,GDA,50,50.0,0.0,0.627610500000003,-0.05344773057072414,0.1559725748880394,0.07571901080088189,3.552713678800501e-15,0.12697055698770365,1.1746610727493714,0.01120517602548762
Queue-load-0.20,0.2,4,4,32,452,807,GDA,55,55.0,0.0,0.6818521000000004,-0.05374314133157726,0.1550299066347959,0.07259490815976265,2.6645352591003757e-15,0.12664998929273047,1.178624368693357,0.011317149197092934
Queue-load-0.20,0.2,4,4,32,452,807,GDA,60,60.0,0.0,0.750652500000001,-0.05391460222702618,0.15391349304546617,0.06978650363367894,2.220446049250313e-15,0.12637877438147674,1.1819573080217838,0.011412946248955896
Queue-load-0.20,0.2,4,4,32,452,807,EGM,0,0.0,0.0,9.900000009110954e-06,-0.07165011088421233,0.18270423196486052,0.11545839727334123,1.7763568394002505e-15,0.12148389558738937,1.2392493967259826,0.013292451953348687
Queue-load-0.20,0.2,4,4,32,452,807,EGM,5,5.0,0.0,0.10272930000000713,-0.0631841573758631,0.1737879718548262,0.11254074856792598,1.7763568394002505e-15,0.12461875538597386,1.200349189707324,0.012204971471535543
Queue-load-0.20,0.2,4,4,32,452,807,EGM,10,10.0,0.0,0.18103550000000723,-0.05702827056537976,0.1670654505632173,0.10895183381649615,1.7763568394002505e-15,0.12686109126917364,1.1725177784715515,0.01142744670600809
Queue-load-0.20,0.2,4,4,32,452,807,EGM,15,15.0,0.0,0.27133590000001107,-0.05352202769437358,0.1628857529790287,0.10486384488876953,2.6645352591003757e-15,0.12809566341365294,1.1576409418290496,0.010975865963765673
Queue-load-0.20,0.2,4,4,32,452,807,EGM,20,20.0,0.0,0.3582094000000069,-0.0519385541979297,0.1605316070041918,0.10047837103691182,2.6645352591003757e-15,0.12857955258848294,1.151999629296252,0.010788887974872565
Queue-load-0.20,0.2,4,4,32,452,807,EGM,25,25.0,0.0,0.4474505000000022,-0.05174081671947082,0.15947511342349016,0.09598615985145911,2.6645352591003757e-15,0.12853250353813317,1.1534736745164236,0.010758355697844803
Queue-load-0.20,0.2,4,4,32,452,807,EGM,30,30.0,0.0,0.5295149000000094,-0.05191192453189367,0.15870771066172454,0.09154338671481434,1.7763568394002505e-15,0.12833435203386762,1.1570171848753816,0.010770006656901839
Queue-load-0.20,0.2,4,4,32,452,807,EGM,35,35.0,0.0,0.6101022,-0.05228254253599301,0.15806743532895615,0.08726441855623164,1.7763568394002505e-15,0.12802838858924068,1.1614374710031588,0.010843323463224834
Queue-load-0.20,0.2,4,4,32,452,807,EGM,40,40.0,0.0,0.6895804000000112,-0.05269841401030478,0.15740641330364624,0.08322524640639306,1.7763568394002505e-15,0.12768150374069515,1.1659732278155182,0.010951484269014692
Queue-load-0.20,0.2,4,4,32,452,807,EGM,45,45.0,0.0,0.7748883000000006,-0.05313760870348059,0.15670814290292032,0.07947133743164794,1.7763568394002505e-15,0.12731046713822053,1.1705500607243202,0.011081634928920576
Queue-load-0.20,0.2,4,4,32,452,807,EGM,50,50.0,0.0,0.8605829000000114,-0.053438776539086935,0.15581581489364163,0.07602578172009877,1.7763568394002505e-15,0.1269873216789255,1.174507833179097,0.011196476574806455
Queue-load-0.20,0.2,4,4,32,452,807,EGM,55,55.0,0.0,0.9277092000000096,-0.053723237494964486,0.15485448006802757,0.07289594492845772,1.7763568394002505e-15,0.12667074160426745,1.1783874605949833,0.011308865732839032
Queue-load-0.20,0.2,4,4,32,452,807,EGM,60,60.0,0.0,1.0055236000000036,-0.05388644891281487,0.15372259563680274,0.07007835327756616,1.7763568394002505e-15,0.1264043395892665,1.181663112675513,0.011402865006759277
Queue-load-0.20,0.2,4,4,32,452,807,PPM-3,0,0.0,0.0,5.899999990788274e-06,-0.07165011088421233,0.18270423196486052,0.11545839727334123,1.7763568394002505e-15,0.12148389558738937,1.2392493967259826,0.013292451953348687
Queue-load-0.20,0.2,4,4,32,452,807,PPM-3,5,15.0,0.0,0.14845029999999326,-0.0631834958045478,0.17378735135447088,0.11254065902110255,1.7763568394002505e-15,0.12461900699343961,1.2003460871884342,0.012204883154538023
Queue-load-0.20,0.2,4,4,32,452,807,PPM-3,10,30.0,0.0,0.28642999999999574,-0.05702698080355685,0.16706427808056643,0.10895142557126573,1.7763568394002505e-15,0.12686158365025785,1.1725117859711773,0.01142726971968041
Queue-load-0.20,0.2,4,4,32,452,807,PPM-3,15,45.0,0.0,0.3959522999999905,-0.05352044429691985,0.16288438311450187,0.10486285885719716,1.3322676295501878e-15,0.12809627204679758,1.1576337320199475,0.010975636794258004
Queue-load-0.20,0.2,4,4,32,452,807,PPM-3,20,60.0,0.0,0.5163893999999942,-0.051936692697459076,0.16053006414721077,0.10047660253127608,1.7763568394002505e-15,0.12858023513493103,1.1519908238824466,0.010788668871256367
Queue-load-0.20,0.2,4,4,32,452,807,PPM-3,25,75.0,0.0,0.6348952999999966,-0.05173847348418825,0.15947319587721792,0.09598352429507478,1.3322676295501878e-15,0.12853334119920612,1.1534626699967363,0.010758097222018566
Queue-load-0.20,0.2,4,4,32,452,807,PPM-3,30,90.0,0.0,0.7723169999999868,-0.0519093762427491,0.15870569324477482,0.09153993344389645,2.6645352591003757e-15,0.1283352474695406,1.1570055345095218,0.010769724398379562
Queue-load-0.20,0.2,4,4,32,452,807,PPM-3,35,105.0,0.0,0.878537399999999,-0.052280184044567114,0.1580657089544538,0.08726029938044604,1.7763568394002505e-15,0.12802919144515224,1.1614270214773885,0.010843070582353858
Queue-load-0.20,0.2,4,4,32,452,807,PPM-3,40,120.0,0.0,1.0109768999999886,-0.052696236853439715,0.15740496423800726,0.08322066516811205,1.3322676295501878e-15,0.12768221534703186,1.1659639308270242,0.010951261977861903
Queue-load-0.20,0.2,4,4,32,452,807,PPM-3,45,135.0,0.0,1.1469102999999876,-0.05313552034220648,0.15670687229694563,0.07946650392788375,1.7763568394002505e-15,0.1273111218152962,1.1705414489148116,0.011081433504977185
Queue-load-0.20,0.2,4,4,32,452,807,PPM-3,50,150.0,0.0,1.2717285999999888,-0.05343679019076757,0.1558147288002542,0.07602088123122566,2.6645352591003757e-15,0.12698791693707065,1.1744999354589545,0.011196296986142475
Queue-load-0.20,0.2,4,4,32,452,807,PPM-3,55,165.0,0.0,1.3734025999999915,-0.05372163018726153,0.1548538477159963,0.07289112413180407,1.7763568394002505e-15,0.12667118229892155,1.1783816006622054,0.011308733455699407
Queue-load-0.20,0.2,4,4,32,452,807,PPM-3,60,180.0,0.0,1.5027398999999946,-0.05388495244911913,0.15372214066274437,0.07007371813684891,2.6645352591003757e-15,0.12640472379165607,1.181657932169838,0.01140275346256308
Queue-load-0.20,0.2,4,4,32,452,808,QP+G,0,0.0,0.0,8.499999992750418e-06,-0.08587493596122547,0.20368386956695372,0.10098060428330245,1.7763568394002505e-15,0.11648110175693539,1.3011494432173916,0.015037348600044416
Queue-load-0.20,0.2,4,4,32,452,808,QP+G,5,5.0,5.0,0.7540991999999989,-0.08148287717291419,0.19931137657122466,0.09733041307183724,1.7763568394002505e-15,0.11819981626872315,1.2813956514443525,0.014358307339468997
Queue-load-0.20,0.2,4,4,32,452,808,QP+G,10,10.0,10.0,1.5818392999999986,-0.07758399596459357,0.19531084198213167,0.09406700500243734,2.220446049250313e-15,0.11969608009431522,1.2637450672226602,0.013791021630808276
Queue-load-0.20,0.2,4,4,32,452,808,QP+G,15,15.0,15.0,2.3901170999999977,-0.07435175639995469,0.19186024444902106,0.09115817936271378,1.7763568394002505e-15,0.12093223696809376,1.2493456043443456,0.01331273122430931
Queue-load-0.20,0.2,4,4,32,452,808,QP+G,20,20.0,20.0,3.1428765,-0.07114142759677196,0.18831967183377968,0.0885580063786908,1.7763568394002505e-15,0.12212778698305526,1.234796785398703,0.012882908522276543
Queue-load-0.20,0.2,4,4,32,452,808,QP+G,25,25.0,25.0,3.878588899999997,-0.0681165266748679,0.18485757089467486,0.08621504308614802,1.7763568394002505e-15,0.123238800751304,1.2212569232978552,0.012484519075124803
Queue-load-0.20,0.2,4,4,32,452,808,QP+G,30,30.0,30.0,4.632576,-0.0649573167066386,0.18115912186323224,0.08407812349015815,1.7763568394002505e-15,0.12438530135049694,1.207157139703903,0.012080112349298094
Queue-load-0.20,0.2,4,4,32,452,808,QP+G,35,35.0,35.0,5.35666839999999,-0.062104027561103545,0.1776693837342394,0.08210040684366234,1.7763568394002505e-15,0.1254058298467164,1.1946835621258967,0.011716087936131422
Queue-load-0.20,0.2,4,4,32,452,808,QP+G,40,40.0,40.0,6.176911499999989,-0.05938158682002617,0.17421797870396846,0.08024199084721269,1.7763568394002505e-15,0.12635255355263741,1.182696209472261,0.011400277527770272
Queue-load-0.20,0.2,4,4,32,452,808,QP+G,45,45.0,45.0,7.003497600000003,-0.05701947886956515,0.17103891997483775,0.0784712438692963,1.7763568394002505e-15,0.12715275411847599,1.1725146827807957,0.01113594678779819
Queue-load-0.20,0.2,4,4,32,452,808,QP+G,50,50.0,50.0,7.776501999999994,-0.05504142137673205,0.16816026323421812,0.07676503957445578,1.7763568394002505e-15,0.12778953343991595,1.1640268587562297,0.01094589504659836
Queue-load-0.20,0.2,4,4,32,452,808,QP+G,55,55.0,55.0,8.5327609,-0.05333074608341342,0.1654694640550352,0.07510816630619865,1.7763568394002505e-15,0.12831641077694264,1.1571266849790631,0.010782184750475281
Queue-load-0.20,0.2,4,4,32,452,808,QP+G,60,60.0,60.0,9.284940199999994,-0.052033036162827465,0.16311599179311387,0.07349222856792632,1.7763568394002505e-15,0.12868680105545585,1.1522704945599673,0.010667383441388104
Queue-load-0.20,0.2,4,4,32,452,808,noG,0,0.0,0.0,1.2200000014672696e-05,-0.08587493596122547,0.20368386956695372,0.10098060428330245,1.7763568394002505e-15,0.11648110175693539,1.3011494432173916,0.015037348600044416
Queue-load-0.20,0.2,4,4,32,452,808,noG,5,5.0,0.0,0.37131000000002246,-0.08148287717291419,0.19931137657122466,0.09733041307183724,1.7763568394002505e-15,0.11819981626872315,1.2813956514443525,0.014358307339468997
Queue-load-0.20,0.2,4,4,32,452,808,noG,10,10.0,0.0,0.7236434000000145,-0.07758399596459357,0.19531084198213167,0.09406700500243734,2.220446049250313e-15,0.11969608009431522,1.2637450672226602,0.013791021630808276
Queue-load-0.20,0.2,4,4,32,452,808,noG,15,15.0,0.0,1.0218182000000127,-0.07435175639995469,0.19186024444902106,0.09115817936271378,1.7763568394002505e-15,0.12093223696809376,1.2493456043443456,0.01331273122430931
Queue-load-0.20,0.2,4,4,32,452,808,noG,20,20.0,0.0,1.3577180999999996,-0.07114142759677196,0.18831967183377968,0.0885580063786908,1.7763568394002505e-15,0.12212778698305526,1.234796785398703,0.012882908522276543
Queue-load-0.20,0.2,4,4,32,452,808,noG,25,25.0,0.0,1.6644327000000203,-0.0681165266748679,0.18485757089467486,0.08621504308614802,1.7763568394002505e-15,0.123238800751304,1.2212569232978552,0.012484519075124803
Queue-load-0.20,0.2,4,4,32,452,808,noG,30,30.0,0.0,2.0115820999999983,-0.0649573167066386,0.18115912186323224,0.08407812349015815,1.7763568394002505e-15,0.12438530135049694,1.207157139703903,0.012080112349298094
Queue-load-0.20,0.2,4,4,32,452,808,noG,35,35.0,0.0,2.3258888999999954,-0.062104027561103545,0.1776693837342394,0.08210040684366234,1.7763568394002505e-15,0.1254058298467164,1.1946835621258967,0.011716087936131422
Queue-load-0.20,0.2,4,4,32,452,808,noG,40,40.0,0.0,2.627782499999995,-0.05938158682002617,0.17421797870396846,0.08024199084721269,1.7763568394002505e-15,0.12635255355263741,1.182696209472261,0.011400277527770272
Queue-load-0.20,0.2,4,4,32,452,808,noG,45,45.0,0.0,2.974517600000013,-0.05701947886956515,0.17103891997483775,0.0784712438692963,1.7763568394002505e-15,0.12715275411847599,1.1725146827807957,0.01113594678779819
Queue-load-0.20,0.2,4,4,32,452,808,noG,50,50.0,0.0,3.3184381000000087,-0.05504142137673205,0.16816026323421812,0.07676503957445578,1.7763568394002505e-15,0.12778953343991595,1.1640268587562297,0.01094589504659836
Queue-load-0.20,0.2,4,4,32,452,808,noG,55,55.0,0.0,3.6468902999999955,-0.05333074608341342,0.1654694640550352,0.07510816630619865,1.7763568394002505e-15,0.12831641077694264,1.1571266849790631,0.010782184750475281
Queue-load-0.20,0.2,4,4,32,452,808,noG,60,60.0,0.0,3.9614679000000024,-0.052033036162827465,0.16311599179311387,0.07349222856792632,1.7763568394002505e-15,0.12868680105545585,1.1522704945599673,0.010667383441388104
Queue-load-0.20,0.2,4,4,32,452,808,GDA,0,0.0,0.0,8.600000001024455e-06,-0.08587493596122547,0.20368386956695372,0.10098060428330245,1.7763568394002505e-15,0.11648110175693539,1.3011494432173916,0.015037348600044416
Queue-load-0.20,0.2,4,4,32,452,808,GDA,5,5.0,0.0,0.05900850000000446,-0.08148287717291419,0.19931137657122466,0.09733041307183724,1.7763568394002505e-15,0.11819981626872315,1.2813956514443525,0.014358307339468997
Queue-load-0.20,0.2,4,4,32,452,808,GDA,10,10.0,0.0,0.11355420000001004,-0.07758399596459357,0.19531084198213167,0.09406700500243734,2.220446049250313e-15,0.11969608009431522,1.2637450672226602,0.013791021630808276
Queue-load-0.20,0.2,4,4,32,452,808,GDA,15,15.0,0.0,0.1768009000000177,-0.07435175639995469,0.19186024444902106,0.09115817936271378,1.7763568394002505e-15,0.12093223696809376,1.2493456043443456,0.01331273122430931
Queue-load-0.20,0.2,4,4,32,452,808,GDA,20,20.0,0.0,0.23922240000001693,-0.07114142759677196,0.18831967183377968,0.0885580063786908,1.7763568394002505e-15,0.12212778698305526,1.234796785398703,0.012882908522276543
Queue-load-0.20,0.2,4,4,32,452,808,GDA,25,25.0,0.0,0.29233840000000555,-0.0681165266748679,0.18485757089467486,0.08621504308614802,1.7763568394002505e-15,0.123238800751304,1.2212569232978552,0.012484519075124803
Queue-load-0.20,0.2,4,4,32,452,808,GDA,30,30.0,0.0,0.34912109999999075,-0.0649573167066386,0.18115912186323224,0.08407812349015815,1.7763568394002505e-15,0.12438530135049694,1.207157139703903,0.012080112349298094
Queue-load-0.20,0.2,4,4,32,452,808,GDA,35,35.0,0.0,0.41215389999999275,-0.062104027561103545,0.1776693837342394,0.08210040684366234,1.7763568394002505e-15,0.1254058298467164,1.1946835621258967,0.011716087936131422
Queue-load-0.20,0.2,4,4,32,452,808,GDA,40,40.0,0.0,0.4639425000000017,-0.05938158682002617,0.17421797870396846,0.08024199084721269,1.7763568394002505e-15,0.12635255355263741,1.182696209472261,0.011400277527770272
Queue-load-0.20,0.2,4,4,32,452,808,GDA,45,45.0,0.0,0.5232990000000086,-0.05701947886956515,0.17103891997483775,0.0784712438692963,1.7763568394002505e-15,0.12715275411847599,1.1725146827807957,0.01113594678779819
Queue-load-0.20,0.2,4,4,32,452,808,GDA,50,50.0,0.0,0.5757882000000052,-0.05504142137673205,0.16816026323421812,0.07676503957445578,1.7763568394002505e-15,0.12778953343991595,1.1640268587562297,0.01094589504659836
Queue-load-0.20,0.2,4,4,32,452,808,GDA,55,55.0,0.0,0.6411593999999923,-0.05333074608341342,0.1654694640550352,0.07510816630619865,1.7763568394002505e-15,0.12831641077694264,1.1571266849790631,0.010782184750475281
Queue-load-0.20,0.2,4,4,32,452,808,GDA,60,60.0,0.0,0.704800199999994,-0.052033036162827465,0.16311599179311387,0.07349222856792632,1.7763568394002505e-15,0.12868680105545585,1.1522704945599673,0.010667383441388104
Queue-load-0.20,0.2,4,4,32,452,808,EGM,0,0.0,0.0,7.799999991675577e-06,-0.08587493596122547,0.20368386956695372,0.10098060428330245,1.7763568394002505e-15,0.11648110175693539,1.3011494432173916,0.015037348600044416
Queue-load-0.20,0.2,4,4,32,452,808,EGM,5,5.0,0.0,0.09038129999999,-0.08146327199252718,0.1992683619305551,0.09736996480480453,2.6645352591003757e-15,0.11820678502925445,1.2813179030447113,0.014355430599971554
Queue-load-0.20,0.2,4,4,32,452,808,EGM,10,10.0,0.0,0.1775015000000053,-0.07752536737874043,0.19520631277806555,0.09413530123018556,2.6645352591003757e-15,0.11971714550382888,1.2634877688539785,0.013783498240698895
Queue-load-0.20,0.2,4,4,32,452,808,EGM,15,15.0,0.0,0.2537597999999832,-0.07425733685870772,0.19169849318283783,0.09124461479638865,1.7763568394002505e-15,0.12096641010931831,1.2489213189121138,0.013300888895307485
Queue-load-0.20,0.2,4,4,32,452,808,EGM,20,20.0,0.0,0.3405864000000065,-0.0710521392643614,0.18814276645151878,0.08865313597893683,1.7763568394002505e-15,0.1221599067863748,1.2343887929687591,0.012872262004743429
Queue-load-0.20,0.2,4,4,32,452,808,EGM,25,25.0,0.0,0.42555569999998966,-0.06801354163765035,0.18464787868216098,0.08631104993065906,1.3322676295501878e-15,0.12327626021128732,1.2207915535633453,0.012471552759063245
Queue-load-0.20,0.2,4,4,32,452,808,EGM,30,30.0,0.0,0.49337119999998436,-0.06486314208771812,0.18094037035368415,0.08416902500682942,2.6645352591003757e-15,0.12441962083565075,1.206734454610651,0.012068039447999382
Queue-load-0.20,0.2,4,4,32,452,808,EGM,35,35.0,0.0,0.5684617000000003,-0.06202527950218034,0.1774494165630916,0.08218209419471516,1.7763568394002505e-15,0.1254340120164225,1.1943265815608144,0.011706694217219147
Queue-load-0.20,0.2,4,4,32,452,808,EGM,40,40.0,0.0,0.6281448999999952,-0.059315637634478786,0.17399538663261832,0.08031212831780492,1.7763568394002505e-15,0.12637610124420554,1.1824033512264163,0.011392143428088732
Queue-load-0.20,0.2,4,4,32,452,808,EGM,45,45.0,0.0,0.6869817999999839,-0.05696518190192182,0.1708137494502245,0.07852904441549546,1.7763568394002505e-15,0.1271708321451394,1.1722589170758049,0.011131330114029092
Queue-load-0.20,0.2,4,4,32,452,808,EGM,50,50.0,0.0,0.775187499999987,-0.05499320477141037,0.16792809308554935,0.07681094963241733,1.3322676295501878e-15,0.12780536891578975,1.1638024804368563,0.0109418689559548
Queue-load-0.20,0.2,4,4,32,452,808,EGM,55,55.0,0.0,0.8621768999999802,-0.05330269395152019,0.16524546924924866,0.07514350889092011,1.7763568394002505e-15,0.12832522916544803,1.1570032861741721,0.01077986103591158
Queue-load-0.20,0.2,4,4,32,452,808,EGM,60,60.0,0.0,0.9457141000000036,-0.052003210886573684,0.16287924890250696,0.07351885411711373,1.7763568394002505e-15,0.12869638029448746,1.1521370052705977,0.010664829954428724
Queue-load-0.20,0.2,4,4,32,452,808,PPM-3,0,0.0,0.0,7.799999991675577e-06,-0.08587493596122547,0.20368386956695372,0.10098060428330245,1.7763568394002505e-15,0.11648110175693539,1.3011494432173916,0.015037348600044416
Queue-load-0.20,0.2,4,4,32,452,808,PPM-3,5,15.0,0.0,0.13230690000000322,-0.08146314801273592,0.19926824816664124,0.09736930324378565,1.7763568394002505e-15,0.11820683944775143,1.2813171553156995,0.01435541553563305
Queue-load-0.20,0.2,4,4,32,452,808,PPM-3,10,30.0,0.0,0.24750349999999344,-0.07752543180623948,0.1952064220968877,0.09413408315772062,1.3322676295501878e-15,0.11971713486337948,1.263487837697361,0.013783505257812323
Queue-load-0.20,0.2,4,4,32,452,808,PPM-3,15,45.0,0.0,0.3751040999999873,-0.0742576469523915,0.19169890348324956,0.0912429620522806,2.6645352591003757e-15,0.12096630822807863,1.2489225054347661,0.013300928327986567
Queue-load-0.20,0.2,4,4,32,452,808,PPM-3,20,60.0,0.0,0.5061809000000039,-0.07105216202100076,0.18814296216599352,0.08865116970833473,2.6645352591003757e-15,0.12215990102330254,1.2343885347861991,0.01287228135637145
Queue-load-0.20,0.2,4,4,32,452,808,PPM-3,25,75.0,0.0,0.6225713999999982,-0.06801372800204958,0.18464832533053144,0.08630888268571119,2.220446049250313e-15,0.12327619053405582,1.2207920750148085,0.012471594991480893
Queue-load-0.20,0.2,4,4,32,452,808,PPM-3,30,90.0,0.0,0.7304691999999875,-0.06486310303851303,0.18094069077935648,0.08416675755181151,1.7763568394002505e-15,0.124419621707371,1.20673378702362,0.012068073712438659
Queue-load-0.20,0.2,4,4,32,452,808,PPM-3,35,105.0,0.0,0.8318393000000128,-0.06202508246988549,0.17744968739173672,0.08217981386350433,1.7763568394002505e-15,0.12543408137084383,1.1943254143157889,0.011706686296746226
Queue-load-0.20,0.2,4,4,32,452,808,PPM-3,40,120.0,0.0,0.9398812000000021,-0.0593152458821406,0.17399557766566892,0.08030990762811786,1.3322676295501878e-15,0.12637623592705544,1.182401171092206,0.011392123489144491
Queue-load-0.20,0.2,4,4,32,452,808,PPM-3,45,135.0,0.0,1.0527460000000133,-0.05696465682326269,0.17081392601578577,0.07852693990961147,1.7763568394002505e-15,0.1271710331515068,1.172256373974474,0.01113126295510004
Queue-load-0.20,0.2,4,4,32,452,808,PPM-3,50,150.0,0.0,1.1857171999999991,-0.05499246808175876,0.16792817836384882,0.0768090014034651,1.7763568394002505e-15,0.12780564609599315,1.163798816423168,0.010941784618576995
Queue-load-0.20,0.2,4,4,32,452,808,PPM-3,55,165.0,0.0,1.2820994999999868,-0.053301559269790924,0.16524527608271297,0.07514174115034476,1.7763568394002505e-15,0.12832564616524428,1.1569975135831565,0.010779747856695084
Queue-load-0.20,0.2,4,4,32,452,808,PPM-3,60,180.0,0.0,1.402844899999991,-0.05200210410148666,0.16287920047044796,0.07351727681711638,1.7763568394002505e-15,0.12869679508714094,1.1521313303883396,0.010664713839788611
Queue-load-0.20,0.2,4,4,32,452,809,QP+G,0,0.0,0.0,4.9999999873762135e-06,-0.06256144908919306,0.18343968311251505,0.08804223003408328,2.6645352591003757e-15,0.1252512518658485,1.1952128570777496,0.011842808287954495
Queue-load-0.20,0.2,4,4,32,452,809,QP+G,5,5.0,5.0,0.6914756999999838,-0.061298963198395215,0.18173488558780249,0.08454253355290936,1.7763568394002505e-15,0.12564906177765173,1.1902789969120209,0.011704675226979152
Queue-load-0.20,0.2,4,4,32,452,809,QP+G,10,10.0,10.0,1.4630321999999865,-0.060373513255664264,0.18031077578504795,0.08158784207666457,1.3322676295501878e-15,0.12592058939411727,1.1872004698504497,0.01159517535059605
Queue-load-0.20,0.2,4,4,32,452,809,QP+G,15,15.0,15.0,2.253020599999985,-0.05964290617318882,0.17902787771836237,0.07908639910800287,2.6645352591003757e-15,0.12611385708974246,1.1852352942773092,0.011505337948294272
Queue-load-0.20,0.2,4,4,32,452,809,QP+G,20,20.0,20.0,3.0187104999999974,-0.05910843321489508,0.1778899461726536,0.07695555233825419,1.7763568394002505e-15,0.12622486682387266,1.184283930035344,0.011444400016372782
Queue-load-0.20,0.2,4,4,32,452,809,QP+G,25,25.0,25.0,4.085704899999996,-0.05864338782750922,0.17677254733796932,0.07512449938912363,2.6645352591003757e-15,0.12630105353460092,1.1837277378660074,0.011397486577714762
Queue-load-0.20,0.2,4,4,32,452,809,QP+G,30,30.0,30.0,4.852288499999986,-0.058197246067515813,0.17562728350625964,0.07353429128395808,1.7763568394002505e-15,0.12636043892543128,1.183261190532622,0.011362656309693974
Queue-load-0.20,0.2,4,4,32,452,809,QP+G,35,35.0,35.0,5.51269929999998,-0.05781898575002354,0.17450513889081515,0.07213668388141065,2.220446049250313e-15,0.12638298292809463,1.1830782378170075,0.011349741397326349
Queue-load-0.20,0.2,4,4,32,452,809,QP+G,40,40.0,40.0,6.146522799999985,-0.057469058830113426,0.17336846432290173,0.07089266949452382,1.7763568394002505e-15,0.1263907344661363,1.1830705565375599,0.011342394137150042
Queue-load-0.20,0.2,4,4,32,452,809,QP+G,45,45.0,45.0,6.814756999999986,-0.05711060321078967,0.17218219108335073,0.06977107154116517,2.220446049250313e-15,0.1263972317829989,1.1830571980734403,0.011336599897346368
Queue-load-0.20,0.2,4,4,32,452,809,QP+G,50,50.0,50.0,7.524186599999979,-0.056801731576926744,0.17100611556646234,0.06874733192050998,1.7763568394002505e-15,0.12638198770723374,1.1833143285746464,0.0113383107888377
Queue-load-0.20,0.2,4,4,32,452,809,QP+G,55,55.0,55.0,8.166982899999994,-0.056522648315371335,0.16982200954707288,0.06780248582405853,1.7763568394002505e-15,0.1263537897990344,1.1837312928556936,0.011344563208560851
Queue-load-0.20,0.2,4,4,32,452,809,QP+G,60,60.0,60.0,8.81589249999999,-0.05630032353533943,0.16865828814948217,0.06692225617528007,1.7763568394002505e-15,0.12629663486398487,1.184321854525762,0.011370635950448911
Queue-load-0.20,0.2,4,4,32,452,809,noG,0,0.0,0.0,7.300000021359665e-06,-0.06256144908919306,0.18343968311251505,0.08804223003408328,2.6645352591003757e-15,0.1252512518658485,1.1952128570777496,0.011842808287954495
Queue-load-0.20,0.2,4,4,32,452,809,noG,5,5.0,0.0,0.293111400000015,-0.061298963198395215,0.18173488558780249,0.08454253355290936,1.7763568394002505e-15,0.12564906177765173,1.1902789969120209,0.011704675226979152
Queue-load-0.20,0.2,4,4,32,452,809,noG,10,10.0,0.0,0.5730450000000076,-0.060373513255664264,0.18031077578504795,0.08158784207666457,1.3322676295501878e-15,0.12592058939411727,1.1872004698504497,0.01159517535059605
Queue-load-0.20,0.2,4,4,32,452,809,noG,15,15.0,0.0,0.8656889000000092,-0.05964290617318882,0.17902787771836237,0.07908639910800287,2.6645352591003757e-15,0.12611385708974246,1.1852352942773092,0.011505337948294272
Queue-load-0.20,0.2,4,4,32,452,809,noG,20,20.0,0.0,1.1444899000000248,-0.05910843321489508,0.1778899461726536,0.07695555233825419,1.7763568394002505e-15,0.12622486682387266,1.184283930035344,0.011444400016372782
Queue-load-0.20,0.2,4,4,32,452,809,noG,25,25.0,0.0,1.415012900000022,-0.05864338782750922,0.17677254733796932,0.07512449938912363,2.6645352591003757e-15,0.12630105353460092,1.1837277378660074,0.011397486577714762
Queue-load-0.20,0.2,4,4,32,452,809,noG,30,30.0,0.0,1.705032200000005,-0.058197246067515813,0.17562728350625964,0.07353429128395808,1.7763568394002505e-15,0.12636043892543128,1.183261190532622,0.011362656309693974
Queue-load-0.20,0.2,4,4,32,452,809,noG,35,35.0,0.0,2.0130111,-0.05781898575002354,0.17450513889081515,0.07213668388141065,2.220446049250313e-15,0.12638298292809463,1.1830782378170075,0.011349741397326349
Queue-load-0.20,0.2,4,4,32,452,809,noG,40,40.0,0.0,2.3177808000000084,-0.057469058830113426,0.17336846432290173,0.07089266949452382,1.7763568394002505e-15,0.1263907344661363,1.1830705565375599,0.011342394137150042
Queue-load-0.20,0.2,4,4,32,452,809,noG,45,45.0,0.0,2.613300400000014,-0.05711060321078967,0.17218219108335073,0.06977107154116517,2.220446049250313e-15,0.1263972317829989,1.1830571980734403,0.011336599897346368
Queue-load-0.20,0.2,4,4,32,452,809,noG,50,50.0,0.0,2.9484285999999997,-0.056801731576926744,0.17100611556646234,0.06874733192050998,1.7763568394002505e-15,0.12638198770723374,1.1833143285746464,0.0113383107888377
Queue-load-0.20,0.2,4,4,32,452,809,noG,55,55.0,0.0,3.2603253999999993,-0.056522648315371335,0.16982200954707288,0.06780248582405853,1.7763568394002505e-15,0.1263537897990344,1.1837312928556936,0.011344563208560851
Queue-load-0.20,0.2,4,4,32,452,809,noG,60,60.0,0.0,3.5542129000000102,-0.05630032353533943,0.16865828814948217,0.06692225617528007,1.7763568394002505e-15,0.12629663486398487,1.184321854525762,0.011370635950448911
Queue-load-0.20,0.2,4,4,32,452,809,GDA,0,0.0,0.0,7.799999991675577e-06,-0.06256144908919306,0.18343968311251505,0.08804223003408328,2.6645352591003757e-15,0.1252512518658485,1.1952128570777496,0.011842808287954495
Queue-load-0.20,0.2,4,4,32,452,809,GDA,5,5.0,0.0,0.04959400000001324,-0.061298963198395215,0.18173488558780249,0.08454253355290936,1.7763568394002505e-15,0.12564906177765173,1.1902789969120209,0.011704675226979152
Queue-load-0.20,0.2,4,4,32,452,809,GDA,10,10.0,0.0,0.10662750000000187,-0.060373513255664264,0.18031077578504795,0.08158784207666457,1.3322676295501878e-15,0.12592058939411727,1.1872004698504497,0.01159517535059605
Queue-load-0.20,0.2,4,4,32,452,809,GDA,15,15.0,0.0,0.17021600000001058,-0.05964290617318882,0.17902787771836237,0.07908639910800287,2.6645352591003757e-15,0.12611385708974246,1.1852352942773092,0.011505337948294272
Queue-load-0.20,0.2,4,4,32,452,809,GDA,20,20.0,0.0,0.21539540000000557,-0.05910843321489508,0.1778899461726536,0.07695555233825419,1.7763568394002505e-15,0.12622486682387266,1.184283930035344,0.011444400016372782
Queue-load-0.20,0.2,4,4,32,452,809,GDA,25,25.0,0.0,0.2594884000000093,-0.05864338782750922,0.17677254733796932,0.07512449938912363,2.6645352591003757e-15,0.12630105353460092,1.1837277378660074,0.011397486577714762
Queue-load-0.20,0.2,4,4,32,452,809,GDA,30,30.0,0.0,0.31588160000001153,-0.058197246067515813,0.17562728350625964,0.07353429128395808,1.7763568394002505e-15,0.12636043892543128,1.183261190532622,0.011362656309693974
Queue-load-0.20,0.2,4,4,32,452,809,GDA,35,35.0,0.0,0.3597833000000037,-0.05781898575002354,0.17450513889081515,0.07213668388141065,2.220446049250313e-15,0.12638298292809463,1.1830782378170075,0.011349741397326349
Queue-load-0.20,0.2,4,4,32,452,809,GDA,40,40.0,0.0,0.40564610000001267,-0.057469058830113426,0.17336846432290173,0.07089266949452382,1.7763568394002505e-15,0.1263907344661363,1.1830705565375599,0.011342394137150042
Queue-load-0.20,0.2,4,4,32,452,809,GDA,45,45.0,0.0,0.44948680000001673,-0.05711060321078967,0.17218219108335073,0.06977107154116517,2.220446049250313e-15,0.1263972317829989,1.1830571980734403,0.011336599897346368
Queue-load-0.20,0.2,4,4,32,452,809,GDA,50,50.0,0.0,0.5002139000000057,-0.056801731576926744,0.17100611556646234,0.06874733192050998,1.7763568394002505e-15,0.12638198770723374,1.1833143285746464,0.0113383107888377
Queue-load-0.20,0.2,4,4,32,452,809,GDA,55,55.0,0.0,0.5439148000000102,-0.056522648315371335,0.16982200954707288,0.06780248582405853,1.7763568394002505e-15,0.1263537897990344,1.1837312928556936,0.011344563208560851
Queue-load-0.20,0.2,4,4,32,452,809,GDA,60,60.0,0.0,0.5974544999999978,-0.05630032353533943,0.16865828814948217,0.06692225617528007,1.7763568394002505e-15,0.12629663486398487,1.184321854525762,0.011370635950448911
Queue-load-0.20,0.2,4,4,32,452,809,EGM,0,0.0,0.0,6.2000000013995304e-06,-0.06256144908919306,0.18343968311251505,0.08804223003408328,2.6645352591003757e-15,0.1252512518658485,1.1952128570777496,0.011842808287954495
Queue-load-0.20,0.2,4,4,32,452,809,EGM,5,5.0,0.0,0.05884990000001267,-0.06130065724678963,0.1817272941716291,0.08459247072174413,2.6645352591003757e-15,0.12564832087468075,1.1902832307992652,0.011705193293779179
Queue-load-0.20,0.2,4,4,32,452,809,EGM,10,10.0,0.0,0.12264660000002436,-0.06037634107650579,0.18029596295793107,0.08166836146050643,2.220446049250313e-15,0.12591976853465137,1.1872058908766736,0.011595710892892366
Queue-load-0.20,0.2,4,4,32,452,809,EGM,15,15.0,0.0,0.1973430000000178,-0.059646404198387744,0.17900617425034612,0.07918342226896362,1.7763568394002505e-15,0.12611335133372395,1.1852384546127521,0.011505677370868245
Queue-load-0.20,0.2,4,4,32,452,809,EGM,20,20.0,0.0,0.2597925000000032,-0.059110931858383016,0.17786037205215466,0.07705928139458029,1.7763568394002505e-15,0.12622516113686383,1.1842718517378423,0.011444741403249838
Queue-load-0.20,0.2,4,4,32,452,809,EGM,25,25.0,0.0,0.32334650000001375,-0.058640681952876604,0.17673150481133545,0.07522836498179745,1.7763568394002505e-15,0.12630383549158739,1.1836819372172758,0.011397115181187691
Queue-load-0.20,0.2,4,4,32,452,809,EGM,30,30.0,0.0,0.3854839000000254,-0.058190779449121516,0.17557675652611549,0.07363406191548891,1.3322676295501878e-15,0.1263649779436762,1.1831841547200512,0.011362171807900216
Queue-load-0.20,0.2,4,4,32,452,809,EGM,35,35.0,0.0,0.44366160000001287,-0.05781304026254129,0.17444989138092643,0.07222978625871698,1.7763568394002505e-15,0.12638774222117105,1.1829904214167948,0.01134960402005067
Queue-load-0.20,0.2,4,4,32,452,809,EGM,40,40.0,0.0,0.5081709000000103,-0.057457391410510504,0.17330268206756788,0.07097769977385301,1.7763568394002505e-15,0.1263981550051945,1.1829455469046448,0.011341553052456106
Queue-load-0.20,0.2,4,4,32,452,809,EGM,45,45.0,0.0,0.5669271000000151,-0.05708588635610255,0.17209892461838,0.06984745436729672,1.7763568394002505e-15,0.12641011935532806,1.1828626618004712,0.011333951076226393
Queue-load-0.20,0.2,4,4,32,452,809,EGM,50,50.0,0.0,0.6323964999999987,-0.056781287173642996,0.17092301523568365,0.06881508116852662,2.6645352591003757e-15,0.12639409901114984,1.1831334055076275,0.011335721751606827
Queue-load-0.20,0.2,4,4,32,452,809,EGM,55,55.0,0.0,0.7112976000000231,-0.05649679062531124,0.16972966963697195,0.06786202611855387,1.7763568394002505e-15,0.12636850175396733,1.1835153265202238,0.011341217902863156
Queue-load-0.20,0.2,4,4,32,452,809,EGM,60,60.0,0.0,0.7728369000000157,-0.056251995785730376,0.16853988534363357,0.06697427316662223,1.7763568394002505e-15,0.12632081229749387,1.1840018121391545,0.01136330285307715
Queue-load-0.20,0.2,4,4,32,452,809,PPM-3,0,0.0,0.0,8.199999996350016e-06,-0.06256144908919306,0.18343968311251505,0.08804223003408328,2.6645352591003757e-15,0.1252512518658485,1.1952128570777496,0.011842808287954495
Queue-load-0.20,0.2,4,4,32,452,809,PPM-3,5,15.0,0.0,0.0936698000000149,-0.06130035341606634,0.1817270571370532,0.0845915645197869,3.552713678800501e-15,0.1256484335944022,1.1902818759692835,0.011705151880899198
Queue-load-0.20,0.2,4,4,32,452,809,PPM-3,10,30.0,0.0,0.1913404000000014,-0.06037581294510628,0.18029556160608765,0.08166690166465036,1.7763568394002505e-15,0.12591995926505317,1.1872035589943373,0.011595642893139987
Queue-load-0.20,0.2,4,4,32,452,809,PPM-3,15,45.0,0.0,0.2891860999999949,-0.0596457081761021,0.17900565945921987,0.07918165705817477,1.7763568394002505e-15,0.12611359622960897,1.1852353972622123,0.011505593388169557
Queue-load-0.20,0.2,4,4,32,452,809,PPM-3,20,60.0,0.0,0.37958960000000275,-0.05911013463493056,0.17785980592397593,0.07705737765676439,1.7763568394002505e-15,0.12622543596826866,1.1842683899110669,0.011444648773254473
Queue-load-0.20,0.2,4,4,32,452,809,PPM-3,25,75.0,0.0,0.4847821000000181,-0.05863983598377759,0.1767309358313373,0.07522643099491148,1.7763568394002505e-15,0.12630412207881114,1.1836783190429723,0.011397019024190734
Queue-load-0.20,0.2,4,4,32,452,809,PPM-3,30,90.0,0.0,0.5852102000000059,-0.058189875479924845,0.17557617181770552,0.0736321656996885,2.6645352591003757e-15,0.1263652837974621,1.1831803831369405,0.01136206445848862
Queue-load-0.20,0.2,4,4,32,452,809,PPM-3,35,105.0,0.0,0.6896755000000212,-0.057812080605658074,0.17444928978531338,0.07222796912463754,1.7763568394002505e-15,0.12638806461460372,1.1829864397872711,0.011349491186066651
Queue-load-0.20,0.2,4,4,32,452,809,PPM-3,40,120.0,0.0,0.8107861000000014,-0.057456427016543805,0.17330211108752974,0.07097598577931209,1.7763568394002505e-15,0.12639847637048413,1.1829415798014664,0.011341440482070425
Queue-load-0.20,0.2,4,4,32,452,809,PPM-3,45,135.0,0.0,0.9225234000000171,-0.057084933784794796,0.17209839732263504,0.06984585662072554,1.7763568394002505e-15,0.12641043488109857,1.182858779365351,0.011333839889146229
Queue-load-0.20,0.2,4,4,32,452,809,PPM-3,50,150.0,0.0,1.0233044999999947,-0.05678033900368759,0.17092252065228944,0.06881360581317983,1.7763568394002505e-15,0.1263944123377023,1.183129560991858,0.011335610767989555
Queue-load-0.20,0.2,4,4,32,452,809,PPM-3,55,165.0,0.0,1.1197807000000068,-0.05649586029886251,0.1697292176201644,0.06786067466948568,1.7763568394002505e-15,0.12636880840275005,1.183511570812748,0.011341108922894865
Queue-load-0.20,0.2,4,4,32,452,809,PPM-3,60,180.0,0.0,1.2073077999999953,-0.05625114141503034,0.16853953042982942,0.06697304374197968,1.7763568394002505e-15,0.12632108946006443,1.1839983787323207,0.01136320639612936
Queue-load-0.20,0.2,4,4,32,452,810,QP+G,0,0.0,0.0,6.900000016685226e-06,-0.11162790450146606,0.21832743188425893,0.08716688725041744,2.6645352591003757e-15,0.10671385000181594,1.4089599828319188,0.019130361428083425
Queue-load-0.20,0.2,4,4,32,452,810,QP+G,5,5.0,5.0,0.6561432999999965,-0.10593001141456163,0.2129026763726534,0.08613945573959078,4.440892098500626e-15,0.10882399060118873,1.384367992102507,0.018314536130258612
Queue-load-0.20,0.2,4,4,32,452,810,QP+G,10,10.0,10.0,1.351935200000014,-0.1004802637749159,0.20759742775715326,0.0851935412742935,1.7763568394002505e-15,0.11083792251562924,1.361034290058634,0.01752869379707446
Queue-load-0.20,0.2,4,4,32,452,810,QP+G,15,15.0,15.0,2.030817600000006,-0.09536606474371245,0.20250186051412056,0.08428458342513591,2.6645352591003757e-15,0.11273867313999755,1.3395089494142438,0.016760855838200344
Queue-load-0.20,0.2,4,4,32,452,810,QP+G,20,20.0,20.0,2.6928120000000035,-0.0906967019874326,0.19772888500321603,0.08337194184725005,3.552713678800501e-15,0.11447816083564312,1.3202236709667994,0.016036382797683366
Queue-load-0.20,0.2,4,4,32,452,810,QP+G,25,25.0,25.0,3.4044038000000114,-0.08686841768310011,0.1936791205974085,0.08242481566406595,1.7763568394002505e-15,0.11588939571855904,1.3046596025405195,0.015444309410887522
Queue-load-0.20,0.2,4,4,32,452,810,QP+G,30,30.0,30.0,4.096602500000017,-0.08415347270752199,0.19062982391852995,0.08142582820988611,2.6645352591003757e-15,0.11687965546480471,1.2942018337361305,0.015004458549083284
Queue-load-0.20,0.2,4,4,32,452,810,QP+G,35,35.0,35.0,4.749250200000006,-0.0821334835934675,0.1881808038254898,0.08037170660619727,1.7763568394002505e-15,0.11758791162936888,1.2864513185698279,0.014704124235377217
Queue-load-0.20,0.2,4,4,32,452,810,QP+G,40,40.0,40.0,5.452159499999993,-0.08017585656769666,0.18572711450711066,0.07927121605272315,1.7763568394002505e-15,0.11826388674425856,1.2787864347631535,0.014431564057681128
Queue-load-0.20,0.2,4,4,32,452,810,QP+G,45,45.0,45.0,6.1037053999999955,-0.07815789563866425,0.18335890285980827,0.07814121533273852,1.7763568394002505e-15,0.11895849702080047,1.2706834015749915,0.014163429212094942
Queue-load-0.20,0.2,4,4,32,452,810,QP+G,50,50.0,50.0,6.78093419999999,-0.0758381862168572,0.18069487483574154,0.07700210808580896,2.6645352591003757e-15,0.11976990894817041,1.261128580902957,0.013854902583253063
Queue-load-0.20,0.2,4,4,32,452,810,QP+G,55,55.0,55.0,7.528005699999994,-0.07332788091569102,0.17794985217665468,0.07587389753185207,3.552713678800501e-15,0.12066073549437102,1.2506672932664937,0.013514670123182125
Queue-load-0.20,0.2,4,4,32,452,810,QP+G,60,60.0,60.0,8.223320400000006,-0.07073470115807233,0.17515485867042646,0.07477356695423251,2.6645352591003757e-15,0.12159278610657417,1.2397929999160717,0.013154950739948618
Queue-load-0.20,0.2,4,4,32,452,810,noG,0,0.0,0.0,5.999999984851456e-06,-0.11162790450146606,0.21832743188425893,0.08716688725041744,2.6645352591003757e-15,0.10671385000181594,1.4089599828319188,0.019130361428083425
Queue-load-0.20,0.2,4,4,32,452,810,noG,5,5.0,0.0,0.3418403000000012,-0.10625379055082358,0.2133421564344899,0.08629006672776349,3.552713678800501e-15,0.10869307879897229,1.385866902283028,0.0183665579229741
Queue-load-0.20,0.2,4,4,32,452,810,noG,10,10.0,0.0,0.6436788000000035,-0.10108502011344722,0.2084339447386941,0.08550204643584623,2.6645352591003757e-15,0.11059302725710284,1.363840384427396,0.01762589987829784
Queue-load-0.20,0.2,4,4,32,452,810,noG,15,15.0,0.0,0.9796023000000105,-0.09621817373700021,0.20370065087510064,0.08475761186156038,2.6645352591003757e-15,0.11239266152617938,1.343516803856222,0.01689592774454606
Queue-load-0.20,0.2,4,4,32,452,810,noG,20,20.0,0.0,1.313520799999992,-0.09174785527855088,0.19923905085789778,0.08401170761392868,1.7763568394002505e-15,0.11405131995359462,1.325258769360049,0.016198218501139793
Queue-load-0.20,0.2,4,4,32,452,810,noG,25,25.0,0.0,1.6309499999999844,-0.08806286067393294,0.19544095282123275,0.08322667951776154,3.552713678800501e-15,0.11540008956813702,1.3104335487877627,0.01562972365355998
Queue-load-0.20,0.2,4,4,32,452,810,noG,30,30.0,0.0,1.9365330999999912,-0.08551213332402832,0.19265907822592043,0.08237781765840974,2.6645352591003757e-15,0.1163179252676665,1.3007993884759133,0.015218949023075109
Queue-load-0.20,0.2,4,4,32,452,810,noG,35,35.0,0.0,2.2395983000000115,-0.08371796541132066,0.190524213282515,0.08145607914650617,1.7763568394002505e-15,0.11693234593036696,1.2942174698273978,0.014950945131349185
Queue-load-0.20,0.2,4,4,32,452,810,noG,40,40.0,0.0,2.553505599999994,-0.08199723324375888,0.1883686993801241,0.08046753309515291,1.7763568394002505e-15,0.11750838867553252,1.2877663760553038,0.014714433637346518
Queue-load-0.20,0.2,4,4,32,452,810,noG,45,45.0,0.0,2.8563708000000076,-0.08017942603537015,0.18613750955944147,0.07942989965586811,3.552713678800501e-15,0.11811575725091647,1.2807183140614933,0.014478015693215697
Queue-load-0.20,0.2,4,4,32,452,810,noG,50,50.0,0.0,3.1527619000000016,-0.07803817297515195,0.18369179780355213,0.07836732308268927,2.6645352591003757e-15,0.11884879610013022,1.272139099256849,0.014196514465299046
Queue-load-0.20,0.2,4,4,32,452,810,noG,55,55.0,0.0,3.4268755999999883,-0.07557910608518502,0.1809215039748096,0.0773049200509018,2.6645352591003757e-15,0.11970659088017445,1.2620227248806923,0.013871160441894483
Queue-load-0.20,0.2,4,4,32,452,810,noG,60,60.0,0.0,3.7481918000000007,-0.07293122940640277,0.17811471274308938,0.07626448641503497,1.7763568394002505e-15,0.12064506742185428,1.2509953951520434,0.013513069675406825
Queue-load-0.20,0.2,4,4,32,452,810,GDA,0,0.0,0.0,8.500000006961272e-06,-0.11162790450146606,0.21832743188425893,0.08716688725041744,2.6645352591003757e-15,0.10671385000181594,1.4089599828319188,0.019130361428083425
Queue-load-0.20,0.2,4,4,32,452,810,GDA,5,5.0,0.0,0.04479050000000484,-0.10625379055082358,0.2133421564344899,0.08629006672776349,3.552713678800501e-15,0.10869307879897229,1.385866902283028,0.0183665579229741
Queue-load-0.20,0.2,4,4,32,452,810,GDA,10,10.0,0.0,0.10774639999999636,-0.10108502011344722,0.2084339447386941,0.08550204643584623,2.6645352591003757e-15,0.11059302725710284,1.363840384427396,0.01762589987829784
Queue-load-0.20,0.2,4,4,32,452,810,GDA,15,15.0,0.0,0.1575493999999935,-0.09621817373700021,0.20370065087510064,0.08475761186156038,2.6645352591003757e-15,0.11239266152617938,1.343516803856222,0.01689592774454606
Queue-load-0.20,0.2,4,4,32,452,810,GDA,20,20.0,0.0,0.20574039999999627,-0.09174785527855088,0.19923905085789778,0.08401170761392868,1.7763568394002505e-15,0.11405131995359462,1.325258769360049,0.016198218501139793
Queue-load-0.20,0.2,4,4,32,452,810,GDA,25,25.0,0.0,0.26541140000000496,-0.08806286067393294,0.19544095282123275,0.08322667951776154,3.552713678800501e-15,0.11540008956813702,1.3104335487877627,0.01562972365355998
Queue-load-0.20,0.2,4,4,32,452,810,GDA,30,30.0,0.0,0.31647320000001855,-0.08551213332402832,0.19265907822592043,0.08237781765840974,2.6645352591003757e-15,0.1163179252676665,1.3007993884759133,0.015218949023075109
Queue-load-0.20,0.2,4,4,32,452,810,GDA,35,35.0,0.0,0.37973089999999843,-0.08371796541132066,0.190524213282515,0.08145607914650617,1.7763568394002505e-15,0.11693234593036696,1.2942174698273978,0.014950945131349185
Queue-load-0.20,0.2,4,4,32,452,810,GDA,40,40.0,0.0,0.42340820000001145,-0.08199723324375888,0.1883686993801241,0.08046753309515291,1.7763568394002505e-15,0.11750838867553252,1.2877663760553038,0.014714433637346518
Queue-load-0.20,0.2,4,4,32,452,810,GDA,45,45.0,0.0,0.4670409999999947,-0.08017942603537015,0.18613750955944147,0.07942989965586811,3.552713678800501e-15,0.11811575725091647,1.2807183140614933,0.014478015693215697
Queue-load-0.20,0.2,4,4,32,452,810,GDA,50,50.0,0.0,0.51238570000001,-0.07803817297515195,0.18369179780355213,0.07836732308268927,2.6645352591003757e-15,0.11884879610013022,1.272139099256849,0.014196514465299046
Queue-load-0.20,0.2,4,4,32,452,810,GDA,55,55.0,0.0,0.5543982000000085,-0.07557910608518502,0.1809215039748096,0.0773049200509018,2.6645352591003757e-15,0.11970659088017445,1.2620227248806923,0.013871160441894483
Queue-load-0.20,0.2,4,4,32,452,810,GDA,60,60.0,0.0,0.5985206000000005,-0.07293122940640277,0.17811471274308938,0.07626448641503497,1.7763568394002505e-15,0.12064506742185428,1.2509953951520434,0.013513069675406825
Queue-load-0.20,0.2,4,4,32,452,810,EGM,0,0.0,0.0,5.3999999920506525e-06,-0.11162790450146606,0.21832743188425893,0.08716688725041744,2.6645352591003757e-15,0.10671385000181594,1.4089599828319188,0.019130361428083425
Queue-load-0.20,0.2,4,4,32,452,810,EGM,5,5.0,0.0,0.05926779999998644,-0.10618490976097097,0.21324858323477974,0.08625791785405282,3.552713678800501e-15,0.1087209483034193,1.385547934579227,0.01835547619241128
Queue-load-0.20,0.2,4,4,32,452,810,EGM,10,10.0,0.0,0.12421169999998938,-0.10095329304333726,0.2082527762831109,0.08543594942072996,3.552713678800501e-15,0.1106463935367849,1.3632255940851767,0.017604890985048242
Queue-load-0.20,0.2,4,4,32,452,810,EGM,15,15.0,0.0,0.19033689999997705,-0.09603540146789759,0.2034439524017665,0.08465591094997332,1.7763568394002505e-15,0.11246699494998322,1.3426562433115452,0.016866886980988552
Queue-load-0.20,0.2,4,4,32,452,810,EGM,20,20.0,0.0,0.26021769999999833,-0.09152333521249499,0.1989166955009526,0.08387374164224548,1.7763568394002505e-15,0.11414261380083351,1.324182888737392,0.016163549949830318
Queue-load-0.20,0.2,4,4,32,452,810,EGM,25,25.0,0.0,0.31922910000000115,-0.08780739185315321,0.19506461085441862,0.08305335307447113,1.7763568394002505e-15,0.11550490231599306,1.3091981870200307,0.015589929946110925
Queue-load-0.20,0.2,4,4,32,452,810,EGM,30,30.0,0.0,0.3785844999999881,-0.08522084811959402,0.1922250195210563,0.08217173739397815,1.7763568394002505e-15,0.11643853738067027,1.2993843917777597,0.015172810420500388
Queue-load-0.20,0.2,4,4,32,452,810,EGM,35,35.0,0.0,0.43747589999998127,-0.08337796100220432,0.19002274870328933,0.0812212199012767,2.6645352591003757e-15,0.11707327579764987,1.2925504385617164,0.014897753751733639
Queue-load-0.20,0.2,4,4,32,452,810,EGM,40,40.0,0.0,0.4996263999999826,-0.08160561732282745,0.18780270787486103,0.08020853715700711,2.6645352591003757e-15,0.1176712778687307,1.2858364929845625,0.014653117237345083
Queue-load-0.20,0.2,4,4,32,452,810,EGM,45,45.0,0.0,0.5622295000000008,-0.07974441492787994,0.185542356382426,0.0791512339350392,1.7763568394002505e-15,0.11829756205435801,1.2785576276643391,0.014409931226466562
Queue-load-0.20,0.2,4,4,32,452,810,EGM,50,50.0,0.0,0.6297177999999803,-0.07756366245216187,0.18304898273125836,0.07807256823144826,2.6645352591003757e-15,0.11904804291332372,1.2697624597703483,0.014122353940868877
Queue-load-0.20,0.2,4,4,32,452,810,EGM,55,55.0,0.0,0.7098129999999969,-0.07507037087375998,0.18026050690953793,0.07699640660240732,3.552713678800501e-15,0.11992113081960648,1.2594527920469774,0.013791880125289752
Queue-load-0.20,0.2,4,4,32,452,810,EGM,60,60.0,0.0,0.7714777999999853,-0.07243376344915073,0.17745738368216074,0.07594334507367675,2.6645352591003757e-15,0.12085892357816659,1.2484647940699247,0.013432403049732403
Queue-load-0.20,0.2,4,4,32,452,810,PPM-3,0,0.0,0.0,5.700000002661909e-06,-0.11162790450146606,0.21832743188425893,0.08716688725041744,2.6645352591003757e-15,0.10671385000181594,1.4089599828319188,0.019130361428083425
Queue-load-0.20,0.2,4,4,32,452,810,PPM-3,5,15.0,0.0,0.11020940000000223,-0.10618535535675716,0.21324898855403018,0.08625798794365673,2.6645352591003757e-15,0.10872078241055663,1.38555002872136,0.018355531867266777
Queue-load-0.20,0.2,4,4,32,452,810,PPM-3,10,30.0,0.0,0.20375229999999078,-0.10095416737636395,0.20825360699486634,0.08543603074164509,2.6645352591003757e-15,0.11064606414183692,1.3632296458761097,0.01760500712784178
Queue-load-0.20,0.2,4,4,32,452,810,PPM-3,15,45.0,0.0,0.3029657999999813,-0.09603669120015787,0.2034452337295019,0.0846559854205033,2.6645352591003757e-15,0.11246650895294309,1.3426621806902714,0.01686706048441129
Queue-load-0.20,0.2,4,4,32,452,810,PPM-3,20,60.0,0.0,0.40188559999998574,-0.0915250447620962,0.19891847108224467,0.08387382668305898,2.6645352591003757e-15,0.11414198979751872,1.324191007085602,0.016163746671660397
Queue-load-0.20,0.2,4,4,32,452,810,PPM-3,25,75.0,0.0,0.5044935999999893,-0.08780902877533323,0.19506642654243808,0.0830534885571745,2.6645352591003757e-15,0.11550431896131151,1.3092060342368188,0.015590100289382394
Queue-load-0.20,0.2,4,4,32,452,810,PPM-3,30,90.0,0.0,0.5969619999999907,-0.0852217448554058,0.19222624319191933,0.08217196905889516,1.7763568394002505e-15,0.11643821036414909,1.2993882097903837,0.01517293648898876
Queue-load-0.20,0.2,4,4,32,452,810,PPM-3,35,105.0,0.0,0.7017400000000009,-0.08337909897995427,0.19002437813984896,0.08122158372955285,1.7763568394002505e-15,0.11707287042778607,1.292555247767189,0.014897906005520148
Queue-load-0.20,0.2,4,4,32,452,810,PPM-3,40,120.0,0.0,0.8120835,-0.08160704306239555,0.18780476361834217,0.08020904870448804,2.6645352591003757e-15,0.11767077500924503,1.2858424957773091,0.014653304160370475
Queue-load-0.20,0.2,4,4,32,452,810,PPM-3,45,135.0,0.0,0.9088213999999937,-0.07974611927541142,0.18554450329496378,0.07915188514411316,2.220446049250313e-15,0.11829696351410088,1.2785648418453435,0.01441015007298664
Queue-load-0.20,0.2,4,4,32,452,810,PPM-3,50,150.0,0.0,1.0072025999999994,-0.07756567999717451,0.18305147901769958,0.07807333178632328,3.552713678800501e-15,0.11904733142264376,1.2697711084770753,0.014122610236457696
Queue-load-0.20,0.2,4,4,32,452,810,PPM-3,55,165.0,0.0,1.1015113999999926,-0.07507273906278007,0.18026296638562272,0.07699724532511629,1.7763568394002505e-15,0.11992028708578518,1.2594631239125598,0.013792180076711836
Queue-load-0.20,0.2,4,4,32,452,810,PPM-3,60,180.0,0.0,1.200369099999989,-0.07243620228030612,0.1774598308120772,0.07594422239296296,2.6645352591003757e-15,0.12085803609067444,1.248475412266482,0.013432731684774308
Queue-load-0.20,0.2,4,4,32,452,811,QP+G,0,0.0,0.0,5.099999981439396e-06,-0.08932764705958705,0.19114884344100294,0.10880156365657702,2.6645352591003757e-15,0.11477826574290959,1.3196297491323734,0.015767536934334282
Queue-load-0.20,0.2,4,4,32,452,811,QP+G,5,5.0,5.0,0.6460315999999864,-0.08561598165154166,0.18669891751464138,0.10355291227619129,1.7763568394002505e-15,0.11624103139713597,1.3029219479872998,0.015184129235111555
Queue-load-0.20,0.2,4,4,32,452,811,QP+G,10,10.0,10.0,1.3129337999999962,-0.08216516043393406,0.1824020878017995,0.09834189680947748,2.6645352591003757e-15,0.11755583075993008,1.2877709030544606,0.014666753289835273
Queue-load-0.20,0.2,4,4,32,452,811,QP+G,15,15.0,15.0,1.9849561999999992,-0.07948813663241455,0.17886019279585,0.0934105432576756,2.6645352591003757e-15,0.11854277166628195,1.2764951729714544,0.014273271861536421
Queue-load-0.20,0.2,4,4,32,452,811,QP+G,20,20.0,20.0,2.660305099999988,-0.07737834768692693,0.1757967247138416,0.08891244680994782,2.6645352591003757e-15,0.1192912118530125,1.2680490418025323,0.013969364894223025
Queue-load-0.20,0.2,4,4,32,452,811,QP+G,25,25.0,25.0,3.5670769999999834,-0.07544223246585098,0.17286062563228863,0.08492667988041937,1.3322676295501878e-15,0.11994442839707506,1.2603741860242976,0.013720088127962127
Queue-load-0.20,0.2,4,4,32,452,811,QP+G,30,30.0,30.0,4.220434100000006,-0.07358622968690165,0.1699866108373254,0.08147807563806915,1.7763568394002505e-15,0.12055343517567671,1.2531375295731972,0.013491958004681576
Queue-load-0.20,0.2,4,4,32,452,811,QP+G,35,35.0,35.0,4.862235699999985,-0.07171779028279139,0.1670157405642474,0.07855444479639279,2.6645352591003757e-15,0.1211579160742287,1.2458607751120965,0.013270464183029601
Queue-load-0.20,0.2,4,4,32,452,811,QP+G,40,40.0,40.0,5.531382399999984,-0.06986799841853414,0.16403349336574052,0.07611855946855957,1.7763568394002505e-15,0.12174922725896577,1.238647340562638,0.013058807448264148
Queue-load-0.20,0.2,4,4,32,452,811,QP+G,45,45.0,45.0,6.1923122000000035,-0.06799830682588533,0.1610424076164737,0.07411582292035192,2.220446049250313e-15,0.1223424629167147,1.2312472909179515,0.012855048087603935
Queue-load-0.20,0.2,4,4,32,452,811,QP+G,50,50.0,50.0,6.935105300000004,-0.06617188503506902,0.15829826912425227,0.07247930159827336,1.7763568394002505e-15,0.12291865889001687,1.2240301364941906,0.012658702347131404
Queue-load-0.20,0.2,4,4,32,452,811,QP+G,55,55.0,55.0,7.616285099999999,-0.06464283203222565,0.1560848547374905,0.0711336877724514,1.3322676295501878e-15,0.1233848945594916,1.2181795418126553,0.012500392713526837
Queue-load-0.20,0.2,4,4,32,452,811,QP+G,60,60.0,60.0,8.291830099999999,-0.06353250215011721,0.15428117780717293,0.06999939299189636,4.440892098500626e-15,0.12369260161141568,1.214195466355405,0.012402373843563068
Queue-load-0.20,0.2,4,4,32,452,811,noG,0,0.0,0.0,6.100000007336348e-06,-0.08932764705958705,0.19114884344100294,0.10880156365657702,2.6645352591003757e-15,0.11477826574290959,1.3196297491323734,0.015767536934334282
Queue-load-0.20,0.2,4,4,32,452,811,noG,5,5.0,0.0,0.3060102000000029,-0.08561598165154166,0.18669891751464138,0.10355291227619129,1.7763568394002505e-15,0.11624103139713597,1.3029219479872998,0.015184129235111555
Queue-load-0.20,0.2,4,4,32,452,811,noG,10,10.0,0.0,0.6303345000000036,-0.08216516043393406,0.1824020878017995,0.09834189680947748,2.6645352591003757e-15,0.11755583075993008,1.2877709030544606,0.014666753289835273
Queue-load-0.20,0.2,4,4,32,452,811,noG,15,15.0,0.0,0.9799797000000012,-0.07948813663241455,0.17886019279585,0.0934105432576756,2.6645352591003757e-15,0.11854277166628195,1.2764951729714544,0.014273271861536421
Queue-load-0.20,0.2,4,4,32,452,811,noG,20,20.0,0.0,1.2829140999999993,-0.07737834768692693,0.1757967247138416,0.08891244680994782,2.6645352591003757e-15,0.1192912118530125,1.2680490418025323,0.013969364894223025
Queue-load-0.20,0.2,4,4,32,452,811,noG,25,25.0,0.0,1.5922932000000003,-0.07544223246585098,0.17286062563228863,0.08492667988041937,1.3322676295501878e-15,0.11994442839707506,1.2603741860242976,0.013720088127962127
Queue-load-0.20,0.2,4,4,32,452,811,noG,30,30.0,0.0,1.892011800000006,-0.07358622968690165,0.1699866108373254,0.08147807563806915,1.7763568394002505e-15,0.12055343517567671,1.2531375295731972,0.013491958004681576
Queue-load-0.20,0.2,4,4,32,452,811,noG,35,35.0,0.0,2.2055853999999897,-0.07171779028279139,0.1670157405642474,0.07855444479639279,2.6645352591003757e-15,0.1211579160742287,1.2458607751120965,0.013270464183029601
Queue-load-0.20,0.2,4,4,32,452,811,noG,40,40.0,0.0,2.5114375999999936,-0.06986799841853414,0.16403349336574052,0.07611855946855957,1.7763568394002505e-15,0.12174922725896577,1.238647340562638,0.013058807448264148
Queue-load-0.20,0.2,4,4,32,452,811,noG,45,45.0,0.0,2.823509900000005,-0.06799830682588533,0.1610424076164737,0.07411582292035192,2.220446049250313e-15,0.1223424629167147,1.2312472909179515,0.012855048087603935
Queue-load-0.20,0.2,4,4,32,452,811,noG,50,50.0,0.0,3.131911500000001,-0.06617188503506902,0.15829826912425227,0.07247930159827336,1.7763568394002505e-15,0.12291865889001687,1.2240301364941906,0.012658702347131404
Queue-load-0.20,0.2,4,4,32,452,811,noG,55,55.0,0.0,3.4578055000000063,-0.06464283203222565,0.1560848547374905,0.0711336877724514,1.3322676295501878e-15,0.1233848945594916,1.2181795418126553,0.012500392713526837
Queue-load-0.20,0.2,4,4,32,452,811,noG,60,60.0,0.0,3.7677083000000096,-0.06353250215011721,0.15428117780717293,0.06999939299189636,4.440892098500626e-15,0.12369260161141568,1.214195466355405,0.012402373843563068
Queue-load-0.20,0.2,4,4,32,452,811,GDA,0,0.0,0.0,7.89999998573876e-06,-0.08932764705958705,0.19114884344100294,0.10880156365657702,2.6645352591003757e-15,0.11477826574290959,1.3196297491323734,0.015767536934334282
Queue-load-0.20,0.2,4,4,32,452,811,GDA,5,5.0,0.0,0.04382309999999734,-0.08561598165154166,0.18669891751464138,0.10355291227619129,1.7763568394002505e-15,0.11624103139713597,1.3029219479872998,0.015184129235111555
Queue-load-0.20,0.2,4,4,32,452,811,GDA,10,10.0,0.0,0.08616159999999695,-0.08216516043393406,0.1824020878017995,0.09834189680947748,2.6645352591003757e-15,0.11755583075993008,1.2877709030544606,0.014666753289835273
Queue-load-0.20,0.2,4,4,32,452,811,GDA,15,15.0,0.0,0.1346242999999845,-0.07948813663241455,0.17886019279585,0.0934105432576756,2.6645352591003757e-15,0.11854277166628195,1.2764951729714544,0.014273271861536421
Queue-load-0.20,0.2,4,4,32,452,811,GDA,20,20.0,0.0,0.17902469999998516,-0.07737834768692693,0.1757967247138416,0.08891244680994782,2.6645352591003757e-15,0.1192912118530125,1.2680490418025323,0.013969364894223025
Queue-load-0.20,0.2,4,4,32,452,811,GDA,25,25.0,0.0,0.22308709999998655,-0.07544223246585098,0.17286062563228863,0.08492667988041937,1.3322676295501878e-15,0.11994442839707506,1.2603741860242976,0.013720088127962127
Queue-load-0.20,0.2,4,4,32,452,811,GDA,30,30.0,0.0,0.2800681999999881,-0.07358622968690165,0.1699866108373254,0.08147807563806915,1.7763568394002505e-15,0.12055343517567671,1.2531375295731972,0.013491958004681576
Queue-load-0.20,0.2,4,4,32,452,811,GDA,35,35.0,0.0,0.32351309999998534,-0.07171779028279139,0.1670157405642474,0.07855444479639279,2.6645352591003757e-15,0.1211579160742287,1.2458607751120965,0.013270464183029601
Queue-load-0.20,0.2,4,4,32,452,811,GDA,40,40.0,0.0,0.36806889999999726,-0.06986799841853414,0.16403349336574052,0.07611855946855957,1.7763568394002505e-15,0.12174922725896577,1.238647340562638,0.013058807448264148
Queue-load-0.20,0.2,4,4,32,452,811,GDA,45,45.0,0.0,0.41878029999998034,-0.06799830682588533,0.1610424076164737,0.07411582292035192,2.220446049250313e-15,0.1223424629167147,1.2312472909179515,0.012855048087603935
Queue-load-0.20,0.2,4,4,32,452,811,GDA,50,50.0,0.0,0.4764765999999838,-0.06617188503506902,0.15829826912425227,0.07247930159827336,1.7763568394002505e-15,0.12291865889001687,1.2240301364941906,0.012658702347131404
Queue-load-0.20,0.2,4,4,32,452,811,GDA,55,55.0,0.0,0.533020300000004,-0.06464283203222565,0.1560848547374905,0.0711336877724514,1.3322676295501878e-15,0.1233848945594916,1.2181795418126553,0.012500392713526837
Queue-load-0.20,0.2,4,4,32,452,811,GDA,60,60.0,0.0,0.5743506999999966,-0.06353250215011721,0.15428117780717293,0.06999939299189636,4.440892098500626e-15,0.12369260161141568,1.214195466355405,0.012402373843563068
Queue-load-0.20,0.2,4,4,32,452,811,EGM,0,0.0,0.0,5.500000014535544e-06,-0.08932764705958705,0.19114884344100294,0.10880156365657702,2.6645352591003757e-15,0.11477826574290959,1.3196297491323734,0.015767536934334282
Queue-load-0.20,0.2,4,4,32,452,811,EGM,5,5.0,0.0,0.06368120000001909,-0.08565216198964433,0.18671551815405296,0.10361324680817488,1.7763568394002505e-15,0.11622642768089572,1.3030879027484699,0.015189998490237852
Queue-load-0.20,0.2,4,4,32,452,811,EGM,10,10.0,0.0,0.1265645999999947,-0.0822282300831471,0.18242698327580625,0.09846736382223374,1.7763568394002505e-15,0.11753141607873198,1.2880502555556728,0.01467646520781187
Queue-load-0.20,0.2,4,4,32,452,811,EGM,15,15.0,0.0,0.20023180000001162,-0.07954289262299911,0.1788598429555409,0.09359387611558989,1.7763568394002505e-15,0.11852242175989264,1.2767125108641448,0.014282182931468377
Queue-load-0.20,0.2,4,4,32,452,811,EGM,20,20.0,0.0,0.2729949000000147,-0.07742352319418078,0.17577057281999792,0.08913978509463062,1.7763568394002505e-15,0.11927674454829915,1.2682034737787782,0.013975704200186605
Queue-load-0.20,0.2,4,4,32,452,811,EGM,25,25.0,0.0,0.34795700000000807,-0.07547867225362606,0.17281572866021272,0.0851821236772099,2.6645352591003757e-15,0.1199347672934774,1.260445442049131,0.013725998914463322
Queue-load-0.20,0.2,4,4,32,452,811,EGM,30,30.0,0.0,0.43051320000000715,-0.0736012165271275,0.16990661003620483,0.08174637309118445,1.7763568394002505e-15,0.12055407104725431,1.253078950053714,0.013494405265708389
Queue-load-0.20,0.2,4,4,32,452,811,EGM,35,35.0,0.0,0.4883388000000082,-0.07170570325042558,0.1668957814451726,0.07882212683389106,2.6645352591003757e-15,0.12117079257242984,1.2456480075210237,0.013268785979095428
Queue-load-0.20,0.2,4,4,32,452,811,EGM,40,40.0,0.0,0.5520467999999994,-0.06984754069357894,0.16389762137689662,0.07637413058786648,2.220446049250313e-15,0.12176661072381124,1.238360677297179,0.013056511523705822
Queue-load-0.20,0.2,4,4,32,452,811,EGM,45,45.0,0.0,0.611216799999994,-0.06794811229515021,0.16087524542654652,0.0743495222176471,1.7763568394002505e-15,0.12237224664162387,1.23080021758916,0.012848794537894235
Queue-load-0.20,0.2,4,4,32,452,811,EGM,50,50.0,0.0,0.6712954000000195,-0.0661295569495635,0.15814745781095718,0.07268279631235322,1.7763568394002505e-15,0.12294695563962163,1.2236110744576996,0.012652461494183895
Queue-load-0.20,0.2,4,4,32,452,811,EGM,55,55.0,0.0,0.7323851000000161,-0.06466451141382917,0.1559921455445744,0.07129994024522027,1.3322676295501878e-15,0.12338961316640847,1.218038942789817,0.012503074055180285
Queue-load-0.20,0.2,4,4,32,452,811,EGM,60,60.0,0.0,0.7939755000000162,-0.06357460618633787,0.1542012873151703,0.07012283424137856,1.7763568394002505e-15,0.1236907375114378,1.2141627652737301,0.012405959053103117
Queue-load-0.20,0.2,4,4,32,452,811,PPM-3,0,0.0,0.0,6.100000007336348e-06,-0.08932764705958705,0.19114884344100294,0.10880156365657702,2.6645352591003757e-15,0.11477826574290959,1.3196297491323734,0.015767536934334282
Queue-load-0.20,0.2,4,4,32,452,811,PPM-3,5,15.0,0.0,0.098884599999991,-0.08565143619136452,0.1867148322367868,0.10361262433626155,2.6645352591003757e-15,0.11622672431049354,1.3030844970119828,0.015189881109928584
Queue-load-0.20,0.2,4,4,32,452,811,PPM-3,10,30.0,0.0,0.19855749999999261,-0.08222671710254803,0.18242557741765417,0.09846583599365304,2.6645352591003757e-15,0.11753202111488485,1.288043269155538,0.014676227876929132
Queue-load-0.20,0.2,4,4,32,452,811,PPM-3,15,45.0,0.0,0.29277799999999843,-0.07954081684265908,0.1788579517048296,0.0935913957636991,1.7763568394002505e-15,0.11852324194599177,1.2767031071794408,0.014281857676143064
Queue-load-0.20,0.2,4,4,32,452,811,PPM-3,20,60.0,0.0,0.3959519,-0.07742093780275533,0.1757682664628099,0.08913647226719906,3.552713678800501e-15,0.11927774691872119,1.2681918942286086,0.01397531127977324
Queue-load-0.20,0.2,4,4,32,452,811,PPM-3,25,75.0,0.0,0.48860809999999333,-0.07547570607059735,0.1728130950730437,0.08517817726407476,1.7763568394002505e-15,0.1199359002581989,1.2604323458217852,0.013725555224865156
Queue-load-0.20,0.2,4,4,32,452,811,PPM-3,30,90.0,0.0,0.580674700000003,-0.07359796864489006,0.16990378508689796,0.08174200382049557,2.6645352591003757e-15,0.12055529374419739,1.2530647649765538,0.013493929151773625
Queue-load-0.20,0.2,4,4,32,452,811,PPM-3,35,105.0,0.0,0.6740021999999897,-0.07170227288395156,0.16689286873552525,0.07881751976229581,1.7763568394002505e-15,0.12117206744925497,1.245633164038544,0.013268292338190268
Queue-load-0.20,0.2,4,4,32,452,811,PPM-3,40,120.0,0.0,0.7670822999999984,-0.06984394011464036,0.16389456308488223,0.07636943079478674,1.7763568394002505e-15,0.12176793565526245,1.2383452311922878,0.013055999545143623
Queue-load-0.20,0.2,4,4,32,452,811,PPM-3,45,135.0,0.0,0.8648667999999873,-0.06794448812971726,0.16087211517123462,0.07434483520926373,2.6645352591003757e-15,0.12237356711720297,1.2307847824286218,0.01284828643918545
Queue-load-0.20,0.2,4,4,32,452,811,PPM-3,50,150.0,0.0,0.9671074999999973,-0.06612605749363033,0.15814422397113503,0.07267819651969627,2.6645352591003757e-15,0.12294822334172403,1.2235963908595913,0.012651966613034424
Queue-load-0.20,0.2,4,4,32,452,811,PPM-3,55,165.0,0.0,1.060694600000005,-0.06466078816910702,0.15598864265073936,0.07129548296843807,3.552713678800501e-15,0.12339096118070632,1.2180234047827758,0.012502543830726826
Queue-load-0.20,0.2,4,4,32,452,811,PPM-3,60,180.0,0.0,1.1640199999999936,-0.06357102453977079,0.15419791945031314,0.07011856742217042,1.7763568394002505e-15,0.12369202724183943,1.2141479244425735,0.012405450419077904
Queue-load-0.45,0.45,4,4,32,452,800,QP+G,0,0.0,0.0,5.100000009861105e-06,-0.2653920315694665,0.43477909136588616,0.17976233870920802,3.552713678800501e-15,0.1679316201565496,2.5748627668935318,0.14654928684905422
Queue-load-0.45,0.45,4,4,32,452,800,QP+G,5,5.0,5.0,0.6691638000000069,-0.2494157728764362,0.4156547874579653,0.18209132016197577,3.552713678800501e-15,0.17598134058950393,2.5441257099773127,0.14011730625379615
Queue-load-0.45,0.45,4,4,32,452,800,QP+G,10,10.0,10.0,1.3324306000000092,-0.23956533435440303,0.40012418174535647,0.18416807289328,3.552713678800501e-15,0.18083439004321344,2.5265832710929135,0.1361875430571602
Queue-load-0.45,0.45,4,4,32,452,800,QP+G,15,15.0,15.0,1.9982669999999985,-0.23328301008328023,0.38545807776684815,0.1850759904727338,3.552713678800501e-15,0.18364341909207446,2.5141444416274505,0.13403318924332314
Queue-load-0.45,0.45,4,4,32,452,800,QP+G,20,20.0,20.0,2.6782961000000114,-0.23022974981906644,0.37122902291210746,0.18472526683481924,5.329070518200751e-15,0.1846106545473106,2.506099604520794,0.1334893662673849
Queue-load-0.45,0.45,4,4,32,452,800,QP+G,25,25.0,25.0,3.3447694000000183,-0.22926270470040253,0.35631476432768155,0.18331899156102516,3.552713678800501e-15,0.1845090875464823,2.50309234832856,0.1337492099099096
Queue-load-0.45,0.45,4,4,32,452,800,QP+G,30,30.0,30.0,4.038226100000003,-0.22945428587541578,0.33999442560112025,0.18072382379253923,3.552713678800501e-15,0.18390322376411328,2.504437107228514,0.13428429690807053
Queue-load-0.45,0.45,4,4,32,452,800,QP+G,35,35.0,35.0,4.715782200000007,-0.2296880869999166,0.3216432091107399,0.17663200263472545,3.552713678800501e-15,0.18331917916471416,2.506836936585238,0.13474203469922105
Queue-load-0.45,0.45,4,4,32,452,800,QP+G,40,40.0,40.0,5.407881400000008,-0.2299588282908139,0.30211604581397694,0.17098371223062328,3.552713678800501e-15,0.1827288623229584,2.5094045347700313,0.13519721479440824
Queue-load-0.45,0.45,4,4,32,452,800,QP+G,45,45.0,45.0,6.07643250000001,-0.23059048248505942,0.2879813413722724,0.16417238395308845,5.329070518200751e-15,0.18195775891985266,2.512307720324514,0.13581551895780453
Queue-load-0.45,0.45,4,4,32,452,800,QP+G,50,50.0,50.0,6.781897500000014,-0.23085930191961473,0.28195668095556675,0.15689935941079447,5.329070518200751e-15,0.18140846313176523,2.514202201677945,0.1362651052009749
Queue-load-0.45,0.45,4,4,32,452,800,QP+G,55,55.0,55.0,7.483018600000008,-0.23080992596356883,0.27580978060199557,0.1498357849970632,3.552713678800501e-15,0.18106495978679227,2.5151868577040064,0.13655678454457573
Queue-load-0.45,0.45,4,4,32,452,800,QP+G,60,60.0,60.0,8.17047150000002,-0.230593850888078,0.26854366158430654,0.1433512302666456,3.552713678800501e-15,0.18086185830387996,2.515791594359742,0.13672805778244956
Queue-load-0.45,0.45,4,4,32,452,800,noG,0,0.0,0.0,6.59999997765226e-06,-0.2653920315694665,0.43477909136588616,0.17976233870920802,3.552713678800501e-15,0.1679316201565496,2.5748627668935318,0.14654928684905422
Queue-load-0.45,0.45,4,4,32,452,800,noG,5,5.0,0.0,0.3175325999999927,-0.25064396257660887,0.41868324575312454,0.18231897581894282,5.329070518200751e-15,0.17533558539150268,2.546518617934119,0.1406371189277544
Queue-load-0.45,0.45,4,4,32,452,800,noG,10,10.0,0.0,0.6207079999999792,-0.24114501849482503,0.4056830877111445,0.18516053397640234,3.552713678800501e-15,0.18002096553043667,2.5299451932902737,0.13682402429639184
Queue-load-0.45,0.45,4,4,32,452,800,noG,15,15.0,0.0,0.9194863999999825,-0.23540202402654686,0.39399990658303763,0.18735559925664788,3.552713678800501e-15,0.18255717847853012,2.5187802150481953,0.13487544178209154
Queue-load-0.45,0.45,4,4,32,452,800,noG,20,20.0,0.0,1.2251388999999904,-0.23218426031281683,0.38217983093950175,0.1882902965221564,3.552713678800501e-15,0.18358985513659362,2.5105483413283585,0.13427602163559865
Queue-load-0.45,0.45,4,4,32,452,800,noG,25,25.0,0.0,1.5239437999999836,-0.23102752665911785,0.3696042404862656,0.18813703584674574,3.552713678800501e-15,0.18353879007534574,2.507086929914411,0.1345092662449491
Queue-load-0.45,0.45,4,4,32,452,800,noG,30,30.0,0.0,1.8279086999999947,-0.23151466991834732,0.3558071422057689,0.18704471711351184,3.552713678800501e-15,0.1827212596847613,2.508905982970979,0.13523105700097687
Queue-load-0.45,0.45,4,4,32,452,800,noG,35,35.0,0.0,2.1303644999999847,-0.23192064182357838,0.3391995520458393,0.1846648885255627,3.552713678800501e-15,0.18199440710652087,2.5118131315632257,0.13580490175857216
Queue-load-0.45,0.45,4,4,32,452,800,noG,40,40.0,0.0,2.445257099999992,-0.2322640855416453,0.3202377696683914,0.18049025124015974,3.552713678800501e-15,0.18131328124558357,2.5149482395872598,0.13632102193403445
Queue-load-0.45,0.45,4,4,32,452,800,noG,45,45.0,0.0,2.7556789999999864,-0.23289235014787393,0.30121991852056296,0.17436069410893115,3.552713678800501e-15,0.18048596656848676,2.5183745296455746,0.13696800555543048
Queue-load-0.45,0.45,4,4,32,452,800,noG,50,50.0,0.0,3.0797873999999865,-0.23355863715859318,0.29146632175667614,0.166745953864291,2.6645352591003757e-15,0.17965796883347893,2.521440775460816,0.1376346219317411
Queue-load-0.45,0.45,4,4,32,452,800,noG,55,55.0,0.0,3.4098698999999897,-0.2339555014897969,0.2869266444747057,0.15861235949785846,4.440892098500626e-15,0.1790101134052643,2.5237693830188945,0.13815991906742559
Queue-load-0.45,0.45,4,4,32,452,800,noG,60,60.0,0.0,3.705649199999982,-0.23426752733962472,0.2815129864560303,0.15093892986895582,5.329070518200751e-15,0.1784749579937462,2.5258881854651065,0.13858355856072166
Queue-load-0.45,0.45,4,4,32,452,800,GDA,0,0.0,0.0,1.1499999999387e-05,-0.2653920315694665,0.43477909136588616,0.17976233870920802,3.552713678800501e-15,0.1679316201565496,2.5748627668935318,0.14654928684905422
Queue-load-0.45,0.45,4,4,32,452,800,GDA,5,5.0,0.0,0.05184619999999995,-0.25064396257660887,0.41868324575312454,0.18231897581894282,5.329070518200751e-15,0.17533558539150268,2.546518617934119,0.1406371189277544
Queue-load-0.45,0.45,4,4,32,452,800,GDA,10,10.0,0.0,0.10318789999999467,-0.24114501849482503,0.4056830877111445,0.18516053397640234,3.552713678800501e-15,0.18002096553043667,2.5299451932902737,0.13682402429639184
Queue-load-0.45,0.45,4,4,32,452,800,GDA,15,15.0,0.0,0.156751799999995,-0.23540202402654686,0.39399990658303763,0.18735559925664788,3.552713678800501e-15,0.18255717847853012,2.5187802150481953,0.13487544178209154
Queue-load-0.45,0.45,4,4,32,452,800,GDA,20,20.0,0.0,0.21449189999998453,-0.23218426031281683,0.38217983093950175,0.1882902965221564,3.552713678800501e-15,0.18358985513659362,2.5105483413283585,0.13427602163559865
Queue-load-0.45,0.45,4,4,32,452,800,GDA,25,25.0,0.0,0.2593492000000026,-0.23102752665911785,0.3696042404862656,0.18813703584674574,3.552713678800501e-15,0.18353879007534574,2.507086929914411,0.1345092662449491
Queue-load-0.45,0.45,4,4,32,452,800,GDA,30,30.0,0.0,0.3124986999999919,-0.23151466991834732,0.3558071422057689,0.18704471711351184,3.552713678800501e-15,0.1827212596847613,2.508905982970979,0.13523105700097687
Queue-load-0.45,0.45,4,4,32,452,800,GDA,35,35.0,0.0,0.361134700000008,-0.23192064182357838,0.3391995520458393,0.1846648885255627,3.552713678800501e-15,0.18199440710652087,2.5118131315632257,0.13580490175857216
Queue-load-0.45,0.45,4,4,32,452,800,GDA,40,40.0,0.0,0.4090506000000005,-0.2322640855416453,0.3202377696683914,0.18049025124015974,3.552713678800501e-15,0.18131328124558357,2.5149482395872598,0.13632102193403445
Queue-load-0.45,0.45,4,4,32,452,800,GDA,45,45.0,0.0,0.4635753999999963,-0.23289235014787393,0.30121991852056296,0.17436069410893115,3.552713678800501e-15,0.18048596656848676,2.5183745296455746,0.13696800555543048
Queue-load-0.45,0.45,4,4,32,452,800,GDA,50,50.0,0.0,0.5109103000000061,-0.23355863715859318,0.29146632175667614,0.166745953864291,2.6645352591003757e-15,0.17965796883347893,2.521440775460816,0.1376346219317411
Queue-load-0.45,0.45,4,4,32,452,800,GDA,55,55.0,0.0,0.5564608999999905,-0.2339555014897969,0.2869266444747057,0.15861235949785846,4.440892098500626e-15,0.1790101134052643,2.5237693830188945,0.13815991906742559
Queue-load-0.45,0.45,4,4,32,452,800,GDA,60,60.0,0.0,0.6120515000000069,-0.23426752733962472,0.2815129864560303,0.15093892986895582,5.329070518200751e-15,0.1784749579937462,2.5258881854651065,0.13858355856072166
Queue-load-0.45,0.45,4,4,32,452,800,EGM,0,0.0,0.0,8.900000011635711e-06,-0.2653920315694665,0.43477909136588616,0.17976233870920802,3.552713678800501e-15,0.1679316201565496,2.5748627668935318,0.14654928684905422
Queue-load-0.45,0.45,4,4,32,452,800,EGM,5,5.0,0.0,0.06981060000001094,-0.2503790916237566,0.41803370525400496,0.18226993552901138,3.552713678800501e-15,0.1754743978971704,2.5459936330993034,0.1405259372028669
Queue-load-0.45,0.45,4,4,32,452,800,EGM,10,10.0,0.0,0.1370591000000161,-0.24079155608023792,0.4044823676283561,0.18494673300156506,5.329070518200751e-15,0.18020348122068194,2.5291974305006018,0.1366808645424449
Queue-load-0.45,0.45,4,4,32,452,800,EGM,15,15.0,0.0,0.2038757999999916,-0.2349357908331149,0.3921675261561075,0.18685591222681452,3.552713678800501e-15,0.18279793615405274,2.5177812499037353,0.1346872612194353
Queue-load-0.45,0.45,4,4,32,452,800,EGM,20,20.0,0.0,0.27353160000001253,-0.23174458224781527,0.3798248767922422,0.1875134778018939,3.552713678800501e-15,0.18381914670103358,2.509516891909588,0.13410101688267262
Queue-load-0.45,0.45,4,4,32,452,800,EGM,25,25.0,0.0,0.3339704999999924,-0.23063200271928766,0.36674144770750705,0.1871100653755816,3.552713678800501e-15,0.1837557019891055,2.50619122166837,0.13433949687045418
Queue-load-0.45,0.45,4,4,32,452,800,EGM,30,30.0,0.0,0.40557889999999475,-0.23105247793843184,0.35237362458193044,0.18570975126053957,3.552713678800501e-15,0.18298615529061513,2.507904501553076,0.13501887094343365
Queue-load-0.45,0.45,4,4,32,452,800,EGM,35,35.0,0.0,0.47168669999999224,-0.2314288859076121,0.33534748048947643,0.1829503534309153,5.329070518200751e-15,0.18228694293674036,2.5107364060368265,0.1355690356929005
Queue-load-0.45,0.45,4,4,32,452,800,EGM,40,40.0,0.0,0.5374070999999958,-0.23177701301980613,0.31620528045374635,0.17841768843533035,3.552713678800501e-15,0.18161534675603755,2.5138033176473495,0.1360792154730495
Queue-load-0.45,0.45,4,4,32,452,800,EGM,45,45.0,0.0,0.606125899999995,-0.23243559396555347,0.29805947409588585,0.17209403891520286,3.552713678800501e-15,0.1807839148195864,2.517154159382257,0.13673428731818882
Queue-load-0.45,0.45,4,4,32,452,800,EGM,50,50.0,0.0,0.6684649999999976,-0.23303271253158095,0.2895557902335959,0.16454086982394905,3.552713678800501e-15,0.1800074567718214,2.5200004674649756,0.13736093967739016
Queue-load-0.45,0.45,4,4,32,452,800,EGM,55,55.0,0.0,0.736062099999998,-0.2333408329306827,0.28472689658995676,0.1566826066480987,3.552713678800501e-15,0.17941963626016436,2.5220442682319812,0.1378411917276261
Queue-load-0.45,0.45,4,4,32,452,800,EGM,60,60.0,0.0,0.8010313000000053,-0.23357235445865332,0.27886963621133576,0.14935032619666486,3.552713678800501e-15,0.1789403032308687,2.523920196131659,0.13822179170957072
Queue-load-0.45,0.45,4,4,32,452,800,PPM-3,0,0.0,0.0,6.600000006073969e-06,-0.2653920315694665,0.43477909136588616,0.17976233870920802,3.552713678800501e-15,0.1679316201565496,2.5748627668935318,0.14654928684905422
Queue-load-0.45,0.45,4,4,32,452,800,PPM-3,5,15.0,0.0,0.10022870000000239,-0.25037993848470214,0.4180302611350335,0.1822669978841607,2.6645352591003757e-15,0.1754739290720792,2.5459957564880407,0.14052629427065594
Queue-load-0.45,0.45,4,4,32,452,800,PPM-3,10,30.0,0.0,0.20213419999998905,-0.2407931338598627,0.40447742641364104,0.18493816381736303,3.552713678800501e-15,0.180202696574123,2.5292013949354355,0.13668144053453865
Queue-load-0.45,0.45,4,4,32,452,800,PPM-3,15,45.0,0.0,0.30334849999999847,-0.23493592109162512,0.39216183053935705,0.18684530260207297,3.552713678800501e-15,0.18279815535706131,2.517783113784227,0.13468694391745342
Queue-load-0.45,0.45,4,4,32,452,800,PPM-3,20,60.0,0.0,0.3971798000000035,-0.23174065672338975,0.37981866941821285,0.18750487294555437,5.329070518200751e-15,0.18382188708422462,2.5095138522869584,0.13409843647962025
Queue-load-0.45,0.45,4,4,32,452,800,PPM-3,25,75.0,0.0,0.4961528000000044,-0.23062156094501182,0.36673483519321676,0.18710285112281375,5.329070518200751e-15,0.18376169858075952,2.5061704089052634,0.1343345956873846
Queue-load-0.45,0.45,4,4,32,452,800,PPM-3,30,90.0,0.0,0.5940074000000095,-0.2310412279305657,0.3523750164689512,0.18570288310147937,3.552713678800501e-15,0.1829924914437341,2.5078787334429857,0.13501389100663533
Queue-load-0.45,0.45,4,4,32,452,800,PPM-3,35,105.0,0.0,0.6933602000000008,-0.23141836059539583,0.3353608466525516,0.1829457088686369,5.329070518200751e-15,0.18229291778553572,2.5107106138183086,0.13556441832929023
Queue-load-0.45,0.45,4,4,32,452,800,PPM-3,40,120.0,0.0,0.7930239000000086,-0.2317669349228524,0.3162305075976805,0.17841872704354492,3.552713678800501e-15,0.1816210997915455,2.513777745618308,0.1360748083338067
Queue-load-0.45,0.45,4,4,32,452,800,PPM-3,45,135.0,0.0,0.9052670000000091,-0.232423925340662,0.29807361649864067,0.17210301646252257,3.552713678800501e-15,0.18079047886912106,2.517126119217831,0.13672919906678277
Queue-load-0.45,0.45,4,4,32,452,800,PPM-3,50,150.0,0.0,1.0091531999999859,-0.23302195454294491,0.28953834654184984,0.16455688361327322,2.6645352591003757e-15,0.1800134592259036,2.5199750646889965,0.13735627421151775
Queue-load-0.45,0.45,4,4,32,452,800,PPM-3,55,165.0,0.0,1.1192978999999923,-0.23333022460146408,0.28470813320001437,0.15670215380504596,3.552713678800501e-15,0.17942535914597255,2.5220190103569857,0.13783679820365935
Queue-load-0.45,0.45,4,4,32,452,800,PPM-3,60,180.0,0.0,1.2221343999999874,-0.23356248487251272,0.27885336157811647,0.14936961240704977,5.329070518200751e-15,0.1789454917573363,2.5238973320819844,0.13821780655413826
Queue-load-0.45,0.45,4,4,32,452,801,QP+G,0,0.0,0.0,4.499999988638592e-06,-0.2786999135828737,0.4544959067610282,0.20490697925896567,3.552713678800501e-15,0.1616396245579094,2.592776075766775,0.15189847671752413
Queue-load-0.45,0.45,4,4,32,452,801,QP+G,5,5.0,5.0,0.6480246999999792,-0.27679935139870604,0.45085264945863884,0.204687705963236,8.881784197001252e-15,0.16266417117281629,2.5896943818810976,0.15103612451765297
Queue-load-0.45,0.45,4,4,32,452,801,QP+G,10,10.0,10.0,1.224877499999991,-0.27549050410665493,0.44776773845017037,0.20436563928958387,3.552713678800501e-15,0.16333191823530943,2.58687078337979,0.1505169879025965
Queue-load-0.45,0.45,4,4,32,452,801,QP+G,15,15.0,15.0,1.7417984999999874,-0.274476369482158,0.44494924281592085,0.2039467961849811,3.552713678800501e-15,0.16385945125047788,2.58496404901827,0.15008980932750843
Queue-load-0.45,0.45,4,4,32,452,801,QP+G,20,20.0,20.0,2.3127779999999802,-0.2736108902473335,0.4422561373322046,0.20343851257454312,5.329070518200751e-15,0.1643032226817256,2.5832673251025287,0.14973533915498413
Queue-load-0.45,0.45,4,4,32,452,801,QP+G,25,25.0,25.0,2.822258699999992,-0.27281978337790186,0.43961900769775575,0.20284904006058704,3.552713678800501e-15,0.16470649097945772,2.5817083027067116,0.14941412466755793
Queue-load-0.45,0.45,4,4,32,452,801,QP+G,30,30.0,30.0,3.31825809999998,-0.27216862484384785,0.4371080342796676,0.20218717300264158,3.552713678800501e-15,0.16504550912738128,2.5806512542558124,0.14913074064862913
Queue-load-0.45,0.45,4,4,32,452,801,QP+G,35,35.0,35.0,3.803483,-0.2716049058332228,0.43467497291477764,0.20146192188482342,3.552713678800501e-15,0.16533832209123756,2.5797536366141007,0.1488851707185471
Queue-load-0.45,0.45,4,4,32,452,801,QP+G,40,40.0,40.0,4.281043499999981,-0.27109330993269753,0.4322883822027421,0.2006822411718796,3.552713678800501e-15,0.1656013366302207,2.578980394037868,0.1486628531572603
Queue-load-0.45,0.45,4,4,32,452,801,QP+G,45,45.0,45.0,4.873384199999975,-0.2706078925286002,0.4299257765498333,0.19985681379720865,4.440892098500626e-15,0.16584791028123846,2.5782327202963313,0.1484556307557971
Queue-load-0.45,0.45,4,4,32,452,801,QP+G,50,50.0,50.0,5.429893299999975,-0.2701787816594084,0.4276203208791468,0.19899389004037618,3.552713678800501e-15,0.1660695934868192,2.5776872946944245,0.1482626541608434
Queue-load-0.45,0.45,4,4,32,452,801,QP+G,55,55.0,55.0,5.935678699999983,-0.2697619681174315,0.42533063081539196,0.1981011756637495,7.105427357601002e-15,0.1662824852815633,2.5771391064322984,0.14807861437989484
Queue-load-0.45,0.45,4,4,32,452,801,QP+G,60,60.0,60.0,6.452380099999999,-0.26936881647389205,0.42307030588910477,0.19718576253563605,3.552713678800501e-15,0.16648538004539118,2.576677482000787,0.14790001563877855
Queue-load-0.45,0.45,4,4,32,452,801,noG,0,0.0,0.0,5.200000003924288e-06,-0.2786999135828737,0.4544959067610282,0.20490697925896567,3.552713678800501e-15,0.1616396245579094,2.592776075766775,0.15189847671752413
Queue-load-0.45,0.45,4,4,32,452,801,noG,5,5.0,0.0,0.23501479999998764,-0.2786999135828737,0.4544959067610282,0.20490697925896567,3.552713678800501e-15,0.1616396245579094,2.592776075766775,0.15189847671752413
Queue-load-0.45,0.45,4,4,32,452,801,noG,10,10.0,0.0,0.4661816999999928,-0.2786999135828737,0.4544959067610282,0.20490697925896567,3.552713678800501e-15,0.1616396245579094,2.592776075766775,0.15189847671752413
Queue-load-0.45,0.45,4,4,32,452,801,noG,15,15.0,0.0,0.696730400000007,-0.2786999135828737,0.4544959067610282,0.20490697925896567,3.552713678800501e-15,0.1616396245579094,2.592776075766775,0.15189847671752413
Queue-load-0.45,0.45,4,4,32,452,801,noG,20,20.0,0.0,0.9489528000000007,-0.2786999135828737,0.4544959067610282,0.20490697925896567,3.552713678800501e-15,0.1616396245579094,2.592776075766775,0.15189847671752413
Queue-load-0.45,0.45,4,4,32,452,801,noG,25,25.0,0.0,1.210094799999979,-0.2786999135828737,0.4544959067610282,0.20490697925896567,3.552713678800501e-15,0.1616396245579094,2.592776075766775,0.15189847671752413
Queue-load-0.45,0.45,4,4,32,452,801,noG,30,30.0,0.0,1.4520140999999853,-0.2786999135828737,0.4544959067610282,0.20490697925896567,3.552713678800501e-15,0.1616396245579094,2.592776075766775,0.15189847671752413
Queue-load-0.45,0.45,4,4,32,452,801,noG,35,35.0,0.0,1.6881712999999934,-0.2786999135828737,0.4544959067610282,0.20490697925896567,3.552713678800501e-15,0.1616396245579094,2.592776075766775,0.15189847671752413
Queue-load-0.45,0.45,4,4,32,452,801,noG,40,40.0,0.0,1.9205992999999921,-0.2786999135828737,0.4544959067610282,0.20490697925896567,3.552713678800501e-15,0.1616396245579094,2.592776075766775,0.15189847671752413
Queue-load-0.45,0.45,4,4,32,452,801,noG,45,45.0,0.0,2.158142799999979,-0.2786999135828737,0.4544959067610282,0.20490697925896567,3.552713678800501e-15,0.1616396245579094,2.592776075766775,0.15189847671752413
Queue-load-0.45,0.45,4,4,32,452,801,noG,50,50.0,0.0,2.40005069999998,-0.2786999135828737,0.4544959067610282,0.20490697925896567,3.552713678800501e-15,0.1616396245579094,2.592776075766775,0.15189847671752413
Queue-load-0.45,0.45,4,4,32,452,801,noG,55,55.0,0.0,2.629117799999989,-0.2786999135828737,0.4544959067610282,0.20490697925896567,3.552713678800501e-15,0.1616396245579094,2.592776075766775,0.15189847671752413
Queue-load-0.45,0.45,4,4,32,452,801,noG,60,60.0,0.0,2.8608255000000042,-0.2786999135828737,0.4544959067610282,0.20490697925896567,3.552713678800501e-15,0.1616396245579094,2.592776075766775,0.15189847671752413
Queue-load-0.45,0.45,4,4,32,452,801,GDA,0,0.0,0.0,5.000000015797923e-06,-0.2786999135828737,0.4544959067610282,0.20490697925896567,3.552713678800501e-15,0.1616396245579094,2.592776075766775,0.15189847671752413
Queue-load-0.45,0.45,4,4,32,452,801,GDA,5,5.0,0.0,0.03654660000000831,-0.26908441581505604,0.4448363275422573,0.21275154605026525,5.329070518200751e-15,0.1663875510888283,2.5721750252011018,0.1482348160058513
Queue-load-0.45,0.45,4,4,32,452,801,GDA,10,10.0,0.0,0.07240759999999113,-0.2642612524268206,0.43780014302017944,0.2128335031361927,3.552713678800501e-15,0.1685800607586787,2.563910993636857,0.14647725536569736
Queue-load-0.45,0.45,4,4,32,452,801,GDA,15,15.0,0.0,0.1126348999999891,-0.26154037895872023,0.43055329858682223,0.20561712363103746,5.329070518200751e-15,0.16959950724744935,2.5625717449107115,0.14552829565198663
Queue-load-0.45,0.45,4,4,32,452,801,GDA,20,20.0,0.0,0.14830409999999006,-0.2602786594744331,0.42255892897433595,0.19538017389779264,4.440892098500626e-15,0.16971529861466514,2.564050838652342,0.1453346572457382
Queue-load-0.45,0.45,4,4,32,452,801,GDA,25,25.0,0.0,0.18358929999999418,-0.2594355869442308,0.41302100989942486,0.1856544977345895,3.552713678800501e-15,0.16954835021051776,2.5657847424781424,0.14541034755379104
Queue-load-0.45,0.45,4,4,32,452,801,GDA,30,30.0,0.0,0.21986219999999435,-0.2586702198967528,0.40183104913000284,0.17767262627957248,3.552713678800501e-15,0.1693275066584457,2.566907759021082,0.14557208497202387
Queue-load-0.45,0.45,4,4,32,452,801,GDA,35,35.0,0.0,0.2560177999999951,-0.2572142522275114,0.3883885854178275,0.17148731015077975,3.552713678800501e-15,0.16951130059727892,2.5663057865699153,0.14541997379377847
Queue-load-0.45,0.45,4,4,32,452,801,GDA,40,40.0,0.0,0.2915879999999902,-0.25499460680011243,0.3727611592118404,0.16689492917293905,3.552713678800501e-15,0.1701551461224289,2.563799327040687,0.14490804719121905
Queue-load-0.45,0.45,4,4,32,452,801,GDA,45,45.0,0.0,0.3276333999999963,-0.252018122793351,0.355127200966961,0.16363758318024926,4.440892098500626e-15,0.17126252250933388,2.559341971948448,0.14403526844074813
Queue-load-0.45,0.45,4,4,32,452,801,GDA,50,50.0,0.0,0.36328710000000797,-0.24840649439023998,0.33583489795809973,0.16140049460155895,3.552713678800501e-15,0.17276157389934615,2.553055577280941,0.1428670799279735
Queue-load-0.45,0.45,4,4,32,452,801,GDA,55,55.0,0.0,0.4001394000000005,-0.2445976303103689,0.3218924493202639,0.15987621224336582,3.552713678800501e-15,0.17438379908964513,2.5453354535852926,0.14165117703744493
Queue-load-0.45,0.45,4,4,32,452,801,GDA,60,60.0,0.0,0.4375181999999995,-0.24340761966740268,0.31621170180377967,0.15880949897337493,3.552713678800501e-15,0.17474311667215794,2.543380707476338,0.14139474082908796
Queue-load-0.45,0.45,4,4,32,452,801,EGM,0,0.0,0.0,5.000000015797923e-06,-0.2786999135828737,0.4544959067610282,0.20490697925896567,3.552713678800501e-15,0.1616396245579094,2.592776075766775,0.15189847671752413
Queue-load-0.45,0.45,4,4,32,452,801,EGM,5,5.0,0.0,0.04846990000001483,-0.2689892285650566,0.44432901444481404,0.21257797073706483,5.329070518200751e-15,0.1664359996554862,2.572024291909411,0.14819430077033474
Queue-load-0.45,0.45,4,4,32,452,801,EGM,10,10.0,0.0,0.09713630000001672,-0.26421551187285297,0.4368672358024214,0.21234074338325717,3.552713678800501e-15,0.16860018498516863,2.563938208435384,0.14645569878139053
Queue-load-0.45,0.45,4,4,32,452,801,EGM,15,15.0,0.0,0.14584990000000175,-0.2615891580684725,0.4292619453537323,0.20501226690855662,5.329070518200751e-15,0.16956865752621744,2.5627103612765403,0.1455518497750176
Queue-load-0.45,0.45,4,4,32,452,801,EGM,20,20.0,0.0,0.19450380000000678,-0.26030915731783666,0.4208759880569809,0.19486762634602728,5.329070518200751e-15,0.16970384297542765,2.564078438158134,0.14534466027940746
Queue-load-0.45,0.45,4,4,32,452,801,EGM,25,25.0,0.0,0.24182680000001255,-0.2593863997688321,0.4109603350342971,0.18522680470663191,5.329070518200751e-15,0.16959226642783248,2.5655612948538526,0.1453781917377545
Queue-load-0.45,0.45,4,4,32,452,801,EGM,30,30.0,0.0,0.2903230000000008,-0.2583880283826596,0.3992808799287944,0.17726043996894253,3.552713678800501e-15,0.1695051944800999,2.566127042087522,0.14543548751529367
Queue-load-0.45,0.45,4,4,32,452,801,EGM,35,35.0,0.0,0.3371719000000155,-0.25680202466539476,0.38546918000393826,0.17105776455153454,3.552713678800501e-15,0.16977306048649315,2.565221339805918,0.14521529005003778
Queue-load-0.45,0.45,4,4,32,452,801,EGM,40,40.0,0.0,0.38367660000000114,-0.2544634797182834,0.36949768855083015,0.16643584329686245,3.552713678800501e-15,0.17049427087648558,2.562422356026583,0.14464139459579975
Queue-load-0.45,0.45,4,4,32,452,801,EGM,45,45.0,0.0,0.4313002000000097,-0.25134664291870656,0.3515212793325458,0.1631325455865634,3.552713678800501e-15,0.17168739924753532,2.5576088288188945,0.14370160976199667
Queue-load-0.45,0.45,4,4,32,452,801,EGM,50,50.0,0.0,0.4788440000000094,-0.24764594703255544,0.33201229338346655,0.16083740150949868,5.329070518200751e-15,0.1732389027386763,2.5510514527290087,0.14249523132821873
Queue-load-0.45,0.45,4,4,32,452,801,EGM,55,55.0,0.0,0.5258545000000083,-0.24403490756888538,0.31934899578649034,0.1592583291510296,3.552713678800501e-15,0.17475726863118463,2.5435692028854966,0.14137066805905277
Queue-load-0.45,0.45,4,4,32,452,801,EGM,60,60.0,0.0,0.572513200000003,-0.2430043377907011,0.3136685990416594,0.1581391418348876,3.552713678800501e-15,0.17504833401951367,2.5422015279170025,0.14115158556380222
Queue-load-0.45,0.45,4,4,32,452,801,PPM-3,0,0.0,0.0,4.700000005186666e-06,-0.2786999135828737,0.4544959067610282,0.20490697925896567,3.552713678800501e-15,0.1616396245579094,2.592776075766775,0.15189847671752413
Queue-load-0.45,0.45,4,4,32,452,801,PPM-3,5,15.0,0.0,0.07444209999999885,-0.268992476978526,0.44432700061547464,0.21257621338500685,3.552713678800501e-15,0.16643412712597014,2.5720302345137647,0.1481958605312003
Queue-load-0.45,0.45,4,4,32,452,801,PPM-3,10,30.0,0.0,0.14886950000001775,-0.2642190238625432,0.43686604032913345,0.2123416036137809,5.329070518200751e-15,0.1685981667296981,2.5639432708024437,0.14645745059648974
Queue-load-0.45,0.45,4,4,32,452,801,PPM-3,15,45.0,0.0,0.22638270000001626,-0.2615884648621593,0.42926248218859775,0.20501815889945085,2.6645352591003757e-15,0.1695689695986771,2.5627068105438036,0.14555172458322843
Queue-load-0.45,0.45,4,4,32,452,801,PPM-3,20,60.0,0.0,0.3080097000000137,-0.2603044700026395,0.4208795272217474,0.19487425318592286,5.329070518200751e-15,0.16970620463352284,2.5640671290615273,0.14534289383692345
Queue-load-0.45,0.45,4,4,32,452,801,PPM-3,25,75.0,0.0,0.38534030000002417,-0.25937798009251933,0.41096505951923873,0.18523161776852312,5.329070518200751e-15,0.1695964894571928,2.5655439056219462,0.14537488393112602
Queue-load-0.45,0.45,4,4,32,452,801,PPM-3,30,90.0,0.0,0.46291090000002555,-0.2583775669042942,0.3992860746660369,0.1772641922163545,3.552713678800501e-15,0.16951044753266722,2.56610636333227,0.14543132281826604
Queue-load-0.45,0.45,4,4,32,452,801,PPM-3,35,105.0,0.0,0.5410374000000218,-0.2567902744016161,0.38547400411391575,0.17106177934062095,3.552713678800501e-15,0.16977898680880535,2.565197730154915,0.14521060634093644
Queue-load-0.45,0.45,4,4,32,452,801,PPM-3,40,120.0,0.0,0.6194705000000056,-0.25445147680345054,0.3695021469575046,0.16644074677700735,3.552713678800501e-15,0.17050034798462851,2.5623979398526813,0.1446366025494409
Queue-load-0.45,0.45,4,4,32,452,801,PPM-3,45,135.0,0.0,0.6972794000000135,-0.25133485435488645,0.3515248420237574,0.1631384517996029,3.552713678800501e-15,0.1716933256415679,2.5575845834598088,0.1436969594394943
Queue-load-0.45,0.45,4,4,32,452,801,PPM-3,50,150.0,0.0,0.7716599000000031,-0.24763576035344684,0.33201333110565756,0.16084425696933005,3.552713678800501e-15,0.17324391314657,2.551030582503235,0.14249131935326012
Queue-load-0.45,0.45,4,4,32,452,801,PPM-3,55,165.0,0.0,0.8454552000000035,-0.2440240145003608,0.31932589088303587,0.15926586573790488,3.552713678800501e-15,0.17476262556260977,2.543549067522863,0.1413663708835561
Queue-load-0.45,0.45,4,4,32,452,801,PPM-3,60,180.0,0.0,0.9227199999999982,-0.2429927786426281,0.3136395148120998,0.15814679684217142,2.6645352591003757e-15,0.17505382841428388,2.54217840739966,0.14114730803836598
Queue-load-0.45,0.45,4,4,32,452,802,QP+G,0,0.0,0.0,4.200000006449045e-06,-0.2975936978533849,0.4491168533615151,0.2086815071088129,5.329070518200751e-15,0.15071224266682773,2.634513574187885,0.16062914816538948
Queue-load-0.45,0.45,4,4,32,452,802,QP+G,5,5.0,5.0,0.5404096999999979,-0.29539993458743846,0.4452398617503447,0.1989516783323412,5.329070518200751e-15,0.1510828633194925,2.630411652140986,0.1604744181467714
Queue-load-0.45,0.45,4,4,32,452,802,QP+G,10,10.0,10.0,1.0609123000000125,-0.2936591860161304,0.4406482240793847,0.1872882751366962,3.552713678800501e-15,0.1513481059850934,2.6277489114101193,0.16034931973016417
Queue-load-0.45,0.45,4,4,32,452,802,QP+G,15,15.0,15.0,1.5942085000000077,-0.29111660223645597,0.4340698086332092,0.17663618107121207,5.329070518200751e-15,0.15220431374357943,2.6240103279202867,0.15968987952377398
Queue-load-0.45,0.45,4,4,32,452,802,QP+G,20,20.0,20.0,2.100931600000024,-0.287499413343971,0.4251001010062733,0.16868633552612014,3.552713678800501e-15,0.15375794825537478,2.61813338903612,0.1584455575848302
Queue-load-0.45,0.45,4,4,32,452,802,QP+G,25,25.0,25.0,2.592756400000013,-0.2825894726253298,0.41327873686281913,0.16427069086217316,3.552713678800501e-15,0.15610871947706673,2.6095163238855665,0.15654831610790368
Queue-load-0.45,0.45,4,4,32,452,802,QP+G,30,30.0,30.0,3.095199100000002,-0.27601028778785164,0.3979776731106302,0.1635845295432609,7.105427357601002e-15,0.15943215407258293,2.5975219755476475,0.15385616300385757
Queue-load-0.45,0.45,4,4,32,452,802,QP+G,35,35.0,35.0,3.599613099999999,-0.2677559679758732,0.3790105101354888,0.16613261047372924,3.552713678800501e-15,0.1637284695459984,2.5825117494991865,0.15034985942772922
Queue-load-0.45,0.45,4,4,32,452,802,QP+G,40,40.0,40.0,4.1331042000000195,-0.2586354961876791,0.3573489363750154,0.17051332408113998,3.552713678800501e-15,0.1685095692339183,2.565668536004793,0.1464552446605665
Queue-load-0.45,0.45,4,4,32,452,802,QP+G,45,45.0,45.0,4.640276700000015,-0.25003050718168474,0.33651980102514556,0.17422285549259064,5.329070518200751e-15,0.17298763868914407,2.5498452263256683,0.1428099809779263
Queue-load-0.45,0.45,4,4,32,452,802,QP+G,50,50.0,50.0,5.163892000000004,-0.24298201973811237,0.31949012375437613,0.17458234308870135,5.329070518200751e-15,0.1765903651136276,2.5377756158482114,0.13984249721015116
Queue-load-0.45,0.45,4,4,32,452,802,QP+G,55,55.0,55.0,5.694313500000021,-0.2395211722577627,0.30624405435527646,0.17099197560879836,3.552713678800501e-15,0.1781565411415618,2.5318934817443544,0.13858590718768318
Queue-load-0.45,0.45,4,4,32,452,802,QP+G,60,60.0,60.0,6.220125800000005,-0.23870728958895387,0.2943424590021967,0.16492816082099546,3.552713678800501e-15,0.17824371565977376,2.530736777467189,0.13855961184195353
Queue-load-0.45,0.45,4,4,32,452,802,noG,0,0.0,0.0,5.500000014535544e-06,-0.2975936978533849,0.4491168533615151,0.2086815071088129,5.329070518200751e-15,0.15071224266682773,2.634513574187885,0.16062914816538948
Queue-load-0.45,0.45,4,4,32,452,802,noG,5,5.0,0.0,0.2420825000000093,-0.2961497789560763,0.4471622234529885,0.20037630127838804,3.552713678800501e-15,0.15057188842574393,2.6318133425324066,0.1609116198620244
Queue-load-0.45,0.45,4,4,32,452,802,noG,10,10.0,0.0,0.46943780000000856,-0.2955092680083234,0.44472354923278645,0.18903091386073156,3.552713678800501e-15,0.15008783068549958,2.6314565894280055,0.16141445408144778
Queue-load-0.45,0.45,4,4,32,452,802,noG,15,15.0,0.0,0.696140100000008,-0.2942450977778458,0.44045419225760873,0.17772172105790854,3.552713678800501e-15,0.15012062607393345,2.6306015347066474,0.16142666157308536
Queue-load-0.45,0.45,4,4,32,452,802,noG,20,20.0,0.0,0.922232600000001,-0.291968179114692,0.43399477660685803,0.16866865916693077,5.329070518200751e-15,0.15087161446373315,2.6278610994925273,0.1608199066156072
Queue-load-0.45,0.45,4,4,32,452,802,noG,25,25.0,0.0,1.1426962000000174,-0.2886789070492893,0.4252474931336609,0.16312415087013457,5.329070518200751e-15,0.152297393934098,2.6226268386302776,0.15966961455904582
Queue-load-0.45,0.45,4,4,32,452,802,noG,30,30.0,0.0,1.3686474000000146,-0.28399015685994167,0.41363081233179166,0.1615597975815125,4.440892098500626e-15,0.15456817109903068,2.614264459156786,0.15783896262955996
Queue-load-0.45,0.45,4,4,32,452,802,noG,35,35.0,0.0,1.5986800999999957,-0.2776858395772194,0.3987203809368723,0.1638046432853241,5.329070518200751e-15,0.15780896982147394,2.603030744343382,0.1551894120551904
Queue-load-0.45,0.45,4,4,32,452,802,noG,40,40.0,0.0,1.8328180000000032,-0.2697606412275849,0.3803474367619354,0.16910396409828354,3.552713678800501e-15,0.1619994554776889,2.588974708697814,0.15173871774874229
Queue-load-0.45,0.45,4,4,32,452,802,noG,45,45.0,0.0,2.064646500000009,-0.266308335759413,0.37271135859539517,0.17156744876930036,5.329070518200751e-15,0.16384495028382207,2.5829009131103713,0.1502128963945799
Queue-load-0.45,0.45,4,4,32,452,802,noG,50,50.0,0.0,2.2917692000000045,-0.2662573100503276,0.3726034262917377,0.1716025964957323,5.329070518200751e-15,0.1638722356346493,2.582810207611643,0.1501903850173703
Queue-load-0.45,0.45,4,4,32,452,802,noG,55,55.0,0.0,2.518872700000003,-0.2662566249704399,0.3726019775245206,0.17160306811000411,3.552713678800501e-15,0.16387260197186745,2.582808989611442,0.1501900827854261
Queue-load-0.45,0.45,4,4,32,452,802,noG,60,60.0,0.0,2.7556453999999917,-0.26625661577392296,0.3726019580763234,0.17160307444090536,3.552713678800501e-15,0.16387260688958016,2.5828089732609647,0.15019007872826412
Queue-load-0.45,0.45,4,4,32,452,802,GDA,0,0.0,0.0,8.199999996350016e-06,-0.2975936978533849,0.4491168533615151,0.2086815071088129,5.329070518200751e-15,0.15071224266682773,2.634513574187885,0.16062914816538948
Queue-load-0.45,0.45,4,4,32,452,802,GDA,5,5.0,0.0,0.03773229999998762,-0.2961497789560763,0.4471622234529885,0.20037630127838804,3.552713678800501e-15,0.15057188842574393,2.6318133425324066,0.1609116198620244
Queue-load-0.45,0.45,4,4,32,452,802,GDA,10,10.0,0.0,0.07436020000000099,-0.2955092680083234,0.44472354923278645,0.18903091386073156,3.552713678800501e-15,0.15008783068549958,2.6314565894280055,0.16141445408144778
Queue-load-0.45,0.45,4,4,32,452,802,GDA,15,15.0,0.0,0.11741259999999443,-0.2942450977778458,0.44045419225760873,0.17772172105790854,3.552713678800501e-15,0.15012062607393345,2.6306015347066474,0.16142666157308536
Queue-load-0.45,0.45,4,4,32,452,802,GDA,20,20.0,0.0,0.15491289999999935,-0.291968179114692,0.43399477660685803,0.16866865916693077,5.329070518200751e-15,0.15087161446373315,2.6278610994925273,0.1608199066156072
Queue-load-0.45,0.45,4,4,32,452,802,GDA,25,25.0,0.0,0.191370500000005,-0.2886789070492893,0.4252474931336609,0.16312415087013457,5.329070518200751e-15,0.152297393934098,2.6226268386302776,0.15966961455904582
Queue-load-0.45,0.45,4,4,32,452,802,GDA,30,30.0,0.0,0.2297365999999954,-0.28399015685994167,0.41363081233179166,0.1615597975815125,4.440892098500626e-15,0.15456817109903068,2.614264459156786,0.15783896262955996
Queue-load-0.45,0.45,4,4,32,452,802,GDA,35,35.0,0.0,0.26712069999999244,-0.2776858395772194,0.3987203809368723,0.1638046432853241,5.329070518200751e-15,0.15780896982147394,2.603030744343382,0.1551894120551904
Queue-load-0.45,0.45,4,4,32,452,802,GDA,40,40.0,0.0,0.3074770000000058,-0.2697606412275849,0.3803474367619354,0.16910396409828354,3.552713678800501e-15,0.1619994554776889,2.588974708697814,0.15173871774874229
Queue-load-0.45,0.45,4,4,32,452,802,GDA,45,45.0,0.0,0.34414010000000417,-0.26035079668656275,0.3598161955699223,0.17609552478524387,5.329070518200751e-15,0.16702539692878762,2.5721323315971976,0.1475992171976765
Queue-load-0.45,0.45,4,4,32,452,802,GDA,50,50.0,0.0,0.3806827999999882,-0.25116428851631867,0.3414734280493858,0.18248846832560675,3.552713678800501e-15,0.17192752253986543,2.5555656497565247,0.14356902220979154
Queue-load-0.45,0.45,4,4,32,452,802,GDA,55,55.0,0.0,0.4179025999999908,-0.2438393473601585,0.32692844295903156,0.1848490212986422,3.552713678800501e-15,0.1757612545118008,2.542384594074219,0.14042903001060927
Queue-load-0.45,0.45,4,4,32,452,802,GDA,60,60.0,0.0,0.4543745999999942,-0.24024995234830182,0.3146958821289427,0.18096211530963227,4.440892098500626e-15,0.1774360727464263,2.5357267599811286,0.1391046240966718
Queue-load-0.45,0.45,4,4,32,452,802,EGM,0,0.0,0.0,5.100000009861105e-06,-0.2975936978533849,0.4491168533615151,0.2086815071088129,5.329070518200751e-15,0.15071224266682773,2.634513574187885,0.16062914816538948
Queue-load-0.45,0.45,4,4,32,452,802,EGM,5,5.0,0.0,0.050779700000020966,-0.2959828885343026,0.446745839873115,0.2000679859831586,7.105427357601002e-15,0.15068637733185006,2.6314959893113503,0.16081383375702707
Queue-load-0.45,0.45,4,4,32,452,802,EGM,10,10.0,0.0,0.10115410000000224,-0.29510333634284097,0.4438513583589502,0.18866197259983392,5.329070518200751e-15,0.15036704303816545,2.6306300964501723,0.16117874135919422
Queue-load-0.45,0.45,4,4,32,452,802,EGM,15,15.0,0.0,0.15027740000002154,-0.29356584078522835,0.43910435104031165,0.17751967131710164,3.552713678800501e-15,0.1505770954914471,2.6291715084340663,0.1610454566962338
Queue-load-0.45,0.45,4,4,32,452,802,EGM,20,20.0,0.0,0.1990445000000136,-0.2909250508118036,0.4320490944384921,0.16873910803884146,5.329070518200751e-15,0.15154396194338304,2.6257130654956984,0.16026061355684418
Queue-load-0.45,0.45,4,4,32,452,802,EGM,25,25.0,0.0,0.24793529999999464,-0.28742328686441937,0.4227947814894173,0.1634733368299392,7.105427357601002e-15,0.15308966358751136,2.6199119487728932,0.15902023384549505
Queue-load-0.45,0.45,4,4,32,452,802,EGM,30,30.0,0.0,0.29664940000000684,-0.2823503806699004,0.4104210267428263,0.16214267242345887,3.552713678800501e-15,0.15557310191268964,2.610806142821269,0.15701604846513867
Queue-load-0.45,0.45,4,4,32,452,802,EGM,35,35.0,0.0,0.3453273000000081,-0.27560369897325265,0.39461859340775013,0.16453379012031297,5.329070518200751e-15,0.15905671549556696,2.5987731165897183,0.15416575205234254
Queue-load-0.45,0.45,4,4,32,452,802,EGM,40,40.0,0.0,0.3943112000000042,-0.26715224323923015,0.37520742830440545,0.1698066433426313,3.552713678800501e-15,0.16352774135506531,2.5837090798913396,0.15048757022960116
Queue-load-0.45,0.45,4,4,32,452,802,EGM,45,45.0,0.0,0.4439452000000017,-0.2578216706674031,0.35459203281579943,0.17638171500325261,2.6645352591003757e-15,0.16849184893948635,2.5667658682739454,0.14641521062504292
Queue-load-0.45,0.45,4,4,32,452,802,EGM,50,50.0,0.0,0.4928612000000214,-0.24888822323256882,0.3363620721598799,0.1815740879742986,5.329070518200751e-15,0.17322656388978735,2.550723139832173,0.1425248498032564
Queue-load-0.45,0.45,4,4,32,452,802,EGM,55,55.0,0.0,0.5419041000000107,-0.24239976617573067,0.32204565786969386,0.18210169350418667,2.6645352591003757e-15,0.17655588658887045,2.5390583245122436,0.13980946475259126
Queue-load-0.45,0.45,4,4,32,452,802,EGM,60,60.0,0.0,0.590523300000001,-0.23978197841257123,0.31012728698142517,0.17709959783352558,3.552713678800501e-15,0.17766413834800826,2.5341800956524687,0.1389579618808093
Queue-load-0.45,0.45,4,4,32,452,802,PPM-3,0,0.0,0.0,4.899999993313031e-06,-0.2975936978533849,0.4491168533615151,0.2086815071088129,5.329070518200751e-15,0.15071224266682773,2.634513574187885,0.16062914816538948
Queue-load-0.45,0.45,4,4,32,452,802,PPM-3,5,15.0,0.0,0.07435809999998355,-0.2959788263378209,0.4467453215534194,0.2000802000603879,3.552713678800501e-15,0.15068884256260123,2.631485528931109,0.16081191907260384
Queue-load-0.45,0.45,4,4,32,452,802,PPM-3,10,30.0,0.0,0.15639159999997787,-0.2950981290616984,0.4438526079409398,0.1886891742329555,5.329070518200751e-15,0.1503697884340358,2.6306170313922546,0.16117668359795087
Queue-load-0.45,0.45,4,4,32,452,802,PPM-3,15,45.0,0.0,0.23456289999998603,-0.2935616183532452,0.4391064207327473,0.17755359945194019,5.329070518200751e-15,0.1505785506342008,2.6291623822998567,0.1610444818763332
Queue-load-0.45,0.45,4,4,32,452,802,PPM-3,20,60.0,0.0,0.31104239999999095,-0.2909257583305166,0.4320525845350076,0.168771287798517,3.552713678800501e-15,0.1515419476734299,2.6257132047269844,0.1602626204988344
Queue-load-0.45,0.45,4,4,32,452,802,PPM-3,25,75.0,0.0,0.38743329999999787,-0.2874233822715004,0.42279224648849223,0.163500346093288,3.552713678800501e-15,0.15308756429765952,2.61991439026429,0.15902220463579883
Queue-load-0.45,0.45,4,4,32,452,802,PPM-3,30,90.0,0.0,0.4665031999999769,-0.28235079226350607,0.41041217606783065,0.162164923464952,4.440892098500626e-15,0.15557057376382344,2.610809471416996,0.15701840142475562
Queue-load-0.45,0.45,4,4,32,452,802,PPM-3,35,105.0,0.0,0.5432390999999939,-0.27560284885519215,0.3946011883615653,0.16455277677527433,5.329070518200751e-15,0.15905481861421686,2.5987743548036764,0.15416758376453804
Queue-load-0.45,0.45,4,4,32,452,802,PPM-3,40,120.0,0.0,0.6202832999999828,-0.26714952261668584,0.3751810459501761,0.1698231843792101,3.552713678800501e-15,0.16352696231599456,2.583707722027042,0.1504884207352146
Queue-load-0.45,0.45,4,4,32,452,802,PPM-3,45,135.0,0.0,0.6973529999999926,-0.25781623828355915,0.3545597142829972,0.17639461045759763,5.329070518200751e-15,0.1684924614681146,2.566757590812456,0.14641503375228276
Queue-load-0.45,0.45,4,4,32,452,802,PPM-3,50,150.0,0.0,0.7724611999999809,-0.24888628127368279,0.3363323334491757,0.18157933411060612,3.552713678800501e-15,0.17322530927699423,2.5507212454764225,0.1425262041189839
Queue-load-0.45,0.45,4,4,32,452,802,PPM-3,55,165.0,0.0,0.8520636999999738,-0.2423946303473881,0.32201575985822833,0.18209882416188242,3.552713678800501e-15,0.17655671241905593,2.539055774624135,0.13980877312704235
Queue-load-0.45,0.45,4,4,32,452,802,PPM-3,60,180.0,0.0,0.9317741999999782,-0.2397739425048183,0.31010359770859675,0.17709204380817337,3.552713678800501e-15,0.17766692665056819,2.5341713380802537,0.1389556345031035
Queue-load-0.45,0.45,4,4,32,452,803,QP+G,0,0.0,0.0,4.100000012385863e-06,-0.2407069046607515,0.38947815363298816,0.2186860227434829,3.552713678800501e-15,0.18039809967663847,2.518635716791285,0.13704212575539945
Queue-load-0.45,0.45,4,4,32,452,803,QP+G,5,5.0,5.0,0.515880100000004,-0.23955786614243968,0.3807871657614459,0.21221385105100907,3.552713678800501e-15,0.18058393337442347,2.5174976832804075,0.1369161885581871
Queue-load-0.45,0.45,4,4,32,452,803,QP+G,10,10.0,10.0,1.028271200000006,-0.24015768963304152,0.3721102544505155,0.20309985843099546,3.552713678800501e-15,0.17980263542209055,2.521403791531357,0.13749190186573318
Queue-load-0.45,0.45,4,4,32,452,803,QP+G,15,15.0,15.0,1.5235040000000026,-0.24118398302921715,0.36251809812606317,0.1930323036250214,3.552713678800501e-15,0.17872126966138932,2.5261007611940616,0.13832605869681824
Queue-load-0.45,0.45,4,4,32,452,803,QP+G,20,20.0,20.0,2.0338005000000123,-0.2420225825908624,0.35174129654340347,0.18272816152248084,3.552713678800501e-15,0.17777330618826198,2.5309291236467533,0.13901989783033084
Queue-load-0.45,0.45,4,4,32,452,803,QP+G,25,25.0,25.0,2.5488712000000078,-0.24246758833237786,0.34032832077089914,0.1725563061386326,3.552713678800501e-15,0.1770230273468234,2.5350685269135798,0.1395523133419361
Queue-load-0.45,0.45,4,4,32,452,803,QP+G,30,30.0,30.0,3.051165300000008,-0.24245349470920802,0.32812398512027324,0.1632498568202214,3.552713678800501e-15,0.17654929872780825,2.538268155554069,0.13985764045355692
Queue-load-0.45,0.45,4,4,32,452,803,QP+G,35,35.0,35.0,3.54560570000001,-0.24204330704829022,0.31502233092756887,0.15546502560847392,3.552713678800501e-15,0.17637799906697194,2.540440683053213,0.1399145965618066
Queue-load-0.45,0.45,4,4,32,452,803,QP+G,40,40.0,40.0,4.048631499999999,-0.24147369297562463,0.3013602951797989,0.14947410610869968,3.552713678800501e-15,0.17637106076873682,2.5417733884390508,0.13985139247131328
Queue-load-0.45,0.45,4,4,32,452,803,QP+G,45,45.0,45.0,4.550567099999995,-0.24114486296974014,0.28756718218198996,0.1454008726670985,5.329070518200751e-15,0.17629383754747927,2.54295542941456,0.13986640300964934
Queue-load-0.45,0.45,4,4,32,452,803,QP+G,50,50.0,50.0,5.082962800000018,-0.24077895281931708,0.2765914989749987,0.14322198509775177,3.552713678800501e-15,0.17628334512552427,2.543776207975791,0.13983369655996078
Queue-load-0.45,0.45,4,4,32,452,803,QP+G,55,55.0,55.0,5.582878800000003,-0.24051417558099958,0.26741912672539436,0.1426506036593837,2.6645352591003757e-15,0.17624868851802258,2.5443355219962895,0.13983891558743602
Queue-load-0.45,0.45,4,4,32,452,803,QP+G,60,60.0,60.0,6.159421400000014,-0.24022109275588605,0.25831944052843664,0.14298791341865325,3.552713678800501e-15,0.17625747168871359,2.5445554802799117,0.13981855566497567
Queue-load-0.45,0.45,4,4,32,452,803,noG,0,0.0,0.0,7.399999987001138e-06,-0.2407069046607515,0.38947815363298816,0.2186860227434829,3.552713678800501e-15,0.18039809967663847,2.518635716791285,0.13704212575539945
Queue-load-0.45,0.45,4,4,32,452,803,noG,5,5.0,0.0,0.2419715999999994,-0.23968943622179179,0.38280341066775947,0.2119799849262742,3.552713678800501e-15,0.18051150318217832,2.517892106992073,0.1369678596077131
Queue-load-0.45,0.45,4,4,32,452,803,noG,10,10.0,0.0,0.48297569999999723,-0.24080667260488012,0.37625265451775325,0.2023114835776408,3.552713678800501e-15,0.1794219013905884,2.5228964964840332,0.13779407247867345
Queue-load-0.45,0.45,4,4,32,452,803,noG,15,15.0,0.0,0.7189180999999962,-0.24216717624620662,0.3682215440316956,0.19212067750774942,4.440892098500626e-15,0.17810115038218227,2.527988836049327,0.13884680561522175
Queue-load-0.45,0.45,4,4,32,452,803,noG,20,20.0,0.0,0.9491179999999986,-0.24307084493849315,0.3583661394752482,0.1820992408097973,4.440892098500626e-15,0.17704148371615777,2.53296264953563,0.13964469262407275
Queue-load-0.45,0.45,4,4,32,452,803,noG,25,25.0,0.0,1.1710647999999821,-0.24352275333815757,0.34703143898487143,0.17248876300831031,5.329070518200751e-15,0.1762713042307212,2.5372906263867523,0.14018708385418663
Queue-load-0.45,0.45,4,4,32,452,803,noG,30,30.0,0.0,1.3915375999999924,-0.24335513617707866,0.33437088268776305,0.16370466537488623,3.552713678800501e-15,0.1759053261815696,2.540256795176983,0.14039694775648454
Queue-load-0.45,0.45,4,4,32,452,803,noG,35,35.0,0.0,1.6186467999999934,-0.24274084177218164,0.3208400416048166,0.15617632106240875,5.329070518200751e-15,0.17586656270827022,2.542104816511988,0.140338446948994
Queue-load-0.45,0.45,4,4,32,452,803,noG,40,40.0,0.0,1.8451854999999853,-0.24188568337518154,0.30674158611565816,0.150195645663689,2.6645352591003757e-15,0.17603418601342047,2.5432355721600524,0.1401113101886825
Queue-load-0.45,0.45,4,4,32,452,803,noG,45,45.0,0.0,2.066523899999993,-0.2411639928982097,0.29244814889702236,0.14593305525220807,4.440892098500626e-15,0.1761880925323704,2.5438947297925005,0.13992271116276153
Queue-load-0.45,0.45,4,4,32,452,803,noG,50,50.0,0.0,2.294903199999993,-0.24067641957367525,0.28044814097703014,0.14345832893062985,5.329070518200751e-15,0.1762550510007426,2.54444808504924,0.1398266287335083
Queue-load-0.45,0.45,4,4,32,452,803,noG,55,55.0,0.0,2.530507499999999,-0.24034478418307448,0.27126516510940046,0.14264836746793183,3.552713678800501e-15,0.17627488904294025,2.544990095094976,0.13977826384679853
Queue-load-0.45,0.45,4,4,32,452,803,noG,60,60.0,0.0,2.765170999999981,-0.2400491317684727,0.2625786319872518,0.1430053091865975,5.329070518200751e-15,0.17629573769662615,2.5452557888679763,0.13974343131032255
Queue-load-0.45,0.45,4,4,32,452,803,GDA,0,0.0,0.0,5.900000019209983e-06,-0.2407069046607515,0.38947815363298816,0.2186860227434829,3.552713678800501e-15,0.18039809967663847,2.518635716791285,0.13704212575539945
Queue-load-0.45,0.45,4,4,32,452,803,GDA,5,5.0,0.0,0.0364503000000127,-0.23968943622179179,0.38280341066775947,0.2119799849262742,3.552713678800501e-15,0.18051150318217832,2.517892106992073,0.1369678596077131
Queue-load-0.45,0.45,4,4,32,452,803,GDA,10,10.0,0.0,0.07617290000001731,-0.24080667260488012,0.37625265451775325,0.2023114835776408,3.552713678800501e-15,0.1794219013905884,2.5228964964840332,0.13779407247867345
Queue-load-0.45,0.45,4,4,32,452,803,GDA,15,15.0,0.0,0.11427869999999984,-0.24216717624620662,0.3682215440316956,0.19212067750774942,4.440892098500626e-15,0.17810115038218227,2.527988836049327,0.13884680561522175
Queue-load-0.45,0.45,4,4,32,452,803,GDA,20,20.0,0.0,0.15125270000001478,-0.24307084493849315,0.3583661394752482,0.1820992408097973,4.440892098500626e-15,0.17704148371615777,2.53296264953563,0.13964469262407275
Queue-load-0.45,0.45,4,4,32,452,803,GDA,25,25.0,0.0,0.18833739999999466,-0.24352275333815757,0.34703143898487143,0.17248876300831031,5.329070518200751e-15,0.1762713042307212,2.5372906263867523,0.14018708385418663
Queue-load-0.45,0.45,4,4,32,452,803,GDA,30,30.0,0.0,0.22470119999999838,-0.24335513617707866,0.33437088268776305,0.16370466537488623,3.552713678800501e-15,0.1759053261815696,2.540256795176983,0.14039694775648454
Queue-load-0.45,0.45,4,4,32,452,803,GDA,35,35.0,0.0,0.2613010999999972,-0.24274084177218164,0.3208400416048166,0.15617632106240875,5.329070518200751e-15,0.17586656270827022,2.542104816511988,0.140338446948994
Queue-load-0.45,0.45,4,4,32,452,803,GDA,40,40.0,0.0,0.2980502000000058,-0.24188568337518154,0.30674158611565816,0.150195645663689,2.6645352591003757e-15,0.17603418601342047,2.5432355721600524,0.1401113101886825
Queue-load-0.45,0.45,4,4,32,452,803,GDA,45,45.0,0.0,0.33344940000000634,-0.2411639928982097,0.29244814889702236,0.14593305525220807,4.440892098500626e-15,0.1761880925323704,2.5438947297925005,0.13992271116276153
Queue-load-0.45,0.45,4,4,32,452,803,GDA,50,50.0,0.0,0.3694930999999997,-0.24067641957367525,0.28044814097703014,0.14345832893062985,5.329070518200751e-15,0.1762550510007426,2.54444808504924,0.1398266287335083
Queue-load-0.45,0.45,4,4,32,452,803,GDA,55,55.0,0.0,0.40709050000000957,-0.24034478418307448,0.27126516510940046,0.14264836746793183,3.552713678800501e-15,0.17627488904294025,2.544990095094976,0.13977826384679853
Queue-load-0.45,0.45,4,4,32,452,803,GDA,60,60.0,0.0,0.4428013000000135,-0.2400491317684727,0.2625786319872518,0.1430053091865975,5.329070518200751e-15,0.17629573769662615,2.5452557888679763,0.13974343131032255
Queue-load-0.45,0.45,4,4,32,452,803,EGM,0,0.0,0.0,5.3999999920506525e-06,-0.2407069046607515,0.38947815363298816,0.2186860227434829,3.552713678800501e-15,0.18039809967663847,2.518635716791285,0.13704212575539945
Queue-load-0.45,0.45,4,4,32,452,803,EGM,5,5.0,0.0,0.04892979999999625,-0.23965869173982982,0.38237347373985475,0.21204061382960684,3.552713678800501e-15,0.18052903254605582,2.5177990057743136,0.1369552303079279
Queue-load-0.45,0.45,4,4,32,452,803,EGM,10,10.0,0.0,0.09845809999998778,-0.24065659513227503,0.3753672970308911,0.20250748752446274,3.552713678800501e-15,0.1795110612782455,2.5225627161650923,0.13772247997622356
Queue-load-0.45,0.45,4,4,32,452,803,EGM,15,15.0,0.0,0.14864090000000374,-0.2419487047661951,0.36701479164904366,0.1923449098796812,3.552713678800501e-15,0.17823943615352797,2.5275265810858882,0.13873284905247826
Queue-load-0.45,0.45,4,4,32,452,803,EGM,20,20.0,0.0,0.19836429999998018,-0.24285723928137526,0.35698925729535363,0.18225064552655837,3.552713678800501e-15,0.17719401112325703,2.5325367867185977,0.13951457904944833
Queue-load-0.45,0.45,4,4,32,452,803,EGM,25,25.0,0.0,0.2501390999999842,-0.24324160693831112,0.345475115838189,0.172569092117423,4.440892098500626e-15,0.17647257856987414,2.53669144680169,0.1400173452826684
Queue-load-0.45,0.45,4,4,32,452,803,EGM,30,30.0,0.0,0.2998824000000013,-0.24306220343704824,0.3327387157838948,0.1637653205552718,4.440892098500626e-15,0.1761251326746544,2.539600843987054,0.1402116650102372
Queue-load-0.45,0.45,4,4,32,452,803,EGM,35,35.0,0.0,0.3494238999999766,-0.2424821779784209,0.3191822403334412,0.1562668868105837,4.440892098500626e-15,0.17607506499280925,2.541413862115584,0.14016631068531826
Queue-load-0.45,0.45,4,4,32,452,803,EGM,40,40.0,0.0,0.39921759999998585,-0.2416312806422955,0.30501482757924,0.1503603666246744,4.440892098500626e-15,0.17624370458410749,2.542512976575647,0.1399398229645428
Queue-load-0.45,0.45,4,4,32,452,803,EGM,45,45.0,0.0,0.4532365000000027,-0.24116702643224217,0.29087425145781776,0.146219244010362,3.552713678800501e-15,0.17625065609427987,2.543368719232615,0.1398878323671616
Queue-load-0.45,0.45,4,4,32,452,803,EGM,50,50.0,0.0,0.5036917999999844,-0.2407774111920307,0.2791852909482581,0.14390125642664103,3.552713678800501e-15,0.17626543242418147,2.544065282173521,0.13983639482984364
Queue-load-0.45,0.45,4,4,32,452,803,EGM,55,55.0,0.0,0.5534888999999907,-0.24048204533523188,0.2697734743900216,0.14322110806089947,3.552713678800501e-15,0.17626019106771867,2.544563736883589,0.13981540172788198
Queue-load-0.45,0.45,4,4,32,452,803,EGM,60,60.0,0.0,0.6058696999999995,-0.240175609864245,0.2605718090221154,0.143565351189873,3.552713678800501e-15,0.17628171200379467,2.544726265297125,0.13978532666477772
Queue-load-0.45,0.45,4,4,32,452,803,PPM-3,0,0.0,0.0,4.900000021734741e-06,-0.2407069046607515,0.38947815363298816,0.2186860227434829,3.552713678800501e-15,0.18039809967663847,2.518635716791285,0.13704212575539945
Queue-load-0.45,0.45,4,4,32,452,803,PPM-3,5,15.0,0.0,0.07670509999999808,-0.2396597793460762,0.3823776422832378,0.21204106917598864,4.440892098500626e-15,0.1805284106158768,2.5177995864409737,0.13695582167670395
Queue-load-0.45,0.45,4,4,32,452,803,PPM-3,10,30.0,0.0,0.15601480000000834,-0.24066024092462096,0.37537882219852525,0.20250592870438433,3.552713678800501e-15,0.17950893318385996,2.5225674920194914,0.13772435670985095
Queue-load-0.45,0.45,4,4,32,452,803,PPM-3,15,45.0,0.0,0.23347910000001093,-0.24195312379730385,0.3670313639020977,0.1923409512440326,3.552713678800501e-15,0.17823668368755616,2.5275327064722473,0.13873527912969433
Queue-load-0.45,0.45,4,4,32,452,803,PPM-3,20,60.0,0.0,0.3107942000000037,-0.2428613219264592,0.35700850824456287,0.18224681551035987,2.6645352591003757e-15,0.17719117596166908,2.532541342098515,0.13951717445419892
Queue-load-0.45,0.45,4,4,32,452,803,PPM-3,25,75.0,0.0,0.38432030000001305,-0.2432462985736883,0.34549641826091093,0.17256736496986788,3.552713678800501e-15,0.17646916443124255,2.5366963143933456,0.14002050323226578
Queue-load-0.45,0.45,4,4,32,452,803,PPM-3,30,90.0,0.0,0.45814889999999764,-0.2430673903558851,0.3327603131011669,0.1637658275254939,4.440892098500626e-15,0.17612115159498185,2.539605203272309,0.1402154166538444
Queue-load-0.45,0.45,4,4,32,452,803,PPM-3,35,105.0,0.0,0.5327242000000183,-0.24248681053171758,0.31920163060303847,0.15626919943335035,3.552713678800501e-15,0.17607108211353995,2.5414155760159134,0.14017020335930674
Queue-load-0.45,0.45,4,4,32,452,803,PPM-3,40,120.0,0.0,0.606732600000015,-0.24163656816084508,0.30503198028186074,0.15036465589782122,4.440892098500626e-15,0.17623915892361952,2.5425144104437982,0.13994429315828597
Queue-load-0.45,0.45,4,4,32,452,803,PPM-3,45,135.0,0.0,0.6877099000000158,-0.24116857462854235,0.29088287569706917,0.14622643646976402,3.552713678800501e-15,0.1762481563092982,2.5433656993538913,0.13989049109312907
Queue-load-0.45,0.45,4,4,32,452,803,PPM-3,50,150.0,0.0,0.764513600000015,-0.24077704870970926,0.27917267616885516,0.14391242710184893,3.552713678800501e-15,0.1762639028844404,2.5440576499351906,0.13983832606633884
Queue-load-0.45,0.45,4,4,32,452,803,PPM-3,55,165.0,0.0,0.8403530000000217,-0.24048086458516774,0.2697435874159753,0.14323632941029515,2.6645352591003757e-15,0.17625920412487373,2.544554972666528,0.1398168499453097
Queue-load-0.45,0.45,4,4,32,452,803,PPM-3,60,180.0,0.0,0.9139389999999992,-0.24017444030889828,0.26052823796114505,0.14358260054208732,3.552713678800501e-15,0.17628085516069703,2.544717523287096,0.139786643613666
Queue-load-0.45,0.45,4,4,32,452,804,QP+G,0,0.0,0.0,4.200000006449045e-06,-0.2902976644416224,0.45237514325154904,0.2166930778702353,4.440892098500626e-15,0.15384893474812075,2.618832020279724,0.15831780102663107
Queue-load-0.45,0.45,4,4,32,452,804,QP+G,5,5.0,5.0,0.4743458000000089,-0.2845571671472834,0.4434563858572278,0.20990718439608191,3.552713678800501e-15,0.1561984839190564,2.606443397929967,0.1566202846109456
Queue-load-0.45,0.45,4,4,32,452,804,QP+G,10,10.0,10.0,0.9436998000000187,-0.2797136186187738,0.4320771854200488,0.19921991322335172,5.329070518200751e-15,0.158214068204478,2.5975881914588403,0.15507076382400456
Queue-load-0.45,0.45,4,4,32,452,804,QP+G,15,15.0,15.0,1.4109593000000018,-0.2737040933190516,0.4165284043030084,0.18917150664679294,5.329070518200751e-15,0.16100373403619925,2.5869360313018626,0.15284173800054565
Queue-load-0.45,0.45,4,4,32,452,804,QP+G,20,20.0,20.0,1.8879115000000013,-0.26679624111462164,0.39742152923661833,0.18223929608649897,3.552713678800501e-15,0.16443679980264964,2.5749992048280896,0.15003692625903053
Queue-load-0.45,0.45,4,4,32,452,804,QP+G,25,25.0,25.0,2.3653275000000065,-0.25917288002054256,0.37637280285939834,0.17835750022425795,5.329070518200751e-15,0.16837429533176237,2.5617869043019197,0.1467948149681372
Queue-load-0.45,0.45,4,4,32,452,804,QP+G,30,30.0,30.0,2.8739055000000064,-0.2508883864534267,0.3562689960229375,0.17614543228279225,3.552713678800501e-15,0.17269040089313495,2.5464908522011953,0.14328376478048646
Queue-load-0.45,0.45,4,4,32,452,804,QP+G,35,35.0,35.0,3.380626300000017,-0.24429634855708884,0.33723689774466487,0.17403824692110265,3.552713678800501e-15,0.17603695704605415,2.5323705757147805,0.14068038107422068
Queue-load-0.45,0.45,4,4,32,452,804,QP+G,40,40.0,40.0,3.8849915000000124,-0.2386461095428021,0.32403944358427356,0.1709833214166405,3.552713678800501e-15,0.1788714922973271,2.5200477250446776,0.1384944169108483
Queue-load-0.45,0.45,4,4,32,452,804,QP+G,45,45.0,45.0,4.389533099999994,-0.23321419731148602,0.3128503061172793,0.16654212015816294,3.552713678800501e-15,0.1815634096720409,2.5087203750434304,0.1363986758519894
Queue-load-0.45,0.45,4,4,32,452,804,QP+G,50,50.0,50.0,4.880928699999998,-0.22882941143482063,0.3028321228304631,0.16070315244843472,5.329070518200751e-15,0.18374084488920714,2.50142783883066,0.13460505833023192
Queue-load-0.45,0.45,4,4,32,452,804,QP+G,55,55.0,55.0,5.374501500000008,-0.22595397836605982,0.29761080293483166,0.15374875139642827,2.6645352591003757e-15,0.1851800904813103,2.49911221689819,0.13328768757668008
Queue-load-0.45,0.45,4,4,32,452,804,QP+G,60,60.0,60.0,5.876130200000006,-0.2244192702708353,0.2943006771123836,0.14619633214301897,4.440892098500626e-15,0.1858464756487479,2.498923526987752,0.1326312334571601
Queue-load-0.45,0.45,4,4,32,452,804,noG,0,0.0,0.0,5.700000002661909e-06,-0.2902976644416224,0.45237514325154904,0.2166930778702353,4.440892098500626e-15,0.15384893474812075,2.618832020279724,0.15831780102663107
Queue-load-0.45,0.45,4,4,32,452,804,noG,5,5.0,0.0,0.217683500000021,-0.2862714724251604,0.44779457533525063,0.21152110161928858,3.552713678800501e-15,0.1552005671981993,2.609666119807439,0.1574485843908833
Queue-load-0.45,0.45,4,4,32,452,804,noG,10,10.0,0.0,0.4351245000000006,-0.2831256640704766,0.4410630030030999,0.2017478564078679,3.552713678800501e-15,0.15615275272311058,2.60410130111363,0.15678928406038298
Queue-load-0.45,0.45,4,4,32,452,804,noG,15,15.0,0.0,0.6497048000000234,-0.27823156632253415,0.42942975206495493,0.19169394071612725,7.105427357601002e-15,0.1581890678466765,2.595973079772072,0.155180770060057
Queue-load-0.45,0.45,4,4,32,452,804,noG,20,20.0,0.0,0.8663638000000162,-0.27203884387368577,0.41345768795887505,0.18502962977995774,3.552713678800501e-15,0.1611327217621793,2.5859604945300916,0.1527640943151844
Queue-load-0.45,0.45,4,4,32,452,804,noG,25,25.0,0.0,1.089717300000018,-0.2647548349166504,0.39357259063313893,0.18217580029706434,3.552713678800501e-15,0.16482885979020978,2.573947755367297,0.14970020571677534
Queue-load-0.45,0.45,4,4,32,452,804,noG,30,30.0,0.0,1.3192026000000112,-0.25702918688403975,0.3727209391322919,0.18168706236191026,3.552713678800501e-15,0.16885283833242912,2.5604181144221774,0.14638831354008824
Queue-load-0.45,0.45,4,4,32,452,804,noG,35,35.0,0.0,1.5467384000000095,-0.25018271424287775,0.35406563231474214,0.18164415840833661,3.552713678800501e-15,0.17240925475742103,2.5471030267075796,0.14353269120533843
Queue-load-0.45,0.45,4,4,32,452,804,noG,40,40.0,0.0,1.7710064999999986,-0.245125201213241,0.33855098989371035,0.18047440573101056,3.552713678800501e-15,0.17503187630712097,2.5368374195929664,0.14145036476693368
Queue-load-0.45,0.45,4,4,32,452,804,noG,45,45.0,0.0,1.993813700000004,-0.23979174290514285,0.32750803052435695,0.1773529373104149,3.552713678800501e-15,0.1777275018934779,2.5253453433332966,0.13935958529950698
Queue-load-0.45,0.45,4,4,32,452,804,noG,50,50.0,0.0,2.22301760000002,-0.23479766197037838,0.31695758789082124,0.17211423831065326,3.552713678800501e-15,0.18023962045511527,2.515762127232754,0.13735184653263435
Queue-load-0.45,0.45,4,4,32,452,804,noG,55,55.0,0.0,2.457660300000015,-0.23105709379641878,0.31030193712619025,0.16498897768459508,3.552713678800501e-15,0.18215339659188087,2.5112649232939797,0.13567476534001544
Queue-load-0.45,0.45,4,4,32,452,804,noG,60,60.0,0.0,2.686266900000021,-0.22864086543710027,0.3074139159547465,0.15649006135069604,3.552713678800501e-15,0.18335923285256112,2.510536676035563,0.13450725788240933
Queue-load-0.45,0.45,4,4,32,452,804,GDA,0,0.0,0.0,5.499999986113835e-06,-0.2902976644416224,0.45237514325154904,0.2166930778702353,4.440892098500626e-15,0.15384893474812075,2.618832020279724,0.15831780102663107
Queue-load-0.45,0.45,4,4,32,452,804,GDA,5,5.0,0.0,0.03574359999998933,-0.2862714724251604,0.44779457533525063,0.21152110161928858,3.552713678800501e-15,0.1552005671981993,2.609666119807439,0.1574485843908833
Queue-load-0.45,0.45,4,4,32,452,804,GDA,10,10.0,0.0,0.07167549999999778,-0.2831256640704766,0.4410630030030999,0.2017478564078679,3.552713678800501e-15,0.15615275272311058,2.60410130111363,0.15678928406038298
Queue-load-0.45,0.45,4,4,32,452,804,GDA,15,15.0,0.0,0.10714479999998616,-0.27823156632253415,0.42942975206495493,0.19169394071612725,7.105427357601002e-15,0.1581890678466765,2.595973079772072,0.155180770060057
Queue-load-0.45,0.45,4,4,32,452,804,GDA,20,20.0,0.0,0.14272529999999506,-0.27203884387368577,0.41345768795887505,0.18502962977995774,3.552713678800501e-15,0.1611327217621793,2.5859604945300916,0.1527640943151844
Queue-load-0.45,0.45,4,4,32,452,804,GDA,25,25.0,0.0,0.17820290000000227,-0.2647548349166504,0.39357259063313893,0.18217580029706434,3.552713678800501e-15,0.16482885979020978,2.573947755367297,0.14970020571677534
Queue-load-0.45,0.45,4,4,32,452,804,GDA,30,30.0,0.0,0.21437369999998168,-0.25702918688403975,0.3727209391322919,0.18168706236191026,3.552713678800501e-15,0.16885283833242912,2.5604181144221774,0.14638831354008824
Queue-load-0.45,0.45,4,4,32,452,804,GDA,35,35.0,0.0,0.25045299999999315,-0.25018271424287775,0.35406563231474214,0.18164415840833661,3.552713678800501e-15,0.17240925475742103,2.5471030267075796,0.14353269120533843
Queue-load-0.45,0.45,4,4,32,452,804,GDA,40,40.0,0.0,0.28654179999998064,-0.245125201213241,0.33855098989371035,0.18047440573101056,3.552713678800501e-15,0.17503187630712097,2.5368374195929664,0.14145036476693368
Queue-load-0.45,0.45,4,4,32,452,804,GDA,45,45.0,0.0,0.32334079999998266,-0.23979174290514285,0.32750803052435695,0.1773529373104149,3.552713678800501e-15,0.1777275018934779,2.5253453433332966,0.13935958529950698
Queue-load-0.45,0.45,4,4,32,452,804,GDA,50,50.0,0.0,0.3587507999999957,-0.23479766197037838,0.31695758789082124,0.17211423831065326,3.552713678800501e-15,0.18023962045511527,2.515762127232754,0.13735184653263435
Queue-load-0.45,0.45,4,4,32,452,804,GDA,55,55.0,0.0,0.3947075999999754,-0.23105709379641878,0.31030193712619025,0.16498897768459508,3.552713678800501e-15,0.18215339659188087,2.5112649232939797,0.13567476534001544
Queue-load-0.45,0.45,4,4,32,452,804,GDA,60,60.0,0.0,0.43079929999998967,-0.22864086543710027,0.3074139159547465,0.15649006135069604,3.552713678800501e-15,0.18335923285256112,2.510536676035563,0.13450725788240933
Queue-load-0.45,0.45,4,4,32,452,804,EGM,0,0.0,0.0,5.199999975502578e-06,-0.2902976644416224,0.45237514325154904,0.2166930778702353,4.440892098500626e-15,0.15384893474812075,2.618832020279724,0.15831780102663107
Queue-load-0.45,0.45,4,4,32,452,804,EGM,5,5.0,0.0,0.04832309999997619,-0.28589574430000525,0.4468538116768702,0.21116280808770418,3.552713678800501e-15,0.15542053477590728,2.6089587077121825,0.15726584902871493
Queue-load-0.45,0.45,4,4,32,452,804,EGM,10,10.0,0.0,0.09552879999998254,-0.28236337031601094,0.4390990144668958,0.20119455452869967,3.552713678800501e-15,0.15661614716695213,2.602640683276071,0.15640276423957072
Queue-load-0.45,0.45,4,4,32,452,804,EGM,15,15.0,0.0,0.14274509999998486,-0.2772152287608617,0.42660707957066785,0.19115590620761605,3.552713678800501e-15,0.1588236685559416,2.5939325195111205,0.1546535672592627
Queue-load-0.45,0.45,4,4,32,452,804,EGM,20,20.0,0.0,0.18959019999999782,-0.27087497104122416,0.4099583902023596,0.1844305369592098,3.552713678800501e-15,0.16186781330098768,2.5835066621421188,0.15215815184942696
Queue-load-0.45,0.45,4,4,32,452,804,EGM,25,25.0,0.0,0.2377073999999766,-0.26351472585081487,0.38957670223978197,0.18135336836115265,3.552713678800501e-15,0.16561576699438033,2.5712239307842513,0.14905665770118576
Queue-load-0.45,0.45,4,4,32,452,804,EGM,30,30.0,0.0,0.2860025999999891,-0.25561828849552815,0.3690798209844448,0.18050290910564284,5.329070518200751e-15,0.16972973727585497,2.5572558210196603,0.14567785109153178
Queue-load-0.45,0.45,4,4,32,452,804,EGM,35,35.0,0.0,0.33586609999997563,-0.24886901045415377,0.3503264352677402,0.18001565674544578,3.552713678800501e-15,0.17321763194707443,2.5438166006554086,0.14289728380790437
Queue-load-0.45,0.45,4,4,32,452,804,EGM,40,40.0,0.0,0.3901767999999777,-0.2436117562464452,0.3352744403735194,0.17842296245739986,3.552713678800501e-15,0.1759244763094313,2.5329586266023605,0.1407619117641289
Queue-load-0.45,0.45,4,4,32,452,804,EGM,45,45.0,0.0,0.4511917999999753,-0.23816947324005155,0.32413390737686637,0.1749946845819577,3.552713678800501e-15,0.17866292772386502,2.5213201432083596,0.1386360121072744
Queue-load-0.45,0.45,4,4,32,452,804,EGM,50,50.0,0.0,0.5022163999999805,-0.23329638417847706,0.313633051337437,0.16960537804132275,2.6645352591003757e-15,0.1811060897657257,2.512165517215225,0.1366746724861051
Queue-load-0.45,0.45,4,4,32,452,804,EGM,55,55.0,0.0,0.5565534999999784,-0.22972135997206564,0.3074194096039634,0.16249859477063514,2.6645352591003757e-15,0.18292897078131623,2.508159355813954,0.13506264207058077
Queue-load-0.45,0.45,4,4,32,452,804,EGM,60,60.0,0.0,0.6077662999999802,-0.22729331249432233,0.30426838669631606,0.15419462919208723,5.329070518200751e-15,0.18413318327949268,2.5073350721798526,0.13390181292156786
Queue-load-0.45,0.45,4,4,32,452,804,PPM-3,0,0.0,0.0,5.600000008598727e-06,-0.2902976644416224,0.45237514325154904,0.2166930778702353,4.440892098500626e-15,0.15384893474812075,2.618832020279724,0.15831780102663107
Queue-load-0.45,0.45,4,4,32,452,804,PPM-3,5,15.0,0.0,0.07571190000001593,-0.2858954915859348,0.4468440558705995,0.21116411954740194,3.552713678800501e-15,0.1554209066109966,2.608957160591372,0.15726555862103708
Queue-load-0.45,0.45,4,4,32,452,804,PPM-3,10,30.0,0.0,0.14997719999999504,-0.28236990851363325,0.43909789601501525,0.2012041699477378,5.329070518200751e-15,0.156612494750183,2.602647765169369,0.15640604392511387
Queue-load-0.45,0.45,4,4,32,452,804,PPM-3,15,45.0,0.0,0.22438540000001694,-0.27723173167788406,0.42662441658548883,0.19116719000791454,3.552713678800501e-15,0.1588136340534407,2.5939533107197157,0.15466250748762708
Queue-load-0.45,0.45,4,4,32,452,804,PPM-3,20,60.0,0.0,0.29815640000001054,-0.2708992228868561,0.4099946792584491,0.1844389752883055,5.329070518200751e-15,0.1618526613853809,2.5835378572499694,0.15217166191725248
Queue-load-0.45,0.45,4,4,32,452,804,PPM-3,25,75.0,0.0,0.3721285000000023,-0.2635406932523156,0.389626701374328,0.18136108661554945,3.552713678800501e-15,0.16559930287770963,2.5712580367235995,0.14907132676841703
Queue-load-0.45,0.45,4,4,32,452,804,PPM-3,30,90.0,0.0,0.4487875000000088,-0.25563205829974744,0.3691022646704776,0.18051262520622202,3.552713678800501e-15,0.16971984316769553,2.5572721352242445,0.1456868865573446
Queue-load-0.45,0.45,4,4,32,452,804,PPM-3,35,105.0,0.0,0.5225580999999977,-0.24888077857976598,0.3503485755205139,0.18002899154280708,2.6645352591003757e-15,0.17320877507482105,2.5438285534255236,0.14290551158699388
Queue-load-0.45,0.45,4,4,32,452,804,PPM-3,40,120.0,0.0,0.5963631000000191,-0.24361630190873343,0.3352767188351233,0.17844035265024286,3.552713678800501e-15,0.17591945131446934,2.5329573334051005,0.1407670048221043
Queue-load-0.45,0.45,4,4,32,452,804,PPM-3,45,135.0,0.0,0.6705543000000205,-0.23817384483602855,0.3241333715296866,0.17501502476058997,3.552713678800501e-15,0.17865824298034713,2.521321742893658,0.1386406126568295
Queue-load-0.45,0.45,4,4,32,452,804,PPM-3,50,150.0,0.0,0.7435348000000204,-0.23329593185518346,0.3136292990085876,0.16962649524881723,3.552713678800501e-15,0.1811040132757868,2.5121576878682834,0.13667716104693545
Queue-load-0.45,0.45,4,4,32,452,804,PPM-3,55,165.0,0.0,0.8155336000000091,-0.22971885254435914,0.30739949005543804,0.16251814738564424,4.440892098500626e-15,0.1829281330172902,2.5081483897103705,0.1350640569979536
Queue-load-0.45,0.45,4,4,32,452,804,PPM-3,60,180.0,0.0,0.8879072999999948,-0.22728572620759196,0.3042480240808346,0.15421053851050726,3.552713678800501e-15,0.1841354010690235,2.5073200923308385,0.13390038354514308
Queue-load-0.45,0.45,4,4,32,452,805,QP+G,0,0.0,0.0,6.400000017947605e-06,-0.26139254695075675,0.4065645151067291,0.19926789558513472,5.329070518200751e-15,0.17055325300947335,2.562454352412301,0.14458072844251166
Queue-load-0.45,0.45,4,4,32,452,805,QP+G,5,5.0,5.0,0.5034054000000197,-0.24809491978489534,0.38154377160397135,0.1971834679037594,3.552713678800501e-15,0.1772405421658691,2.5370138252286907,0.139232414401042
Queue-load-0.45,0.45,4,4,32,452,805,QP+G,10,10.0,10.0,1.0118513000000178,-0.24055718033063678,0.3602225540046293,0.1930290115219101,3.552713678800501e-15,0.18076364682071736,2.521490376291523,0.13652633337446568
Queue-load-0.45,0.45,4,4,32,452,805,QP+G,15,15.0,15.0,1.5138895000000048,-0.23661975721038242,0.34100440039696744,0.18722953308146337,3.552713678800501e-15,0.18243213599965943,2.514530919149372,0.13522413141353187
Queue-load-0.45,0.45,4,4,32,452,805,QP+G,20,20.0,20.0,2.018647299999998,-0.23588793135674735,0.3240889306407492,0.18031468750319934,3.552713678800501e-15,0.18245900165545342,2.5148135162992844,0.1351823922235319
Queue-load-0.45,0.45,4,4,32,452,805,QP+G,25,25.0,25.0,2.5139958000000036,-0.23604330820708452,0.3077209890563738,0.17282374290972116,3.552713678800501e-15,0.182052236662307,2.5176111233642398,0.13544191473957543
Queue-load-0.45,0.45,4,4,32,452,805,QP+G,30,30.0,30.0,3.0307715000000144,-0.236921331111824,0.293964521584355,0.16519658687421387,5.329070518200751e-15,0.18123934278492868,2.521372076519282,0.1360568637140565
Queue-load-0.45,0.45,4,4,32,452,805,QP+G,35,35.0,35.0,3.5568852000000106,-0.2379403150917053,0.2832287622578584,0.15775998846932815,4.440892098500626e-15,0.18031444614752432,2.524745708934179,0.1368042007506772
Queue-load-0.45,0.45,4,4,32,452,805,QP+G,40,40.0,40.0,4.057277400000004,-0.23807415837110324,0.27324434046321106,0.15074662878843847,5.329070518200751e-15,0.17985032434708467,2.5262926234081258,0.13718690599985617
Queue-load-0.45,0.45,4,4,32,452,805,QP+G,45,45.0,45.0,4.556820000000016,-0.23749810938252675,0.2640489603719643,0.1443103854478562,5.329070518200751e-15,0.17976694289123327,2.526367526835923,0.13726634517003403
Queue-load-0.45,0.45,4,4,32,452,805,QP+G,50,50.0,50.0,5.0527495999999985,-0.2363595798057941,0.2552492350024151,0.13853882711630183,3.552713678800501e-15,0.17999832468344046,2.5252431317237263,0.13709414206794213
Queue-load-0.45,0.45,4,4,32,452,805,QP+G,55,55.0,55.0,5.546090600000014,-0.23477548331223352,0.24660455355402763,0.13346424226914627,7.105427357601002e-15,0.18049306850589933,2.5231185669978955,0.13671121744157988
Queue-load-0.45,0.45,4,4,32,452,805,QP+G,60,60.0,60.0,6.04088440000001,-0.23282995102161402,0.23804535516477204,0.12907234282286623,5.329070518200751e-15,0.18121443175901966,2.52012620647315,0.1361473468476564
Queue-load-0.45,0.45,4,4,32,452,805,noG,0,0.0,0.0,5.29999999798747e-06,-0.26139254695075675,0.4065645151067291,0.19926789558513472,5.329070518200751e-15,0.17055325300947335,2.562454352412301,0.14458072844251166
Queue-load-0.45,0.45,4,4,32,452,805,noG,5,5.0,0.0,0.21701880000000529,-0.24845620328851856,0.3842890476680796,0.19844505595152231,3.552713678800501e-15,0.17704356427378046,2.5379012414539006,0.1393826861760152
Queue-load-0.45,0.45,4,4,32,452,805,noG,10,10.0,0.0,0.43317709999999465,-0.24115971768729855,0.36505442878289995,0.19535183732093478,3.552713678800501e-15,0.18042061064645173,2.523267663565786,0.13677582811324374
Queue-load-0.45,0.45,4,4,32,452,805,noG,15,15.0,0.0,0.6616467999999998,-0.2373829915872473,0.3472030750340044,0.19037315167252689,1.7763568394002505e-15,0.18197468857795351,2.5171752646239898,0.135542402757626
Queue-load-0.45,0.45,4,4,32,452,805,noG,20,20.0,0.0,0.8893767000000139,-0.23733031754903844,0.33152181279614196,0.18399593267169131,3.552713678800501e-15,0.18159283283713187,2.518882823466526,0.13583438698041952
Queue-load-0.45,0.45,4,4,32,452,805,noG,25,25.0,0.0,1.1309918000000039,-0.23829880549059457,0.31594767832204007,0.17676728840361897,3.552713678800501e-15,0.1807253791996045,2.5236866663619195,0.13644900678134697
Queue-load-0.45,0.45,4,4,32,452,805,noG,30,30.0,0.0,1.3665334000000087,-0.24054638487379032,0.30247346648301765,0.1691371825444416,3.552713678800501e-15,0.1791343008850528,2.529907845603328,0.13771265460950907
Queue-load-0.45,0.45,4,4,32,452,805,noG,35,35.0,0.0,1.605827000000005,-0.24205849746795985,0.2916381484993833,0.16144726136766677,5.329070518200751e-15,0.1779070464140666,2.5343729795384795,0.13870490203127647
Queue-load-0.45,0.45,4,4,32,452,805,noG,40,40.0,0.0,1.8373565999999926,-0.24262860852892726,0.2822873277187216,0.1539966205490168,6.217248937900877e-15,0.17717190898748864,2.5369033147324163,0.13930686392133146
Queue-load-0.45,0.45,4,4,32,452,805,noG,45,45.0,0.0,2.0743127000000072,-0.24244913613822655,0.2743163971104805,0.14705755570311185,5.329070518200751e-15,0.17683830851474577,2.537906048425357,0.13958768893655193
Queue-load-0.45,0.45,4,4,32,452,805,noG,50,50.0,0.0,2.307313700000009,-0.24168361293286122,0.2671389618937575,0.1408461963865573,2.6645352591003757e-15,0.17683077428711808,2.5376959372780363,0.13960628164561717
Queue-load-0.45,0.45,4,4,32,452,805,noG,55,55.0,0.0,2.541398000000015,-0.24046737164336104,0.26048021514686615,0.13549257084667884,3.552713678800501e-15,0.17708841238958672,2.536510112562954,0.1394110553702581
Queue-load-0.45,0.45,4,4,32,452,805,noG,60,60.0,0.0,2.7717334000000164,-0.23890586242327044,0.2538693635316427,0.1310265626757943,2.6645352591003757e-15,0.17756462088809066,2.534518826631952,0.13903965139443844
Queue-load-0.45,0.45,4,4,32,452,805,GDA,0,0.0,0.0,6.299999995462713e-06,-0.26139254695075675,0.4065645151067291,0.19926789558513472,5.329070518200751e-15,0.17055325300947335,2.562454352412301,0.14458072844251166
Queue-load-0.45,0.45,4,4,32,452,805,GDA,5,5.0,0.0,0.03532659999999055,-0.24845620328851856,0.3842890476680796,0.19844505595152231,3.552713678800501e-15,0.17704356427378046,2.5379012414539006,0.1393826861760152
Queue-load-0.45,0.45,4,4,32,452,805,GDA,10,10.0,0.0,0.07174699999998779,-0.24115971768729855,0.36505442878289995,0.19535183732093478,3.552713678800501e-15,0.18042061064645173,2.523267663565786,0.13677582811324374
Queue-load-0.45,0.45,4,4,32,452,805,GDA,15,15.0,0.0,0.10782549999998992,-0.2373829915872473,0.3472030750340044,0.19037315167252689,1.7763568394002505e-15,0.18197468857795351,2.5171752646239898,0.135542402757626
Queue-load-0.45,0.45,4,4,32,452,805,GDA,20,20.0,0.0,0.14362819999999488,-0.23733031754903844,0.33152181279614196,0.18399593267169131,3.552713678800501e-15,0.18159283283713187,2.518882823466526,0.13583438698041952
Queue-load-0.45,0.45,4,4,32,452,805,GDA,25,25.0,0.0,0.17934659999997393,-0.23829880549059457,0.31594767832204007,0.17676728840361897,3.552713678800501e-15,0.1807253791996045,2.5236866663619195,0.13644900678134697
Queue-load-0.45,0.45,4,4,32,452,805,GDA,30,30.0,0.0,0.21548799999999346,-0.24054638487379032,0.30247346648301765,0.1691371825444416,3.552713678800501e-15,0.1791343008850528,2.529907845603328,0.13771265460950907
Queue-load-0.45,0.45,4,4,32,452,805,GDA,35,35.0,0.0,0.2521490999999969,-0.24205849746795985,0.2916381484993833,0.16144726136766677,5.329070518200751e-15,0.1779070464140666,2.5343729795384795,0.13870490203127647
Queue-load-0.45,0.45,4,4,32,452,805,GDA,40,40.0,0.0,0.2899287999999842,-0.24262860852892726,0.2822873277187216,0.1539966205490168,6.217248937900877e-15,0.17717190898748864,2.5369033147324163,0.13930686392133146
Queue-load-0.45,0.45,4,4,32,452,805,GDA,45,45.0,0.0,0.32649009999997247,-0.24244913613822655,0.2743163971104805,0.14705755570311185,5.329070518200751e-15,0.17683830851474577,2.537906048425357,0.13958768893655193
Queue-load-0.45,0.45,4,4,32,452,805,GDA,50,50.0,0.0,0.36213389999997503,-0.24168361293286122,0.2671389618937575,0.1408461963865573,2.6645352591003757e-15,0.17683077428711808,2.5376959372780363,0.13960628164561717
Queue-load-0.45,0.45,4,4,32,452,805,GDA,55,55.0,0.0,0.3975988999999913,-0.24046737164336104,0.26048021514686615,0.13549257084667884,3.552713678800501e-15,0.17708841238958672,2.536510112562954,0.1394110553702581
Queue-load-0.45,0.45,4,4,32,452,805,GDA,60,60.0,0.0,0.4357137999999736,-0.23890586242327044,0.2538693635316427,0.1310265626757943,2.6645352591003757e-15,0.17756462088809066,2.534518826631952,0.13903965139443844
Queue-load-0.45,0.45,4,4,32,452,805,EGM,0,0.0,0.0,5.200000003924288e-06,-0.26139254695075675,0.4065645151067291,0.19926789558513472,5.329070518200751e-15,0.17055325300947335,2.562454352412301,0.14458072844251166
Queue-load-0.45,0.45,4,4,32,452,805,EGM,5,5.0,0.0,0.0508987999999988,-0.24838516155432733,0.38371339477526345,0.19817808490828948,2.6645352591003757e-15,0.17708282923269839,2.537722089186174,0.13935285028381872
Queue-load-0.45,0.45,4,4,32,452,805,EGM,10,10.0,0.0,0.10157149999997728,-0.2410368096419475,0.36404113556318973,0.1948669135074538,3.552713678800501e-15,0.18049212833040854,2.5228930182515086,0.1367240286037229
Queue-load-0.45,0.45,4,4,32,452,805,EGM,15,15.0,0.0,0.15372929999998064,-0.23721224772864813,0.34589466362339866,0.1897254846902064,4.440892098500626e-15,0.18207737007890454,2.5165741935175148,0.1354713565780687
Queue-load-0.45,0.45,4,4,32,452,805,EGM,20,20.0,0.0,0.20322699999999827,-0.23702451491880766,0.329970351844883,0.1832462766925072,3.552713678800501e-15,0.18177856680096544,2.517994873873009,0.13569538720571844
Queue-load-0.45,0.45,4,4,32,452,805,EGM,25,25.0,0.0,0.25202159999997775,-0.23783166636700068,0.31425022620983006,0.17597064425755085,4.440892098500626e-15,0.18100409225287287,2.522411075382608,0.13623743009541103
Queue-load-0.45,0.45,4,4,32,452,805,EGM,30,30.0,0.0,0.3006308999999874,-0.23979856748652176,0.30069372973525565,0.16834707768219498,3.552713678800501e-15,0.17957307643187534,2.528134295955945,0.13736722378096966
Queue-load-0.45,0.45,4,4,32,452,805,EGM,35,35.0,0.0,0.3493959999999845,-0.24122050697974448,0.28995772955879423,0.16072007422079768,3.552713678800501e-15,0.17840222725392982,2.532400761341674,0.13831352214913978
Queue-load-0.45,0.45,4,4,32,452,805,EGM,40,40.0,0.0,0.39892609999998285,-0.2417122224395268,0.2804937881601867,0.15337951786253365,3.552713678800501e-15,0.1777168066685715,2.5347551236891435,0.13887502892673645
Queue-load-0.45,0.45,4,4,32,452,805,EGM,45,45.0,0.0,0.4484508999999832,-0.24146198350117629,0.27227068710038965,0.14657246367606067,3.552713678800501e-15,0.17742884689483168,2.5355921787255546,0.1391189331722449
Queue-load-0.45,0.45,4,4,32,452,805,EGM,50,50.0,0.0,0.49940300000000093,-0.24063005872526413,0.2647177023513474,0.14048391974586102,3.552713678800501e-15,0.17746491224509645,2.53521793347722,0.13910256494031248
Queue-load-0.45,0.45,4,4,32,452,805,EGM,55,55.0,0.0,0.5508973000000026,-0.2393481692380862,0.257599881395445,0.13521753862352204,3.552713678800501e-15,0.17776605174536933,2.533862062316048,0.13887278708010203
Queue-load-0.45,0.45,4,4,32,452,805,EGM,60,60.0,0.0,0.6001249999999914,-0.23771729615012122,0.25045691935105074,0.13078910826274232,5.329070518200751e-15,0.17828778632731546,2.5316870983827124,0.13846552428412034
Queue-load-0.45,0.45,4,4,32,452,805,PPM-3,0,0.0,0.0,5.3999999920506525e-06,-0.26139254695075675,0.4065645151067291,0.19926789558513472,5.329070518200751e-15,0.17055325300947335,2.562454352412301,0.14458072844251166
Queue-load-0.45,0.45,4,4,32,452,805,PPM-3,5,15.0,0.0,0.07513560000001007,-0.24838446748251167,0.38372265184137966,0.19818259217581063,5.329070518200751e-15,0.17708329590547728,2.537719789969363,0.13935250462245152
Queue-load-0.45,0.45,4,4,32,452,805,PPM-3,10,30.0,0.0,0.15323779999999942,-0.24103421301822284,0.3640597540284185,0.1948764209983083,5.329070518200751e-15,0.18049367925611287,2.5228871033062115,0.13672278899092882
Queue-load-0.45,0.45,4,4,32,452,805,PPM-3,15,45.0,0.0,0.22766490000000772,-0.2372062326001414,0.3459202383234894,0.18973975563190332,3.552713678800501e-15,0.18208065795884604,2.51656121877027,0.13546875157956068
Queue-load-0.45,0.45,4,4,32,452,805,PPM-3,20,60.0,0.0,0.3016503000000057,-0.23701775883773757,0.33000319018458724,0.1832646067220915,3.552713678800501e-15,0.18178214698766157,2.517980681663137,0.13569255397743674
Queue-load-0.45,0.45,4,4,32,452,805,PPM-3,25,75.0,0.0,0.37601209999999696,-0.23782503885029738,0.3142879772181626,0.17599213600951166,5.329070518200751e-15,0.1810075190275395,2.5223983880141034,0.13623467107698115
Queue-load-0.45,0.45,4,4,32,452,805,PPM-3,30,90.0,0.0,0.44949080000000663,-0.2397940680895144,0.3007276538074578,0.16837073989651533,3.552713678800501e-15,0.17957522760195596,2.528125732838537,0.1373655233012788
Queue-load-0.45,0.45,4,4,32,452,805,PPM-3,35,105.0,0.0,0.5249100000000055,-0.24121771568947453,0.2899777066998695,0.16074459209737066,3.552713678800501e-15,0.1784033624663398,2.532396208508982,0.1383126265595034
Queue-load-0.45,0.45,4,4,32,452,805,PPM-3,40,120.0,0.0,0.5991118000000029,-0.24171116362296854,0.280507519631778,0.1534033021152248,3.552713678800501e-15,0.17771692008789472,2.534754521491885,0.13887494720200577
Queue-load-0.45,0.45,4,4,32,452,805,PPM-3,45,135.0,0.0,0.6741725999999915,-0.2414627211281568,0.27227944937571796,0.1465940890641809,3.552713678800501e-15,0.17742791466485494,2.5355956012977545,0.13911968526684224
Queue-load-0.45,0.45,4,4,32,452,805,PPM-3,50,150.0,0.0,0.7470624999999984,-0.240632681325206,0.26471993290947204,0.14050250902390019,3.552713678800501e-15,0.1774628957319588,2.535225559672503,0.13910418007475167
Queue-load-0.45,0.45,4,4,32,452,805,PPM-3,55,165.0,0.0,0.8194665999999984,-0.2393527697444995,0.2576013338624923,0.13523284909827618,3.552713678800501e-15,0.17776290656448065,2.5338741223913814,0.13887529752018316
Queue-load-0.45,0.45,4,4,32,452,805,PPM-3,60,180.0,0.0,0.8952990999999884,-0.23772397271005064,0.25045452939466717,0.1308014008647701,3.552713678800501e-15,0.17828346343645426,2.531703852831578,0.13846896536188383
Queue-load-0.45,0.45,4,4,32,452,806,QP+G,0,0.0,0.0,4.200000006449045e-06,-0.2972873443239575,0.44644054564310764,0.15379775329425546,4.440892098500626e-15,0.1523591933938247,2.632853781209262,0.15906955496358327
Queue-load-0.45,0.45,4,4,32,452,806,QP+G,5,5.0,5.0,0.4744261000000165,-0.2813594980567599,0.4311196866625966,0.15795954686281846,3.552713678800501e-15,0.16071178027784286,2.6027011793571813,0.15230394712441137
Queue-load-0.45,0.45,4,4,32,452,806,QP+G,10,10.0,10.0,0.9512888999999802,-0.27875069955728377,0.42740894108139704,0.1579581634477301,5.329070518200751e-15,0.16206890483225472,2.5976290459823628,0.15121377695814794
Queue-load-0.45,0.45,4,4,32,452,806,QP+G,15,15.0,15.0,1.4978160000000287,-0.2765195906763196,0.4240354741487583,0.15784087288152537,3.552713678800501e-15,0.16322784296930304,2.5932816616132803,0.15028364852473539
Queue-load-0.45,0.45,4,4,32,452,806,QP+G,20,20.0,20.0,1.9885114000000215,-0.2743194857325944,0.4206837166492287,0.15774056049170607,5.329070518200751e-15,0.16436211619243252,2.5888727518724455,0.14938142318270292
Queue-load-0.45,0.45,4,4,32,452,806,QP+G,25,25.0,25.0,2.475670199999996,-0.2721529235453819,0.4173561289694926,0.15765738161317572,5.329070518200751e-15,0.16547470254284688,2.5844646030518827,0.14850084466494848
Queue-load-0.45,0.45,4,4,32,452,806,QP+G,30,30.0,30.0,2.9472978999999953,-0.27003775998442414,0.414070484273954,0.1575914359642216,3.552713678800501e-15,0.16655943718667035,2.5801549102470855,0.14764293595822037
Queue-load-0.45,0.45,4,4,32,452,806,QP+G,35,35.0,35.0,3.41923060000002,-0.2679210954297926,0.41077379647374457,0.15754276778524973,3.552713678800501e-15,0.16764701645744007,2.5759054831046377,0.14677901074757943
Queue-load-0.45,0.45,4,4,32,452,806,QP+G,40,40.0,40.0,3.8850177999999858,-0.26578922153349244,0.40745226755606234,0.15751136612192357,7.105427357601002e-15,0.16873976926875686,2.571603410231523,0.14591268282432118
Queue-load-0.45,0.45,4,4,32,452,806,QP+G,45,45.0,45.0,4.36178780000003,-0.2636576114817935,0.40412127847474594,0.15749716524026125,3.552713678800501e-15,0.16982997964066376,2.5672804065027535,0.14504999896445508
Queue-load-0.45,0.45,4,4,32,452,806,QP+G,50,50.0,50.0,4.838699600000012,-0.26154555702184695,0.40080002686789046,0.15750004516080834,7.105427357601002e-15,0.17090643616806503,2.562964932102752,0.14420067266863254
Queue-load-0.45,0.45,4,4,32,452,806,QP+G,55,55.0,55.0,5.3393456999999955,-0.25944742989539843,0.3974827892478251,0.1575198322986052,3.552713678800501e-15,0.17197614183553275,2.558697482753025,0.14335556959851925
Queue-load-0.45,0.45,4,4,32,452,806,QP+G,60,60.0,60.0,5.855595399999999,-0.25734342920983666,0.3941496691963666,0.15755630019538494,3.552713678800501e-15,0.17304426289685937,2.5543683240048924,0.14251529899762055
Queue-load-0.45,0.45,4,4,32,452,806,noG,0,0.0,0.0,6.700000028558861e-06,-0.2972873443239575,0.44644054564310764,0.15379775329425546,4.440892098500626e-15,0.1523591933938247,2.632853781209262,0.15906955496358327
Queue-load-0.45,0.45,4,4,32,452,806,noG,5,5.0,0.0,0.2641894999999863,-0.28271658738831024,0.4336348941185427,0.1583895837202922,5.329070518200751e-15,0.16000130375783145,2.6053174224619933,0.15287672663890628
Queue-load-0.45,0.45,4,4,32,452,806,noG,10,10.0,0.0,0.5235453999999891,-0.2813789863569382,0.4323964443869053,0.1588289623652516,3.552713678800501e-15,0.16069604441649257,2.6027090008357767,0.15231927132899395
Queue-load-0.45,0.45,4,4,32,452,806,noG,15,15.0,0.0,0.7868988999999829,-0.2813546956893624,0.43237384003977875,0.15883691908078842,3.552713678800501e-15,0.16070865427921788,2.6026615812833462,0.1523091572321857
Queue-load-0.45,0.45,4,4,32,452,806,noG,20,20.0,0.0,1.0786919999999895,-0.28135426326108753,0.43237343759546276,0.15883706072104403,3.552713678800501e-15,0.16070887876090426,2.602660737092614,0.15230897718159073
Queue-load-0.45,0.45,4,4,32,452,806,noG,25,25.0,0.0,1.3554030999999895,-0.2813542555657714,0.4323734304337174,0.1588370632416134,5.329070518200751e-15,0.16070888275568743,2.6026607220697366,0.15230897397748527
Queue-load-0.45,0.45,4,4,32,452,806,noG,30,30.0,0.0,1.6172353000000044,-0.28135425542871606,0.43237343030616504,0.15883706328650535,3.552713678800501e-15,0.16070888282683526,2.602660721802174,0.15230897392041925
Queue-load-0.45,0.45,4,4,32,452,806,noG,35,35.0,0.0,1.8732178000000204,-0.2813542554261864,0.4323734303038109,0.15883706328733416,3.552713678800501e-15,0.1607088828281484,2.602660721797236,0.15230897391936601
Queue-load-0.45,0.45,4,4,32,452,806,noG,40,40.0,0.0,2.1641592000000287,-0.2813542554261788,0.4323734303038037,0.15883706328733682,3.552713678800501e-15,0.16070888282815268,2.6026607217972226,0.1523089739193629
Queue-load-0.45,0.45,4,4,32,452,806,noG,45,45.0,0.0,2.6256435999999894,-0.2813542554261788,0.4323734303038037,0.15883706328733682,3.552713678800501e-15,0.16070888282815268,2.6026607217972226,0.1523089739193629
Queue-load-0.45,0.45,4,4,32,452,806,noG,50,50.0,0.0,2.9538747000000285,-0.2813542554261788,0.4323734303038037,0.15883706328733682,3.552713678800501e-15,0.16070888282815268,2.6026607217972226,0.1523089739193629
Queue-load-0.45,0.45,4,4,32,452,806,noG,55,55.0,0.0,3.23418700000002,-0.2813542554261788,0.4323734303038037,0.15883706328733682,3.552713678800501e-15,0.16070888282815268,2.6026607217972226,0.1523089739193629
Queue-load-0.45,0.45,4,4,32,452,806,noG,60,60.0,0.0,3.5007269999999835,-0.2813542554261788,0.4323734303038037,0.15883706328733682,3.552713678800501e-15,0.16070888282815268,2.6026607217972226,0.1523089739193629
Queue-load-0.45,0.45,4,4,32,452,806,GDA,0,0.0,0.0,1.0299999985363684e-05,-0.2972873443239575,0.44644054564310764,0.15379775329425546,4.440892098500626e-15,0.1523591933938247,2.632853781209262,0.15906955496358327
Queue-load-0.45,0.45,4,4,32,452,806,GDA,5,5.0,0.0,0.05092279999996663,-0.28094096462387835,0.43200756048411737,0.1589855271896016,3.552713678800501e-15,0.16092332151865968,2.6018532260535725,0.15213703500483683
Queue-load-0.45,0.45,4,4,32,452,806,GDA,10,10.0,0.0,0.10097680000001219,-0.2636436311603391,0.415361167825131,0.1653620252492391,3.552713678800501e-15,0.16977970077858387,2.5665719671962623,0.14513756410582368
Queue-load-0.45,0.45,4,4,32,452,806,GDA,15,15.0,0.0,0.15417139999999563,-0.24823449865414413,0.39924235577852374,0.17290396598199523,5.329070518200751e-15,0.17741647717467524,2.532219916678142,0.13930879036858101
Queue-load-0.45,0.45,4,4,32,452,806,GDA,20,20.0,0.0,0.19983980000000656,-0.231644227515951,0.38049138454934694,0.1811818891529268,5.329070518200751e-15,0.18559460924768528,2.496640430821883,0.13300326281432137
Queue-load-0.45,0.45,4,4,32,452,806,GDA,25,25.0,0.0,0.24518539999996847,-0.21478455270570157,0.3599449338989141,0.1891941902999643,3.552713678800501e-15,0.19375053056976874,2.460824735986962,0.12673237806249713
Queue-load-0.45,0.45,4,4,32,452,806,GDA,30,30.0,0.0,0.29517329999998765,-0.20150576742521736,0.3414060676063022,0.1954178280288449,5.329070518200751e-15,0.2001328739904996,2.437225877445062,0.12159207982818165
Queue-load-0.45,0.45,4,4,32,452,806,GDA,35,35.0,0.0,0.338622799999996,-0.19878829392764916,0.3318521261405378,0.19812960456463097,4.440892098500626e-15,0.20088685225287942,2.4355524047556876,0.12092617907576894
Queue-load-0.45,0.45,4,4,32,452,806,GDA,40,40.0,0.0,0.38094469999998637,-0.2054135265466365,0.3301183184489654,0.1960348686353066,3.552713678800501e-15,0.19661521936452261,2.4524917847895398,0.12430626564655423
Queue-load-0.45,0.45,4,4,32,452,806,GDA,45,45.0,0.0,0.4251926000000026,-0.21361337486426005,0.3285449997082371,0.18919313917785602,2.6645352591003757e-15,0.19152587083603315,2.4745079109864943,0.1282368706909934
Queue-load-0.45,0.45,4,4,32,452,806,GDA,50,50.0,0.0,0.467069199999969,-0.21996690993909437,0.32384787719400365,0.17945452127095238,5.329070518200751e-15,0.18736146721340832,2.492373597514563,0.1314609750226676
Queue-load-0.45,0.45,4,4,32,452,806,GDA,55,55.0,0.0,0.5099385999999981,-0.2245942006295193,0.3162670559968259,0.1694018398356074,2.6645352591003757e-15,0.18413860698249448,2.5060249153699363,0.13396534484014028
Queue-load-0.45,0.45,4,4,32,452,806,GDA,60,60.0,0.0,0.5511046999999962,-0.2278742054029768,0.30632081720399296,0.16087183690486598,5.329070518200751e-15,0.1817094837053093,2.516215156058183,0.1358581396600495
Queue-load-0.45,0.45,4,4,32,452,806,EGM,0,0.0,0.0,6.000000041694875e-06,-0.2972873443239575,0.44644054564310764,0.15379775329425546,4.440892098500626e-15,0.1523591933938247,2.632853781209262,0.15906955496358327
Queue-load-0.45,0.45,4,4,32,452,806,EGM,5,5.0,0.0,0.0693213000000128,-0.28047099838653133,0.43130423114404975,0.1589547614248433,3.552713678800501e-15,0.1611684026314888,2.6009405541069643,0.15193998925761892
Queue-load-0.45,0.45,4,4,32,452,806,EGM,10,10.0,0.0,0.13313780000004272,-0.2627762213300299,0.4139883997714325,0.16534132537510926,3.552713678800501e-15,0.17021762162657494,2.564683499468069,0.1447990362961591
Queue-load-0.45,0.45,4,4,32,452,806,EGM,15,15.0,0.0,0.19326169999999365,-0.2469921168197088,0.39718411913407214,0.1729148357057618,3.552713678800501e-15,0.1780399960460222,2.529568064833562,0.1388248426469489
Queue-load-0.45,0.45,4,4,32,452,806,EGM,20,20.0,0.0,0.2564055999999937,-0.22999073825032712,0.37767381165445585,0.1811939656668451,3.552713678800501e-15,0.1864160583233549,2.4931737649873953,0.13236426983520358
Queue-load-0.45,0.45,4,4,32,452,806,EGM,25,25.0,0.0,0.33378370000002633,-0.21274433019729797,0.35635823108354486,0.189102096654281,2.6645352591003757e-15,0.19476011877263866,2.456746619396592,0.1259374275749094
Queue-load-0.45,0.45,4,4,32,452,806,EGM,30,30.0,0.0,0.4029806000000349,-0.20030312816325807,0.33824983448184365,0.19504258410486883,3.552713678800501e-15,0.2007151671758433,2.4353492420870824,0.1211085569248368
Queue-load-0.45,0.45,4,4,32,452,806,EGM,35,35.0,0.0,0.4784039000000462,-0.19824016925775592,0.32893542771588585,0.1972650393289599,3.552713678800501e-15,0.2010751820370341,2.4343946334442395,0.12079878462379565
Queue-load-0.45,0.45,4,4,32,452,806,EGM,40,40.0,0.0,0.5394686000000206,-0.20578775035203858,0.3277224676572116,0.19459465595103015,2.6645352591003757e-15,0.19634445054325314,2.4535611246045916,0.1245207534249263
Queue-load-0.45,0.45,4,4,32,452,806,EGM,45,45.0,0.0,0.5969610000000216,-0.21370899619997177,0.3254992484803434,0.18740121763419554,2.6645352591003757e-15,0.1914136965197568,2.474997898134283,0.12832325621001822
Queue-load-0.45,0.45,4,4,32,452,806,EGM,50,50.0,0.0,0.6520909000000188,-0.21976164513793883,0.320160317123533,0.177744461304187,4.440892098500626e-15,0.1874304047770948,2.4920991439425855,0.1314064823838215
Queue-load-0.45,0.45,4,4,32,452,806,EGM,55,55.0,0.0,0.7080262000000062,-0.22417355813369472,0.3120352649808952,0.16807642017052435,3.552713678800501e-15,0.18435106805710408,2.5051603462696708,0.13379838740238717
Queue-load-0.45,0.45,4,4,32,452,806,EGM,60,60.0,0.0,0.761098200000049,-0.22731764162291015,0.301668748517183,0.15998347761598156,3.552713678800501e-15,0.1820224528503097,2.514946517308957,0.1356119409755342
Queue-load-0.45,0.45,4,4,32,452,806,PPM-3,0,0.0,0.0,5.999999984851456e-06,-0.2972873443239575,0.44644054564310764,0.15379775329425546,4.440892098500626e-15,0.1523591933938247,2.632853781209262,0.15906955496358327
Queue-load-0.45,0.45,4,4,32,452,806,PPM-3,5,15.0,0.0,0.08777589999999691,-0.2804687093778823,0.431298951842349,0.15895453298456363,3.552713678800501e-15,0.16116951766060247,2.600936146475553,0.15193910620910603
Queue-load-0.45,0.45,4,4,32,452,806,PPM-3,10,30.0,0.0,0.1786338999999657,-0.2627690389457064,0.41397552956428907,0.1653409249012727,3.552713678800501e-15,0.17022112152973792,2.564668434575127,0.1447963292820981
Queue-load-0.45,0.45,4,4,32,452,806,PPM-3,15,45.0,0.0,0.26412410000000364,-0.246981607721284,0.3971654582084136,0.17291420156267162,3.552713678800501e-15,0.1780451254264984,2.5295467639329092,0.13882083436650716
Queue-load-0.45,0.45,4,4,32,452,806,PPM-3,20,60.0,0.0,0.368028699999968,-0.22997324394283755,0.377645980016323,0.1811929432391247,3.552713678800501e-15,0.18642470648385942,2.493139253003809,0.13235743809488806
Queue-load-0.45,0.45,4,4,32,452,806,PPM-3,25,75.0,0.0,0.46807639999997264,-0.21272382824015024,0.3563257473297472,0.18910035275815315,3.552713678800501e-15,0.19477016992097113,2.456705394962611,0.12592954613362856
Queue-load-0.45,0.45,4,4,32,452,806,PPM-3,30,90.0,0.0,0.5545405999999957,-0.20028124020933974,0.3382153348137763,0.19503923893859684,3.552713678800501e-15,0.2007255501037381,2.4352991208722967,0.12110081195561513
Queue-load-0.45,0.45,4,4,32,452,806,PPM-3,35,105.0,0.0,0.6370233999999755,-0.1982215685731822,0.32890509084863767,0.1972586336299909,2.6645352591003757e-15,0.20108391588401875,2.4343507559531816,0.12079236011844545
Queue-load-0.45,0.45,4,4,32,452,806,PPM-3,40,120.0,0.0,0.7180676999999491,-0.20577660896394107,0.3277021208665616,0.19458508311444236,2.6645352591003757e-15,0.19634978827727173,2.45353751703527,0.12451665819455611
Queue-load-0.45,0.45,4,4,32,452,806,PPM-3,45,135.0,0.0,0.7973760999999513,-0.21369847839472644,0.3254831309977485,0.18739078891146568,2.6645352591003757e-15,0.19141885539533837,2.4749761051255588,0.12831924433489567
Queue-load-0.45,0.45,4,4,32,452,806,PPM-3,50,150.0,0.0,0.8778471999999624,-0.21975277255229245,0.32014935238749664,0.17773489959582667,3.552713678800501e-15,0.18743471107305476,2.492081498428037,0.13140310479915399
Queue-load-0.45,0.45,4,4,32,452,806,PPM-3,55,165.0,0.0,0.9554569000000015,-0.22416650590320714,0.31202855851391215,0.16806804106823517,3.552713678800501e-15,0.18435431991199142,2.5051474409135763,0.13379581477676739
Queue-load-0.45,0.45,4,4,32,452,806,PPM-3,60,180.0,0.0,1.0380949999999984,-0.2273119514745508,0.30166381680355514,0.1599767138939114,3.552713678800501e-15,0.18202486804909068,2.5149372618820673,0.13561001290448474
Queue-load-0.45,0.45,4,4,32,452,807,QP+G,0,0.0,0.0,9.499999976014806e-06,-0.26500628189685665,0.4172644144593225,0.20374144996115073,3.552713678800501e-15,0.1676435731864128,2.56798713117474,0.14719920938333794
Queue-load-0.45,0.45,4,4,32,452,807,QP+G,5,5.0,5.0,0.5174387000000138,-0.2453057102327978,0.3917197292327258,0.21263732158356388,3.552713678800501e-15,0.17755718206591822,2.526088169757789,0.13949080899946165
Queue-load-0.45,0.45,4,4,32,452,807,QP+G,10,10.0,10.0,1.0084534000000076,-0.23600532081388848,0.3743258787089817,0.2174870163680698,3.552713678800501e-15,0.18210370571105108,2.5092486320562593,0.13583057681230407
Queue-load-0.45,0.45,4,4,32,452,807,QP+G,15,15.0,15.0,1.4576902000000018,-0.23449508514539716,0.3639085126146866,0.21691685826607912,5.329070518200751e-15,0.18256006064078217,2.510872545359854,0.1352887527613312
Queue-load-0.45,0.45,4,4,32,452,807,QP+G,20,20.0,20.0,1.9230870000000095,-0.235935875283893,0.3529622230266188,0.21062968946963528,3.552713678800501e-15,0.18129588988804657,2.5177285077485876,0.1361920833883436
Queue-load-0.45,0.45,4,4,32,452,807,QP+G,25,25.0,25.0,2.4088851000000204,-0.23746791467081416,0.3387314941926446,0.19997728233133186,3.552713678800501e-15,0.1798764823860219,2.5235784842411086,0.13730359739076203
Queue-load-0.45,0.45,4,4,32,452,807,QP+G,30,30.0,30.0,2.9314813999999956,-0.2380156739009182,0.32215331347088816,0.18784698307995096,5.329070518200751e-15,0.17897603496258857,2.527339127571803,0.1380061162178429
Queue-load-0.45,0.45,4,4,32,452,807,QP+G,35,35.0,35.0,3.4819929999999886,-0.23773606504537032,0.304135978837549,0.17644723957375374,3.552713678800501e-15,0.1785318314435244,2.529184580204866,0.13835319065095672
Queue-load-0.45,0.45,4,4,32,452,807,QP+G,40,40.0,40.0,4.002264400000001,-0.23712694536582343,0.285947856183669,0.1664951935196356,4.440892098500626e-15,0.17826389488275235,2.53041930447156,0.13855614172400788
Queue-load-0.45,0.45,4,4,32,452,807,QP+G,45,45.0,45.0,4.521242499999971,-0.23607490835909925,0.2678472447501769,0.1584667516363031,4.440892098500626e-15,0.17832094705442278,2.5304554583199264,0.1384971867182127
Queue-load-0.45,0.45,4,4,32,452,807,QP+G,50,50.0,50.0,5.104268999999988,-0.23477605510013577,0.25029043563128284,0.151991683274943,5.329070518200751e-15,0.17858398598985345,2.5294917478065284,0.13828486938875006
Queue-load-0.45,0.45,4,4,32,452,807,QP+G,55,55.0,55.0,5.623491099999967,-0.23323650812242022,0.23675921753179713,0.14656102311942729,5.329070518200751e-15,0.17904673814663538,2.527771068519997,0.13791267929968093
Queue-load-0.45,0.45,4,4,32,452,807,QP+G,60,60.0,60.0,6.132511099999988,-0.2316120323404461,0.22552698043137984,0.14172276601425202,4.440892098500626e-15,0.17961535222063107,2.525677785620253,0.13745423800988207
Queue-load-0.45,0.45,4,4,32,452,807,noG,0,0.0,0.0,5.399999963628943e-06,-0.26500628189685665,0.4172644144593225,0.20374144996115073,3.552713678800501e-15,0.1676435731864128,2.56798713117474,0.14719920938333794
Queue-load-0.45,0.45,4,4,32,452,807,noG,5,5.0,0.0,0.22959400000002006,-0.24623467282686398,0.3947153386336622,0.21242472971651002,3.552713678800501e-15,0.1771004676276901,2.527971128788953,0.13984842033078626
Queue-load-0.45,0.45,4,4,32,452,807,noG,10,10.0,0.0,0.4537224999999694,-0.23620828566409016,0.3786222322816098,0.21735172583929735,2.6645352591003757e-15,0.18200758643615592,2.5090350776334356,0.13593793579366378
Queue-load-0.45,0.45,4,4,32,452,807,noG,15,15.0,0.0,0.6791524999999865,-0.234211198072435,0.3680446763269615,0.21730411453944415,3.552713678800501e-15,0.1826788001352832,2.5087098898609757,0.13528383724045523
Queue-load-0.45,0.45,4,4,32,452,807,noG,20,20.0,0.0,0.9131995999999845,-0.23507811744432117,0.3577453637118506,0.21214009613236345,2.6645352591003757e-15,0.18176133092236565,2.5153602636281844,0.13585128678141442
Queue-load-0.45,0.45,4,4,32,452,807,noG,25,25.0,0.0,1.1433741000000168,-0.23733818952315566,0.34639629744782197,0.20269575593522077,7.105427357601002e-15,0.17991431587669382,2.5229725527517046,0.13729765503111147
Queue-load-0.45,0.45,4,4,32,452,807,noG,30,30.0,0.0,1.3726740000000177,-0.23859589880006316,0.3319698724473734,0.19091055009725627,3.552713678800501e-15,0.17855980217465126,2.5285070825204907,0.13836087769269126
Queue-load-0.45,0.45,4,4,32,452,807,noG,35,35.0,0.0,1.6017390000000091,-0.2388885851448939,0.31504874600669747,0.17922059714982913,3.552713678800501e-15,0.17774402482754076,2.5318802767102135,0.1389991185035012
Queue-load-0.45,0.45,4,4,32,452,807,noG,40,40.0,0.0,1.8389118000000053,-0.23834851299389118,0.29638053170364054,0.16912181093292838,6.217248937900877e-15,0.17744167144318584,2.5332469979587557,0.1392295391905636
Queue-load-0.45,0.45,4,4,32,452,807,noG,45,45.0,0.0,2.0696135999999683,-0.23720928635239916,0.2776714337469076,0.16088180894004403,3.552713678800501e-15,0.17754508690464438,2.5330573027671526,0.13913610768655846
Queue-load-0.45,0.45,4,4,32,452,807,noG,50,50.0,0.0,2.3026878999999667,-0.2358291996689792,0.2596150363627201,0.15417935635070512,3.552713678800501e-15,0.1778643668768622,2.532101781953344,0.1388671182834885
Queue-load-0.45,0.45,4,4,32,452,807,noG,55,55.0,0.0,2.531528900000012,-0.23431831625627225,0.24533727747788445,0.1485706931265069,3.552713678800501e-15,0.1783168365513258,2.530437600540882,0.13850223710441734
Queue-load-0.45,0.45,4,4,32,452,807,noG,60,60.0,0.0,2.762433299999998,-0.2327014937153446,0.23374464326981084,0.14365068807968084,2.6645352591003757e-15,0.17888708800970457,2.528376054918403,0.13804048804722172
Queue-load-0.45,0.45,4,4,32,452,807,GDA,0,0.0,0.0,6.000000041694875e-06,-0.26500628189685665,0.4172644144593225,0.20374144996115073,3.552713678800501e-15,0.1676435731864128,2.56798713117474,0.14719920938333794
Queue-load-0.45,0.45,4,4,32,452,807,GDA,5,5.0,0.0,0.03863780000000361,-0.24623467282686398,0.3947153386336622,0.21242472971651002,3.552713678800501e-15,0.1771004676276901,2.527971128788953,0.13984842033078626
Queue-load-0.45,0.45,4,4,32,452,807,GDA,10,10.0,0.0,0.07549230000000762,-0.23620828566409016,0.3786222322816098,0.21735172583929735,2.6645352591003757e-15,0.18200758643615592,2.5090350776334356,0.13593793579366378
Queue-load-0.45,0.45,4,4,32,452,807,GDA,15,15.0,0.0,0.11330250000003161,-0.234211198072435,0.3680446763269615,0.21730411453944415,3.552713678800501e-15,0.1826788001352832,2.5087098898609757,0.13528383724045523
Queue-load-0.45,0.45,4,4,32,452,807,GDA,20,20.0,0.0,0.15057039999999233,-0.23507811744432117,0.3577453637118506,0.21214009613236345,2.6645352591003757e-15,0.18176133092236565,2.5153602636281844,0.13585128678141442
Queue-load-0.45,0.45,4,4,32,452,807,GDA,25,25.0,0.0,0.18795180000000755,-0.23733818952315566,0.34639629744782197,0.20269575593522077,7.105427357601002e-15,0.17991431587669382,2.5229725527517046,0.13729765503111147
Queue-load-0.45,0.45,4,4,32,452,807,GDA,30,30.0,0.0,0.22455050000002075,-0.23859589880006316,0.3319698724473734,0.19091055009725627,3.552713678800501e-15,0.17855980217465126,2.5285070825204907,0.13836087769269126
Queue-load-0.45,0.45,4,4,32,452,807,GDA,35,35.0,0.0,0.25997200000000475,-0.2388885851448939,0.31504874600669747,0.17922059714982913,3.552713678800501e-15,0.17774402482754076,2.5318802767102135,0.1389991185035012
Queue-load-0.45,0.45,4,4,32,452,807,GDA,40,40.0,0.0,0.2968091000000186,-0.23834851299389118,0.29638053170364054,0.16912181093292838,6.217248937900877e-15,0.17744167144318584,2.5332469979587557,0.1392295391905636
Queue-load-0.45,0.45,4,4,32,452,807,GDA,45,45.0,0.0,0.33226999999999407,-0.23720928635239916,0.2776714337469076,0.16088180894004403,3.552713678800501e-15,0.17754508690464438,2.5330573027671526,0.13913610768655846
Queue-load-0.45,0.45,4,4,32,452,807,GDA,50,50.0,0.0,0.3675723000000062,-0.2358291996689792,0.2596150363627201,0.15417935635070512,3.552713678800501e-15,0.1778643668768622,2.532101781953344,0.1388671182834885
Queue-load-0.45,0.45,4,4,32,452,807,GDA,55,55.0,0.0,0.40498050000002195,-0.23431831625627225,0.24533727747788445,0.1485706931265069,3.552713678800501e-15,0.1783168365513258,2.530437600540882,0.13850223710441734
Queue-load-0.45,0.45,4,4,32,452,807,GDA,60,60.0,0.0,0.4422623000000385,-0.2327014937153446,0.23374464326981084,0.14365068807968084,2.6645352591003757e-15,0.17888708800970457,2.528376054918403,0.13804048804722172
Queue-load-0.45,0.45,4,4,32,452,807,EGM,0,0.0,0.0,9.199999965403549e-06,-0.26500628189685665,0.4172644144593225,0.20374144996115073,3.552713678800501e-15,0.1676435731864128,2.56798713117474,0.14719920938333794
Queue-load-0.45,0.45,4,4,32,452,807,EGM,5,5.0,0.0,0.04875699999996641,-0.24604910887929896,0.3940895101322771,0.2124673325571625,3.552713678800501e-15,0.17719164010903754,2.5275960673942595,0.13977698792284354
Queue-load-0.45,0.45,4,4,32,452,807,EGM,10,10.0,0.0,0.09787499999998772,-0.23615084431649325,0.37760133191886813,0.21738941810865037,5.329070518200751e-15,0.18203526060945152,2.5090300834548245,0.1359105244718739
Queue-load-0.45,0.45,4,4,32,452,807,EGM,15,15.0,0.0,0.14678720000000567,-0.2342546378817979,0.3665484724405771,0.21722673598107026,3.552713678800501e-15,0.18267276696905985,2.509247671466468,0.13526156611165246
Queue-load-0.45,0.45,4,4,32,452,807,EGM,20,20.0,0.0,0.19665229999998246,-0.23532437143367438,0.3558812525562767,0.21174646947900175,3.552713678800501e-15,0.1816405853010011,2.5160364457374196,0.13593644387071366
Queue-load-0.45,0.45,4,4,32,452,807,EGM,25,25.0,0.0,0.24507210000001578,-0.23735593923039938,0.3438211059921564,0.20188773811242258,3.552713678800501e-15,0.17991859249461215,2.5230962509904535,0.1372868679795749
Queue-load-0.45,0.45,4,4,32,452,807,EGM,30,30.0,0.0,0.29376259999997956,-0.23842349699256524,0.3288776662781998,0.18989048927201302,5.329070518200751e-15,0.17867843267286948,2.528167720480165,0.13826010835449012
Queue-load-0.45,0.45,4,4,32,452,807,EGM,35,35.0,0.0,0.3427262000000155,-0.23856038213475642,0.3116595208866213,0.17824313865640182,2.6645352591003757e-15,0.17796397934996927,2.53113934634036,0.1388181603163273
Queue-load-0.45,0.45,4,4,32,452,807,EGM,40,40.0,0.0,0.3936974999999734,-0.23792017265913756,0.2929116741978173,0.16829173109494433,3.552713678800501e-15,0.17773299408251245,2.532224544996332,0.13899202986504888
Queue-load-0.45,0.45,4,4,32,452,807,EGM,45,45.0,0.0,0.44290890000002037,-0.23673479014731413,0.27429650021917046,0.16021494730238214,3.552713678800501e-15,0.17787623627060642,2.531897283391584,0.13886601197194198
Queue-load-0.45,0.45,4,4,32,452,807,EGM,50,50.0,0.0,0.4924088000000211,-0.23537544588123605,0.2563257794861767,0.153662665495372,2.6645352591003757e-15,0.17819264759862538,2.5308966982034677,0.1386022630222448
Queue-load-0.45,0.45,4,4,32,452,807,EGM,55,55.0,0.0,0.5418200999999954,-0.23383522387171404,0.24212770455458962,0.14816972866452185,3.552713678800501e-15,0.1786662957479823,2.52913751148697,0.13822120364744056
Queue-load-0.45,0.45,4,4,32,452,807,EGM,60,60.0,0.0,0.5913742000000184,-0.23220823050318826,0.23058688534452104,0.14331671323876863,5.329070518200751e-15,0.17924586080471167,2.527037073743809,0.1377521879456144
Queue-load-0.45,0.45,4,4,32,452,807,PPM-3,0,0.0,0.0,5.200000032345997e-06,-0.26500628189685665,0.4172644144593225,0.20374144996115073,3.552713678800501e-15,0.1676435731864128,2.56798713117474,0.14719920938333794
Queue-load-0.45,0.45,4,4,32,452,807,PPM-3,5,15.0,0.0,0.07373680000000604,-0.24604060210532727,0.3940756313281918,0.21247034692030428,3.552713678800501e-15,0.17719607072650537,2.5275790495388546,0.13977345298197563
Queue-load-0.45,0.45,4,4,32,452,807,PPM-3,10,30.0,0.0,0.14750500000002376,-0.23614036111344236,0.377581841749443,0.21739398804222704,3.552713678800501e-15,0.18204083181621036,2.5090086753530287,0.13590608000731463
Queue-load-0.45,0.45,4,4,32,452,807,PPM-3,15,45.0,0.0,0.22147360000002436,-0.2342403930105688,0.36652442563428667,0.2172267248350926,3.552713678800501e-15,0.18268041568019086,2.5092192508261597,0.13525541322369564
Queue-load-0.45,0.45,4,4,32,452,807,PPM-3,20,60.0,0.0,0.29920550000002777,-0.23531030480179285,0.3558604359661227,0.21173540916002015,2.6645352591003757e-15,0.18164788152086717,2.516004463245205,0.13593083093991204
Queue-load-0.45,0.45,4,4,32,452,807,PPM-3,25,75.0,0.0,0.37638710000004494,-0.23734285936519342,0.343808319727371,0.20186981277476224,2.6645352591003757e-15,0.17992524771402116,2.5230664136625194,0.13728178314584635
Queue-load-0.45,0.45,4,4,32,452,807,PPM-3,30,90.0,0.0,0.4544038000000228,-0.2384124241558845,0.3288756943299585,0.1898757278047568,3.552713678800501e-15,0.178683868582727,2.5281419694815823,0.13825602776034798
Queue-load-0.45,0.45,4,4,32,452,807,PPM-3,35,105.0,0.0,0.5303238000000192,-0.2385526679699519,0.31166792019745404,0.17823601580608991,3.552713678800501e-15,0.17796747300500362,2.531121273448391,0.13881561786613306
Queue-load-0.45,0.45,4,4,32,452,807,PPM-3,40,120.0,0.0,0.604401600000017,-0.23791506907651905,0.29292468436535,0.16829215591189045,3.552713678800501e-15,0.17773489675653475,2.5322125064285714,0.13899076079985617
Queue-load-0.45,0.45,4,4,32,452,807,PPM-3,45,135.0,0.0,0.6797450000000254,-0.23673126654016605,0.2743078171398287,0.1602214940641748,5.329070518200751e-15,0.177877099110878,2.531888664777516,0.1388656027429376
Queue-load-0.45,0.45,4,4,32,452,807,PPM-3,50,150.0,0.0,0.7564149000000384,-0.2353719750027988,0.2563306566140997,0.1536735126181109,3.552713678800501e-15,0.1781934079504716,2.530889714621609,0.13860187022733877
Queue-load-0.45,0.45,4,4,32,452,807,PPM-3,55,165.0,0.0,0.8331723000000011,-0.2338328432830131,0.24210849152117378,0.14818304769786353,3.552713678800501e-15,0.1786664310703878,2.529133154575456,0.13822129763616758
Queue-load-0.45,0.45,4,4,32,452,807,PPM-3,60,180.0,0.0,0.9079296000000454,-0.2322056451624748,0.23056398405170736,0.14333093105862782,3.552713678800501e-15,0.17924602751946328,2.5270316088363227,0.1377523088575726
Queue-load-0.45,0.45,4,4,32,452,808,QP+G,0,0.0,0.0,4.199999978027336e-06,-0.28426969124046547,0.46269455166831186,0.18230961979004612,3.552713678800501e-15,0.1584576246249713,2.606776263309569,0.15434362467452586
Queue-load-0.45,0.45,4,4,32,452,808,QP+G,5,5.0,5.0,0.47772079999998596,-0.27191947255287824,0.4489261085644353,0.18497860433908395,3.552713678800501e-15,0.16498942236582645,2.5822961064902983,0.14910025623994821
Queue-load-0.45,0.45,4,4,32,452,808,QP+G,10,10.0,10.0,0.9656980999999973,-0.2614943226430967,0.4346048685868209,0.18842392431710198,3.552713678800501e-15,0.1704225946488712,2.5616276796144413,0.14475489589773768
Queue-load-0.45,0.45,4,4,32,452,808,QP+G,15,15.0,15.0,1.4525903999999628,-0.2511676087007681,0.4176054491910464,0.19153169479543747,3.552713678800501e-15,0.17562701720156276,2.540538403262345,0.14066043525831418
Queue-load-0.45,0.45,4,4,32,452,808,QP+G,20,20.0,20.0,1.9302452999999673,-0.24301388349683575,0.3998474992483261,0.19272581149129991,3.552713678800501e-15,0.17950560028040757,2.5228562975313724,0.13771248932320485
Queue-load-0.45,0.45,4,4,32,452,808,QP+G,25,25.0,25.0,2.411694099999977,-0.2376909317320235,0.3820694288968852,0.1910425536494736,3.552713678800501e-15,0.18184736336728433,2.512319852590994,0.13592527597003226
Queue-load-0.45,0.45,4,4,32,452,808,QP+G,30,30.0,30.0,2.8920744000000127,-0.23434708956110487,0.3637289362016312,0.18681293887641878,2.6645352591003757e-15,0.18316674476509248,2.5075305863199278,0.1348579612180696
Queue-load-0.45,0.45,4,4,32,452,808,QP+G,35,35.0,35.0,3.435134299999959,-0.23338895562217551,0.34566820304440626,0.18111424227162604,3.552713678800501e-15,0.18327836733744454,2.508894949366915,0.13467453006429703
Queue-load-0.45,0.45,4,4,32,452,808,QP+G,40,40.0,40.0,3.9270103000000063,-0.2330017981392641,0.3265432598498559,0.17487979478949925,3.552713678800501e-15,0.18307678814351522,2.511152118458622,0.13475731088497855
Queue-load-0.45,0.45,4,4,32,452,808,QP+G,45,45.0,45.0,4.40231799999998,-0.23279933690828336,0.30644988760611186,0.16856723585819486,2.6645352591003757e-15,0.18277760586765124,2.513458148330879,0.13493512316756553
Queue-load-0.45,0.45,4,4,32,452,808,QP+G,50,50.0,50.0,4.890393899999992,-0.2328240717141613,0.2861908815633414,0.1622572806791941,3.552713678800501e-15,0.18235262644171985,2.5153682329465368,0.13525957182425208
Queue-load-0.45,0.45,4,4,32,452,808,QP+G,55,55.0,55.0,5.426969600000007,-0.23268306383504475,0.2660891014454661,0.1558519768331261,4.440892098500626e-15,0.18205396072093094,2.516881172488389,0.13547860914810136
Queue-load-0.45,0.45,4,4,32,452,808,QP+G,60,60.0,60.0,5.948395699999992,-0.23239250872007883,0.24934210474907714,0.14924404616771694,3.552713678800501e-15,0.18187530502708493,2.5179376517860796,0.13560166066838472
Queue-load-0.45,0.45,4,4,32,452,808,noG,0,0.0,0.0,5.600000008598727e-06,-0.28426969124046547,0.46269455166831186,0.18230961979004612,3.552713678800501e-15,0.1584576246249713,2.606776263309569,0.15434362467452586
Queue-load-0.45,0.45,4,4,32,452,808,noG,5,5.0,0.0,0.22683940000001712,-0.2732647789331348,0.45200559125304884,0.18455894016563706,5.329070518200751e-15,0.16429650086179115,2.584887284499624,0.14965679995401882
Queue-load-0.45,0.45,4,4,32,452,808,noG,10,10.0,0.0,0.4507523000000333,-0.2639585739341774,0.44101282007834886,0.18784742819051387,2.6645352591003757e-15,0.16918538868858782,2.56674091956791,0.14572298396573338
Queue-load-0.45,0.45,4,4,32,452,808,noG,15,15.0,0.0,0.6754108000000087,-0.25444678202559523,0.42748559540009723,0.19161284292423772,3.552713678800501e-15,0.17401035166484005,2.5473025740486324,0.14192109180628495
Queue-load-0.45,0.45,4,4,32,452,808,noG,20,20.0,0.0,0.9052265000000261,-0.24574042952342268,0.41212950352460853,0.1945466570163861,3.552713678800501e-15,0.1782249809993478,2.528569540330772,0.1386924116148227
Queue-load-0.45,0.45,4,4,32,452,808,noG,25,25.0,0.0,1.1359471000000099,-0.23967981724584306,0.3965678693642848,0.19515083782297737,4.440892098500626e-15,0.1809417446392948,2.515833505401051,0.1366459656027556
Queue-load-0.45,0.45,4,4,32,452,808,noG,30,30.0,0.0,1.358020300000021,-0.235868758705586,0.38036614295016596,0.19278407115315058,2.6645352591003757e-15,0.18248382831551155,2.5099129143086616,0.13541549198403283
Queue-load-0.45,0.45,4,4,32,452,808,noG,35,35.0,0.0,1.5852356999999984,-0.2343599094100225,0.3637703910667389,0.18811542718742472,3.552713678800501e-15,0.18281843007972365,2.5100416365186766,0.13507411536666225
Queue-load-0.45,0.45,4,4,32,452,808,noG,40,40.0,0.0,1.8102875000000154,-0.23421771975819297,0.3462351326141143,0.182361653378624,2.6645352591003757e-15,0.18242975370209843,2.513218742317524,0.13529557564961153
Queue-load-0.45,0.45,4,4,32,452,808,noG,45,45.0,0.0,2.0376792000000137,-0.23445147283799472,0.3272638541353515,0.1763756422310611,3.552713678800501e-15,0.1818410415321802,2.5169181520649078,0.13568958204335108
Queue-load-0.45,0.45,4,4,32,452,808,noG,50,50.0,0.0,2.27265060000002,-0.23484686957112552,0.30716754694699,0.17044756707038866,3.552713678800501e-15,0.1811689866282016,2.520320331066436,0.13618257489461771
Queue-load-0.45,0.45,4,4,32,452,808,noG,55,55.0,0.0,2.571724099999983,-0.235290064459733,0.28681793297368463,0.16451656908999404,3.552713678800501e-15,0.1804896601379776,2.523333988442522,0.13670328783873198
Queue-load-0.45,0.45,4,4,32,452,808,noG,60,60.0,0.0,2.8744573000000173,-0.23562110776404846,0.2670002794615466,0.15839522500069383,5.329070518200751e-15,0.1799174930180212,2.5260586343885563,0.13713205254047606
Queue-load-0.45,0.45,4,4,32,452,808,GDA,0,0.0,0.0,6.600000006073969e-06,-0.28426969124046547,0.46269455166831186,0.18230961979004612,3.552713678800501e-15,0.1584576246249713,2.606776263309569,0.15434362467452586
Queue-load-0.45,0.45,4,4,32,452,808,GDA,5,5.0,0.0,0.051691100000027745,-0.2732647789331348,0.45200559125304884,0.18455894016563706,5.329070518200751e-15,0.16429650086179115,2.584887284499624,0.14965679995401882
Queue-load-0.45,0.45,4,4,32,452,808,GDA,10,10.0,0.0,0.09889110000000301,-0.2639585739341774,0.44101282007834886,0.18784742819051387,2.6645352591003757e-15,0.16918538868858782,2.56674091956791,0.14572298396573338
Queue-load-0.45,0.45,4,4,32,452,808,GDA,15,15.0,0.0,0.14597600000001876,-0.25444678202559523,0.42748559540009723,0.19161284292423772,3.552713678800501e-15,0.17401035166484005,2.5473025740486324,0.14192109180628495
Queue-load-0.45,0.45,4,4,32,452,808,GDA,20,20.0,0.0,0.1887677999999937,-0.24574042952342268,0.41212950352460853,0.1945466570163861,3.552713678800501e-15,0.1782249809993478,2.528569540330772,0.1386924116148227
Queue-load-0.45,0.45,4,4,32,452,808,GDA,25,25.0,0.0,0.2332241999999951,-0.23967981724584306,0.3965678693642848,0.19515083782297737,4.440892098500626e-15,0.1809417446392948,2.515833505401051,0.1366459656027556
Queue-load-0.45,0.45,4,4,32,452,808,GDA,30,30.0,0.0,0.2801079000000186,-0.235868758705586,0.38036614295016596,0.19278407115315058,2.6645352591003757e-15,0.18248382831551155,2.5099129143086616,0.13541549198403283
Queue-load-0.45,0.45,4,4,32,452,808,GDA,35,35.0,0.0,0.32502690000001166,-0.2343599094100225,0.3637703910667389,0.18811542718742472,3.552713678800501e-15,0.18281843007972365,2.5100416365186766,0.13507411536666225
Queue-load-0.45,0.45,4,4,32,452,808,GDA,40,40.0,0.0,0.3667915999999991,-0.23421771975819297,0.3462351326141143,0.182361653378624,2.6645352591003757e-15,0.18242975370209843,2.513218742317524,0.13529557564961153
Queue-load-0.45,0.45,4,4,32,452,808,GDA,45,45.0,0.0,0.4131014000000164,-0.23445147283799472,0.3272638541353515,0.1763756422310611,3.552713678800501e-15,0.1818410415321802,2.5169181520649078,0.13568958204335108
Queue-load-0.45,0.45,4,4,32,452,808,GDA,50,50.0,0.0,0.458494700000017,-0.23484686957112552,0.30716754694699,0.17044756707038866,3.552713678800501e-15,0.1811689866282016,2.520320331066436,0.13618257489461771
Queue-load-0.45,0.45,4,4,32,452,808,GDA,55,55.0,0.0,0.5086048000000005,-0.235290064459733,0.28681793297368463,0.16451656908999404,3.552713678800501e-15,0.1804896601379776,2.523333988442522,0.13670328783873198
Queue-load-0.45,0.45,4,4,32,452,808,GDA,60,60.0,0.0,0.5584893000000193,-0.23562110776404846,0.2670002794615466,0.15839522500069383,5.329070518200751e-15,0.1799174930180212,2.5260586343885563,0.13713205254047606
Queue-load-0.45,0.45,4,4,32,452,808,EGM,0,0.0,0.0,9.099999999762076e-06,-0.28426969124046547,0.46269455166831186,0.18230961979004612,3.552713678800501e-15,0.1584576246249713,2.606776263309569,0.15434362467452586
Queue-load-0.45,0.45,4,4,32,452,808,EGM,5,5.0,0.0,0.07438339999998789,-0.2729760456669401,0.4513461524567792,0.18464769063132336,5.329070518200751e-15,0.16444425644745408,2.584317162199124,0.14953905080522398
Queue-load-0.45,0.45,4,4,32,452,808,EGM,10,10.0,0.0,0.1465787000000205,-0.263435812353023,0.4396525780347505,0.1879727471950771,3.552713678800501e-15,0.1694483711232392,2.565652964482622,0.14551726232504436
Queue-load-0.45,0.45,4,4,32,452,808,EGM,15,15.0,0.0,0.22850610000000415,-0.25366897373634084,0.42531037147383055,0.1916091519950732,3.552713678800501e-15,0.17440193546968707,2.545778253480415,0.1416097353997651
Queue-load-0.45,0.45,4,4,32,452,808,EGM,20,20.0,0.0,0.30585450000000947,-0.2450636502670775,0.4094260528161203,0.19417575430215497,3.552713678800501e-15,0.17854309641585772,2.52711983930147,0.13845059625248657
Queue-load-0.45,0.45,4,4,32,452,808,EGM,25,25.0,0.0,0.38042500000000246,-0.23915863742801577,0.3933768152158441,0.194264794446452,4.440892098500626e-15,0.1811868748513964,2.514917556135549,0.13644904324673293
Queue-load-0.45,0.45,4,4,32,452,808,EGM,30,30.0,0.0,0.4574215000000095,-0.2354966133733129,0.376743331810109,0.19146101963066556,3.552713678800501e-15,0.18265367399048896,2.5093316142330697,0.1352762410498764
Queue-load-0.45,0.45,4,4,32,452,808,EGM,35,35.0,0.0,0.5255857999999876,-0.234108812744538,0.35981289459788385,0.1865602014821279,3.552713678800501e-15,0.18293806056056547,2.509706045218068,0.13497214758585252
Queue-load-0.45,0.45,4,4,32,452,808,EGM,40,40.0,0.0,0.5968503999999939,-0.23391903545432824,0.3419226069107293,0.18072204096754138,3.552713678800501e-15,0.18258828200998678,2.5127102542467585,0.13516380987176332
Queue-load-0.45,0.45,4,4,32,452,808,EGM,45,45.0,0.0,0.6664309999999887,-0.23408599161739446,0.3227182062640426,0.17469882117841462,5.329070518200751e-15,0.18204828016750224,2.5161602088254678,0.13552223515747314
Queue-load-0.45,0.45,4,4,32,452,808,EGM,50,50.0,0.0,0.7291994000000273,-0.23441726579556343,0.30257194332920523,0.16872445698172742,3.552713678800501e-15,0.18142105873286227,2.519271898324429,0.13598568346058917
Queue-load-0.45,0.45,4,4,32,452,808,EGM,55,55.0,0.0,0.7889561000000072,-0.2347459753599389,0.28223119114594497,0.16272097396401303,3.552713678800501e-15,0.18081740018656442,2.521982171236942,0.13644669606412319
Queue-load-0.45,0.45,4,4,32,452,808,EGM,60,60.0,0.0,0.8479241000000002,-0.2349636423352233,0.2630786907478414,0.15650771136441316,4.440892098500626e-15,0.18031950658267354,2.524402829666515,0.13681718659277337
Queue-load-0.45,0.45,4,4,32,452,808,PPM-3,0,0.0,0.0,5.600000008598727e-06,-0.28426969124046547,0.46269455166831186,0.18230961979004612,3.552713678800501e-15,0.1584576246249713,2.606776263309569,0.15434362467452586
Queue-load-0.45,0.45,4,4,32,452,808,PPM-3,5,15.0,0.0,0.0904077000000143,-0.2729731257437572,0.4513374086876214,0.18464649745829373,5.329070518200751e-15,0.164445788347284,2.5843112260175114,0.1495378313360051
Queue-load-0.45,0.45,4,4,32,452,808,PPM-3,10,30.0,0.0,0.17551259999999047,-0.26343136557636393,0.439637148199951,0.1879676593858461,3.552713678800501e-15,0.16945061475635984,2.5656432165931737,0.14551553173873696
Queue-load-0.45,0.45,4,4,32,452,808,PPM-3,15,45.0,0.0,0.2569929000000002,-0.2536647550699789,0.4252917026777344,0.19159757627788754,3.552713678800501e-15,0.1744039576738153,2.5457681862493575,0.14160824304990338
Queue-load-0.45,0.45,4,4,32,452,808,PPM-3,20,60.0,0.0,0.33796110000002955,-0.24505827293592222,0.4094060244890991,0.19415791930979756,3.552713678800501e-15,0.17854581786319865,2.5271086700307874,0.13844846266149688
Queue-load-0.45,0.45,4,4,32,452,808,PPM-3,25,75.0,0.0,0.4180789000000118,-0.23915161801749546,0.3933594563811291,0.19424581759406281,3.552713678800501e-15,0.18119042867965968,2.5148983748148823,0.13644649896166305
Queue-load-0.45,0.45,4,4,32,452,808,PPM-3,30,90.0,0.0,0.4989894999999933,-0.2354836189030195,0.37672833591934096,0.19144699800167278,3.552713678800501e-15,0.18266051461829594,2.509297497583272,0.13527119603521667
Queue-load-0.45,0.45,4,4,32,452,808,PPM-3,35,105.0,0.0,0.5756790000000365,-0.23409288421180924,0.3598050380569705,0.18655282205333812,4.440892098500626e-15,0.18294653478956824,2.50966296550552,0.1349659407101414
Queue-load-0.45,0.45,4,4,32,452,808,PPM-3,40,120.0,0.0,0.6514819000000216,-0.23389900217028228,0.3419200902133829,0.18071951746143045,2.6645352591003757e-15,0.18259916577768295,2.512661805407762,0.13515547604296105
Queue-load-0.45,0.45,4,4,32,452,808,PPM-3,45,135.0,0.0,0.7269408000000226,-0.2340664559262072,0.3227238619572977,0.17469923482258726,3.552713678800501e-15,0.1820589326496049,2.516112327871985,0.135514102725554
Queue-load-0.45,0.45,4,4,32,452,808,PPM-3,50,150.0,0.0,0.801766299999997,-0.2343968341717091,0.3025822251730379,0.16872687269394854,3.552713678800501e-15,0.18143236333851837,2.5192254110689247,0.135976825552591
Queue-load-0.45,0.45,4,4,32,452,808,PPM-3,55,165.0,0.0,0.8763414000000012,-0.2347266813536558,0.2822463384523589,0.16272509774811048,5.329070518200751e-15,0.1808280684705876,2.521937072981289,0.13643840137250263
Queue-load-0.45,0.45,4,4,32,452,808,PPM-3,60,180.0,0.0,0.9522906000000262,-0.23494569016081435,0.2630914166593081,0.1565134087537527,3.552713678800501e-15,0.18032946540967856,2.524360570906159,0.1368094519110496
Queue-load-0.45,0.45,4,4,32,452,809,QP+G,0,0.0,0.0,4.700000033608376e-06,-0.25023393677235706,0.4454264401986543,0.20706060113024016,3.552713678800501e-15,0.17582389259965767,2.538012474836313,0.14059650346158933
Queue-load-0.45,0.45,4,4,32,452,809,QP+G,5,5.0,5.0,0.5392838000000211,-0.24709284994962313,0.4370743474254315,0.20039828442847685,3.552713678800501e-15,0.17714852237310724,2.5327562287595335,0.1395485182184966
Queue-load-0.45,0.45,4,4,32,452,809,QP+G,10,10.0,10.0,1.077589200000034,-0.2446997409451995,0.42688841833931507,0.19505114384433195,5.329070518200751e-15,0.17806915491963968,2.53033302747318,0.13875542258177206
Queue-load-0.45,0.45,4,4,32,452,809,QP+G,15,15.0,15.0,1.6056016,-0.243233031219774,0.4154869872134659,0.1912838642428079,4.440892098500626e-15,0.17847685156221027,2.5299071405479396,0.13837014104053047
Queue-load-0.45,0.45,4,4,32,452,809,QP+G,20,20.0,20.0,2.1365919000000417,-0.2424572919842078,0.40292713623741194,0.18886614753747394,5.329070518200751e-15,0.17848369867648958,2.5303385383251893,0.13834058878007977
Queue-load-0.45,0.45,4,4,32,452,809,QP+G,25,25.0,25.0,2.794277100000045,-0.24196735316521992,0.3893314544109093,0.18739669869301206,5.329070518200751e-15,0.17832242695138512,2.5312558816849555,0.13845357927572274
Queue-load-0.45,0.45,4,4,32,452,809,QP+G,30,30.0,30.0,3.3735794000000396,-0.2414939148263311,0.37466855321291337,0.1863969536872685,3.552713678800501e-15,0.1781281824224449,2.5320507227689304,0.1386059900634009
Queue-load-0.45,0.45,4,4,32,452,809,QP+G,35,35.0,35.0,3.9762752999999975,-0.24083265906973364,0.3589607108238301,0.1851806053081288,3.552713678800501e-15,0.178011863770055,2.532505786764495,0.1386983579791823
Queue-load-0.45,0.45,4,4,32,452,809,QP+G,40,40.0,40.0,4.509484900000018,-0.24016493912929485,0.3432823657142774,0.1827232938041789,5.329070518200751e-15,0.17788612457404163,2.5332140760813764,0.1387868187900966
Queue-load-0.45,0.45,4,4,32,452,809,QP+G,45,45.0,45.0,5.072057400000006,-0.2394362333919673,0.3323907931382132,0.17816002866873806,3.552713678800501e-15,0.17777274008742544,2.5338622140144356,0.13886609075392034
Queue-load-0.45,0.45,4,4,32,452,809,QP+G,50,50.0,50.0,5.7994269000000145,-0.23869803016922087,0.3262319121326029,0.1715768919130041,3.552713678800501e-15,0.17766235136551192,2.534452060739454,0.13894543491135916
Queue-load-0.45,0.45,4,4,32,452,809,QP+G,55,55.0,55.0,6.554875600000003,-0.2379946948023038,0.32197083416659317,0.16359295988548944,3.552713678800501e-15,0.17751850554442752,2.535152010359007,0.13905244127878288
Queue-load-0.45,0.45,4,4,32,452,809,QP+G,60,60.0,60.0,7.33259750000002,-0.23734183943858195,0.31646441747855825,0.15522913379937572,3.552713678800501e-15,0.17738060771044042,2.535795805368876,0.1391564551648816
Queue-load-0.45,0.45,4,4,32,452,809,noG,0,0.0,0.0,9.599999998499698e-06,-0.25023393677235706,0.4454264401986543,0.20706060113024016,3.552713678800501e-15,0.17582389259965767,2.538012474836313,0.14059650346158933
Queue-load-0.45,0.45,4,4,32,452,809,noG,5,5.0,0.0,0.31759790000000976,-0.24709714227040785,0.4373943063917198,0.2003225021927157,3.552713678800501e-15,0.17714383043656992,2.532771249840985,0.13955241957179948
Queue-load-0.45,0.45,4,4,32,452,809,noG,10,10.0,0.0,0.670934299999999,-0.24471570817567997,0.4281380218942107,0.194928665688498,3.552713678800501e-15,0.17803869571044226,2.5303821476847452,0.13878329651667703
Queue-load-0.45,0.45,4,4,32,452,809,noG,15,15.0,0.0,0.9872584999999958,-0.24321921996560847,0.4178146690319508,0.19134431774955338,7.105427357601002e-15,0.1784412308371217,2.530189616618327,0.138390894604019
Queue-load-0.45,0.45,4,4,32,452,809,noG,20,20.0,0.0,1.2770790000000147,-0.24274738461197418,0.4067260075182376,0.18928617523188326,3.552713678800501e-15,0.17825791798783094,2.531445324306219,0.13850811757499976
Queue-load-0.45,0.45,4,4,32,452,809,noG,25,25.0,0.0,1.5800116000000344,-0.2428996122691068,0.3947310760417989,0.1881707181250709,2.6645352591003757e-15,0.17773385207338793,2.533770285963474,0.13890981708642902
Queue-load-0.45,0.45,4,4,32,452,809,noG,30,30.0,0.0,1.8390719999999874,-0.24274495441638147,0.38119927504633067,0.18742831023474052,3.552713678800501e-15,0.17735785891531206,2.5353821736557336,0.13920097405017595
Queue-load-0.45,0.45,4,4,32,452,809,noG,35,35.0,0.0,2.084848300000033,-0.24222710119868887,0.3663648252510606,0.18660425580741855,3.552713678800501e-15,0.1771571024304612,2.5361529548053023,0.1393611631061018
Queue-load-0.45,0.45,4,4,32,452,809,noG,40,40.0,0.0,2.3189126999999985,-0.24155597707666257,0.35100805896896037,0.18515649257370184,3.552713678800501e-15,0.17702672663934108,2.536616206276811,0.13946715724082692
Queue-load-0.45,0.45,4,4,32,452,809,noG,45,45.0,0.0,2.5512325999999916,-0.24087441443237587,0.33913151381781476,0.18220279943747436,3.552713678800501e-15,0.17689969046391785,2.537305802157151,0.13955789889623205
Queue-load-0.45,0.45,4,4,32,452,809,noG,50,50.0,0.0,2.78840120000001,-0.24009653111458398,0.33357545343602046,0.17691050868525643,3.552713678800501e-15,0.17680824807617143,2.537850758125446,0.1396206593909103
Queue-load-0.45,0.45,4,4,32,452,809,noG,55,55.0,0.0,3.03293020000001,-0.2392836197973771,0.32959704820210434,0.1694160954466057,3.552713678800501e-15,0.1767336824586603,2.5383003476035455,0.13967156240431125
Queue-load-0.45,0.45,4,4,32,452,809,noG,60,60.0,0.0,3.268884000000014,-0.23849897483932847,0.324068659614611,0.1608911126143279,3.552713678800501e-15,0.1766694005477585,2.5386793195292414,0.1397158984243869
Queue-load-0.45,0.45,4,4,32,452,809,GDA,0,0.0,0.0,6.099999950492929e-06,-0.25023393677235706,0.4454264401986543,0.20706060113024016,3.552713678800501e-15,0.17582389259965767,2.538012474836313,0.14059650346158933
Queue-load-0.45,0.45,4,4,32,452,809,GDA,5,5.0,0.0,0.0364994999999908,-0.24709714227040785,0.4373943063917198,0.2003225021927157,3.552713678800501e-15,0.17714383043656992,2.532771249840985,0.13955241957179948
Queue-load-0.45,0.45,4,4,32,452,809,GDA,10,10.0,0.0,0.07214989999999943,-0.24471570817567997,0.4281380218942107,0.194928665688498,3.552713678800501e-15,0.17803869571044226,2.5303821476847452,0.13878329651667703
Queue-load-0.45,0.45,4,4,32,452,809,GDA,15,15.0,0.0,0.10789969999996174,-0.24321921996560847,0.4178146690319508,0.19134431774955338,7.105427357601002e-15,0.1784412308371217,2.530189616618327,0.138390894604019
Queue-load-0.45,0.45,4,4,32,452,809,GDA,20,20.0,0.0,0.14486919999995962,-0.24274738461197418,0.4067260075182376,0.18928617523188326,3.552713678800501e-15,0.17825791798783094,2.531445324306219,0.13850811757499976
Queue-load-0.45,0.45,4,4,32,452,809,GDA,25,25.0,0.0,0.1875516999999718,-0.2428996122691068,0.3947310760417989,0.1881707181250709,2.6645352591003757e-15,0.17773385207338793,2.533770285963474,0.13890981708642902
Queue-load-0.45,0.45,4,4,32,452,809,GDA,30,30.0,0.0,0.22630429999998114,-0.24274495441638147,0.38119927504633067,0.18742831023474052,3.552713678800501e-15,0.17735785891531206,2.5353821736557336,0.13920097405017595
Queue-load-0.45,0.45,4,4,32,452,809,GDA,35,35.0,0.0,0.2657002999999918,-0.24222710119868887,0.3663648252510606,0.18660425580741855,3.552713678800501e-15,0.1771571024304612,2.5361529548053023,0.1393611631061018
Queue-load-0.45,0.45,4,4,32,452,809,GDA,40,40.0,0.0,0.30547469999999066,-0.24155597707666257,0.35100805896896037,0.18515649257370184,3.552713678800501e-15,0.17702672663934108,2.536616206276811,0.13946715724082692
Queue-load-0.45,0.45,4,4,32,452,809,GDA,45,45.0,0.0,0.3451781999999639,-0.24087441443237587,0.33913151381781476,0.18220279943747436,3.552713678800501e-15,0.17689969046391785,2.537305802157151,0.13955789889623205
Queue-load-0.45,0.45,4,4,32,452,809,GDA,50,50.0,0.0,0.3842112999999472,-0.24009653111458398,0.33357545343602046,0.17691050868525643,3.552713678800501e-15,0.17680824807617143,2.537850758125446,0.1396206593909103
Queue-load-0.45,0.45,4,4,32,452,809,GDA,55,55.0,0.0,0.42324089999999615,-0.2392836197973771,0.32959704820210434,0.1694160954466057,3.552713678800501e-15,0.1767336824586603,2.5383003476035455,0.13967156240431125
Queue-load-0.45,0.45,4,4,32,452,809,GDA,60,60.0,0.0,0.46039889999997285,-0.23849897483932847,0.324068659614611,0.1608911126143279,3.552713678800501e-15,0.1766694005477585,2.5386793195292414,0.1397158984243869
Queue-load-0.45,0.45,4,4,32,452,809,EGM,0,0.0,0.0,6.600000006073969e-06,-0.25023393677235706,0.4454264401986543,0.20706060113024016,3.552713678800501e-15,0.17582389259965767,2.538012474836313,0.14059650346158933
Queue-load-0.45,0.45,4,4,32,452,809,EGM,5,5.0,0.0,0.0519170000000031,-0.24709805560419912,0.4370562058169857,0.20040778395171086,3.552713678800501e-15,0.1771450693570173,2.532768801294922,0.13955130952219794
Queue-load-0.45,0.45,4,4,32,452,809,EGM,10,10.0,0.0,0.10204029999999875,-0.24471371173402673,0.42746818832077377,0.194997593381989,3.552713678800501e-15,0.17804998273423348,2.530377308080531,0.1387722642088967
Queue-load-0.45,0.45,4,4,32,452,809,EGM,15,15.0,0.0,0.15216479999998,-0.24323357378054838,0.41687055094666947,0.191318634131977,3.552713678800501e-15,0.17844878626750774,2.5301065255644555,0.138387712386995
Queue-load-0.45,0.45,4,4,32,452,809,EGM,20,20.0,0.0,0.20180929999997943,-0.2426370942919097,0.4054187656307263,0.18913594049190546,3.552713678800501e-15,0.1783374634062339,2.5310763944195247,0.13844798951905396
Queue-load-0.45,0.45,4,4,32,452,809,EGM,25,25.0,0.0,0.2501938999999993,-0.24264694952486557,0.3930910058494532,0.18791387563440837,3.552713678800501e-15,0.17789267293571462,2.5330912614295324,0.13878673435746783
Queue-load-0.45,0.45,4,4,32,452,809,EGM,30,30.0,0.0,0.29953619999997727,-0.2424008641000465,0.37930818898130947,0.18710874529267618,3.552713678800501e-15,0.17756644316476877,2.534481198930243,0.13903980952311357
Queue-load-0.45,0.45,4,4,32,452,809,EGM,35,35.0,0.0,0.3509022999999729,-0.24185528453661267,0.3642982056132113,0.18622141164961176,3.552713678800501e-15,0.17738091861516486,2.5351803097947303,0.13918853876406015
Queue-load-0.45,0.45,4,4,32,452,809,EGM,40,40.0,0.0,0.4000694999999723,-0.24119981977237978,0.3488832083116661,0.18457300619788058,3.552713678800501e-15,0.17724337045567265,2.535748593868755,0.1392961772354453
Queue-load-0.45,0.45,4,4,32,452,809,EGM,45,45.0,0.0,0.4491249999999809,-0.240512868141275,0.3374481078669638,0.18120493933289478,3.552713678800501e-15,0.17711485798515028,2.5364651067812125,0.139386978500049
Queue-load-0.45,0.45,4,4,32,452,809,EGM,50,50.0,0.0,0.49861139999995885,-0.2397444125531238,0.33182512607967984,0.17548214688926614,4.440892098500626e-15,0.17701462620722344,2.5370401814946995,0.13945694318779245
Queue-load-0.45,0.45,4,4,32,452,809,EGM,55,55.0,0.0,0.5477276999999958,-0.23896222304579523,0.32757761509989225,0.16783592634948827,5.329070518200751e-15,0.17692664538300823,2.537533099208227,0.1395189809744536
Queue-load-0.45,0.45,4,4,32,452,809,EGM,60,60.0,0.0,0.5962113999999588,-0.2382156316170273,0.32184570642648525,0.15946591821386677,3.552713678800501e-15,0.17685106524765853,2.5379450364328893,0.1395728802032419
Queue-load-0.45,0.45,4,4,32,452,809,PPM-3,0,0.0,0.0,5.100000009861105e-06,-0.25023393677235706,0.4454264401986543,0.20706060113024016,3.552713678800501e-15,0.17582389259965767,2.538012474836313,0.14059650346158933
Queue-load-0.45,0.45,4,4,32,452,809,PPM-3,5,15.0,0.0,0.07819140000003699,-0.24709288839423085,0.4370529190610626,0.20040162028147795,3.552713678800501e-15,0.17714778395554268,2.5327576508125476,0.13954918179116588
Queue-load-0.45,0.45,4,4,32,452,809,PPM-3,10,30.0,0.0,0.15350440000003118,-0.24470627146738358,0.4274665731026724,0.19498945365924167,3.552713678800501e-15,0.17805379900488014,2.530359719651879,0.1387693736450214
Queue-load-0.45,0.45,4,4,32,452,809,PPM-3,15,45.0,0.0,0.22838830000000598,-0.24322429896038922,0.416871721972786,0.19131200468226342,3.552713678800501e-15,0.1784535246613824,2.530085166937354,0.13838409813138833
Queue-load-0.45,0.45,4,4,32,452,809,PPM-3,20,60.0,0.0,0.3039468000000056,-0.24262650986918718,0.40542232712247667,0.18913283903362893,3.552713678800501e-15,0.17834281583398756,2.531052194212115,0.1384439107864275
Queue-load-0.45,0.45,4,4,32,452,809,PPM-3,25,75.0,0.0,0.3796824000000356,-0.24263602998254788,0.39309580374214415,0.18791528860269116,3.552713678800501e-15,0.17789821760196495,2.533067613474208,0.1387824343204455
Queue-load-0.45,0.45,4,4,32,452,809,PPM-3,30,90.0,0.0,0.4589244000000008,-0.24239099178423723,0.379313049785331,0.18711450235571706,3.552713678800501e-15,0.17757141014318567,2.534459906794232,0.13903596318343395
Queue-load-0.45,0.45,4,4,32,452,809,PPM-3,35,105.0,0.0,0.5336445000000367,-0.24184791956344523,0.36430239000525155,0.18622912311840542,3.552713678800501e-15,0.17738451348860834,2.535164660867707,0.1391857675183548
Queue-load-0.45,0.45,4,4,32,452,809,PPM-3,40,120.0,0.0,0.6078752000000236,-0.241195801951753,0.3488856322621293,0.18457843194274218,3.552713678800501e-15,0.17724514811130831,2.535741738095024,0.1392947604100066
Queue-load-0.45,0.45,4,4,32,452,809,PPM-3,45,135.0,0.0,0.6793068000000062,-0.24051125298269582,0.337444003777459,0.18120583213555275,5.329070518200751e-15,0.1771152029748731,2.5364636567117422,0.13938670982977217
Queue-load-0.45,0.45,4,4,32,452,809,PPM-3,50,150.0,0.0,0.7528858000000014,-0.2397449445204345,0.3318231099558263,0.17548042965405453,5.329070518200751e-15,0.17701372144968872,2.5370433490685964,0.1394576812309116
Queue-load-0.45,0.45,4,4,32,452,809,PPM-3,55,165.0,0.0,0.8277161999999976,-0.23896429779211167,0.32758008730411514,0.1678337701718817,3.552713678800501e-15,0.17692483700041395,2.5375395798003937,0.13952044827325014
Queue-load-0.45,0.45,4,4,32,452,809,PPM-3,60,180.0,0.0,0.903577700000028,-0.23821862312481565,0.32185109907058407,0.15946319393658362,3.552713678800501e-15,0.17684866979919361,2.5379536697482474,0.13957482126668788
Queue-load-0.45,0.45,4,4,32,452,810,QP+G,0,0.0,0.0,4.3999999661537e-06,-0.31887972165967887,0.4490451645945518,0.15867797649437376,3.552713678800501e-15,0.14039441981523815,2.669664080307158,0.1690969443791223
Queue-load-0.45,0.45,4,4,32,452,810,QP+G,5,5.0,5.0,0.5295977000000107,-0.3064882088568331,0.4372862998172308,0.1574960078136607,5.329070518200751e-15,0.14666689527672094,2.6455768485804647,0.16409221795588674
Queue-load-0.45,0.45,4,4,32,452,810,QP+G,10,10.0,10.0,1.0364981999999827,-0.29306807862714884,0.4229353700496401,0.15671444944862084,3.552713678800501e-15,0.15354913249835087,2.620938751921797,0.15850672266366034
Queue-load-0.45,0.45,4,4,32,452,810,QP+G,15,15.0,15.0,1.5529296999999929,-0.28046272405895045,0.40803694583696887,0.15602967543981952,3.552713678800501e-15,0.16007960326845716,2.5990772598003895,0.15312685674204918
Queue-load-0.45,0.45,4,4,32,452,810,QP+G,20,20.0,20.0,2.04962230000001,-0.2727204212414231,0.3978723992704245,0.15533633986981363,3.552713678800501e-15,0.16405425939429588,2.5857386662370736,0.149854231856385
Queue-load-0.45,0.45,4,4,32,452,810,QP+G,25,25.0,25.0,2.557980100000009,-0.26562188779212587,0.38939157998102947,0.15474298389263205,3.552713678800501e-15,0.16767555702713663,2.5727058402390846,0.14691887243396462
Queue-load-0.45,0.45,4,4,32,452,810,QP+G,30,30.0,30.0,3.0683831000000055,-0.25671354597565915,0.38036430045659475,0.15435847796322952,5.329070518200751e-15,0.1722741606607444,2.5561666715217295,0.14319075136442821
Queue-load-0.45,0.45,4,4,32,452,810,QP+G,35,35.0,35.0,3.5834350999999742,-0.2484676149681475,0.3711774370459545,0.15410205307278865,3.552713678800501e-15,0.1765064071802128,2.5399146720022667,0.1398138732407211
Queue-load-0.45,0.45,4,4,32,452,810,QP+G,40,40.0,40.0,4.1450514999999655,-0.2423610025318063,0.3629600522228531,0.15376114600444452,5.329070518200751e-15,0.1796076286933734,2.527152769941043,0.1373843307834142
Queue-load-0.45,0.45,4,4,32,452,810,QP+G,45,45.0,45.0,4.775130699999977,-0.2375716444161881,0.35463776390266016,0.15316313668480422,4.440892098500626e-15,0.1819562865616378,2.515963645656791,0.13562457419326795
Queue-load-0.45,0.45,4,4,32,452,810,QP+G,50,50.0,50.0,5.3833422000000155,-0.233591715484872,0.3458113422969481,0.15217760038230052,5.329070518200751e-15,0.18390482779816056,2.5074155123635236,0.1341259347090223
Queue-load-0.45,0.45,4,4,32,452,810,QP+G,55,55.0,55.0,6.093498199999999,-0.22821366642826668,0.33432885108323085,0.1506245741222772,3.552713678800501e-15,0.186532480523411,2.4964027660207035,0.13207790021234173
Queue-load-0.45,0.45,4,4,32,452,810,QP+G,60,60.0,60.0,6.697747499999991,-0.22748598418203356,0.3263807360597423,0.14832081649180967,3.552713678800501e-15,0.18679542899296267,2.496378316235043,0.13181623857361435
Queue-load-0.45,0.45,4,4,32,452,810,noG,0,0.0,0.0,5.900000019209983e-06,-0.31887972165967887,0.4490451645945518,0.15867797649437376,3.552713678800501e-15,0.14039441981523815,2.669664080307158,0.1690969443791223
Queue-load-0.45,0.45,4,4,32,452,810,noG,5,5.0,0.0,0.24593759999999065,-0.3081334483010098,0.44031133786446075,0.15856325951830533,3.552713678800501e-15,0.14576841380135455,2.6488058939140893,0.16482074967685148
Queue-load-0.45,0.45,4,4,32,452,810,noG,10,10.0,0.0,0.47921180000003005,-0.29629924608076263,0.4289684681573279,0.1588104638553416,3.552713678800501e-15,0.15177338509353827,2.62720835942811,0.15995249072603554
Queue-load-0.45,0.45,4,4,32,452,810,noG,15,15.0,0.0,0.7192393999999922,-0.28498088608603217,0.4166211138040291,0.15914829238347963,5.329070518200751e-15,0.1575705262667373,2.607775593419291,0.1551781267111951
Queue-load-0.45,0.45,4,4,32,452,810,noG,20,20.0,0.0,0.948685600000033,-0.2782156231625063,0.4080102288830063,0.15934233789097482,3.552713678800501e-15,0.1610061862259454,2.597009156696586,0.1523091213163401
Queue-load-0.45,0.45,4,4,32,452,810,noG,25,25.0,0.0,1.1738182999999935,-0.27275416999935465,0.4010104417684731,0.15941385817875886,3.552713678800501e-15,0.1637255958865005,2.587607557534945,0.15008453266429259
Queue-load-0.45,0.45,4,4,32,452,810,noG,30,30.0,0.0,1.419577199999992,-0.2652438098975152,0.39393472468196045,0.15958918926559634,3.552713678800501e-15,0.16752565774914838,2.57379875332632,0.14701124997051923
Queue-load-0.45,0.45,4,4,32,452,810,noG,35,35.0,0.0,1.673120200000028,-0.25590697122804407,0.38515668202430625,0.16003740474548495,3.552713678800501e-15,0.1723298000934518,2.556517748833083,0.1431166341784917
Queue-load-0.45,0.45,4,4,32,452,810,noG,40,40.0,0.0,1.921491500000002,-0.2501899869541325,0.3793456851248412,0.16066366121610998,3.552713678800501e-15,0.17523602423583823,2.5449321059735426,0.14082018071292324
Queue-load-0.45,0.45,4,4,32,452,810,noG,45,45.0,0.0,2.1643449000000032,-0.24480363787647605,0.3726060349452757,0.16117787001509506,2.6645352591003757e-15,0.17794117709555352,2.5330066642868974,0.13874268267882095
Queue-load-0.45,0.45,4,4,32,452,810,noG,50,50.0,0.0,2.3977888000000007,-0.24103682054961562,0.3661161938144361,0.1613170480691512,3.552713678800501e-15,0.1797970218846834,2.524209970110039,0.13734982179373573
Queue-load-0.45,0.45,4,4,32,452,810,noG,55,55.0,0.0,2.626590599999986,-0.23667878127507247,0.35752877886786394,0.16089033130727143,3.552713678800501e-15,0.18195053460606567,2.514962762867745,0.13568300419036938
Queue-load-0.45,0.45,4,4,32,452,810,noG,60,60.0,0.0,2.872508400000015,-0.2321098732540093,0.3472650649801511,0.15965742921599527,2.6645352591003757e-15,0.1842017912795883,2.5064319463031905,0.13388073786234964
Queue-load-0.45,0.45,4,4,32,452,810,GDA,0,0.0,0.0,5.499999986113835e-06,-0.31887972165967887,0.4490451645945518,0.15867797649437376,3.552713678800501e-15,0.14039441981523815,2.669664080307158,0.1690969443791223
Queue-load-0.45,0.45,4,4,32,452,810,GDA,5,5.0,0.0,0.038664899999957925,-0.3081334483010098,0.44031133786446075,0.15856325951830533,3.552713678800501e-15,0.14576841380135455,2.6488058939140893,0.16482074967685148
Queue-load-0.45,0.45,4,4,32,452,810,GDA,10,10.0,0.0,0.07622509999998783,-0.29629924608076263,0.4289684681573279,0.1588104638553416,3.552713678800501e-15,0.15177338509353827,2.62720835942811,0.15995249072603554
Queue-load-0.45,0.45,4,4,32,452,810,GDA,15,15.0,0.0,0.113838899999962,-0.28498088608603217,0.4166211138040291,0.15914829238347963,5.329070518200751e-15,0.1575705262667373,2.607775593419291,0.1551781267111951
Queue-load-0.45,0.45,4,4,32,452,810,GDA,20,20.0,0.0,0.15171209999999746,-0.2782156231625063,0.4080102288830063,0.15934233789097482,3.552713678800501e-15,0.1610061862259454,2.597009156696586,0.1523091213163401
Queue-load-0.45,0.45,4,4,32,452,810,GDA,25,25.0,0.0,0.1888050000000021,-0.27275416999935465,0.4010104417684731,0.15941385817875886,3.552713678800501e-15,0.1637255958865005,2.587607557534945,0.15008453266429259
Queue-load-0.45,0.45,4,4,32,452,810,GDA,30,30.0,0.0,0.22540309999999408,-0.2652438098975152,0.39393472468196045,0.15958918926559634,3.552713678800501e-15,0.16752565774914838,2.57379875332632,0.14701124997051923
Queue-load-0.45,0.45,4,4,32,452,810,GDA,35,35.0,0.0,0.2621747999999684,-0.25590697122804407,0.38515668202430625,0.16003740474548495,3.552713678800501e-15,0.1723298000934518,2.556517748833083,0.1431166341784917
Queue-load-0.45,0.45,4,4,32,452,810,GDA,40,40.0,0.0,0.2988269999999602,-0.2501899869541325,0.3793456851248412,0.16066366121610998,3.552713678800501e-15,0.17523602423583823,2.5449321059735426,0.14082018071292324
Queue-load-0.45,0.45,4,4,32,452,810,GDA,45,45.0,0.0,0.33642059999999674,-0.24480363787647605,0.3726060349452757,0.16117787001509506,2.6645352591003757e-15,0.17794117709555352,2.5330066642868974,0.13874268267882095
Queue-load-0.45,0.45,4,4,32,452,810,GDA,50,50.0,0.0,0.374297399999989,-0.24103682054961562,0.3661161938144361,0.1613170480691512,3.552713678800501e-15,0.1797970218846834,2.524209970110039,0.13734982179373573
Queue-load-0.45,0.45,4,4,32,452,810,GDA,55,55.0,0.0,0.4113978999999972,-0.23667878127507247,0.35752877886786394,0.16089033130727143,3.552713678800501e-15,0.18195053460606567,2.514962762867745,0.13568300419036938
Queue-load-0.45,0.45,4,4,32,452,810,GDA,60,60.0,0.0,0.44808029999995824,-0.2321098732540093,0.3472650649801511,0.15965742921599527,2.6645352591003757e-15,0.1842017912795883,2.5064319463031905,0.13388073786234964
Queue-load-0.45,0.45,4,4,32,452,810,EGM,0,0.0,0.0,4.900000021734741e-06,-0.31887972165967887,0.4490451645945518,0.15867797649437376,3.552713678800501e-15,0.14039441981523815,2.669664080307158,0.1690969443791223
Queue-load-0.45,0.45,4,4,32,452,810,EGM,5,5.0,0.0,0.04951379999999972,-0.30778201393583154,0.43966377015166125,0.1583343593903001,5.329070518200751e-15,0.1459606147488728,2.6481166641485276,0.1646648239801526
Queue-load-0.45,0.45,4,4,32,452,810,EGM,10,10.0,0.0,0.09995490000000018,-0.2956081424856062,0.4276761940231518,0.1583564654270806,4.440892098500626e-15,0.15215400224814496,2.6258694437906254,0.1596423428155067
Queue-load-0.45,0.45,4,4,32,452,810,EGM,15,15.0,0.0,0.15097989999998163,-0.2839918057275806,0.4147514726548285,0.1584648496043591,3.552713678800501e-15,0.15812134488611948,2.6058983187045137,0.15472611202416992
Queue-load-0.45,0.45,4,4,32,452,810,EGM,20,20.0,0.0,0.20421470000002273,-0.2770291002758573,0.40584103538237204,0.158456925527776,3.552713678800501e-15,0.16166635312364136,2.5945801594865068,0.15177679637706923
Queue-load-0.45,0.45,4,4,32,452,810,EGM,25,25.0,0.0,0.25356770000001916,-0.2712087437252349,0.3985065802151764,0.15838344531131313,3.552713678800501e-15,0.1645851755858192,2.584384889832654,0.14939456705456772
Queue-load-0.45,0.45,4,4,32,452,810,EGM,30,30.0,0.0,0.3030984000000103,-0.2633498988284972,0.39098897868531046,0.1584545876923427,3.552713678800501e-15,0.16858296808025183,2.569866523027495,0.14616089912882793
Queue-load-0.45,0.45,4,4,32,452,810,EGM,35,35.0,0.0,0.3531406999999831,-0.2540547115883642,0.3819754035565886,0.1587800440947263,3.552713678800501e-15,0.1733703575818194,2.5524881206499828,0.14228816238397138
Queue-load-0.45,0.45,4,4,32,452,810,EGM,40,40.0,0.0,0.4028518999999733,-0.24840822986848204,0.3758075248844006,0.15921892351129546,3.552713678800501e-15,0.17623766557415924,2.5408905267874267,0.14003125406860809
Queue-load-0.45,0.45,4,4,32,452,810,EGM,45,45.0,0.0,0.4518752000000177,-0.24308309752199844,0.36863514927676244,0.15949741109929036,3.552713678800501e-15,0.17889938052060525,2.52894373556646,0.13799831760747638
Queue-load-0.45,0.45,4,4,32,452,810,EGM,50,50.0,0.0,0.5005507000000193,-0.2393535348007138,0.3616774918830162,0.15939421063418963,3.552713678800501e-15,0.18073330921133135,2.5203942468130918,0.13661436200903254
Queue-load-0.45,0.45,4,4,32,452,810,EGM,55,55.0,0.0,0.5485499000000118,-0.23469976877773713,0.35233137389718616,0.15872239173682423,3.552713678800501e-15,0.18302292252007216,2.510582211678439,0.13484117160211592
Queue-load-0.45,0.45,4,4,32,452,810,EGM,60,60.0,0.0,0.5963011999999708,-0.23107065336855792,0.3426268102163561,0.15723628212560903,3.552713678800501e-15,0.18479399766809357,2.5042854853538126,0.1334015031027584
Queue-load-0.45,0.45,4,4,32,452,810,PPM-3,0,0.0,0.0,5.199999975502578e-06,-0.31887972165967887,0.4490451645945518,0.15867797649437376,3.552713678800501e-15,0.14039441981523815,2.669664080307158,0.1690969443791223
Queue-load-0.45,0.45,4,4,32,452,810,PPM-3,5,15.0,0.0,0.07344319999998561,-0.3077827062576026,0.43966364594450863,0.15833620055418246,3.552713678800501e-15,0.14596039420963364,2.648119289243871,0.16466490635647876
Queue-load-0.45,0.45,4,4,32,452,810,PPM-3,10,30.0,0.0,0.1457508999999959,-0.2956105002121552,0.427678643996083,0.1583577888498299,5.329070518200751e-15,0.15215306781315968,2.6258767013891315,0.15964289527162323
Queue-load-0.45,0.45,4,4,32,452,810,PPM-3,15,45.0,0.0,0.2174122000000125,-0.28399033092686565,0.4147522441119076,0.15846547568149424,3.552713678800501e-15,0.15812273189998036,2.6059019217021318,0.15472453537885564
Queue-load-0.45,0.45,4,4,32,452,810,PPM-3,20,60.0,0.0,0.289785199999983,-0.27702710572053507,0.4058401419010511,0.15845803030650443,8.881784197001252e-15,0.16166773277978533,2.5945750539511834,0.15177568543331027
Queue-load-0.45,0.45,4,4,32,452,810,PPM-3,25,75.0,0.0,0.36227539999998726,-0.27120789302254394,0.3984986217081956,0.15838582760363706,3.552713678800501e-15,0.16458602115854828,2.5843816838606375,0.14939389021720806
Queue-load-0.45,0.45,4,4,32,452,810,PPM-3,30,90.0,0.0,0.43613560000000007,-0.2633515213970482,0.39097053465155773,0.15845771319218876,3.552713678800501e-15,0.16858248692121133,2.569868654594788,0.1461612681001159
Queue-load-0.45,0.45,4,4,32,452,810,PPM-3,35,105.0,0.0,0.5103381999999783,-0.25404642928781707,0.3819399608189605,0.15878258426075875,3.552713678800501e-15,0.17337506859725638,2.5524766576814266,0.14228405468266903
Queue-load-0.45,0.45,4,4,32,452,810,PPM-3,40,120.0,0.0,0.5857237000000168,-0.2483929592138804,0.37575968767741297,0.15922015704500295,3.552713678800501e-15,0.17624543039673843,2.540861857284112,0.14002499816725622
Queue-load-0.45,0.45,4,4,32,452,810,PPM-3,45,135.0,0.0,0.6596974999999929,-0.24306385693980886,0.3685806689107436,0.15949782119568187,3.552713678800501e-15,0.1789089932466644,2.528910431928393,0.13799045770447327
Queue-load-0.45,0.45,4,4,32,452,810,PPM-3,50,150.0,0.0,0.733511099999987,-0.23933385238578422,0.3616226389627627,0.159394514854488,3.552713678800501e-15,0.180742660496193,2.5203564533059146,0.13660699985612748
Queue-load-0.45,0.45,4,4,32,452,810,PPM-3,55,165.0,0.0,0.8074766999999952,-0.23468500673903744,0.35228468464984086,0.15872262825678912,3.552713678800501e-15,0.18302962062747705,2.5105548954499826,0.1348359111909453
Queue-load-0.45,0.45,4,4,32,452,810,PPM-3,60,180.0,0.0,0.8799894999999651,-0.23105191307143275,0.3425808811391314,0.15723606939873142,7.105427357601002e-15,0.1848026714593054,2.504249474962145,0.1333947245953189
Queue-load-0.45,0.45,4,4,32,452,811,QP+G,0,0.0,0.0,5.000000044219632e-06,-0.2905020687005793,0.402339643710674,0.20132981983919387,5.329070518200751e-15,0.15469281077960725,2.619873774886329,0.1574190958053234
Queue-load-0.45,0.45,4,4,32,452,811,QP+G,5,5.0,5.0,0.4550141999999937,-0.2800403333646062,0.3863731206708614,0.19817710896603666,3.552713678800501e-15,0.1602546783711897,2.59983930299328,0.15291167410284856
Queue-load-0.45,0.45,4,4,32,452,811,QP+G,10,10.0,10.0,0.9042014999999992,-0.27189319127354333,0.3708818954835059,0.19133473549734697,5.329070518200751e-15,0.164410995194359,2.5849051029168613,0.14954136781001698
Queue-load-0.45,0.45,4,4,32,452,811,QP+G,15,15.0,15.0,1.3869452000000138,-0.26563797945051354,0.35385120449676344,0.18365516456682157,3.552713678800501e-15,0.16744827745733895,2.5735650902356912,0.14710092831973023
Queue-load-0.45,0.45,4,4,32,452,811,QP+G,20,20.0,20.0,1.9120894000000135,-0.25943382207272037,0.33494656207875484,0.17728495123693527,3.552713678800501e-15,0.17039852494534483,2.561931183540893,0.14476299171039786
Queue-load-0.45,0.45,4,4,32,452,811,QP+G,25,25.0,25.0,2.4207899000000452,-0.2544649069924846,0.319221015356473,0.172541637920408,4.440892098500626e-15,0.17264270248968444,2.5518793758527663,0.1430478566759596
Queue-load-0.45,0.45,4,4,32,452,811,QP+G,30,30.0,30.0,2.8668941000000245,-0.2520668485891011,0.30914407191784854,0.16879809835185472,2.6645352591003757e-15,0.1735116279162116,2.5476121476876643,0.1424035222054911
Queue-load-0.45,0.45,4,4,32,452,811,QP+G,35,35.0,35.0,3.325896700000044,-0.2507697267831298,0.30084981112255516,0.16483494307335567,3.552713678800501e-15,0.1738404746449404,2.546306365681867,0.14214340084548763
Queue-load-0.45,0.45,4,4,32,452,811,QP+G,40,40.0,40.0,3.838209900000038,-0.24908317009468822,0.29471157800702524,0.15902640982753322,2.6645352591003757e-15,0.1743753227399987,2.544153689349389,0.14172185150477026
Queue-load-0.45,0.45,4,4,32,452,811,QP+G,45,45.0,45.0,4.336727100000019,-0.2473038148772048,0.2900525575799893,0.1520092427850999,5.329070518200751e-15,0.1749783825451207,2.5423097298377075,0.14121584220026298
Queue-load-0.45,0.45,4,4,32,452,811,QP+G,50,50.0,50.0,4.842716300000006,-0.24567731710876464,0.2866569623888192,0.14471870442234006,3.552713678800501e-15,0.17554378589018715,2.541112796220611,0.14071343536135963
Queue-load-0.45,0.45,4,4,32,452,811,QP+G,55,55.0,55.0,5.354333600000018,-0.24461815372404966,0.28356913134093475,0.13787619359911096,3.552713678800501e-15,0.17582125129614223,2.540390706070454,0.14047397470014936
Queue-load-0.45,0.45,4,4,32,452,811,QP+G,60,60.0,60.0,5.859009500000013,-0.24352969570818622,0.28039474721995017,0.13171463804106387,3.552713678800501e-15,0.17614235364150413,2.5392709333095502,0.14021180776325684
Queue-load-0.45,0.45,4,4,32,452,811,noG,0,0.0,0.0,4.9999999873762135e-06,-0.2905020687005793,0.402339643710674,0.20132981983919387,5.329070518200751e-15,0.15469281077960725,2.619873774886329,0.1574190958053234
Queue-load-0.45,0.45,4,4,32,452,811,noG,5,5.0,0.0,0.23271909999999707,-0.28006757287766004,0.38676632113394754,0.19826735208834564,5.329070518200751e-15,0.16024240550733812,2.599895808980177,0.15292097296738968
Queue-load-0.45,0.45,4,4,32,452,811,noG,10,10.0,0.0,0.46858020000001943,-0.27193022849526044,0.37131235597448053,0.19140868107140818,5.329070518200751e-15,0.16439300204048699,2.5849781223344706,0.1495555178366465
Queue-load-0.45,0.45,4,4,32,452,811,noG,15,15.0,0.0,0.7045329000000038,-0.26580950441877627,0.35558138906743053,0.18356389549864147,3.552713678800501e-15,0.16733926908171132,2.5740336449074555,0.14718527592315972
Queue-load-0.45,0.45,4,4,32,452,811,noG,20,20.0,0.0,0.9365154999999845,-0.25985852520905167,0.3383781813812454,0.17697754052711703,3.552713678800501e-15,0.17012914169118667,2.5635274212579997,0.14494836245312928
Queue-load-0.45,0.45,4,4,32,452,811,noG,25,25.0,0.0,1.1639455999999768,-0.2551857375464358,0.32358060622366197,0.17249108394372564,4.440892098500626e-15,0.17217713534964268,2.554346082713134,0.1433835971391398
Queue-load-0.45,0.45,4,4,32,452,811,noG,30,30.0,0.0,1.390310999999997,-0.25171425779782297,0.3120290499402989,0.16954689672888623,4.440892098500626e-15,0.17359615656004146,2.547460017235171,0.14232700042758126
Queue-load-0.45,0.45,4,4,32,452,811,noG,35,35.0,0.0,1.6226199999999835,-0.25073831811977054,0.30415260514407805,0.1666153141118026,3.552713678800501e-15,0.1737708348161447,2.54659293816009,0.14219795791227186
Queue-load-0.45,0.45,4,4,32,452,811,noG,40,40.0,0.0,1.8516192999999816,-0.24951315195772694,0.2981155491008875,0.16214957762074708,3.552713678800501e-15,0.1740481802656262,2.545423137972104,0.14198218089373696
Queue-load-0.45,0.45,4,4,32,452,811,noG,45,45.0,0.0,2.0763913000000116,-0.24801912555368869,0.2946723156487115,0.1557213919967807,3.552713678800501e-15,0.17445485791326681,2.5440629565844257,0.14164709174018433
Queue-load-0.45,0.45,4,4,32,452,811,noG,50,50.0,0.0,2.3146552000000042,-0.2467056695168582,0.29214575149585453,0.14819298664989752,5.329070518200751e-15,0.1748071049301099,2.5437253769421897,0.141312612072933
Queue-load-0.45,0.45,4,4,32,452,811,noG,55,55.0,0.0,2.54646409999998,-0.24591611681781803,0.28986537935301887,0.14079206320569398,3.552713678800501e-15,0.1748979686219617,2.543986834742352,0.14120798744423047
Queue-load-0.45,0.45,4,4,32,452,811,noG,60,60.0,0.0,2.7917004999999904,-0.24527771143601354,0.2874447057062488,0.1342763507876323,3.552713678800501e-15,0.17493087695532178,2.544016940750413,0.1411734945841304
Queue-load-0.45,0.45,4,4,32,452,811,GDA,0,0.0,0.0,5.29999999798747e-06,-0.2905020687005793,0.402339643710674,0.20132981983919387,5.329070518200751e-15,0.15469281077960725,2.619873774886329,0.1574190958053234
Queue-load-0.45,0.45,4,4,32,452,811,GDA,5,5.0,0.0,0.04171739999998181,-0.28006757287766004,0.38676632113394754,0.19826735208834564,5.329070518200751e-15,0.16024240550733812,2.599895808980177,0.15292097296738968
Queue-load-0.45,0.45,4,4,32,452,811,GDA,10,10.0,0.0,0.08166009999996504,-0.27193022849526044,0.37131235597448053,0.19140868107140818,5.329070518200751e-15,0.16439300204048699,2.5849781223344706,0.1495555178366465
Queue-load-0.45,0.45,4,4,32,452,811,GDA,15,15.0,0.0,0.12009199999999964,-0.26580950441877627,0.35558138906743053,0.18356389549864147,3.552713678800501e-15,0.16733926908171132,2.5740336449074555,0.14718527592315972
Queue-load-0.45,0.45,4,4,32,452,811,GDA,20,20.0,0.0,0.15812110000001667,-0.25985852520905167,0.3383781813812454,0.17697754052711703,3.552713678800501e-15,0.17012914169118667,2.5635274212579997,0.14494836245312928
Queue-load-0.45,0.45,4,4,32,452,811,GDA,25,25.0,0.0,0.1956751999999824,-0.2551857375464358,0.32358060622366197,0.17249108394372564,4.440892098500626e-15,0.17217713534964268,2.554346082713134,0.1433835971391398
Queue-load-0.45,0.45,4,4,32,452,811,GDA,30,30.0,0.0,0.23341769999996131,-0.25171425779782297,0.3120290499402989,0.16954689672888623,4.440892098500626e-15,0.17359615656004146,2.547460017235171,0.14232700042758126
Queue-load-0.45,0.45,4,4,32,452,811,GDA,35,35.0,0.0,0.27111429999996517,-0.25073831811977054,0.30415260514407805,0.1666153141118026,3.552713678800501e-15,0.1737708348161447,2.54659293816009,0.14219795791227186
Queue-load-0.45,0.45,4,4,32,452,811,GDA,40,40.0,0.0,0.3196247999999855,-0.24951315195772694,0.2981155491008875,0.16214957762074708,3.552713678800501e-15,0.1740481802656262,2.545423137972104,0.14198218089373696
Queue-load-0.45,0.45,4,4,32,452,811,GDA,45,45.0,0.0,0.36497439999999415,-0.24801912555368869,0.2946723156487115,0.1557213919967807,3.552713678800501e-15,0.17445485791326681,2.5440629565844257,0.14164709174018433
Queue-load-0.45,0.45,4,4,32,452,811,GDA,50,50.0,0.0,0.4122244000000137,-0.2467056695168582,0.29214575149585453,0.14819298664989752,5.329070518200751e-15,0.1748071049301099,2.5437253769421897,0.141312612072933
Queue-load-0.45,0.45,4,4,32,452,811,GDA,55,55.0,0.0,0.4599268000000052,-0.24591611681781803,0.28986537935301887,0.14079206320569398,3.552713678800501e-15,0.1748979686219617,2.543986834742352,0.14120798744423047
Queue-load-0.45,0.45,4,4,32,452,811,GDA,60,60.0,0.0,0.5078679999999736,-0.24527771143601354,0.2874447057062488,0.1342763507876323,3.552713678800501e-15,0.17493087695532178,2.544016940750413,0.1411734945841304
Queue-load-0.45,0.45,4,4,32,452,811,EGM,0,0.0,0.0,6.299999995462713e-06,-0.2905020687005793,0.402339643710674,0.20132981983919387,5.329070518200751e-15,0.15469281077960725,2.619873774886329,0.1574190958053234
Queue-load-0.45,0.45,4,4,32,452,811,EGM,5,5.0,0.0,0.06675619999998617,-0.28008449099247307,0.38638277143826066,0.19818698303588408,3.552713678800501e-15,0.16023155245799753,2.5999209205979157,0.15293050435263944
Queue-load-0.45,0.45,4,4,32,452,811,EGM,10,10.0,0.0,0.13241729999998597,-0.2719246886727957,0.37045999628319704,0.1913657466574696,5.329070518200751e-15,0.1643978775237136,2.5849344658668763,0.14955294006224087
Queue-load-0.45,0.45,4,4,32,452,811,EGM,15,15.0,0.0,0.1909962999999948,-0.2656567899279198,0.3541588175578064,0.18360602854232919,3.552713678800501e-15,0.16743047868090102,2.573645711859019,0.14711448385283493
Queue-load-0.45,0.45,4,4,32,452,811,EGM,20,20.0,0.0,0.2529422000000068,-0.2596245270976895,0.33659236618353533,0.1770478464945391,5.329070518200751e-15,0.17026366435993356,2.562716277044965,0.14485653158506842
Queue-load-0.45,0.45,4,4,32,452,811,EGM,25,25.0,0.0,0.30955529999999953,-0.2547977689744912,0.32174247021206004,0.17244722661816772,4.440892098500626e-15,0.17239854364867363,2.5531545076988973,0.14322490331454255
Queue-load-0.45,0.45,4,4,32,452,811,EGM,30,30.0,0.0,0.36502310000003035,-0.251811545148524,0.31063130845557463,0.16917348537784743,3.552713678800501e-15,0.1735782057414802,2.54737610465615,0.14234936769767023
Queue-load-0.45,0.45,4,4,32,452,811,EGM,35,35.0,0.0,0.4264577000000145,-0.250750837055641,0.30250997165598487,0.16571708649651648,3.552713678800501e-15,0.17379995916300325,2.5464718538313273,0.14217520642482176
Queue-load-0.45,0.45,4,4,32,452,811,EGM,40,40.0,0.0,0.4836892000000148,-0.24933654371984812,0.2967244239945422,0.16075175416324675,3.552713678800501e-15,0.17417250022274527,2.5449407758527722,0.14188324841658287
Queue-load-0.45,0.45,4,4,32,452,811,EGM,45,45.0,0.0,0.5378602000000114,-0.2477550025232793,0.29294133648093285,0.15411869693463243,3.552713678800501e-15,0.17463459008628132,2.5434945673813285,0.14149727478838584
Queue-load-0.45,0.45,4,4,32,452,811,EGM,50,50.0,0.0,0.5919058000000064,-0.24635080645670474,0.2902605041334187,0.14671534042682177,3.552713678800501e-15,0.17504497002778174,2.5429282316628714,0.14111670198996182
Queue-load-0.45,0.45,4,4,32,452,811,EGM,55,55.0,0.0,0.6443641000000184,-0.2455097447308788,0.28779565809533886,0.13958864020850018,3.552713678800501e-15,0.1751719222595169,2.5429349916070376,0.1409893939716916
Queue-load-0.45,0.45,4,4,32,452,811,EGM,60,60.0,0.0,0.6966062000000193,-0.24474447410135086,0.28516648744376005,0.133297627321498,3.552713678800501e-15,0.17528466894455644,2.5426473195787587,0.1408917879197197
Queue-load-0.45,0.45,4,4,32,452,811,PPM-3,0,0.0,0.0,6.700000028558861e-06,-0.2905020687005793,0.402339643710674,0.20132981983919387,5.329070518200751e-15,0.15469281077960725,2.619873774886329,0.1574190958053234
Queue-load-0.45,0.45,4,4,32,452,811,PPM-3,5,15.0,0.0,0.08308070000003909,-0.2800826921026239,0.3863779394635305,0.19819074585441945,5.329070518200751e-15,0.16023257519978032,2.599916895009576,0.1529296934839266
Queue-load-0.45,0.45,4,4,32,452,811,PPM-3,10,30.0,0.0,0.16521620000003168,-0.2719164985996989,0.37044929927793274,0.1913697640567759,3.552713678800501e-15,0.16440235411694007,2.584917610532258,0.14954935059188879
Queue-load-0.45,0.45,4,4,32,452,811,PPM-3,15,45.0,0.0,0.2433095000000094,-0.2656424779094479,0.3541451503842984,0.18360676999131914,3.552713678800501e-15,0.1674381830626486,2.573616612970467,0.14710831099153737
Queue-load-0.45,0.45,4,4,32,452,811,PPM-3,20,60.0,0.0,0.3224670000000174,-0.25960567620190983,0.3365752018297006,0.17704393526347773,3.552713678800501e-15,0.170273693778573,2.5626787416932073,0.144848477711259
Queue-load-0.45,0.45,4,4,32,452,811,PPM-3,25,75.0,0.0,0.39952500000003965,-0.2547783396457817,0.32172182806153204,0.17243825735388554,3.552713678800501e-15,0.17240871393857782,2.5531154121136193,0.14321679068702134
Queue-load-0.45,0.45,4,4,32,452,811,PPM-3,30,90.0,0.0,0.47593420000004016,-0.25178772403546723,0.3106006728473779,0.16915961062656412,3.552713678800501e-15,0.17359055635797585,2.5473293129698376,0.14233947980150644
Queue-load-0.45,0.45,4,4,32,452,811,PPM-3,35,105.0,0.0,0.5540617000000339,-0.2507274658110509,0.3024793968009279,0.16570116456746942,5.329070518200751e-15,0.1738120599661859,2.5464261238901633,0.1421655124606476
Queue-load-0.45,0.45,4,4,32,452,811,PPM-3,40,120.0,0.0,0.6306375000000344,-0.2493153083457295,0.2966779632798106,0.16073950600201511,3.552713678800501e-15,0.17418361893175452,2.544898859236157,0.14187433584528972
Queue-load-0.45,0.45,4,4,32,452,811,PPM-3,45,135.0,0.0,0.7058604000000059,-0.24773453191228997,0.2928944299966299,0.1541137305640121,3.552713678800501e-15,0.17464528084207617,2.5434499676600515,0.14148893138634253
Queue-load-0.45,0.45,4,4,32,452,811,PPM-3,50,150.0,0.0,0.779876100000024,-0.2463317940692822,0.2902184725001492,0.14671633461643374,7.105427357601002e-15,0.17505493586467785,2.542884788355563,0.14110902264292408
Queue-load-0.45,0.45,4,4,32,452,811,PPM-3,55,165.0,0.0,0.8674632000000315,-0.2454897512096276,0.2877562062733767,0.139592003958078,5.329070518200751e-15,0.175182594481076,2.542892674186224,0.1409809489828068
Queue-load-0.45,0.45,4,4,32,452,811,PPM-3,60,180.0,0.0,0.9584280000000263,-0.24472650220701622,0.2851294378381962,0.13330025902738413,5.329070518200751e-15,0.17529429224209894,2.5426090780721182,0.1408841773330529
Queue-load-0.70,0.7,4,4,32,452,800,QP+G,0,0.0,0.0,4.900000021734741e-06,-0.4468507299496482,0.5152616001268935,0.1866416470431853,7.105427357601002e-15,0.17982982162954483,3.1446787774866416,0.3546607690290526
Queue-load-0.70,0.7,4,4,32,452,800,QP+G,5,5.0,5.0,0.6589723999999819,-0.43620084888603483,0.49940521145821076,0.18966832257410457,5.329070518200751e-15,0.18585217383840957,3.1356556128658775,0.34911332022128116
Queue-load-0.70,0.7,4,4,32,452,800,QP+G,10,10.0,10.0,1.3303458999999975,-0.4345411395374685,0.49391915883704074,0.18940125220504203,7.105427357601002e-15,0.18681774491358186,3.134254903360698,0.3482214706990122
Queue-load-0.70,0.7,4,4,32,452,800,QP+G,15,15.0,15.0,1.9323818999999958,-0.4330642064988906,0.4886255865398094,0.18902644586790973,5.329070518200751e-15,0.1876810538216015,3.1330443012323155,0.3474218776924865
Queue-load-0.70,0.7,4,4,32,452,800,QP+G,20,20.0,20.0,2.510918199999992,-0.4316594489693426,0.4833860982754361,0.18858828456864646,5.329070518200751e-15,0.18850024939637583,3.131895205550942,0.34666316083778526
Queue-load-0.70,0.7,4,4,32,452,800,QP+G,25,25.0,25.0,3.0462433999999803,-0.4303124850003336,0.47819012480434436,0.18808928326413554,8.881784197001252e-15,0.1892876901426249,3.1308242204986834,0.345932087725865
Queue-load-0.70,0.7,4,4,32,452,800,QP+G,30,30.0,30.0,3.662811299999987,-0.4290378558602716,0.4730559672643746,0.18753272563293336,3.552713678800501e-15,0.1900292872249019,3.129811069745721,0.3452438143674273
Queue-load-0.70,0.7,4,4,32,452,800,QP+G,35,35.0,35.0,4.184098500000005,-0.427804399927429,0.4679561734250418,0.18692247577487414,7.105427357601002e-15,0.19074933895448581,3.12886543064703,0.34457353311672273
Queue-load-0.70,0.7,4,4,32,452,800,QP+G,40,40.0,40.0,4.705347200000006,-0.4266030688787039,0.4628853559294555,0.18626283391376483,5.329070518200751e-15,0.19144871026114546,3.127905292058169,0.3439246954200039
Queue-load-0.70,0.7,4,4,32,452,800,QP+G,45,45.0,45.0,5.538111700000002,-0.4254926813846675,0.4579059458883238,0.18555842583074988,3.552713678800501e-15,0.192101896371349,3.1271395208642963,0.343311813056846
Queue-load-0.70,0.7,4,4,32,452,800,QP+G,50,50.0,50.0,6.184554800000001,-0.42441789467634444,0.4529661611855486,0.18481411673135625,5.329070518200751e-15,0.19273051350744444,3.1263662526175175,0.342723894249528
Queue-load-0.70,0.7,4,4,32,452,800,QP+G,55,55.0,55.0,6.7458034,-0.42348649667520494,0.4481772918628957,0.18403494184877486,5.329070518200751e-15,0.19326823809183338,3.1255930598154316,0.3422268640231437
Queue-load-0.70,0.7,4,4,32,452,800,QP+G,60,60.0,60.0,7.265462300000024,-0.4226432648339268,0.443487548919884,0.18322604786851002,5.329070518200751e-15,0.19375691411955714,3.1249193644783753,0.341773645644738
Queue-load-0.70,0.7,4,4,32,452,800,noG,0,0.0,0.0,5.400000020472362e-06,-0.4468507299496482,0.5152616001268935,0.1866416470431853,7.105427357601002e-15,0.17982982162954483,3.1446787774866416,0.3546607690290526
Queue-load-0.70,0.7,4,4,32,452,800,noG,5,5.0,0.0,0.23593660000000227,-0.43748670536855166,0.5042388966283334,0.1899972989132438,5.329070518200751e-15,0.18509640363234164,3.1367921085726604,0.34980927486383406
Queue-load-0.70,0.7,4,4,32,452,800,noG,10,10.0,0.0,0.4789312999999993,-0.4372400906550598,0.5039252802280555,0.1900894739901003,5.329070518200751e-15,0.18523575296826741,3.136603533445907,0.3496798505345794
Queue-load-0.70,0.7,4,4,32,452,800,noG,15,15.0,0.0,0.7141948000000298,-0.43723666416397217,0.5039209152847411,0.19009075337761186,5.329070518200751e-15,0.18523768906246263,3.1366009126734298,0.3496780523757775
Queue-load-0.70,0.7,4,4,32,452,800,noG,20,20.0,0.0,0.9432095000000231,-0.43723661640898653,0.5039208544491021,0.1900907712081769,7.105427357601002e-15,0.18523771604578815,3.136600876147608,0.34967802731486386
Queue-load-0.70,0.7,4,4,32,452,800,noG,25,25.0,0.0,1.1778022999999962,-0.4372366157434247,0.5039208536012347,0.19009077145668152,5.329070518200751e-15,0.18523771642185494,3.1366008756385457,0.3496780269655896
Queue-load-0.70,0.7,4,4,32,452,800,noG,30,30.0,0.0,1.4016177999999968,-0.4372366157343113,0.5039208535896251,0.19009077146008427,5.329070518200751e-15,0.1852377164270042,3.1366008756315744,0.34967802696080696
Queue-load-0.70,0.7,4,4,32,452,800,noG,35,35.0,0.0,1.6325566000000435,-0.43723661573406675,0.5039208535893136,0.1900907714601749,3.552713678800501e-15,0.18523771642714215,3.1366008756313866,0.3496780269606786
Queue-load-0.70,0.7,4,4,32,452,800,noG,40,40.0,0.0,1.8992890000000102,-0.43723661573406675,0.5039208535893136,0.1900907714601749,3.552713678800501e-15,0.18523771642714215,3.1366008756313866,0.3496780269606786
Queue-load-0.70,0.7,4,4,32,452,800,noG,45,45.0,0.0,2.1643372999999997,-0.43723661573406675,0.5039208535893136,0.1900907714601749,3.552713678800501e-15,0.18523771642714215,3.1366008756313866,0.3496780269606786
Queue-load-0.70,0.7,4,4,32,452,800,noG,50,50.0,0.0,2.418386499999997,-0.43723661573406675,0.5039208535893136,0.1900907714601749,3.552713678800501e-15,0.18523771642714215,3.1366008756313866,0.3496780269606786
Queue-load-0.70,0.7,4,4,32,452,800,noG,55,55.0,0.0,2.6807196000000317,-0.43723661573406675,0.5039208535893136,0.1900907714601749,3.552713678800501e-15,0.18523771642714215,3.1366008756313866,0.3496780269606786
Queue-load-0.70,0.7,4,4,32,452,800,noG,60,60.0,0.0,2.9241645000000176,-0.43723661573406675,0.5039208535893136,0.1900907714601749,3.552713678800501e-15,0.18523771642714215,3.1366008756313866,0.3496780269606786
Queue-load-0.70,0.7,4,4,32,452,800,GDA,0,0.0,0.0,6.399999961104186e-06,-0.4468507299496482,0.5152616001268935,0.1866416470431853,7.105427357601002e-15,0.17982982162954483,3.1446787774866416,0.3546607690290526
Queue-load-0.70,0.7,4,4,32,452,800,GDA,5,5.0,0.0,0.04679319999996778,-0.4312033784553605,0.49612618793873975,0.19245237463897408,5.329070518200751e-15,0.1886548219690457,3.1322569586814417,0.34648954862666764
Queue-load-0.70,0.7,4,4,32,452,800,GDA,10,10.0,0.0,0.1082302999999456,-0.42131612708107485,0.4782423017397257,0.19935532551116916,5.329070518200751e-15,0.19405309778708077,3.1250075012573673,0.3414728231993743
Queue-load-0.70,0.7,4,4,32,452,800,GDA,15,15.0,0.0,0.152341999999976,-0.4164044930043314,0.4601644284135112,0.20575173489229953,5.329070518200751e-15,0.1963649982284378,3.120468492287181,0.33939981796697294
Queue-load-0.70,0.7,4,4,32,452,800,GDA,20,20.0,0.0,0.2062104999999974,-0.4155895775899377,0.4407154080441406,0.2099557638614762,5.329070518200751e-15,0.1961024050902547,3.117786405681789,0.3398035735580721
Queue-load-0.70,0.7,4,4,32,452,800,GDA,25,25.0,0.0,0.2743486999999618,-0.415959023254547,0.41723175116063926,0.21153344398973303,5.329070518200751e-15,0.195179875097824,3.1178410379575,0.340723228167571
Queue-load-0.70,0.7,4,4,32,452,800,GDA,30,30.0,0.0,0.3933635999999865,-0.4164361125054475,0.3895929597357468,0.2104969442635571,5.329070518200751e-15,0.19422094101013146,3.1187975633160248,0.34163181881534066
Queue-load-0.70,0.7,4,4,32,452,800,GDA,35,35.0,0.0,0.4535920999999803,-0.41641730403882565,0.3588218358024844,0.20654824935925076,7.105427357601002e-15,0.19360448120269247,3.120150260378697,0.3421770840405331
Queue-load-0.70,0.7,4,4,32,452,800,GDA,40,40.0,0.0,0.5032473999999638,-0.41607362628675554,0.3328787278580639,0.19929878576551674,5.329070518200751e-15,0.19321181033214352,3.1213759897055837,0.342505242841247
Queue-load-0.70,0.7,4,4,32,452,800,GDA,45,45.0,0.0,0.5509194999999636,-0.41689072317293724,0.3241959857879988,0.18908931971182566,5.329070518200751e-15,0.19214671827082566,3.1230018221444515,0.3434847647742012
Queue-load-0.70,0.7,4,4,32,452,800,GDA,50,50.0,0.0,0.5975798999999711,-0.4175263018691339,0.3166637811466084,0.17732980077192018,3.552713678800501e-15,0.1912328664709601,3.1243955021795,0.34432526499327654
Queue-load-0.70,0.7,4,4,32,452,800,GDA,55,55.0,0.0,0.6429214999999999,-0.4178963712886917,0.30787251082920214,0.16576918755973724,5.329070518200751e-15,0.19053442791555797,3.1253967998259484,0.34497100367254946
Queue-load-0.70,0.7,4,4,32,452,800,GDA,60,60.0,0.0,0.6860798999999815,-0.41801636414730226,0.2983491463148483,0.15557752679465195,5.329070518200751e-15,0.19005656240260702,3.1260268515723735,0.3454157085672675
Queue-load-0.70,0.7,4,4,32,452,800,EGM,0,0.0,0.0,5.7999999967250915e-06,-0.4468507299496482,0.5152616001268935,0.1866416470431853,7.105427357601002e-15,0.17982982162954483,3.1446787774866416,0.3546607690290526
Queue-load-0.70,0.7,4,4,32,452,800,EGM,5,5.0,0.0,0.0635131999999885,-0.4308533929832068,0.49496504435017896,0.19240313871748485,5.329070518200751e-15,0.1888599668530022,3.1319830083955438,0.3462988221788117
Queue-load-0.70,0.7,4,4,32,452,800,EGM,10,10.0,0.0,0.13245879999999488,-0.42087957851274516,0.4759815166349691,0.19903920895535587,5.329070518200751e-15,0.19430606666696523,3.1246493597403,0.34123870387301874
Queue-load-0.70,0.7,4,4,32,452,800,EGM,15,15.0,0.0,0.19263969999997244,-0.4158318210376322,0.4566446611945172,0.20485735662502327,5.329070518200751e-15,0.1966981679043432,3.1200215665694633,0.3390901706972641
Queue-load-0.70,0.7,4,4,32,452,800,EGM,20,20.0,0.0,0.2616371999999956,-0.41505844244518003,0.436158448286449,0.20840384007006554,5.329070518200751e-15,0.19641764357150726,3.1173080897851007,0.33951350959769727
Queue-load-0.70,0.7,4,4,32,452,800,EGM,25,25.0,0.0,0.3239341999999965,-0.4152775000238103,0.41168046914374123,0.20939184403623748,3.552713678800501e-15,0.1956061565422478,3.117282416277849,0.34032634786418137
Queue-load-0.70,0.7,4,4,32,452,800,EGM,30,30.0,0.0,0.3844404999999824,-0.41570564885593103,0.383568845367928,0.20782399487111022,3.552713678800501e-15,0.1946979771369794,3.1181841497455722,0.3411870676132532
Queue-load-0.70,0.7,4,4,32,452,800,EGM,35,35.0,0.0,0.4437789999999495,-0.4156704581770114,0.35289561993115826,0.20342149051323882,5.329070518200751e-15,0.19411609573180225,3.1195213465675504,0.34169857023832667
Queue-load-0.70,0.7,4,4,32,452,800,EGM,40,40.0,0.0,0.5006773999999723,-0.4155364075270193,0.3295653997480865,0.19591732234500306,5.329070518200751e-15,0.19361464096692985,3.1207803599788027,0.3421337611394483
Queue-load-0.70,0.7,4,4,32,452,800,EGM,45,45.0,0.0,0.5565777999999568,-0.41633301321379096,0.3215359767391548,0.1858037974753957,5.329070518200751e-15,0.1925762498914037,3.1223341745958506,0.3430903724982874
Queue-load-0.70,0.7,4,4,32,452,800,EGM,50,50.0,0.0,0.6148617999999715,-0.4168922577604956,0.3135741859631669,0.1744767565576171,5.329070518200751e-15,0.19172511531806802,3.123615459532659,0.34387407102231715
Queue-load-0.70,0.7,4,4,32,452,800,EGM,55,55.0,0.0,0.6691534999999931,-0.41717095505815616,0.30443009174037655,0.16348381014604993,5.329070518200751e-15,0.1910996678940309,3.1244955592162578,0.3444531974103756
Queue-load-0.70,0.7,4,4,32,452,800,EGM,60,60.0,0.0,0.7231810999999766,-0.4171887247513609,0.29466801360605754,0.15377951491903388,8.881784197001252e-15,0.19070015927894504,3.124999791249197,0.3448261674974125
Queue-load-0.70,0.7,4,4,32,452,800,PPM-3,0,0.0,0.0,5.600000008598727e-06,-0.4468507299496482,0.5152616001268935,0.1866416470431853,7.105427357601002e-15,0.17982982162954483,3.1446787774866416,0.3546607690290526
Queue-load-0.70,0.7,4,4,32,452,800,PPM-3,5,15.0,0.0,0.08116960000000972,-0.4308542188941232,0.4949542252543725,0.19239800343966476,5.329070518200751e-15,0.18885945132342277,3.1319840604183207,0.34629928233877044
Queue-load-0.70,0.7,4,4,32,452,800,PPM-3,10,30.0,0.0,0.1654404000000227,-0.42088045254629614,0.47596447006187104,0.19902234880563482,3.552713678800501e-15,0.19430566595987048,3.12465105576514,0.3412390153156479
Queue-load-0.70,0.7,4,4,32,452,800,PPM-3,15,45.0,0.0,0.2486978000000022,-0.41582950742458724,0.4566283017646091,0.20483450032948772,5.329070518200751e-15,0.19670010727037146,3.1200205534342325,0.33908828465414265
Queue-load-0.70,0.7,4,4,32,452,800,PPM-3,20,60.0,0.0,0.33158209999999144,-0.4150451116945339,0.4361462469115511,0.2083856684466281,5.329070518200751e-15,0.19642680298465354,3.1173011611874544,0.3395047148475857
Queue-load-0.70,0.7,4,4,32,452,800,PPM-3,25,75.0,0.0,0.4131922999999915,-0.41525935993671653,0.41168740155607286,0.20938235866839175,5.329070518200751e-15,0.19561819230638114,3.1172646774756276,0.3403152457212168
Queue-load-0.70,0.7,4,4,32,452,800,PPM-3,30,90.0,0.0,0.49178649999998925,-0.41569113161720495,0.38360697158454105,0.20782526262898154,5.329070518200751e-15,0.19470798099645917,3.118168643264927,0.3411778798843337
Queue-load-0.70,0.7,4,4,32,452,800,PPM-3,35,105.0,0.0,0.5710786999999868,-0.41566004718708566,0.35295887693076067,0.2034350171551125,5.329070518200751e-15,0.19412348442565486,3.1195091173827874,0.34169182518577695
Queue-load-0.70,0.7,4,4,32,452,800,PPM-3,40,120.0,0.0,0.6524547999999868,-0.4155255863963294,0.32956797782301717,0.195942213884076,3.552713678800501e-15,0.19362195873905813,3.120769028019228,0.34212703978624537
Queue-load-0.70,0.7,4,4,32,452,800,PPM-3,45,135.0,0.0,0.7346860999999762,-0.4163227768154902,0.32151419370826084,0.18583638222524945,5.329070518200751e-15,0.19258288753123654,3.122323574036718,0.34308429278262004
Queue-load-0.70,0.7,4,4,32,452,800,PPM-3,50,150.0,0.0,0.8158715999999799,-0.4168824409247539,0.31355554054811086,0.174511437778449,5.329070518200751e-15,0.19173122699509165,3.123605778079066,0.34386846889548284
Queue-load-0.70,0.7,4,4,32,452,800,PPM-3,55,165.0,0.0,0.8996799999999894,-0.41716156917170305,0.3044148223566022,0.16351555995029576,5.329070518200751e-15,0.19110526317234025,3.124486797475838,0.3444480632762995
Queue-load-0.70,0.7,4,4,32,452,800,PPM-3,60,180.0,0.0,0.9783638999999766,-0.417179812980122,0.29465569139434955,0.15380569815854192,5.329070518200751e-15,0.19070523481187757,3.124991912128533,0.34482150665504163
Queue-load-0.70,0.7,4,4,32,452,801,QP+G,0,0.0,0.0,4.199999978027336e-06,-0.4614150757663404,0.5309703708570337,0.21274233338246137,5.329070518200751e-15,0.17197879320172133,3.1521901442986944,0.36211646236150447
Queue-load-0.70,0.7,4,4,32,452,801,QP+G,5,5.0,5.0,0.5094305999999733,-0.4589922802832238,0.525260692241861,0.2130012812791621,5.329070518200751e-15,0.1734249837991238,3.15058510141952,0.3607547477051121
Queue-load-0.70,0.7,4,4,32,452,801,QP+G,10,10.0,10.0,1.0579161,-0.4575166366865235,0.5204420794256446,0.21307410978841454,8.881784197001252e-15,0.1742908664874502,3.149343255980004,0.35995422530307536
Queue-load-0.70,0.7,4,4,32,452,801,QP+G,15,15.0,15.0,1.5839272999999707,-0.45630592759595606,0.5158509366366677,0.21295799839250026,5.329070518200751e-15,0.17499659715226398,3.148347785571301,0.3593008878176678
Queue-load-0.70,0.7,4,4,32,452,801,QP+G,20,20.0,20.0,2.0989500999999677,-0.4552240158054341,0.5113692703252869,0.21265844429136932,5.329070518200751e-15,0.17562461993337347,3.1475208348893338,0.3587163887566614
Queue-load-0.70,0.7,4,4,32,452,801,QP+G,25,25.0,25.0,2.597985499999993,-0.45429796197489664,0.5070408610972452,0.21218790617006283,7.105427357601002e-15,0.17616154303058187,3.1469352381768663,0.35821028653905707
Queue-load-0.70,0.7,4,4,32,452,801,QP+G,30,30.0,30.0,3.2364120999999955,-0.4534408900822852,0.5027934403016945,0.21156396026901597,5.329070518200751e-15,0.17665405195588438,3.1463946709175112,0.3577462285221412
Queue-load-0.70,0.7,4,4,32,452,801,QP+G,35,35.0,35.0,3.9256533999999874,-0.4526811307876131,0.49866744223050324,0.21080730574650852,5.329070518200751e-15,0.177088472727683,3.1460064518114383,0.3573322403348724
Queue-load-0.70,0.7,4,4,32,452,801,QP+G,40,40.0,40.0,4.53220859999999,-0.4520039535487703,0.49465762574439454,0.2099399099187605,5.329070518200751e-15,0.177472885726,3.1456950722024755,0.35696421573702775
Queue-load-0.70,0.7,4,4,32,452,801,QP+G,45,45.0,45.0,5.076910399999974,-0.45135884988355107,0.49072087054440316,0.20898348728964924,8.881784197001252e-15,0.17783615962935342,3.1453953872920573,0.35661671472369516
Queue-load-0.70,0.7,4,4,32,452,801,QP+G,50,50.0,50.0,5.621950900000002,-0.450739444649706,0.4868560067085629,0.20795839766492463,1.0658141036401503e-14,0.17818238766493355,3.145106632535184,0.3562856843068994
Queue-load-0.70,0.7,4,4,32,452,801,QP+G,55,55.0,55.0,6.142947399999969,-0.4501426935085896,0.48306195894922155,0.20688295857935945,5.329070518200751e-15,0.1785169387684561,3.144864144416611,0.35596389573593307
Queue-load-0.70,0.7,4,4,32,452,801,QP+G,60,60.0,60.0,6.651731699999971,-0.4497610381530887,0.47953250729001223,0.20577311014674846,7.105427357601002e-15,0.178717329221765,3.1446552442013367,0.35577450003079575
Queue-load-0.70,0.7,4,4,32,452,801,noG,0,0.0,0.0,5.100000009861105e-06,-0.4614150757663404,0.5309703708570337,0.21274233338246137,5.329070518200751e-15,0.17197879320172133,3.1521901442986944,0.36211646236150447
Queue-load-0.70,0.7,4,4,32,452,801,noG,5,5.0,0.0,0.22518639999998413,-0.4614150757663404,0.5309703708570337,0.21274233338246137,5.329070518200751e-15,0.17197879320172133,3.1521901442986944,0.36211646236150447
Queue-load-0.70,0.7,4,4,32,452,801,noG,10,10.0,0.0,0.4495387999999707,-0.4614150757663404,0.5309703708570337,0.21274233338246137,5.329070518200751e-15,0.17197879320172133,3.1521901442986944,0.36211646236150447
Queue-load-0.70,0.7,4,4,32,452,801,noG,15,15.0,0.0,0.6746016999999824,-0.4614150757663404,0.5309703708570337,0.21274233338246137,5.329070518200751e-15,0.17197879320172133,3.1521901442986944,0.36211646236150447
Queue-load-0.70,0.7,4,4,32,452,801,noG,20,20.0,0.0,0.9030214000000001,-0.4614150757663404,0.5309703708570337,0.21274233338246137,5.329070518200751e-15,0.17197879320172133,3.1521901442986944,0.36211646236150447
Queue-load-0.70,0.7,4,4,32,452,801,noG,25,25.0,0.0,1.1247445000000198,-0.4614150757663404,0.5309703708570337,0.21274233338246137,5.329070518200751e-15,0.17197879320172133,3.1521901442986944,0.36211646236150447
Queue-load-0.70,0.7,4,4,32,452,801,noG,30,30.0,0.0,1.348895299999981,-0.4614150757663404,0.5309703708570337,0.21274233338246137,5.329070518200751e-15,0.17197879320172133,3.1521901442986944,0.36211646236150447
Queue-load-0.70,0.7,4,4,32,452,801,noG,35,35.0,0.0,1.581267299999979,-0.4614150757663404,0.5309703708570337,0.21274233338246137,5.329070518200751e-15,0.17197879320172133,3.1521901442986944,0.36211646236150447
Queue-load-0.70,0.7,4,4,32,452,801,noG,40,40.0,0.0,1.808640099999991,-0.4614150757663404,0.5309703708570337,0.21274233338246137,5.329070518200751e-15,0.17197879320172133,3.1521901442986944,0.36211646236150447
Queue-load-0.70,0.7,4,4,32,452,801,noG,45,45.0,0.0,2.0352695999999924,-0.4614150757663404,0.5309703708570337,0.21274233338246137,5.329070518200751e-15,0.17197879320172133,3.1521901442986944,0.36211646236150447
Queue-load-0.70,0.7,4,4,32,452,801,noG,50,50.0,0.0,2.25908579999998,-0.4614150757663404,0.5309703708570337,0.21274233338246137,5.329070518200751e-15,0.17197879320172133,3.1521901442986944,0.36211646236150447
Queue-load-0.70,0.7,4,4,32,452,801,noG,55,55.0,0.0,2.4944969000000015,-0.4614150757663404,0.5309703708570337,0.21274233338246137,5.329070518200751e-15,0.17197879320172133,3.1521901442986944,0.36211646236150447
Queue-load-0.70,0.7,4,4,32,452,801,noG,60,60.0,0.0,2.726466099999982,-0.4614150757663404,0.5309703708570337,0.21274233338246137,5.329070518200751e-15,0.17197879320172133,3.1521901442986944,0.36211646236150447
Queue-load-0.70,0.7,4,4,32,452,801,GDA,0,0.0,0.0,5.7000000310836185e-06,-0.4614150757663404,0.5309703708570337,0.21274233338246137,5.329070518200751e-15,0.17197879320172133,3.1521901442986944,0.36211646236150447
Queue-load-0.70,0.7,4,4,32,452,801,GDA,5,5.0,0.0,0.03623740000000453,-0.4529257734922942,0.5229317101356581,0.22530472813034597,5.329070518200751e-15,0.1766625789732485,3.144021823824459,0.35786258819388406
Queue-load-0.70,0.7,4,4,32,452,801,GDA,10,10.0,0.0,0.07213519999999107,-0.4478273719209596,0.5139744943430945,0.22931914835090322,5.329070518200751e-15,0.17920083441696796,3.140574410545912,0.3555057755543003
Queue-load-0.70,0.7,4,4,32,452,801,GDA,15,15.0,0.0,0.11135690000003251,-0.44405389533839396,0.5017537098144417,0.222467603309114,7.105427357601002e-15,0.1807902103269048,3.140166984709206,0.35393784310945287
Queue-load-0.70,0.7,4,4,32,452,801,GDA,20,20.0,0.0,0.15103390000001582,-0.4421069130965678,0.4873610311213925,0.21096974924184594,5.329070518200751e-15,0.18117717647790285,3.1408180501828404,0.3535166103545778
Queue-load-0.70,0.7,4,4,32,452,801,GDA,25,25.0,0.0,0.19090010000002167,-0.4412179973314536,0.47100947017555483,0.20066053252517735,5.329070518200751e-15,0.18094262744643116,3.141693801998708,0.35370506718521566
Queue-load-0.70,0.7,4,4,32,452,801,GDA,30,30.0,0.0,0.23024180000004435,-0.44029275997823264,0.45232142569169703,0.19290485584722308,7.105427357601002e-15,0.1807778027798219,3.142073680563854,0.3538498982431331
Queue-load-0.70,0.7,4,4,32,452,801,GDA,35,35.0,0.0,0.27061969999999747,-0.43851252959044135,0.43081010488967747,0.18729199493596418,5.329070518200751e-15,0.18118668313301806,3.1415044733213704,0.35347097616585665
Queue-load-0.70,0.7,4,4,32,452,801,GDA,40,40.0,0.0,0.3091995000000338,-0.43576506964602174,0.40662930607990483,0.18339404773160392,5.329070518200751e-15,0.18225398870219953,3.1399739652096987,0.3524842236551836
Queue-load-0.70,0.7,4,4,32,452,801,GDA,45,45.0,0.0,0.3519646000000307,-0.43199876478161203,0.38003480577093623,0.18089660941470462,7.105427357601002e-15,0.18401319855093098,3.1373514715535946,0.35086303978835276
Queue-load-0.70,0.7,4,4,32,452,801,GDA,50,50.0,0.0,0.3895322000000192,-0.4274039122375114,0.3539755026069698,0.17940595250550564,7.105427357601002e-15,0.186337677589921,3.1337144893442006,0.34872998086564666
Queue-load-0.70,0.7,4,4,32,452,801,GDA,55,55.0,0.0,0.43256260000003977,-0.4252897415630992,0.34276539375127446,0.1784391746104499,5.329070518200751e-15,0.18724755197508428,3.1312817026815436,0.3479481478837808
Queue-load-0.70,0.7,4,4,32,452,801,GDA,60,60.0,0.0,0.4753628000000276,-0.42473490955026644,0.3340063530639665,0.1773736629572909,3.552713678800501e-15,0.18732158599260437,3.1309264619978046,0.34789281074435274
Queue-load-0.70,0.7,4,4,32,452,801,EGM,0,0.0,0.0,5.900000019209983e-06,-0.4614150757663404,0.5309703708570337,0.21274233338246137,5.329070518200751e-15,0.17197879320172133,3.1521901442986944,0.36211646236150447
Queue-load-0.70,0.7,4,4,32,452,801,EGM,5,5.0,0.0,0.050637600000015937,-0.45275233834828293,0.521948122973615,0.2251469167216529,8.881784197001252e-15,0.17676274864955907,3.143919412326059,0.3577678085964377
Queue-load-0.70,0.7,4,4,32,452,801,EGM,10,10.0,0.0,0.10130240000000867,-0.4476746550379388,0.5120386482778672,0.2284749576951619,3.552713678800501e-15,0.17928126871106403,3.1405722819256785,0.3554254532928479
Queue-load-0.70,0.7,4,4,32,452,801,EGM,15,15.0,0.0,0.1504110000000196,-0.44407927626250265,0.499143945044822,0.22119849113456785,5.329070518200751e-15,0.18076809814075964,3.1402326783945704,0.3539564977332094
Queue-load-0.70,0.7,4,4,32,452,801,EGM,20,20.0,0.0,0.1990994000000228,-0.4421400449671234,0.48420109990455884,0.20983062235308583,5.329070518200751e-15,0.18117096606373184,3.140832852024314,0.3535220417244625
Queue-load-0.70,0.7,4,4,32,452,801,EGM,25,25.0,0.0,0.24779540000002953,-0.44111574937400655,0.4673447585773072,0.19970152895598528,5.329070518200751e-15,0.18103307435778832,3.1414979239801535,0.35362492964325587
Queue-load-0.70,0.7,4,4,32,452,801,EGM,30,30.0,0.0,0.2970784999999978,-0.4399998824386989,0.4481372620326424,0.1920028410937855,5.329070518200751e-15,0.18099842586022086,3.141703192493481,0.35364877453485877
Queue-load-0.70,0.7,4,4,32,452,801,EGM,35,35.0,0.0,0.34648230000004787,-0.4379910156678522,0.42605986780578115,0.18639117428648275,5.329070518200751e-15,0.1815603492938869,3.14094685296616,0.35312665844473606
Queue-load-0.70,0.7,4,4,32,452,801,EGM,40,40.0,0.0,0.3954924000000233,-0.435041302803778,0.40134306251634455,0.1824789529617395,7.105427357601002e-15,0.1827656802323587,3.1392208424882253,0.352012170162997
Queue-load-0.70,0.7,4,4,32,452,801,EGM,45,45.0,0.0,0.4440865000000258,-0.4311063511825151,0.3742966723124894,0.17992990669156103,1.0658141036401503e-14,0.18464025537436698,3.136420640700607,0.3502849740624435
Queue-load-0.70,0.7,4,4,32,452,801,EGM,50,50.0,0.0,0.49546870000000354,-0.42656036067792275,0.34925500518843855,0.17833175649401853,5.329070518200751e-15,0.18693606711043656,3.1326419852212584,0.3481880389305495
Queue-load-0.70,0.7,4,4,32,452,801,EGM,55,55.0,0.0,0.5458020000000374,-0.42480129425945146,0.33893175735161757,0.17718320642392385,5.329070518200751e-15,0.18765001765959188,3.1306588447364443,0.34757846419638444
Queue-load-0.70,0.7,4,4,32,452,801,EGM,60,60.0,0.0,0.596114,-0.4243043448021988,0.3294652960107073,0.17582070846881195,5.329070518200751e-15,0.1876896801810718,3.130444520595269,0.347550081892861
Queue-load-0.70,0.7,4,4,32,452,801,PPM-3,0,0.0,0.0,5.400000020472362e-06,-0.4614150757663404,0.5309703708570337,0.21274233338246137,5.329070518200751e-15,0.17197879320172133,3.1521901442986944,0.36211646236150447
Queue-load-0.70,0.7,4,4,32,452,801,PPM-3,5,15.0,0.0,0.0759542000000124,-0.45275735759018193,0.5219383492606608,0.2251433924241041,5.329070518200751e-15,0.17675952533734743,3.1439230180631244,0.3577708421330141
Queue-load-0.70,0.7,4,4,32,452,801,PPM-3,10,30.0,0.0,0.15036220000001776,-0.44768217340677097,0.512031837154549,0.22847334109634898,5.329070518200751e-15,0.17927664462631474,3.1405766725706483,0.3554298462910189
Queue-load-0.70,0.7,4,4,32,452,801,PPM-3,15,45.0,0.0,0.22564650000003894,-0.44408186154655777,0.49914847890883063,0.2212136296081811,5.329070518200751e-15,0.18076668223351483,3.1402327848069707,0.3539579080398018
Queue-load-0.70,0.7,4,4,32,452,801,PPM-3,20,60.0,0.0,0.3001740000000268,-0.44213626736613726,0.48421404708840904,0.20985288914330275,7.105427357601002e-15,0.18117309086274896,3.1408284085619087,0.35352015079188737
Queue-load-0.70,0.7,4,4,32,452,801,PPM-3,25,75.0,0.0,0.37393150000002606,-0.44110497681775906,0.4673551552005124,0.19971962618189384,5.329070518200751e-15,0.1810389972056096,3.1414893596283546,0.353619457550792
Queue-load-0.70,0.7,4,4,32,452,801,PPM-3,30,90.0,0.0,0.4485817999999995,-0.4399852689499895,0.44814210535158006,0.19201551995337313,5.329070518200751e-15,0.18100658156384516,3.1416924191772986,0.35364118584787535
Queue-load-0.70,0.7,4,4,32,452,801,PPM-3,35,105.0,0.0,0.5231549000000086,-0.4379761124749129,0.4260614981843004,0.18640123438242578,5.329070518200751e-15,0.18156879981914165,3.140934872555703,0.35311883846740016
Queue-load-0.70,0.7,4,4,32,452,801,PPM-3,40,120.0,0.0,0.5970320000000129,-0.4350271373015382,0.40134250918083286,0.182488426877004,3.552713678800501e-15,0.18277381607240673,3.1392090235386148,0.3520046563729287
Queue-load-0.70,0.7,4,4,32,452,801,PPM-3,45,135.0,0.0,0.6719090999999935,-0.4310943329526696,0.3742945693836117,0.17993931690342257,5.329070518200751e-15,0.18464707171739955,3.1364101785887026,0.35027870835687824
Queue-load-0.70,0.7,4,4,32,452,801,PPM-3,50,150.0,0.0,0.7464716000000067,-0.4265493881140797,0.3492285374702027,0.17834071972934157,5.329070518200751e-15,0.18694217389485293,3.1326341461519824,0.3481823447287266
Queue-load-0.70,0.7,4,4,32,452,801,PPM-3,55,165.0,0.0,0.8208069000000364,-0.42478803643100776,0.33888113899030525,0.17719061814967463,5.329070518200751e-15,0.18765719097444647,3.13064811638882,0.34757185553140507
Queue-load-0.70,0.7,4,4,32,452,801,PPM-3,60,180.0,0.0,0.8960951999999907,-0.4242904073653672,0.32941572459320356,0.17582525666720802,7.105427357601002e-15,0.18769712371258035,3.130432422545203,0.3475432751008291
Queue-load-0.70,0.7,4,4,32,452,802,QP+G,0,0.0,0.0,4.2000000348707545e-06,-0.4796697885337699,0.511432367664788,0.2237339850970238,1.0658141036401503e-14,0.16001956669979298,3.169423049716026,0.3731686938414685
Queue-load-0.70,0.7,4,4,32,452,802,QP+G,5,5.0,5.0,0.5173848000000021,-0.4784327764300216,0.5087122684793213,0.2128538863404995,8.881784197001252e-15,0.1598581861938504,3.167941448578307,0.3734080533546602
Queue-load-0.70,0.7,4,4,32,452,802,QP+G,10,10.0,10.0,1.0223118000000113,-0.47708717614272067,0.5040568111502357,0.19988520516246389,5.329070518200751e-15,0.15996489815696086,3.166787433821633,0.37336207901032165
Queue-load-0.70,0.7,4,4,32,452,802,QP+G,15,15.0,15.0,1.518311600000004,-0.47409306331977263,0.49558531329062583,0.1890219978974319,5.329070518200751e-15,0.16125300194256487,3.164698934299118,0.3721838962522184
Queue-load-0.70,0.7,4,4,32,452,802,QP+G,20,20.0,20.0,2.032909600000039,-0.4691484107126127,0.48249766911699504,0.18216498124286076,3.552713678800501e-15,0.16386433914689974,3.161075770973495,0.3697632518544954
Queue-load-0.70,0.7,4,4,32,452,802,QP+G,25,25.0,25.0,2.5394923000000063,-0.46246603424685223,0.4645804539382862,0.17998965526604466,3.552713678800501e-15,0.16765141442342474,3.1561679910949105,0.36623448078210624
Queue-load-0.70,0.7,4,4,32,452,802,QP+G,30,30.0,30.0,3.043532300000038,-0.45361963454732757,0.4412107990509244,0.1820296710545468,7.105427357601002e-15,0.17282173401314488,3.1496380844256184,0.3614078404907696
Queue-load-0.70,0.7,4,4,32,452,802,QP+G,35,35.0,35.0,3.5613513000000125,-0.4446074045756844,0.4153949582318221,0.18638439102750134,5.329070518200751e-15,0.17811247713352435,3.1426509069747546,0.3564848435520142
Queue-load-0.70,0.7,4,4,32,452,802,QP+G,40,40.0,40.0,4.064283800000055,-0.4355608797006901,0.3894354135806446,0.18992873485259668,5.329070518200751e-15,0.18339874939849693,3.1363412001528013,0.35153066111977577
Queue-load-0.70,0.7,4,4,32,452,802,QP+G,45,45.0,45.0,4.569046500000013,-0.42915540379782274,0.3694221728166821,0.19014344260675672,5.329070518200751e-15,0.18698148407811524,3.1315936881131163,0.3481977954948789
Queue-load-0.70,0.7,4,4,32,452,802,QP+G,50,50.0,50.0,5.087612200000024,-0.4249467753197827,0.35016447144291557,0.18687676459577512,5.329070518200751e-15,0.18915767272042666,3.1287959218316277,0.3461688577094869
Queue-load-0.70,0.7,4,4,32,452,802,QP+G,55,55.0,55.0,5.604563800000051,-0.42349916717995123,0.3314274410177333,0.1812354237513693,8.881784197001252e-15,0.18962662051833035,3.127713023554942,0.3457569045577251
Queue-load-0.70,0.7,4,4,32,452,802,QP+G,60,60.0,60.0,6.122060400000009,-0.42277846275197106,0.31229253923749206,0.17408047821260755,5.329070518200751e-15,0.18967406827983357,3.127773680935919,0.34570626430248513
Queue-load-0.70,0.7,4,4,32,452,802,noG,0,0.0,0.0,5.199999975502578e-06,-0.4796697885337699,0.511432367664788,0.2237339850970238,1.0658141036401503e-14,0.16001956669979298,3.169423049716026,0.3731686938414685
Queue-load-0.70,0.7,4,4,32,452,802,noG,5,5.0,0.0,0.2413978999999813,-0.4796062771860014,0.5116917611366318,0.2154210455028243,5.329070518200751e-15,0.1589870926999474,3.1687718856261027,0.37423543963552
Queue-load-0.70,0.7,4,4,32,452,802,noG,10,10.0,0.0,0.4783510999999976,-0.4798159263130006,0.5103178947550661,0.2026071455576153,7.105427357601002e-15,0.15793720533212693,3.1688686710594225,0.3752802330331653
Queue-load-0.70,0.7,4,4,32,452,802,noG,15,15.0,0.0,0.7123288999999886,-0.47870440369888695,0.5057514849442536,0.19054091114751687,5.329070518200751e-15,0.15792508400986277,3.168316382743652,0.3753214221615242
Queue-load-0.70,0.7,4,4,32,452,802,noG,20,20.0,0.0,0.9400415999999723,-0.475870713704756,0.49737939215114174,0.1823196639253128,5.329070518200751e-15,0.15916756787425645,3.1665103964123498,0.3741739902093036
Queue-load-0.70,0.7,4,4,32,452,802,noG,25,25.0,0.0,1.1656871999999794,-0.4709914386805308,0.48450347837431584,0.17911958500074257,7.105427357601002e-15,0.16182004900873248,3.163267257535915,0.3716922005946407
Queue-load-0.70,0.7,4,4,32,452,802,noG,30,30.0,0.0,1.3992622999999753,-0.46391179039156655,0.4665878330907071,0.18095043150378465,7.105427357601002e-15,0.16592126620495617,3.1581355605862624,0.3678610727115558
Queue-load-0.70,0.7,4,4,32,452,802,noG,35,35.0,0.0,1.634658399999978,-0.45598979548463936,0.4458616867444079,0.1863533564533558,7.105427357601002e-15,0.17063299902532572,3.152313737598418,0.3634557516273889
Queue-load-0.70,0.7,4,4,32,452,802,noG,40,40.0,0.0,1.8730564999999615,-0.4553414948209856,0.44431871503647624,0.18681859470837936,8.881784197001252e-15,0.17102190358690278,3.1518486049442966,0.3630913277318174
Queue-load-0.70,0.7,4,4,32,452,802,noG,45,45.0,0.0,2.104983699999991,-0.455338220989255,0.44431094776190905,0.1868209316509874,5.329070518200751e-15,0.17102386800845917,3.1518462526697677,0.36308948711418504
Queue-load-0.70,0.7,4,4,32,452,802,noG,50,50.0,0.0,2.333602399999961,-0.45533820419546234,0.4443109079187052,0.1868209436384793,7.105427357601002e-15,0.17102387808537384,3.1518462406031995,0.3630894776723514
Queue-load-0.70,0.7,4,4,32,452,802,noG,55,55.0,0.0,2.562874499999964,-0.45533820410943193,0.44431090771459725,0.1868209436998892,5.329070518200751e-15,0.1710238781369961,3.1518462405413903,0.36308947762398364
Queue-load-0.70,0.7,4,4,32,452,802,noG,60,60.0,0.0,2.7974785999999767,-0.4553382041090581,0.4443109077137111,0.18682094370015528,5.329070518200751e-15,0.17102387813721978,3.151846240541117,0.36308947762377314
Queue-load-0.70,0.7,4,4,32,452,802,GDA,0,0.0,0.0,5.399999963628943e-06,-0.4796697885337699,0.511432367664788,0.2237339850970238,1.0658141036401503e-14,0.16001956669979298,3.169423049716026,0.3731686938414685
Queue-load-0.70,0.7,4,4,32,452,802,GDA,5,5.0,0.0,0.036518199999989065,-0.4796062771860014,0.5116917611366318,0.2154210455028243,5.329070518200751e-15,0.1589870926999474,3.1687718856261027,0.37423543963552
Queue-load-0.70,0.7,4,4,32,452,802,GDA,10,10.0,0.0,0.07295339999996031,-0.4798159263130006,0.5103178947550661,0.2026071455576153,7.105427357601002e-15,0.15793720533212693,3.1688686710594225,0.3752802330331653
Queue-load-0.70,0.7,4,4,32,452,802,GDA,15,15.0,0.0,0.10889309999998886,-0.47870440369888695,0.5057514849442536,0.19054091114751687,5.329070518200751e-15,0.15792508400986277,3.168316382743652,0.3753214221615242
Queue-load-0.70,0.7,4,4,32,452,802,GDA,20,20.0,0.0,0.14517799999998715,-0.475870713704756,0.49737939215114174,0.1823196639253128,5.329070518200751e-15,0.15916756787425645,3.1665103964123498,0.3741739902093036
Queue-load-0.70,0.7,4,4,32,452,802,GDA,25,25.0,0.0,0.18170349999996915,-0.4709914386805308,0.48450347837431584,0.17911958500074257,7.105427357601002e-15,0.16182004900873248,3.163267257535915,0.3716922005946407
Queue-load-0.70,0.7,4,4,32,452,802,GDA,30,30.0,0.0,0.21862349999997832,-0.46391179039156655,0.4665878330907071,0.18095043150378465,7.105427357601002e-15,0.16592126620495617,3.1581355605862624,0.3678610727115558
Queue-load-0.70,0.7,4,4,32,452,802,GDA,35,35.0,0.0,0.2551917999999773,-0.4553126493969192,0.44424911404968703,0.18685127425717604,5.329070518200751e-15,0.1710381808704694,3.151829337179321,0.363076064541145
Queue-load-0.70,0.7,4,4,32,452,802,GDA,40,40.0,0.0,0.2909267999999656,-0.4458815558854966,0.42120743167354463,0.19474781807067132,5.329070518200751e-15,0.17669566326950695,3.144670300811725,0.35779537352987417
Queue-load-0.70,0.7,4,4,32,452,802,GDA,45,45.0,0.0,0.32728679999996757,-0.4359114927271536,0.40145244646819545,0.20120204534671143,7.105427357601002e-15,0.18266404692224456,3.1377542261383287,0.3521909938073169
Queue-load-0.70,0.7,4,4,32,452,802,GDA,50,50.0,0.0,0.37185049999999364,-0.4286054431101167,0.3843752928012654,0.20263938665518605,5.329070518200751e-15,0.18688016298368607,3.1322527559828,0.348264428806692
Queue-load-0.70,0.7,4,4,32,452,802,GDA,55,55.0,0.0,0.40835649999996804,-0.42555215942666536,0.367763256225529,0.198851340657,7.105427357601002e-15,0.18837890213023875,3.1298036738334454,0.3468945887206317
Queue-load-0.70,0.7,4,4,32,452,802,GDA,60,60.0,0.0,0.4446510999999873,-0.42526829954725154,0.3500955835287734,0.19241032008412168,5.329070518200751e-15,0.18812522124570105,3.129808394491992,0.34714802114945686
Queue-load-0.70,0.7,4,4,32,452,802,EGM,0,0.0,0.0,5.600000008598727e-06,-0.4796697885337699,0.511432367664788,0.2237339850970238,1.0658141036401503e-14,0.16001956669979298,3.169423049716026,0.3731686938414685
Queue-load-0.70,0.7,4,4,32,452,802,EGM,5,5.0,0.0,0.052541500000018004,-0.47934775868860163,0.5110490863111466,0.21486104815956197,5.329070518200751e-15,0.1591811597050372,3.1685848379646835,0.3740512172441902
Queue-load-0.70,0.7,4,4,32,452,802,EGM,10,10.0,0.0,0.10464240000004565,-0.47922555284312773,0.5089945533487613,0.20204683476981805,5.329070518200751e-15,0.15838242308362,3.1684072920581956,0.3748592983870016
Queue-load-0.70,0.7,4,4,32,452,802,EGM,15,15.0,0.0,0.15489870000004657,-0.477729239222607,0.5036422973487849,0.19029954445256037,7.105427357601002e-15,0.15863776617085962,3.1675355475821165,0.37464983658797646
Queue-load-0.70,0.7,4,4,32,452,802,EGM,20,20.0,0.0,0.20517920000003187,-0.4744163749695596,0.49425631164632394,0.18241376413804092,7.105427357601002e-15,0.16018655936156892,3.16535243604685,0.373215944004387
Queue-load-0.70,0.7,4,4,32,452,802,EGM,25,25.0,0.0,0.2553890000000365,-0.4689361289404961,0.48008905803395313,0.1794738056432089,5.329070518200751e-15,0.1632092457818815,3.1616721596729804,0.37038695634059354
Queue-load-0.70,0.7,4,4,32,452,802,EGM,30,30.0,0.0,0.3082681000000207,-0.4617216183043571,0.46122820408833687,0.18144172586920346,7.105427357601002e-15,0.16739586934988326,3.15632622107828,0.36648169796178653
Queue-load-0.70,0.7,4,4,32,452,802,EGM,35,35.0,0.0,0.35812220000002526,-0.4528877997778026,0.43790461070872067,0.18720433735240696,5.329070518200751e-15,0.17264703653964097,3.1498389260900397,0.36157196735035635
Queue-load-0.70,0.7,4,4,32,452,802,EGM,40,40.0,0.0,0.4072450000000458,-0.4432577066731515,0.41391767437523325,0.1943659077865205,3.552713678800501e-15,0.17839818175623112,3.142515974530419,0.3562062406369051
Queue-load-0.70,0.7,4,4,32,452,802,EGM,45,45.0,0.0,0.45636870000004137,-0.43358823397327645,0.3937545513734716,0.19929133971599108,5.329070518200751e-15,0.18413110662126494,3.1359235202163505,0.3508202870515584
Queue-load-0.70,0.7,4,4,32,452,802,EGM,50,50.0,0.0,0.5137584000000288,-0.42747611844594663,0.376519162487506,0.19919976809365028,5.329070518200751e-15,0.18757311823655534,3.1313012994224825,0.3476215502148927
Queue-load-0.70,0.7,4,4,32,452,802,EGM,55,55.0,0.0,0.5631337000000372,-0.4251627325106654,0.3594591645089299,0.19477034650182526,5.329070518200751e-15,0.1885931078942371,3.1293534929504103,0.34670407668731973
Queue-load-0.70,0.7,4,4,32,452,802,EGM,60,60.0,0.0,0.6126260000000343,-0.42479356888426906,0.3410927719079353,0.18817236620836242,3.552713678800501e-15,0.18839436122262535,3.1294480335951547,0.34689784753552383
Queue-load-0.70,0.7,4,4,32,452,802,PPM-3,0,0.0,0.0,7.900000014160469e-06,-0.4796697885337699,0.511432367664788,0.2237339850970238,1.0658141036401503e-14,0.16001956669979298,3.169423049716026,0.3731686938414685
Queue-load-0.70,0.7,4,4,32,452,802,PPM-3,5,15.0,0.0,0.07459460000001172,-0.47934226714630457,0.5110487018349682,0.21489097040654814,7.105427357601002e-15,0.15918490504723704,3.1685785269423943,0.37404780406105764
Queue-load-0.70,0.7,4,4,32,452,802,PPM-3,10,30.0,0.0,0.14849760000004153,-0.47921849563263175,0.5089924621226993,0.2021009188447249,5.329070518200751e-15,0.158386064923086,3.1683999039549766,0.37485604539507233
Queue-load-0.70,0.7,4,4,32,452,802,PPM-3,15,45.0,0.0,0.222509700000046,-0.4777227828641032,0.503631932088915,0.19035208012620344,5.329070518200751e-15,0.15863955416639813,3.1675306879250034,0.3746483043638642
Queue-load-0.70,0.7,4,4,32,452,802,PPM-3,20,60.0,0.0,0.2989186000000359,-0.4744113164016084,0.4942332215889769,0.18245331785877947,7.105427357601002e-15,0.16018652325431293,3.165350560907244,0.3732160788032002
Queue-load-0.70,0.7,4,4,32,452,802,PPM-3,25,75.0,0.0,0.3758983000000171,-0.4689347523771043,0.48005446315988876,0.17950114117864058,5.329070518200751e-15,0.16320660035649648,3.161674428687791,0.3703894823441455
Queue-load-0.70,0.7,4,4,32,452,802,PPM-3,30,90.0,0.0,0.4505474000000049,-0.4617288974390901,0.46118790009375266,0.1814602635859655,1.2434497875801753e-14,0.16738780550388935,3.1563322207037543,0.3664894460380175
Queue-load-0.70,0.7,4,4,32,452,802,PPM-3,35,105.0,0.0,0.5228342000000339,-0.4528921152103884,0.4378487335026368,0.1872157020471398,7.105427357601002e-15,0.1726407282303473,3.149844860326331,0.3615779633314248
Queue-load-0.70,0.7,4,4,32,452,802,PPM-3,40,120.0,0.0,0.595353799999998,-0.4432632689274611,0.4138541907139248,0.1943693387150336,5.329070518200751e-15,0.17839107646961275,3.142522757623122,0.3562129889186434
Queue-load-0.70,0.7,4,4,32,452,802,PPM-3,45,135.0,0.0,0.6685623000000191,-0.43359237029997655,0.3936912337395009,0.19928664359515502,5.329070518200751e-15,0.18412509549733921,3.135930265978223,0.350825943135386
Queue-load-0.70,0.7,4,4,32,452,802,PPM-3,50,150.0,0.0,0.743194399999993,-0.4274732676449944,0.376466386158503,0.19918899287849728,7.105427357601002e-15,0.1875720513077617,3.131303336387218,0.3476225099350155
Queue-load-0.70,0.7,4,4,32,452,802,PPM-3,55,165.0,0.0,0.8183736999999951,-0.425147873528003,0.35942758153986876,0.19475258595239797,7.105427357601002e-15,0.18860022211755753,3.1293467984796153,0.34669731480456717
Queue-load-0.70,0.7,4,4,32,452,802,PPM-3,60,180.0,0.0,0.8934983999999986,-0.4247789162534372,0.341098018338274,0.18815171873608544,7.105427357601002e-15,0.18840212236942047,3.129438050233715,0.3468906118288047
Queue-load-0.70,0.7,4,4,32,452,803,QP+G,0,0.0,0.0,4.00000004674439e-06,-0.42487074582458595,0.45562494505555845,0.23809810828718553,7.105427357601002e-15,0.19249849090466864,3.121970696391519,0.34318726191683063
Queue-load-0.70,0.7,4,4,32,452,803,QP+G,5,5.0,5.0,0.5341223000000355,-0.42475688761168673,0.4519282989116509,0.23753906587757037,5.329070518200751e-15,0.19253404385392495,3.121932341107995,0.34315372766670654
Queue-load-0.70,0.7,4,4,32,452,803,QP+G,10,10.0,10.0,1.02818910000002,-0.4246596408880935,0.44827716788821653,0.23689707319196704,5.329070518200751e-15,0.192561014307192,3.1218986376135844,0.34312853108156693
Queue-load-0.70,0.7,4,4,32,452,803,QP+G,15,15.0,15.0,1.5259740000000193,-0.42457469603784137,0.44467230038239247,0.23617479178228612,5.329070518200751e-15,0.19257949245530467,3.121910279455146,0.34310944020495066
Queue-load-0.70,0.7,4,4,32,452,803,QP+G,20,20.0,20.0,2.0541521000000103,-0.4245127570534285,0.44112897786501615,0.23537648425931992,5.329070518200751e-15,0.19258631243957766,3.121914268507059,0.34310241027057603
Queue-load-0.70,0.7,4,4,32,452,803,QP+G,25,25.0,25.0,2.5680346000000327,-0.42445717063946503,0.437634507879468,0.2345077865475155,5.329070518200751e-15,0.19258621610778645,3.1219695183548737,0.34309959871564133
Queue-load-0.70,0.7,4,4,32,452,803,QP+G,30,30.0,30.0,3.089688200000012,-0.4244111647952609,0.4341953633522553,0.2335753999364717,5.329070518200751e-15,0.19258053272323192,3.1220256761630085,0.343102326426083
Queue-load-0.70,0.7,4,4,32,452,803,QP+G,35,35.0,35.0,3.6060104000000024,-0.4243677085118912,0.430806982540021,0.23258673721939518,5.329070518200751e-15,0.19257213861123298,3.1221003232866904,0.3431067917420985
Queue-load-0.70,0.7,4,4,32,452,803,QP+G,40,40.0,40.0,4.104796000000022,-0.4243243764424932,0.4274686121111344,0.23154955723362308,7.105427357601002e-15,0.19256316338423715,3.122177113076694,0.34311172540119916
Queue-load-0.70,0.7,4,4,32,452,803,QP+G,45,45.0,45.0,4.605939200000023,-0.4230909392384393,0.41818432699233904,0.23174219671186416,5.329070518200751e-15,0.19294136393937816,3.121990933095379,0.3427433237924438
Queue-load-0.70,0.7,4,4,32,452,803,QP+G,50,50.0,50.0,5.116871900000035,-0.42239192643449486,0.4039924575151516,0.2243798285561127,5.329070518200751e-15,0.19263847346038765,3.1234135295846674,0.3429713407719982
Queue-load-0.70,0.7,4,4,32,452,803,QP+G,55,55.0,55.0,5.630950000000041,-0.42311495289537576,0.3892969403979629,0.21071218752736795,3.552713678800501e-15,0.19150483075375138,3.1266100519783144,0.3439367454579156
Queue-load-0.70,0.7,4,4,32,452,803,QP+G,60,60.0,60.0,6.119773900000041,-0.4231596921280392,0.37296448303086366,0.19637153473593544,8.881784197001252e-15,0.19083276883096537,3.1291375882670214,0.34447577915497996
Queue-load-0.70,0.7,4,4,32,452,803,noG,0,0.0,0.0,5.29999999798747e-06,-0.42487074582458595,0.45562494505555845,0.23809810828718553,7.105427357601002e-15,0.19249849090466864,3.121970696391519,0.34318726191683063
Queue-load-0.70,0.7,4,4,32,452,803,noG,5,5.0,0.0,0.23094550000001846,-0.42487074582458595,0.45562494505555845,0.23809810828718553,7.105427357601002e-15,0.19249849090466864,3.121970696391519,0.34318726191683063
Queue-load-0.70,0.7,4,4,32,452,803,noG,10,10.0,0.0,0.46261200000003555,-0.42487074582458595,0.45562494505555845,0.23809810828718553,7.105427357601002e-15,0.19249849090466864,3.121970696391519,0.34318726191683063
Queue-load-0.70,0.7,4,4,32,452,803,noG,15,15.0,0.0,0.7109759000000508,-0.42487074582458595,0.45562494505555845,0.23809810828718553,7.105427357601002e-15,0.19249849090466864,3.121970696391519,0.34318726191683063
Queue-load-0.70,0.7,4,4,32,452,803,noG,20,20.0,0.0,0.9560820000000376,-0.42487074582458595,0.45562494505555845,0.23809810828718553,7.105427357601002e-15,0.19249849090466864,3.121970696391519,0.34318726191683063
Queue-load-0.70,0.7,4,4,32,452,803,noG,25,25.0,0.0,1.1891907000000401,-0.42487074582458595,0.45562494505555845,0.23809810828718553,7.105427357601002e-15,0.19249849090466864,3.121970696391519,0.34318726191683063
Queue-load-0.70,0.7,4,4,32,452,803,noG,30,30.0,0.0,1.4313579000000232,-0.42487074582458595,0.45562494505555845,0.23809810828718553,7.105427357601002e-15,0.19249849090466864,3.121970696391519,0.34318726191683063
Queue-load-0.70,0.7,4,4,32,452,803,noG,35,35.0,0.0,1.6661526000000322,-0.42487074582458595,0.45562494505555845,0.23809810828718553,7.105427357601002e-15,0.19249849090466864,3.121970696391519,0.34318726191683063
Queue-load-0.70,0.7,4,4,32,452,803,noG,40,40.0,0.0,1.9024304000000143,-0.42487074582458595,0.45562494505555845,0.23809810828718553,7.105427357601002e-15,0.19249849090466864,3.121970696391519,0.34318726191683063
Queue-load-0.70,0.7,4,4,32,452,803,noG,45,45.0,0.0,2.131640500000003,-0.42487074582458595,0.45562494505555845,0.23809810828718553,7.105427357601002e-15,0.19249849090466864,3.121970696391519,0.34318726191683063
Queue-load-0.70,0.7,4,4,32,452,803,noG,50,50.0,0.0,2.357584900000006,-0.42487074582458595,0.45562494505555845,0.23809810828718553,7.105427357601002e-15,0.19249849090466864,3.121970696391519,0.34318726191683063
Queue-load-0.70,0.7,4,4,32,452,803,noG,55,55.0,0.0,2.5842703000000142,-0.42487074582458595,0.45562494505555845,0.23809810828718553,7.105427357601002e-15,0.19249849090466864,3.121970696391519,0.34318726191683063
Queue-load-0.70,0.7,4,4,32,452,803,noG,60,60.0,0.0,2.808675400000027,-0.42487074582458595,0.45562494505555845,0.23809810828718553,7.105427357601002e-15,0.19249849090466864,3.121970696391519,0.34318726191683063
Queue-load-0.70,0.7,4,4,32,452,803,GDA,0,0.0,0.0,5.29999999798747e-06,-0.42487074582458595,0.45562494505555845,0.23809810828718553,7.105427357601002e-15,0.19249849090466864,3.121970696391519,0.34318726191683063
Queue-load-0.70,0.7,4,4,32,452,803,GDA,5,5.0,0.0,0.03512999999998101,-0.4236351836377106,0.44579035463972577,0.24045033896210255,7.105427357601002e-15,0.19260952603671327,3.1213753894714613,0.3431075587279467
Queue-load-0.70,0.7,4,4,32,452,803,GDA,10,10.0,0.0,0.0709090999999944,-0.426203275336781,0.4360307280812529,0.23509191212948574,5.329070518200751e-15,0.1901941465775953,3.124203709775055,0.34537407922371693
Queue-load-0.70,0.7,4,4,32,452,803,GDA,15,15.0,0.0,0.10734719999999243,-0.4278481308112916,0.4223285341430314,0.22274069938302243,7.105427357601002e-15,0.18823687245230414,3.1269934331659313,0.3471845258021207
Queue-load-0.70,0.7,4,4,32,452,803,GDA,20,20.0,0.0,0.14467889999997396,-0.42799259122101047,0.4052422450745393,0.20733345333824318,5.329070518200751e-15,0.18731421190421116,3.129609757743582,0.3479694850566531
Queue-load-0.70,0.7,4,4,32,452,803,GDA,25,25.0,0.0,0.1825975999999514,-0.42640840743258296,0.385481061055571,0.19349673724073185,5.329070518200751e-15,0.18764523603712133,3.1311765558089406,0.34755599786767105
Queue-load-0.70,0.7,4,4,32,452,803,GDA,30,30.0,0.0,0.21961509999999862,-0.42352319999745874,0.36389564502604865,0.18343036176579003,5.329070518200751e-15,0.18896485657415982,3.1318798528940146,0.3461993616945761
Queue-load-0.70,0.7,4,4,32,452,803,GDA,35,35.0,0.0,0.25675229999995963,-0.4212516799730757,0.34210480506240826,0.17722986271309693,5.329070518200751e-15,0.19007603383682323,3.1324312782121497,0.345059162046747
Queue-load-0.70,0.7,4,4,32,452,803,GDA,40,40.0,0.0,0.2936983999999825,-0.4213449532938352,0.32149308732750925,0.17384392575558671,7.105427357601002e-15,0.1898441942771238,3.1335429200410285,0.34523249414176943
Queue-load-0.70,0.7,4,4,32,452,803,GDA,45,45.0,0.0,0.33060449999999264,-0.4216480926632092,0.29985233496073965,0.17149931315551187,7.105427357601002e-15,0.18952859613957357,3.1345434595091146,0.3454954323073153
Queue-load-0.70,0.7,4,4,32,452,803,GDA,50,50.0,0.0,0.36803879999996525,-0.4221557998842629,0.27873098895982307,0.16826548131800081,5.329070518200751e-15,0.18910543126734802,3.135347538428515,0.3458762772364127
Queue-load-0.70,0.7,4,4,32,452,803,GDA,55,55.0,0.0,0.4057071999999948,-0.4229287127336882,0.2641526321967226,0.16324649192452761,5.329070518200751e-15,0.188507188299189,3.136025705907109,0.34643882717938346
Queue-load-0.70,0.7,4,4,32,452,803,GDA,60,60.0,0.0,0.44365379999999277,-0.4233323500607066,0.2647669695616205,0.157181796805762,1.0658141036401503e-14,0.18811104428939773,3.136364963566836,0.346817115522874
Queue-load-0.70,0.7,4,4,32,452,803,EGM,0,0.0,0.0,4.9999999873762135e-06,-0.42487074582458595,0.45562494505555845,0.23809810828718553,7.105427357601002e-15,0.19249849090466864,3.121970696391519,0.34318726191683063
Queue-load-0.70,0.7,4,4,32,452,803,EGM,5,5.0,0.0,0.0511609000000135,-0.4235948711759367,0.44497000608285997,0.2402623521785423,7.105427357601002e-15,0.19263176555679923,3.1213624641563364,0.34308599948760354
Queue-load-0.70,0.7,4,4,32,452,803,EGM,10,10.0,0.0,0.10166379999998298,-0.4258279069092096,0.4341820531618626,0.23450482304658019,5.329070518200751e-15,0.19043398319642563,3.124065301499304,0.3451415272509793
Queue-load-0.70,0.7,4,4,32,452,803,EGM,15,15.0,0.0,0.15032939999997552,-0.4272546348268305,0.4198010675676712,0.22184888184219154,5.329070518200751e-15,0.18865074977421037,3.1268188347728048,0.3467798378693257
Queue-load-0.70,0.7,4,4,32,452,803,EGM,20,20.0,0.0,0.19943299999999908,-0.4271230148413368,0.4021883640591629,0.20656166304157073,5.329070518200751e-15,0.18793814758872318,3.1292580290087293,0.3473640614108169
Queue-load-0.70,0.7,4,4,32,452,803,EGM,25,25.0,0.0,0.24926609999999982,-0.4254140597883873,0.38211835944079847,0.19302055565433898,5.329070518200751e-15,0.1883751974272022,3.1307498899197603,0.3468484925770196
Queue-load-0.70,0.7,4,4,32,452,803,EGM,30,30.0,0.0,0.29899740000001884,-0.4227257831419259,0.36045091050127487,0.18314822664070787,5.329070518200751e-15,0.18959149843220907,3.1315109064453184,0.34559213807066785
Queue-load-0.70,0.7,4,4,32,452,803,EGM,35,35.0,0.0,0.3509536000000253,-0.42125589330360214,0.3390797987100784,0.17695994511826227,8.881784197001252e-15,0.19021241212316353,3.132348309443062,0.3449271505377281
Queue-load-0.70,0.7,4,4,32,452,803,EGM,40,40.0,0.0,0.4041864000000146,-0.42114960345985947,0.3178564482052799,0.17338210106842056,7.105427357601002e-15,0.19009188820350226,3.1333290842929253,0.3449960547284482
Queue-load-0.70,0.7,4,4,32,452,803,EGM,45,45.0,0.0,0.4551528999999732,-0.421313912265814,0.2957644004510966,0.17062395945131792,5.329070518200751e-15,0.1898462814395057,3.1342254971937074,0.3451944818660879
Queue-load-0.70,0.7,4,4,32,452,803,EGM,50,50.0,0.0,0.5054662000000008,-0.4220694560948654,0.27525004452363866,0.1669073082331159,7.105427357601002e-15,0.18925956556577073,3.135033234742545,0.34573868523725343
Queue-load-0.70,0.7,4,4,32,452,803,EGM,55,55.0,0.0,0.5557198000000199,-0.4226731881985149,0.26246837025330777,0.16167962182319176,7.105427357601002e-15,0.18875380553257848,3.135574832498801,0.34621594012537993
Queue-load-0.70,0.7,4,4,32,452,803,EGM,60,60.0,0.0,0.6053076000000033,-0.4229064237720037,0.2634670771372729,0.155794213633354,5.329070518200751e-15,0.18845517839142037,3.135773170505748,0.3465041284240647
Queue-load-0.70,0.7,4,4,32,452,803,PPM-3,0,0.0,0.0,5.399999963628943e-06,-0.42487074582458595,0.45562494505555845,0.23809810828718553,7.105427357601002e-15,0.19249849090466864,3.121970696391519,0.34318726191683063
Queue-load-0.70,0.7,4,4,32,452,803,PPM-3,5,15.0,0.0,0.07812489999997752,-0.42359616426265323,0.4449705421865811,0.24026222929178304,3.552713678800501e-15,0.19263127824442033,3.1213630134102632,0.34308645789188125
Queue-load-0.70,0.7,4,4,32,452,803,PPM-3,10,30.0,0.0,0.1530775999999605,-0.4258249449099397,0.4341852760228495,0.234510573570262,5.329070518200751e-15,0.1904366031824497,3.124064955030325,0.3451389255001644
Queue-load-0.70,0.7,4,4,32,452,803,PPM-3,15,45.0,0.0,0.228315699999996,-0.42725375207225885,0.41981466890858327,0.22187298149922338,5.329070518200751e-15,0.18865204791964874,3.126817452479868,0.3467786124761474
Queue-load-0.70,0.7,4,4,32,452,803,PPM-3,20,60.0,0.0,0.3025463999999829,-0.4271303390932715,0.402211570141923,0.20659692324555617,3.552713678800501e-15,0.1879333546971531,3.1292575207402393,0.3473688810533608
Queue-load-0.70,0.7,4,4,32,452,803,PPM-3,25,75.0,0.0,0.37667099999998754,-0.4254332079060299,0.3821483068327126,0.19305020105264334,7.105427357601002e-15,0.1883617172953643,3.130750948077719,0.3468619170163344
Queue-load-0.70,0.7,4,4,32,452,803,PPM-3,30,90.0,0.0,0.45301150000000234,-0.4227525229816991,0.3604832021626299,0.18316678694517824,5.329070518200751e-15,0.18957222085470618,3.131510820472901,0.34561142017303503
Queue-load-0.70,0.7,4,4,32,452,803,PPM-3,35,105.0,0.0,0.5284097999999631,-0.42126161406864027,0.33908860829950627,0.17697214278948434,5.329070518200751e-15,0.19020541773801292,3.132339394525101,0.3449346141290862
Queue-load-0.70,0.7,4,4,32,452,803,PPM-3,40,120.0,0.0,0.6086232999999766,-0.421131724426643,0.31784175906655004,0.1733941737205067,7.105427357601002e-15,0.1900992662635539,3.1333110546072422,0.3449896255992226
Queue-load-0.70,0.7,4,4,32,452,803,PPM-3,45,135.0,0.0,0.6876313999999866,-0.42129847372728807,0.29575395123175907,0.1706378398657846,7.105427357601002e-15,0.1898525831717178,3.134207886207089,0.3451891070279082
Queue-load-0.70,0.7,4,4,32,452,803,PPM-3,50,150.0,0.0,0.7652957999999899,-0.42203970071709884,0.2752123448398505,0.16692144133452932,7.105427357601002e-15,0.1892751333979722,3.1350113054133106,0.3457242715802736
Queue-load-0.70,0.7,4,4,32,452,803,PPM-3,55,165.0,0.0,0.839648899999986,-0.42264572424882224,0.2623946574260836,0.16169224683150912,5.329070518200751e-15,0.18876857331126748,3.135554415409671,0.34620224693032786
Queue-load-0.70,0.7,4,4,32,452,803,PPM-3,60,180.0,0.0,0.9144126999999571,-0.42288208672213945,0.26339171678114504,0.15580309318011112,7.105427357601002e-15,0.18846858745685816,3.135754891320428,0.3464916814210142
Queue-load-0.70,0.7,4,4,32,452,804,QP+G,0,0.0,0.0,4.100000012385863e-06,-0.4739395736669843,0.5257122968034186,0.22627534714460232,5.329070518200751e-15,0.16278626049793665,3.16318673135105,0.3707302273256918
Queue-load-0.70,0.7,4,4,32,452,804,QP+G,5,5.0,5.0,0.5077299000000153,-0.46902898976868945,0.5164430645427067,0.2186984172281728,5.329070518200751e-15,0.16491582251964065,3.1579611947018913,0.36887569354868077
Queue-load-0.70,0.7,4,4,32,452,804,QP+G,10,10.0,10.0,0.999000599999988,-0.4636888626420371,0.500965608101514,0.20732224385838077,5.329070518200751e-15,0.167497042014242,3.1537602939046634,0.36651557409603824
Queue-load-0.70,0.7,4,4,32,452,804,QP+G,15,15.0,15.0,1.4923658999999816,-0.4567450333038553,0.47866234085610526,0.1978709064405348,7.105427357601002e-15,0.17123401228127436,3.1486972326585767,0.3630450807366944
Queue-load-0.70,0.7,4,4,32,452,804,QP+G,20,20.0,20.0,1.9789698000000158,-0.4484898045082645,0.4506084747008613,0.19216979351709007,5.329070518200751e-15,0.17592630611897572,3.143005518458253,0.3586523508042731
Queue-load-0.70,0.7,4,4,32,452,804,QP+G,25,25.0,25.0,2.4782347999999956,-0.43947346578183316,0.4203447903172261,0.18935842688380483,5.329070518200751e-15,0.18119290233788013,3.1369158343572816,0.3537062642748951
Queue-load-0.70,0.7,4,4,32,452,804,QP+G,30,30.0,30.0,2.978650200000004,-0.43093449693327984,0.39241255577748735,0.18756803339406572,5.329070518200751e-15,0.18619193832169575,3.1302731436579774,0.3490568435910413
Queue-load-0.70,0.7,4,4,32,452,804,QP+G,35,35.0,35.0,3.4831350000000043,-0.42470294130912656,0.37082426044919353,0.18514395346776039,5.329070518200751e-15,0.18979415601037986,3.12451582169084,0.34575764284799654
Queue-load-0.70,0.7,4,4,32,452,804,QP+G,40,40.0,40.0,3.9895847999999887,-0.4194795261060531,0.3563827894225619,0.18123173065284043,1.2434497875801753e-14,0.1927565192849118,3.119472386225744,0.34306072354531164
Queue-load-0.70,0.7,4,4,32,452,804,QP+G,45,45.0,45.0,4.506531499999994,-0.4144057339755454,0.3433434276892302,0.17562459186326296,8.881784197001252e-15,0.19559537515080008,3.1154094778694335,0.34043570496133485
Queue-load-0.70,0.7,4,4,32,452,804,QP+G,50,50.0,50.0,5.007199300000025,-0.4097588843208442,0.3341569790071697,0.1685246353274716,7.105427357601002e-15,0.1981726816461965,3.113052674852184,0.33798244073000433
Queue-load-0.70,0.7,4,4,32,452,804,QP+G,55,55.0,55.0,5.506290999999976,-0.4061680366275717,0.32711380155296577,0.16045015628758777,8.881784197001252e-15,0.20011996782286112,3.1124788532071794,0.336065355692551
Queue-load-0.70,0.7,4,4,32,452,804,QP+G,60,60.0,60.0,6.0245127000000025,-0.4055288903005355,0.3227520804600168,0.1521432738114306,7.105427357601002e-15,0.2002252962058356,3.1127692674248735,0.335944742350749
Queue-load-0.70,0.7,4,4,32,452,804,noG,0,0.0,0.0,6.299999995462713e-06,-0.4739395736669843,0.5257122968034186,0.22627534714460232,5.329070518200751e-15,0.16278626049793665,3.16318673135105,0.3707302273256918
Queue-load-0.70,0.7,4,4,32,452,804,noG,5,5.0,0.0,0.23172759999999926,-0.4712842725922802,0.5230316092549124,0.2212542495229312,7.105427357601002e-15,0.1634242856740689,3.1595191252770145,0.3702852340481935
Queue-load-0.70,0.7,4,4,32,452,804,noG,10,10.0,0.0,0.46516619999999875,-0.46823674894011275,0.5149891985765587,0.2107529877058082,8.881784197001252e-15,0.1644021247051075,3.1570221878091966,0.3694388127786186
Queue-load-0.70,0.7,4,4,32,452,804,noG,15,15.0,0.0,0.6989436000000069,-0.46265980062451634,0.49908587984143404,0.20140690806815925,8.881784197001252e-15,0.16712886516603784,3.153110537194381,0.36691794866583716
Queue-load-0.70,0.7,4,4,32,452,804,noG,20,20.0,0.0,0.9324837000000343,-0.4550246069136162,0.4759260316735607,0.19660683504681867,5.329070518200751e-15,0.17134597169084276,3.1481791593551693,0.3629603883430956
Queue-load-0.70,0.7,4,4,32,452,804,noG,25,25.0,0.0,1.1618063000000234,-0.4461683670345176,0.4468794550376189,0.1955073219347615,5.329070518200751e-15,0.17646817407488674,3.1424721575245984,0.3581385544764503
Queue-load-0.70,0.7,4,4,32,452,804,noG,30,30.0,0.0,1.401241500000026,-0.4377195402199407,0.41707397032255317,0.1959772333297182,5.329070518200751e-15,0.18143680771533607,3.136641423829672,0.35347680155678524
Queue-load-0.70,0.7,4,4,32,452,804,noG,35,35.0,0.0,1.6333807999999976,-0.43099691601844015,0.39083443495777453,0.19586449819496785,5.329070518200751e-15,0.18541442966390617,3.1315168532328816,0.3497688938501526
Queue-load-0.70,0.7,4,4,32,452,804,noG,40,40.0,0.0,1.869610200000011,-0.4265259253444634,0.37652980985974077,0.1937108956638845,7.105427357601002e-15,0.18802367469325254,3.1274119960724374,0.3473756939345141
Queue-load-0.70,0.7,4,4,32,452,804,noG,45,45.0,0.0,2.106709099999989,-0.42222261146614914,0.36319290002160765,0.18903593008033998,5.329070518200751e-15,0.19044993260931906,3.123049915880259,0.34517901918645666
Queue-load-0.70,0.7,4,4,32,452,804,noG,50,50.0,0.0,2.342109999999991,-0.41774966511146955,0.35387258946067013,0.18198197699538948,3.552713678800501e-15,0.1929491529275622,3.1198487698707593,0.3428482802371345
Queue-load-0.70,0.7,4,4,32,452,804,noG,55,55.0,0.0,2.5750260000000367,-0.4137506399808647,0.34746864198963023,0.17304469083520055,5.329070518200751e-15,0.19518504931738515,3.1189677330390757,0.34065875420687425
Queue-load-0.70,0.7,4,4,32,452,804,noG,60,60.0,0.0,2.8105547000000115,-0.4110089478985115,0.3425767961983615,0.16303540637523517,7.105427357601002e-15,0.1966138736497629,3.119134190244971,0.3392211689689231
Queue-load-0.70,0.7,4,4,32,452,804,GDA,0,0.0,0.0,5.399999963628943e-06,-0.4739395736669843,0.5257122968034186,0.22627534714460232,5.329070518200751e-15,0.16278626049793665,3.16318673135105,0.3707302273256918
Queue-load-0.70,0.7,4,4,32,452,804,GDA,5,5.0,0.0,0.036779200000012224,-0.4712842725922802,0.5230316092549124,0.2212542495229312,7.105427357601002e-15,0.1634242856740689,3.1595191252770145,0.3702852340481935
Queue-load-0.70,0.7,4,4,32,452,804,GDA,10,10.0,0.0,0.07350040000000035,-0.46823674894011275,0.5149891985765587,0.2107529877058082,8.881784197001252e-15,0.1644021247051075,3.1570221878091966,0.3694388127786186
Queue-load-0.70,0.7,4,4,32,452,804,GDA,15,15.0,0.0,0.10988820000000032,-0.46265980062451634,0.49908587984143404,0.20140690806815925,8.881784197001252e-15,0.16712886516603784,3.153110537194381,0.36691794866583716
Queue-load-0.70,0.7,4,4,32,452,804,GDA,20,20.0,0.0,0.14611600000000635,-0.4550246069136162,0.4759260316735607,0.19660683504681867,5.329070518200751e-15,0.17134597169084276,3.1481791593551693,0.3629603883430956
Queue-load-0.70,0.7,4,4,32,452,804,GDA,25,25.0,0.0,0.18248419999997623,-0.4461683670345176,0.4468794550376189,0.1955073219347615,5.329070518200751e-15,0.17646817407488674,3.1424721575245984,0.3581385544764503
Queue-load-0.70,0.7,4,4,32,452,804,GDA,30,30.0,0.0,0.21852919999997766,-0.4377195402199407,0.41707397032255317,0.1959772333297182,5.329070518200751e-15,0.18143680771533607,3.136641423829672,0.35347680155678524
Queue-load-0.70,0.7,4,4,32,452,804,GDA,35,35.0,0.0,0.2548770999999874,-0.43099691601844015,0.39083443495777453,0.19586449819496785,5.329070518200751e-15,0.18541442966390617,3.1315168532328816,0.3497688938501526
Queue-load-0.70,0.7,4,4,32,452,804,GDA,40,40.0,0.0,0.2907893999999942,-0.4265259253444634,0.37652980985974077,0.1937108956638845,7.105427357601002e-15,0.18802367469325254,3.1274119960724374,0.3473756939345141
Queue-load-0.70,0.7,4,4,32,452,804,GDA,45,45.0,0.0,0.32749860000001263,-0.42222261146614914,0.36319290002160765,0.18903593008033998,5.329070518200751e-15,0.19044993260931906,3.123049915880259,0.34517901918645666
Queue-load-0.70,0.7,4,4,32,452,804,GDA,50,50.0,0.0,0.36529910000001564,-0.41774966511146955,0.35387258946067013,0.18198197699538948,3.552713678800501e-15,0.1929491529275622,3.1198487698707593,0.3428482802371345
Queue-load-0.70,0.7,4,4,32,452,804,GDA,55,55.0,0.0,0.40199339999998074,-0.4137506399808647,0.34746864198963023,0.17304469083520055,5.329070518200751e-15,0.19518504931738515,3.1189677330390757,0.34065875420687425
Queue-load-0.70,0.7,4,4,32,452,804,GDA,60,60.0,0.0,0.44842640000001666,-0.4110089478985115,0.3425767961983615,0.16303540637523517,7.105427357601002e-15,0.1966138736497629,3.119134190244971,0.3392211689689231
Queue-load-0.70,0.7,4,4,32,452,804,EGM,0,0.0,0.0,5.199999975502578e-06,-0.4739395736669843,0.5257122968034186,0.22627534714460232,5.329070518200751e-15,0.16278626049793665,3.16318673135105,0.3707302273256918
Queue-load-0.70,0.7,4,4,32,452,804,EGM,5,5.0,0.0,0.050907100000017635,-0.4707804318943618,0.5215892379248458,0.22068390906702018,8.881784197001252e-15,0.16376056016121254,3.159178245657086,0.36996690059367743
Queue-load-0.70,0.7,4,4,32,452,804,EGM,10,10.0,0.0,0.10022779999997056,-0.46717483948965205,0.511864978232256,0.2100081376328607,7.105427357601002e-15,0.16512734222020314,3.156273673967653,0.36875299072886714
Queue-load-0.70,0.7,4,4,32,452,804,EGM,15,15.0,0.0,0.15083950000001778,-0.46131196559864257,0.4945589245410811,0.20064850565067793,5.329070518200751e-15,0.16806770470486768,3.1520999554319635,0.3660322976408188
Queue-load-0.70,0.7,4,4,32,452,804,EGM,20,20.0,0.0,0.2008306000000175,-0.4535719489456167,0.47031137395540923,0.1956159649299713,5.329070518200751e-15,0.17236513143371507,3.147018074559122,0.36200233832633144
Queue-load-0.70,0.7,4,4,32,452,804,EGM,25,25.0,0.0,0.25122040000002244,-0.44470181883823695,0.4405730898852693,0.19412958001991604,7.105427357601002e-15,0.17750185750604233,3.1412369498148314,0.35716988197738664
Queue-load-0.70,0.7,4,4,32,452,804,EGM,30,30.0,0.0,0.3011938000000214,-0.4362767643721984,0.4111806069288104,0.19411792016200363,5.329070518200751e-15,0.18244910144582394,3.135243443527058,0.3525380857369622
Queue-load-0.70,0.7,4,4,32,452,804,EGM,35,35.0,0.0,0.34982530000002043,-0.429400211811425,0.38552331206938495,0.19349444038086477,7.105427357601002e-15,0.18650544365167127,3.1298740685377116,0.34876434221476393
Queue-load-0.70,0.7,4,4,32,452,804,EGM,40,40.0,0.0,0.39744280000002163,-0.4248342659370377,0.37193458578563837,0.19094141868035674,5.329070518200751e-15,0.18915126737404941,3.125579187923243,0.3463445648405167
Queue-load-0.70,0.7,4,4,32,452,804,EGM,45,45.0,0.0,0.4452674999999999,-0.4201882865066443,0.35825404858234317,0.18605664330156982,7.105427357601002e-15,0.19176782466384815,3.121086877642049,0.3439644449339386
Queue-load-0.70,0.7,4,4,32,452,804,EGM,50,50.0,0.0,0.4928586999999993,-0.41578484276289773,0.34939668285635883,0.17898982767017038,7.105427357601002e-15,0.1942302788879371,3.1183107848640366,0.3416481008560599
Queue-load-0.70,0.7,4,4,32,452,804,EGM,55,55.0,0.0,0.5417034000000172,-0.4117685476629504,0.3428484875209307,0.1702406077945722,5.329070518200751e-15,0.19646578424537028,3.1174707472021073,0.3394568080071503
Queue-load-0.70,0.7,4,4,32,452,804,EGM,60,60.0,0.0,0.5899779999999737,-0.4094614106796208,0.3381327800698659,0.16060902402969895,8.881784197001252e-15,0.19761723242923163,3.117620223559513,0.33829749264658243
Queue-load-0.70,0.7,4,4,32,452,804,PPM-3,0,0.0,0.0,5.499999986113835e-06,-0.4739395736669843,0.5257122968034186,0.22627534714460232,5.329070518200751e-15,0.16278626049793665,3.16318673135105,0.3707302273256918
Queue-load-0.70,0.7,4,4,32,452,804,PPM-3,5,15.0,0.0,0.07478520000000799,-0.4707780697942297,0.5215650426724169,0.22069723712049114,7.105427357601002e-15,0.16376241994928714,3.1591756977557983,0.3699651749056707
Queue-load-0.70,0.7,4,4,32,452,804,PPM-3,10,30.0,0.0,0.14969059999998535,-0.4671861201319272,0.5118504815411262,0.21003383894018102,8.881784197001252e-15,0.16511993205312456,3.1562769419929024,0.36876022889461757
Queue-load-0.70,0.7,4,4,32,452,804,PPM-3,15,45.0,0.0,0.22356940000003078,-0.46134234628478005,0.4945723476502538,0.2006654654579507,5.329070518200751e-15,0.16804692750299152,3.1521128135706937,0.36605239809855145
Queue-load-0.70,0.7,4,4,32,452,804,PPM-3,20,60.0,0.0,0.2967308000000344,-0.4536172085679477,0.47035753821915505,0.1956243396346741,7.105427357601002e-15,0.17233429863705962,3.1470376233676234,0.36203214223832875
Queue-load-0.70,0.7,4,4,32,452,804,PPM-3,25,75.0,0.0,0.3724296000000322,-0.4447288586797481,0.44062083963871435,0.19413907147990422,3.552713678800501e-15,0.17748203957849445,3.1412502899513832,0.35718899779248425
Queue-load-0.70,0.7,4,4,32,452,804,PPM-3,30,90.0,0.0,0.44683420000001206,-0.43630402010299,0.4112307381308732,0.19413250361701628,5.329070518200751e-15,0.1824291440311504,3.13524909280943,0.3525577458209849
Queue-load-0.70,0.7,4,4,32,452,804,PPM-3,35,105.0,0.0,0.5209997000000044,-0.4294051713560901,0.38552782462044244,0.1935146302681145,5.329070518200751e-15,0.18649913327720002,3.12986695580233,0.3487710269437293
Queue-load-0.70,0.7,4,4,32,452,804,PPM-3,40,120.0,0.0,0.5958876000000259,-0.42483787071161044,0.37192840116098264,0.19096645909110957,8.881784197001252e-15,0.1891460220999039,3.1255701346636657,0.3463502866020077
Queue-load-0.70,0.7,4,4,32,452,804,PPM-3,45,135.0,0.0,0.6708532000000105,-0.4201761964446714,0.3582330574271565,0.18608423951130962,3.552713678800501e-15,0.1917725193673885,3.121074929371964,0.3439603790867182
Queue-load-0.70,0.7,4,4,32,452,804,PPM-3,50,150.0,0.0,0.7465856000000031,-0.41577297541792646,0.34936981152597246,0.1790168460248886,7.105427357601002e-15,0.19423506511679486,3.1182983057507534,0.3416439714226394
Queue-load-0.70,0.7,4,4,32,452,804,PPM-3,55,165.0,0.0,0.8217000000000212,-0.4117569326915076,0.3428180534655626,0.17026383220242142,7.105427357601002e-15,0.19647063143140553,3.117458684419852,0.3394525957043913
Queue-load-0.70,0.7,4,4,32,452,804,PPM-3,60,180.0,0.0,0.8971554999999967,-0.40944575268300093,0.33810323058716346,0.1606258016786886,5.329070518200751e-15,0.1976247425475833,3.11760863572547,0.3382905924142329
Queue-load-0.70,0.7,4,4,32,452,805,QP+G,0,0.0,0.0,4.499999988638592e-06,-0.4431892424273704,0.46358793423861655,0.20309451506551876,5.329070518200751e-15,0.18255301130893933,3.139386345583324,0.3522161283972006
Queue-load-0.70,0.7,4,4,32,452,805,QP+G,5,5.0,5.0,0.5295681999999715,-0.428998759255437,0.4307340911915547,0.20307334714893768,7.105427357601002e-15,0.19060380980916003,3.1284495666220407,0.3447409498423108
Queue-load-0.70,0.7,4,4,32,452,805,QP+G,10,10.0,10.0,1.1062456999999881,-0.4224708451327482,0.402834402275574,0.2009024343175213,5.329070518200751e-15,0.19403032297240932,3.1225127742776846,0.3416268994340282
Queue-load-0.70,0.7,4,4,32,452,805,QP+G,15,15.0,15.0,1.8561186999999677,-0.4192169198262091,0.3767072421997807,0.19649144149236336,5.329070518200751e-15,0.1955353868134082,3.120385127414455,0.340233817006883
Queue-load-0.70,0.7,4,4,32,452,805,QP+G,20,20.0,20.0,2.59702539999995,-0.41874282417874087,0.35303059518253493,0.19010361641610146,5.329070518200751e-15,0.19539603009298637,3.1207938824753754,0.34035166030304637
Queue-load-0.70,0.7,4,4,32,452,805,QP+G,25,25.0,25.0,3.215126699999985,-0.4191905001806287,0.33132132444890494,0.18243894248327192,1.0658141036401503e-14,0.19472284772019413,3.1225503898380644,0.34093239491990723
Queue-load-0.70,0.7,4,4,32,452,805,QP+G,30,30.0,30.0,3.9098386000000005,-0.4206394392682795,0.31645457507426694,0.17429434182916617,5.329070518200751e-15,0.19342529443432246,3.1245374706747957,0.3421253650038457
Queue-load-0.70,0.7,4,4,32,452,805,QP+G,35,35.0,35.0,4.751048499999968,-0.4214017373988429,0.3033300878496188,0.1662910623114418,5.329070518200751e-15,0.19250684946347277,3.125695314290944,0.34298287083700435
Queue-load-0.70,0.7,4,4,32,452,805,QP+G,40,40.0,40.0,5.390393699999947,-0.4211044372389263,0.29074099643492457,0.15880232986970863,8.881784197001252e-15,0.19221360004745017,3.125979103282706,0.34326118399030264
Queue-load-0.70,0.7,4,4,32,452,805,QP+G,45,45.0,45.0,5.916026799999997,-0.41997537921857653,0.2785156926630003,0.15201450603058214,5.329070518200751e-15,0.19242716755017758,3.1255705062602686,0.3430691215940174
Queue-load-0.70,0.7,4,4,32,452,805,QP+G,50,50.0,50.0,6.43341989999999,-0.41820737406426567,0.26602769371071444,0.1460169308754478,5.329070518200751e-15,0.1930494909035079,3.1246079963030566,0.34249745665949033
Queue-load-0.70,0.7,4,4,32,452,805,QP+G,55,55.0,55.0,6.963573099999962,-0.415950250067927,0.2536392199078652,0.14083935417660065,3.552713678800501e-15,0.19400525992886272,3.12319023441012,0.34161630668113013
Queue-load-0.70,0.7,4,4,32,452,805,QP+G,60,60.0,60.0,7.481187899999952,-0.41330790472625945,0.24374559645223784,0.13641388381537467,3.552713678800501e-15,0.1952415477039508,3.1213807655593717,0.34047525410871293
Queue-load-0.70,0.7,4,4,32,452,805,noG,0,0.0,0.0,6.700000028558861e-06,-0.4431892424273704,0.46358793423861655,0.20309451506551876,5.329070518200751e-15,0.18255301130893933,3.139386345583324,0.3522161283972006
Queue-load-0.70,0.7,4,4,32,452,805,noG,5,5.0,0.0,0.23862110000004577,-0.42958010100140015,0.4353295669715316,0.20472961316257007,8.881784197001252e-15,0.19024339199455123,3.12897703195489,0.3450736063236117
Queue-load-0.70,0.7,4,4,32,452,805,noG,10,10.0,0.0,0.47548280000000887,-0.42305495979879093,0.4103300077430481,0.20416158493736852,5.329070518200751e-15,0.1936339683686337,3.1233064905171664,0.34198147949888275
Queue-load-0.70,0.7,4,4,32,452,805,noG,15,15.0,0.0,0.7049489999999992,-0.4198948173989971,0.38590593512778476,0.20123544547449532,5.329070518200751e-15,0.19504179750747333,3.12155978819609,0.34066558206115255
Queue-load-0.70,0.7,4,4,32,452,805,noG,20,20.0,0.0,0.9519738000000189,-0.42017802652525804,0.36337080378764613,0.19588908198210725,5.329070518200751e-15,0.19439978837458635,3.1225727464271316,0.3412542776029333
Queue-load-0.70,0.7,4,4,32,452,805,noG,25,25.0,0.0,1.1849166000000082,-0.4217399985989423,0.34174599670274036,0.1885910135247919,5.329070518200751e-15,0.19302441790593441,3.125355744782473,0.34248317447393367
Queue-load-0.70,0.7,4,4,32,452,805,noG,30,30.0,0.0,1.4139977000000385,-0.4246658509217417,0.3272682171633109,0.18018403605260883,5.329070518200751e-15,0.19079154101368498,3.1283431342173023,0.344558820343298
Queue-load-0.70,0.7,4,4,32,452,805,noG,35,35.0,0.0,1.6531843000000208,-0.4261661014176079,0.3149115186711117,0.17152653268143184,7.105427357601002e-15,0.1893847919787955,3.130135168034574,0.34587125180885764
Queue-load-0.70,0.7,4,4,32,452,805,noG,40,40.0,0.0,1.8833450000000198,-0.4265021733625973,0.30351743904020184,0.1632648995491541,5.329070518200751e-15,0.1886654404462806,3.1309798998363787,0.34654614377285725
Queue-load-0.70,0.7,4,4,32,452,805,noG,45,45.0,0.0,2.117859200000055,-0.4259192555346129,0.292877366983582,0.15578271390016382,5.329070518200751e-15,0.18850286183001416,3.1310837078933687,0.3467032588071771
Queue-load-0.70,0.7,4,4,32,452,805,noG,50,50.0,0.0,2.3459574000000316,-0.4246328794033962,0.28265563028579543,0.14927032457168274,5.329070518200751e-15,0.18878435147139017,3.1306080258309903,0.3464468050638198
Queue-load-0.70,0.7,4,4,32,452,805,noG,55,55.0,0.0,2.5610604000000308,-0.4228208152109538,0.2743593659618313,0.1438112036048372,5.329070518200751e-15,0.18941923215123094,3.129672602542615,0.34586115718863053
Queue-load-0.70,0.7,4,4,32,452,805,noG,60,60.0,0.0,2.7838937000000215,-0.42061491779501525,0.2651186076761797,0.1394130822584966,8.881784197001252e-15,0.19034129054738927,3.128358788463923,0.34500824690187726
Queue-load-0.70,0.7,4,4,32,452,805,GDA,0,0.0,0.0,5.199999975502578e-06,-0.4431892424273704,0.46358793423861655,0.20309451506551876,5.329070518200751e-15,0.18255301130893933,3.139386345583324,0.3522161283972006
Queue-load-0.70,0.7,4,4,32,452,805,GDA,5,5.0,0.0,0.03586360000002742,-0.42958010100140015,0.4353295669715316,0.20472961316257007,8.881784197001252e-15,0.19024339199455123,3.12897703195489,0.3450736063236117
Queue-load-0.70,0.7,4,4,32,452,805,GDA,10,10.0,0.0,0.072500400000024,-0.42305495979879093,0.4103300077430481,0.20416158493736852,5.329070518200751e-15,0.1936339683686337,3.1233064905171664,0.34198147949888275
Queue-load-0.70,0.7,4,4,32,452,805,GDA,15,15.0,0.0,0.1076080999999931,-0.4198948173989971,0.38590593512778476,0.20123544547449532,5.329070518200751e-15,0.19504179750747333,3.12155978819609,0.34066558206115255
Queue-load-0.70,0.7,4,4,32,452,805,GDA,20,20.0,0.0,0.1427548999999999,-0.42017802652525804,0.36337080378764613,0.19588908198210725,5.329070518200751e-15,0.19439978837458635,3.1225727464271316,0.3412542776029333
Queue-load-0.70,0.7,4,4,32,452,805,GDA,25,25.0,0.0,0.17866370000001552,-0.4217399985989423,0.34174599670274036,0.1885910135247919,5.329070518200751e-15,0.19302441790593441,3.125355744782473,0.34248317447393367
Queue-load-0.70,0.7,4,4,32,452,805,GDA,30,30.0,0.0,0.21733999999997877,-0.4246658509217417,0.3272682171633109,0.18018403605260883,5.329070518200751e-15,0.19079154101368498,3.1283431342173023,0.344558820343298
Queue-load-0.70,0.7,4,4,32,452,805,GDA,35,35.0,0.0,0.25374240000002146,-0.4261661014176079,0.3149115186711117,0.17152653268143184,7.105427357601002e-15,0.1893847919787955,3.130135168034574,0.34587125180885764
Queue-load-0.70,0.7,4,4,32,452,805,GDA,40,40.0,0.0,0.29070469999999204,-0.4265021733625973,0.30351743904020184,0.1632648995491541,5.329070518200751e-15,0.1886654404462806,3.1309798998363787,0.34654614377285725
Queue-load-0.70,0.7,4,4,32,452,805,GDA,45,45.0,0.0,0.3277221000000168,-0.4259192555346129,0.292877366983582,0.15578271390016382,5.329070518200751e-15,0.18850286183001416,3.1310837078933687,0.3467032588071771
Queue-load-0.70,0.7,4,4,32,452,805,GDA,50,50.0,0.0,0.3642234000000144,-0.4246328794033962,0.28265563028579543,0.14927032457168274,5.329070518200751e-15,0.18878435147139017,3.1306080258309903,0.3464468050638198
Queue-load-0.70,0.7,4,4,32,452,805,GDA,55,55.0,0.0,0.4006089000000088,-0.4228208152109538,0.2743593659618313,0.1438112036048372,5.329070518200751e-15,0.18941923215123094,3.129672602542615,0.34586115718863053
Queue-load-0.70,0.7,4,4,32,452,805,GDA,60,60.0,0.0,0.43640110000001187,-0.42061491779501525,0.2651186076761797,0.1394130822584966,8.881784197001252e-15,0.19034129054738927,3.128358788463923,0.34500824690187726
Queue-load-0.70,0.7,4,4,32,452,805,EGM,0,0.0,0.0,5.29999999798747e-06,-0.4431892424273704,0.46358793423861655,0.20309451506551876,5.329070518200751e-15,0.18255301130893933,3.139386345583324,0.3522161283972006
Queue-load-0.70,0.7,4,4,32,452,805,EGM,5,5.0,0.0,0.049117299999977604,-0.42946118808907185,0.43435452494717597,0.20437494673245132,7.105427357601002e-15,0.19031784440208036,3.1288676332985763,0.3450049117400996
Queue-load-0.70,0.7,4,4,32,452,805,EGM,10,10.0,0.0,0.09821279999999888,-0.4229352174506371,0.4087390351131762,0.2034679535531671,7.105427357601002e-15,0.19371740830519737,3.123136371926339,0.34190699317236417
Queue-load-0.70,0.7,4,4,32,452,805,EGM,15,15.0,0.0,0.14706679999994776,-0.41976060478606236,0.3839635310613706,0.2002278003812508,5.329070518200751e-15,0.1951437796344379,3.121310783782505,0.3405767054296403
Queue-load-0.70,0.7,4,4,32,452,805,EGM,20,20.0,0.0,0.19588319999996884,-0.4198761882631925,0.36119434116685983,0.1946620512353612,5.329070518200751e-15,0.19461227717480528,3.122182475144067,0.341062329396559
Queue-load-0.70,0.7,4,4,32,452,805,EGM,25,25.0,0.0,0.24417869999996356,-0.4210735563006065,0.3393647806267979,0.18729486335838658,7.105427357601002e-15,0.19346537280101003,3.124703548631414,0.34207654569207285
Queue-load-0.70,0.7,4,4,32,452,805,EGM,30,30.0,0.0,0.29300530000000435,-0.42383104162214924,0.3250573804364923,0.178963863974312,5.329070518200751e-15,0.19134355815666146,3.1275478708285234,0.34404865916815186
Queue-load-0.70,0.7,4,4,32,452,805,EGM,35,35.0,0.0,0.34184879999997975,-0.42518952329096876,0.3125702892812568,0.1704761999436136,5.329070518200751e-15,0.1900316247017289,3.1292196156854706,0.34527260605166676
Queue-load-0.70,0.7,4,4,32,452,805,EGM,40,40.0,0.0,0.39175659999995105,-0.42540666518232206,0.30093778300322993,0.1624146688493898,5.329070518200751e-15,0.1893931826800542,3.129960432126327,0.3458720577343485
Queue-load-0.70,0.7,4,4,32,452,805,EGM,45,45.0,0.0,0.4403277999999773,-0.4247225057877909,0.2899737164168571,0.15511565293105892,5.329070518200751e-15,0.18930120214342352,3.129970109905634,0.345963528914175
Queue-load-0.70,0.7,4,4,32,452,805,EGM,50,50.0,0.0,0.48819749999995565,-0.4233470636847818,0.27885757726266125,0.14874647176898462,7.105427357601002e-15,0.18964669657723907,3.129404544230546,0.34564780109483745
Queue-load-0.70,0.7,4,4,32,452,805,EGM,55,55.0,0.0,0.5365261999999689,-0.42145138259730763,0.2699215419850169,0.1433816680336402,5.329070518200751e-15,0.19034291073896648,3.128378409977124,0.34500559399907976
Queue-load-0.70,0.7,4,4,32,452,805,EGM,60,60.0,0.0,0.5859451000000035,-0.4191599041814915,0.2598736439920376,0.13902203805162594,5.329070518200751e-15,0.19132743173306532,3.12696830329363,0.34409528914621695
Queue-load-0.70,0.7,4,4,32,452,805,PPM-3,0,0.0,0.0,5.400000020472362e-06,-0.4431892424273704,0.46358793423861655,0.20309451506551876,5.329070518200751e-15,0.18255301130893933,3.139386345583324,0.3522161283972006
Queue-load-0.70,0.7,4,4,32,452,805,PPM-3,5,15.0,0.0,0.07690730000001622,-0.42946001376368326,0.4343705328764377,0.20438098456106452,7.105427357601002e-15,0.19031869688481162,3.128865996361185,0.3450041454119676
Queue-load-0.70,0.7,4,4,32,452,805,PPM-3,10,30.0,0.0,0.1537493000000154,-0.4229309981875233,0.40877111767306956,0.20348074161346444,5.329070518200751e-15,0.19372015678871415,3.123132592001929,0.34190444363223654
Queue-load-0.70,0.7,4,4,32,452,805,PPM-3,15,45.0,0.0,0.22878980000001548,-0.41975139464082667,0.38400733280550103,0.20024800837995296,1.0658141036401503e-14,0.1951493990840444,3.1213025393584934,0.3405715198970879
Queue-load-0.70,0.7,4,4,32,452,805,PPM-3,20,60.0,0.0,0.3051040999999941,-0.419865263778798,0.36124783164703783,0.19469027302950476,7.105427357601002e-15,0.19461880762547007,3.1221728971739027,0.34105630304958745
Queue-load-0.70,0.7,4,4,32,452,805,PPM-3,25,75.0,0.0,0.37727820000003476,-0.4210610859990963,0.3394180861967679,0.18732975816805655,7.105427357601002e-15,0.19347267222463724,3.1246932072181886,0.3420697905533523
Queue-load-0.70,0.7,4,4,32,452,805,PPM-3,30,90.0,0.0,0.4535157000000254,-0.4238212343432344,0.3250832686830968,0.17900212212610142,5.329070518200751e-15,0.1913491237601253,3.1275400621532268,0.34404350454759824
Queue-load-0.70,0.7,4,4,32,452,805,PPM-3,35,105.0,0.0,0.5282971000000316,-0.42518281482811987,0.3125901970030132,0.1705139129518584,7.105427357601002e-15,0.1900351742723969,3.129214592984131,0.3452693208337011
Queue-load-0.70,0.7,4,4,32,452,805,PPM-3,40,120.0,0.0,0.602676200000019,-0.42540319538624605,0.30095062945853857,0.16244871227442856,5.329070518200751e-15,0.18939463146812988,3.1299582355654785,0.3458707245547385
Queue-load-0.70,0.7,4,4,32,452,805,PPM-3,45,135.0,0.0,0.6777903999999921,-0.42472235936587577,0.2899812079188392,0.1551443449804075,7.105427357601002e-15,0.18930051042360407,3.129970777948716,0.34596418547383095
Queue-load-0.70,0.7,4,4,32,452,805,PPM-3,50,150.0,0.0,0.7563754999999901,-0.4233503376871226,0.278864347226379,0.14876944024876684,5.329070518200751e-15,0.18964381868475266,3.1294081656294357,0.34565048838738155
Queue-load-0.70,0.7,4,4,32,452,805,PPM-3,55,165.0,0.0,0.8331492000000367,-0.4214582065638666,0.2699177299309585,0.14339935339821314,5.329070518200751e-15,0.19033777830200257,3.128385124651507,0.3450103730321278
Queue-load-0.70,0.7,4,4,32,452,805,PPM-3,60,180.0,0.0,0.9081530999999927,-0.41917046468837554,0.2598752548311385,0.13903517932659057,8.881784197001252e-15,0.19131994195836924,3.1269783023067284,0.34410225265706595
Queue-load-0.70,0.7,4,4,32,452,806,QP+G,0,0.0,0.0,4.199999978027336e-06,-0.4785389919987044,0.5076899289778555,0.15596624514384025,8.881784197001252e-15,0.162441626271941,3.1687622285890122,0.3707814143286363
Queue-load-0.70,0.7,4,4,32,452,806,QP+G,5,5.0,5.0,0.5273374000000217,-0.4761408864577154,0.5036897215786522,0.1557453535025137,5.329070518200751e-15,0.16385619164137732,3.1669568680771985,0.3694618679335069
Queue-load-0.70,0.7,4,4,32,452,806,QP+G,10,10.0,10.0,1.0675466000000142,-0.47373209679797634,0.49966906112493154,0.15555025093660121,1.0658141036401503e-14,0.1652758408748324,3.1651459121252286,0.3681375321712086
Queue-load-0.70,0.7,4,4,32,452,806,QP+G,15,15.0,15.0,1.5679671999999982,-0.47131414754352013,0.4956293855397869,0.15538128486007752,5.329070518200751e-15,0.16669938694157824,3.1633302321803938,0.3668095482068216
Queue-load-0.70,0.7,4,4,32,452,806,QP+G,20,20.0,20.0,2.0613539000000287,-0.4688789305142328,0.49156246994617553,0.15523872921428947,5.329070518200751e-15,0.16813077989912875,3.161486914202224,0.36547517198496415
Queue-load-0.70,0.7,4,4,32,452,806,QP+G,25,25.0,25.0,2.5763833999999974,-0.4665085067223641,0.48755023071283815,0.15512278493645357,7.105427357601002e-15,0.1695241205378382,3.15971008316951,0.36417534876902885
Queue-load-0.70,0.7,4,4,32,452,806,QP+G,30,30.0,30.0,3.090437399999985,-0.46414671512784095,0.4835363364712145,0.155033580701232,7.105427357601002e-15,0.1709081643494423,3.1578948283023833,0.3628868446872741
Queue-load-0.70,0.7,4,4,32,452,806,QP+G,35,35.0,35.0,3.5982000999999855,-0.46175592081546657,0.4794829586554374,0.15497117390009613,7.105427357601002e-15,0.1723072755710908,3.1560504005739958,0.36158480860922404
Queue-load-0.70,0.7,4,4,32,452,806,QP+G,40,40.0,40.0,4.110467000000028,-0.45937390313038884,0.47542766209361426,0.15493555182085011,5.329070518200751e-15,0.1736990347629521,3.154194755462324,0.360290714949557
Queue-load-0.70,0.7,4,4,32,452,806,QP+G,45,45.0,45.0,4.607613200000003,-0.45711070569788786,0.47148025757083845,0.15492663298754134,7.105427357601002e-15,0.17501361689742573,3.152315532532859,0.35907503928505524
Queue-load-0.70,0.7,4,4,32,452,806,QP+G,50,50.0,50.0,5.108155099999976,-0.4548992015283442,0.46757336956144513,0.15494426861891206,7.105427357601002e-15,0.17629674275178228,3.150490193937812,0.35788798388306886
Queue-load-0.70,0.7,4,4,32,452,806,QP+G,55,55.0,55.0,5.610660900000028,-0.4527882518431421,0.4637555977648806,0.15498824416154447,5.329070518200751e-15,0.17752055690237373,3.148744776748578,0.3567560337950696
Queue-load-0.70,0.7,4,4,32,452,806,QP+G,60,60.0,60.0,6.101101700000015,-0.4506673575071551,0.45991617133106655,0.155058280851888,7.105427357601002e-15,0.1787503352810653,3.147019454437145,0.35561706185382097
Queue-load-0.70,0.7,4,4,32,452,806,noG,0,0.0,0.0,6.299999995462713e-06,-0.4785389919987044,0.5076899289778555,0.15596624514384025,8.881784197001252e-15,0.162441626271941,3.1687622285890122,0.3707814143286363
Queue-load-0.70,0.7,4,4,32,452,806,noG,5,5.0,0.0,0.2291798999999628,-0.4785389919987044,0.5076899289778555,0.15596624514384025,8.881784197001252e-15,0.162441626271941,3.1687622285890122,0.3707814143286363
Queue-load-0.70,0.7,4,4,32,452,806,noG,10,10.0,0.0,0.4594048000000157,-0.4785389919987044,0.5076899289778555,0.15596624514384025,8.881784197001252e-15,0.162441626271941,3.1687622285890122,0.3707814143286363
Queue-load-0.70,0.7,4,4,32,452,806,noG,15,15.0,0.0,0.6866856999999982,-0.4785389919987044,0.5076899289778555,0.15596624514384025,8.881784197001252e-15,0.162441626271941,3.1687622285890122,0.3707814143286363
Queue-load-0.70,0.7,4,4,32,452,806,noG,20,20.0,0.0,0.9143690999999876,-0.4785389919987044,0.5076899289778555,0.15596624514384025,8.881784197001252e-15,0.162441626271941,3.1687622285890122,0.3707814143286363
Queue-load-0.70,0.7,4,4,32,452,806,noG,25,25.0,0.0,1.1496549999999957,-0.4785389919987044,0.5076899289778555,0.15596624514384025,8.881784197001252e-15,0.162441626271941,3.1687622285890122,0.3707814143286363
Queue-load-0.70,0.7,4,4,32,452,806,noG,30,30.0,0.0,1.38964390000001,-0.4785389919987044,0.5076899289778555,0.15596624514384025,8.881784197001252e-15,0.162441626271941,3.1687622285890122,0.3707814143286363
Queue-load-0.70,0.7,4,4,32,452,806,noG,35,35.0,0.0,1.6234571999999616,-0.4785389919987044,0.5076899289778555,0.15596624514384025,8.881784197001252e-15,0.162441626271941,3.1687622285890122,0.3707814143286363
Queue-load-0.70,0.7,4,4,32,452,806,noG,40,40.0,0.0,1.8591729999999984,-0.4785389919987044,0.5076899289778555,0.15596624514384025,8.881784197001252e-15,0.162441626271941,3.1687622285890122,0.3707814143286363
Queue-load-0.70,0.7,4,4,32,452,806,noG,45,45.0,0.0,2.096259900000007,-0.4785389919987044,0.5076899289778555,0.15596624514384025,8.881784197001252e-15,0.162441626271941,3.1687622285890122,0.3707814143286363
Queue-load-0.70,0.7,4,4,32,452,806,noG,50,50.0,0.0,2.328712399999972,-0.4785389919987044,0.5076899289778555,0.15596624514384025,8.881784197001252e-15,0.162441626271941,3.1687622285890122,0.3707814143286363
Queue-load-0.70,0.7,4,4,32,452,806,noG,55,55.0,0.0,2.5692204999999717,-0.4785389919987044,0.5076899289778555,0.15596624514384025,8.881784197001252e-15,0.162441626271941,3.1687622285890122,0.3707814143286363
Queue-load-0.70,0.7,4,4,32,452,806,noG,60,60.0,0.0,2.7992143999999826,-0.4785389919987044,0.5076899289778555,0.15596624514384025,8.881784197001252e-15,0.162441626271941,3.1687622285890122,0.3707814143286363
Queue-load-0.70,0.7,4,4,32,452,806,GDA,0,0.0,0.0,5.7999999967250915e-06,-0.4785389919987044,0.5076899289778555,0.15596624514384025,8.881784197001252e-15,0.162441626271941,3.1687622285890122,0.3707814143286363
Queue-load-0.70,0.7,4,4,32,452,806,GDA,5,5.0,0.0,0.03614959999998746,-0.4618249394304825,0.4938723153688177,0.1617679068163017,5.329070518200751e-15,0.17222284558822357,3.155679120309256,0.3616887796586566
Queue-load-0.70,0.7,4,4,32,452,806,GDA,10,10.0,0.0,0.07440389999999297,-0.44470541970582456,0.4776523342587231,0.16924056388312095,5.329070518200751e-15,0.18208557891324884,3.140683716737884,0.3526152781005471
Queue-load-0.70,0.7,4,4,32,452,806,GDA,15,15.0,0.0,0.11065200000001596,-0.43039992532725324,0.4620474896024006,0.17856836332177833,5.329070518200751e-15,0.19013694487383875,3.12640891895686,0.34531521728632597
Queue-load-0.70,0.7,4,4,32,452,806,GDA,20,20.0,0.0,0.14664270000002944,-0.4142671642647178,0.442234662429303,0.18956563215413372,5.329070518200751e-15,0.19916489248645391,3.1116019934283536,0.3370665815436321
Queue-load-0.70,0.7,4,4,32,452,806,GDA,25,25.0,0.0,0.18700390000003608,-0.39697445559624256,0.4186992635328447,0.20138458169480028,5.329070518200751e-15,0.20870093141321916,3.0963559232037916,0.32833296736552864
Queue-load-0.70,0.7,4,4,32,452,806,GDA,30,30.0,0.0,0.22350420000003623,-0.38233373329355586,0.3950965569620809,0.21220165843051614,5.329070518200751e-15,0.21665675126658945,3.087039447787306,0.3208674883235519
Queue-load-0.70,0.7,4,4,32,452,806,GDA,35,35.0,0.0,0.2600795999999832,-0.38180681127750576,0.38278258284407135,0.2190651156325756,5.329070518200751e-15,0.21603700561928688,3.087575154086263,0.32145903890248806
Queue-load-0.70,0.7,4,4,32,452,806,GDA,40,40.0,0.0,0.29704800000001796,-0.39129103261137727,0.3776901111995771,0.21897931147395125,5.329070518200751e-15,0.2094153495666333,3.0974030445612386,0.3275634375617221
Queue-load-0.70,0.7,4,4,32,452,806,GDA,45,45.0,0.0,0.3326069999999959,-0.3996316682721582,0.368939928072035,0.21181897657255905,7.105427357601002e-15,0.20338354452057725,3.1069642121467855,0.3330920232611712
Queue-load-0.70,0.7,4,4,32,452,806,GDA,50,50.0,0.0,0.3680443000000082,-0.4056059710703196,0.3557901177861998,0.20097443132891854,3.552713678800501e-15,0.19876418422831885,3.1142275254735337,0.33732910390465254
Queue-load-0.70,0.7,4,4,32,452,806,GDA,55,55.0,0.0,0.4032129000000282,-0.40968012918983165,0.3394819636562913,0.18999554459621834,5.329070518200751e-15,0.1953880577943083,3.1195053959466557,0.34042744768218314
Queue-load-0.70,0.7,4,4,32,452,806,GDA,60,60.0,0.0,0.43952330000001893,-0.4123906272483751,0.32352919309944167,0.18063441914148273,7.105427357601002e-15,0.19297461388847714,3.123259566031023,0.34264330368883666
Queue-load-0.70,0.7,4,4,32,452,806,EGM,0,0.0,0.0,4.699999976764957e-06,-0.4785389919987044,0.5076899289778555,0.15596624514384025,8.881784197001252e-15,0.162441626271941,3.1687622285890122,0.3707814143286363
Queue-load-0.70,0.7,4,4,32,452,806,EGM,5,5.0,0.0,0.04860379999996667,-0.4613188107491512,0.49299542952643916,0.1617441064503452,7.105427357601002e-15,0.17251938182713375,3.155277055096828,0.361413404746716
Queue-load-0.70,0.7,4,4,32,452,806,EGM,10,10.0,0.0,0.09723600000000943,-0.4438485123139357,0.47598354034728135,0.16925455668166806,5.329070518200751e-15,0.182578316967122,3.1398824279286006,0.3521647131418984
Queue-load-0.70,0.7,4,4,32,452,806,EGM,15,15.0,0.0,0.14706419999998843,-0.42910037679946333,0.45942218773306065,0.17867769365850647,5.329070518200751e-15,0.19087820087312704,3.1252215105563637,0.3446364564660111
Queue-load-0.70,0.7,4,4,32,452,806,EGM,20,20.0,0.0,0.20198970000001282,-0.41245431697852997,0.4385034601186681,0.18978326899707654,5.329070518200751e-15,0.20019007397336058,3.1100314454388434,0.33612406047722615
Queue-load-0.70,0.7,4,4,32,452,806,EGM,25,25.0,0.0,0.2516032999999993,-0.3945013508884455,0.41362908245673474,0.20160322904889008,7.105427357601002e-15,0.21009503012312036,3.0944848475787836,0.3270373463201015
Queue-load-0.70,0.7,4,4,32,452,806,EGM,30,30.0,0.0,0.3023580999999922,-0.38062015031863217,0.39002428278483636,0.2120712498645499,5.329070518200751e-15,0.21758266489797704,3.0859825600667383,0.3199972003616683
Queue-load-0.70,0.7,4,4,32,452,806,EGM,35,35.0,0.0,0.35329020000000355,-0.38236440193462834,0.3791759027984755,0.2179893233480902,3.552713678800501e-15,0.21559732559628256,3.088154020185471,0.32186825228869265
Queue-load-0.70,0.7,4,4,32,452,806,EGM,40,40.0,0.0,0.4032323000000133,-0.3917834471868676,0.37325969737392506,0.21667492043848532,7.105427357601002e-15,0.20901379030385786,3.0980394778148344,0.3279315003374666
Queue-load-0.70,0.7,4,4,32,452,806,EGM,45,45.0,0.0,0.4530838000000017,-0.39965816349796884,0.36343635601296437,0.2088603815752975,5.329070518200751e-15,0.20328188699628927,3.107139138692004,0.3331844741251834
Queue-load-0.70,0.7,4,4,32,452,806,EGM,50,50.0,0.0,0.5032984000000056,-0.4052733175568576,0.3495073322398376,0.19812193163818576,5.329070518200751e-15,0.19892204263287883,3.1140074451352695,0.33718282867579064
Queue-load-0.70,0.7,4,4,32,452,806,EGM,55,55.0,0.0,0.5524270999999885,-0.4091190096231174,0.33286105627417706,0.18756956661398178,7.105427357601002e-15,0.1957301069817063,3.119006188390657,0.3401116725766791
Queue-load-0.70,0.7,4,4,32,452,806,EGM,60,60.0,0.0,0.6006682999999953,-0.41169199475968554,0.3174504131683688,0.17863517906537593,5.329070518200751e-15,0.19343952171865458,3.12257619075127,0.3422143629786458
Queue-load-0.70,0.7,4,4,32,452,806,PPM-3,0,0.0,0.0,1.0000000031595846e-05,-0.4785389919987044,0.5076899289778555,0.15596624514384025,8.881784197001252e-15,0.162441626271941,3.1687622285890122,0.3707814143286363
Queue-load-0.70,0.7,4,4,32,452,806,PPM-3,5,15.0,0.0,0.07573530000001938,-0.4613155322966461,0.492987218434141,0.16174422755740386,7.105427357601002e-15,0.17252121942915596,3.1552743954661464,0.36141170712525694
Queue-load-0.70,0.7,4,4,32,452,806,PPM-3,10,30.0,0.0,0.15023440000004484,-0.4438391731462957,0.4759644818080057,0.16925515276930145,7.105427357601002e-15,0.18258352350742935,3.1398737312885405,0.3521599643194898
Queue-load-0.70,0.7,4,4,32,452,806,PPM-3,15,45.0,0.0,0.226887099999999,-0.4290849983285629,0.45939211968707144,0.17867925297576476,7.105427357601002e-15,0.19088681084061715,3.125208372458508,0.3446285379773557
Queue-load-0.70,0.7,4,4,32,452,806,PPM-3,20,60.0,0.0,0.30311960000000227,-0.41242607803629067,0.4384550599904009,0.1897860689963087,7.105427357601002e-15,0.2002060245315263,3.110009060728095,0.3361092880617317
Queue-load-0.70,0.7,4,4,32,452,806,PPM-3,25,75.0,0.0,0.3780158000000142,-0.3944660238185616,0.4135679621168597,0.2016058730058452,5.329070518200751e-15,0.21011486840064098,3.094457381938213,0.32701895360260974
Queue-load-0.70,0.7,4,4,32,452,806,PPM-3,30,90.0,0.0,0.4634565000000066,-0.3805878282258155,0.3899617517960104,0.2120683548480877,5.329070518200751e-15,0.21760034101215064,3.085954214679442,0.3199810161099835
Queue-load-0.70,0.7,4,4,32,452,806,PPM-3,35,105.0,0.0,0.5632416000000262,-0.38235113382165214,0.37913211919964607,0.21797480055099544,5.329070518200751e-15,0.21560407861283234,3.0881427865669786,0.32186209051522124
Queue-load-0.70,0.7,4,4,32,452,806,PPM-3,40,120.0,0.0,0.6403686000000448,-0.3917707903635461,0.37322269303263544,0.21665395252198003,8.881784197001252e-15,0.20902061322579338,3.098028831833662,0.3279252377303298
Queue-load-0.70,0.7,4,4,32,452,806,PPM-3,45,135.0,0.0,0.7171966000000225,-0.399645311767087,0.3634096983704182,0.20884361797375753,5.329070518200751e-15,0.20328915199792644,3.1071281425421704,0.33317778786827446
Queue-load-0.70,0.7,4,4,32,452,806,PPM-3,50,150.0,0.0,0.7950673000000279,-0.40526228662004116,0.3494923406794813,0.19811200796027512,5.329070518200751e-15,0.19892825243600296,3.1139982369133574,0.337177103515925
Queue-load-0.70,0.7,4,4,32,452,806,PPM-3,55,165.0,0.0,0.8718878000000245,-0.40910988317696806,0.3328506253638731,0.1875655583745374,5.329070518200751e-15,0.19573504367105696,3.118999030289125,0.34010711262951543
Queue-load-0.70,0.7,4,4,32,452,806,PPM-3,60,180.0,0.0,0.9476944000000458,-0.41168425474508563,0.31742663530622006,0.17863629893204572,7.105427357601002e-15,0.19344347872563952,3.1225705857613097,0.3422107009711331
Queue-load-0.70,0.7,4,4,32,452,807,QP+G,0,0.0,0.0,5.6999999742402e-06,-0.44797506212785404,0.4849862901271948,0.2063473456570031,7.105427357601002e-15,0.17864491920414863,3.1417397570494043,0.35600035674061864
Queue-load-0.70,0.7,4,4,32,452,807,QP+G,5,5.0,5.0,0.5212150999999494,-0.4465884308120034,0.4804083618301601,0.20649615578743205,5.329070518200751e-15,0.17943184836425782,3.140414211361126,0.3552831931430502
Queue-load-0.70,0.7,4,4,32,452,807,QP+G,10,10.0,10.0,1.0685024999999655,-0.4451522812460934,0.4757449419192822,0.20666201318293803,7.105427357601002e-15,0.18024641725034993,3.139052818933269,0.3545402764900045
Queue-load-0.70,0.7,4,4,32,452,807,QP+G,15,15.0,15.0,1.6065833999999768,-0.443802641224457,0.47113474495428664,0.20684918996385465,5.329070518200751e-15,0.18100866774669572,3.137780676542413,0.35384498085633453
Queue-load-0.70,0.7,4,4,32,452,807,QP+G,20,20.0,20.0,2.1632472999999663,-0.442548753736608,0.4665894693065248,0.20706138929185758,5.329070518200751e-15,0.1817172302086642,3.1366021892750515,0.35319844404001677
Queue-load-0.70,0.7,4,4,32,452,807,QP+G,25,25.0,25.0,2.6683443999999668,-0.44124469113688963,0.4619654018781032,0.20730160217243812,7.105427357601002e-15,0.18245427451747806,3.1353990839702086,0.3525247210630366
Queue-load-0.70,0.7,4,4,32,452,807,QP+G,30,30.0,30.0,3.157868199999996,-0.4399413207422465,0.45731539477971556,0.20757195573294654,7.105427357601002e-15,0.18319660007443958,3.1343188018950086,0.3518392524574022
Queue-load-0.70,0.7,4,4,32,452,807,QP+G,35,35.0,35.0,3.6534039000000007,-0.43871047372879207,0.4527130668668776,0.20787355777381974,5.329070518200751e-15,0.1839042854372432,3.133428666657628,0.3511784163176173
Queue-load-0.70,0.7,4,4,32,452,807,QP+G,40,40.0,40.0,4.1492723999999725,-0.43746538577811306,0.4480753636346788,0.20820634578018513,7.105427357601002e-15,0.18462372355093637,3.1326405189071678,0.350500459664476
Queue-load-0.70,0.7,4,4,32,452,807,QP+G,45,45.0,45.0,4.6911984999999845,-0.4362215214865505,0.4434182932786438,0.20856895233224104,5.329070518200751e-15,0.18534499092364637,3.131908592187346,0.3498177147507028
Queue-load-0.70,0.7,4,4,32,452,807,QP+G,50,50.0,50.0,5.230085699999961,-0.43506118000068966,0.4388247030205817,0.2089586023944766,8.881784197001252e-15,0.18602743150707196,3.1314543146868123,0.3491591835094111
Queue-load-0.70,0.7,4,4,32,452,807,QP+G,55,55.0,55.0,5.747694899999999,-0.4339766577473212,0.4342885844169089,0.20937106046915321,7.105427357601002e-15,0.1866629264102948,3.131006849852536,0.3485472393869395
Queue-load-0.70,0.7,4,4,32,452,807,QP+G,60,60.0,60.0,6.254466399999956,-0.4332343245005426,0.43007821651386813,0.20980064607721793,7.105427357601002e-15,0.18710278678602996,3.13094208298631,0.34811078779363736
Queue-load-0.70,0.7,4,4,32,452,807,noG,0,0.0,0.0,5.199999975502578e-06,-0.44797506212785404,0.4849862901271948,0.2063473456570031,7.105427357601002e-15,0.17864491920414863,3.1417397570494043,0.35600035674061864
Queue-load-0.70,0.7,4,4,32,452,807,noG,5,5.0,0.0,0.229654499999981,-0.44797506212785404,0.4849862901271948,0.2063473456570031,7.105427357601002e-15,0.17864491920414863,3.1417397570494043,0.35600035674061864
Queue-load-0.70,0.7,4,4,32,452,807,noG,10,10.0,0.0,0.4509261999999694,-0.44797506212785404,0.4849862901271948,0.2063473456570031,7.105427357601002e-15,0.17864491920414863,3.1417397570494043,0.35600035674061864
Queue-load-0.70,0.7,4,4,32,452,807,noG,15,15.0,0.0,0.69020119999999,-0.44797506212785404,0.4849862901271948,0.2063473456570031,7.105427357601002e-15,0.17864491920414863,3.1417397570494043,0.35600035674061864
Queue-load-0.70,0.7,4,4,32,452,807,noG,20,20.0,0.0,0.9188411000000087,-0.44797506212785404,0.4849862901271948,0.2063473456570031,7.105427357601002e-15,0.17864491920414863,3.1417397570494043,0.35600035674061864
Queue-load-0.70,0.7,4,4,32,452,807,noG,25,25.0,0.0,1.1518965999999864,-0.44797506212785404,0.4849862901271948,0.2063473456570031,7.105427357601002e-15,0.17864491920414863,3.1417397570494043,0.35600035674061864
Queue-load-0.70,0.7,4,4,32,452,807,noG,30,30.0,0.0,1.384405499999957,-0.44797506212785404,0.4849862901271948,0.2063473456570031,7.105427357601002e-15,0.17864491920414863,3.1417397570494043,0.35600035674061864
Queue-load-0.70,0.7,4,4,32,452,807,noG,35,35.0,0.0,1.6166746000000103,-0.44797506212785404,0.4849862901271948,0.2063473456570031,7.105427357601002e-15,0.17864491920414863,3.1417397570494043,0.35600035674061864
Queue-load-0.70,0.7,4,4,32,452,807,noG,40,40.0,0.0,1.8478706999999872,-0.44797506212785404,0.4849862901271948,0.2063473456570031,7.105427357601002e-15,0.17864491920414863,3.1417397570494043,0.35600035674061864
Queue-load-0.70,0.7,4,4,32,452,807,noG,45,45.0,0.0,2.078944799999988,-0.44797506212785404,0.4849862901271948,0.2063473456570031,7.105427357601002e-15,0.17864491920414863,3.1417397570494043,0.35600035674061864
Queue-load-0.70,0.7,4,4,32,452,807,noG,50,50.0,0.0,2.3206124999999815,-0.44797506212785404,0.4849862901271948,0.2063473456570031,7.105427357601002e-15,0.17864491920414863,3.1417397570494043,0.35600035674061864
Queue-load-0.70,0.7,4,4,32,452,807,noG,55,55.0,0.0,2.559567999999956,-0.44797506212785404,0.4849862901271948,0.2063473456570031,7.105427357601002e-15,0.17864491920414863,3.1417397570494043,0.35600035674061864
Queue-load-0.70,0.7,4,4,32,452,807,noG,60,60.0,0.0,2.788322599999958,-0.44797506212785404,0.4849862901271948,0.2063473456570031,7.105427357601002e-15,0.17864491920414863,3.1417397570494043,0.35600035674061864
Queue-load-0.70,0.7,4,4,32,452,807,GDA,0,0.0,0.0,6.699999971715442e-06,-0.44797506212785404,0.4849862901271948,0.2063473456570031,7.105427357601002e-15,0.17864491920414863,3.1417397570494043,0.35600035674061864
Queue-load-0.70,0.7,4,4,32,452,807,GDA,5,5.0,0.0,0.03707499999995889,-0.4302641139158306,0.46150585865362215,0.21683353725366986,5.329070518200751e-15,0.18873110744657587,3.1254100684795554,0.3467736257913413
Queue-load-0.70,0.7,4,4,32,452,807,GDA,10,10.0,0.0,0.07336039999995592,-0.4196770546213053,0.4414274556287707,0.22472590272942722,5.329070518200751e-15,0.19456419568326147,3.1173332647599663,0.34136563248726576
Queue-load-0.70,0.7,4,4,32,452,807,GDA,15,15.0,0.0,0.10886089999996784,-0.4166324673276733,0.42488938140806604,0.22932698187635914,7.105427357601002e-15,0.19585116733247196,3.1166877394417654,0.340112635854803
Queue-load-0.70,0.7,4,4,32,452,807,GDA,20,20.0,0.0,0.14498140000000603,-0.41618504314773175,0.40686434415452033,0.23017546934562774,5.329070518200751e-15,0.1955161621564843,3.1193053899765175,0.3403098699500141
Queue-load-0.70,0.7,4,4,32,452,807,GDA,25,25.0,0.0,0.18061039999997774,-0.4182641404994277,0.3874938579468988,0.22576475693136752,5.329070518200751e-15,0.19351447505571495,3.1225225789333018,0.3421422313162161
Queue-load-0.70,0.7,4,4,32,452,807,GDA,30,30.0,0.0,0.21590009999999893,-0.41920137619873876,0.3637534940195366,0.21524406157682868,7.105427357601002e-15,0.19211924720210552,3.1247446599091573,0.3434205075395193
Queue-load-0.70,0.7,4,4,32,452,807,GDA,35,35.0,0.0,0.25277059999996254,-0.4189966239349054,0.33699176040688344,0.20140186899423018,7.105427357601002e-15,0.19143059549534475,3.1259720274118608,0.34404456095666236
Queue-load-0.70,0.7,4,4,32,452,807,GDA,40,40.0,0.0,0.2918741999999952,-0.4181720432890205,0.30969617164820185,0.1877492153161,5.329070518200751e-15,0.1912195855371454,3.1264904450337743,0.3442282857768657
Queue-load-0.70,0.7,4,4,32,452,807,GDA,45,45.0,0.0,0.32729059999996934,-0.41691672764003446,0.2847556973032451,0.17575583268944633,5.329070518200751e-15,0.19139436610627522,3.1264174422309345,0.34405734746051786
Queue-load-0.70,0.7,4,4,32,452,807,GDA,50,50.0,0.0,0.36270139999999174,-0.4157168457561231,0.2640966513759522,0.16560982835746182,5.329070518200751e-15,0.19164908249595417,3.126089431550497,0.3438198947908612
Queue-load-0.70,0.7,4,4,32,452,807,GDA,55,55.0,0.0,0.3979986999999596,-0.41451270566399095,0.24978467020381198,0.15710140437646203,5.329070518200751e-15,0.19199391324991807,3.125520146103105,0.3435050264288655
Queue-load-0.70,0.7,4,4,32,452,807,GDA,60,60.0,0.0,0.43376129999995783,-0.4132247572471993,0.23988928172427754,0.1499454530537142,7.105427357601002e-15,0.1924584511314306,3.1247773731530164,0.34307958186051496
Queue-load-0.70,0.7,4,4,32,452,807,EGM,0,0.0,0.0,5.29999999798747e-06,-0.44797506212785404,0.4849862901271948,0.2063473456570031,7.105427357601002e-15,0.17864491920414863,3.1417397570494043,0.35600035674061864
Queue-load-0.70,0.7,4,4,32,452,807,EGM,5,5.0,0.0,0.04904670000001943,-0.4300405357765607,0.4605403003694086,0.21686320752410146,5.329070518200751e-15,0.1888570764747817,3.1252260948322363,0.3466573395866789
Queue-load-0.70,0.7,4,4,32,452,807,EGM,10,10.0,0.0,0.09797989999998435,-0.41949789219732614,0.43962830429066246,0.22479812989229345,5.329070518200751e-15,0.19466374697963765,3.117238157015234,0.34127108686166535
Queue-load-0.70,0.7,4,4,32,452,807,EGM,15,15.0,0.0,0.14651159999999663,-0.41643590598290886,0.4220931583419754,0.22937416555832818,7.105427357601002e-15,0.19598173441154082,3.116918549351394,0.33996992088575356
Queue-load-0.70,0.7,4,4,32,452,807,EGM,20,20.0,0.0,0.19534759999999096,-0.4164858184831113,0.40354520552227874,0.22975645599448358,5.329070518200751e-15,0.1953504433806828,3.1197188962997227,0.3404538252351211
Queue-load-0.70,0.7,4,4,32,452,807,EGM,25,25.0,0.0,0.24429329999998117,-0.4182642396257039,0.38296120615968043,0.22419013080554087,7.105427357601002e-15,0.19352633459246424,3.1226500355467683,0.3421236635366532
Queue-load-0.70,0.7,4,4,32,452,807,EGM,30,30.0,0.0,0.293295100000023,-0.4189578178521382,0.35846128821280426,0.21268963292540902,5.329070518200751e-15,0.19228859137748025,3.124617940835981,0.34325783278904676
Queue-load-0.70,0.7,4,4,32,452,807,EGM,35,35.0,0.0,0.3421668000000295,-0.4186184740472905,0.331606416495388,0.1987226036487557,7.105427357601002e-15,0.19171085464918974,3.125704733892909,0.34377836988276206
Queue-load-0.70,0.7,4,4,32,452,807,EGM,40,40.0,0.0,0.390877200000034,-0.4177775966928559,0.30486259234840674,0.18546709924435262,5.329070518200751e-15,0.19153750457064175,3.1261048556238733,0.3439306609228382
Queue-load-0.70,0.7,4,4,32,452,807,EGM,45,45.0,0.0,0.43992209999998977,-0.4164886306445221,0.2804827341915432,0.17404101010856873,7.105427357601002e-15,0.19175324294084925,3.1259660333822374,0.34372222898640115
Queue-load-0.70,0.7,4,4,32,452,807,EGM,50,50.0,0.0,0.4888594000000239,-0.41532347892594557,0.26040189712716477,0.16446167064157513,5.329070518200751e-15,0.19199791982214784,3.125598214868225,0.3434969109742601
Queue-load-0.70,0.7,4,4,32,452,807,EGM,55,55.0,0.0,0.537477000000024,-0.41406090381244204,0.24613008545109563,0.15643340761070396,5.329070518200751e-15,0.19238389973109574,3.124970145672784,0.34314398733875767
Queue-load-0.70,0.7,4,4,32,452,807,EGM,60,60.0,0.0,0.5860296999999832,-0.41271708485895714,0.23765649672736444,0.14963020647018302,8.881784197001252e-15,0.1928852491355787,3.124174074013334,0.34268453644266555
Queue-load-0.70,0.7,4,4,32,452,807,PPM-3,0,0.0,0.0,5.400000020472362e-06,-0.44797506212785404,0.4849862901271948,0.2063473456570031,7.105427357601002e-15,0.17864491920414863,3.1417397570494043,0.35600035674061864
Queue-load-0.70,0.7,4,4,32,452,807,PPM-3,5,15.0,0.0,0.07465330000002268,-0.43002991195079,0.4605199138018342,0.21686794653077907,5.329070518200751e-15,0.18886332147008775,3.1252176517113086,0.34665153896615897
Queue-load-0.70,0.7,4,4,32,452,807,PPM-3,10,30.0,0.0,0.14702670000002627,-0.4194847553411951,0.4395974914820934,0.22480930035978774,8.881784197001252e-15,0.1946717018689274,3.117227181683235,0.34126370962142866
Queue-load-0.70,0.7,4,4,32,452,807,PPM-3,15,45.0,0.0,0.22030460000001995,-0.416417181676002,0.4220505472928044,0.22938580506209108,3.552713678800501e-15,0.1959933167907677,3.1169061912892797,0.33995898893084936
Queue-load-0.70,0.7,4,4,32,452,807,PPM-3,20,60.0,0.0,0.29375100000004295,-0.41647148410247986,0.4035045390473444,0.22975071366001332,5.329070518200751e-15,0.19535911608207843,3.119706228986745,0.3404458192344083
Queue-load-0.70,0.7,4,4,32,452,807,PPM-3,25,75.0,0.0,0.3676671000000056,-0.4182520424624556,0.38293125675861184,0.2241642631286506,5.329070518200751e-15,0.19353339383236473,3.1226368556753,0.34211729797419743
Queue-load-0.70,0.7,4,4,32,452,807,PPM-3,30,90.0,0.0,0.44085960000001023,-0.41894895770098534,0.35845528208151617,0.21267092252199365,5.329070518200751e-15,0.192293598141984,3.1246069136296013,0.3432534064038266
Queue-load-0.70,0.7,4,4,32,452,807,PPM-3,35,105.0,0.0,0.5132332000000019,-0.41861106706936796,0.3316210932195358,0.1987241358529627,5.329070518200751e-15,0.19171478070004944,3.12569529700534,0.34377494051019447
Queue-load-0.70,0.7,4,4,32,452,807,PPM-3,40,120.0,0.0,0.589563700000042,-0.4177729366520156,0.3048832306321786,0.18548347584161975,5.329070518200751e-15,0.19153940056135502,3.126097813221043,0.34392913558490446
Queue-load-0.70,0.7,4,4,32,452,807,PPM-3,45,135.0,0.0,0.6651712000000316,-0.41648498207477974,0.28049579377755846,0.17406484093902236,7.105427357601002e-15,0.19175415809961951,3.125959677714461,0.3437216483364612
Queue-load-0.70,0.7,4,4,32,452,807,PPM-3,50,150.0,0.0,0.7391705000000002,-0.4153136341619596,0.2603669127708532,0.16448834533276718,7.105427357601002e-15,0.1920024355329803,3.125591131382953,0.3434927680784428
Queue-load-0.70,0.7,4,4,32,452,807,PPM-3,55,165.0,0.0,0.8149437000000148,-0.41405271960324214,0.24608315588706237,0.15646082638493375,5.329070518200751e-15,0.19238735739944535,3.124964577545434,0.34314082272974145
Queue-load-0.70,0.7,4,4,32,452,807,PPM-3,60,180.0,0.0,0.8912284000000454,-0.41271033269815227,0.23761120134530647,0.14965691704708137,7.105427357601002e-15,0.1928878558272223,3.1241697384080402,0.34268215794077506
Queue-load-0.70,0.7,4,4,32,452,808,QP+G,0,0.0,0.0,3.900000024259498e-06,-0.46674696732871623,0.5435536657446737,0.18480792523119188,5.329070518200751e-15,0.16862431679196568,3.157963915730196,0.3651670560643401
Queue-load-0.70,0.7,4,4,32,452,808,QP+G,5,5.0,5.0,0.48659359999999197,-0.46257317494609235,0.5369934030181909,0.18633073098470482,7.105427357601002e-15,0.17109412746701796,3.154608574869722,0.36287384227668057
Queue-load-0.70,0.7,4,4,32,452,808,QP+G,10,10.0,10.0,0.9893505000000005,-0.461242175010394,0.5327595660577671,0.18684100133104467,7.105427357601002e-15,0.17185867476445976,3.153550741941924,0.36216497039649176
Queue-load-0.70,0.7,4,4,32,452,808,QP+G,15,15.0,15.0,1.5052129000000036,-0.4599423034663783,0.5285167709503735,0.18734813860646626,5.329070518200751e-15,0.17260584933001025,3.152547353305592,0.36147060575916884
Queue-load-0.70,0.7,4,4,32,452,808,QP+G,20,20.0,20.0,1.997496099999978,-0.45864418798716133,0.5242370512684802,0.1878501999652079,5.329070518200751e-15,0.1733465188200443,3.151525355105315,0.36078372564809696
Queue-load-0.70,0.7,4,4,32,452,808,QP+G,25,25.0,25.0,2.4730602000000204,-0.4573575055733079,0.5199316978025095,0.188345299487934,5.329070518200751e-15,0.17408231487711104,3.1505597563377075,0.3600987505787988
Queue-load-0.70,0.7,4,4,32,452,808,QP+G,30,30.0,30.0,2.9521232999999825,-0.4560620324593016,0.5155823014142162,0.18883164228062324,5.329070518200751e-15,0.1748153653464818,3.1495186605436203,0.3594204946249064
Queue-load-0.70,0.7,4,4,32,452,808,QP+G,35,35.0,35.0,3.4258068999999978,-0.4549253821023819,0.511358480135616,0.18930755786656328,7.105427357601002e-15,0.1754566670601159,3.148604989183388,0.35882728087760074
Queue-load-0.70,0.7,4,4,32,452,808,QP+G,40,40.0,40.0,3.895931200000007,-0.4539221699858244,0.5072370294128347,0.18977153174632583,5.329070518200751e-15,0.17601629838023408,3.1477147639404364,0.35831450351763666
Queue-load-0.70,0.7,4,4,32,452,808,QP+G,45,45.0,45.0,4.387833499999999,-0.45299912230885336,0.5031670128865819,0.1902222340487729,5.329070518200751e-15,0.17653021020400297,3.1469717729180537,0.3578396964845197
Queue-load-0.70,0.7,4,4,32,452,808,QP+G,50,50.0,50.0,4.878497100000004,-0.4520662005389513,0.49906086614794243,0.1906585442949237,7.105427357601002e-15,0.17704813024223845,3.1462425501652356,0.35736015659117004
Queue-load-0.70,0.7,4,4,32,452,808,QP+G,55,55.0,55.0,5.367514799999981,-0.4511385027011539,0.4949362749310081,0.19107957143965673,5.329070518200751e-15,0.17756090628522997,3.145528425367331,0.3568849660638574
Queue-load-0.70,0.7,4,4,32,452,808,QP+G,60,60.0,60.0,5.851733500000023,-0.45020700468703134,0.49078689170706336,0.19148466853474566,8.881784197001252e-15,0.17807693074930048,3.1448483656654185,0.3564047342156777
Queue-load-0.70,0.7,4,4,32,452,808,noG,0,0.0,0.0,5.600000008598727e-06,-0.46674696732871623,0.5435536657446737,0.18480792523119188,5.329070518200751e-15,0.16862431679196568,3.157963915730196,0.3651670560643401
Queue-load-0.70,0.7,4,4,32,452,808,noG,5,5.0,0.0,0.21967480000000705,-0.4637790867035221,0.5410416041205305,0.18585621356723875,5.329070518200751e-15,0.17040177365031706,3.1555646692321413,0.36351587533746466
Queue-load-0.70,0.7,4,4,32,452,808,noG,10,10.0,0.0,0.437552500000038,-0.4637789456888664,0.5410414778235335,0.18585626808550829,5.329070518200751e-15,0.17040185788136775,3.1555645524897047,0.3635157972507529
Queue-load-0.70,0.7,4,4,32,452,808,noG,15,15.0,0.0,0.6489827000000332,-0.46377894568453404,0.5410414778196533,0.1858562680871832,5.329070518200751e-15,0.17040185788395526,3.1555645524861147,0.36351579724835353
Queue-load-0.70,0.7,4,4,32,452,808,noG,20,20.0,0.0,0.870607399999983,-0.46377894568453404,0.5410414778196533,0.1858562680871832,5.329070518200751e-15,0.17040185788395526,3.1555645524861147,0.36351579724835353
Queue-load-0.70,0.7,4,4,32,452,808,noG,25,25.0,0.0,1.0870034000000146,-0.46377894568453404,0.5410414778196533,0.1858562680871832,5.329070518200751e-15,0.17040185788395526,3.1555645524861147,0.36351579724835353
Queue-load-0.70,0.7,4,4,32,452,808,noG,30,30.0,0.0,1.3090718999999922,-0.46377894568453404,0.5410414778196533,0.1858562680871832,5.329070518200751e-15,0.17040185788395526,3.1555645524861147,0.36351579724835353
Queue-load-0.70,0.7,4,4,32,452,808,noG,35,35.0,0.0,1.524762600000031,-0.46377894568453404,0.5410414778196533,0.1858562680871832,5.329070518200751e-15,0.17040185788395526,3.1555645524861147,0.36351579724835353
Queue-load-0.70,0.7,4,4,32,452,808,noG,40,40.0,0.0,1.7397799000000305,-0.46377894568453404,0.5410414778196533,0.1858562680871832,5.329070518200751e-15,0.17040185788395526,3.1555645524861147,0.36351579724835353
Queue-load-0.70,0.7,4,4,32,452,808,noG,45,45.0,0.0,1.95512930000001,-0.46377894568453404,0.5410414778196533,0.1858562680871832,5.329070518200751e-15,0.17040185788395526,3.1555645524861147,0.36351579724835353
Queue-load-0.70,0.7,4,4,32,452,808,noG,50,50.0,0.0,2.1725031000000286,-0.46377894568453404,0.5410414778196533,0.1858562680871832,5.329070518200751e-15,0.17040185788395526,3.1555645524861147,0.36351579724835353
Queue-load-0.70,0.7,4,4,32,452,808,noG,55,55.0,0.0,2.3922732000000337,-0.46377894568453404,0.5410414778196533,0.1858562680871832,5.329070518200751e-15,0.17040185788395526,3.1555645524861147,0.36351579724835353
Queue-load-0.70,0.7,4,4,32,452,808,noG,60,60.0,0.0,2.6091408000000342,-0.46377894568453404,0.5410414778196533,0.1858562680871832,5.329070518200751e-15,0.17040185788395526,3.1555645524861147,0.36351579724835353
Queue-load-0.70,0.7,4,4,32,452,808,GDA,0,0.0,0.0,5.199999975502578e-06,-0.46674696732871623,0.5435536657446737,0.18480792523119188,5.329070518200751e-15,0.16862431679196568,3.157963915730196,0.3651670560643401
Queue-load-0.70,0.7,4,4,32,452,808,GDA,5,5.0,0.0,0.03472449999998162,-0.4558716671639037,0.533355517816548,0.18962317433614867,7.105427357601002e-15,0.1751082757434632,3.148968100754104,0.359156561058952
Queue-load-0.70,0.7,4,4,32,452,808,GDA,10,10.0,0.0,0.07006469999998899,-0.4464310044415685,0.5209932004830834,0.19611654739172088,5.329070518200751e-15,0.18067448128140845,3.141602232876263,0.35397803277773454
Queue-load-0.70,0.7,4,4,32,452,808,GDA,15,15.0,0.0,0.1054601999999818,-0.4370389782609354,0.5043869128905277,0.20353990494502053,7.105427357601002e-15,0.18602729321691303,3.1336321454542753,0.3490446991275993
Queue-load-0.70,0.7,4,4,32,452,808,GDA,20,20.0,0.0,0.14149549999996225,-0.42982903093894587,0.4850831377005593,0.20988235743126366,7.105427357601002e-15,0.1898726234476168,3.1263659781856696,0.34558179875313716
Queue-load-0.70,0.7,4,4,32,452,808,GDA,25,25.0,0.0,0.17752569999998968,-0.424225222085863,0.4622633181604469,0.21276222090631108,5.329070518200751e-15,0.19263266125498837,3.1213139021829144,0.34308765968275373
Queue-load-0.70,0.7,4,4,32,452,808,GDA,30,30.0,0.0,0.2139856000000009,-0.41959955769624213,0.43564649816641926,0.21143204704784446,5.329070518200751e-15,0.19478278226943185,3.119045632190659,0.34105692129948
Queue-load-0.70,0.7,4,4,32,452,808,GDA,35,35.0,0.0,0.2500104999999735,-0.4171534396103917,0.4073532000494035,0.20716224803984568,5.329070518200751e-15,0.19561398107809846,3.1187659494997395,0.34024044263244047
Queue-load-0.70,0.7,4,4,32,452,808,GDA,40,40.0,0.0,0.28577389999998104,-0.417036947789528,0.37871257213445464,0.20140146869664366,7.105427357601002e-15,0.1950803808936807,3.1203569716736923,0.3406903048077048
Queue-load-0.70,0.7,4,4,32,452,808,GDA,45,45.0,0.0,0.3218992999999841,-0.4169349462998442,0.34859032692502756,0.19471068325182841,5.329070518200751e-15,0.19456984732875598,3.122047295142576,0.34111187397952974
Queue-load-0.70,0.7,4,4,32,452,808,GDA,50,50.0,0.0,0.35797969999998713,-0.4178162754142016,0.31946229650514946,0.18706697281258944,5.329070518200751e-15,0.1934837704121907,3.123755634894455,0.3421080382775744
Queue-load-0.70,0.7,4,4,32,452,808,GDA,55,55.0,0.0,0.394046000000003,-0.41830201361917113,0.2914832239888824,0.17838408611367212,5.329070518200751e-15,0.19267658441299082,3.1250934411032025,0.34284481342368184
Queue-load-0.70,0.7,4,4,32,452,808,GDA,60,60.0,0.0,0.43073389999995015,-0.41883486986086754,0.2696912586489716,0.16879170117017622,5.329070518200751e-15,0.1918952345773276,3.126310767129667,0.3435620934684789
Queue-load-0.70,0.7,4,4,32,452,808,EGM,0,0.0,0.0,4.9999999873762135e-06,-0.46674696732871623,0.5435536657446737,0.18480792523119188,5.329070518200751e-15,0.16862431679196568,3.157963915730196,0.3651670560643401
Queue-load-0.70,0.7,4,4,32,452,808,EGM,5,5.0,0.0,0.048349699999960194,-0.4555565317750271,0.5323789113245513,0.18974093526654673,5.329070518200751e-15,0.17529233530310903,3.148737885034868,0.35898461811610827
Queue-load-0.70,0.7,4,4,32,452,808,EGM,10,10.0,0.0,0.09782839999996895,-0.44584096166218423,0.5188752951115128,0.19629934132519788,5.329070518200751e-15,0.18100849581084275,3.1410654769619986,0.35367226855957806
Queue-load-0.70,0.7,4,4,32,452,808,EGM,15,15.0,0.0,0.14660749999995915,-0.4362806268867287,0.5010367378110495,0.20354229936400606,5.329070518200751e-15,0.18644611324989788,3.1329134398654905,0.34866370570454974
Queue-load-0.70,0.7,4,4,32,452,808,EGM,20,20.0,0.0,0.19504119999999148,-0.42906038373892175,0.4805401890863261,0.2092983205514129,5.329070518200751e-15,0.19028231944446583,3.1256074693026177,0.3452120242764488
Queue-load-0.70,0.7,4,4,32,452,808,EGM,25,25.0,0.0,0.25314759999997705,-0.42336624251614485,0.45650552291089264,0.2113570346230274,5.329070518200751e-15,0.1930993368284673,3.120737419145015,0.34265132532179465
Queue-load-0.70,0.7,4,4,32,452,808,EGM,30,30.0,0.0,0.3049603999999704,-0.41888660426068036,0.42916638757604014,0.20938481123071948,3.552713678800501e-15,0.19517642959690926,3.1186421196876855,0.34068451147215967
Queue-load-0.70,0.7,4,4,32,452,808,EGM,35,35.0,0.0,0.3556553999999892,-0.4168408613655518,0.40075170566905555,0.20476573145585997,7.105427357601002e-15,0.195788113836023,3.1186063936316804,0.34007470755178326
Queue-load-0.70,0.7,4,4,32,452,808,EGM,40,40.0,0.0,0.4057745000000068,-0.41663087027962825,0.37182537038397956,0.19878774720135683,7.105427357601002e-15,0.19532962762778813,3.1200843697503373,0.34045540554324566
Queue-load-0.70,0.7,4,4,32,452,808,EGM,45,45.0,0.0,0.4560961999999904,-0.4166165932524507,0.34190105773414614,0.19190685277345357,7.105427357601002e-15,0.19478324896156532,3.121713927791215,0.3409160179967913
Queue-load-0.70,0.7,4,4,32,452,808,EGM,50,50.0,0.0,0.5081584000000134,-0.4173111238075075,0.3130880731802781,0.18410496297766013,5.329070518200751e-15,0.19382780236304925,3.1232208089699225,0.34179215505958627
Queue-load-0.70,0.7,4,4,32,452,808,EGM,55,55.0,0.0,0.5601826999999844,-0.41764179654690886,0.285878136934579,0.1753420803173172,7.105427357601002e-15,0.19313508354804335,3.1243911769599073,0.34242327555932967
Queue-load-0.70,0.7,4,4,32,452,808,EGM,60,60.0,0.0,0.6115449999999782,-0.41803969302271604,0.2665855935695577,0.1657892941607247,5.329070518200751e-15,0.19245553400636364,3.1254470288394165,0.34304725394945434
Queue-load-0.70,0.7,4,4,32,452,808,PPM-3,0,0.0,0.0,5.100000009861105e-06,-0.46674696732871623,0.5435536657446737,0.18480792523119188,5.329070518200751e-15,0.16862431679196568,3.157963915730196,0.3651670560643401
Queue-load-0.70,0.7,4,4,32,452,808,PPM-3,5,15.0,0.0,0.07766149999997651,-0.4555519036298397,0.5323622558812315,0.18974084473176414,5.329070518200751e-15,0.17529505444273968,3.1487342469908772,0.35898209045247714
Queue-load-0.70,0.7,4,4,32,452,808,PPM-3,10,30.0,0.0,0.1546602999999891,-0.4458336532067142,0.5188439101139464,0.19629542973861047,7.105427357601002e-15,0.1810127032668512,3.141059569389872,0.35366837202841944
Queue-load-0.70,0.7,4,4,32,452,808,PPM-3,15,45.0,0.0,0.23650020000002314,-0.4362732257460343,0.5009959907158803,0.20352924523967125,5.329070518200751e-15,0.18645026551976293,3.132907200234822,0.3486598818362991
Queue-load-0.70,0.7,4,4,32,452,808,PPM-3,20,60.0,0.0,0.31477260000002616,-0.4290502482418195,0.48049516591906166,0.20927523102103715,5.329070518200751e-15,0.1902881853800002,3.1255993981854737,0.34520658313655395
Queue-load-0.70,0.7,4,4,32,452,808,PPM-3,25,75.0,0.0,0.39035869999997885,-0.4233565553657463,0.4564705612762914,0.21133309225851574,7.105427357601002e-15,0.19310524068444326,3.120727276431282,0.3426459552928578
Queue-load-0.70,0.7,4,4,32,452,808,PPM-3,30,90.0,0.0,0.4707667999999785,-0.41886979611521524,0.4291418279807226,0.2093688306533065,5.329070518200751e-15,0.19518676078948063,3.1186230627111575,0.34067518327835306
Queue-load-0.70,0.7,4,4,32,452,808,PPM-3,35,105.0,0.0,0.5451646999999866,-0.41681635056809496,0.4007381134242535,0.20475710740525138,5.329070518200751e-15,0.19580324801178817,3.1185823917980566,0.3400608366304188
Queue-load-0.70,0.7,4,4,32,452,808,PPM-3,40,120.0,0.0,0.619920900000011,-0.4166067647880892,0.37182852389269333,0.19878351099985223,3.552713678800501e-15,0.19534455967559775,3.1200584300165946,0.34044183874458095
Queue-load-0.70,0.7,4,4,32,452,808,PPM-3,45,135.0,0.0,0.6998904000000152,-0.4165885175377634,0.34191345006198826,0.19190668780604958,5.329070518200751e-15,0.19480079488068539,3.121687561595341,0.3408998597721907
Queue-load-0.70,0.7,4,4,32,452,808,PPM-3,50,150.0,0.0,0.7757986999999957,-0.417285779669729,0.3131119919276131,0.18410968826689655,5.329070518200751e-15,0.19384389959930612,3.1231968100401404,0.3417773209248965
Queue-load-0.70,0.7,4,4,32,452,808,PPM-3,55,165.0,0.0,0.8481323999999972,-0.41761822509335833,0.2859048469563483,0.17535160361417723,5.329070518200751e-15,0.1931501305717196,3.124367418280635,0.34240947899245616
Queue-load-0.70,0.7,4,4,32,452,808,PPM-3,60,180.0,0.0,0.9201517000000194,-0.41801583194155384,0.26659348134911864,0.16580223293624682,5.329070518200751e-15,0.19247080273658512,3.125424976769137,0.3430331458545124
Queue-load-0.70,0.7,4,4,32,452,809,QP+G,0,0.0,0.0,3.899999967416079e-06,-0.4330075121485636,0.5436072644885004,0.22572921007057647,5.329070518200751e-15,0.18799659254431847,3.1294704598536076,0.3472944358844392
Queue-load-0.70,0.7,4,4,32,452,809,QP+G,5,5.0,5.0,0.47082000000000335,-0.4301528405754096,0.5292922199191215,0.22152343087684828,5.329070518200751e-15,0.1892253734702648,3.127529208487095,0.3461678260830458
Queue-load-0.70,0.7,4,4,32,452,809,QP+G,10,10.0,10.0,0.9727553000000171,-0.42735062422461967,0.5086612626843459,0.21632237853336983,5.329070518200751e-15,0.19040092202859604,3.1265680707013592,0.34504286372396337
Queue-load-0.70,0.7,4,4,32,452,809,QP+G,15,15.0,15.0,1.4520367000000078,-0.4254770597560418,0.48651153159602545,0.21243152239289453,1.0658141036401503e-14,0.19102562866837233,3.1264838032069293,0.34442259221547356
Queue-load-0.70,0.7,4,4,32,452,809,QP+G,20,20.0,20.0,1.9513534000000163,-0.4245661154055693,0.4628242582828708,0.21039668238429382,5.329070518200751e-15,0.1910982426384803,3.126804672654381,0.34433309037971005
Queue-load-0.70,0.7,4,4,32,452,809,QP+G,25,25.0,25.0,2.467388900000003,-0.4236477276808295,0.43804934933571865,0.21028306228943539,5.329070518200751e-15,0.19115360126497366,3.1269675080880313,0.34426916146723385
Queue-load-0.70,0.7,4,4,32,452,809,QP+G,30,30.0,30.0,2.980398799999989,-0.42261645260139064,0.4125229352367869,0.21089381791191328,8.881784197001252e-15,0.19122716421388475,3.1270348727372568,0.3441920530104695
Queue-load-0.70,0.7,4,4,32,452,809,QP+G,35,35.0,35.0,3.4939559999999688,-0.42148337160221305,0.3868736874846343,0.2096951246991593,5.329070518200751e-15,0.1912955713453869,3.127177604180885,0.34411613369772387
Queue-load-0.70,0.7,4,4,32,452,809,QP+G,40,40.0,40.0,3.9684050000000184,-0.42036140318115334,0.3667494377679205,0.20443446864563639,5.329070518200751e-15,0.1912820373835261,3.127446224019178,0.3441155297733593
Queue-load-0.70,0.7,4,4,32,452,809,QP+G,45,45.0,45.0,4.421993999999984,-0.41929362105651724,0.359709484984847,0.19504505794219135,5.329070518200751e-15,0.19119056908439624,3.127801177439203,0.3441883163135403
Queue-load-0.70,0.7,4,4,32,452,809,QP+G,50,50.0,50.0,4.896835800000019,-0.4183757848710606,0.3534876302075377,0.18312595398982964,5.329070518200751e-15,0.19105017505645316,3.1281813828163574,0.3443086995321591
Queue-load-0.70,0.7,4,4,32,452,809,QP+G,55,55.0,55.0,5.386364799999967,-0.41763415736563897,0.34522569175495077,0.17108356798054028,5.329070518200751e-15,0.1908894157004379,3.1285584718106363,0.3444496120990024
Queue-load-0.70,0.7,4,4,32,452,809,QP+G,60,60.0,60.0,5.867658899999981,-0.4170301679064529,0.3354195569343899,0.16010775709188294,7.105427357601002e-15,0.19074391264409649,3.1288860019874143,0.34457787672498685
Queue-load-0.70,0.7,4,4,32,452,809,noG,0,0.0,0.0,5.600000008598727e-06,-0.4330075121485636,0.5436072644885004,0.22572921007057647,5.329070518200751e-15,0.18799659254431847,3.1294704598536076,0.3472944358844392
Queue-load-0.70,0.7,4,4,32,452,809,noG,5,5.0,0.0,0.23014560000001438,-0.4301679792636705,0.5307944099905165,0.22178701395065628,8.881784197001252e-15,0.1892113497080809,3.1275314472105937,0.34618173201767644
Queue-load-0.70,0.7,4,4,32,452,809,noG,10,10.0,0.0,0.4633671999999933,-0.42768378444406424,0.5139968458567937,0.2175592567044561,7.105427357601002e-15,0.19013368882631063,3.126770057036237,0.34529946606651973
Queue-load-0.70,0.7,4,4,32,452,809,noG,15,15.0,0.0,0.7027702000000318,-0.4254407715050246,0.4935378359297098,0.21435345539320014,5.329070518200751e-15,0.19091747593141498,3.1266964985605856,0.3445195504601333
Queue-load-0.70,0.7,4,4,32,452,809,noG,20,20.0,0.0,0.9345294999999965,-0.42529902124664815,0.4723154937399736,0.21272087353914473,8.881784197001252e-15,0.19047252111943325,3.1276796597507657,0.3449127599463157
Queue-load-0.70,0.7,4,4,32,452,809,noG,25,25.0,0.0,1.1632324000000267,-0.42532198917968284,0.4496239902292097,0.212575996107376,5.329070518200751e-15,0.1899569327438946,3.128634235467086,0.34537810749467907
Queue-load-0.70,0.7,4,4,32,452,809,noG,30,30.0,0.0,1.3952657000000386,-0.42472165262305206,0.4256585973105458,0.21335711882917885,7.105427357601002e-15,0.18979918253555425,3.129003587406048,0.34551641812728423
Queue-load-0.70,0.7,4,4,32,452,809,noG,35,35.0,0.0,1.6268751000000066,-0.4236393183172966,0.40109599358789183,0.2139666149686792,7.105427357601002e-15,0.18988889428981798,3.1290169806301398,0.34542600146649005
Queue-load-0.70,0.7,4,4,32,452,809,noG,40,40.0,0.0,1.8533178000000134,-0.4222325343460801,0.37933859582036217,0.21228217352647563,5.329070518200751e-15,0.19011866054127038,3.1289758421633165,0.3451984003975021
Queue-load-0.70,0.7,4,4,32,452,809,noG,45,45.0,0.0,2.0761552000000165,-0.42063437700771655,0.36830683359972766,0.2057294857667851,5.329070518200751e-15,0.19040468591015364,3.128894105319908,0.3449166769677458
Queue-load-0.70,0.7,4,4,32,452,809,noG,50,50.0,0.0,2.305638600000009,-0.41908768177460715,0.36210753157673636,0.19438018178953997,7.105427357601002e-15,0.19064648811446272,3.128836550898167,0.3446779039435279
Queue-load-0.70,0.7,4,4,32,452,809,noG,55,55.0,0.0,2.5368172999999956,-0.41795264869688087,0.3537779434884013,0.18122865370698663,5.329070518200751e-15,0.19069868325385805,3.1289842789683213,0.3446179336425449
Queue-load-0.70,0.7,4,4,32,452,809,noG,60,60.0,0.0,2.766021500000022,-0.4171192519286426,0.34388215519212534,0.16881938065879412,8.881784197001252e-15,0.19066139109549815,3.1291239520189023,0.3446478745877175
Queue-load-0.70,0.7,4,4,32,452,809,GDA,0,0.0,0.0,5.7999999967250915e-06,-0.4330075121485636,0.5436072644885004,0.22572921007057647,5.329070518200751e-15,0.18799659254431847,3.1294704598536076,0.3472944358844392
Queue-load-0.70,0.7,4,4,32,452,809,GDA,5,5.0,0.0,0.03586930000000166,-0.4301679792636705,0.5307944099905165,0.22178701395065628,8.881784197001252e-15,0.1892113497080809,3.1275314472105937,0.34618173201767644
Queue-load-0.70,0.7,4,4,32,452,809,GDA,10,10.0,0.0,0.07184999999998354,-0.42768378444406424,0.5139968458567937,0.2175592567044561,7.105427357601002e-15,0.19013368882631063,3.126770057036237,0.34529946606651973
Queue-load-0.70,0.7,4,4,32,452,809,GDA,15,15.0,0.0,0.10795709999996461,-0.4254407715050246,0.4935378359297098,0.21435345539320014,5.329070518200751e-15,0.19091747593141498,3.1266964985605856,0.3445195504601333
Queue-load-0.70,0.7,4,4,32,452,809,GDA,20,20.0,0.0,0.14396339999996144,-0.42529902124664815,0.4723154937399736,0.21272087353914473,8.881784197001252e-15,0.19047252111943325,3.1276796597507657,0.3449127599463157
Queue-load-0.70,0.7,4,4,32,452,809,GDA,25,25.0,0.0,0.18006629999996449,-0.42532198917968284,0.4496239902292097,0.212575996107376,5.329070518200751e-15,0.1899569327438946,3.128634235467086,0.34537810749467907
Queue-load-0.70,0.7,4,4,32,452,809,GDA,30,30.0,0.0,0.21698049999997693,-0.42472165262305206,0.4256585973105458,0.21335711882917885,7.105427357601002e-15,0.18979918253555425,3.129003587406048,0.34551641812728423
Queue-load-0.70,0.7,4,4,32,452,809,GDA,35,35.0,0.0,0.2528045999999904,-0.4236393183172966,0.40109599358789183,0.2139666149686792,7.105427357601002e-15,0.18988889428981798,3.1290169806301398,0.34542600146649005
Queue-load-0.70,0.7,4,4,32,452,809,GDA,40,40.0,0.0,0.2897783999999888,-0.4222325343460801,0.37933859582036217,0.21228217352647563,5.329070518200751e-15,0.19011866054127038,3.1289758421633165,0.3451984003975021
Queue-load-0.70,0.7,4,4,32,452,809,GDA,45,45.0,0.0,0.32636379999996734,-0.42063437700771655,0.36830683359972766,0.2057294857667851,5.329070518200751e-15,0.19040468591015364,3.128894105319908,0.3449166769677458
Queue-load-0.70,0.7,4,4,32,452,809,GDA,50,50.0,0.0,0.3626014999999825,-0.41908768177460715,0.36210753157673636,0.19438018178953997,7.105427357601002e-15,0.19064648811446272,3.128836550898167,0.3446779039435279
Queue-load-0.70,0.7,4,4,32,452,809,GDA,55,55.0,0.0,0.4027047999999809,-0.41795264869688087,0.3537779434884013,0.18122865370698663,5.329070518200751e-15,0.19069868325385805,3.1289842789683213,0.3446179336425449
Queue-load-0.70,0.7,4,4,32,452,809,GDA,60,60.0,0.0,0.4402747999999974,-0.4171192519286426,0.34388215519212534,0.16881938065879412,8.881784197001252e-15,0.19066139109549815,3.1291239520189023,0.3446478745877175
Queue-load-0.70,0.7,4,4,32,452,809,EGM,0,0.0,0.0,6.199999972977821e-06,-0.4330075121485636,0.5436072644885004,0.22572921007057647,5.329070518200751e-15,0.18799659254431847,3.1294704598536076,0.3472944358844392
Queue-load-0.70,0.7,4,4,32,452,809,EGM,5,5.0,0.0,0.05002519999999322,-0.4301556464976735,0.5299871016148057,0.22163960037759187,5.329070518200751e-15,0.1892220531040825,3.1275264823347455,0.3461712899309308
Queue-load-0.70,0.7,4,4,32,452,809,EGM,10,10.0,0.0,0.10038339999999835,-0.4275391017939374,0.5123170324288725,0.2171742787695271,5.329070518200751e-15,0.19024163712507736,3.1266960625467926,0.3451954122145641
Queue-load-0.70,0.7,4,4,32,452,809,EGM,15,15.0,0.0,0.15868039999998018,-0.4254426045642866,0.49147156575525547,0.21376381741010325,5.329070518200751e-15,0.1909555946975075,3.1266240175081776,0.3444852464862719
Queue-load-0.70,0.7,4,4,32,452,809,EGM,20,20.0,0.0,0.20995890000000372,-0.42501872936586277,0.46967267852774625,0.21204530115095208,7.105427357601002e-15,0.19069174129340888,3.1273779015978453,0.3447094217803874
Queue-load-0.70,0.7,4,4,32,452,809,EGM,25,25.0,0.0,0.26183269999995673,-0.42489344751258207,0.44666726010197433,0.21193345426194035,5.329070518200751e-15,0.19026629026662464,3.1281914687393715,0.3450920534839347
Queue-load-0.70,0.7,4,4,32,452,809,EGM,30,30.0,0.0,0.31192889999999807,-0.42418563308194446,0.4224101181130514,0.21276280056152344,5.329070518200751e-15,0.19016553636372835,3.1284842258752414,0.3451773991165211
Queue-load-0.70,0.7,4,4,32,452,809,EGM,35,35.0,0.0,0.3607730999999603,-0.4230338129228745,0.39751914705171376,0.21313101292355943,5.329070518200751e-15,0.19028273397704099,3.1284828491567738,0.34506027396207595
Queue-load-0.70,0.7,4,4,32,452,809,EGM,40,40.0,0.0,0.41000969999998915,-0.4216459443254557,0.3759822462072101,0.21054664476505391,8.881784197001252e-15,0.19048430805467056,3.1285206284323217,0.3448567115015215
Queue-load-0.70,0.7,4,4,32,452,809,EGM,45,45.0,0.0,0.45878890000000183,-0.4201591164796936,0.3656051300169748,0.20293963688789352,7.105427357601002e-15,0.19069417506001501,3.128526646164378,0.34464652777343885
Queue-load-0.70,0.7,4,4,32,452,809,EGM,50,50.0,0.0,0.5077722999999992,-0.41886290294707235,0.3590658748873359,0.191346018801499,7.105427357601002e-15,0.1907984272722935,3.128670951416892,0.3445346805478695
Queue-load-0.70,0.7,4,4,32,452,809,EGM,55,55.0,0.0,0.5562673999999674,-0.417923540330804,0.3505847304765934,0.17867633756818335,5.329070518200751e-15,0.19075158128927414,3.1288533948947204,0.3445719242425827
Queue-load-0.70,0.7,4,4,32,452,809,EGM,60,60.0,0.0,0.6050075999999649,-0.41716434831670135,0.34054531446968744,0.16687324360386496,5.329070518200751e-15,0.19068896189887866,3.1290338730976024,0.3446250447801937
Queue-load-0.70,0.7,4,4,32,452,809,PPM-3,0,0.0,0.0,6.199999972977821e-06,-0.4330075121485636,0.5436072644885004,0.22572921007057647,5.329070518200751e-15,0.18799659254431847,3.1294704598536076,0.3472944358844392
Queue-load-0.70,0.7,4,4,32,452,809,PPM-3,5,15.0,0.0,0.07635119999997642,-0.43014861297858664,0.5299842224034673,0.2216340980363386,5.329070518200751e-15,0.18922649383106574,3.127520201618527,0.3461671797679591
Queue-load-0.70,0.7,4,4,32,452,809,PPM-3,10,30.0,0.0,0.15523559999996905,-0.42752735717724255,0.5123226057032679,0.2171725059841102,7.105427357601002e-15,0.19024908396218407,3.12668534854353,0.34518852927236665
Queue-load-0.70,0.7,4,4,32,452,809,PPM-3,15,45.0,0.0,0.23270209999998315,-0.42543231488828753,0.4914935680682891,0.21377166168302036,5.329070518200751e-15,0.19096204788532883,3.126612560903571,0.3444793962776411
Queue-load-0.70,0.7,4,4,32,452,809,PPM-3,20,60.0,0.0,0.30961439999998674,-0.4250047330021988,0.469698032986102,0.21206240978834298,7.105427357601002e-15,0.19070002067719674,3.1273647617519544,0.34470183396743653
Queue-load-0.70,0.7,4,4,32,452,809,PPM-3,25,75.0,0.0,0.3834803999999963,-0.42488101055586824,0.44668872565914874,0.2119561359394976,5.329070518200751e-15,0.1902732086048914,3.128180238523386,0.3450857262096666
Queue-load-0.70,0.7,4,4,32,452,809,PPM-3,30,90.0,0.0,0.456971899999985,-0.4241775371644068,0.4224202482436358,0.21278636751284072,5.329070518200751e-15,0.19016957251998862,3.128477305721679,0.34517372717887007
Queue-load-0.70,0.7,4,4,32,452,809,PPM-3,35,105.0,0.0,0.5327331999999956,-0.4230322908892342,0.39751610350501926,0.21314616163448366,5.329070518200751e-15,0.1902826078179699,3.1284819740159646,0.34506044618118836
Queue-load-0.70,0.7,4,4,32,452,809,PPM-3,40,120.0,0.0,0.607439099999965,-0.4216527029442639,0.3759703522932405,0.21054697193530883,7.105427357601002e-15,0.19047908997715102,3.128526872248375,0.3448616009571451
Queue-load-0.70,0.7,4,4,32,452,809,PPM-3,45,135.0,0.0,0.7040675000000078,-0.42017298282887056,0.36561178967761065,0.20293513392441018,7.105427357601002e-15,0.19068470104470078,3.128537852108129,0.3446554120022393
Queue-load-0.70,0.7,4,4,32,452,809,PPM-3,50,150.0,0.0,0.8067768999999885,-0.4188698518071541,0.3590704936649666,0.19134476341948858,5.329070518200751e-15,0.19079313960598016,3.128681020248499,0.34453943827567646
Queue-load-0.70,0.7,4,4,32,452,809,PPM-3,55,165.0,0.0,0.8895630999999753,-0.41793062319569885,0.3505905477372564,0.17867496496861066,7.105427357601002e-15,0.190746042580172,3.1288639057470276,0.34457690974893096
Queue-load-0.70,0.7,4,4,32,452,809,PPM-3,60,180.0,0.0,0.9708572999999774,-0.4171709154826361,0.3405472653129804,0.16686746454344464,5.329070518200751e-15,0.19068355585042926,3.1290440755280207,0.3446299138586221
Queue-load-0.70,0.7,4,4,32,452,810,QP+G,0,0.0,0.0,4.300000000512227e-06,-0.5008995913210771,0.5012097777785048,0.1644519293204093,5.329070518200751e-15,0.14871422280751367,3.1838783591748494,0.38371323197275675
Queue-load-0.70,0.7,4,4,32,452,810,QP+G,5,5.0,5.0,0.5159623999999781,-0.48875261343028625,0.4899219069112791,0.16261805725456463,5.329070518200751e-15,0.15561526842221857,3.1737478811662942,0.3773453694111335
Queue-load-0.70,0.7,4,4,32,452,810,QP+G,10,10.0,10.0,1.0375369999999862,-0.4746437487882379,0.47462000774217283,0.16139518954129373,5.329070518200751e-15,0.16373369486654996,3.163184281199382,0.3697829219124287
Queue-load-0.70,0.7,4,4,32,452,810,QP+G,15,15.0,15.0,1.5498326999999676,-0.46039693579307517,0.45802154973314957,0.16054794595797442,5.329070518200751e-15,0.17200996867339852,3.1535755329520763,0.36201237169754436
Queue-load-0.70,0.7,4,4,32,452,810,QP+G,20,20.0,20.0,2.041211400000009,-0.4519171008459605,0.4483721607939172,0.1599851585954919,7.105427357601002e-15,0.1769047923912173,3.1476039228689365,0.35743184324725996
Queue-load-0.70,0.7,4,4,32,452,810,QP+G,25,25.0,25.0,2.5591565999999943,-0.44358052701219003,0.4395628059550173,0.15982621458748417,7.105427357601002e-15,0.18173535536980667,3.141540273714519,0.3529204196978509
Queue-load-0.70,0.7,4,4,32,452,810,QP+G,30,30.0,30.0,3.2265130000000113,-0.43313290752039024,0.42865417154495783,0.16020249030205952,5.329070518200751e-15,0.1878270609068539,3.13386900188821,0.34723246530955687
Queue-load-0.70,0.7,4,4,32,452,810,QP+G,35,35.0,35.0,3.87232019999999,-0.42692354635244345,0.4203660224785994,0.1607640267394748,3.552713678800501e-15,0.19140150643446402,3.1281322611035787,0.3439599535074527
Queue-load-0.70,0.7,4,4,32,452,810,QP+G,40,40.0,40.0,4.47956640000001,-0.42460486153023214,0.4155701334011865,0.16040946988817464,8.881784197001252e-15,0.19277183317894206,3.1259656841993997,0.34270365712635226
Queue-load-0.70,0.7,4,4,32,452,810,QP+G,45,45.0,45.0,5.017355500000008,-0.42300010682284034,0.41156522725362943,0.1597873162385064,5.329070518200751e-15,0.19373050819900278,3.1244124042301586,0.34182673368361993
Queue-load-0.70,0.7,4,4,32,452,810,QP+G,50,50.0,50.0,5.552704099999971,-0.42157935217292075,0.4077154786684596,0.1591114774082163,7.105427357601002e-15,0.19457947446014523,3.1229993699077974,0.3410521376499704
Queue-load-0.70,0.7,4,4,32,452,810,QP+G,55,55.0,55.0,6.101953999999978,-0.4200564798671416,0.40363428088398146,0.15845142707300724,7.105427357601002e-15,0.19548370592951209,3.121535134335512,0.3402249712107245
Queue-load-0.70,0.7,4,4,32,452,810,QP+G,60,60.0,60.0,6.702281199999959,-0.41848209446887763,0.3991695347520152,0.15788003745129583,5.329070518200751e-15,0.19639682077989368,3.11984794639226,0.3394006557257774
Queue-load-0.70,0.7,4,4,32,452,810,noG,0,0.0,0.0,5.7000000310836185e-06,-0.5008995913210771,0.5012097777785048,0.1644519293204093,5.329070518200751e-15,0.14871422280751367,3.1838783591748494,0.38371323197275675
Queue-load-0.70,0.7,4,4,32,452,810,noG,5,5.0,0.0,0.2669754000000353,-0.4905827212816068,0.49371381138168646,0.16392620814260794,7.105427357601002e-15,0.1544872253208844,3.1752008124548268,0.37839694244465094
Queue-load-0.70,0.7,4,4,32,452,810,noG,10,10.0,0.0,0.515658099999996,-0.47836940134914224,0.48224170965142815,0.16382459177570097,5.329070518200751e-15,0.16142488245723507,3.166014330593801,0.37194278435361755
Queue-load-0.70,0.7,4,4,32,452,810,noG,15,15.0,0.0,0.8125186000000326,-0.46570065570426505,0.4685375962600453,0.16402065096263146,5.329070518200751e-15,0.16869826871316265,3.1574709314456753,0.365119050684433
Queue-load-0.70,0.7,4,4,32,452,810,noG,20,20.0,0.0,1.130024800000001,-0.45798491746802783,0.4605639821543418,0.16431055149753931,5.329070518200751e-15,0.17310130236366572,3.1526021739133663,0.3609722674303672
Queue-load-0.70,0.7,4,4,32,452,810,noG,25,25.0,0.0,1.4482899000000202,-0.4515939766651097,0.45463515383994313,0.1647101281649942,5.329070518200751e-15,0.17673862420404085,3.1482706166144805,0.357562922289934
Queue-load-0.70,0.7,4,4,32,452,810,noG,30,30.0,0.0,1.7495307000000366,-0.4427787096145042,0.44747490013450925,0.1654721285483401,5.329070518200751e-15,0.18182041029966045,3.1418417998477906,0.3528194949715085
Queue-load-0.70,0.7,4,4,32,452,810,noG,35,35.0,0.0,2.015004000000033,-0.4341216941657238,0.4398595258259137,0.16683186044077666,5.329070518200751e-15,0.18680578266870349,3.134652595203662,0.3482125017942615
Queue-load-0.70,0.7,4,4,32,452,810,noG,40,40.0,0.0,2.295236799999998,-0.4315712948995149,0.43722508899371637,0.167531400493425,5.329070518200751e-15,0.18828578049195285,3.1325426150212468,0.34684355555956103
Queue-load-0.70,0.7,4,4,32,452,810,noG,45,45.0,0.0,2.5835491000000275,-0.43127367034609115,0.4368983838066128,0.16761584981893593,7.105427357601002e-15,0.1884600834167929,3.1323144258140094,0.34668126259299553
Queue-load-0.70,0.7,4,4,32,452,810,noG,50,50.0,0.0,2.862312299999985,-0.4312352828154132,0.4368558288390883,0.16762665845879268,5.329070518200751e-15,0.18848256990153,3.132284985983134,0.34666032557304116
Queue-load-0.70,0.7,4,4,32,452,810,noG,55,55.0,0.0,3.115310700000009,-0.43123031765214287,0.43685031783794037,0.1676280551004784,7.105427357601002e-15,0.18848547845196306,3.132281178007559,0.34665761744237555
Queue-load-0.70,0.7,4,4,32,452,810,noG,60,60.0,0.0,3.366577100000029,-0.4312296751836307,0.4368496046269502,0.16762823579617459,5.329070518200751e-15,0.18848585480585478,3.132280685271353,0.34665726702196803
Queue-load-0.70,0.7,4,4,32,452,810,GDA,0,0.0,0.0,5.600000008598727e-06,-0.5008995913210771,0.5012097777785048,0.1644519293204093,5.329070518200751e-15,0.14871422280751367,3.1838783591748494,0.38371323197275675
Queue-load-0.70,0.7,4,4,32,452,810,GDA,5,5.0,0.0,0.03930750000000671,-0.4905827212816068,0.49371381138168646,0.16392620814260794,7.105427357601002e-15,0.1544872253208844,3.1752008124548268,0.37839694244465094
Queue-load-0.70,0.7,4,4,32,452,810,GDA,10,10.0,0.0,0.07764969999999494,-0.47836940134914224,0.48224170965142815,0.16382459177570097,5.329070518200751e-15,0.16142488245723507,3.166014330593801,0.37194278435361755
Queue-load-0.70,0.7,4,4,32,452,810,GDA,15,15.0,0.0,0.12071159999999281,-0.46570065570426505,0.4685375962600453,0.16402065096263146,5.329070518200751e-15,0.16869826871316265,3.1574709314456753,0.365119050684433
Queue-load-0.70,0.7,4,4,32,452,810,GDA,20,20.0,0.0,0.15796549999998888,-0.45798491746802783,0.4605639821543418,0.16431055149753931,5.329070518200751e-15,0.17310130236366572,3.1526021739133663,0.3609722674303672
Queue-load-0.70,0.7,4,4,32,452,810,GDA,25,25.0,0.0,0.19910119999997278,-0.4515939766651097,0.45463515383994313,0.1647101281649942,5.329070518200751e-15,0.17673862420404085,3.1482706166144805,0.357562922289934
Queue-load-0.70,0.7,4,4,32,452,810,GDA,30,30.0,0.0,0.23991130000001704,-0.4427787096145042,0.44747490013450925,0.1654721285483401,5.329070518200751e-15,0.18182041029966045,3.1418417998477906,0.3528194949715085
Queue-load-0.70,0.7,4,4,32,452,810,GDA,35,35.0,0.0,0.2785753999999656,-0.4341216941657238,0.4398595258259137,0.16683186044077666,5.329070518200751e-15,0.18680578266870349,3.134652595203662,0.3482125017942615
Queue-load-0.70,0.7,4,4,32,452,810,GDA,40,40.0,0.0,0.3172359000000142,-0.428573447539577,0.4336114721244654,0.16871513231354263,8.881784197001252e-15,0.19001150660365215,3.1297132030692896,0.3452667458663858
Queue-load-0.70,0.7,4,4,32,452,810,GDA,45,45.0,0.0,0.3556470999999988,-0.42437691885915174,0.42624254760572905,0.170742409867033,7.105427357601002e-15,0.19239598288114215,3.125025327027784,0.34312899990686935
Queue-load-0.70,0.7,4,4,32,452,810,GDA,50,50.0,0.0,0.39360369999997147,-0.4202073416329424,0.4161954690275919,0.1725112905649495,5.329070518200751e-15,0.19476521577852898,3.1209408671525023,0.34097473858186406
Queue-load-0.70,0.7,4,4,32,452,810,GDA,55,55.0,0.0,0.43620249999997895,-0.4149404902133945,0.4022854817753547,0.17366026633714352,3.552713678800501e-15,0.1977148163339563,3.116268308132684,0.33827106218537556
Queue-load-0.70,0.7,4,4,32,452,810,GDA,60,60.0,0.0,0.4747610999999665,-0.41105539095497123,0.38727433984162085,0.17365077058416578,5.329070518200751e-15,0.19982939359670776,3.1138719199076097,0.33628261061867964
Queue-load-0.70,0.7,4,4,32,452,810,EGM,0,0.0,0.0,5.100000009861105e-06,-0.5008995913210771,0.5012097777785048,0.1644519293204093,5.329070518200751e-15,0.14871422280751367,3.1838783591748494,0.38371323197275675
Queue-load-0.70,0.7,4,4,32,452,810,EGM,5,5.0,0.0,0.052259099999957925,-0.4901903683408733,0.49289929526416354,0.16364565415251153,5.329070518200751e-15,0.15472943237196943,3.1748886256462647,0.37817116627822633
Queue-load-0.70,0.7,4,4,32,452,810,EGM,10,10.0,0.0,0.10381699999999228,-0.47757056165591044,0.4806046454482992,0.16329791771202984,5.329070518200751e-15,0.1619210718288916,3.165409595742906,0.3714784231320071
Queue-load-0.70,0.7,4,4,32,452,810,EGM,15,15.0,0.0,0.15923709999998437,-0.46453740502657603,0.46625308579517044,0.1632581133093953,5.329070518200751e-15,0.1694256582958226,3.156616983435799,0.3644366057338727
Queue-load-0.70,0.7,4,4,32,452,810,EGM,20,20.0,0.0,0.21038829999997688,-0.45667697043610206,0.4579697416491162,0.1633521883936089,5.329070518200751e-15,0.17392506631755308,3.151528184197825,0.36020502925098263
Queue-load-0.70,0.7,4,4,32,452,810,EGM,25,25.0,0.0,0.26326760000000604,-0.44985131075835433,0.4513906621537303,0.16363067040612994,3.552713678800501e-15,0.17783108498316824,3.146816118502076,0.35654701404303796
Queue-load-0.70,0.7,4,4,32,452,810,EGM,30,30.0,0.0,0.313890200000003,-0.44061100145562837,0.44343664060241833,0.16433540022495652,3.552713678800501e-15,0.1831743868884671,3.140025548884978,0.3515611105386395
Queue-load-0.70,0.7,4,4,32,452,810,EGM,35,35.0,0.0,0.36493309999997336,-0.4321073319564205,0.43529392587023064,0.1656279252486594,5.329070518200751e-15,0.18808105854150314,3.1329687394820858,0.3470258499068072
Queue-load-0.70,0.7,4,4,32,452,810,EGM,40,40.0,0.0,0.4159250999999813,-0.42682237798021233,0.42844477820413307,0.1673497089178651,5.329070518200751e-15,0.19112182079065576,3.1280149530302257,0.34424581326038495
Queue-load-0.70,0.7,4,4,32,452,810,EGM,45,45.0,0.0,0.4666237999999794,-0.42269295893274333,0.4201747151710192,0.16910928629008062,7.105427357601002e-15,0.1934539716343552,3.123351984921593,0.3421590817908237
Queue-load-0.70,0.7,4,4,32,452,810,EGM,50,50.0,0.0,0.5169962999999598,-0.41843299651968735,0.4090871946863191,0.1705339015554311,7.105427357601002e-15,0.19586048615461105,3.1193079237980545,0.3399654125928601
Queue-load-0.70,0.7,4,4,32,452,810,EGM,55,55.0,0.0,0.5685684999999694,-0.41280205093481054,0.3940231868300405,0.17123483421997449,5.329070518200751e-15,0.1989947259991222,3.11433074606211,0.3370931294712922
Queue-load-0.70,0.7,4,4,32,452,810,EGM,60,60.0,0.0,0.6260374999999954,-0.4101246296184331,0.379717870171398,0.1706753670004639,7.105427357601002e-15,0.20039377438600098,3.1130703698118722,0.33576041667653117
Queue-load-0.70,0.7,4,4,32,452,810,PPM-3,0,0.0,0.0,5.0999999530176865e-06,-0.5008995913210771,0.5012097777785048,0.1644519293204093,5.329070518200751e-15,0.14871422280751367,3.1838783591748494,0.38371323197275675
Queue-load-0.70,0.7,4,4,32,452,810,PPM-3,5,15.0,0.0,0.07640959999997676,-0.49019038353940425,0.49289978523074607,0.16364922647102276,7.105427357601002e-15,0.15472960945648107,3.1748899903091727,0.37817091736935127
Queue-load-0.70,0.7,4,4,32,452,810,PPM-3,10,30.0,0.0,0.15607009999996535,-0.4775713584239577,0.48060910706492016,0.16330149266051433,7.105427357601002e-15,0.1619209238827208,3.165412672525556,0.3714784091422495
Queue-load-0.70,0.7,4,4,32,452,810,PPM-3,15,45.0,0.0,0.23228799999998273,-0.46453556050568384,0.466254897083646,0.16326118330830255,7.105427357601002e-15,0.16942718729576248,3.1566193706286314,0.36443495109220386
Queue-load-0.70,0.7,4,4,32,452,810,PPM-3,20,60.0,0.0,0.30993179999995846,-0.45667768151940985,0.4579660953640811,0.16335591788032586,5.329070518200751e-15,0.17392486231739276,3.1515279334637443,0.36020524644767327
Queue-load-0.70,0.7,4,4,32,452,810,PPM-3,25,75.0,0.0,0.38708859999997003,-0.44985392772442856,0.4513699538927817,0.1636359044836473,5.329070518200751e-15,0.17782965837903772,3.146817141183487,0.3565483868218322
Queue-load-0.70,0.7,4,4,32,452,810,PPM-3,30,90.0,0.0,0.4633857999999691,-0.4406182486134796,0.44340029972919964,0.16434159639428358,5.329070518200751e-15,0.1831700492243656,3.1400304752511996,0.35156518892030764
Queue-load-0.70,0.7,4,4,32,452,810,PPM-3,35,105.0,0.0,0.5392687999999453,-0.4320963537011334,0.4352259082201021,0.1656332918542546,5.329070518200751e-15,0.18808709628600775,3.1329615485006435,0.3470201906350121
Queue-load-0.70,0.7,4,4,32,452,810,PPM-3,40,120.0,0.0,0.6169864999999959,-0.4268038983274545,0.4283607847364189,0.16735259856209764,5.329070518200751e-15,0.19113189651598084,3.128003556311799,0.3442363373623451
Queue-load-0.70,0.7,4,4,32,452,810,PPM-3,45,135.0,0.0,0.6910516999999459,-0.4226745634306986,0.4200877822715717,0.16910943929068223,5.329070518200751e-15,0.19346355227341291,3.123339902368411,0.34215013707561764
Queue-load-0.70,0.7,4,4,32,452,810,PPM-3,50,150.0,0.0,0.7673540999999773,-0.4184183970387258,0.40900799507396424,0.17053160022950353,5.329070518200751e-15,0.19586746174069408,3.119296898045949,0.339959017309518
Queue-load-0.70,0.7,4,4,32,452,810,PPM-3,55,165.0,0.0,0.8476468999999724,-0.4127901313147252,0.39395573284595864,0.17122970510189559,7.105427357601002e-15,0.19900009688831133,3.114323402957357,0.33708814506130086
Queue-load-0.70,0.7,4,4,32,452,810,PPM-3,60,180.0,0.0,0.9274790999999709,-0.41010763325142285,0.3796583344289075,0.17066695219643363,5.329070518200751e-15,0.20040229918972557,3.1130628968386382,0.3357522851871877
Queue-load-0.70,0.7,4,4,32,452,811,QP+G,0,0.0,0.0,4.799999999249849e-06,-0.47323304701156776,0.44757026791908194,0.20451393711604793,7.105427357601002e-15,0.16430276118030931,3.163605121001016,0.3691917061354262
Queue-load-0.70,0.7,4,4,32,452,811,QP+G,5,5.0,5.0,0.5811213000000066,-0.4620585470575176,0.42779888753305384,0.20351136868742473,5.329070518200751e-15,0.17094629288763366,3.1549221277915622,0.3630051740707048
Queue-load-0.70,0.7,4,4,32,452,811,QP+G,10,10.0,10.0,1.0451439000000278,-0.4531648328171263,0.4087005235434824,0.19825218974276593,7.105427357601002e-15,0.1760116346453271,3.1482877476541993,0.35828901021497744
Queue-load-0.70,0.7,4,4,32,452,811,QP+G,15,15.0,15.0,1.5276891999999975,-0.44657994624105835,0.3874541839687849,0.191053737973406,5.329070518200751e-15,0.179567831800199,3.1434271613320965,0.35498863339284886
Queue-load-0.70,0.7,4,4,32,452,811,QP+G,20,20.0,20.0,2.043256499999984,-0.44074932101732905,0.36319275623784597,0.18454441171325675,5.329070518200751e-15,0.18265134374814182,3.138984672483503,0.352138936647463
Queue-load-0.70,0.7,4,4,32,452,811,QP+G,25,25.0,25.0,2.5526947999999834,-0.4363801455079907,0.341466512309515,0.17950617112791023,8.881784197001252e-15,0.18483205240742534,3.1349405478244012,0.3501710766544476
Queue-load-0.70,0.7,4,4,32,452,811,QP+G,30,30.0,30.0,3.061778600000025,-0.43271589850197595,0.32578045743376266,0.17540933161862465,5.329070518200751e-15,0.18657716524367773,3.1317870769814693,0.348591935967823
Queue-load-0.70,0.7,4,4,32,452,811,QP+G,35,35.0,35.0,3.5498291999999765,-0.4310484560236528,0.31524952600818185,0.17118029668419765,7.105427357601002e-15,0.18714932971834697,3.130867973844726,0.3480681453424569
Queue-load-0.70,0.7,4,4,32,452,811,QP+G,40,40.0,40.0,4.086650200000008,-0.4293433703290854,0.3082049091545231,0.16486735527932095,5.329070518200751e-15,0.18779159437078682,3.1304326541949976,0.34744879225052855
Queue-load-0.70,0.7,4,4,32,452,811,QP+G,45,45.0,45.0,4.593687799999998,-0.42784876496721014,0.30359594232094766,0.15716098570533202,7.105427357601002e-15,0.18831303941583377,3.130280639185767,0.34693534799544146
Queue-load-0.70,0.7,4,4,32,452,811,QP+G,50,50.0,50.0,5.122557599999993,-0.42703221228278,0.2992514712627231,0.14898661998551851,5.329070518200751e-15,0.18843844799086762,3.1302085640875745,0.3468137328466279
Queue-load-0.70,0.7,4,4,32,452,811,QP+G,55,55.0,55.0,5.640719300000001,-0.4259498765733037,0.2944792264811602,0.14102695563421508,5.329070518200751e-15,0.1887586361002077,3.1298439324641163,0.3465127358753635
Queue-load-0.70,0.7,4,4,32,452,811,QP+G,60,60.0,60.0,6.183364299999994,-0.42463002410361306,0.2903270880088873,0.1334780784011066,7.105427357601002e-15,0.1892652555832468,3.129200693397079,0.3460399710800647
Queue-load-0.70,0.7,4,4,32,452,811,noG,0,0.0,0.0,5.100000009861105e-06,-0.47323304701156776,0.44757026791908194,0.20451393711604793,7.105427357601002e-15,0.16430276118030931,3.163605121001016,0.3691917061354262
Queue-load-0.70,0.7,4,4,32,452,811,noG,5,5.0,0.0,0.23693390000005365,-0.462163038630931,0.42950923997623613,0.20392813837539817,5.329070518200751e-15,0.17089354683051464,3.155013762561131,0.36305309724521534
Queue-load-0.70,0.7,4,4,32,452,811,noG,10,10.0,0.0,0.4663360000000125,-0.4533186092795096,0.41056823422805044,0.1986319390302907,5.329070518200751e-15,0.17592759805437697,3.1483932720291508,0.35836749289145703
Queue-load-0.70,0.7,4,4,32,452,811,noG,15,15.0,0.0,0.7035247000000027,-0.44682371245587676,0.3906895671611338,0.1914461751598309,5.329070518200751e-15,0.17941303100860884,3.1436773067257198,0.3551302686374058
Queue-load-0.70,0.7,4,4,32,452,811,noG,20,20.0,0.0,0.939010900000028,-0.4416894903114022,0.3693792280330322,0.18499100025224247,5.329070518200751e-15,0.18202321879973657,3.139896776138117,0.3527190561403618
Queue-load-0.70,0.7,4,4,32,452,811,noG,25,25.0,0.0,1.169215300000019,-0.4373078629861649,0.3489715029069984,0.1803748471870081,5.329070518200751e-15,0.1841682138749559,3.1363385734970377,0.35076133488835787
Queue-load-0.70,0.7,4,4,32,452,811,noG,30,30.0,0.0,1.4033618000000274,-0.43314025285384977,0.3320283303773166,0.1772523808616703,8.881784197001252e-15,0.186181633521862,3.1325673095685915,0.3489464028166327
Queue-load-0.70,0.7,4,4,32,452,811,noG,35,35.0,0.0,1.632846900000004,-0.43095735805772756,0.32110390894103696,0.17425053331559184,7.105427357601002e-15,0.1870718745340176,3.131000583929176,0.3481386210486581
Queue-load-0.70,0.7,4,4,32,452,811,noG,40,40.0,0.0,1.8720831000000544,-0.4297333887082728,0.3136906388271261,0.16971986965274413,5.329070518200751e-15,0.18740802195246986,3.130793484549866,0.3478133735975367
Queue-load-0.70,0.7,4,4,32,452,811,noG,45,45.0,0.0,2.1049748000000363,-0.428498485677736,0.3104750995605384,0.16295529212486776,7.105427357601002e-15,0.18774345190049513,3.1310365959019606,0.3474651483151901
Queue-load-0.70,0.7,4,4,32,452,811,noG,50,50.0,0.0,2.343355700000018,-0.42830836448710746,0.3079856436857909,0.15472812109613548,5.329070518200751e-15,0.18743666157478578,3.131594025211126,0.3477426002562077
Queue-load-0.70,0.7,4,4,32,452,811,noG,55,55.0,0.0,2.585463500000003,-0.42782000725946845,0.3043906965459333,0.1463642219002365,5.329070518200751e-15,0.18733061166722925,3.131852796996344,0.3478350305961199
Queue-load-0.70,0.7,4,4,32,452,811,noG,60,60.0,0.0,2.824492600000042,-0.4270811940204395,0.30057439687415444,0.13864178089439566,3.552713678800501e-15,0.1874187572239191,3.13181987553502,0.3477486177479215
Queue-load-0.70,0.7,4,4,32,452,811,GDA,0,0.0,0.0,5.200000032345997e-06,-0.47323304701156776,0.44757026791908194,0.20451393711604793,7.105427357601002e-15,0.16430276118030931,3.163605121001016,0.3691917061354262
Queue-load-0.70,0.7,4,4,32,452,811,GDA,5,5.0,0.0,0.03758479999999054,-0.462163038630931,0.42950923997623613,0.20392813837539817,5.329070518200751e-15,0.17089354683051464,3.155013762561131,0.36305309724521534
Queue-load-0.70,0.7,4,4,32,452,811,GDA,10,10.0,0.0,0.07362810000000763,-0.4533186092795096,0.41056823422805044,0.1986319390302907,5.329070518200751e-15,0.17592759805437697,3.1483932720291508,0.35836749289145703
Queue-load-0.70,0.7,4,4,32,452,811,GDA,15,15.0,0.0,0.1096676999999886,-0.44682371245587676,0.3906895671611338,0.1914461751598309,5.329070518200751e-15,0.17941303100860884,3.1436773067257198,0.3551302686374058
Queue-load-0.70,0.7,4,4,32,452,811,GDA,20,20.0,0.0,0.14646510000000035,-0.4416894903114022,0.3693792280330322,0.18499100025224247,5.329070518200751e-15,0.18202321879973657,3.139896776138117,0.3527190561403618
Queue-load-0.70,0.7,4,4,32,452,811,GDA,25,25.0,0.0,0.18234330000001364,-0.4373078629861649,0.3489715029069984,0.1803748471870081,5.329070518200751e-15,0.1841682138749559,3.1363385734970377,0.35076133488835787
Queue-load-0.70,0.7,4,4,32,452,811,GDA,30,30.0,0.0,0.2179954000000066,-0.43314025285384977,0.3320283303773166,0.1772523808616703,8.881784197001252e-15,0.186181633521862,3.1325673095685915,0.3489464028166327
Queue-load-0.70,0.7,4,4,32,452,811,GDA,35,35.0,0.0,0.25363459999999804,-0.43095735805772756,0.32110390894103696,0.17425053331559184,7.105427357601002e-15,0.1870718745340176,3.131000583929176,0.3481386210486581
Queue-load-0.70,0.7,4,4,32,452,811,GDA,40,40.0,0.0,0.2904757000000018,-0.4297333887082728,0.3136906388271261,0.16971986965274413,5.329070518200751e-15,0.18740802195246986,3.130793484549866,0.3478133735975367
Queue-load-0.70,0.7,4,4,32,452,811,GDA,45,45.0,0.0,0.3264350000000036,-0.428498485677736,0.3104750995605384,0.16295529212486776,7.105427357601002e-15,0.18774345190049513,3.1310365959019606,0.3474651483151901
Queue-load-0.70,0.7,4,4,32,452,811,GDA,50,50.0,0.0,0.3623029000000315,-0.42830836448710746,0.3079856436857909,0.15472812109613548,5.329070518200751e-15,0.18743666157478578,3.131594025211126,0.3477426002562077
Queue-load-0.70,0.7,4,4,32,452,811,GDA,55,55.0,0.0,0.3980008000000339,-0.42782000725946845,0.3043906965459333,0.1463642219002365,5.329070518200751e-15,0.18733061166722925,3.131852796996344,0.3478350305961199
Queue-load-0.70,0.7,4,4,32,452,811,GDA,60,60.0,0.0,0.433881700000029,-0.4270811940204395,0.30057439687415444,0.13864178089439566,3.552713678800501e-15,0.1874187572239191,3.13181987553502,0.3477486177479215
Queue-load-0.70,0.7,4,4,32,452,811,EGM,0,0.0,0.0,5.600000008598727e-06,-0.47323304701156776,0.44757026791908194,0.20451393711604793,7.105427357601002e-15,0.16430276118030931,3.163605121001016,0.3691917061354262
Queue-load-0.70,0.7,4,4,32,452,811,EGM,5,5.0,0.0,0.04929730000003474,-0.46215702599159153,0.428918215349569,0.20378004784142661,5.329070518200751e-15,0.17089425884642798,3.1550039163892647,0.36305290344887353
Queue-load-0.70,0.7,4,4,32,452,811,EGM,10,10.0,0.0,0.10002160000004778,-0.4532992723571244,0.40929073165768987,0.1984303833538766,7.105427357601002e-15,0.1759404758176289,3.148368222562852,0.3583559335211677
Queue-load-0.70,0.7,4,4,32,452,811,EGM,15,15.0,0.0,0.14846149999999625,-0.44669116341433407,0.388632614740474,0.19126062210243439,8.881784197001252e-15,0.1795043481772289,3.1435248443954813,0.3550469758019551
Queue-load-0.70,0.7,4,4,32,452,811,EGM,20,20.0,0.0,0.19836350000002767,-0.44119348384139756,0.3665941061718655,0.18478162848575383,7.105427357601002e-15,0.18234431088387937,3.1394507522428645,0.35242143899807543
Queue-load-0.70,0.7,4,4,32,452,811,EGM,25,25.0,0.0,0.24759710000000723,-0.43690899436317215,0.34615393863906596,0.18002489607514655,5.329070518200751e-15,0.1844384040605047,3.1358098964515513,0.3505189698104659
Queue-load-0.70,0.7,4,4,32,452,811,EGM,30,30.0,0.0,0.2966266000000246,-0.4327437411106126,0.32946597866866406,0.1765750205969992,5.329070518200751e-15,0.18646257027924631,3.132157680215107,0.3486870254989054
Queue-load-0.70,0.7,4,4,32,452,811,EGM,35,35.0,0.0,0.34558390000000827,-0.43098942739514445,0.31874901244456444,0.17302934221507177,5.329070518200751e-15,0.1871009388288748,3.1309507942292027,0.3481121772643245
Queue-load-0.70,0.7,4,4,32,452,811,EGM,40,40.0,0.0,0.3948630000000435,-0.42960176706637815,0.3117744336433452,0.16791814810180855,5.329070518200751e-15,0.1875319320788659,3.1306888199611533,0.3476949721337048
Queue-load-0.70,0.7,4,4,32,452,811,EGM,45,45.0,0.0,0.44491750000003094,-0.4283092511172207,0.30824896042661326,0.16085742479065487,5.329070518200751e-15,0.18790300814407027,3.1308330643632836,0.3473163042578614
Queue-load-0.70,0.7,4,4,32,452,811,EGM,50,50.0,0.0,0.49980160000001206,-0.4279371060223775,0.305262920790654,0.15270415170440352,7.105427357601002e-15,0.18771674310553024,3.1312151724332864,0.3474824583453493
Queue-load-0.70,0.7,4,4,32,452,811,EGM,55,55.0,0.0,0.5506464000000051,-0.4272890777997071,0.30135541431029333,0.14456707742396546,5.329070518200751e-15,0.1877237614590117,3.131308477645735,0.3474705291912127
Queue-load-0.70,0.7,4,4,32,452,811,EGM,60,60.0,0.0,0.6020808000000102,-0.4264035328263724,0.29741119955798545,0.13698999096277792,5.329070518200751e-15,0.18791812997395288,3.1311206852122986,0.3472860444885574
Queue-load-0.70,0.7,4,4,32,452,811,PPM-3,0,0.0,0.0,5.0999999530176865e-06,-0.47323304701156776,0.44757026791908194,0.20451393711604793,7.105427357601002e-15,0.16430276118030931,3.163605121001016,0.3691917061354262
Queue-load-0.70,0.7,4,4,32,452,811,PPM-3,5,15.0,0.0,0.07715599999994538,-0.46215664404560663,0.42891158396937273,0.2037849645604901,7.105427357601002e-15,0.17089457785061246,3.1550031727210532,0.3630526235851217
Queue-load-0.70,0.7,4,4,32,452,811,PPM-3,10,30.0,0.0,0.15372459999997545,-0.45329357471716175,0.4092775206988601,0.1984380712282496,5.329070518200751e-15,0.17594409252456672,3.14836296456157,0.35835259355113885
Queue-load-0.70,0.7,4,4,32,452,811,PPM-3,15,45.0,0.0,0.23125549999997475,-0.4466783523668122,0.3886161437022281,0.19126624341867654,5.329070518200751e-15,0.1795121986684308,3.1435138325501515,0.35503970488156056
Queue-load-0.70,0.7,4,4,32,452,811,PPM-3,20,60.0,0.0,0.3061512999999536,-0.44117586588254826,0.3665763657407596,0.1847821298934789,5.329070518200751e-15,0.18235486906463358,3.139435769593533,0.3524116693778116
Queue-load-0.70,0.7,4,4,32,452,811,PPM-3,25,75.0,0.0,0.38248889999999847,-0.4368887432950617,0.34613340375033247,0.18001921024589215,7.105427357601002e-15,0.1844503478466998,3.1357934353780235,0.35050789239656127
Queue-load-0.70,0.7,4,4,32,452,811,PPM-3,30,90.0,0.0,0.4595635999999672,-0.4327238284289741,0.3294226527181513,0.1765625234749877,7.105427357601002e-15,0.18647415511648846,3.132141662016267,0.34867628372475945
Queue-load-0.70,0.7,4,4,32,452,811,PPM-3,35,105.0,0.0,0.5356232999999975,-0.4309618370679313,0.3187033526838285,0.17301194511009413,5.329070518200751e-15,0.18711702861176016,3.1309297010199573,0.3480971976503481
Queue-load-0.70,0.7,4,4,32,452,811,PPM-3,40,120.0,0.0,0.6135736999999608,-0.4295746863114811,0.31170672211618167,0.16790235713987461,7.105427357601002e-15,0.18754779961483092,3.1306652294308486,0.3476803462045978
Queue-load-0.70,0.7,4,4,32,452,811,PPM-3,45,135.0,0.0,0.6902619999999615,-0.4282802152839665,0.3081823880172989,0.1608489272208308,7.105427357601002e-15,0.18792038464826913,3.1308081645493018,0.34730023827018763
Queue-load-0.70,0.7,4,4,32,452,811,PPM-3,50,150.0,0.0,0.7983892999999966,-0.4279107635473236,0.30520771986453754,0.1527021497402606,5.329070518200751e-15,0.18773280429130193,3.131192001751516,0.3474676166691438
Queue-load-0.70,0.7,4,4,32,452,811,PPM-3,55,165.0,0.0,0.8924983999999654,-0.42726555135396965,0.3013112969281867,0.14456710418485783,5.329070518200751e-15,0.18773828937703232,3.131287430162067,0.34745710903548954
Queue-load-0.70,0.7,4,4,32,452,811,PPM-3,60,180.0,0.0,0.9739921999999979,-0.42638262332113586,0.297373654936267,0.1369887381858643,5.329070518200751e-15,0.1879311353068237,3.131101797829562,0.34727403322846195
