config,channels,hidden_width,parameters_per_player,seed,method,step,cumulative_environment_transitions,cumulative_oracle_calls,cumulative_jvp_calls,wall_clock_seconds,robust_rate,hard_exploitability,field_norm,maximum_br_residual
Jammer-12,6,32,614,500,QP+G,0,0,0.0,0.0,4.200000000231796e-06,1.04770782239947,1.235923339349678,0.2934947197731552,1.4210854715202004e-14
Jammer-12,6,32,614,500,QP+G,5,0,5.0,5.0,0.2931572,1.0516560815646736,1.2207561617477314,0.29196641908860693,2.1316282072803006e-14
Jammer-12,6,32,614,500,QP+G,10,0,10.0,10.0,0.608384,1.0555836568326749,1.20579776141816,0.29048463686099496,1.4210854715202004e-14
Jammer-12,6,32,614,500,QP+G,15,0,15.0,15.0,0.8979614000000002,1.0608883884736526,1.190176917656875,0.2892986950487085,2.1316282072803006e-14
Jammer-12,6,32,614,500,QP+G,20,0,20.0,20.0,1.1991262000000003,1.0662962241515916,1.174303112649284,0.28813183900288064,1.4210854715202004e-14
Jammer-12,6,32,614,500,QP+G,25,0,25.0,25.0,1.4624002000000003,1.0718072652302921,1.1580618285158946,0.28694467245529004,2.1316282072803006e-14
Jammer-12,6,32,614,500,noG,0,0,0.0,0.0,4.899999999974369e-06,1.04770782239947,1.235923339349678,0.2934947197731552,1.4210854715202004e-14
Jammer-12,6,32,614,500,noG,5,0,5.0,0.0,0.12666789999999972,1.04770782239947,1.235923339349678,0.2934947197731552,1.4210854715202004e-14
Jammer-12,6,32,614,500,noG,10,0,10.0,0.0,0.2550994999999996,1.04770782239947,1.235923339349678,0.2934947197731552,1.4210854715202004e-14
Jammer-12,6,32,614,500,noG,15,0,15.0,0.0,0.39514979999999955,1.04770782239947,1.235923339349678,0.2934947197731552,1.4210854715202004e-14
Jammer-12,6,32,614,500,noG,20,0,20.0,0.0,0.5525693,1.04770782239947,1.235923339349678,0.2934947197731552,1.4210854715202004e-14
Jammer-12,6,32,614,500,noG,25,0,25.0,0.0,0.6971322999999998,1.04770782239947,1.235923339349678,0.2934947197731552,1.4210854715202004e-14
Jammer-12,6,32,614,500,PPM-3,0,0,0.0,0.0,6.100000000230921e-06,1.04770782239947,1.235923339349678,0.2934947197731552,1.4210854715202004e-14
Jammer-12,6,32,614,500,PPM-3,5,0,15.0,0.0,0.04395780000000027,1.0494189638022156,1.2351671454017397,0.2938408669331364,1.4210854715202004e-14
Jammer-12,6,32,614,500,PPM-3,10,0,30.0,0.0,0.08692610000000034,1.0508656679355581,1.234627520401107,0.2941995862056461,1.4210854715202004e-14
Jammer-12,6,32,614,500,PPM-3,15,0,45.0,0.0,0.13667989999999985,1.052038954522024,1.2343126791388699,0.29457077371194534,1.4210854715202004e-14
Jammer-12,6,32,614,500,PPM-3,20,0,60.0,0.0,0.17997460000000043,1.053223743086852,1.2339369438914622,0.29495430738807255,2.1316282072803006e-14
Jammer-12,6,32,614,500,PPM-3,25,0,75.0,0.0,0.22406409999999966,1.0544383973552067,1.233481200424705,0.2953500470787882,1.4210854715202004e-14
Jammer-12,6,32,614,501,QP+G,0,0,0.0,0.0,4.600000000465343e-06,1.090130919169426,1.2394229102415137,0.39118913351724927,2.1316282072803006e-14
Jammer-12,6,32,614,501,QP+G,5,0,5.0,5.0,0.3728005000000003,1.0942213888470524,1.2159808901809677,0.3920226145515219,2.1316282072803006e-14
Jammer-12,6,32,614,501,QP+G,10,0,10.0,10.0,0.7266401,1.0978759233866082,1.1928679208120512,0.39297775559021436,1.4210854715202004e-14
Jammer-12,6,32,614,501,QP+G,15,0,15.0,15.0,1.0740065000000003,1.1003998275084874,1.1708404685785951,0.39399968181848094,2.1316282072803006e-14
Jammer-12,6,32,614,501,QP+G,20,0,20.0,20.0,1.4352197000000002,1.1016638975658533,1.1500996995371897,0.3950253147053898,2.1316282072803006e-14
Jammer-12,6,32,614,501,QP+G,25,0,25.0,25.0,1.8271864000000004,1.1016638975658533,1.1500996995371897,0.3950253147053898,2.1316282072803006e-14
Jammer-12,6,32,614,501,noG,0,0,0.0,0.0,5.199999999483396e-06,1.090130919169426,1.2394229102415137,0.39118913351724927,2.1316282072803006e-14
Jammer-12,6,32,614,501,noG,5,0,5.0,0.0,0.21806059999999938,1.090130919169426,1.2394229102415137,0.39118913351724927,2.1316282072803006e-14
Jammer-12,6,32,614,501,noG,10,0,10.0,0.0,0.5721188000000001,1.090130919169426,1.2394229102415137,0.39118913351724927,2.1316282072803006e-14
Jammer-12,6,32,614,501,noG,15,0,15.0,0.0,0.8196602999999998,1.090130919169426,1.2394229102415137,0.39118913351724927,2.1316282072803006e-14
Jammer-12,6,32,614,501,noG,20,0,20.0,0.0,1.0459502999999994,1.090130919169426,1.2394229102415137,0.39118913351724927,2.1316282072803006e-14
Jammer-12,6,32,614,501,noG,25,0,25.0,0.0,1.2362243,1.090130919169426,1.2394229102415137,0.39118913351724927,2.1316282072803006e-14
Jammer-12,6,32,614,501,PPM-3,0,0,0.0,0.0,5.800000000277805e-06,1.090130919169426,1.2394229102415137,0.39118913351724927,2.1316282072803006e-14
Jammer-12,6,32,614,501,PPM-3,5,0,15.0,0.0,0.05847580000000008,1.089972343112385,1.238691223684057,0.3919830584977335,2.1316282072803006e-14
Jammer-12,6,32,614,501,PPM-3,10,0,30.0,0.0,0.1245415999999997,1.0898565359691537,1.2378359413370368,0.3927391654357915,1.4210854715202004e-14
Jammer-12,6,32,614,501,PPM-3,15,0,45.0,0.0,0.18357940000000017,1.0897396586061325,1.236899736346595,0.3934575674261082,1.4210854715202004e-14
Jammer-12,6,32,614,501,PPM-3,20,0,60.0,0.0,0.2432597000000003,1.0896073481104056,1.235895849044928,0.3941384355746476,1.4210854715202004e-14
Jammer-12,6,32,614,501,PPM-3,25,0,75.0,0.0,0.28191649999999946,1.089512797310252,1.234770009452907,0.3947819916001777,1.4210854715202004e-14
Jammer-12,6,32,614,502,QP+G,0,0,0.0,0.0,4.700000000745774e-06,1.086247869982854,1.2497924191344105,0.3786560700405176,2.1316282072803006e-14
Jammer-12,6,32,614,502,QP+G,5,0,5.0,5.0,0.3063730000000007,1.091083760671086,1.2267076937835606,0.3742247103499682,2.1316282072803006e-14
Jammer-12,6,32,614,502,QP+G,10,0,10.0,10.0,0.5966702000000002,1.0952738240171667,1.2042548036802332,0.3694670115863945,1.4210854715202004e-14
Jammer-12,6,32,614,502,QP+G,15,0,15.0,15.0,0.9140344999999996,1.099199742620531,1.1821374829976439,0.3643693645323604,1.4210854715202004e-14
Jammer-12,6,32,614,502,QP+G,20,0,20.0,20.0,1.2832910999999996,1.1028360527427292,1.1604748049718268,0.35894402123781644,1.4210854715202004e-14
Jammer-12,6,32,614,502,QP+G,25,0,25.0,25.0,1.6870934999999996,1.1062031102813044,1.1393431041884066,0.35323176327920264,1.4210854715202004e-14
Jammer-12,6,32,614,502,noG,0,0,0.0,0.0,6.300000000791783e-06,1.086247869982854,1.2497924191344105,0.3786560700405176,2.1316282072803006e-14
Jammer-12,6,32,614,502,noG,5,0,5.0,0.0,0.20096370000000086,1.086247869982854,1.2497924191344105,0.3786560700405176,2.1316282072803006e-14
Jammer-12,6,32,614,502,noG,10,0,10.0,0.0,0.4039837000000013,1.086247869982854,1.2497924191344105,0.3786560700405176,2.1316282072803006e-14
Jammer-12,6,32,614,502,noG,15,0,15.0,0.0,0.5888331999999998,1.086247869982854,1.2497924191344105,0.3786560700405176,2.1316282072803006e-14
Jammer-12,6,32,614,502,noG,20,0,20.0,0.0,0.7831793999999999,1.086247869982854,1.2497924191344105,0.3786560700405176,2.1316282072803006e-14
Jammer-12,6,32,614,502,noG,25,0,25.0,0.0,0.9652109000000006,1.086247869982854,1.2497924191344105,0.3786560700405176,2.1316282072803006e-14
Jammer-12,6,32,614,502,PPM-3,0,0,0.0,0.0,4.799999999249849e-06,1.086247869982854,1.2497924191344105,0.3786560700405176,2.1316282072803006e-14
Jammer-12,6,32,614,502,PPM-3,5,0,15.0,0.0,0.04500889999999913,1.086987559230432,1.2474106747947544,0.3793605083203949,2.1316282072803006e-14
Jammer-12,6,32,614,502,PPM-3,10,0,30.0,0.0,0.09606559999999931,1.0877545574333645,1.2449264347200344,0.38003285118050434,1.4210854715202004e-14
Jammer-12,6,32,614,502,PPM-3,15,0,45.0,0.0,0.1567659999999993,1.088456918750108,1.2424316184793038,0.380672231318916,1.4210854715202004e-14
Jammer-12,6,32,614,502,PPM-3,20,0,60.0,0.0,0.2302073,1.08901465353715,1.240006224586408,0.3812777880228194,1.4210854715202004e-14
Jammer-12,6,32,614,502,PPM-3,25,0,75.0,0.0,0.31308389999999875,1.0895585339369271,1.237519525783353,0.3818486692575797,1.4210854715202004e-14
Jammer-12,6,32,614,503,QP+G,0,0,0.0,0.0,7.000000000090267e-06,1.072938835430392,1.3756482896859634,0.4216885279850309,1.4210854715202004e-14
Jammer-12,6,32,614,503,QP+G,5,0,5.0,5.0,0.5495614,1.0766757312697186,1.3510983005293669,0.4224819291939069,2.1316282072803006e-14
Jammer-12,6,32,614,503,QP+G,10,0,10.0,10.0,0.896214800000001,1.0780931991247817,1.3074136235525209,0.4224757897191937,2.1316282072803006e-14
Jammer-12,6,32,614,503,QP+G,15,0,15.0,15.0,1.2155462999999997,1.0816613278606633,1.255137792711231,0.41940260281014907,1.4210854715202004e-14
Jammer-12,6,32,614,503,QP+G,20,0,20.0,20.0,1.5090950999999997,1.086245188146944,1.196569906779634,0.41356835914518625,1.4210854715202004e-14
Jammer-12,6,32,614,503,QP+G,25,0,25.0,25.0,1.7869943,1.0915275341673598,1.1331452282960233,0.40587253191962586,2.1316282072803006e-14
Jammer-12,6,32,614,503,noG,0,0,0.0,0.0,4.9000000004184585e-06,1.072938835430392,1.3756482896859634,0.4216885279850309,1.4210854715202004e-14
Jammer-12,6,32,614,503,noG,5,0,5.0,0.0,0.13231419999999972,1.0763015245031067,1.3552835586583507,0.4220501294901699,2.1316282072803006e-14
Jammer-12,6,32,614,503,noG,10,0,10.0,0.0,0.2518089999999997,1.074535522393302,1.335146001446434,0.42054743565592345,1.4210854715202004e-14
Jammer-12,6,32,614,503,noG,15,0,15.0,0.0,0.38076369999999926,1.0741631725990342,1.3085260830412038,0.4177750329089477,1.4210854715202004e-14
Jammer-12,6,32,614,503,noG,20,0,20.0,0.0,0.5138871999999992,1.074961063964591,1.2756436082813867,0.41400090178424687,2.1316282072803006e-14
Jammer-12,6,32,614,503,noG,25,0,25.0,0.0,0.6569482000000004,1.0773670781324953,1.23624343935063,0.4094335690978118,2.1316282072803006e-14
Jammer-12,6,32,614,503,PPM-3,0,0,0.0,0.0,4.9000000004184585e-06,1.072938835430392,1.3756482896859634,0.4216885279850309,1.4210854715202004e-14
Jammer-12,6,32,614,503,PPM-3,5,0,15.0,0.0,0.04888410000000043,1.0739540001714374,1.3726984552872545,0.42187511505770303,2.1316282072803006e-14
Jammer-12,6,32,614,503,PPM-3,10,0,30.0,0.0,0.09234960000000036,1.0748305816975126,1.3698137775667945,0.4220198508182034,2.1316282072803006e-14
Jammer-12,6,32,614,503,PPM-3,15,0,45.0,0.0,0.13771490000000064,1.075677884884001,1.366884231823207,0.42212479107645584,1.4210854715202004e-14
Jammer-12,6,32,614,503,PPM-3,20,0,60.0,0.0,0.1893097000000008,1.0762876480327828,1.3641173908399562,0.42219192817769435,1.4210854715202004e-14
Jammer-12,6,32,614,503,PPM-3,25,0,75.0,0.0,0.2347949000000007,1.0766442744473197,1.3615281948420865,0.4222231806206243,2.1316282072803006e-14
Jammer-12,6,32,614,504,QP+G,0,0,0.0,0.0,4.499999999296733e-06,1.0412303227387163,1.4558873923078264,0.34462846218054316,1.4210854715202004e-14
Jammer-12,6,32,614,504,QP+G,5,0,5.0,5.0,0.36994629999999873,1.0483029306953042,1.4342943650085382,0.34468542676683184,1.4210854715202004e-14
Jammer-12,6,32,614,504,QP+G,10,0,10.0,10.0,0.7120468999999989,1.0536691731724985,1.413933584939042,0.34471548380389144,2.1316282072803006e-14
Jammer-12,6,32,614,504,QP+G,15,0,15.0,15.0,1.0504335999999999,1.057982279351195,1.3941821612534748,0.34471600315943096,2.1316282072803006e-14
Jammer-12,6,32,614,504,QP+G,20,0,20.0,20.0,1.4044659999999993,1.062005195296989,1.374314972964323,0.34469273673871326,1.4210854715202004e-14
Jammer-12,6,32,614,504,QP+G,25,0,25.0,25.0,1.7700961999999993,1.064555036260751,1.3555588547366846,0.3446576466020608,2.1316282072803006e-14
Jammer-12,6,32,614,504,noG,0,0,0.0,0.0,7.5999999999964984e-06,1.0412303227387163,1.4558873923078264,0.34462846218054316,1.4210854715202004e-14
Jammer-12,6,32,614,504,noG,5,0,5.0,0.0,0.1394245999999999,1.0412303227387163,1.4558873923078264,0.34462846218054316,1.4210854715202004e-14
Jammer-12,6,32,614,504,noG,10,0,10.0,0.0,0.28758020000000073,1.0412303227387163,1.4558873923078264,0.34462846218054316,1.4210854715202004e-14
Jammer-12,6,32,614,504,noG,15,0,15.0,0.0,0.43616210000000066,1.0412303227387163,1.4558873923078264,0.34462846218054316,1.4210854715202004e-14
Jammer-12,6,32,614,504,noG,20,0,20.0,0.0,0.5741736999999993,1.0412303227387163,1.4558873923078264,0.34462846218054316,1.4210854715202004e-14
Jammer-12,6,32,614,504,noG,25,0,25.0,0.0,0.7153785999999993,1.0412303227387163,1.4558873923078264,0.34462846218054316,1.4210854715202004e-14
Jammer-12,6,32,614,504,PPM-3,0,0,0.0,0.0,4.3999999981281235e-06,1.0412303227387163,1.4558873923078264,0.34462846218054316,1.4210854715202004e-14
Jammer-12,6,32,614,504,PPM-3,5,0,15.0,0.0,0.047855200000000764,1.0446869044875755,1.4528148097950568,0.34558565565619304,1.4210854715202004e-14
Jammer-12,6,32,614,504,PPM-3,10,0,30.0,0.0,0.09854400000000041,1.0479466694936883,1.4498798236827495,0.346556899815446,1.4210854715202004e-14
Jammer-12,6,32,614,504,PPM-3,15,0,45.0,0.0,0.15288909999999944,1.0511015076980323,1.446989511913434,0.34754192492707664,2.842170943040401e-14
Jammer-12,6,32,614,504,PPM-3,20,0,60.0,0.0,0.19783740000000094,1.0537269184139257,1.444567332686302,0.34854039147158034,1.4210854715202004e-14
Jammer-12,6,32,614,504,PPM-3,25,0,75.0,0.0,0.23969999999999914,1.0563229458065686,1.4421121890996613,0.3495518864176491,1.4210854715202004e-14
Jammer-12,6,32,614,505,QP+G,0,0,0.0,0.0,4.599999996912629e-06,1.059832556862179,1.3706298080044241,0.32952463778877944,1.4210854715202004e-14
Jammer-12,6,32,614,505,QP+G,5,0,5.0,5.0,0.32839469999999693,1.064074564131064,1.355324163203061,0.32864659488500253,1.4210854715202004e-14
Jammer-12,6,32,614,505,QP+G,10,0,10.0,10.0,0.6143442999999991,1.0682414740305528,1.3395664952675201,0.32775155062362843,2.1316282072803006e-14
Jammer-12,6,32,614,505,QP+G,15,0,15.0,15.0,0.9084683999999967,1.0723201988798285,1.3233916063772768,0.32684863428457517,1.4210854715202004e-14
Jammer-12,6,32,614,505,QP+G,20,0,20.0,20.0,1.195781199999999,1.0762667041529366,1.3068730666583572,0.32595044241861904,2.1316282072803006e-14
Jammer-12,6,32,614,505,QP+G,25,0,25.0,25.0,1.4718406999999978,1.0797015771314746,1.2904272548246931,0.32507360764687854,2.1316282072803006e-14
Jammer-12,6,32,614,505,noG,0,0,0.0,0.0,5.200000000371574e-06,1.059832556862179,1.3706298080044241,0.32952463778877944,1.4210854715202004e-14
Jammer-12,6,32,614,505,noG,5,0,5.0,0.0,0.1404582000000012,1.059832556862179,1.3706298080044241,0.32952463778877944,1.4210854715202004e-14
Jammer-12,6,32,614,505,noG,10,0,10.0,0.0,0.2920102,1.059832556862179,1.3706298080044241,0.32952463778877944,1.4210854715202004e-14
Jammer-12,6,32,614,505,noG,15,0,15.0,0.0,0.4310233000000032,1.059832556862179,1.3706298080044241,0.32952463778877944,1.4210854715202004e-14
Jammer-12,6,32,614,505,noG,20,0,20.0,0.0,0.5438953000000026,1.059832556862179,1.3706298080044241,0.32952463778877944,1.4210854715202004e-14
Jammer-12,6,32,614,505,noG,25,0,25.0,0.0,0.6614538000000003,1.059832556862179,1.3706298080044241,0.32952463778877944,1.4210854715202004e-14
Jammer-12,6,32,614,505,PPM-3,0,0,0.0,0.0,4.299999996959514e-06,1.059832556862179,1.3706298080044241,0.32952463778877944,1.4210854715202004e-14
Jammer-12,6,32,614,505,PPM-3,5,0,15.0,0.0,0.04360759999999786,1.061036415042956,1.3696706876160398,0.33044197983913676,2.1316282072803006e-14
Jammer-12,6,32,614,505,PPM-3,10,0,30.0,0.0,0.0856010999999981,1.062025239057468,1.3688790450332553,0.3313765923760365,2.1316282072803006e-14
Jammer-12,6,32,614,505,PPM-3,15,0,45.0,0.0,0.11958399999999969,1.063012159007753,1.3680406741307987,0.3323285184180245,1.4210854715202004e-14
Jammer-12,6,32,614,505,PPM-3,20,0,60.0,0.0,0.15443159999999878,1.0640323158062546,1.367119340142303,0.333297741726511,1.4210854715202004e-14
Jammer-12,6,32,614,505,PPM-3,25,0,75.0,0.0,0.1883923000000003,1.0650813445393272,1.3661182967972765,0.33428418739034343,1.4210854715202004e-14
Jammer-12,6,32,614,506,QP+G,0,0,0.0,0.0,4.300000000512227e-06,1.0469111457554077,1.2771320240244053,0.3175816382043435,1.4210854715202004e-14
Jammer-12,6,32,614,506,QP+G,5,0,5.0,5.0,0.3253491000000004,1.0522239008922833,1.263770909710458,0.319047410210373,1.4210854715202004e-14
Jammer-12,6,32,614,506,QP+G,10,0,10.0,10.0,0.6858359000000007,1.0570837287152128,1.250500335633124,0.32045512517995367,1.4210854715202004e-14
Jammer-12,6,32,614,506,QP+G,15,0,15.0,15.0,1.0788042000000004,1.0616131081400668,1.2372076405258785,0.32179929492206755,2.1316282072803006e-14
Jammer-12,6,32,614,506,QP+G,20,0,20.0,20.0,1.4706855999999995,1.066205412681909,1.2235136558901234,0.32310290240296885,2.1316282072803006e-14
Jammer-12,6,32,614,506,QP+G,25,0,25.0,25.0,1.8527383999999998,1.070785854517698,1.20950846163764,0.3244246779210177,1.4210854715202004e-14
Jammer-12,6,32,614,506,noG,0,0,0.0,0.0,5.100000002755678e-06,1.0469111457554077,1.2771320240244053,0.3175816382043435,1.4210854715202004e-14
Jammer-12,6,32,614,506,noG,5,0,5.0,0.0,0.16111770000000192,1.0469111457554077,1.2771320240244053,0.3175816382043435,1.4210854715202004e-14
Jammer-12,6,32,614,506,noG,10,0,10.0,0.0,0.33215530000000015,1.0469111457554077,1.2771320240244053,0.3175816382043435,1.4210854715202004e-14
Jammer-12,6,32,614,506,noG,15,0,15.0,0.0,0.49346829999999997,1.0469111457554077,1.2771320240244053,0.3175816382043435,1.4210854715202004e-14
Jammer-12,6,32,614,506,noG,20,0,20.0,0.0,0.6652570000000004,1.0469111457554077,1.2771320240244053,0.3175816382043435,1.4210854715202004e-14
Jammer-12,6,32,614,506,noG,25,0,25.0,0.0,0.8279858000000004,1.0469111457554077,1.2771320240244053,0.3175816382043435,1.4210854715202004e-14
Jammer-12,6,32,614,506,PPM-3,0,0,0.0,0.0,5.800000000277805e-06,1.0469111457554077,1.2771320240244053,0.3175816382043435,1.4210854715202004e-14
Jammer-12,6,32,614,506,PPM-3,5,0,15.0,0.0,0.048141999999998575,1.0502885580998362,1.2745300768306618,0.31880085790782203,1.4210854715202004e-14
Jammer-12,6,32,614,506,PPM-3,10,0,30.0,0.0,0.09453720000000132,1.053147139882469,1.2724120026500387,0.320037513813663,2.1316282072803006e-14
Jammer-12,6,32,614,506,PPM-3,15,0,45.0,0.0,0.13799600000000112,1.0559041224306254,1.2703593801206636,0.32129054572021465,1.4210854715202004e-14
Jammer-12,6,32,614,506,PPM-3,20,0,60.0,0.0,0.18214430000000092,1.0584225078277845,1.2685080116896783,0.3225587955157036,1.4210854715202004e-14
Jammer-12,6,32,614,506,PPM-3,25,0,75.0,0.0,0.22545919999999953,1.0608979619460408,1.266661031588387,0.32384101133714055,2.1316282072803006e-14
Jammer-12,6,32,614,507,QP+G,0,0,0.0,0.0,6.2000000013995304e-06,1.0575202951606189,1.2887732514289558,0.33583811512607004,2.1316282072803006e-14
Jammer-12,6,32,614,507,QP+G,5,0,5.0,5.0,0.3680823999999987,1.0594194299717412,1.2700412636393505,0.3341851718192658,2.1316282072803006e-14
Jammer-12,6,32,614,507,QP+G,10,0,10.0,10.0,0.7167694000000004,1.0607141580303394,1.2519354006895167,0.3328238357765556,1.4210854715202004e-14
Jammer-12,6,32,614,507,QP+G,15,0,15.0,15.0,1.0530885999999988,1.0618607069143808,1.2340069723453253,0.331808963443998,1.4210854715202004e-14
Jammer-12,6,32,614,507,QP+G,20,0,20.0,20.0,1.3486034000000018,1.0626389268327772,1.2164742989853383,0.33119260854740307,1.4210854715202004e-14
Jammer-12,6,32,614,507,QP+G,25,0,25.0,25.0,1.6216524999999997,1.063135490482796,1.199238835747436,0.3310223110143765,2.842170943040401e-14
Jammer-12,6,32,614,507,noG,0,0,0.0,0.0,4.099999998175008e-06,1.0575202951606189,1.2887732514289558,0.33583811512607004,2.1316282072803006e-14
Jammer-12,6,32,614,507,noG,5,0,5.0,0.0,0.11712079999999858,1.0575202951606189,1.2887732514289558,0.33583811512607004,2.1316282072803006e-14
Jammer-12,6,32,614,507,noG,10,0,10.0,0.0,0.23815970000000064,1.0575202951606189,1.2887732514289558,0.33583811512607004,2.1316282072803006e-14
Jammer-12,6,32,614,507,noG,15,0,15.0,0.0,0.3589802999999989,1.0575202951606189,1.2887732514289558,0.33583811512607004,2.1316282072803006e-14
Jammer-12,6,32,614,507,noG,20,0,20.0,0.0,0.4880490000000002,1.0575202951606189,1.2887732514289558,0.33583811512607004,2.1316282072803006e-14
Jammer-12,6,32,614,507,noG,25,0,25.0,0.0,0.6176667000000009,1.0575202951606189,1.2887732514289558,0.33583811512607004,2.1316282072803006e-14
Jammer-12,6,32,614,507,PPM-3,0,0,0.0,0.0,5.099999999202964e-06,1.0575202951606189,1.2887732514289558,0.33583811512607004,2.1316282072803006e-14
Jammer-12,6,32,614,507,PPM-3,5,0,15.0,0.0,0.043643400000000554,1.0579375436593093,1.2879391617810676,0.3369038768994499,1.4210854715202004e-14
Jammer-12,6,32,614,507,PPM-3,10,0,30.0,0.0,0.07865799999999723,1.0583908998768103,1.2869973392216065,0.3379664653602062,2.842170943040401e-14
Jammer-12,6,32,614,507,PPM-3,15,0,45.0,0.0,0.11376749999999802,1.058802615569748,1.2860247410534749,0.3390253576892749,2.1316282072803006e-14
Jammer-12,6,32,614,507,PPM-3,20,0,60.0,0.0,0.15472099999999855,1.0592212619510908,1.2849720253086907,0.3400800135850488,1.4210854715202004e-14
Jammer-12,6,32,614,507,PPM-3,25,0,75.0,0.0,0.19806739999999934,1.0595984882931684,1.2838867933354807,0.3411298738886241,1.4210854715202004e-14
Jammer-12,6,32,614,508,QP+G,0,0,0.0,0.0,4.799999999249849e-06,1.0745706680771812,1.1552975890025965,0.34866590560214716,1.4210854715202004e-14
Jammer-12,6,32,614,508,QP+G,5,0,5.0,5.0,0.28128170000000097,1.0826682640965481,1.1346912751072682,0.3486302765741522,1.4210854715202004e-14
Jammer-12,6,32,614,508,QP+G,10,0,10.0,10.0,0.575253,1.0874316819229246,1.114940247455899,0.34795141167534294,2.1316282072803006e-14
Jammer-12,6,32,614,508,QP+G,15,0,15.0,15.0,0.8463433999999985,1.090993933183387,1.089147170860234,0.3470224688003617,1.4210854715202004e-14
Jammer-12,6,32,614,508,QP+G,20,0,20.0,20.0,1.1336823000000003,1.095106101205654,1.052272711592816,0.3457676947221209,2.1316282072803006e-14
Jammer-12,6,32,614,508,QP+G,25,0,25.0,25.0,1.433814599999998,1.0997896623806693,1.010795143456277,0.3432781488237416,1.4210854715202004e-14
Jammer-12,6,32,614,508,noG,0,0,0.0,0.0,6.500000001352646e-06,1.0745706680771812,1.1552975890025965,0.34866590560214716,1.4210854715202004e-14
Jammer-12,6,32,614,508,noG,5,0,5.0,0.0,0.12192819999999926,1.0826682640965481,1.1346912751072682,0.3486302765741522,1.4210854715202004e-14
Jammer-12,6,32,614,508,noG,10,0,10.0,0.0,0.24839180000000027,1.0874316819229246,1.114940247455899,0.34795141167534294,2.1316282072803006e-14
Jammer-12,6,32,614,508,noG,15,0,15.0,0.0,0.3721135000000011,1.0907909023409994,1.0938500522496053,0.34651862468394967,1.0658141036401503e-14
Jammer-12,6,32,614,508,noG,20,0,20.0,0.0,0.4867778999999999,1.0937199893403113,1.0702083351705844,0.34430397656738193,1.4210854715202004e-14
Jammer-12,6,32,614,508,noG,25,0,25.0,0.0,0.6092048000000005,1.0966340985218765,1.0434072497705784,0.34147131365792277,1.4210854715202004e-14
Jammer-12,6,32,614,508,PPM-3,0,0,0.0,0.0,5.099999999202964e-06,1.0745706680771812,1.1552975890025965,0.34866590560214716,1.4210854715202004e-14
Jammer-12,6,32,614,508,PPM-3,5,0,15.0,0.0,0.03810490000000044,1.0758171327326937,1.1525812451847373,0.34870211914953925,1.4210854715202004e-14
Jammer-12,6,32,614,508,PPM-3,10,0,30.0,0.0,0.08331429999999784,1.0770623714393879,1.1498304941236346,0.34872889964781667,1.4210854715202004e-14
Jammer-12,6,32,614,508,PPM-3,15,0,45.0,0.0,0.12259290000000078,1.0781489174799574,1.147202262158594,0.348746272067293,1.4210854715202004e-14
Jammer-12,6,32,614,508,PPM-3,20,0,60.0,0.0,0.16600479999999962,1.0791838150608233,1.1445889645519878,0.3487542126785619,2.1316282072803006e-14
Jammer-12,6,32,614,508,PPM-3,25,0,75.0,0.0,0.20614009999999894,1.0801521961641525,1.1420049290707581,0.34875265092882834,2.1316282072803006e-14
Jammer-12,6,32,614,509,QP+G,0,0,0.0,0.0,3.7999999982218924e-06,1.059064740097949,1.4712616004921868,0.34196096686646593,1.4210854715202004e-14
Jammer-12,6,32,614,509,QP+G,5,0,5.0,5.0,0.32196719999999956,1.059064740097949,1.4712616004921868,0.34196096686646593,1.4210854715202004e-14
Jammer-12,6,32,614,509,QP+G,10,0,10.0,10.0,0.6436159000000004,1.059064740097949,1.4712616004921868,0.34196096686646593,1.4210854715202004e-14
Jammer-12,6,32,614,509,QP+G,15,0,15.0,15.0,0.9344763,1.059064740097949,1.4712616004921868,0.34196096686646593,1.4210854715202004e-14
Jammer-12,6,32,614,509,QP+G,20,0,20.0,20.0,1.2288855000000005,1.059064740097949,1.4712616004921868,0.34196096686646593,1.4210854715202004e-14
Jammer-12,6,32,614,509,QP+G,25,0,25.0,25.0,1.5415929999999989,1.059064740097949,1.4712616004921868,0.34196096686646593,1.4210854715202004e-14
Jammer-12,6,32,614,509,noG,0,0,0.0,0.0,4.700000001633953e-06,1.059064740097949,1.4712616004921868,0.34196096686646593,1.4210854715202004e-14
Jammer-12,6,32,614,509,noG,5,0,5.0,0.0,0.13953049999999934,1.059064740097949,1.4712616004921868,0.34196096686646593,1.4210854715202004e-14
Jammer-12,6,32,614,509,noG,10,0,10.0,0.0,0.27914570000000083,1.059064740097949,1.4712616004921868,0.34196096686646593,1.4210854715202004e-14
Jammer-12,6,32,614,509,noG,15,0,15.0,0.0,0.4083599999999983,1.059064740097949,1.4712616004921868,0.34196096686646593,1.4210854715202004e-14
Jammer-12,6,32,614,509,noG,20,0,20.0,0.0,0.5282714000000013,1.059064740097949,1.4712616004921868,0.34196096686646593,1.4210854715202004e-14
Jammer-12,6,32,614,509,noG,25,0,25.0,0.0,0.6526546000000018,1.059064740097949,1.4712616004921868,0.34196096686646593,1.4210854715202004e-14
Jammer-12,6,32,614,509,PPM-3,0,0,0.0,0.0,4.600000000465343e-06,1.059064740097949,1.4712616004921868,0.34196096686646593,1.4210854715202004e-14
Jammer-12,6,32,614,509,PPM-3,5,0,15.0,0.0,0.047083300000000605,1.0603164762075667,1.4693857097544363,0.34303307347644907,1.4210854715202004e-14
Jammer-12,6,32,614,509,PPM-3,10,0,30.0,0.0,0.07985200000000248,1.0612747204076844,1.4677702668575223,0.344110509120096,1.4210854715202004e-14
Jammer-12,6,32,614,509,PPM-3,15,0,45.0,0.0,0.11547890000000294,1.0620508518407512,1.4663033543918578,0.3451935015598022,1.4210854715202004e-14
Jammer-12,6,32,614,509,PPM-3,20,0,60.0,0.0,0.14933380000000085,1.0628355017233149,1.4647938043591446,0.3462822587658305,2.1316282072803006e-14
Jammer-12,6,32,614,509,PPM-3,25,0,75.0,0.0,0.18349660000000156,1.06364143971367,1.4632283119436913,0.3473769671524379,1.4210854715202004e-14
Jammer-12,6,32,614,510,QP+G,0,0,0.0,0.0,5.19999999681886e-06,1.0840916150452298,1.2667382046847098,0.35310472610649324,1.4210854715202004e-14
Jammer-12,6,32,614,510,QP+G,5,0,5.0,5.0,0.31077149999999776,1.0917530271071438,1.2401307090670404,0.34752701800639896,2.1316282072803006e-14
Jammer-12,6,32,614,510,QP+G,10,0,10.0,10.0,0.6573054999999997,1.0983167485406917,1.2146511023958197,0.3416101872015825,1.4210854715202004e-14
Jammer-12,6,32,614,510,QP+G,15,0,15.0,15.0,0.9573909,1.1042157901896026,1.1900514734358496,0.3355097419180651,1.4210854715202004e-14
Jammer-12,6,32,614,510,QP+G,20,0,20.0,20.0,1.2327670999999967,1.1095079410463493,1.1664293118367246,0.3293960919840066,1.4210854715202004e-14
Jammer-12,6,32,614,510,QP+G,25,0,25.0,25.0,1.5256905999999972,1.1144575216732782,1.1436387490823359,0.32343836916736357,1.4210854715202004e-14
Jammer-12,6,32,614,510,noG,0,0,0.0,0.0,4.9000000004184585e-06,1.0840916150452298,1.2667382046847098,0.35310472610649324,1.4210854715202004e-14
Jammer-12,6,32,614,510,noG,5,0,5.0,0.0,0.1562632999999991,1.0840916150452298,1.2667382046847098,0.35310472610649324,1.4210854715202004e-14
Jammer-12,6,32,614,510,noG,10,0,10.0,0.0,0.30290719999999993,1.0840916150452298,1.2667382046847098,0.35310472610649324,1.4210854715202004e-14
Jammer-12,6,32,614,510,noG,15,0,15.0,0.0,0.43117110000000025,1.0840916150452298,1.2667382046847098,0.35310472610649324,1.4210854715202004e-14
Jammer-12,6,32,614,510,noG,20,0,20.0,0.0,0.5639301999999979,1.0840916150452298,1.2667382046847098,0.35310472610649324,1.4210854715202004e-14
Jammer-12,6,32,614,510,noG,25,0,25.0,0.0,0.6997089999999986,1.0840916150452298,1.2667382046847098,0.35310472610649324,1.4210854715202004e-14
Jammer-12,6,32,614,510,PPM-3,0,0,0.0,0.0,3.5999999994373866e-06,1.0840916150452298,1.2667382046847098,0.35310472610649324,1.4210854715202004e-14
Jammer-12,6,32,614,510,PPM-3,5,0,15.0,0.0,0.03488019999999992,1.0855489416751132,1.265005916830293,0.3541594493514292,1.4210854715202004e-14
Jammer-12,6,32,614,510,PPM-3,10,0,30.0,0.0,0.06868959999999902,1.0868023193878429,1.263395866316805,0.35520314465584046,1.4210854715202004e-14
Jammer-12,6,32,614,510,PPM-3,15,0,45.0,0.0,0.10838150000000013,1.0880289820568132,1.2617290472461486,0.3562350970277019,1.4210854715202004e-14
Jammer-12,6,32,614,510,PPM-3,20,0,60.0,0.0,0.15186459999999968,1.0890854049319347,1.260147222853062,0.357254490479358,1.4210854715202004e-14
Jammer-12,6,32,614,510,PPM-3,25,0,75.0,0.0,0.18943300000000107,1.0900518414878535,1.2585683937476477,0.3582604099155981,2.1316282072803006e-14
Jammer-12,6,32,614,511,QP+G,0,0,0.0,0.0,5.099999999202964e-06,1.0622320253322024,1.4808531612343439,0.3363446762994201,1.4210854715202004e-14
Jammer-12,6,32,614,511,QP+G,5,0,5.0,5.0,0.3371594999999985,1.0659989539196852,1.4590058683550422,0.33661914828903977,1.4210854715202004e-14
Jammer-12,6,32,614,511,QP+G,10,0,10.0,10.0,0.6723952000000004,1.0695464576791762,1.4369516049965583,0.33688671568143747,1.4210854715202004e-14
Jammer-12,6,32,614,511,QP+G,15,0,15.0,15.0,1.0356124000000015,1.0731472787159022,1.4144381398316097,0.33712198007433347,1.4210854715202004e-14
Jammer-12,6,32,614,511,QP+G,20,0,20.0,20.0,1.3679555999999984,1.0766064138957163,1.391690007388818,0.33729280477835427,1.4210854715202004e-14
Jammer-12,6,32,614,511,QP+G,25,0,25.0,25.0,1.6856624999999958,1.0795711061583784,1.3690999221031628,0.33736122274756886,1.4210854715202004e-14
Jammer-12,6,32,614,511,noG,0,0,0.0,0.0,6.100000000230921e-06,1.0622320253322024,1.4808531612343439,0.3363446762994201,1.4210854715202004e-14
Jammer-12,6,32,614,511,noG,5,0,5.0,0.0,0.12990089999999554,1.0622320253322024,1.4808531612343439,0.3363446762994201,1.4210854715202004e-14
Jammer-12,6,32,614,511,noG,10,0,10.0,0.0,0.24103739999999618,1.0622320253322024,1.4808531612343439,0.3363446762994201,1.4210854715202004e-14
Jammer-12,6,32,614,511,noG,15,0,15.0,0.0,0.3505268999999984,1.0622320253322024,1.4808531612343439,0.3363446762994201,1.4210854715202004e-14
Jammer-12,6,32,614,511,noG,20,0,20.0,0.0,0.46463529999999764,1.0622320253322024,1.4808531612343439,0.3363446762994201,1.4210854715202004e-14
Jammer-12,6,32,614,511,noG,25,0,25.0,0.0,0.6231948000000003,1.0622320253322024,1.4808531612343439,0.3363446762994201,1.4210854715202004e-14
Jammer-12,6,32,614,511,PPM-3,0,0,0.0,0.0,5.999999999062311e-06,1.0622320253322024,1.4808531612343439,0.3363446762994201,1.4210854715202004e-14
Jammer-12,6,32,614,511,PPM-3,5,0,15.0,0.0,0.04692179999999979,1.0636810418729308,1.4779529142407912,0.3374835962369419,1.4210854715202004e-14
Jammer-12,6,32,614,511,PPM-3,10,0,30.0,0.0,0.0890695000000008,1.065158506567267,1.4749458305342578,0.3386348918898583,1.4210854715202004e-14
Jammer-12,6,32,614,511,PPM-3,15,0,45.0,0.0,0.1290554000000057,1.0666650466867844,1.4718304631707608,0.33979892796215294,1.4210854715202004e-14
Jammer-12,6,32,614,511,PPM-3,20,0,60.0,0.0,0.1692430000000016,1.068201306000683,1.4686053528668321,0.3409760157634452,1.4210854715202004e-14
Jammer-12,6,32,614,511,PPM-3,25,0,75.0,0.0,0.2082140999999993,1.0696710806990273,1.4653658933646219,0.34216640818029664,2.1316282072803006e-14
Jammer-16,6,32,614,500,QP+G,0,0,0.0,0.0,5.700000002661909e-06,0.9117522755744184,1.164842705987057,0.27363280253725436,1.4210854715202004e-14
Jammer-16,6,32,614,500,QP+G,5,0,5.0,5.0,0.3258253999999994,0.9149847083091974,1.1507131914157749,0.27173295712859963,1.4210854715202004e-14
Jammer-16,6,32,614,500,QP+G,10,0,10.0,10.0,0.6362661000000003,0.9181647177567219,1.1367656837675444,0.2698309521883542,7.105427357601002e-15
Jammer-16,6,32,614,500,QP+G,15,0,15.0,15.0,0.9554010000000019,0.9212841400253632,1.1230164277773045,0.26793761586429365,1.4210854715202004e-14
Jammer-16,6,32,614,500,QP+G,20,0,20.0,20.0,1.2525018000000046,0.9243295487960297,1.1094858414538336,0.26606350478181384,1.4210854715202004e-14
Jammer-16,6,32,614,500,QP+G,25,0,25.0,25.0,1.4966519000000034,0.9273630634884037,1.0961177662111905,0.26421863084255176,1.4210854715202004e-14
Jammer-16,6,32,614,500,noG,0,0,0.0,0.0,4.9000000004184585e-06,0.9117522755744184,1.164842705987057,0.27363280253725436,1.4210854715202004e-14
Jammer-16,6,32,614,500,noG,5,0,5.0,0.0,0.10296019999999828,0.9117522755744184,1.164842705987057,0.27363280253725436,1.4210854715202004e-14
Jammer-16,6,32,614,500,noG,10,0,10.0,0.0,0.20605489999999804,0.9117522755744184,1.164842705987057,0.27363280253725436,1.4210854715202004e-14
Jammer-16,6,32,614,500,noG,15,0,15.0,0.0,0.3143193000000011,0.9117522755744184,1.164842705987057,0.27363280253725436,1.4210854715202004e-14
Jammer-16,6,32,614,500,noG,20,0,20.0,0.0,0.4191993000000025,0.9117522755744184,1.164842705987057,0.27363280253725436,1.4210854715202004e-14
Jammer-16,6,32,614,500,noG,25,0,25.0,0.0,0.5225931000000017,0.9117522755744184,1.164842705987057,0.27363280253725436,1.4210854715202004e-14
Jammer-16,6,32,614,500,PPM-3,0,0,0.0,0.0,3.4000000042055945e-06,0.9117522755744184,1.164842705987057,0.27363280253725436,1.4210854715202004e-14
Jammer-16,6,32,614,500,PPM-3,5,0,15.0,0.0,0.03057929999999942,0.9126983919679502,1.1647005200939784,0.2739700816057738,1.4210854715202004e-14
Jammer-16,6,32,614,500,PPM-3,10,0,30.0,0.0,0.061486999999999625,0.9136685818576056,1.1644875277010556,0.27431782168486796,1.4210854715202004e-14
Jammer-16,6,32,614,500,PPM-3,15,0,45.0,0.0,0.09193929999999995,0.9145261801750627,1.1643397154475603,0.2746759142128047,1.4210854715202004e-14
Jammer-16,6,32,614,500,PPM-3,20,0,60.0,0.0,0.12316679999999991,0.9153373133713811,1.164190286506029,0.27504423610509404,1.4210854715202004e-14
Jammer-16,6,32,614,500,PPM-3,25,0,75.0,0.0,0.1545045000000016,0.9160671179260803,1.164073442492394,0.27542264984778375,2.1316282072803006e-14
Jammer-16,6,32,614,501,QP+G,0,0,0.0,0.0,4.400000001680837e-06,0.9444290500301352,1.1783758905318211,0.3631105080709592,2.1316282072803006e-14
Jammer-16,6,32,614,501,QP+G,5,0,5.0,5.0,0.25116729999999876,0.9478303565047189,1.156575989416449,0.3621066568612779,1.4210854715202004e-14
Jammer-16,6,32,614,501,QP+G,10,0,10.0,10.0,0.5046376000000024,0.9505879663702863,1.1354832268713138,0.3610995132144814,1.4210854715202004e-14
Jammer-16,6,32,614,501,QP+G,15,0,15.0,15.0,0.7694872000000004,0.9524956521556889,1.1153576571353985,0.36004745546567274,1.4210854715202004e-14
Jammer-16,6,32,614,501,QP+G,20,0,20.0,20.0,1.010558600000003,0.9537987361782938,1.0960127007914422,0.3589089859870081,1.4210854715202004e-14
Jammer-16,6,32,614,501,QP+G,25,0,25.0,25.0,1.261690299999998,0.9547888286040047,1.0772181585376894,0.3576409895700673,1.4210854715202004e-14
Jammer-16,6,32,614,501,noG,0,0,0.0,0.0,3.1000000006997652e-06,0.9444290500301352,1.1783758905318211,0.3631105080709592,2.1316282072803006e-14
Jammer-16,6,32,614,501,noG,5,0,5.0,0.0,0.10201769999999755,0.9444290500301352,1.1783758905318211,0.3631105080709592,2.1316282072803006e-14
Jammer-16,6,32,614,501,noG,10,0,10.0,0.0,0.2065847000000005,0.9444290500301352,1.1783758905318211,0.3631105080709592,2.1316282072803006e-14
Jammer-16,6,32,614,501,noG,15,0,15.0,0.0,0.31067039999999935,0.9444290500301352,1.1783758905318211,0.3631105080709592,2.1316282072803006e-14
Jammer-16,6,32,614,501,noG,20,0,20.0,0.0,0.4213176999999959,0.9444290500301352,1.1783758905318211,0.3631105080709592,2.1316282072803006e-14
Jammer-16,6,32,614,501,noG,25,0,25.0,0.0,0.5274696999999975,0.9444290500301352,1.1783758905318211,0.3631105080709592,2.1316282072803006e-14
Jammer-16,6,32,614,501,PPM-3,0,0,0.0,0.0,3.3000000030369847e-06,0.9444290500301352,1.1783758905318211,0.3631105080709592,2.1316282072803006e-14
Jammer-16,6,32,614,501,PPM-3,5,0,15.0,0.0,0.029916800000002297,0.9438295596197029,1.1779391234386565,0.36379643988997906,1.4210854715202004e-14
Jammer-16,6,32,614,501,PPM-3,10,0,30.0,0.0,0.06222389999999933,0.9430935085982424,1.1775623367942711,0.36445031749385665,1.4210854715202004e-14
Jammer-16,6,32,614,501,PPM-3,15,0,45.0,0.0,0.0949844000000013,0.9423890264172081,1.1770764588977503,0.36507233998942007,1.4210854715202004e-14
Jammer-16,6,32,614,501,PPM-3,20,0,60.0,0.0,0.12495630000000091,0.9417165109964754,1.1764801885955647,0.36566275070301435,1.4210854715202004e-14
Jammer-16,6,32,614,501,PPM-3,25,0,75.0,0.0,0.15552380000000454,0.9410763156073647,1.1757723100087139,0.366221831376796,1.4210854715202004e-14
Jammer-16,6,32,614,502,QP+G,0,0,0.0,0.0,4.9000000004184585e-06,0.9392023491667062,1.1876921618024503,0.35805763919413597,2.1316282072803006e-14
Jammer-16,6,32,614,502,QP+G,5,0,5.0,5.0,0.2527347999999989,0.9433935721465762,1.1661328144883245,0.3526900454153505,1.4210854715202004e-14
Jammer-16,6,32,614,502,QP+G,10,0,10.0,10.0,0.495842599999996,0.9472560764414927,1.1450028935434147,0.34706691558025293,1.4210854715202004e-14
Jammer-16,6,32,614,502,QP+G,15,0,15.0,15.0,0.745054599999996,0.950855345122544,1.1243136186438587,0.3412004390071796,2.1316282072803006e-14
Jammer-16,6,32,614,502,QP+G,20,0,20.0,20.0,0.9939894999999979,0.954235799654379,1.1040991260533746,0.3351212839189103,1.4210854715202004e-14
Jammer-16,6,32,614,502,QP+G,25,0,25.0,25.0,1.2373540999999975,0.957355086816012,1.0844781151345946,0.3288773426442013,1.4210854715202004e-14
Jammer-16,6,32,614,502,noG,0,0,0.0,0.0,2.9999999995311555e-06,0.9392023491667062,1.1876921618024503,0.35805763919413597,2.1316282072803006e-14
Jammer-16,6,32,614,502,noG,5,0,5.0,0.0,0.11305019999999644,0.9392023491667062,1.1876921618024503,0.35805763919413597,2.1316282072803006e-14
Jammer-16,6,32,614,502,noG,10,0,10.0,0.0,0.21940370000000087,0.9392023491667062,1.1876921618024503,0.35805763919413597,2.1316282072803006e-14
Jammer-16,6,32,614,502,noG,15,0,15.0,0.0,0.3288835999999975,0.9392023491667062,1.1876921618024503,0.35805763919413597,2.1316282072803006e-14
Jammer-16,6,32,614,502,noG,20,0,20.0,0.0,0.4340265999999957,0.9392023491667062,1.1876921618024503,0.35805763919413597,2.1316282072803006e-14
Jammer-16,6,32,614,502,noG,25,0,25.0,0.0,0.5426336999999961,0.9392023491667062,1.1876921618024503,0.35805763919413597,2.1316282072803006e-14
Jammer-16,6,32,614,502,PPM-3,0,0,0.0,0.0,1.139999999821839e-05,0.9392023491667062,1.1876921618024503,0.35805763919413597,2.1316282072803006e-14
Jammer-16,6,32,614,502,PPM-3,5,0,15.0,0.0,0.03069550000000021,0.9394206893368948,1.1856080167434553,0.35871389199779496,1.4210854715202004e-14
Jammer-16,6,32,614,502,PPM-3,10,0,30.0,0.0,0.06275079999999633,0.9395677058925285,1.1835240506314235,0.35934108718191404,2.1316282072803006e-14
Jammer-16,6,32,614,502,PPM-3,15,0,45.0,0.0,0.09466339999999462,0.9395849906896678,1.181498774514324,0.3599384645876046,1.4210854715202004e-14
Jammer-16,6,32,614,502,PPM-3,20,0,60.0,0.0,0.12743520000000075,0.9395883362457025,1.1794165318619299,0.36050527126021087,1.4210854715202004e-14
Jammer-16,6,32,614,502,PPM-3,25,0,75.0,0.0,0.15994309999999956,0.9395456270161879,1.177309607984473,0.36104076315017175,1.4210854715202004e-14
Jammer-16,6,32,614,503,QP+G,0,0,0.0,0.0,3.5999999994373866e-06,0.9292425323206611,1.313994662824546,0.3966752552585945,2.1316282072803006e-14
Jammer-16,6,32,614,503,QP+G,5,0,5.0,5.0,0.22859289999999532,0.9279594646048207,1.2819841778785457,0.3978090237118291,1.4210854715202004e-14
Jammer-16,6,32,614,503,QP+G,10,0,10.0,10.0,0.4677423999999988,0.9257625656616214,1.2409282512387692,0.3963676156345624,1.4210854715202004e-14
Jammer-16,6,32,614,503,QP+G,15,0,15.0,15.0,0.7075904000000008,0.9255109608563911,1.1924019107881518,0.3921889650772958,1.4210854715202004e-14
Jammer-16,6,32,614,503,QP+G,20,0,20.0,20.0,0.9434633999999988,0.9264351886020437,1.1382704553917706,0.3858309198474848,1.4210854715202004e-14
Jammer-16,6,32,614,503,QP+G,25,0,25.0,25.0,1.174684599999999,0.9286151211294595,1.079447211383569,0.37811163753881755,1.4210854715202004e-14
Jammer-16,6,32,614,503,noG,0,0,0.0,0.0,3.499999998268777e-06,0.9292425323206611,1.313994662824546,0.3966752552585945,2.1316282072803006e-14
Jammer-16,6,32,614,503,noG,5,0,5.0,0.0,0.09711919999999452,0.9262457473837828,1.2984966231230428,0.397500832935608,2.1316282072803006e-14
Jammer-16,6,32,614,503,noG,10,0,10.0,0.0,0.19691100000000006,0.9209263871405023,1.280584628999955,0.39662900712322674,1.4210854715202004e-14
Jammer-16,6,32,614,503,noG,15,0,15.0,0.0,0.2968477999999948,0.9166781118483139,1.2567545788591783,0.3945023315346285,1.4210854715202004e-14
Jammer-16,6,32,614,503,noG,20,0,20.0,0.0,0.3965323999999981,0.9134655447667235,1.2271028163015572,0.39137296736156746,1.4210854715202004e-14
Jammer-16,6,32,614,503,noG,25,0,25.0,0.0,0.49961509999999976,0.9119255828703374,1.1912178612093465,0.3874793681290616,1.4210854715202004e-14
Jammer-16,6,32,614,503,PPM-3,0,0,0.0,0.0,3.5999999994373866e-06,0.9292425323206611,1.313994662824546,0.3966752552585945,2.1316282072803006e-14
Jammer-16,6,32,614,503,PPM-3,5,0,15.0,0.0,0.03246990000000238,0.9296726599412882,1.3114380811105324,0.39689506187097257,1.4210854715202004e-14
Jammer-16,6,32,614,503,PPM-3,10,0,30.0,0.0,0.06751679999999993,0.9299313542700884,1.3089812096267905,0.39707924691954394,2.1316282072803006e-14
Jammer-16,6,32,614,503,PPM-3,15,0,45.0,0.0,0.10113020000000006,0.9298442002080723,1.306797900909769,0.3972292523474971,1.4210854715202004e-14
Jammer-16,6,32,614,503,PPM-3,20,0,60.0,0.0,0.13308890000000417,0.929308634166327,1.3049901876483345,0.3973464751595186,1.4210854715202004e-14
Jammer-16,6,32,614,503,PPM-3,25,0,75.0,0.0,0.16403100000000137,0.9285518033050344,1.3033304247581154,0.3974322614598216,1.4210854715202004e-14
Jammer-16,6,32,614,504,QP+G,0,0,0.0,0.0,4.699999998081239e-06,0.9081540526594876,1.3859971476104933,0.3228492115263064,2.842170943040401e-14
Jammer-16,6,32,614,504,QP+G,5,0,5.0,5.0,0.24145659999999936,0.9132594504407361,1.3667456541726628,0.322010876324118,2.1316282072803006e-14
Jammer-16,6,32,614,504,QP+G,10,0,10.0,10.0,0.5046698000000021,0.9175961655929078,1.3478990239847608,0.32109585187439643,1.4210854715202004e-14
Jammer-16,6,32,614,504,QP+G,15,0,15.0,15.0,0.7397496999999973,0.9213355704273469,1.3293202886656992,0.3201033833075628,2.1316282072803006e-14
Jammer-16,6,32,614,504,QP+G,20,0,20.0,20.0,0.9861369999999994,0.9240939362224556,1.3114332052905966,0.3190397286934687,1.4210854715202004e-14
Jammer-16,6,32,614,504,QP+G,25,0,25.0,25.0,1.3471850999999972,0.9263226732048669,1.2938308106355283,0.3179170846992518,1.4210854715202004e-14
Jammer-16,6,32,614,504,noG,0,0,0.0,0.0,4.600000004018057e-06,0.9081540526594876,1.3859971476104933,0.3228492115263064,2.842170943040401e-14
Jammer-16,6,32,614,504,noG,5,0,5.0,0.0,0.1715826000000007,0.9081540526594876,1.3859971476104933,0.3228492115263064,2.842170943040401e-14
Jammer-16,6,32,614,504,noG,10,0,10.0,0.0,0.2977495000000019,0.9081540526594876,1.3859971476104933,0.3228492115263064,2.842170943040401e-14
Jammer-16,6,32,614,504,noG,15,0,15.0,0.0,0.42646000000000583,0.9081540526594876,1.3859971476104933,0.3228492115263064,2.842170943040401e-14
Jammer-16,6,32,614,504,noG,20,0,20.0,0.0,0.5280892000000037,0.9081540526594876,1.3859971476104933,0.3228492115263064,2.842170943040401e-14
Jammer-16,6,32,614,504,noG,25,0,25.0,0.0,0.6334249000000014,0.9081540526594876,1.3859971476104933,0.3228492115263064,2.842170943040401e-14
Jammer-16,6,32,614,504,PPM-3,0,0,0.0,0.0,3.5999999994373866e-06,0.9081540526594876,1.3859971476104933,0.3228492115263064,2.842170943040401e-14
Jammer-16,6,32,614,504,PPM-3,5,0,15.0,0.0,0.03245319999999907,0.9106336033925072,1.3838000045265466,0.3237395336407641,2.1316282072803006e-14
Jammer-16,6,32,614,504,PPM-3,10,0,30.0,0.0,0.06494319999999476,0.9125783694636256,1.3820797076129832,0.3246410468831252,2.1316282072803006e-14
Jammer-16,6,32,614,504,PPM-3,15,0,45.0,0.0,0.09553779999999534,0.914456673377114,1.3803669954154962,0.3255534703879382,2.1316282072803006e-14
Jammer-16,6,32,614,504,PPM-3,20,0,60.0,0.0,0.1283438999999973,0.9162241813553036,1.378705254246402,0.3264764662715007,1.4210854715202004e-14
Jammer-16,6,32,614,504,PPM-3,25,0,75.0,0.0,0.16211429999999893,0.9179098255779204,1.3770645961185526,0.32740963717794075,2.1316282072803006e-14
Jammer-16,6,32,614,505,QP+G,0,0,0.0,0.0,5.700000002661909e-06,0.9214978520806816,1.3019483206938092,0.3100471475558951,1.4210854715202004e-14
Jammer-16,6,32,614,505,QP+G,5,0,5.0,5.0,0.25922050000000496,0.9251356814222779,1.2872491313058547,0.3083673500361474,1.4210854715202004e-14
Jammer-16,6,32,614,505,QP+G,10,0,10.0,10.0,0.5106138000000016,0.9287803222757085,1.2721177327356075,0.3066453463247563,1.4210854715202004e-14
Jammer-16,6,32,614,505,QP+G,15,0,15.0,15.0,0.7774811000000028,0.9324397875010914,1.256578168875114,0.3048918071039111,2.1316282072803006e-14
Jammer-16,6,32,614,505,QP+G,20,0,20.0,20.0,1.0179468999999983,0.9356256396215717,1.2411564106126587,0.30312010297856345,1.4210854715202004e-14
Jammer-16,6,32,614,505,QP+G,25,0,25.0,25.0,1.2940298000000041,0.9386001683763423,1.2256324204263795,0.30134632482854246,2.1316282072803006e-14
Jammer-16,6,32,614,505,noG,0,0,0.0,0.0,6.100000000230921e-06,0.9214978520806816,1.3019483206938092,0.3100471475558951,1.4210854715202004e-14
Jammer-16,6,32,614,505,noG,5,0,5.0,0.0,0.12655999999999779,0.9214978520806816,1.3019483206938092,0.3100471475558951,1.4210854715202004e-14
Jammer-16,6,32,614,505,noG,10,0,10.0,0.0,0.25286080000000055,0.9214978520806816,1.3019483206938092,0.3100471475558951,1.4210854715202004e-14
Jammer-16,6,32,614,505,noG,15,0,15.0,0.0,0.3796801999999957,0.9214978520806816,1.3019483206938092,0.3100471475558951,1.4210854715202004e-14
Jammer-16,6,32,614,505,noG,20,0,20.0,0.0,0.5174304000000021,0.9214978520806816,1.3019483206938092,0.3100471475558951,1.4210854715202004e-14
Jammer-16,6,32,614,505,noG,25,0,25.0,0.0,0.6491147999999995,0.9214978520806816,1.3019483206938092,0.3100471475558951,1.4210854715202004e-14
Jammer-16,6,32,614,505,PPM-3,0,0,0.0,0.0,4.600000004018057e-06,0.9214978520806816,1.3019483206938092,0.3100471475558951,1.4210854715202004e-14
Jammer-16,6,32,614,505,PPM-3,5,0,15.0,0.0,0.0407630999999995,0.9220700612984893,1.301501473098844,0.31090812619484454,1.4210854715202004e-14
Jammer-16,6,32,614,505,PPM-3,10,0,30.0,0.0,0.08128469999999766,0.9226699069160883,1.3009789724321608,0.311782843698876,2.1316282072803006e-14
Jammer-16,6,32,614,505,PPM-3,15,0,45.0,0.0,0.12087689999999895,0.9232983616615397,1.3003788335743884,0.31267124499567617,2.1316282072803006e-14
Jammer-16,6,32,614,505,PPM-3,20,0,60.0,0.0,0.16080209999999795,0.9239564215549295,1.2996990336966854,0.313573231156172,1.4210854715202004e-14
Jammer-16,6,32,614,505,PPM-3,25,0,75.0,0.0,0.20028640000000308,0.9246451064350117,1.298937512351487,0.31448865993631214,1.4210854715202004e-14
Jammer-16,6,32,614,506,QP+G,0,0,0.0,0.0,5.000000001587068e-06,0.9172528968442287,1.1982379580880402,0.2941071878808678,1.4210854715202004e-14
Jammer-16,6,32,614,506,QP+G,5,0,5.0,5.0,0.36451070000000385,0.9214589930998742,1.1862911216560414,0.29441275327807337,1.4210854715202004e-14
Jammer-16,6,32,614,506,QP+G,10,0,10.0,10.0,0.7087852000000012,0.925340007010085,1.1743887205124242,0.2946309991542748,1.4210854715202004e-14
Jammer-16,6,32,614,506,QP+G,15,0,15.0,15.0,1.0343547000000015,0.9289475260210535,1.16249254652522,0.2947651762334904,2.1316282072803006e-14
Jammer-16,6,32,614,506,QP+G,20,0,20.0,20.0,1.3606156000000027,0.932714934430108,1.1501853092980807,0.2948351831704839,1.4210854715202004e-14
Jammer-16,6,32,614,506,QP+G,25,0,25.0,25.0,1.6896039000000016,0.936220218225708,1.1379057708836806,0.294879494126869,1.4210854715202004e-14
Jammer-16,6,32,614,506,noG,0,0,0.0,0.0,5.29999999798747e-06,0.9172528968442287,1.1982379580880402,0.2941071878808678,1.4210854715202004e-14
Jammer-16,6,32,614,506,noG,5,0,5.0,0.0,0.1310354000000018,0.9172528968442287,1.1982379580880402,0.2941071878808678,1.4210854715202004e-14
Jammer-16,6,32,614,506,noG,10,0,10.0,0.0,0.24571389999999838,0.9172528968442287,1.1982379580880402,0.2941071878808678,1.4210854715202004e-14
Jammer-16,6,32,614,506,noG,15,0,15.0,0.0,0.3577366000000026,0.9172528968442287,1.1982379580880402,0.2941071878808678,1.4210854715202004e-14
Jammer-16,6,32,614,506,noG,20,0,20.0,0.0,0.4760553999999999,0.9172528968442287,1.1982379580880402,0.2941071878808678,1.4210854715202004e-14
Jammer-16,6,32,614,506,noG,25,0,25.0,0.0,0.5930644000000029,0.9172528968442287,1.1982379580880402,0.2941071878808678,1.4210854715202004e-14
Jammer-16,6,32,614,506,PPM-3,0,0,0.0,0.0,6.899999995368944e-06,0.9172528968442287,1.1982379580880402,0.2941071878808678,1.4210854715202004e-14
Jammer-16,6,32,614,506,PPM-3,5,0,15.0,0.0,0.030851300000001913,0.9195635373503497,1.1966199598944391,0.29517899671299175,1.4210854715202004e-14
Jammer-16,6,32,614,506,PPM-3,10,0,30.0,0.0,0.061735299999995163,0.9217873097226099,1.1950550856505608,0.2962650562592311,1.4210854715202004e-14
Jammer-16,6,32,614,506,PPM-3,15,0,45.0,0.0,0.09297049999999984,0.9238142823480956,1.1936522090268373,0.29736459201417464,1.4210854715202004e-14
Jammer-16,6,32,614,506,PPM-3,20,0,60.0,0.0,0.12423809999999946,0.925787435682696,1.192267287253085,0.29847676020208275,1.4210854715202004e-14
Jammer-16,6,32,614,506,PPM-3,25,0,75.0,0.0,0.1582764999999995,0.9277397244920341,1.190866299739148,0.29960065074782966,1.4210854715202004e-14
Jammer-16,6,32,614,507,QP+G,0,0,0.0,0.0,4.600000004018057e-06,0.9153234984111488,1.2227640889093117,0.3141458627115161,1.4210854715202004e-14
Jammer-16,6,32,614,507,QP+G,5,0,5.0,5.0,0.26475220000000377,0.9171386646829348,1.2047157243954167,0.3116393387502491,1.4210854715202004e-14
Jammer-16,6,32,614,507,QP+G,10,0,10.0,10.0,0.5608245000000025,0.9184006921734164,1.1873382856750823,0.30934984695356393,2.1316282072803006e-14
Jammer-16,6,32,614,507,QP+G,15,0,15.0,15.0,0.8265294000000054,0.919385843237308,1.1703642252308066,0.30731431375568913,1.4210854715202004e-14
Jammer-16,6,32,614,507,QP+G,20,0,20.0,20.0,1.1216581000000048,0.9200890366831384,1.1538004761734566,0.30556617033842154,1.4210854715202004e-14
Jammer-16,6,32,614,507,QP+G,25,0,25.0,25.0,1.4187857000000008,0.9203859373569562,1.1377662918579716,0.3041345115940994,1.4210854715202004e-14
Jammer-16,6,32,614,507,noG,0,0,0.0,0.0,6.100000000230921e-06,0.9153234984111488,1.2227640889093117,0.3141458627115161,1.4210854715202004e-14
Jammer-16,6,32,614,507,noG,5,0,5.0,0.0,0.14428290000000032,0.9153234984111488,1.2227640889093117,0.3141458627115161,1.4210854715202004e-14
Jammer-16,6,32,614,507,noG,10,0,10.0,0.0,0.29529749999999666,0.9153234984111488,1.2227640889093117,0.3141458627115161,1.4210854715202004e-14
Jammer-16,6,32,614,507,noG,15,0,15.0,0.0,0.42331180000000046,0.9153234984111488,1.2227640889093117,0.3141458627115161,1.4210854715202004e-14
Jammer-16,6,32,614,507,noG,20,0,20.0,0.0,0.5510975999999985,0.9153234984111488,1.2227640889093117,0.3141458627115161,1.4210854715202004e-14
Jammer-16,6,32,614,507,noG,25,0,25.0,0.0,0.7757811000000032,0.9153234984111488,1.2227640889093117,0.3141458627115161,1.4210854715202004e-14
Jammer-16,6,32,614,507,PPM-3,0,0,0.0,0.0,7.600000003549212e-06,0.9153234984111488,1.2227640889093117,0.3141458627115161,1.4210854715202004e-14
Jammer-16,6,32,614,507,PPM-3,5,0,15.0,0.0,0.06377400000000222,0.915342933167564,1.2221515779436505,0.31511750740945177,1.0658141036401503e-14
Jammer-16,6,32,614,507,PPM-3,10,0,30.0,0.0,0.10420299999999827,0.9153293150530606,1.2215029061481368,0.3160854436300188,1.4210854715202004e-14
Jammer-16,6,32,614,507,PPM-3,15,0,45.0,0.0,0.1428695000000033,0.9153116519123556,1.2207884076695494,0.31704922196392205,1.4210854715202004e-14
Jammer-16,6,32,614,507,PPM-3,20,0,60.0,0.0,0.184178100000004,0.9153247026965462,1.2199726867786889,0.3180083823782067,1.4210854715202004e-14
Jammer-16,6,32,614,507,PPM-3,25,0,75.0,0.0,0.22250970000000336,0.9151115386377068,1.2193120577819831,0.31896245345650276,1.4210854715202004e-14
Jammer-16,6,32,614,508,QP+G,0,0,0.0,0.0,4.199999999343618e-06,0.9272571937042717,1.0906710983598717,0.3237165781908702,1.4210854715202004e-14
Jammer-16,6,32,614,508,QP+G,5,0,5.0,5.0,0.31466509999999914,0.9312040124689085,1.0646092233892868,0.324584032822241,1.4210854715202004e-14
Jammer-16,6,32,614,508,QP+G,10,0,10.0,10.0,0.6265714000000031,0.9330444001750675,1.0371639998782756,0.324769859596767,2.1316282072803006e-14
Jammer-16,6,32,614,508,QP+G,15,0,15.0,15.0,0.9235535999999982,0.9344274009740613,1.0065535043482754,0.3239020199568196,1.4210854715202004e-14
Jammer-16,6,32,614,508,QP+G,20,0,20.0,20.0,1.1693852000000007,0.9361477070223821,0.9720294613761454,0.3218290175422782,1.4210854715202004e-14
Jammer-16,6,32,614,508,QP+G,25,0,25.0,25.0,1.4069198999999983,0.9385128950236641,0.9335499907839468,0.31851376894496725,2.1316282072803006e-14
Jammer-16,6,32,614,508,noG,0,0,0.0,0.0,3.500000005374204e-06,0.9272571937042717,1.0906710983598717,0.3237165781908702,1.4210854715202004e-14
Jammer-16,6,32,614,508,noG,5,0,5.0,0.0,0.09997480000000536,0.9306892954958674,1.0737787964065588,0.32377467327548737,1.4210854715202004e-14
Jammer-16,6,32,614,508,noG,10,0,10.0,0.0,0.20109590000000566,0.931606795509243,1.0571216650379993,0.3233356770832323,2.1316282072803006e-14
Jammer-16,6,32,614,508,noG,15,0,15.0,0.0,0.30176660000000055,0.9317970417164728,1.0387090834391426,0.3223150827215238,1.4210854715202004e-14
Jammer-16,6,32,614,508,noG,20,0,20.0,0.0,0.4033346000000009,0.9315823704666749,1.0180353423034711,0.3206762267479524,2.1316282072803006e-14
Jammer-16,6,32,614,508,noG,25,0,25.0,0.0,0.5074327000000025,0.9315496367778366,0.9943656188704375,0.3185034454120445,1.4210854715202004e-14
Jammer-16,6,32,614,508,PPM-3,0,0,0.0,0.0,4.099999998175008e-06,0.9272571937042717,1.0906710983598717,0.3237165781908702,1.4210854715202004e-14
Jammer-16,6,32,614,508,PPM-3,5,0,15.0,0.0,0.032392999999999006,0.9278372718405398,1.0884952728043542,0.3237519664199002,1.4210854715202004e-14
Jammer-16,6,32,614,508,PPM-3,10,0,30.0,0.0,0.06344659999999891,0.9283452693765647,1.086358296922747,0.32378021403178775,1.4210854715202004e-14
Jammer-16,6,32,614,508,PPM-3,15,0,45.0,0.0,0.09591629999999896,0.9288224162482626,1.084218526246871,0.3238012968762147,1.4210854715202004e-14
Jammer-16,6,32,614,508,PPM-3,20,0,60.0,0.0,0.12691159999999968,0.9292983954923736,1.0820458630763263,0.3238151622189241,1.4210854715202004e-14
Jammer-16,6,32,614,508,PPM-3,25,0,75.0,0.0,0.15771469999999965,0.9297185919922659,1.0798945080534097,0.32382172995717945,1.4210854715202004e-14
Jammer-16,6,32,614,509,QP+G,0,0,0.0,0.0,3.999999997006398e-06,0.9195398327734838,1.4066775056808547,0.32050521631398277,1.4210854715202004e-14
Jammer-16,6,32,614,509,QP+G,5,0,5.0,5.0,0.26564960000000326,0.9195398327734838,1.4066775056808547,0.32050521631398277,1.4210854715202004e-14
Jammer-16,6,32,614,509,QP+G,10,0,10.0,10.0,0.5322608999999972,0.9195398327734838,1.4066775056808547,0.32050521631398277,1.4210854715202004e-14
Jammer-16,6,32,614,509,QP+G,15,0,15.0,15.0,0.7950330999999977,0.9195398327734838,1.4066775056808547,0.32050521631398277,1.4210854715202004e-14
Jammer-16,6,32,614,509,QP+G,20,0,20.0,20.0,1.060079799999997,0.9195398327734838,1.4066775056808547,0.32050521631398277,1.4210854715202004e-14
Jammer-16,6,32,614,509,QP+G,25,0,25.0,25.0,1.3353693000000035,0.9195398327734838,1.4066775056808547,0.32050521631398277,1.4210854715202004e-14
Jammer-16,6,32,614,509,noG,0,0,0.0,0.0,3.7999999946691787e-06,0.9195398327734838,1.4066775056808547,0.32050521631398277,1.4210854715202004e-14
Jammer-16,6,32,614,509,noG,5,0,5.0,0.0,0.11637139999999846,0.9195398327734838,1.4066775056808547,0.32050521631398277,1.4210854715202004e-14
Jammer-16,6,32,614,509,noG,10,0,10.0,0.0,0.23130099999999487,0.9195398327734838,1.4066775056808547,0.32050521631398277,1.4210854715202004e-14
Jammer-16,6,32,614,509,noG,15,0,15.0,0.0,0.35491769999999434,0.9195398327734838,1.4066775056808547,0.32050521631398277,1.4210854715202004e-14
Jammer-16,6,32,614,509,noG,20,0,20.0,0.0,0.4673321999999942,0.9195398327734838,1.4066775056808547,0.32050521631398277,1.4210854715202004e-14
Jammer-16,6,32,614,509,noG,25,0,25.0,0.0,0.5849309999999974,0.9195398327734838,1.4066775056808547,0.32050521631398277,1.4210854715202004e-14
Jammer-16,6,32,614,509,PPM-3,0,0,0.0,0.0,6.30000000256814e-06,0.9195398327734838,1.4066775056808547,0.32050521631398277,1.4210854715202004e-14
Jammer-16,6,32,614,509,PPM-3,5,0,15.0,0.0,0.03279369999999915,0.9198315299603551,1.4056718781951587,0.32150978922034745,1.4210854715202004e-14
Jammer-16,6,32,614,509,PPM-3,10,0,30.0,0.0,0.06573749999999734,0.9201171469409695,1.4046395517619898,0.3225191740756086,2.1316282072803006e-14
Jammer-16,6,32,614,509,PPM-3,15,0,45.0,0.0,0.09582089999999965,0.9204193338965259,1.4035574111959033,0.3235335108577613,1.4210854715202004e-14
Jammer-16,6,32,614,509,PPM-3,20,0,60.0,0.0,0.1292740999999964,0.9207384550721492,1.402424629231957,0.32455292501185495,1.4210854715202004e-14
Jammer-16,6,32,614,509,PPM-3,25,0,75.0,0.0,0.16144450000000177,0.921074883154675,1.4012403722759519,0.3255775262470729,1.4210854715202004e-14
Jammer-16,6,32,614,510,QP+G,0,0,0.0,0.0,5.100000002755678e-06,0.9360314770791675,1.2067878910382892,0.33134996047379645,2.842170943040401e-14
Jammer-16,6,32,614,510,QP+G,5,0,5.0,5.0,0.26959939999999705,0.9417855306881454,1.182814875898655,0.3251258092156668,2.1316282072803006e-14
Jammer-16,6,32,614,510,QP+G,10,0,10.0,10.0,0.5270539999999997,0.9470288456209276,1.1595184525934172,0.31867145314484263,1.4210854715202004e-14
Jammer-16,6,32,614,510,QP+G,15,0,15.0,15.0,0.7834532999999979,0.9520620094672485,1.1367477422253165,0.3121219159795392,2.1316282072803006e-14
Jammer-16,6,32,614,510,QP+G,20,0,20.0,20.0,1.0344241999999966,0.9564467438671547,1.1150620160197287,0.30561532227909916,2.1316282072803006e-14
Jammer-16,6,32,614,510,QP+G,25,0,25.0,25.0,1.2910025999999988,0.960475893057718,1.0942575383407511,0.2992821068363261,1.4210854715202004e-14
Jammer-16,6,32,614,510,noG,0,0,0.0,0.0,3.3000000030369847e-06,0.9360314770791675,1.2067878910382892,0.33134996047379645,2.842170943040401e-14
Jammer-16,6,32,614,510,noG,5,0,5.0,0.0,0.10614290000000182,0.9360314770791675,1.2067878910382892,0.33134996047379645,2.842170943040401e-14
Jammer-16,6,32,614,510,noG,10,0,10.0,0.0,0.21151199999999903,0.9360314770791675,1.2067878910382892,0.33134996047379645,2.842170943040401e-14
Jammer-16,6,32,614,510,noG,15,0,15.0,0.0,0.3196083999999999,0.9360314770791675,1.2067878910382892,0.33134996047379645,2.842170943040401e-14
Jammer-16,6,32,614,510,noG,20,0,20.0,0.0,0.4282474000000036,0.9360314770791675,1.2067878910382892,0.33134996047379645,2.842170943040401e-14
Jammer-16,6,32,614,510,noG,25,0,25.0,0.0,0.5319552999999999,0.9360314770791675,1.2067878910382892,0.33134996047379645,2.842170943040401e-14
Jammer-16,6,32,614,510,PPM-3,0,0,0.0,0.0,3.200000001868375e-06,0.9360314770791675,1.2067878910382892,0.33134996047379645,2.842170943040401e-14
Jammer-16,6,32,614,510,PPM-3,5,0,15.0,0.0,0.03035350000000392,0.9366771410142776,1.2057437441464112,0.3323333828648707,2.1316282072803006e-14
Jammer-16,6,32,614,510,PPM-3,10,0,30.0,0.0,0.06337700000000268,0.9371361154995893,1.2048074281947119,0.3333083263255894,1.4210854715202004e-14
Jammer-16,6,32,614,510,PPM-3,15,0,45.0,0.0,0.09617570000000342,0.9375915108339755,1.2037942181268706,0.3342741301560798,2.1316282072803006e-14
Jammer-16,6,32,614,510,PPM-3,20,0,60.0,0.0,0.12898309999999924,0.9380815881549127,1.2026642495881497,0.33523004961579483,1.4210854715202004e-14
Jammer-16,6,32,614,510,PPM-3,25,0,75.0,0.0,0.16182720000000472,0.9386066448859922,1.201415638081146,0.3361752579032437,7.105427357601002e-15
Jammer-16,6,32,614,511,QP+G,0,0,0.0,0.0,3.7000000006059963e-06,0.9171331419318418,1.4253387939278814,0.31752895241462253,1.4210854715202004e-14
Jammer-16,6,32,614,511,QP+G,5,0,5.0,5.0,0.2577321999999995,0.920313067271291,1.4041941355185168,0.3167253233705605,1.4210854715202004e-14
Jammer-16,6,32,614,511,QP+G,10,0,10.0,10.0,0.4988248000000013,0.92336800094125,1.3828981501972635,0.31583389579773113,2.1316282072803006e-14
Jammer-16,6,32,614,511,QP+G,15,0,15.0,15.0,0.7430182000000016,0.926502234565988,1.3612797750588022,0.31483882975029165,1.4210854715202004e-14
Jammer-16,6,32,614,511,QP+G,20,0,20.0,20.0,0.978118000000002,0.929711826985108,1.3393820728056647,0.3137238973731462,1.4210854715202004e-14
Jammer-16,6,32,614,511,QP+G,25,0,25.0,25.0,1.2329809000000012,0.9324355562941297,1.3178111548988327,0.3124733774623515,2.1316282072803006e-14
Jammer-16,6,32,614,511,noG,0,0,0.0,0.0,5.700000002661909e-06,0.9171331419318418,1.4253387939278814,0.31752895241462253,1.4210854715202004e-14
Jammer-16,6,32,614,511,noG,5,0,5.0,0.0,0.11792950000000246,0.9171331419318418,1.4253387939278814,0.31752895241462253,1.4210854715202004e-14
Jammer-16,6,32,614,511,noG,10,0,10.0,0.0,0.21923590000000104,0.9171331419318418,1.4253387939278814,0.31752895241462253,1.4210854715202004e-14
Jammer-16,6,32,614,511,noG,15,0,15.0,0.0,0.321875900000002,0.9171331419318418,1.4253387939278814,0.31752895241462253,1.4210854715202004e-14
Jammer-16,6,32,614,511,noG,20,0,20.0,0.0,0.42237940000000407,0.9171331419318418,1.4253387939278814,0.31752895241462253,1.4210854715202004e-14
Jammer-16,6,32,614,511,noG,25,0,25.0,0.0,0.5275059000000013,0.9171331419318418,1.4253387939278814,0.31752895241462253,1.4210854715202004e-14
Jammer-16,6,32,614,511,PPM-3,0,0,0.0,0.0,5.900000004999129e-06,0.9171331419318418,1.4253387939278814,0.31752895241462253,1.4210854715202004e-14
Jammer-16,6,32,614,511,PPM-3,5,0,15.0,0.0,0.04233680000000106,0.9181239024654168,1.4226767198903008,0.3185958246196411,1.4210854715202004e-14
Jammer-16,6,32,614,511,PPM-3,10,0,30.0,0.0,0.10429820000000234,0.919098178149841,1.4199527284429303,0.3196719224757221,1.0658141036401503e-14
Jammer-16,6,32,614,511,PPM-3,15,0,45.0,0.0,0.16898809999999997,0.9200976844624899,1.417124373819949,0.32075737854464353,2.1316282072803006e-14
Jammer-16,6,32,614,511,PPM-3,20,0,60.0,0.0,0.22012450000000428,0.921122939249737,1.4141904163155026,0.32185227931956456,1.4210854715202004e-14
Jammer-16,6,32,614,511,PPM-3,25,0,75.0,0.0,0.2696056999999996,0.922174470611814,1.411149615802993,0.3229566619293462,2.1316282072803006e-14
Jammer-20,6,32,614,500,QP+G,0,0,0.0,0.0,5.900000004999129e-06,0.8111245227691125,1.1070532652681293,0.2577910129800703,1.4210854715202004e-14
Jammer-20,6,32,614,500,QP+G,5,0,5.0,5.0,0.34122740000000107,0.8138938591475945,1.0939442262304535,0.2557973336867108,7.105427357601002e-15
Jammer-20,6,32,614,500,QP+G,10,0,10.0,10.0,0.6840177999999995,0.8166435791058259,1.081001656786035,0.25380019532269443,1.4210854715202004e-14
Jammer-20,6,32,614,500,QP+G,15,0,15.0,15.0,1.024130900000003,0.8192919712727331,1.0683134940684489,0.2518078502759689,1.4210854715202004e-14
Jammer-20,6,32,614,500,QP+G,20,0,20.0,20.0,1.3182386000000008,0.8219383185776732,1.055785656182916,0.24982821786164977,1.4210854715202004e-14
Jammer-20,6,32,614,500,QP+G,25,0,25.0,25.0,1.5739929000000004,0.824514325546434,1.0434906776863233,0.24786873990769398,2.1316282072803006e-14
Jammer-20,6,32,614,500,noG,0,0,0.0,0.0,3.900000002943216e-06,0.8111245227691125,1.1070532652681293,0.2577910129800703,1.4210854715202004e-14
Jammer-20,6,32,614,500,noG,5,0,5.0,0.0,0.13080240000000032,0.8111245227691125,1.1070532652681293,0.2577910129800703,1.4210854715202004e-14
Jammer-20,6,32,614,500,noG,10,0,10.0,0.0,0.27162299999999817,0.8111245227691125,1.1070532652681293,0.2577910129800703,1.4210854715202004e-14
Jammer-20,6,32,614,500,noG,15,0,15.0,0.0,0.4233357999999967,0.8111245227691125,1.1070532652681293,0.2577910129800703,1.4210854715202004e-14
Jammer-20,6,32,614,500,noG,20,0,20.0,0.0,0.5874971000000002,0.8111245227691125,1.1070532652681293,0.2577910129800703,1.4210854715202004e-14
Jammer-20,6,32,614,500,noG,25,0,25.0,0.0,0.7417291000000006,0.8111245227691125,1.1070532652681293,0.2577910129800703,1.4210854715202004e-14
Jammer-20,6,32,614,500,PPM-3,0,0,0.0,0.0,5.700000002661909e-06,0.8111245227691125,1.1070532652681293,0.2577910129800703,1.4210854715202004e-14
Jammer-20,6,32,614,500,PPM-3,5,0,15.0,0.0,0.042511500000003366,0.811755723183467,1.10707671753224,0.2581164048973655,1.4210854715202004e-14
Jammer-20,6,32,614,500,PPM-3,10,0,30.0,0.0,0.08429490000000328,0.8123343228658705,1.1071082463830781,0.25845063821352177,1.4210854715202004e-14
Jammer-20,6,32,614,500,PPM-3,15,0,45.0,0.0,0.12786510000000106,0.8127294034927462,1.1072781787570833,0.25879360721149536,1.4210854715202004e-14
Jammer-20,6,32,614,500,PPM-3,20,0,60.0,0.0,0.1703928000000019,0.8131082826907893,1.1074186138422046,0.2591451941902352,2.1316282072803006e-14
Jammer-20,6,32,614,500,PPM-3,25,0,75.0,0.0,0.21133980000000463,0.8134965693943782,1.1075033681234459,0.25950526953493247,1.4210854715202004e-14
Jammer-20,6,32,614,501,QP+G,0,0,0.0,0.0,8.499999999855845e-06,0.8367373996943578,1.1271876202142335,0.3411150280525823,2.1316282072803006e-14
Jammer-20,6,32,614,501,QP+G,5,0,5.0,5.0,0.3489110000000011,0.8394257812687148,1.1073674037252506,0.3392026478407395,1.4210854715202004e-14
Jammer-20,6,32,614,501,QP+G,10,0,10.0,10.0,0.6688971000000024,0.8415361634020805,1.0882754369360126,0.33725656613785676,1.4210854715202004e-14
Jammer-20,6,32,614,501,QP+G,15,0,15.0,15.0,0.9884645000000063,0.8432814754464344,1.069740650527187,0.33524774249973505,2.1316282072803006e-14
Jammer-20,6,32,614,501,QP+G,20,0,20.0,20.0,1.3060378000000057,0.844562766679977,1.051905976884552,0.3331493879289091,1.4210854715202004e-14
Jammer-20,6,32,614,501,QP+G,25,0,25.0,25.0,1.6069996000000017,0.8457962505941898,1.0343996895540426,0.33093604506414187,1.4210854715202004e-14
Jammer-20,6,32,614,501,noG,0,0,0.0,0.0,3.499999998268777e-06,0.8367373996943578,1.1271876202142335,0.3411150280525823,2.1316282072803006e-14
Jammer-20,6,32,614,501,noG,5,0,5.0,0.0,0.10803509999999505,0.8367373996943578,1.1271876202142335,0.3411150280525823,2.1316282072803006e-14
Jammer-20,6,32,614,501,noG,10,0,10.0,0.0,0.2176521999999963,0.8367373996943578,1.1271876202142335,0.3411150280525823,2.1316282072803006e-14
Jammer-20,6,32,614,501,noG,15,0,15.0,0.0,0.32413360000000324,0.8367373996943578,1.1271876202142335,0.3411150280525823,2.1316282072803006e-14
Jammer-20,6,32,614,501,noG,20,0,20.0,0.0,0.43217130000000026,0.8367373996943578,1.1271876202142335,0.3411150280525823,2.1316282072803006e-14
Jammer-20,6,32,614,501,noG,25,0,25.0,0.0,0.5381683999999964,0.8367373996943578,1.1271876202142335,0.3411150280525823,2.1316282072803006e-14
Jammer-20,6,32,614,501,PPM-3,0,0,0.0,0.0,3.5999999994373866e-06,0.8367373996943578,1.1271876202142335,0.3411150280525823,2.1316282072803006e-14
Jammer-20,6,32,614,501,PPM-3,5,0,15.0,0.0,0.031692899999995916,0.8359261137620999,1.126869750737148,0.34171731339503036,1.4210854715202004e-14
Jammer-20,6,32,614,501,PPM-3,10,0,30.0,0.0,0.0719820999999996,0.8350479633218975,1.1265477509666946,0.34229149432381,1.4210854715202004e-14
Jammer-20,6,32,614,501,PPM-3,15,0,45.0,0.0,0.11165160000000185,0.8340896297001692,1.1262341875227124,0.34283779781753276,1.4210854715202004e-14
Jammer-20,6,32,614,501,PPM-3,20,0,60.0,0.0,0.15151949999999204,0.8331581997099143,1.1258212559236762,0.3433564860620313,1.4210854715202004e-14
Jammer-20,6,32,614,501,PPM-3,25,0,75.0,0.0,0.19195849999999837,0.8322541272934407,1.1253078201973599,0.34384785188582206,1.4210854715202004e-14
Jammer-20,6,32,614,502,QP+G,0,0,0.0,0.0,4.699999990975812e-06,0.8308597553451235,1.1350158256731286,0.34125226878985915,7.105427357601002e-15
Jammer-20,6,32,614,502,QP+G,5,0,5.0,5.0,0.3252336999999983,0.834726149753401,1.1149734917693683,0.335584700786368,2.1316282072803006e-14
Jammer-20,6,32,614,502,QP+G,10,0,10.0,10.0,0.6484494999999981,0.8382205233229917,1.095457778356847,0.32973059611532246,1.4210854715202004e-14
Jammer-20,6,32,614,502,QP+G,15,0,15.0,15.0,0.9943354999999912,0.841513044185129,1.0763620176910451,0.3237109323973897,1.4210854715202004e-14
Jammer-20,6,32,614,502,QP+G,20,0,20.0,20.0,1.2742786999999964,0.8447157250771973,1.057636767750206,0.31755875438412473,2.1316282072803006e-14
Jammer-20,6,32,614,502,QP+G,25,0,25.0,25.0,1.531566099999992,0.8477334566887923,1.0394359625157668,0.3113172573680309,1.4210854715202004e-14
Jammer-20,6,32,614,502,noG,0,0,0.0,0.0,3.3000000030369847e-06,0.8308597553451235,1.1350158256731286,0.34125226878985915,7.105427357601002e-15
Jammer-20,6,32,614,502,noG,5,0,5.0,0.0,0.1108566000000053,0.8308597553451235,1.1350158256731286,0.34125226878985915,7.105427357601002e-15
Jammer-20,6,32,614,502,noG,10,0,10.0,0.0,0.22867139999999608,0.8308597553451235,1.1350158256731286,0.34125226878985915,7.105427357601002e-15
Jammer-20,6,32,614,502,noG,15,0,15.0,0.0,0.34546530000000075,0.8308597553451235,1.1350158256731286,0.34125226878985915,7.105427357601002e-15
Jammer-20,6,32,614,502,noG,20,0,20.0,0.0,0.45484519999999407,0.8308597553451235,1.1350158256731286,0.34125226878985915,7.105427357601002e-15
Jammer-20,6,32,614,502,noG,25,0,25.0,0.0,0.5716956999999923,0.8308597553451235,1.1350158256731286,0.34125226878985915,7.105427357601002e-15
Jammer-20,6,32,614,502,PPM-3,0,0,0.0,0.0,5.3999999920506525e-06,0.8308597553451235,1.1350158256731286,0.34125226878985915,7.105427357601002e-15
Jammer-20,6,32,614,502,PPM-3,5,0,15.0,0.0,0.03304099999999721,0.8307524200801769,1.1331238919466302,0.3418576421035627,1.4210854715202004e-14
Jammer-20,6,32,614,502,PPM-3,10,0,30.0,0.0,0.0656319999999937,0.830551483637078,1.1312597226616794,0.34243626754496254,1.4210854715202004e-14
Jammer-20,6,32,614,502,PPM-3,15,0,45.0,0.0,0.0974119999999914,0.830348167701063,1.129332287476919,0.34298747781138533,1.4210854715202004e-14
Jammer-20,6,32,614,502,PPM-3,20,0,60.0,0.0,0.13023049999999614,0.8300787036061531,1.1274055763364288,0.3435106130364458,1.4210854715202004e-14
Jammer-20,6,32,614,502,PPM-3,25,0,75.0,0.0,0.16309579999999357,0.8297533329075691,1.125469599404163,0.3440050222339416,2.1316282072803006e-14
Jammer-20,6,32,614,503,QP+G,0,0,0.0,0.0,4.200000006449045e-06,0.8232064384500939,1.2604912399471946,0.3764245279578689,1.4210854715202004e-14
Jammer-20,6,32,614,503,QP+G,5,0,5.0,5.0,0.21770429999999408,0.8232064384500939,1.2604912399471946,0.3764245279578689,1.4210854715202004e-14
Jammer-20,6,32,614,503,QP+G,10,0,10.0,10.0,0.4379871999999949,0.8232064384500939,1.2604912399471946,0.3764245279578689,1.4210854715202004e-14
Jammer-20,6,32,614,503,QP+G,15,0,15.0,15.0,0.7034155000000055,0.8232064384500939,1.2604912399471946,0.3764245279578689,1.4210854715202004e-14
Jammer-20,6,32,614,503,QP+G,20,0,20.0,20.0,0.967470800000001,0.8232064384500939,1.2604912399471946,0.3764245279578689,1.4210854715202004e-14
Jammer-20,6,32,614,503,QP+G,25,0,25.0,25.0,1.238498199999995,0.8232064384500939,1.2604912399471946,0.3764245279578689,1.4210854715202004e-14
Jammer-20,6,32,614,503,noG,0,0,0.0,0.0,4.500000002849447e-06,0.8232064384500939,1.2604912399471946,0.3764245279578689,1.4210854715202004e-14
Jammer-20,6,32,614,503,noG,5,0,5.0,0.0,0.1341330000000056,0.8232064384500939,1.2604912399471946,0.3764245279578689,1.4210854715202004e-14
Jammer-20,6,32,614,503,noG,10,0,10.0,0.0,0.2631516000000005,0.8232064384500939,1.2604912399471946,0.3764245279578689,1.4210854715202004e-14
Jammer-20,6,32,614,503,noG,15,0,15.0,0.0,0.3926988999999992,0.8232064384500939,1.2604912399471946,0.3764245279578689,1.4210854715202004e-14
Jammer-20,6,32,614,503,noG,20,0,20.0,0.0,0.5226301999999947,0.8232064384500939,1.2604912399471946,0.3764245279578689,1.4210854715202004e-14
Jammer-20,6,32,614,503,noG,25,0,25.0,0.0,0.6557767000000041,0.8232064384500939,1.2604912399471946,0.3764245279578689,1.4210854715202004e-14
Jammer-20,6,32,614,503,PPM-3,0,0,0.0,0.0,6.700000000137152e-06,0.8232064384500939,1.2604912399471946,0.3764245279578689,1.4210854715202004e-14
Jammer-20,6,32,614,503,PPM-3,5,0,15.0,0.0,0.04373330000001374,0.8231754674131369,1.2582926280342301,0.3766607388463453,1.4210854715202004e-14
Jammer-20,6,32,614,503,PPM-3,10,0,30.0,0.0,0.0885101000000077,0.82255279919937,1.256617566837887,0.3768656429199265,1.0658141036401503e-14
Jammer-20,6,32,614,503,PPM-3,15,0,45.0,0.0,0.13318690000001254,0.8216246385437884,1.2551794226765534,0.3770402841708657,1.4210854715202004e-14
Jammer-20,6,32,614,503,PPM-3,20,0,60.0,0.0,0.17309290000000033,0.8206153234297127,1.253753459340628,0.3771856742465195,2.1316282072803006e-14
Jammer-20,6,32,614,503,PPM-3,25,0,75.0,0.0,0.2165371000000107,0.8196182173215913,1.2522459469376634,0.37730278893033264,7.105427357601002e-15
Jammer-20,6,32,614,504,QP+G,0,0,0.0,0.0,4.799999999249849e-06,0.8088282014989199,1.3270338259035195,0.3051645595427698,1.4210854715202004e-14
Jammer-20,6,32,614,504,QP+G,5,0,5.0,5.0,0.30919409999999914,0.8128742668969696,1.3095776711682143,0.30389336914641146,1.4210854715202004e-14
Jammer-20,6,32,614,504,QP+G,10,0,10.0,10.0,0.5653229999999922,0.8164563643213285,1.292305946746095,0.30253701884404616,1.4210854715202004e-14
Jammer-20,6,32,614,504,QP+G,15,0,15.0,15.0,0.8073879999999889,0.8196073069308227,1.275218090275388,0.30109637848655857,7.105427357601002e-15
Jammer-20,6,32,614,504,QP+G,20,0,20.0,20.0,1.0482563999999996,0.8216294918430288,1.2590479686998197,0.2995776411681525,1.4210854715202004e-14
Jammer-20,6,32,614,504,QP+G,25,0,25.0,25.0,1.2911385999999965,0.8235569610254799,1.242800875757327,0.29799168734046644,1.4210854715202004e-14
Jammer-20,6,32,614,504,noG,0,0,0.0,0.0,6.2000000013995304e-06,0.8088282014989199,1.3270338259035195,0.3051645595427698,1.4210854715202004e-14
Jammer-20,6,32,614,504,noG,5,0,5.0,0.0,0.1286123999999944,0.8088282014989199,1.3270338259035195,0.3051645595427698,1.4210854715202004e-14
Jammer-20,6,32,614,504,noG,10,0,10.0,0.0,0.2591783000000021,0.8088282014989199,1.3270338259035195,0.3051645595427698,1.4210854715202004e-14
Jammer-20,6,32,614,504,noG,15,0,15.0,0.0,0.3968878000000018,0.8088282014989199,1.3270338259035195,0.3051645595427698,1.4210854715202004e-14
Jammer-20,6,32,614,504,noG,20,0,20.0,0.0,0.5274254999999926,0.8088282014989199,1.3270338259035195,0.3051645595427698,1.4210854715202004e-14
Jammer-20,6,32,614,504,noG,25,0,25.0,0.0,0.6605784999999997,0.8088282014989199,1.3270338259035195,0.3051645595427698,1.4210854715202004e-14
Jammer-20,6,32,614,504,PPM-3,0,0,0.0,0.0,5.400000006261507e-06,0.8088282014989199,1.3270338259035195,0.3051645595427698,1.4210854715202004e-14
Jammer-20,6,32,614,504,PPM-3,5,0,15.0,0.0,0.05114560000001234,0.8101623091202395,1.325888246270322,0.3059922285488897,1.4210854715202004e-14
Jammer-20,6,32,614,504,PPM-3,10,0,30.0,0.0,0.10228900000001317,0.811458381625447,1.3247255591959404,0.3068287919268537,1.4210854715202004e-14
Jammer-20,6,32,614,504,PPM-3,15,0,45.0,0.0,0.1452048000000019,0.8127885461444047,1.32347280131876,0.30767397961630333,2.1316282072803006e-14
Jammer-20,6,32,614,504,PPM-3,20,0,60.0,0.0,0.18655980000001193,0.8141330804363932,1.3221488519708604,0.30852747551449133,1.4210854715202004e-14
Jammer-20,6,32,614,504,PPM-3,25,0,75.0,0.0,0.22878680000000884,0.8152537254212053,1.3209911208380098,0.30938891583224476,1.4210854715202004e-14
Jammer-20,6,32,614,505,QP+G,0,0,0.0,0.0,4.300000000512227e-06,0.8192301604762305,1.243671700493532,0.29447602890978214,1.4210854715202004e-14
Jammer-20,6,32,614,505,QP+G,5,0,5.0,5.0,0.3268606000000034,0.8225528169757839,1.2296527611739005,0.29243227412282324,1.4210854715202004e-14
Jammer-20,6,32,614,505,QP+G,10,0,10.0,10.0,0.5744121000000035,0.8258652320205938,1.2153036390441585,0.29034286570786844,1.4210854715202004e-14
Jammer-20,6,32,614,505,QP+G,15,0,15.0,15.0,0.8151438000000013,0.8287439481968584,1.2010819047515573,0.28821855514884226,1.4210854715202004e-14
Jammer-20,6,32,614,505,QP+G,20,0,20.0,20.0,1.0850326999999993,0.8314354233442266,1.1867786582338407,0.28607203445497115,1.4210854715202004e-14
Jammer-20,6,32,614,505,QP+G,25,0,25.0,25.0,1.3254687000000018,0.8340741030461312,1.1722997041084928,0.2839177929994439,1.4210854715202004e-14
Jammer-20,6,32,614,505,noG,0,0,0.0,0.0,3.699999993500569e-06,0.8192301604762305,1.243671700493532,0.29447602890978214,1.4210854715202004e-14
Jammer-20,6,32,614,505,noG,5,0,5.0,0.0,0.11774189999999862,0.8192301604762305,1.243671700493532,0.29447602890978214,1.4210854715202004e-14
Jammer-20,6,32,614,505,noG,10,0,10.0,0.0,0.22334199999998816,0.8192301604762305,1.243671700493532,0.29447602890978214,1.4210854715202004e-14
Jammer-20,6,32,614,505,noG,15,0,15.0,0.0,0.33274559999999553,0.8192301604762305,1.243671700493532,0.29447602890978214,1.4210854715202004e-14
Jammer-20,6,32,614,505,noG,20,0,20.0,0.0,0.4552391,0.8192301604762305,1.243671700493532,0.29447602890978214,1.4210854715202004e-14
Jammer-20,6,32,614,505,noG,25,0,25.0,0.0,0.5578454999999991,0.8192301604762305,1.243671700493532,0.29447602890978214,1.4210854715202004e-14
Jammer-20,6,32,614,505,PPM-3,0,0,0.0,0.0,5.700000002661909e-06,0.8192301604762305,1.243671700493532,0.29447602890978214,1.4210854715202004e-14
Jammer-20,6,32,614,505,PPM-3,5,0,15.0,0.0,0.032485600000001114,0.8196173736626289,1.2433025205537018,0.295284119027879,1.4210854715202004e-14
Jammer-20,6,32,614,505,PPM-3,10,0,30.0,0.0,0.06589630000000568,0.8200296682919789,1.242861455634777,0.2961032083656457,2.1316282072803006e-14
Jammer-20,6,32,614,505,PPM-3,15,0,45.0,0.0,0.10289500000000373,0.8204679048137303,1.2423467190777315,0.2969331840154294,2.1316282072803006e-14
Jammer-20,6,32,614,505,PPM-3,20,0,60.0,0.0,0.13490520000000572,0.8209232466141929,1.241766210089412,0.2977738994387837,7.105427357601002e-15
Jammer-20,6,32,614,505,PPM-3,25,0,75.0,0.0,0.16741360000000327,0.8211078363507616,1.241406838077129,0.298625174920871,1.4210854715202004e-14
Jammer-20,6,32,614,506,QP+G,0,0,0.0,0.0,4.200000006449045e-06,0.8208867341477835,1.1343185441804589,0.27561399216682814,1.4210854715202004e-14
Jammer-20,6,32,614,506,QP+G,5,0,5.0,5.0,0.45176899999999875,0.8241384683738006,1.1237984349480796,0.2753163126127854,1.4210854715202004e-14
Jammer-20,6,32,614,506,QP+G,10,0,10.0,10.0,0.7315888000000115,0.8271813007670484,1.1132688464587512,0.27493473510065336,1.4210854715202004e-14
Jammer-20,6,32,614,506,QP+G,15,0,15.0,15.0,1.0537088000000097,0.8301207292079219,1.1026373230732878,0.2744753962270463,1.4210854715202004e-14
Jammer-20,6,32,614,506,QP+G,20,0,20.0,20.0,1.3419249000000093,0.8330730346672972,1.0918023020294767,0.27395454774502603,1.4210854715202004e-14
Jammer-20,6,32,614,506,QP+G,25,0,25.0,25.0,1.6365601000000112,0.8360318056284148,1.0807852907759423,0.27339896212846815,2.1316282072803006e-14
Jammer-20,6,32,614,506,noG,0,0,0.0,0.0,3.5999999994373866e-06,0.8208867341477835,1.1343185441804589,0.27561399216682814,1.4210854715202004e-14
Jammer-20,6,32,614,506,noG,5,0,5.0,0.0,0.14022090000000276,0.8208867341477835,1.1343185441804589,0.27561399216682814,1.4210854715202004e-14
Jammer-20,6,32,614,506,noG,10,0,10.0,0.0,0.27031410000000733,0.8208867341477835,1.1343185441804589,0.27561399216682814,1.4210854715202004e-14
Jammer-20,6,32,614,506,noG,15,0,15.0,0.0,0.41259620000001007,0.8208867341477835,1.1343185441804589,0.27561399216682814,1.4210854715202004e-14
Jammer-20,6,32,614,506,noG,20,0,20.0,0.0,0.541379400000011,0.8208867341477835,1.1343185441804589,0.27561399216682814,1.4210854715202004e-14
Jammer-20,6,32,614,506,noG,25,0,25.0,0.0,0.6647241000000008,0.8208867341477835,1.1343185441804589,0.27561399216682814,1.4210854715202004e-14
Jammer-20,6,32,614,506,PPM-3,0,0,0.0,0.0,5.7999999967250915e-06,0.8208867341477835,1.1343185441804589,0.27561399216682814,1.4210854715202004e-14
Jammer-20,6,32,614,506,PPM-3,5,0,15.0,0.0,0.042155800000003296,0.822672586988328,1.1331366067066826,0.27656854836292705,1.4210854715202004e-14
Jammer-20,6,32,614,506,PPM-3,10,0,30.0,0.0,0.07877009999999984,0.8243152848911217,1.1320660550886503,0.2775348347165833,1.4210854715202004e-14
Jammer-20,6,32,614,506,PPM-3,15,0,45.0,0.0,0.11089269999999374,0.8259633079276639,1.1309574844199277,0.2785122656408496,1.4210854715202004e-14
Jammer-20,6,32,614,506,PPM-3,20,0,60.0,0.0,0.14429029999999443,0.8276117778409802,1.1298148446971652,0.27950020454062574,1.4210854715202004e-14
Jammer-20,6,32,614,506,PPM-3,25,0,75.0,0.0,0.19183739999999716,0.8292777538408516,1.1286201457445921,0.2804979659762161,2.1316282072803006e-14
Jammer-20,6,32,614,507,QP+G,0,0,0.0,0.0,4.500000002849447e-06,0.8108414119706191,1.1668645971821578,0.29706156028965724,1.4210854715202004e-14
Jammer-20,6,32,614,507,QP+G,5,0,5.0,5.0,0.28901399999999455,0.8124224532166349,1.1499812181685218,0.29420497814140156,1.4210854715202004e-14
Jammer-20,6,32,614,507,QP+G,10,0,10.0,10.0,0.5370940999999902,0.8138081439998702,1.133457088970307,0.29152260300051525,1.4210854715202004e-14
Jammer-20,6,32,614,507,QP+G,15,0,15.0,15.0,0.8197167000000007,0.8145242474927878,1.1177736488045165,0.2890411539693201,1.4210854715202004e-14
Jammer-20,6,32,614,507,QP+G,20,0,20.0,20.0,1.088333800000001,0.8149100040457288,1.10259379998875,0.28678416317947736,1.4210854715202004e-14
Jammer-20,6,32,614,507,QP+G,25,0,25.0,25.0,1.3676863999999966,0.8152410763343486,1.0876390935275642,0.2847715676964336,1.4210854715202004e-14
Jammer-20,6,32,614,507,noG,0,0,0.0,0.0,4.0000000041118255e-06,0.8108414119706191,1.1668645971821578,0.29706156028965724,1.4210854715202004e-14
Jammer-20,6,32,614,507,noG,5,0,5.0,0.0,0.10217190000000187,0.8108414119706191,1.1668645971821578,0.29706156028965724,1.4210854715202004e-14
Jammer-20,6,32,614,507,noG,10,0,10.0,0.0,0.20156780000000651,0.8108414119706191,1.1668645971821578,0.29706156028965724,1.4210854715202004e-14
Jammer-20,6,32,614,507,noG,15,0,15.0,0.0,0.3105079000000046,0.8108414119706191,1.1668645971821578,0.29706156028965724,1.4210854715202004e-14
Jammer-20,6,32,614,507,noG,20,0,20.0,0.0,0.4147793000000064,0.8108414119706191,1.1668645971821578,0.29706156028965724,1.4210854715202004e-14
Jammer-20,6,32,614,507,noG,25,0,25.0,0.0,0.5129924999999957,0.8108414119706191,1.1668645971821578,0.29706156028965724,1.4210854715202004e-14
Jammer-20,6,32,614,507,PPM-3,0,0,0.0,0.0,3.3000000030369847e-06,0.8108414119706191,1.1668645971821578,0.29706156028965724,1.4210854715202004e-14
Jammer-20,6,32,614,507,PPM-3,5,0,15.0,0.0,0.03106490000000406,0.8106012893761712,1.1663818988827135,0.2979528467807311,1.4210854715202004e-14
Jammer-20,6,32,614,507,PPM-3,10,0,30.0,0.0,0.06390059999999664,0.81034456004149,1.1658504985132734,0.2988400296798464,1.4210854715202004e-14
Jammer-20,6,32,614,507,PPM-3,15,0,45.0,0.0,0.11068000000000211,0.8100495915255221,1.1652914894113726,0.2997227174582447,1.4210854715202004e-14
Jammer-20,6,32,614,507,PPM-3,20,0,60.0,0.0,0.15953259999999148,0.809690201861218,1.1647305353564608,0.3006005114399157,1.4210854715202004e-14
Jammer-20,6,32,614,507,PPM-3,25,0,75.0,0.0,0.20118379999999547,0.8092355243771493,1.1641980066922004,0.30147300536664295,1.4210854715202004e-14
Jammer-20,6,32,614,508,QP+G,0,0,0.0,0.0,4.799999999249849e-06,0.8187803927993269,1.0372921485878306,0.3043478582160952,1.4210854715202004e-14
Jammer-20,6,32,614,508,QP+G,5,0,5.0,5.0,0.3256073000000015,0.820243172564717,1.014028425130236,0.30454120734404533,7.105427357601002e-15
Jammer-20,6,32,614,508,QP+G,10,0,10.0,10.0,0.6137472000000059,0.8203128771629533,0.989190635245087,0.3041986205777876,7.105427357601002e-15
Jammer-20,6,32,614,508,QP+G,15,0,15.0,15.0,0.8667788999999999,0.8201530170817117,0.9615268820169902,0.303037864967185,1.4210854715202004e-14
Jammer-20,6,32,614,508,QP+G,20,0,20.0,20.0,1.1060786999999976,0.8201373988941683,0.9307134131481469,0.3009232495161101,1.4210854715202004e-14
Jammer-20,6,32,614,508,QP+G,25,0,25.0,25.0,1.442881099999994,0.8208579259558636,0.8963754867808665,0.297818674916708,2.1316282072803006e-14
Jammer-20,6,32,614,508,noG,0,0,0.0,0.0,6.40000000373675e-06,0.8187803927993269,1.0372921485878306,0.3043478582160952,1.4210854715202004e-14
Jammer-20,6,32,614,508,noG,5,0,5.0,0.0,0.10867729999999654,0.8195095943021153,1.0226929512970238,0.30443291443948506,1.4210854715202004e-14
Jammer-20,6,32,614,508,noG,10,0,10.0,0.0,0.21741320000000997,0.8185542188740336,1.0077152228589514,0.304104332996649,1.4210854715202004e-14
Jammer-20,6,32,614,508,noG,15,0,15.0,0.0,0.31945860000000437,0.8171333524427323,0.9909848641257423,0.3032939203564244,1.4210854715202004e-14
Jammer-20,6,32,614,508,noG,20,0,20.0,0.0,0.4188514000000083,0.8152780097761829,0.9723311093563771,0.30196462013240566,7.105427357601002e-15
Jammer-20,6,32,614,508,noG,25,0,25.0,0.0,0.517567200000002,0.8136395629278006,0.9509904675804999,0.300161452686267,1.4210854715202004e-14
Jammer-20,6,32,614,508,PPM-3,0,0,0.0,0.0,3.8999999958377884e-06,0.8187803927993269,1.0372921485878306,0.3043478582160952,1.4210854715202004e-14
Jammer-20,6,32,614,508,PPM-3,5,0,15.0,0.0,0.03303700000000731,0.8189746503889593,1.035443078429667,0.30437965740181416,1.4210854715202004e-14
Jammer-20,6,32,614,508,PPM-3,10,0,30.0,0.0,0.06791699999999423,0.8191697863483866,1.0335627144481303,0.3044055985899032,7.105427357601002e-15
Jammer-20,6,32,614,508,PPM-3,15,0,45.0,0.0,0.09964750000000322,0.8193656491975897,1.0316508924209424,0.30442563626413194,7.105427357601002e-15
Jammer-20,6,32,614,508,PPM-3,20,0,60.0,0.0,0.13181299999999396,0.8194986084388262,1.0297709270135305,0.30443970672370113,2.1316282072803006e-14
Jammer-20,6,32,614,508,PPM-3,25,0,75.0,0.0,0.1669021000000015,0.8195686423450009,1.0279225242320713,0.3044477289466358,1.4210854715202004e-14
Jammer-20,6,32,614,509,QP+G,0,0,0.0,0.0,3.4999999911633495e-06,0.8157438857277158,1.3507876691791814,0.3032492474707168,1.4210854715202004e-14
Jammer-20,6,32,614,509,QP+G,5,0,5.0,5.0,0.28069010000000105,0.8157438857277158,1.3507876691791814,0.3032492474707168,1.4210854715202004e-14
Jammer-20,6,32,614,509,QP+G,10,0,10.0,10.0,0.5716804999999994,0.8157438857277158,1.3507876691791814,0.3032492474707168,1.4210854715202004e-14
Jammer-20,6,32,614,509,QP+G,15,0,15.0,15.0,0.8449423999999937,0.8157438857277158,1.3507876691791814,0.3032492474707168,1.4210854715202004e-14
Jammer-20,6,32,614,509,QP+G,20,0,20.0,20.0,1.1234553000000034,0.8157438857277158,1.3507876691791814,0.3032492474707168,1.4210854715202004e-14
Jammer-20,6,32,614,509,QP+G,25,0,25.0,25.0,1.3881741000000005,0.8157438857277158,1.3507876691791814,0.3032492474707168,1.4210854715202004e-14
Jammer-20,6,32,614,509,noG,0,0,0.0,0.0,3.399999997100167e-06,0.8157438857277158,1.3507876691791814,0.3032492474707168,1.4210854715202004e-14
Jammer-20,6,32,614,509,noG,5,0,5.0,0.0,0.11184429999998713,0.8157438857277158,1.3507876691791814,0.3032492474707168,1.4210854715202004e-14
Jammer-20,6,32,614,509,noG,10,0,10.0,0.0,0.2215001000000001,0.8157438857277158,1.3507876691791814,0.3032492474707168,1.4210854715202004e-14
Jammer-20,6,32,614,509,noG,15,0,15.0,0.0,0.33707909999999686,0.8157438857277158,1.3507876691791814,0.3032492474707168,1.4210854715202004e-14
Jammer-20,6,32,614,509,noG,20,0,20.0,0.0,0.45698009999999556,0.8157438857277158,1.3507876691791814,0.3032492474707168,1.4210854715202004e-14
Jammer-20,6,32,614,509,noG,25,0,25.0,0.0,0.5786664999999971,0.8157438857277158,1.3507876691791814,0.3032492474707168,1.4210854715202004e-14
Jammer-20,6,32,614,509,PPM-3,0,0,0.0,0.0,7.100000004811591e-06,0.8157438857277158,1.3507876691791814,0.3032492474707168,1.4210854715202004e-14
Jammer-20,6,32,614,509,PPM-3,5,0,15.0,0.0,0.03501620000000116,0.8157896426829588,1.349970282925597,0.3041879918998397,1.4210854715202004e-14
Jammer-20,6,32,614,509,PPM-3,10,0,30.0,0.0,0.06698020000000326,0.8158489293190637,1.3491079035275897,0.3051309817790999,2.1316282072803006e-14
Jammer-20,6,32,614,509,PPM-3,15,0,45.0,0.0,0.09888449999999693,0.8159220449501942,1.3481998359012826,0.3060783010951884,2.1316282072803006e-14
Jammer-20,6,32,614,509,PPM-3,20,0,60.0,0.0,0.13004709999999875,0.8160092952896332,1.3472453808166407,0.30703002234752363,2.1316282072803006e-14
Jammer-20,6,32,614,509,PPM-3,25,0,75.0,0.0,0.1597856000000064,0.8161109925664992,1.346243834893981,0.307986205702115,2.1316282072803006e-14
Jammer-20,6,32,614,510,QP+G,0,0,0.0,0.0,3.7000000077114237e-06,0.8265150577664834,1.1560666116270637,0.3140283821574517,1.4210854715202004e-14
Jammer-20,6,32,614,510,QP+G,5,0,5.0,5.0,0.25791019999999776,0.831215405765075,1.134262117144338,0.30774343331997495,1.4210854715202004e-14
Jammer-20,6,32,614,510,QP+G,10,0,10.0,10.0,0.5204506000000038,0.8356439226743317,1.1129577263419135,0.3013031781830581,2.1316282072803006e-14
Jammer-20,6,32,614,510,QP+G,15,0,15.0,15.0,0.8236968000000076,0.8398750988927504,1.092196072696829,0.29481826434866104,2.1316282072803006e-14
Jammer-20,6,32,614,510,QP+G,20,0,20.0,20.0,1.2520266000000078,0.8437734630081242,1.0722056161035805,0.2883978945320277,1.4210854715202004e-14
Jammer-20,6,32,614,510,QP+G,25,0,25.0,25.0,1.6028160000000042,0.8472575180113969,1.0531354330991003,0.2821428655913745,1.4210854715202004e-14
Jammer-20,6,32,614,510,noG,0,0,0.0,0.0,5.099999995650251e-06,0.8265150577664834,1.1560666116270637,0.3140283821574517,1.4210854715202004e-14
Jammer-20,6,32,614,510,noG,5,0,5.0,0.0,0.18455430000000206,0.8265150577664834,1.1560666116270637,0.3140283821574517,1.4210854715202004e-14
Jammer-20,6,32,614,510,noG,10,0,10.0,0.0,0.3208726000000013,0.8265150577664834,1.1560666116270637,0.3140283821574517,1.4210854715202004e-14
Jammer-20,6,32,614,510,noG,15,0,15.0,0.0,0.447184699999994,0.8265150577664834,1.1560666116270637,0.3140283821574517,1.4210854715202004e-14
Jammer-20,6,32,614,510,noG,20,0,20.0,0.0,0.5891874000000001,0.8265150577664834,1.1560666116270637,0.3140283821574517,1.4210854715202004e-14
Jammer-20,6,32,614,510,noG,25,0,25.0,0.0,0.7606346999999971,0.8265150577664834,1.1560666116270637,0.3140283821574517,1.4210854715202004e-14
Jammer-20,6,32,614,510,PPM-3,0,0,0.0,0.0,9.399999996162478e-06,0.8265150577664834,1.1560666116270637,0.3140283821574517,1.4210854715202004e-14
Jammer-20,6,32,614,510,PPM-3,5,0,15.0,0.0,0.06605910000000392,0.826694272974229,1.1553960004199955,0.31494213855990016,1.4210854715202004e-14
Jammer-20,6,32,614,510,PPM-3,10,0,30.0,0.0,0.10659359999999651,0.8269019703309807,1.1546227346957645,0.3158486478595266,1.4210854715202004e-14
Jammer-20,6,32,614,510,PPM-3,15,0,45.0,0.0,0.141113500000003,0.8271141674893515,1.1537693608627908,0.31674731123862876,2.1316282072803006e-14
Jammer-20,6,32,614,510,PPM-3,20,0,60.0,0.0,0.17580689999999777,0.827338392194448,1.152826927020778,0.3176374611813715,2.1316282072803006e-14
Jammer-20,6,32,614,510,PPM-3,25,0,75.0,0.0,0.20926310000000115,0.8275917899665924,1.1517768792838416,0.3185183632755518,2.1316282072803006e-14
Jammer-20,6,32,614,511,QP+G,0,0,0.0,0.0,3.400000011311022e-06,0.8101343022866327,1.3754039828969713,0.30240942816466365,2.1316282072803006e-14
Jammer-20,6,32,614,511,QP+G,5,0,5.0,5.0,0.2924748000000079,0.8129742189389978,1.3552612126340917,0.3010551123598945,2.1316282072803006e-14
Jammer-20,6,32,614,511,QP+G,10,0,10.0,10.0,0.5426707000000022,0.815825595249887,1.334934311445533,0.29959133904655605,1.4210854715202004e-14
Jammer-20,6,32,614,511,QP+G,15,0,15.0,15.0,0.7953972000000107,0.8185564392145391,1.3145903025003935,0.298010540048078,1.4210854715202004e-14
Jammer-20,6,32,614,511,QP+G,20,0,20.0,20.0,1.0697791000000052,0.8213325206113578,1.2941019282592647,0.2963065380809615,1.4210854715202004e-14
Jammer-20,6,32,614,511,QP+G,25,0,25.0,25.0,1.383018800000002,0.8237378750423691,1.273926628653383,0.294474956235305,1.4210854715202004e-14
Jammer-20,6,32,614,511,noG,0,0,0.0,0.0,4.700000005186666e-06,0.8101343022866327,1.3754039828969713,0.30240942816466365,2.1316282072803006e-14
Jammer-20,6,32,614,511,noG,5,0,5.0,0.0,0.13059730000000513,0.8101343022866327,1.3754039828969713,0.30240942816466365,2.1316282072803006e-14
Jammer-20,6,32,614,511,noG,10,0,10.0,0.0,0.2674128999999965,0.8101343022866327,1.3754039828969713,0.30240942816466365,2.1316282072803006e-14
Jammer-20,6,32,614,511,noG,15,0,15.0,0.0,0.46281880000000797,0.8101343022866327,1.3754039828969713,0.30240942816466365,2.1316282072803006e-14
Jammer-20,6,32,614,511,noG,20,0,20.0,0.0,0.6383157000000068,0.8101343022866327,1.3754039828969713,0.30240942816466365,2.1316282072803006e-14
Jammer-20,6,32,614,511,noG,25,0,25.0,0.0,0.7975487000000072,0.8101343022866327,1.3754039828969713,0.30240942816466365,2.1316282072803006e-14
Jammer-20,6,32,614,511,PPM-3,0,0,0.0,0.0,6.2000000013995304e-06,0.8101343022866327,1.3754039828969713,0.30240942816466365,2.1316282072803006e-14
Jammer-20,6,32,614,511,PPM-3,5,0,15.0,0.0,0.04851340000000448,0.8108544660146745,1.3728719447681836,0.3034109023904807,1.4210854715202004e-14
Jammer-20,6,32,614,511,PPM-3,10,0,30.0,0.0,0.10866960000001313,0.811596083793998,1.37024260014353,0.3044192419409119,2.1316282072803006e-14
Jammer-20,6,32,614,511,PPM-3,15,0,45.0,0.0,0.15803620000001217,0.8123595751548074,1.3675148902300747,0.3054344436723707,2.1316282072803006e-14
Jammer-20,6,32,614,511,PPM-3,20,0,60.0,0.0,0.21343219999999974,0.8131453668800809,1.3646877598556766,0.30645646538239935,1.4210854715202004e-14
Jammer-20,6,32,614,511,PPM-3,25,0,75.0,0.0,0.26178170000000023,0.8139538929584674,1.3617601588987416,0.3074852235905527,1.4210854715202004e-14
Jammer-24,6,32,614,500,QP+G,0,0,0.0,0.0,5.300000012198325e-06,0.7321285096919531,1.0589972200911073,0.24468310417287714,1.4210854715202004e-14
Jammer-24,6,32,614,500,QP+G,5,0,5.0,5.0,0.43676630000000216,0.7346246487032557,1.0467834389671062,0.24271515833844165,7.105427357601002e-15
Jammer-24,6,32,614,500,QP+G,10,0,10.0,10.0,0.7984652000000096,0.7371183472362052,1.0347227543891044,0.24074446991751963,1.4210854715202004e-14
Jammer-24,6,32,614,500,QP+G,15,0,15.0,15.0,1.1544907000000109,0.7395458091220214,1.022883564373946,0.23877740699628688,1.4210854715202004e-14
Jammer-24,6,32,614,500,QP+G,20,0,20.0,20.0,1.490856800000003,0.741863296878833,1.0113133083612456,0.23682002764054058,1.4210854715202004e-14
Jammer-24,6,32,614,500,QP+G,25,0,25.0,25.0,1.7619688999999994,0.7441631668842028,0.9999224945996696,0.23487800183288096,1.4210854715202004e-14
Jammer-24,6,32,614,500,noG,0,0,0.0,0.0,5.899999990788274e-06,0.7321285096919531,1.0589972200911073,0.24468310417287714,1.4210854715202004e-14
Jammer-24,6,32,614,500,noG,5,0,5.0,0.0,0.1195800999999932,0.7321285096919531,1.0589972200911073,0.24468310417287714,1.4210854715202004e-14
Jammer-24,6,32,614,500,noG,10,0,10.0,0.0,0.27367579999999236,0.7321285096919531,1.0589972200911073,0.24468310417287714,1.4210854715202004e-14
Jammer-24,6,32,614,500,noG,15,0,15.0,0.0,0.4261446999999947,0.7321285096919531,1.0589972200911073,0.24468310417287714,1.4210854715202004e-14
Jammer-24,6,32,614,500,noG,20,0,20.0,0.0,0.5794612999999913,0.7321285096919531,1.0589972200911073,0.24468310417287714,1.4210854715202004e-14
Jammer-24,6,32,614,500,noG,25,0,25.0,0.0,0.7346977999999922,0.7321285096919531,1.0589972200911073,0.24468310417287714,1.4210854715202004e-14
Jammer-24,6,32,614,500,PPM-3,0,0,0.0,0.0,7.70000001182325e-06,0.7321285096919531,1.0589972200911073,0.24468310417287714,1.4210854715202004e-14
Jammer-24,6,32,614,500,PPM-3,5,0,15.0,0.0,0.05253380000000618,0.7324831668086234,1.059163030333725,0.24499600809360386,2.1316282072803006e-14
Jammer-24,6,32,614,500,PPM-3,10,0,30.0,0.0,0.0882595000000066,0.7328559687482874,1.0592687118920474,0.24531648386667523,1.4210854715202004e-14
Jammer-24,6,32,614,500,PPM-3,15,0,45.0,0.0,0.12213060000000553,0.7331408696719234,1.0594197971349457,0.24564443111765258,1.4210854715202004e-14
Jammer-24,6,32,614,500,PPM-3,20,0,60.0,0.0,0.15368530000000646,0.7334185932144199,1.059535056981307,0.24597973935928888,1.4210854715202004e-14
Jammer-24,6,32,614,500,PPM-3,25,0,75.0,0.0,0.1867605999999995,0.7336992624472857,1.0596038713096898,0.2463222880383861,1.4210854715202004e-14
Jammer-24,6,32,614,501,QP+G,0,0,0.0,0.0,5.099999995650251e-06,0.7528351854223057,1.083228532072134,0.32313462101568846,1.4210854715202004e-14
Jammer-24,6,32,614,501,QP+G,5,0,5.0,5.0,0.33833299999999156,0.7550078244084791,1.0652237422960638,0.3207724174016245,1.4210854715202004e-14
Jammer-24,6,32,614,501,QP+G,10,0,10.0,10.0,0.6701043999999996,0.7568459331763129,1.0477443097485075,0.31837513390788624,1.4210854715202004e-14
Jammer-24,6,32,614,501,QP+G,15,0,15.0,15.0,1.004399499999991,0.7583019178509218,1.030869177439376,0.3159223841128096,1.4210854715202004e-14
Jammer-24,6,32,614,501,QP+G,20,0,20.0,20.0,1.3216866999999866,0.7595361746751781,1.0144700577251489,0.3133962689375727,1.4210854715202004e-14
Jammer-24,6,32,614,501,QP+G,25,0,25.0,25.0,1.6431816999999995,0.7607366018844333,0.9983908364774181,0.31078077149813155,1.4210854715202004e-14
Jammer-24,6,32,614,501,noG,0,0,0.0,0.0,4.499999988638592e-06,0.7528351854223057,1.083228532072134,0.32313462101568846,1.4210854715202004e-14
Jammer-24,6,32,614,501,noG,5,0,5.0,0.0,0.14316329999999766,0.7528351854223057,1.083228532072134,0.32313462101568846,1.4210854715202004e-14
Jammer-24,6,32,614,501,noG,10,0,10.0,0.0,0.28235999999999706,0.7528351854223057,1.083228532072134,0.32313462101568846,1.4210854715202004e-14
Jammer-24,6,32,614,501,noG,15,0,15.0,0.0,0.4223475999999948,0.7528351854223057,1.083228532072134,0.32313462101568846,1.4210854715202004e-14
Jammer-24,6,32,614,501,noG,20,0,20.0,0.0,0.5576823999999903,0.7528351854223057,1.083228532072134,0.32313462101568846,1.4210854715202004e-14
Jammer-24,6,32,614,501,noG,25,0,25.0,0.0,0.6928728999999976,0.7528351854223057,1.083228532072134,0.32313462101568846,1.4210854715202004e-14
Jammer-24,6,32,614,501,PPM-3,0,0,0.0,0.0,4.19999999223819e-06,0.7528351854223057,1.083228532072134,0.32313462101568846,1.4210854715202004e-14
Jammer-24,6,32,614,501,PPM-3,5,0,15.0,0.0,0.04087609999999131,0.7519129913947951,1.0829639609236694,0.3236705180887811,1.4210854715202004e-14
Jammer-24,6,32,614,501,PPM-3,10,0,30.0,0.0,0.08224280000000306,0.7509804455567157,1.0826444485283397,0.32418128398252677,2.1316282072803006e-14
Jammer-24,6,32,614,501,PPM-3,15,0,45.0,0.0,0.12275869999999145,0.7499112203333074,1.082395723143244,0.3246671490313924,1.4210854715202004e-14
Jammer-24,6,32,614,501,PPM-3,20,0,60.0,0.0,0.16348159999999723,0.7488198091572748,1.0821027221095183,0.3251283724174521,1.4210854715202004e-14
Jammer-24,6,32,614,501,PPM-3,25,0,75.0,0.0,0.2033665999999954,0.7477516703697954,1.0817194489214423,0.32556523854024855,1.4210854715202004e-14
Jammer-24,6,32,614,502,QP+G,0,0,0.0,0.0,5.000000001587068e-06,0.7468743622783851,1.0892686035304857,0.3270240015080042,1.4210854715202004e-14
Jammer-24,6,32,614,502,QP+G,5,0,5.0,5.0,0.30987089999999284,0.750454016948501,1.0707440996259834,0.321355089337335,1.4210854715202004e-14
Jammer-24,6,32,614,502,QP+G,10,0,10.0,10.0,0.5700527999999991,0.7536586356500975,1.0527706432063009,0.3155540929433681,1.4210854715202004e-14
Jammer-24,6,32,614,502,QP+G,15,0,15.0,15.0,0.827300699999995,0.7566703429036717,1.0352172849989283,0.3096435526551931,2.1316282072803006e-14
Jammer-24,6,32,614,502,QP+G,20,0,20.0,20.0,1.0792067999999944,0.7596056347788981,1.018016745510237,0.3036537185717662,1.4210854715202004e-14
Jammer-24,6,32,614,502,QP+G,25,0,25.0,25.0,1.3311753999999922,0.7624639607569317,1.0012149521710139,0.2976208581520456,2.1316282072803006e-14
Jammer-24,6,32,614,502,noG,0,0,0.0,0.0,3.5999999994373866e-06,0.7468743622783851,1.0892686035304857,0.3270240015080042,1.4210854715202004e-14
Jammer-24,6,32,614,502,noG,5,0,5.0,0.0,0.11345459999999719,0.7468743622783851,1.0892686035304857,0.3270240015080042,1.4210854715202004e-14
Jammer-24,6,32,614,502,noG,10,0,10.0,0.0,0.22583569999999042,0.7468743622783851,1.0892686035304857,0.3270240015080042,1.4210854715202004e-14
Jammer-24,6,32,614,502,noG,15,0,15.0,0.0,0.3347058999999888,0.7468743622783851,1.0892686035304857,0.3270240015080042,1.4210854715202004e-14
Jammer-24,6,32,614,502,noG,20,0,20.0,0.0,0.45349619999998936,0.7468743622783851,1.0892686035304857,0.3270240015080042,1.4210854715202004e-14
Jammer-24,6,32,614,502,noG,25,0,25.0,0.0,0.5665106000000009,0.7468743622783851,1.0892686035304857,0.3270240015080042,1.4210854715202004e-14
Jammer-24,6,32,614,502,PPM-3,0,0,0.0,0.0,5.800000010935946e-06,0.7468743622783851,1.0892686035304857,0.3270240015080042,1.4210854715202004e-14
Jammer-24,6,32,614,502,PPM-3,5,0,15.0,0.0,0.03104370000001211,0.7465742552343816,1.087494068122301,0.3275811118442025,2.1316282072803006e-14
Jammer-24,6,32,614,502,PPM-3,10,0,30.0,0.0,0.06283600000000433,0.7462149119915417,1.0857183445479968,0.32811337563101184,1.4210854715202004e-14
Jammer-24,6,32,614,502,PPM-3,15,0,45.0,0.0,0.09364330000001075,0.7458048679057802,1.0839331460744703,0.32862020522132657,1.4210854715202004e-14
Jammer-24,6,32,614,502,PPM-3,20,0,60.0,0.0,0.12506580000000156,0.7454160600018391,1.0820668109097185,0.3291010204941619,1.4210854715202004e-14
Jammer-24,6,32,614,502,PPM-3,25,0,75.0,0.0,0.15578450000000998,0.7449828723429105,1.0801852571785502,0.32955525010713704,1.4210854715202004e-14
Jammer-24,6,32,614,503,QP+G,0,0,0.0,0.0,3.5999999994373866e-06,0.7398266927582225,1.2143591766155133,0.3594214177977367,1.4210854715202004e-14
Jammer-24,6,32,614,503,QP+G,5,0,5.0,5.0,0.2300915999999944,0.7399266675128535,1.211084917760141,0.35921910058219647,1.4210854715202004e-14
Jammer-24,6,32,614,503,QP+G,10,0,10.0,10.0,0.44099389999999516,0.7399266675128535,1.211084917760141,0.35921910058219647,1.4210854715202004e-14
Jammer-24,6,32,614,503,QP+G,15,0,15.0,15.0,0.6477362999999912,0.7399266675128535,1.211084917760141,0.35921910058219647,1.4210854715202004e-14
Jammer-24,6,32,614,503,QP+G,20,0,20.0,20.0,0.8701111999999966,0.7399266675128535,1.211084917760141,0.35921910058219647,1.4210854715202004e-14
Jammer-24,6,32,614,503,QP+G,25,0,25.0,25.0,1.124235200000001,0.7399266675128535,1.211084917760141,0.35921910058219647,1.4210854715202004e-14
Jammer-24,6,32,614,503,noG,0,0,0.0,0.0,4.500000002849447e-06,0.7398266927582225,1.2143591766155133,0.3594214177977367,1.4210854715202004e-14
Jammer-24,6,32,614,503,noG,5,0,5.0,0.0,0.11037600000000225,0.7398266927582225,1.2143591766155133,0.3594214177977367,1.4210854715202004e-14
Jammer-24,6,32,614,503,noG,10,0,10.0,0.0,0.21717450000001293,0.7398266927582225,1.2143591766155133,0.3594214177977367,1.4210854715202004e-14
Jammer-24,6,32,614,503,noG,15,0,15.0,0.0,0.3222572000000099,0.7398266927582225,1.2143591766155133,0.3594214177977367,1.4210854715202004e-14
Jammer-24,6,32,614,503,noG,20,0,20.0,0.0,0.4246935000000036,0.7398266927582225,1.2143591766155133,0.3594214177977367,1.4210854715202004e-14
Jammer-24,6,32,614,503,noG,25,0,25.0,0.0,0.5237346000000116,0.7398266927582225,1.2143591766155133,0.3594214177977367,1.4210854715202004e-14
Jammer-24,6,32,614,503,PPM-3,0,0,0.0,0.0,3.800000001774606e-06,0.7398266927582225,1.2143591766155133,0.3594214177977367,1.4210854715202004e-14
Jammer-24,6,32,614,503,PPM-3,5,0,15.0,0.0,0.032682000000008316,0.7390891895905671,1.21281781335312,0.35966532254975264,1.4210854715202004e-14
Jammer-24,6,32,614,503,PPM-3,10,0,30.0,0.0,0.06705250000000262,0.7382676843823103,1.2112964804409456,0.3598811543412245,1.4210854715202004e-14
Jammer-24,6,32,614,503,PPM-3,15,0,45.0,0.0,0.10100870000000839,0.7373047128224419,1.209852320549337,0.3600696862971109,1.4210854715202004e-14
Jammer-24,6,32,614,503,PPM-3,20,0,60.0,0.0,0.1389156999999983,0.7363489516503587,1.2083363642879348,0.3602316680139438,2.1316282072803006e-14
Jammer-24,6,32,614,503,PPM-3,25,0,75.0,0.0,0.1763576000000029,0.7353241048159459,1.2068246449129236,0.36036782347046914,2.1316282072803006e-14
Jammer-24,6,32,614,504,QP+G,0,0,0.0,0.0,3.7000000077114237e-06,0.7299787944455822,1.2769715944330509,0.290326780517666,1.4210854715202004e-14
Jammer-24,6,32,614,504,QP+G,5,0,5.0,5.0,0.24961100000000158,0.7336887602821238,1.2606948670198557,0.2888535315702528,1.4210854715202004e-14
Jammer-24,6,32,614,504,QP+G,10,0,10.0,10.0,0.4905066999999974,0.7372107931906335,1.2443890485720488,0.2872999706516972,2.1316282072803006e-14
Jammer-24,6,32,614,504,QP+G,15,0,15.0,15.0,0.7378566000000006,0.739673023290945,1.2289542843775918,0.2856677336141703,2.1316282072803006e-14
Jammer-24,6,32,614,504,QP+G,20,0,20.0,20.0,0.9846895000000018,0.7416494684524801,1.213847684321111,0.28396239756174535,1.4210854715202004e-14
Jammer-24,6,32,614,504,QP+G,25,0,25.0,25.0,1.2377697000000012,0.7433772317243305,1.198865422852951,0.28219307635325647,1.4210854715202004e-14
Jammer-24,6,32,614,504,noG,0,0,0.0,0.0,7.600000003549212e-06,0.7299787944455822,1.2769715944330509,0.290326780517666,1.4210854715202004e-14
Jammer-24,6,32,614,504,noG,5,0,5.0,0.0,0.09859319999999627,0.7299787944455822,1.2769715944330509,0.290326780517666,1.4210854715202004e-14
Jammer-24,6,32,614,504,noG,10,0,10.0,0.0,0.20139199999999846,0.7299787944455822,1.2769715944330509,0.290326780517666,1.4210854715202004e-14
Jammer-24,6,32,614,504,noG,15,0,15.0,0.0,0.31557730000000106,0.7299787944455822,1.2769715944330509,0.290326780517666,1.4210854715202004e-14
Jammer-24,6,32,614,504,noG,20,0,20.0,0.0,0.4593676000000073,0.7299787944455822,1.2769715944330509,0.290326780517666,1.4210854715202004e-14
Jammer-24,6,32,614,504,noG,25,0,25.0,0.0,0.5927173000000039,0.7299787944455822,1.2769715944330509,0.290326780517666,1.4210854715202004e-14
Jammer-24,6,32,614,504,PPM-3,0,0,0.0,0.0,3.7000000077114237e-06,0.7299787944455822,1.2769715944330509,0.290326780517666,1.4210854715202004e-14
Jammer-24,6,32,614,504,PPM-3,5,0,15.0,0.0,0.047951300000008246,0.7309977313288288,1.2760599651883928,0.29109787888464267,1.4210854715202004e-14
Jammer-24,6,32,614,504,PPM-3,10,0,30.0,0.0,0.08482430000000818,0.7320444199159559,1.2750687226183626,0.291876072033529,1.4210854715202004e-14
Jammer-24,6,32,614,504,PPM-3,15,0,45.0,0.0,0.12324809999999786,0.7331188947968108,1.273997092167223,0.2926611089365314,1.4210854715202004e-14
Jammer-24,6,32,614,504,PPM-3,20,0,60.0,0.0,0.16270210000000418,0.7339702348568589,1.2730952498511907,0.2934527013020581,1.4210854715202004e-14
Jammer-24,6,32,614,504,PPM-3,25,0,75.0,0.0,0.20728580000000818,0.7346989829605719,1.2722619027656763,0.29425052245075384,1.4210854715202004e-14
Jammer-24,6,32,614,505,QP+G,0,0,0.0,0.0,4.599999996912629e-06,0.7397431782467757,1.1930419969935393,0.28149112443254,1.4210854715202004e-14
Jammer-24,6,32,614,505,QP+G,5,0,5.0,5.0,0.4511988999999943,0.7427799428402492,1.17981851567012,0.2792990691835293,1.4210854715202004e-14
Jammer-24,6,32,614,505,QP+G,10,0,10.0,10.0,0.7614906000000019,0.745420193802897,1.1667186185966396,0.27706445304110583,1.4210854715202004e-14
Jammer-24,6,32,614,505,QP+G,15,0,15.0,15.0,1.070067899999998,0.7479027476717709,1.1535360919809001,0.27479732440780286,2.1316282072803006e-14
Jammer-24,6,32,614,505,QP+G,20,0,20.0,20.0,1.3973861999999997,0.7503309138222214,1.1402022337043602,0.2725090897942283,1.4210854715202004e-14
Jammer-24,6,32,614,505,QP+G,25,0,25.0,25.0,1.708648299999993,0.7524518188798138,1.12700589941692,0.2702123440566541,1.4210854715202004e-14
Jammer-24,6,32,614,505,noG,0,0,0.0,0.0,6.600000006073969e-06,0.7397431782467757,1.1930419969935393,0.28149112443254,1.4210854715202004e-14
Jammer-24,6,32,614,505,noG,5,0,5.0,0.0,0.14703719999999976,0.7397431782467757,1.1930419969935393,0.28149112443254,1.4210854715202004e-14
Jammer-24,6,32,614,505,noG,10,0,10.0,0.0,0.3014610000000033,0.7397431782467757,1.1930419969935393,0.28149112443254,1.4210854715202004e-14
Jammer-24,6,32,614,505,noG,15,0,15.0,0.0,0.42889650000000756,0.7397431782467757,1.1930419969935393,0.28149112443254,1.4210854715202004e-14
Jammer-24,6,32,614,505,noG,20,0,20.0,0.0,0.5455196999999998,0.7397431782467757,1.1930419969935393,0.28149112443254,1.4210854715202004e-14
Jammer-24,6,32,614,505,noG,25,0,25.0,0.0,0.6594103999999987,0.7397431782467757,1.1930419969935393,0.28149112443254,1.4210854715202004e-14
Jammer-24,6,32,614,505,PPM-3,0,0,0.0,0.0,4.200000006449045e-06,0.7397431782467757,1.1930419969935393,0.28149112443254,1.4210854715202004e-14
Jammer-24,6,32,614,505,PPM-3,5,0,15.0,0.0,0.03234050000000366,0.7400195847321367,1.1926922861048446,0.28225192295815493,1.4210854715202004e-14
Jammer-24,6,32,614,505,PPM-3,10,0,30.0,0.0,0.06265249999999867,0.7403188574386367,1.19227484294397,0.28302157519587073,1.4210854715202004e-14
Jammer-24,6,32,614,505,PPM-3,15,0,45.0,0.0,0.09307520000000125,0.7403803571963676,1.1920494692067984,0.283799933490939,2.1316282072803006e-14
Jammer-24,6,32,614,505,PPM-3,20,0,60.0,0.0,0.12575999999999965,0.7403138475025051,1.191905555440769,0.28458682361819554,2.1316282072803006e-14
Jammer-24,6,32,614,505,PPM-3,25,0,75.0,0.0,0.15881540000000882,0.7402400183362983,1.1917215579077582,0.2853820451542331,1.4210854715202004e-14
Jammer-24,6,32,614,506,QP+G,0,0,0.0,0.0,3.7000000077114237e-06,0.745331044782114,1.081159992874502,0.260432330890563,1.4210854715202004e-14
Jammer-24,6,32,614,506,QP+G,5,0,5.0,5.0,0.28035770000001037,0.7479737390486747,1.071539386568476,0.25981216979853344,1.4210854715202004e-14
Jammer-24,6,32,614,506,QP+G,10,0,10.0,10.0,0.5631948000000051,0.7505471222732372,1.0619895079467165,0.2591191648147239,1.4210854715202004e-14
Jammer-24,6,32,614,506,QP+G,15,0,15.0,15.0,0.8549655000000058,0.7529422072871339,1.052501417786608,0.25835991561825566,1.4210854715202004e-14
Jammer-24,6,32,614,506,QP+G,20,0,20.0,20.0,1.1491596000000044,0.7553452078105303,1.0428575512548073,0.2575474116499252,1.4210854715202004e-14
Jammer-24,6,32,614,506,QP+G,25,0,25.0,25.0,1.4910307000000103,0.7577582817609625,1.0330685525120182,0.25670099660302526,1.4210854715202004e-14
Jammer-24,6,32,614,506,noG,0,0,0.0,0.0,5.099999995650251e-06,0.745331044782114,1.081159992874502,0.260432330890563,1.4210854715202004e-14
Jammer-24,6,32,614,506,noG,5,0,5.0,0.0,0.1203167000000036,0.745331044782114,1.081159992874502,0.260432330890563,1.4210854715202004e-14
Jammer-24,6,32,614,506,noG,10,0,10.0,0.0,0.24510560000000226,0.745331044782114,1.081159992874502,0.260432330890563,1.4210854715202004e-14
Jammer-24,6,32,614,506,noG,15,0,15.0,0.0,0.3719397999999927,0.745331044782114,1.081159992874502,0.260432330890563,1.4210854715202004e-14
Jammer-24,6,32,614,506,noG,20,0,20.0,0.0,0.48204699999999434,0.745331044782114,1.081159992874502,0.260432330890563,1.4210854715202004e-14
Jammer-24,6,32,614,506,noG,25,0,25.0,0.0,0.6006380999999976,0.745331044782114,1.081159992874502,0.260432330890563,1.4210854715202004e-14
Jammer-24,6,32,614,506,PPM-3,0,0,0.0,0.0,4.4000000087862645e-06,0.745331044782114,1.081159992874502,0.260432330890563,1.4210854715202004e-14
Jammer-24,6,32,614,506,PPM-3,5,0,15.0,0.0,0.029899600000007354,0.7466423410631258,1.0803659495319837,0.261292200130776,1.4210854715202004e-14
Jammer-24,6,32,614,506,PPM-3,10,0,30.0,0.0,0.07537070000000767,0.7479290956157495,1.079565936894562,0.2621618221530893,1.4210854715202004e-14
Jammer-24,6,32,614,506,PPM-3,15,0,45.0,0.0,0.11270230000000936,0.7492228676755808,1.078727586306243,0.26304074147433143,8.881784197001252e-15
Jammer-24,6,32,614,506,PPM-3,20,0,60.0,0.0,0.1551897000000082,0.7504699614083821,1.0779037812998542,0.2639284638818546,1.4210854715202004e-14
Jammer-24,6,32,614,506,PPM-3,25,0,75.0,0.0,0.19281390000000442,0.7517349464806029,1.0770291376205403,0.2648244580407881,1.4210854715202004e-14
Jammer-24,6,32,614,507,QP+G,0,0,0.0,0.0,6.40000000373675e-06,0.7296723669569244,1.1187452775667057,0.2830077529347764,1.4210854715202004e-14
Jammer-24,6,32,614,507,QP+G,5,0,5.0,5.0,0.31365160000000003,0.7311517401210665,1.102971770914929,0.2800411190751444,1.4210854715202004e-14
Jammer-24,6,32,614,507,QP+G,10,0,10.0,10.0,0.6354941000000025,0.7322548715434091,1.0877572946396517,0.27721958504060434,1.4210854715202004e-14
Jammer-24,6,32,614,507,QP+G,15,0,15.0,15.0,0.9453725000000048,0.7328820825976053,1.0732068618326802,0.2745633011191537,1.4210854715202004e-14
Jammer-24,6,32,614,507,QP+G,20,0,20.0,20.0,1.2577699999999936,0.7333107757307087,1.0590446488128327,0.27208973271904846,1.4210854715202004e-14
Jammer-24,6,32,614,507,QP+G,25,0,25.0,25.0,1.5731535999999977,0.733637246413451,1.0451723643984905,0.2698134680447544,1.4210854715202004e-14
Jammer-24,6,32,614,507,noG,0,0,0.0,0.0,5.3999999920506525e-06,0.7296723669569244,1.1187452775667057,0.2830077529347764,1.4210854715202004e-14
Jammer-24,6,32,614,507,noG,5,0,5.0,0.0,0.13056199999999762,0.7296723669569244,1.1187452775667057,0.2830077529347764,1.4210854715202004e-14
Jammer-24,6,32,614,507,noG,10,0,10.0,0.0,0.26423520000000167,0.7296723669569244,1.1187452775667057,0.2830077529347764,1.4210854715202004e-14
Jammer-24,6,32,614,507,noG,15,0,15.0,0.0,0.40046159999999986,0.7296723669569244,1.1187452775667057,0.2830077529347764,1.4210854715202004e-14
Jammer-24,6,32,614,507,noG,20,0,20.0,0.0,0.5353686999999923,0.7296723669569244,1.1187452775667057,0.2830077529347764,1.4210854715202004e-14
Jammer-24,6,32,614,507,noG,25,0,25.0,0.0,0.6458438999999885,0.7296723669569244,1.1187452775667057,0.2830077529347764,1.4210854715202004e-14
Jammer-24,6,32,614,507,PPM-3,0,0,0.0,0.0,3.1999999947629476e-06,0.7296723669569244,1.1187452775667057,0.2830077529347764,1.4210854715202004e-14
Jammer-24,6,32,614,507,PPM-3,5,0,15.0,0.0,0.030262999999990825,0.7293546124462186,1.1182461798594256,0.2838306650478871,1.4210854715202004e-14
Jammer-24,6,32,614,507,PPM-3,10,0,30.0,0.0,0.061729700000000776,0.7289007910908035,1.1178221219404976,0.2846492211271389,1.4210854715202004e-14
Jammer-24,6,32,614,507,PPM-3,15,0,45.0,0.0,0.09509849999999176,0.7284374956066543,1.1173460709177085,0.28546307525830317,1.4210854715202004e-14
Jammer-24,6,32,614,507,PPM-3,20,0,60.0,0.0,0.12777439999999274,0.7279301102026431,1.1168522223379558,0.28627187635393814,1.4210854715202004e-14
Jammer-24,6,32,614,507,PPM-3,25,0,75.0,0.0,0.1579217999999969,0.7273720842003385,1.116346727371417,0.2870752679088642,1.4210854715202004e-14
Jammer-24,6,32,614,508,QP+G,0,0,0.0,0.0,3.29999998882613e-06,0.7346837113239885,0.9918537641408715,0.28858040256541206,7.105427357601002e-15
Jammer-24,6,32,614,508,QP+G,5,0,5.0,5.0,0.24975749999998698,0.7346693673277876,0.9706651404547956,0.2883756581689859,7.105427357601002e-15
Jammer-24,6,32,614,508,QP+G,10,0,10.0,10.0,0.49495009999999695,0.7337290383027926,0.9478613959434112,0.28773051527066257,1.4210854715202004e-14
Jammer-24,6,32,614,508,QP+G,15,0,15.0,15.0,0.8041916999999899,0.7327021379500913,0.9225443782906815,0.28642474984667143,1.4210854715202004e-14
Jammer-24,6,32,614,508,QP+G,20,0,20.0,20.0,1.110117499999987,0.7317255353352201,0.8946268283007179,0.28434010141133986,1.4210854715202004e-14
Jammer-24,6,32,614,508,QP+G,25,0,25.0,25.0,1.4158534999999972,0.7313777470573329,0.8637094141235219,0.2814412062906294,1.0658141036401503e-14
Jammer-24,6,32,614,508,noG,0,0,0.0,0.0,4.799999999249849e-06,0.7346837113239885,0.9918537641408715,0.28858040256541206,7.105427357601002e-15
Jammer-24,6,32,614,508,noG,5,0,5.0,0.0,0.10939189999999144,0.7338184157872774,0.9787505941289802,0.28866481107445674,1.4210854715202004e-14
Jammer-24,6,32,614,508,noG,10,0,10.0,0.0,0.21679669999998907,0.7317962241269187,0.9649439048333412,0.2883899155759234,1.4210854715202004e-14
Jammer-24,6,32,614,508,noG,15,0,15.0,0.0,0.31879539999999906,0.7294301275919531,0.9495024230414549,0.28769905596634815,1.4210854715202004e-14
Jammer-24,6,32,614,508,noG,20,0,20.0,0.0,0.420007499999997,0.7267833565820581,0.9322564438070011,0.28655747252370173,8.881784197001252e-15
Jammer-24,6,32,614,508,noG,25,0,25.0,0.0,0.5250799999999884,0.7242173158278737,0.9127598345413512,0.28498903474507004,1.4210854715202004e-14
Jammer-24,6,32,614,508,PPM-3,0,0,0.0,0.0,3.4999999911633495e-06,0.7346837113239885,0.9918537641408715,0.28858040256541206,7.105427357601002e-15
Jammer-24,6,32,614,508,PPM-3,5,0,15.0,0.0,0.033460699999992016,0.7347067011070062,0.9901561591264584,0.28860786205559114,1.4210854715202004e-14
Jammer-24,6,32,614,508,PPM-3,10,0,30.0,0.0,0.0663964999999962,0.7347315677025095,0.988428997997719,0.2886302727314216,1.4210854715202004e-14
Jammer-24,6,32,614,508,PPM-3,15,0,45.0,0.0,0.09994229999999504,0.7346925884426425,0.9867377628426182,0.2886475811268178,1.4210854715202004e-14
Jammer-24,6,32,614,508,PPM-3,20,0,60.0,0.0,0.13303589999999588,0.7346060171277444,0.9850659591386624,0.2886597215305583,1.4210854715202004e-14
Jammer-24,6,32,614,508,PPM-3,25,0,75.0,0.0,0.16870939999999734,0.7344595600489482,0.9834256399152755,0.2886666166314962,2.1316282072803006e-14
Jammer-24,6,32,614,509,QP+G,0,0,0.0,0.0,4.0000000041118255e-06,0.7349470763157014,1.3012409001010328,0.28883686009153203,1.4210854715202004e-14
Jammer-24,6,32,614,509,QP+G,5,0,5.0,5.0,0.2631132000000065,0.7349470763157014,1.3012409001010328,0.28883686009153203,1.4210854715202004e-14
Jammer-24,6,32,614,509,QP+G,10,0,10.0,10.0,0.5501339999999999,0.7349470763157014,1.3012409001010328,0.28883686009153203,1.4210854715202004e-14
Jammer-24,6,32,614,509,QP+G,15,0,15.0,15.0,0.8167794000000015,0.7349470763157014,1.3012409001010328,0.28883686009153203,1.4210854715202004e-14
Jammer-24,6,32,614,509,QP+G,20,0,20.0,20.0,1.0912449000000066,0.7349470763157014,1.3012409001010328,0.28883686009153203,1.4210854715202004e-14
Jammer-24,6,32,614,509,QP+G,25,0,25.0,25.0,1.3539062000000115,0.7349470763157014,1.3012409001010328,0.28883686009153203,1.4210854715202004e-14
Jammer-24,6,32,614,509,noG,0,0,0.0,0.0,3.4999999911633495e-06,0.7349470763157014,1.3012409001010328,0.28883686009153203,1.4210854715202004e-14
Jammer-24,6,32,614,509,noG,5,0,5.0,0.0,0.10863679999999931,0.7349470763157014,1.3012409001010328,0.28883686009153203,1.4210854715202004e-14
Jammer-24,6,32,614,509,noG,10,0,10.0,0.0,0.23547979999999313,0.7349470763157014,1.3012409001010328,0.28883686009153203,1.4210854715202004e-14
Jammer-24,6,32,614,509,noG,15,0,15.0,0.0,0.3561635999999879,0.7349470763157014,1.3012409001010328,0.28883686009153203,1.4210854715202004e-14
Jammer-24,6,32,614,509,noG,20,0,20.0,0.0,0.4740627999999987,0.7349470763157014,1.3012409001010328,0.28883686009153203,1.4210854715202004e-14
Jammer-24,6,32,614,509,noG,25,0,25.0,0.0,0.5912966999999867,0.7349470763157014,1.3012409001010328,0.28883686009153203,1.4210854715202004e-14
Jammer-24,6,32,614,509,PPM-3,0,0,0.0,0.0,3.5999999994373866e-06,0.7349470763157014,1.3012409001010328,0.28883686009153203,1.4210854715202004e-14
Jammer-24,6,32,614,509,PPM-3,5,0,15.0,0.0,0.030303299999999922,0.7348547320245383,1.3005252325733427,0.28971499846455656,1.4210854715202004e-14
Jammer-24,6,32,614,509,PPM-3,10,0,30.0,0.0,0.0626656999999966,0.7347541322195532,1.299788068431381,0.29059684462906393,1.4210854715202004e-14
Jammer-24,6,32,614,509,PPM-3,15,0,45.0,0.0,0.09363809999999262,0.734655793590782,1.2990185551897668,0.29148244550310565,1.4210854715202004e-14
Jammer-24,6,32,614,509,PPM-3,20,0,60.0,0.0,0.12620739999999842,0.7345523438752694,1.2982237316835832,0.2923718385674721,1.4210854715202004e-14
Jammer-24,6,32,614,509,PPM-3,25,0,75.0,0.0,0.15960769999999513,0.7344250607938342,1.2974219892300178,0.29326505125614843,1.4210854715202004e-14
Jammer-24,6,32,614,510,QP+G,0,0,0.0,0.0,4.099999998175008e-06,0.7413571659832712,1.1120458633860333,0.2996314824589111,1.4210854715202004e-14
Jammer-24,6,32,614,510,QP+G,5,0,5.0,5.0,0.3850285999999983,0.7453715018938216,1.0921262272924523,0.29353473205298575,2.1316282072803006e-14
Jammer-24,6,32,614,510,QP+G,10,0,10.0,10.0,0.6450229999999948,0.749217442878995,1.0726263778883136,0.2873322403832681,2.1316282072803006e-14
Jammer-24,6,32,614,510,QP+G,15,0,15.0,15.0,0.9306521000000032,0.7529067711566394,1.053625599879548,0.28111317908777833,1.4210854715202004e-14
Jammer-24,6,32,614,510,QP+G,20,0,20.0,20.0,1.2013874999999956,0.756445005155036,1.0351901188566706,0.27496378719640874,1.4210854715202004e-14
Jammer-24,6,32,614,510,QP+G,25,0,25.0,25.0,1.5572277999999926,0.7595099313812935,1.01769417810261,0.2689628557138564,1.4210854715202004e-14
Jammer-24,6,32,614,510,noG,0,0,0.0,0.0,7.199999998874773e-06,0.7413571659832712,1.1120458633860333,0.2996314824589111,1.4210854715202004e-14
Jammer-24,6,32,614,510,noG,5,0,5.0,0.0,0.20195969999998908,0.7413571659832712,1.1120458633860333,0.2996314824589111,1.4210854715202004e-14
Jammer-24,6,32,614,510,noG,10,0,10.0,0.0,0.33489379999998903,0.7413571659832712,1.1120458633860333,0.2996314824589111,1.4210854715202004e-14
Jammer-24,6,32,614,510,noG,15,0,15.0,0.0,0.47262030000000266,0.7413571659832712,1.1120458633860333,0.2996314824589111,1.4210854715202004e-14
Jammer-24,6,32,614,510,noG,20,0,20.0,0.0,0.6323816000000022,0.7413571659832712,1.1120458633860333,0.2996314824589111,1.4210854715202004e-14
Jammer-24,6,32,614,510,noG,25,0,25.0,0.0,0.7761969000000022,0.7413571659832712,1.1120458633860333,0.2996314824589111,1.4210854715202004e-14
Jammer-24,6,32,614,510,PPM-3,0,0,0.0,0.0,3.699999993500569e-06,0.7413571659832712,1.1120458633860333,0.2996314824589111,1.4210854715202004e-14
Jammer-24,6,32,614,510,PPM-3,5,0,15.0,0.0,0.040721399999995356,0.7413814973327777,1.111461527319966,0.3004812295633251,1.4210854715202004e-14
Jammer-24,6,32,614,510,PPM-3,10,0,30.0,0.0,0.07922299999999893,0.7414297847833792,1.1107842022774022,0.30132439563214625,1.4210854715202004e-14
Jammer-24,6,32,614,510,PPM-3,15,0,45.0,0.0,0.11969740000000684,0.7415023458910838,1.110012304144627,0.3021604416997702,1.4210854715202004e-14
Jammer-24,6,32,614,510,PPM-3,20,0,60.0,0.0,0.15572229999999365,0.7415994711214653,1.1091442874323967,0.3029887727007332,1.4210854715202004e-14
Jammer-24,6,32,614,510,PPM-3,25,0,75.0,0.0,0.195288000000005,0.741721422815999,1.1081786497443913,0.3038087390296289,2.1316282072803006e-14
Jammer-24,6,32,614,511,QP+G,0,0,0.0,0.0,4.39999999457541e-06,0.7271059751119947,1.3302891803744354,0.2897629195152602,1.4210854715202004e-14
Jammer-24,6,32,614,511,QP+G,5,0,5.0,5.0,0.41805769999999143,0.7296925127049464,1.3112718494914235,0.2881278237509354,1.4210854715202004e-14
Jammer-24,6,32,614,511,QP+G,10,0,10.0,10.0,0.8314809000000025,0.7322507840626963,1.292180333063107,0.28638272872833836,7.105427357601002e-15
Jammer-24,6,32,614,511,QP+G,15,0,15.0,15.0,1.1534008,0.7348275891075232,1.2730005912146538,0.2845252626286739,1.4210854715202004e-14
Jammer-24,6,32,614,511,QP+G,20,0,20.0,20.0,1.4511945999999938,0.7371704262944324,1.2540198219068501,0.28255474311855466,2.1316282072803006e-14
Jammer-24,6,32,614,511,QP+G,25,0,25.0,25.0,1.7879648999999915,0.7392569713892155,1.2352964356426255,0.2804722935011749,1.4210854715202004e-14
Jammer-24,6,32,614,511,noG,0,0,0.0,0.0,4.0000000041118255e-06,0.7271059751119947,1.3302891803744354,0.2897629195152602,1.4210854715202004e-14
Jammer-24,6,32,614,511,noG,5,0,5.0,0.0,0.1320984999999979,0.7271059751119947,1.3302891803744354,0.2897629195152602,1.4210854715202004e-14
Jammer-24,6,32,614,511,noG,10,0,10.0,0.0,0.24206770000000688,0.7271059751119947,1.3302891803744354,0.2897629195152602,1.4210854715202004e-14
Jammer-24,6,32,614,511,noG,15,0,15.0,0.0,0.3460752999999954,0.7271059751119947,1.3302891803744354,0.2897629195152602,1.4210854715202004e-14
Jammer-24,6,32,614,511,noG,20,0,20.0,0.0,0.4524379000000067,0.7271059751119947,1.3302891803744354,0.2897629195152602,1.4210854715202004e-14
Jammer-24,6,32,614,511,noG,25,0,25.0,0.0,0.556638300000003,0.7271059751119947,1.3302891803744354,0.2897629195152602,1.4210854715202004e-14
Jammer-24,6,32,614,511,PPM-3,0,0,0.0,0.0,3.1999999947629476e-06,0.7271059751119947,1.3302891803744354,0.2897629195152602,1.4210854715202004e-14
Jammer-24,6,32,614,511,PPM-3,5,0,15.0,0.0,0.03246819999999673,0.7276722133412402,1.3278232723230325,0.2907058172315874,1.4210854715202004e-14
Jammer-24,6,32,614,511,PPM-3,10,0,30.0,0.0,0.06544780000000117,0.7282580453227788,1.325265520062123,0.2916537878730041,1.4210854715202004e-14
Jammer-24,6,32,614,511,PPM-3,15,0,45.0,0.0,0.10052310000000375,0.7288638072893983,1.3226150310055413,0.29260674744701204,1.4210854715202004e-14
Jammer-24,6,32,614,511,PPM-3,20,0,60.0,0.0,0.13186720000000207,0.7294898409607619,1.3198709191826654,0.29356457896783184,1.4210854715202004e-14
Jammer-24,6,32,614,511,PPM-3,25,0,75.0,0.0,0.16263529999999093,0.7301364934979425,1.317032306581134,0.29452713092744753,1.4210854715202004e-14
Switch-0.02,6,32,614,500,QP+G,0,0,0.0,0.0,4.0000000041118255e-06,0.8768729013300139,1.0636382200405623,0.25725666908301853,1.4210854715202004e-14
Switch-0.02,6,32,614,500,QP+G,5,0,5.0,5.0,0.3486980999999929,0.8796775947327569,1.050410455595238,0.25526598197709716,2.1316282072803006e-14
Switch-0.02,6,32,614,500,QP+G,10,0,10.0,10.0,0.6868398000000013,0.8824397283826558,1.0373896931811344,0.253293522747615,1.4210854715202004e-14
Switch-0.02,6,32,614,500,QP+G,15,0,15.0,15.0,0.9627834000000064,0.8850859429788321,1.024654401510229,0.2513483948007449,2.1316282072803006e-14
Switch-0.02,6,32,614,500,QP+G,20,0,20.0,20.0,1.2557603999999998,0.887718145348795,1.01210672120286,0.24943912574598515,1.4210854715202004e-14
Switch-0.02,6,32,614,500,QP+G,25,0,25.0,25.0,1.570361399999996,0.8911839351378469,0.9993723309254906,0.247735613386263,1.4210854715202004e-14
Switch-0.02,6,32,614,500,noG,0,0,0.0,0.0,4.899999993313031e-06,0.8768729013300139,1.0636382200405623,0.25725666908301853,1.4210854715202004e-14
Switch-0.02,6,32,614,500,noG,5,0,5.0,0.0,0.14171220000000062,0.8768729013300139,1.0636382200405623,0.25725666908301853,1.4210854715202004e-14
Switch-0.02,6,32,614,500,noG,10,0,10.0,0.0,0.2816825000000023,0.8768729013300139,1.0636382200405623,0.25725666908301853,1.4210854715202004e-14
Switch-0.02,6,32,614,500,noG,15,0,15.0,0.0,0.41474499999999637,0.8768729013300139,1.0636382200405623,0.25725666908301853,1.4210854715202004e-14
Switch-0.02,6,32,614,500,noG,20,0,20.0,0.0,0.5587534999999946,0.8768729013300139,1.0636382200405623,0.25725666908301853,1.4210854715202004e-14
Switch-0.02,6,32,614,500,noG,25,0,25.0,0.0,0.7006688999999966,0.8768729013300139,1.0636382200405623,0.25725666908301853,1.4210854715202004e-14
Switch-0.02,6,32,614,500,PPM-3,0,0,0.0,0.0,6.3000000096735675e-06,0.8768729013300139,1.0636382200405623,0.25725666908301853,1.4210854715202004e-14
Switch-0.02,6,32,614,500,PPM-3,5,0,15.0,0.0,0.0432821000000132,0.8775258913956866,1.0636396596284245,0.2574841114185914,1.4210854715202004e-14
Switch-0.02,6,32,614,500,PPM-3,10,0,30.0,0.0,0.08392760000000976,0.8781245159579488,1.0636505791848716,0.25772086509121944,1.4210854715202004e-14
Switch-0.02,6,32,614,500,PPM-3,15,0,45.0,0.0,0.12910140000001036,0.8785342940391057,1.063804882946527,0.25796678574108445,2.1316282072803006e-14
Switch-0.02,6,32,614,500,PPM-3,20,0,60.0,0.0,0.17144810000000632,0.8789307062252096,1.0639265225066967,0.25822171835858315,1.4210854715202004e-14
Switch-0.02,6,32,614,500,PPM-3,25,0,75.0,0.0,0.21417850000000271,0.8793382535979327,1.0639904382784118,0.25848549746552607,2.1316282072803006e-14
Switch-0.02,6,32,614,501,QP+G,0,0,0.0,0.0,4.599999996912629e-06,0.9009420106118999,1.0853163426300247,0.3405150117779329,1.4210854715202004e-14
Switch-0.02,6,32,614,501,QP+G,5,0,5.0,5.0,0.33108919999999387,0.9037431770992954,1.0654511855981137,0.3383906824127141,1.4210854715202004e-14
Switch-0.02,6,32,614,501,QP+G,10,0,10.0,10.0,0.6534729999999911,0.9059348497330647,1.0464082111133783,0.3362397331159476,1.4210854715202004e-14
Switch-0.02,6,32,614,501,QP+G,15,0,15.0,15.0,0.9771798000000018,0.9077087457126629,1.0280381634612459,0.3340448652020187,1.4210854715202004e-14
Switch-0.02,6,32,614,501,QP+G,20,0,20.0,20.0,1.2369534999999985,0.9090285782984211,1.0104202028350662,0.33179346575467267,1.4210854715202004e-14
Switch-0.02,6,32,614,501,QP+G,25,0,25.0,25.0,1.4840643,0.910293327847196,0.993196558865454,0.32947468013205244,1.4210854715202004e-14
Switch-0.02,6,32,614,501,noG,0,0,0.0,0.0,4.19999999223819e-06,0.9009420106118999,1.0853163426300247,0.3405150117779329,1.4210854715202004e-14
Switch-0.02,6,32,614,501,noG,5,0,5.0,0.0,0.1384328000000039,0.9009420106118999,1.0853163426300247,0.3405150117779329,1.4210854715202004e-14
Switch-0.02,6,32,614,501,noG,10,0,10.0,0.0,0.26448270000000207,0.9009420106118999,1.0853163426300247,0.3405150117779329,1.4210854715202004e-14
Switch-0.02,6,32,614,501,noG,15,0,15.0,0.0,0.38165820000000394,0.9009420106118999,1.0853163426300247,0.3405150117779329,1.4210854715202004e-14
Switch-0.02,6,32,614,501,noG,20,0,20.0,0.0,0.49307569999999146,0.9009420106118999,1.0853163426300247,0.3405150117779329,1.4210854715202004e-14
Switch-0.02,6,32,614,501,noG,25,0,25.0,0.0,0.6009501999999998,0.9009420106118999,1.0853163426300247,0.3405150117779329,1.4210854715202004e-14
Switch-0.02,6,32,614,501,PPM-3,0,0,0.0,0.0,4.499999988638592e-06,0.9009420106118999,1.0853163426300247,0.3405150117779329,1.4210854715202004e-14
Switch-0.02,6,32,614,501,PPM-3,5,0,15.0,0.0,0.03658979999998735,0.9001328854116826,1.0849964413452051,0.34087531067964894,1.4210854715202004e-14
Switch-0.02,6,32,614,501,PPM-3,10,0,30.0,0.0,0.06751929999998652,0.8992555124746745,1.0846740618021466,0.34120668330909093,1.0658141036401503e-14
Switch-0.02,6,32,614,501,PPM-3,15,0,45.0,0.0,0.09876109999999017,0.898294625164975,1.0843637938335162,0.3415093724146418,1.4210854715202004e-14
Switch-0.02,6,32,614,501,PPM-3,20,0,60.0,0.0,0.12949979999999073,0.8973578720906773,1.0839573485004301,0.3417836517589655,1.4210854715202004e-14
Switch-0.02,6,32,614,501,PPM-3,25,0,75.0,0.0,0.16174709999999948,0.8964456415023376,1.0834537348675337,0.3420298219423404,1.4210854715202004e-14
Switch-0.02,6,32,614,502,QP+G,0,0,0.0,0.0,3.8999999958377884e-06,0.8980987759869252,1.0901101383646608,0.33936154859221535,1.4210854715202004e-14
Switch-0.02,6,32,614,502,QP+G,5,0,5.0,5.0,0.25612599999999475,0.9020270228269909,1.0702352531981354,0.33329892260327953,1.0658141036401503e-14
Switch-0.02,6,32,614,502,QP+G,10,0,10.0,10.0,0.5147021999999879,0.905635165881195,1.0508607299938713,0.327066243421948,1.4210854715202004e-14
Switch-0.02,6,32,614,502,QP+G,15,0,15.0,15.0,0.7706113999999928,0.909012929862511,1.0319583082148855,0.3207062370979582,1.4210854715202004e-14
Switch-0.02,6,32,614,502,QP+G,20,0,20.0,20.0,1.0236059999999867,0.9122725060943402,1.0134735980347447,0.31426828470367857,1.4210854715202004e-14
Switch-0.02,6,32,614,502,QP+G,25,0,25.0,25.0,1.2940539999999885,0.9152561918015395,0.9956163631622653,0.3078055140551426,1.4210854715202004e-14
Switch-0.02,6,32,614,502,noG,0,0,0.0,0.0,7.399999987001138e-06,0.8980987759869252,1.0901101383646608,0.33936154859221535,1.4210854715202004e-14
Switch-0.02,6,32,614,502,noG,5,0,5.0,0.0,0.12124249999999392,0.8980987759869252,1.0901101383646608,0.33936154859221535,1.4210854715202004e-14
Switch-0.02,6,32,614,502,noG,10,0,10.0,0.0,0.23328809999999578,0.8980987759869252,1.0901101383646608,0.33936154859221535,1.4210854715202004e-14
Switch-0.02,6,32,614,502,noG,15,0,15.0,0.0,0.3378809999999959,0.8980987759869252,1.0901101383646608,0.33936154859221535,1.4210854715202004e-14
Switch-0.02,6,32,614,502,noG,20,0,20.0,0.0,0.4460765999999978,0.8980987759869252,1.0901101383646608,0.33936154859221535,1.4210854715202004e-14
Switch-0.02,6,32,614,502,noG,25,0,25.0,0.0,0.5976438000000002,0.8980987759869252,1.0901101383646608,0.33936154859221535,1.4210854715202004e-14
Switch-0.02,6,32,614,502,PPM-3,0,0,0.0,0.0,4.500000002849447e-06,0.8980987759869252,1.0901101383646608,0.33936154859221535,1.4210854715202004e-14
Switch-0.02,6,32,614,502,PPM-3,5,0,15.0,0.0,0.03518329999999992,0.8979809156370082,1.0882292925283532,0.3397661745669368,1.4210854715202004e-14
Switch-0.02,6,32,614,502,PPM-3,10,0,30.0,0.0,0.08201029999999321,0.8977595941318008,1.086387049299866,0.34014116903527036,1.4210854715202004e-14
Switch-0.02,6,32,614,502,PPM-3,15,0,45.0,0.0,0.11614029999999786,0.8975370934824857,1.0844813729439151,0.3404858474964234,1.4210854715202004e-14
Switch-0.02,6,32,614,502,PPM-3,20,0,60.0,0.0,0.14821859999999276,0.8972418615447497,1.0825840919811331,0.34079955339127405,2.1316282072803006e-14
Switch-0.02,6,32,614,502,PPM-3,25,0,75.0,0.0,0.18066029999999955,0.896891164118715,1.0806782475709598,0.3410816620502044,1.4210854715202004e-14
Switch-0.02,6,32,614,503,QP+G,0,0,0.0,0.0,4.099999998175008e-06,0.8868989594952358,1.219132052235386,0.3784417548658414,1.4210854715202004e-14
Switch-0.02,6,32,614,503,QP+G,5,0,5.0,5.0,0.2668922000000009,0.8826045074459681,1.1867006480825677,0.3770567363768221,1.4210854715202004e-14
Switch-0.02,6,32,614,503,QP+G,10,0,10.0,10.0,0.5246568999999965,0.8784288512758306,1.148651808553752,0.3731624488050542,2.1316282072803006e-14
Switch-0.02,6,32,614,503,QP+G,15,0,15.0,15.0,0.7981345000000033,0.8756913422838317,1.104621122923438,0.3670777040933772,1.4210854715202004e-14
Switch-0.02,6,32,614,503,QP+G,20,0,20.0,20.0,1.0522969000000018,0.8740001663556939,1.055960712689524,0.35947973125118476,7.105427357601002e-15
Switch-0.02,6,32,614,503,QP+G,25,0,25.0,25.0,1.2950651000000022,0.8735421464999794,1.0033141651971191,0.3510557237917743,1.4210854715202004e-14
Switch-0.02,6,32,614,503,noG,0,0,0.0,0.0,4.900000007523886e-06,0.8868989594952358,1.219132052235386,0.3784417548658414,1.4210854715202004e-14
Switch-0.02,6,32,614,503,noG,5,0,5.0,0.0,0.11102499999999793,0.8805558912020424,1.2062318442851325,0.37755697991942844,2.1316282072803006e-14
Switch-0.02,6,32,614,503,noG,10,0,10.0,0.0,0.2232050000000072,0.8734218857371682,1.1896676094837746,0.37526627957599956,1.4210854715202004e-14
Switch-0.02,6,32,614,503,noG,15,0,15.0,0.0,0.3357000000000028,0.867106067414767,1.1678015373572912,0.3719382671570177,1.4210854715202004e-14
Switch-0.02,6,32,614,503,noG,20,0,20.0,0.0,0.4486997000000059,0.861512050201905,1.1408555202772495,0.36784056300922346,1.4210854715202004e-14
Switch-0.02,6,32,614,503,noG,25,0,25.0,0.0,0.5796444000000065,0.8573267791548909,1.1084046737503328,0.36325638249849673,1.4210854715202004e-14
Switch-0.02,6,32,614,503,PPM-3,0,0,0.0,0.0,5.700000002661909e-06,0.8868989594952358,1.219132052235386,0.3784417548658414,1.4210854715202004e-14
Switch-0.02,6,32,614,503,PPM-3,5,0,15.0,0.0,0.04246100000000297,0.8869274830545465,1.216873856688272,0.3784243598606329,1.4210854715202004e-14
Switch-0.02,6,32,614,503,PPM-3,10,0,30.0,0.0,0.08258899999999869,0.886331449388694,1.215171952129805,0.3783775852816808,1.4210854715202004e-14
Switch-0.02,6,32,614,503,PPM-3,15,0,45.0,0.0,0.11284580000000233,0.8854270257849582,1.2137097825461751,0.3783025905443315,1.4210854715202004e-14
Switch-0.02,6,32,614,503,PPM-3,20,0,60.0,0.0,0.14507209999999304,0.884446877907712,1.2122543257099085,0.37820049038547615,1.4210854715202004e-14
Switch-0.02,6,32,614,503,PPM-3,25,0,75.0,0.0,0.17659179999999708,0.883475334513257,1.2107209294680343,0.3780723527932107,1.4210854715202004e-14
Switch-0.02,6,32,614,504,QP+G,0,0,0.0,0.0,7.799999991675577e-06,0.8766624940769664,1.2815328666588064,0.3061349387563182,2.1316282072803006e-14
Switch-0.02,6,32,614,504,QP+G,5,0,5.0,5.0,0.2550890999999922,0.8806824188018993,1.2640067951316356,0.3047531236053969,2.1316282072803006e-14
Switch-0.02,6,32,614,504,QP+G,10,0,10.0,10.0,0.4912281000000007,0.8841694616398365,1.2467465626504253,0.3032799982628155,1.4210854715202004e-14
Switch-0.02,6,32,614,504,QP+G,15,0,15.0,15.0,0.7442439999999948,0.8871965715646911,1.2297119709183928,0.3017177891913348,1.4210854715202004e-14
Switch-0.02,6,32,614,504,QP+G,20,0,20.0,20.0,0.9835807000000045,0.8891355637503382,1.2135677491421448,0.3000737920787792,1.4210854715202004e-14
Switch-0.02,6,32,614,504,QP+G,25,0,25.0,25.0,1.246284099999997,0.8909202310824516,1.1974195901218987,0.29835966344714304,2.1316282072803006e-14
Switch-0.02,6,32,614,504,noG,0,0,0.0,0.0,3.3000000030369847e-06,0.8766624940769664,1.2815328666588064,0.3061349387563182,2.1316282072803006e-14
Switch-0.02,6,32,614,504,noG,5,0,5.0,0.0,0.09972510000000057,0.8766624940769664,1.2815328666588064,0.3061349387563182,2.1316282072803006e-14
Switch-0.02,6,32,614,504,noG,10,0,10.0,0.0,0.21129580000000203,0.8766624940769664,1.2815328666588064,0.3061349387563182,2.1316282072803006e-14
Switch-0.02,6,32,614,504,noG,15,0,15.0,0.0,0.31110560000000476,0.8766624940769664,1.2815328666588064,0.3061349387563182,2.1316282072803006e-14
Switch-0.02,6,32,614,504,noG,20,0,20.0,0.0,0.4085587000000004,0.8766624940769664,1.2815328666588064,0.3061349387563182,2.1316282072803006e-14
Switch-0.02,6,32,614,504,noG,25,0,25.0,0.0,0.5235655999999977,0.8766624940769664,1.2815328666588064,0.3061349387563182,2.1316282072803006e-14
Switch-0.02,6,32,614,504,PPM-3,0,0,0.0,0.0,4.200000006449045e-06,0.8766624940769664,1.2815328666588064,0.3061349387563182,2.1316282072803006e-14
Switch-0.02,6,32,614,504,PPM-3,5,0,15.0,0.0,0.03860310000000311,0.8780248005230132,1.2803588421435559,0.3068176102082712,1.4210854715202004e-14
Switch-0.02,6,32,614,504,PPM-3,10,0,30.0,0.0,0.0701504999999969,0.8793480020944515,1.279168385409771,0.30750884876404616,2.1316282072803006e-14
Switch-0.02,6,32,614,504,PPM-3,15,0,45.0,0.0,0.10093439999999987,0.8807042014602519,1.277888579335626,0.3082082965076666,1.4210854715202004e-14
Switch-0.02,6,32,614,504,PPM-3,20,0,60.0,0.0,0.1333185999999955,0.8820597589828769,1.2765522431511918,0.3089155514698929,1.4210854715202004e-14
Switch-0.02,6,32,614,504,PPM-3,25,0,75.0,0.0,0.1660765999999967,0.883193252361382,1.2753799730082673,0.3096301663551495,1.4210854715202004e-14
Switch-0.02,6,32,614,505,QP+G,0,0,0.0,0.0,4.39999999457541e-06,0.8839629496599067,1.2012722446431905,0.29593049291350926,1.4210854715202004e-14
Switch-0.02,6,32,614,505,QP+G,5,0,5.0,5.0,0.25651820000000214,0.8873074538662172,1.1871358195669504,0.29385691124391183,1.4210854715202004e-14
Switch-0.02,6,32,614,505,QP+G,10,0,10.0,10.0,0.49893919999999525,0.8906184349439099,1.1727082202475276,0.2917374994460511,1.4210854715202004e-14
Switch-0.02,6,32,614,505,QP+G,15,0,15.0,15.0,0.7526404999999983,0.8935680735175879,1.1583530913579663,0.28958407530172575,1.4210854715202004e-14
Switch-0.02,6,32,614,505,QP+G,20,0,20.0,20.0,1.0100304999999992,0.8962541222507819,1.1440117229397604,0.2874104522749956,1.4210854715202004e-14
Switch-0.02,6,32,614,505,QP+G,25,0,25.0,25.0,1.2472312000000016,0.8988687096082824,1.129533388341511,0.28523202713777135,1.4210854715202004e-14
Switch-0.02,6,32,614,505,noG,0,0,0.0,0.0,4.300000000512227e-06,0.8839629496599067,1.2012722446431905,0.29593049291350926,1.4210854715202004e-14
Switch-0.02,6,32,614,505,noG,5,0,5.0,0.0,0.11333630000000028,0.8839629496599067,1.2012722446431905,0.29593049291350926,1.4210854715202004e-14
Switch-0.02,6,32,614,505,noG,10,0,10.0,0.0,0.2152265,0.8839629496599067,1.2012722446431905,0.29593049291350926,1.4210854715202004e-14
Switch-0.02,6,32,614,505,noG,15,0,15.0,0.0,0.32213720000000023,0.8839629496599067,1.2012722446431905,0.29593049291350926,1.4210854715202004e-14
Switch-0.02,6,32,614,505,noG,20,0,20.0,0.0,0.4319614000000058,0.8839629496599067,1.2012722446431905,0.29593049291350926,1.4210854715202004e-14
Switch-0.02,6,32,614,505,noG,25,0,25.0,0.0,0.5396168000000046,0.8839629496599067,1.2012722446431905,0.29593049291350926,1.4210854715202004e-14
Switch-0.02,6,32,614,505,PPM-3,0,0,0.0,0.0,4.0000000041118255e-06,0.8839629496599067,1.2012722446431905,0.29593049291350926,1.4210854715202004e-14
Switch-0.02,6,32,614,505,PPM-3,5,0,15.0,0.0,0.031783599999997136,0.8843856815048433,1.2008672942873986,0.2966229714219486,1.4210854715202004e-14
Switch-0.02,6,32,614,505,PPM-3,10,0,30.0,0.0,0.06375370000000657,0.8848321392573377,1.2003913989321966,0.29732669961461733,1.4210854715202004e-14
Switch-0.02,6,32,614,505,PPM-3,15,0,45.0,0.0,0.09395279999999673,0.8853031685042564,1.1998427932835827,0.29804143769362246,1.4210854715202004e-14
Switch-0.02,6,32,614,505,PPM-3,20,0,60.0,0.0,0.12633799999998985,0.8857921915060317,1.1992271254952707,0.2987669105548539,1.4210854715202004e-14
Switch-0.02,6,32,614,505,PPM-3,25,0,75.0,0.0,0.1585915000000142,0.886007740394334,1.1988349247277563,0.29950280848079464,1.4210854715202004e-14
Switch-0.02,6,32,614,506,QP+G,0,0,0.0,0.0,3.800000001774606e-06,0.8849287440114936,1.092609867650081,0.27763883088311464,1.4210854715202004e-14
Switch-0.02,6,32,614,506,QP+G,5,0,5.0,5.0,0.2662950000000137,0.8881374944527576,1.082083377974076,0.27727902191885473,2.1316282072803006e-14
Switch-0.02,6,32,614,506,QP+G,10,0,10.0,10.0,0.5318891000000008,0.8910640991566638,1.071675472826949,0.2768602760286466,1.4210854715202004e-14
Switch-0.02,6,32,614,506,QP+G,15,0,15.0,15.0,0.817799100000002,0.8938462135618364,1.0612578007683982,0.2763861531246181,1.4210854715202004e-14
Switch-0.02,6,32,614,506,QP+G,20,0,20.0,20.0,1.08066629999999,0.8965476041626113,1.0507759433181074,0.27586737900078534,1.4210854715202004e-14
Switch-0.02,6,32,614,506,QP+G,25,0,25.0,25.0,1.3455611999999917,0.8991603489817952,1.0402463077615343,0.2753225719575382,2.1316282072803006e-14
Switch-0.02,6,32,614,506,noG,0,0,0.0,0.0,3.2000000089738023e-06,0.8849287440114936,1.092609867650081,0.27763883088311464,1.4210854715202004e-14
Switch-0.02,6,32,614,506,noG,5,0,5.0,0.0,0.1135971000000211,0.8849287440114936,1.092609867650081,0.27763883088311464,1.4210854715202004e-14
Switch-0.02,6,32,614,506,noG,10,0,10.0,0.0,0.232927200000006,0.8849287440114936,1.092609867650081,0.27763883088311464,1.4210854715202004e-14
Switch-0.02,6,32,614,506,noG,15,0,15.0,0.0,0.3448686000000123,0.8849287440114936,1.092609867650081,0.27763883088311464,1.4210854715202004e-14
Switch-0.02,6,32,614,506,noG,20,0,20.0,0.0,0.4705055000000016,0.8849287440114936,1.092609867650081,0.27763883088311464,1.4210854715202004e-14
Switch-0.02,6,32,614,506,noG,25,0,25.0,0.0,0.5935826000000191,0.8849287440114936,1.092609867650081,0.27763883088311464,1.4210854715202004e-14
Switch-0.02,6,32,614,506,PPM-3,0,0,0.0,0.0,3.500000019585059e-06,0.8849287440114936,1.092609867650081,0.27763883088311464,1.4210854715202004e-14
Switch-0.02,6,32,614,506,PPM-3,5,0,15.0,0.0,0.03175490000000991,0.8867874010603892,1.0913549471299135,0.27841942889604027,1.4210854715202004e-14
Switch-0.02,6,32,614,506,PPM-3,10,0,30.0,0.0,0.0633299000000136,0.8885015906217512,1.0902124304574121,0.27921166966408045,1.4210854715202004e-14
Switch-0.02,6,32,614,506,PPM-3,15,0,45.0,0.0,0.09578680000001327,0.8902203135659872,1.0890323987683188,0.2800148612661379,1.4210854715202004e-14
Switch-0.02,6,32,614,506,PPM-3,20,0,60.0,0.0,0.12786000000002673,0.8919377931425474,1.0878197099793299,0.28082827370152985,2.1316282072803006e-14
Switch-0.02,6,32,614,506,PPM-3,25,0,75.0,0.0,0.1591547000000162,0.8936619264532006,1.0865655480189567,0.28165114240677086,1.4210854715202004e-14
Switch-0.02,6,32,614,507,QP+G,0,0,0.0,0.0,3.800000001774606e-06,0.8775871151514686,1.1224522273346422,0.2976763012215012,1.4210854715202004e-14
Switch-0.02,6,32,614,507,QP+G,5,0,5.0,5.0,0.2639297000000056,0.8791720523834955,1.1054722911686268,0.29465282833695317,2.1316282072803006e-14
Switch-0.02,6,32,614,507,QP+G,10,0,10.0,10.0,0.5116526000000192,0.880484107906582,1.088940521351403,0.2917923587330422,1.4210854715202004e-14
Switch-0.02,6,32,614,507,QP+G,15,0,15.0,15.0,0.7556670000000167,0.8810544685872522,1.0733339164515039,0.2891212053400969,1.4210854715202004e-14
Switch-0.02,6,32,614,507,QP+G,20,0,20.0,20.0,1.0069864000000166,0.8813188407940215,1.0582201550220898,0.28666230266118764,1.4210854715202004e-14
Switch-0.02,6,32,614,507,QP+G,25,0,25.0,25.0,1.261223000000001,0.8815661913923073,1.0433090145154198,0.2844347562845237,1.4210854715202004e-14
Switch-0.02,6,32,614,507,noG,0,0,0.0,0.0,3.3000000030369847e-06,0.8775871151514686,1.1224522273346422,0.2976763012215012,1.4210854715202004e-14
Switch-0.02,6,32,614,507,noG,5,0,5.0,0.0,0.10430089999999836,0.8775871151514686,1.1224522273346422,0.2976763012215012,1.4210854715202004e-14
Switch-0.02,6,32,614,507,noG,10,0,10.0,0.0,0.2068083999999999,0.8775871151514686,1.1224522273346422,0.2976763012215012,1.4210854715202004e-14
Switch-0.02,6,32,614,507,noG,15,0,15.0,0.0,0.306716200000011,0.8775871151514686,1.1224522273346422,0.2976763012215012,1.4210854715202004e-14
Switch-0.02,6,32,614,507,noG,20,0,20.0,0.0,0.41345029999999383,0.8775871151514686,1.1224522273346422,0.2976763012215012,1.4210854715202004e-14
Switch-0.02,6,32,614,507,noG,25,0,25.0,0.0,0.518273899999997,0.8775871151514686,1.1224522273346422,0.2976763012215012,1.4210854715202004e-14
Switch-0.02,6,32,614,507,PPM-3,0,0,0.0,0.0,5.200000003924288e-06,0.8775871151514686,1.1224522273346422,0.2976763012215012,1.4210854715202004e-14
Switch-0.02,6,32,614,507,PPM-3,5,0,15.0,0.0,0.030557600000008733,0.8773727358319703,1.1219435533626279,0.29845101050662554,2.1316282072803006e-14
Switch-0.02,6,32,614,507,PPM-3,10,0,30.0,0.0,0.06288530000000492,0.8771404024281529,1.1213871651664955,0.2992209659422076,2.1316282072803006e-14
Switch-0.02,6,32,614,507,PPM-3,15,0,45.0,0.0,0.09567269999999439,0.8768770269093559,1.1207956501011291,0.29998570286688536,1.4210854715202004e-14
Switch-0.02,6,32,614,507,PPM-3,20,0,60.0,0.0,0.12701999999998748,0.8765579554269952,1.120193182840981,0.3007447489072737,2.1316282072803006e-14
Switch-0.02,6,32,614,507,PPM-3,25,0,75.0,0.0,0.15989139999999225,0.8761304625712257,1.1196320320523854,0.301497624110068,2.1316282072803006e-14
Switch-0.02,6,32,614,508,QP+G,0,0,0.0,0.0,4.899999993313031e-06,0.8813992197551358,0.9970066549653543,0.305471603861836,1.0658141036401503e-14
Switch-0.02,6,32,614,508,QP+G,5,0,5.0,5.0,0.255147600000015,0.8832634399017825,0.9734439855336956,0.3046155284265115,1.4210854715202004e-14
Switch-0.02,6,32,614,508,QP+G,10,0,10.0,10.0,0.5080732000000125,0.8836003212581885,0.9485052180272432,0.3032487261678247,1.4210854715202004e-14
Switch-0.02,6,32,614,508,QP+G,15,0,15.0,15.0,0.7518391000000122,0.8835808584989311,0.9209543432946794,0.3010737990686404,1.4210854715202004e-14
Switch-0.02,6,32,614,508,QP+G,20,0,20.0,20.0,1.012802800000003,0.8835704549549558,0.8905050889276586,0.297963929647153,1.4210854715202004e-14
Switch-0.02,6,32,614,508,QP+G,25,0,25.0,25.0,1.262266799999992,0.8841655231235994,0.8568046546795498,0.2939109016271963,1.4210854715202004e-14
Switch-0.02,6,32,614,508,noG,0,0,0.0,0.0,3.399999997100167e-06,0.8813992197551358,0.9970066549653543,0.305471603861836,1.0658141036401503e-14
Switch-0.02,6,32,614,508,noG,5,0,5.0,0.0,0.10436939999999595,0.8826588583715496,0.9818854372613399,0.3041829274980684,1.0658141036401503e-14
Switch-0.02,6,32,614,508,noG,10,0,10.0,0.0,0.20568529999999896,0.8819661646867964,0.9666750020010644,0.302638222586602,2.1316282072803006e-14
Switch-0.02,6,32,614,508,noG,15,0,15.0,0.0,0.3107038999999929,0.8805944626320115,0.9499495383916912,0.30075699147008206,1.4210854715202004e-14
Switch-0.02,6,32,614,508,noG,20,0,20.0,0.0,0.4110187999999937,0.8787106111685301,0.931407353345848,0.2984910693758103,2.1316282072803006e-14
Switch-0.02,6,32,614,508,noG,25,0,25.0,0.0,0.5163930999999877,0.8767305059052746,0.9105276143514802,0.2958775497284595,1.4210854715202004e-14
Switch-0.02,6,32,614,508,PPM-3,0,0,0.0,0.0,3.199999980552093e-06,0.8813992197551358,0.9970066549653543,0.305471603861836,1.0658141036401503e-14
Switch-0.02,6,32,614,508,PPM-3,5,0,15.0,0.0,0.04222829999997657,0.8816774794577154,0.9950737869781594,0.30532437719933875,1.4210854715202004e-14
Switch-0.02,6,32,614,508,PPM-3,10,0,30.0,0.0,0.07573649999997656,0.8819527326652065,0.993113849959587,0.30517367906836146,2.1316282072803006e-14
Switch-0.02,6,32,614,508,PPM-3,15,0,45.0,0.0,0.10945869999997626,0.8822249034093784,0.991126603858565,0.30501949317362304,1.4210854715202004e-14
Switch-0.02,6,32,614,508,PPM-3,20,0,60.0,0.0,0.14296889999999962,0.8824053145162545,0.9892004102455649,0.3048617743824918,1.4210854715202004e-14
Switch-0.02,6,32,614,508,PPM-3,25,0,75.0,0.0,0.1761945999999739,0.8825383896892289,0.987290530483063,0.3047004506809073,2.1316282072803006e-14
Switch-0.02,6,32,614,509,QP+G,0,0,0.0,0.0,3.800000001774606e-06,0.8830599669949536,1.3058049212452767,0.30382578234341145,7.105427357601002e-15
Switch-0.02,6,32,614,509,QP+G,5,0,5.0,5.0,0.2728102000000092,0.8830599669949536,1.3058049212452767,0.30382578234341145,7.105427357601002e-15
Switch-0.02,6,32,614,509,QP+G,10,0,10.0,10.0,0.5306494000000157,0.8830599669949536,1.3058049212452767,0.30382578234341145,7.105427357601002e-15
Switch-0.02,6,32,614,509,QP+G,15,0,15.0,15.0,0.7975111000000084,0.8830599669949536,1.3058049212452767,0.30382578234341145,7.105427357601002e-15
Switch-0.02,6,32,614,509,QP+G,20,0,20.0,20.0,1.0630256999999972,0.8830599669949536,1.3058049212452767,0.30382578234341145,7.105427357601002e-15
Switch-0.02,6,32,614,509,QP+G,25,0,25.0,25.0,1.3180633000000057,0.8830599669949536,1.3058049212452767,0.30382578234341145,7.105427357601002e-15
Switch-0.02,6,32,614,509,noG,0,0,0.0,0.0,3.6000000136482413e-06,0.8830599669949536,1.3058049212452767,0.30382578234341145,7.105427357601002e-15
Switch-0.02,6,32,614,509,noG,5,0,5.0,0.0,0.11063570000001732,0.8830599669949536,1.3058049212452767,0.30382578234341145,7.105427357601002e-15
Switch-0.02,6,32,614,509,noG,10,0,10.0,0.0,0.22766520000001833,0.8830599669949536,1.3058049212452767,0.30382578234341145,7.105427357601002e-15
Switch-0.02,6,32,614,509,noG,15,0,15.0,0.0,0.33278460000002497,0.8830599669949536,1.3058049212452767,0.30382578234341145,7.105427357601002e-15
Switch-0.02,6,32,614,509,noG,20,0,20.0,0.0,0.44275000000001796,0.8830599669949536,1.3058049212452767,0.30382578234341145,7.105427357601002e-15
Switch-0.02,6,32,614,509,noG,25,0,25.0,0.0,0.555803300000008,0.8830599669949536,1.3058049212452767,0.30382578234341145,7.105427357601002e-15
Switch-0.02,6,32,614,509,PPM-3,0,0,0.0,0.0,3.399999997100167e-06,0.8830599669949536,1.3058049212452767,0.30382578234341145,7.105427357601002e-15
Switch-0.02,6,32,614,509,PPM-3,5,0,15.0,0.0,0.03396459999999024,0.8831087656826668,1.304984551263691,0.3046322781875811,1.4210854715202004e-14
Switch-0.02,6,32,614,509,PPM-3,10,0,30.0,0.0,0.06726710000000935,0.8831692273006161,1.3041211591638553,0.3054413744496931,2.1316282072803006e-14
Switch-0.02,6,32,614,509,PPM-3,15,0,45.0,0.0,0.10101549999998838,0.8832416225167974,1.3032140896465567,0.3062530450265332,2.1316282072803006e-14
Switch-0.02,6,32,614,509,PPM-3,20,0,60.0,0.0,0.13454920000000925,0.88332622585759,1.3022626867884062,0.3070672498966372,1.4210854715202004e-14
Switch-0.02,6,32,614,509,PPM-3,25,0,75.0,0.0,0.16825679999999466,0.883423315693436,1.3012662941839208,0.3078839345589661,2.1316282072803006e-14
Switch-0.02,6,32,614,510,QP+G,0,0,0.0,0.0,3.6000000136482413e-06,0.8922660619808155,1.1126544553389945,0.3124129220779642,2.1316282072803006e-14
Switch-0.02,6,32,614,510,QP+G,5,0,5.0,5.0,0.27381350000001703,0.896908236728162,1.0911442291715665,0.3058686853578368,7.105427357601002e-15
Switch-0.02,6,32,614,510,QP+G,10,0,10.0,10.0,0.560516100000001,0.9012410254785774,1.0702506670019627,0.29925730974820336,1.4210854715202004e-14
Switch-0.02,6,32,614,510,QP+G,15,0,15.0,15.0,0.8189360000000079,0.9053805669086079,1.0499468987445204,0.29268471823636294,1.4210854715202004e-14
Switch-0.02,6,32,614,510,QP+G,20,0,20.0,20.0,1.074392500000016,0.9092474286269716,1.0303848405970573,0.28624980467991157,2.1316282072803006e-14
Switch-0.02,6,32,614,510,QP+G,25,0,25.0,25.0,1.3223977000000104,0.9126517900247447,1.011804595739057,0.2800398989065021,1.4210854715202004e-14
Switch-0.02,6,32,614,510,noG,0,0,0.0,0.0,4.899999993313031e-06,0.8922660619808155,1.1126544553389945,0.3124129220779642,2.1316282072803006e-14
Switch-0.02,6,32,614,510,noG,5,0,5.0,0.0,0.10986769999999524,0.8922660619808155,1.1126544553389945,0.3124129220779642,2.1316282072803006e-14
Switch-0.02,6,32,614,510,noG,10,0,10.0,0.0,0.21934339999998542,0.8922660619808155,1.1126544553389945,0.3124129220779642,2.1316282072803006e-14
Switch-0.02,6,32,614,510,noG,15,0,15.0,0.0,0.33278960000001234,0.8922660619808155,1.1126544553389945,0.3124129220779642,2.1316282072803006e-14
Switch-0.02,6,32,614,510,noG,20,0,20.0,0.0,0.44724819999999,0.8922660619808155,1.1126544553389945,0.3124129220779642,2.1316282072803006e-14
Switch-0.02,6,32,614,510,noG,25,0,25.0,0.0,0.5630285000000015,0.8922660619808155,1.1126544553389945,0.3124129220779642,2.1316282072803006e-14
Switch-0.02,6,32,614,510,PPM-3,0,0,0.0,0.0,5.29999999798747e-06,0.8922660619808155,1.1126544553389945,0.3124129220779642,2.1316282072803006e-14
Switch-0.02,6,32,614,510,PPM-3,5,0,15.0,0.0,0.03248239999999214,0.8924359630669689,1.1119881801674627,0.3131407297051305,1.4210854715202004e-14
Switch-0.02,6,32,614,510,PPM-3,10,0,30.0,0.0,0.06385349999999335,0.8926314613554186,1.1112286016080186,0.31386127805128416,2.1316282072803006e-14
Switch-0.02,6,32,614,510,PPM-3,15,0,45.0,0.0,0.09699860000000626,0.8928245657829315,1.1103968406878677,0.31457407411443195,1.4210854715202004e-14
Switch-0.02,6,32,614,510,PPM-3,20,0,60.0,0.0,0.13038900000000808,0.893029279120092,1.109477553609967,0.315278577078054,2.1316282072803006e-14
Switch-0.02,6,32,614,510,PPM-3,25,0,75.0,0.0,0.1641197999999804,0.8932601298840596,1.1084548890423962,0.3159742009848165,2.1316282072803006e-14
Switch-0.02,6,32,614,511,QP+G,0,0,0.0,0.0,4.100000012385863e-06,0.8744321104021094,1.3334395081148287,0.3024035324107981,1.4210854715202004e-14
Switch-0.02,6,32,614,511,QP+G,5,0,5.0,5.0,0.2502190000000155,0.8771295141703602,1.31349738767996,0.300911386049053,1.4210854715202004e-14
Switch-0.02,6,32,614,511,QP+G,10,0,10.0,10.0,0.4886938000000214,0.8798255423474981,1.2934105884914653,0.29928763363527594,7.105427357601002e-15
Switch-0.02,6,32,614,511,QP+G,15,0,15.0,15.0,0.7410201000000143,0.8823883976798478,1.2733471954966267,0.2975281757885735,1.4210854715202004e-14
Switch-0.02,6,32,614,511,QP+G,20,0,20.0,20.0,1.1350351000000103,0.8849829951948369,1.2531811882276778,0.2956307969615844,1.4210854715202004e-14
Switch-0.02,6,32,614,511,QP+G,25,0,25.0,25.0,1.3812779000000148,0.8872484337728406,1.2333143763502676,0.2935952891441401,1.0658141036401503e-14
Switch-0.02,6,32,614,511,noG,0,0,0.0,0.0,4.500000017060302e-06,0.8744321104021094,1.3334395081148287,0.3024035324107981,1.4210854715202004e-14
Switch-0.02,6,32,614,511,noG,5,0,5.0,0.0,0.10335860000000707,0.8744321104021094,1.3334395081148287,0.3024035324107981,1.4210854715202004e-14
Switch-0.02,6,32,614,511,noG,10,0,10.0,0.0,0.20743699999999876,0.8744321104021094,1.3334395081148287,0.3024035324107981,1.4210854715202004e-14
Switch-0.02,6,32,614,511,noG,15,0,15.0,0.0,0.31566870000000335,0.8744321104021094,1.3334395081148287,0.3024035324107981,1.4210854715202004e-14
Switch-0.02,6,32,614,511,noG,20,0,20.0,0.0,0.4194313000000136,0.8744321104021094,1.3334395081148287,0.3024035324107981,1.4210854715202004e-14
Switch-0.02,6,32,614,511,noG,25,0,25.0,0.0,0.5223798000000102,0.8744321104021094,1.3334395081148287,0.3024035324107981,1.4210854715202004e-14
Switch-0.02,6,32,614,511,PPM-3,0,0,0.0,0.0,1.6899999991437653e-05,0.8744321104021094,1.3334395081148287,0.3024035324107981,1.4210854715202004e-14
Switch-0.02,6,32,614,511,PPM-3,5,0,15.0,0.0,0.03077110000000971,0.8751953509911243,1.330864524384122,0.30327474741484045,1.4210854715202004e-14
Switch-0.02,6,32,614,511,PPM-3,10,0,30.0,0.0,0.06224770000000035,0.8759776958301668,1.3281948369380083,0.3041516929984023,1.4210854715202004e-14
Switch-0.02,6,32,614,511,PPM-3,15,0,45.0,0.0,0.09208190000001082,0.8767795445616643,1.3254294544591478,0.30503426494837543,1.4210854715202004e-14
Switch-0.02,6,32,614,511,PPM-3,20,0,60.0,0.0,0.12482819999999606,0.8776013025689423,1.3225673919525822,0.3059223181272269,1.4210854715202004e-14
Switch-0.02,6,32,614,511,PPM-3,25,0,75.0,0.0,0.15826799999999253,0.8784433808272447,1.3196076722969385,0.3068156651428863,1.4210854715202004e-14
Switch-0.06,6,32,614,500,QP+G,0,0,0.0,0.0,3.999999989900971e-06,0.8439987120495632,1.0853457426543458,0.2574816438328526,1.4210854715202004e-14
Switch-0.06,6,32,614,500,QP+G,5,0,5.0,5.0,0.25664919999999825,0.8467876410623421,1.0721754825072993,0.25548204346994197,2.1316282072803006e-14
Switch-0.06,6,32,614,500,QP+G,10,0,10.0,10.0,0.5165639999999883,0.849547395129643,1.0591901852069552,0.25348921806407365,1.4210854715202004e-14
Switch-0.06,6,32,614,500,QP+G,15,0,15.0,15.0,0.7653104999999982,0.8521961595391322,1.046477334247169,0.2515118235488103,1.4210854715202004e-14
Switch-0.06,6,32,614,500,QP+G,20,0,20.0,20.0,1.0231257000000085,0.8548391554621126,1.0339363336116394,0.24955804498748746,1.4210854715202004e-14
Switch-0.06,6,32,614,500,QP+G,25,0,25.0,25.0,1.2723038999999972,0.8574168635267118,1.0216303567405358,0.2476354714811901,1.4210854715202004e-14
Switch-0.06,6,32,614,500,noG,0,0,0.0,0.0,3.6999999792897142e-06,0.8439987120495632,1.0853457426543458,0.2574816438328526,1.4210854715202004e-14
Switch-0.06,6,32,614,500,noG,5,0,5.0,0.0,0.11440079999999853,0.8439987120495632,1.0853457426543458,0.2574816438328526,1.4210854715202004e-14
Switch-0.06,6,32,614,500,noG,10,0,10.0,0.0,0.2299428999999975,0.8439987120495632,1.0853457426543458,0.2574816438328526,1.4210854715202004e-14
Switch-0.06,6,32,614,500,noG,15,0,15.0,0.0,0.3359456000000023,0.8439987120495632,1.0853457426543458,0.2574816438328526,1.4210854715202004e-14
Switch-0.06,6,32,614,500,noG,20,0,20.0,0.0,0.44155250000000024,0.8439987120495632,1.0853457426543458,0.2574816438328526,1.4210854715202004e-14
Switch-0.06,6,32,614,500,noG,25,0,25.0,0.0,0.5501087999999754,0.8439987120495632,1.0853457426543458,0.2574816438328526,1.4210854715202004e-14
Switch-0.06,6,32,614,500,PPM-3,0,0,0.0,0.0,4.300000000512227e-06,0.8439987120495632,1.0853457426543458,0.2574816438328526,1.4210854715202004e-14
Switch-0.06,6,32,614,500,PPM-3,5,0,15.0,0.0,0.03943010000000413,0.8446397207102267,1.0853592751370524,0.2577579818989717,1.4210854715202004e-14
Switch-0.06,6,32,614,500,PPM-3,10,0,30.0,0.0,0.0709878000000117,0.8452272511627051,1.0853815808919878,0.2580433405395362,1.4210854715202004e-14
Switch-0.06,6,32,614,500,PPM-3,15,0,45.0,0.0,0.10344259999999394,0.8456286038959203,1.0855447752913876,0.2583375951623187,1.4210854715202004e-14
Switch-0.06,6,32,614,500,PPM-3,20,0,60.0,0.0,0.1349632000000156,0.8460151763731091,1.0856768853004461,0.2586406098070058,1.4210854715202004e-14
Switch-0.06,6,32,614,500,PPM-3,25,0,75.0,0.0,0.16784599999999728,0.8464120191334153,1.0857522937750388,0.25895223727578254,1.4210854715202004e-14
Switch-0.06,6,32,614,501,QP+G,0,0,0.0,0.0,8.000000008223651e-06,0.8688397051531288,1.1062519814221297,0.3407767664141697,1.4210854715202004e-14
Switch-0.06,6,32,614,501,QP+G,5,0,5.0,5.0,0.261506699999984,0.8715846253836569,1.0864096664412357,0.33874118135381837,1.4210854715202004e-14
Switch-0.06,6,32,614,501,QP+G,10,0,10.0,10.0,0.5346773999999925,0.8737356211377894,1.0673441207187029,0.3366726441085515,1.4210854715202004e-14
Switch-0.06,6,32,614,501,QP+G,15,0,15.0,15.0,0.7906998999999928,0.8754956646520727,1.0488946621365245,0.33454753980417545,1.4210854715202004e-14
Switch-0.06,6,32,614,501,QP+G,20,0,20.0,20.0,1.0568846999999835,0.8767965223686253,1.0311730580872007,0.3323458238471089,1.4210854715202004e-14
Switch-0.06,6,32,614,501,QP+G,25,0,25.0,25.0,1.3143407999999965,0.8780486819686529,1.0138117255292425,0.3300490925623258,1.4210854715202004e-14
Switch-0.06,6,32,614,501,noG,0,0,0.0,0.0,3.8999999958377884e-06,0.8688397051531288,1.1062519814221297,0.3407767664141697,1.4210854715202004e-14
Switch-0.06,6,32,614,501,noG,5,0,5.0,0.0,0.11388110000001461,0.8688397051531288,1.1062519814221297,0.3407767664141697,1.4210854715202004e-14
Switch-0.06,6,32,614,501,noG,10,0,10.0,0.0,0.2216432000000168,0.8688397051531288,1.1062519814221297,0.3407767664141697,1.4210854715202004e-14
Switch-0.06,6,32,614,501,noG,15,0,15.0,0.0,0.32747660000001133,0.8688397051531288,1.1062519814221297,0.3407767664141697,1.4210854715202004e-14
Switch-0.06,6,32,614,501,noG,20,0,20.0,0.0,0.4302102999999988,0.8688397051531288,1.1062519814221297,0.3407767664141697,1.4210854715202004e-14
Switch-0.06,6,32,614,501,noG,25,0,25.0,0.0,0.5395866000000069,0.8688397051531288,1.1062519814221297,0.3407767664141697,1.4210854715202004e-14
Switch-0.06,6,32,614,501,PPM-3,0,0,0.0,0.0,3.6000000136482413e-06,0.8688397051531288,1.1062519814221297,0.3407767664141697,1.4210854715202004e-14
Switch-0.06,6,32,614,501,PPM-3,5,0,15.0,0.0,0.032247200000000475,0.8680281909588499,1.105934404710519,0.3412580275553019,2.1316282072803006e-14
Switch-0.06,6,32,614,501,PPM-3,10,0,30.0,0.0,0.06398280000001932,0.8671491180060739,1.1056135265559779,0.34171065993095406,1.0658141036401503e-14
Switch-0.06,6,32,614,501,PPM-3,15,0,45.0,0.0,0.09655920000000151,0.8661881901318982,1.105302928889533,0.3421348999246027,1.4210854715202004e-14
Switch-0.06,6,32,614,501,PPM-3,20,0,60.0,0.0,0.13116189999999506,0.8652527721262049,1.1048945681461735,0.3425310169069951,2.1316282072803006e-14
Switch-0.06,6,32,614,501,PPM-3,25,0,75.0,0.0,0.16659580000001029,0.8643432819832466,1.1043873842264302,0.34289930882338043,1.4210854715202004e-14
Switch-0.06,6,32,614,502,QP+G,0,0,0.0,0.0,3.6999999792897142e-06,0.8644792656660241,1.1125629820188951,0.3402793439699158,2.1316282072803006e-14
Switch-0.06,6,32,614,502,QP+G,5,0,5.0,5.0,0.2571389999999951,0.8683759493355034,1.0926054387891802,0.33439675144973174,2.1316282072803006e-14
Switch-0.06,6,32,614,502,QP+G,10,0,10.0,10.0,0.5257648999999844,0.8719256915926586,1.0731635593855269,0.3283319544752291,1.4210854715202004e-14
Switch-0.06,6,32,614,502,QP+G,15,0,15.0,15.0,0.7859838999999909,0.8752595912341772,1.0541690173283094,0.3221180210659627,2.1316282072803006e-14
Switch-0.06,6,32,614,502,QP+G,20,0,20.0,20.0,1.0548359999999946,0.8785003547955026,1.0355594434689144,0.3157975628778122,1.4210854715202004e-14
Switch-0.06,6,32,614,502,QP+G,25,0,25.0,25.0,1.3092584000000045,0.8814925521494712,1.017545705626413,0.30942009429277995,1.4210854715202004e-14
Switch-0.06,6,32,614,502,noG,0,0,0.0,0.0,1.0099999997237319e-05,0.8644792656660241,1.1125629820188951,0.3402793439699158,2.1316282072803006e-14
Switch-0.06,6,32,614,502,noG,5,0,5.0,0.0,0.11646389999998519,0.8644792656660241,1.1125629820188951,0.3402793439699158,2.1316282072803006e-14
Switch-0.06,6,32,614,502,noG,10,0,10.0,0.0,0.2260042999999996,0.8644792656660241,1.1125629820188951,0.3402793439699158,2.1316282072803006e-14
Switch-0.06,6,32,614,502,noG,15,0,15.0,0.0,0.33294409999999175,0.8644792656660241,1.1125629820188951,0.3402793439699158,2.1316282072803006e-14
Switch-0.06,6,32,614,502,noG,20,0,20.0,0.0,0.4409643999999844,0.8644792656660241,1.1125629820188951,0.3402793439699158,2.1316282072803006e-14
Switch-0.06,6,32,614,502,noG,25,0,25.0,0.0,0.5655744999999968,0.8644792656660241,1.1125629820188951,0.3402793439699158,2.1316282072803006e-14
Switch-0.06,6,32,614,502,PPM-3,0,0,0.0,0.0,4.39999999457541e-06,0.8644792656660241,1.1125629820188951,0.3402793439699158,2.1316282072803006e-14
Switch-0.06,6,32,614,502,PPM-3,5,0,15.0,0.0,0.03152839999998491,0.8643656771817672,1.1106775830087072,0.3407837619307593,1.4210854715202004e-14
Switch-0.06,6,32,614,502,PPM-3,10,0,30.0,0.0,0.0618032999999798,0.8641535369756137,1.1088253885068025,0.3412598584647734,2.1316282072803006e-14
Switch-0.06,6,32,614,502,PPM-3,15,0,45.0,0.0,0.09469899999999143,0.8639395950530667,1.106909867709748,0.3417069498721783,1.4210854715202004e-14
Switch-0.06,6,32,614,502,PPM-3,20,0,60.0,0.0,0.12855839999997443,0.8636561854344414,1.1049989358465049,0.34212436967493803,1.4210854715202004e-14
Switch-0.06,6,32,614,502,PPM-3,25,0,75.0,0.0,0.16084920000000125,0.8633170587788762,1.1030791220510952,0.3425114714030799,1.4210854715202004e-14
Switch-0.06,6,32,614,503,QP+G,0,0,0.0,0.0,3.3000000030369847e-06,0.8550526989726649,1.2398116460912916,0.3773973305362094,2.1316282072803006e-14
Switch-0.06,6,32,614,503,QP+G,5,0,5.0,5.0,0.25954920000000925,0.8506373722120202,1.2074893264092363,0.37691672666963033,1.4210854715202004e-14
Switch-0.06,6,32,614,503,QP+G,10,0,10.0,10.0,0.5107968000000085,0.8464391662206318,1.169353216753576,0.3739051628584136,1.4210854715202004e-14
Switch-0.06,6,32,614,503,QP+G,15,0,15.0,15.0,0.7510096999999973,0.843772069745088,1.1250321547501132,0.36860033982659546,1.4210854715202004e-14
Switch-0.06,6,32,614,503,QP+G,20,0,20.0,20.0,0.9886463999999933,0.8422475092669448,1.0758853370963957,0.36164044271000506,1.4210854715202004e-14
Switch-0.06,6,32,614,503,QP+G,25,0,25.0,25.0,1.2348296000000119,0.8420190236646674,1.0226053948004323,0.35373774958177323,2.1316282072803006e-14
Switch-0.06,6,32,614,503,noG,0,0,0.0,0.0,3.999999989900971e-06,0.8550526989726649,1.2398116460912916,0.3773973305362094,2.1316282072803006e-14
Switch-0.06,6,32,614,503,noG,5,0,5.0,0.0,0.11406139999999709,0.8485895656448161,1.2270327338407883,0.377504004328995,1.4210854715202004e-14
Switch-0.06,6,32,614,503,noG,10,0,10.0,0.0,0.21188000000000784,0.8414437898778584,1.210477862376594,0.37611176306363653,1.4210854715202004e-14
Switch-0.06,6,32,614,503,noG,15,0,15.0,0.0,0.3119643999999937,0.8351991643157932,1.1885224168520665,0.37357559774467464,1.4210854715202004e-14
Switch-0.06,6,32,614,503,noG,20,0,20.0,0.0,0.4167434999999955,0.829770098233837,1.1613658837983134,0.3701451510886578,2.1316282072803006e-14
Switch-0.06,6,32,614,503,noG,25,0,25.0,0.0,0.5203070000000025,0.8258144662661743,1.1286040746290529,0.3660857527832888,1.4210854715202004e-14
Switch-0.06,6,32,614,503,PPM-3,0,0,0.0,0.0,3.500000019585059e-06,0.8550526989726649,1.2398116460912916,0.3773973305362094,2.1316282072803006e-14
Switch-0.06,6,32,614,503,PPM-3,5,0,15.0,0.0,0.033624500000001944,0.8550501007985508,1.2375846167567799,0.3775078612427637,1.4210854715202004e-14
Switch-0.06,6,32,614,503,PPM-3,10,0,30.0,0.0,0.06700280000001158,0.8544394069234393,1.2358974766041302,0.37758788617494465,1.4210854715202004e-14
Switch-0.06,6,32,614,503,PPM-3,15,0,45.0,0.0,0.09947999999999979,0.8535218049996524,1.2344486290174865,0.3776385090924982,1.4210854715202004e-14
Switch-0.06,6,32,614,503,PPM-3,20,0,60.0,0.0,0.1314019000000144,0.8525257954969974,1.2330091960260814,0.3776607953804844,1.0658141036401503e-14
Switch-0.06,6,32,614,503,PPM-3,25,0,75.0,0.0,0.16468000000000416,0.8515402169362954,1.2314899941123407,0.37765576922013305,2.1316282072803006e-14
Switch-0.06,6,32,614,504,QP+G,0,0,0.0,0.0,4.700000005186666e-06,0.8427453477879431,1.3042833462811627,0.30562193843293545,1.4210854715202004e-14
Switch-0.06,6,32,614,504,QP+G,5,0,5.0,5.0,0.24328629999999407,0.8467790509895781,1.2867917075795487,0.30428321913812817,1.4210854715202004e-14
Switch-0.06,6,32,614,504,QP+G,10,0,10.0,10.0,0.4901313000000016,0.8503144135387741,1.2695256843269702,0.3028538858340398,1.4210854715202004e-14
Switch-0.06,6,32,614,504,QP+G,15,0,15.0,15.0,0.7411702999999932,0.8534169101193604,1.2524524993403934,0.3013351685798498,1.4210854715202004e-14
Switch-0.06,6,32,614,504,QP+G,20,0,20.0,20.0,0.9781987000000072,0.8553898366269443,1.2363054839546268,0.29973350353557343,2.842170943040401e-14
Switch-0.06,6,32,614,504,QP+G,25,0,25.0,25.0,1.2253499999999917,0.8572501446798448,1.220107345855313,0.29805989166518504,1.4210854715202004e-14
Switch-0.06,6,32,614,504,noG,0,0,0.0,0.0,2.999999992425728e-06,0.8427453477879431,1.3042833462811627,0.30562193843293545,1.4210854715202004e-14
Switch-0.06,6,32,614,504,noG,5,0,5.0,0.0,0.1286303999999916,0.8427453477879431,1.3042833462811627,0.30562193843293545,1.4210854715202004e-14
Switch-0.06,6,32,614,504,noG,10,0,10.0,0.0,0.23746879999998782,0.8427453477879431,1.3042833462811627,0.30562193843293545,1.4210854715202004e-14
Switch-0.06,6,32,614,504,noG,15,0,15.0,0.0,0.3504324999999824,0.8427453477879431,1.3042833462811627,0.30562193843293545,1.4210854715202004e-14
Switch-0.06,6,32,614,504,noG,20,0,20.0,0.0,0.45597239999997896,0.8427453477879431,1.3042833462811627,0.30562193843293545,1.4210854715202004e-14
Switch-0.06,6,32,614,504,noG,25,0,25.0,0.0,0.5554147999999941,0.8427453477879431,1.3042833462811627,0.30562193843293545,1.4210854715202004e-14
Switch-0.06,6,32,614,504,PPM-3,0,0,0.0,0.0,3.7000000077114237e-06,0.8427453477879431,1.3042833462811627,0.30562193843293545,1.4210854715202004e-14
Switch-0.06,6,32,614,504,PPM-3,5,0,15.0,0.0,0.03482429999999681,0.8440926927891402,1.3031244062374747,0.306376820386804,1.4210854715202004e-14
Switch-0.06,6,32,614,504,PPM-3,10,0,30.0,0.0,0.06822990000000573,0.8454014659349091,1.3019486982249582,0.30714032772761585,7.105427357601002e-15
Switch-0.06,6,32,614,504,PPM-3,15,0,45.0,0.0,0.10214740000000688,0.8467437805706681,1.3006832835726447,0.3079121462294432,2.1316282072803006e-14
Switch-0.06,6,32,614,504,PPM-3,20,0,60.0,0.0,0.13595329999998285,0.8480929477193263,1.2993540196305307,0.3086919164130288,1.4210854715202004e-14
Switch-0.06,6,32,614,504,PPM-3,25,0,75.0,0.0,0.1697680000000048,0.8492191256222483,1.298189910431042,0.3094792320982145,1.4210854715202004e-14
Switch-0.06,6,32,614,505,QP+G,0,0,0.0,0.0,4.200000006449045e-06,0.8515965550680683,1.222471972568361,0.29516412983807166,1.4210854715202004e-14
Switch-0.06,6,32,614,505,QP+G,5,0,5.0,5.0,0.2449839999999881,0.8549321005765448,1.2083923539060573,0.2930976461068124,1.4210854715202004e-14
Switch-0.06,6,32,614,505,QP+G,10,0,10.0,10.0,0.4940165999999806,0.8582460901339334,1.1940018487552986,0.29098395622096085,1.4210854715202004e-14
Switch-0.06,6,32,614,505,QP+G,15,0,15.0,15.0,0.7456081999999924,0.8611626955052096,1.1797113411639377,0.28883415402906837,1.4210854715202004e-14
Switch-0.06,6,32,614,505,QP+G,20,0,20.0,20.0,1.0498555000000067,0.8638544638353776,1.165386684640331,0.2866613124312324,1.0658141036401503e-14
Switch-0.06,6,32,614,505,QP+G,25,0,25.0,25.0,1.289950900000008,0.866484530634047,1.150905684851754,0.28448022483356206,1.4210854715202004e-14
Switch-0.06,6,32,614,505,noG,0,0,0.0,0.0,3.6000000136482413e-06,0.8515965550680683,1.222471972568361,0.29516412983807166,1.4210854715202004e-14
Switch-0.06,6,32,614,505,noG,5,0,5.0,0.0,0.11051410000001738,0.8515965550680683,1.222471972568361,0.29516412983807166,1.4210854715202004e-14
Switch-0.06,6,32,614,505,noG,10,0,10.0,0.0,0.21762610000001814,0.8515965550680683,1.222471972568361,0.29516412983807166,1.4210854715202004e-14
Switch-0.06,6,32,614,505,noG,15,0,15.0,0.0,0.31922199999999634,0.8515965550680683,1.222471972568361,0.29516412983807166,1.4210854715202004e-14
Switch-0.06,6,32,614,505,noG,20,0,20.0,0.0,0.42253160000001344,0.8515965550680683,1.222471972568361,0.29516412983807166,1.4210854715202004e-14
Switch-0.06,6,32,614,505,noG,25,0,25.0,0.0,0.5255406999999934,0.8515965550680683,1.222471972568361,0.29516412983807166,1.4210854715202004e-14
Switch-0.06,6,32,614,505,PPM-3,0,0,0.0,0.0,3.6000000136482413e-06,0.8515965550680683,1.222471972568361,0.29516412983807166,1.4210854715202004e-14
Switch-0.06,6,32,614,505,PPM-3,5,0,15.0,0.0,0.03359789999998952,0.8520003547562646,1.2220860802273301,0.2959148932293775,1.4210854715202004e-14
Switch-0.06,6,32,614,505,PPM-3,10,0,30.0,0.0,0.06554330000000164,0.8524285732293756,1.221628757696001,0.29667672374270604,1.4210854715202004e-14
Switch-0.06,6,32,614,505,PPM-3,15,0,45.0,0.0,0.09835770000000821,0.8528820623670268,1.2210982300590305,0.29744944703307963,1.4210854715202004e-14
Switch-0.06,6,32,614,505,PPM-3,20,0,60.0,0.0,0.1313966000000164,0.8533531099733616,1.220501275939237,0.2982328541082794,1.4210854715202004e-14
Switch-0.06,6,32,614,505,PPM-3,25,0,75.0,0.0,0.16315349999999285,0.8535520580247499,1.2201266099631751,0.2990267019006222,1.4210854715202004e-14
Switch-0.06,6,32,614,506,QP+G,0,0,0.0,0.0,3.900000024259498e-06,0.8529077390796387,1.1134642059152693,0.27658208644543886,2.1316282072803006e-14
Switch-0.06,6,32,614,506,QP+G,5,0,5.0,5.0,0.2852172000000053,0.8561426683070439,1.1029361255125665,0.2762354174745375,1.0658141036401503e-14
Switch-0.06,6,32,614,506,QP+G,10,0,10.0,10.0,0.581040999999999,0.8591339197109706,1.0924605393996885,0.27581365564617444,1.4210854715202004e-14
Switch-0.06,6,32,614,506,QP+G,15,0,15.0,15.0,0.8494730000000175,0.8620035557986704,1.081926610586089,0.2753222404845298,1.4210854715202004e-14
Switch-0.06,6,32,614,506,QP+G,20,0,20.0,20.0,1.1190943000000004,0.8648423897836627,1.071255637218064,0.27477551002435846,1.4210854715202004e-14
Switch-0.06,6,32,614,506,QP+G,25,0,25.0,25.0,1.3940636000000097,0.8676435430892728,1.060466400329984,0.2741971831330774,1.4210854715202004e-14
Switch-0.06,6,32,614,506,noG,0,0,0.0,0.0,4.700000005186666e-06,0.8529077390796387,1.1134642059152693,0.27658208644543886,2.1316282072803006e-14
Switch-0.06,6,32,614,506,noG,5,0,5.0,0.0,0.1310760000000073,0.8529077390796387,1.1134642059152693,0.27658208644543886,2.1316282072803006e-14
Switch-0.06,6,32,614,506,noG,10,0,10.0,0.0,0.25450870000000236,0.8529077390796387,1.1134642059152693,0.27658208644543886,2.1316282072803006e-14
Switch-0.06,6,32,614,506,noG,15,0,15.0,0.0,0.374880399999995,0.8529077390796387,1.1134642059152693,0.27658208644543886,2.1316282072803006e-14
Switch-0.06,6,32,614,506,noG,20,0,20.0,0.0,0.5036160000000223,0.8529077390796387,1.1134642059152693,0.27658208644543886,2.1316282072803006e-14
Switch-0.06,6,32,614,506,noG,25,0,25.0,0.0,0.6254871000000151,0.8529077390796387,1.1134642059152693,0.27658208644543886,2.1316282072803006e-14
Switch-0.06,6,32,614,506,PPM-3,0,0,0.0,0.0,4.900000021734741e-06,0.8529077390796387,1.1134642059152693,0.27658208644543886,2.1316282072803006e-14
Switch-0.06,6,32,614,506,PPM-3,5,0,15.0,0.0,0.03414360000002148,0.8547287320471197,1.1122470388754468,0.27745030202243215,7.105427357601002e-15
Switch-0.06,6,32,614,506,PPM-3,10,0,30.0,0.0,0.06803630000001704,0.8564059397338899,1.1111417406617656,0.2783300759074764,1.4210854715202004e-14
Switch-0.06,6,32,614,506,PPM-3,15,0,45.0,0.0,0.09977370000001429,0.8580880997483759,1.109998652166686,0.27922077342189183,1.4210854715202004e-14
Switch-0.06,6,32,614,506,PPM-3,20,0,60.0,0.0,0.1316797000000065,0.8597698837163595,1.1088221781312626,0.2801217152058053,1.4210854715202004e-14
Switch-0.06,6,32,614,506,PPM-3,25,0,75.0,0.0,0.16883890000002566,0.861466589798874,1.10759609534161,0.28103218010011305,1.4210854715202004e-14
Switch-0.06,6,32,614,507,QP+G,0,0,0.0,0.0,4.100000012385863e-06,0.844214263561044,1.1446584122584,0.29732197555929135,1.4210854715202004e-14
Switch-0.06,6,32,614,507,QP+G,5,0,5.0,5.0,0.24887440000000538,0.8457995455128876,1.1277247286098873,0.29437369101867406,1.4210854715202004e-14
Switch-0.06,6,32,614,507,QP+G,10,0,10.0,10.0,0.5011737000000096,0.8471510006114186,1.1111951711514725,0.29159298659507515,1.4210854715202004e-14
Switch-0.06,6,32,614,507,QP+G,15,0,15.0,15.0,0.739444600000013,0.8478066974366257,1.095539424214874,0.28900640690442075,1.4210854715202004e-14
Switch-0.06,6,32,614,507,QP+G,20,0,20.0,20.0,0.9814982999999984,0.848124944778181,1.0804019903981517,0.28663720915071994,1.4210854715202004e-14
Switch-0.06,6,32,614,507,QP+G,25,0,25.0,25.0,1.237848200000002,0.8484166201510206,1.0654700086153628,0.2845049208876326,1.4210854715202004e-14
Switch-0.06,6,32,614,507,noG,0,0,0.0,0.0,3.900000024259498e-06,0.844214263561044,1.1446584122584,0.29732197555929135,1.4210854715202004e-14
Switch-0.06,6,32,614,507,noG,5,0,5.0,0.0,0.10248350000000528,0.844214263561044,1.1446584122584,0.29732197555929135,1.4210854715202004e-14
Switch-0.06,6,32,614,507,noG,10,0,10.0,0.0,0.20049400000002038,0.844214263561044,1.1446584122584,0.29732197555929135,1.4210854715202004e-14
Switch-0.06,6,32,614,507,noG,15,0,15.0,0.0,0.3064879000000076,0.844214263561044,1.1446584122584,0.29732197555929135,1.4210854715202004e-14
Switch-0.06,6,32,614,507,noG,20,0,20.0,0.0,0.40835309999999936,0.844214263561044,1.1446584122584,0.29732197555929135,1.4210854715202004e-14
Switch-0.06,6,32,614,507,noG,25,0,25.0,0.0,0.5107368000000179,0.844214263561044,1.1446584122584,0.29732197555929135,1.4210854715202004e-14
Switch-0.06,6,32,614,507,PPM-3,0,0,0.0,0.0,3.3000000030369847e-06,0.844214263561044,1.1446584122584,0.29732197555929135,1.4210854715202004e-14
Switch-0.06,6,32,614,507,PPM-3,5,0,15.0,0.0,0.03181230000001278,0.843985620934192,1.144164117726981,0.29815554162098634,2.1316282072803006e-14
Switch-0.06,6,32,614,507,PPM-3,10,0,30.0,0.0,0.06492869999999584,0.8437397135771825,1.1436215990879197,0.2989846035175791,1.4210854715202004e-14
Switch-0.06,6,32,614,507,PPM-3,15,0,45.0,0.0,0.09857350000001475,0.8434591803194433,1.1430476974082622,0.2998087337006047,2.1316282072803006e-14
Switch-0.06,6,32,614,507,PPM-3,20,0,60.0,0.0,0.13048159999999598,0.8431186062078295,1.1424673287676854,0.30062749694110996,1.4210854715202004e-14
Switch-0.06,6,32,614,507,PPM-3,25,0,75.0,0.0,0.16281720000000632,0.8426761871045048,1.1419218205970858,0.30144045017920756,2.1316282072803006e-14
Switch-0.06,6,32,614,508,QP+G,0,0,0.0,0.0,4.300000000512227e-06,0.850089806277231,1.0171494017765923,0.3048481049107793,1.4210854715202004e-14
Switch-0.06,6,32,614,508,QP+G,5,0,5.0,5.0,0.256516199999993,0.851746109477627,0.9937435686145518,0.3045077031617842,1.4210854715202004e-14
Switch-0.06,6,32,614,508,QP+G,10,0,10.0,10.0,0.5086407000000008,0.851940564640508,0.968864745000273,0.3036436037371977,1.4210854715202004e-14
Switch-0.06,6,32,614,508,QP+G,15,0,15.0,15.0,0.7515511999999944,0.8518405856662377,0.9412689042932294,0.30196550174115927,1.4210854715202004e-14
Switch-0.06,6,32,614,508,QP+G,20,0,20.0,20.0,1.019383199999993,0.8518166296351615,0.9106504159141688,0.2993416361833562,1.4210854715202004e-14
Switch-0.06,6,32,614,508,QP+G,25,0,25.0,25.0,1.2631300999999837,0.8524615140827084,0.8766471756505586,0.2957501877948446,1.4210854715202004e-14
Switch-0.06,6,32,614,508,noG,0,0,0.0,0.0,3.7000000077114237e-06,0.850089806277231,1.0171494017765923,0.3048481049107793,1.4210854715202004e-14
Switch-0.06,6,32,614,508,noG,5,0,5.0,0.0,0.10820459999999343,0.8510705434652306,1.0023028836054755,0.30425353438384173,1.4210854715202004e-14
Switch-0.06,6,32,614,508,noG,10,0,10.0,0.0,0.21107019999999466,0.8502345952189228,0.987220767733771,0.3033162213643442,1.4210854715202004e-14
Switch-0.06,6,32,614,508,noG,15,0,15.0,0.0,0.3137557000000015,0.8488265514124989,0.9705047455450071,0.3019644934857436,1.4210854715202004e-14
Switch-0.06,6,32,614,508,noG,20,0,20.0,0.0,0.41323090000000207,0.8469572369831453,0.9519067100849983,0.30015788831967866,1.4210854715202004e-14
Switch-0.06,6,32,614,508,noG,25,0,25.0,0.0,0.5216633000000002,0.8451215283548881,0.9308232494352258,0.29793913128464106,1.4210854715202004e-14
Switch-0.06,6,32,614,508,PPM-3,0,0,0.0,0.0,4.500000017060302e-06,0.850089806277231,1.0171494017765923,0.3048481049107793,1.4210854715202004e-14
Switch-0.06,6,32,614,508,PPM-3,5,0,15.0,0.0,0.04271950000000402,0.8503242063091163,1.0152602913534163,0.30479174384849417,7.105427357601002e-15
Switch-0.06,6,32,614,508,PPM-3,10,0,30.0,0.0,0.0752839000000165,0.8505576032359738,1.0133419387043134,0.3047305657356575,7.105427357601002e-15
Switch-0.06,6,32,614,508,PPM-3,15,0,45.0,0.0,0.1157182999999975,0.8507898780990097,1.0113941470567782,0.3046645433241057,1.4210854715202004e-14
Switch-0.06,6,32,614,508,PPM-3,20,0,60.0,0.0,0.1510451000000046,0.8509448416006147,1.0094927901113677,0.3045936263636959,1.4210854715202004e-14
Switch-0.06,6,32,614,508,PPM-3,25,0,75.0,0.0,0.18159310000001483,0.8510447353795407,1.0076153110144106,0.30451774291197536,1.4210854715202004e-14
Switch-0.06,6,32,614,509,QP+G,0,0,0.0,0.0,4.300000000512227e-06,0.8494019263613348,1.3282962952122295,0.3035048211676928,1.4210854715202004e-14
Switch-0.06,6,32,614,509,QP+G,5,0,5.0,5.0,0.28110299999997324,0.8494019263613348,1.3282962952122295,0.3035048211676928,1.4210854715202004e-14
Switch-0.06,6,32,614,509,QP+G,10,0,10.0,10.0,0.5573297999999909,0.8494019263613348,1.3282962952122295,0.3035048211676928,1.4210854715202004e-14
Switch-0.06,6,32,614,509,QP+G,15,0,15.0,15.0,0.843430799999993,0.8494019263613348,1.3282962952122295,0.3035048211676928,1.4210854715202004e-14
Switch-0.06,6,32,614,509,QP+G,20,0,20.0,20.0,1.1162128999999936,0.8494019263613348,1.3282962952122295,0.3035048211676928,1.4210854715202004e-14
Switch-0.06,6,32,614,509,QP+G,25,0,25.0,25.0,1.4037381999999923,0.8494019263613348,1.3282962952122295,0.3035048211676928,1.4210854715202004e-14
Switch-0.06,6,32,614,509,noG,0,0,0.0,0.0,4.600000011123484e-06,0.8494019263613348,1.3282962952122295,0.3035048211676928,1.4210854715202004e-14
Switch-0.06,6,32,614,509,noG,5,0,5.0,0.0,0.11449279999999362,0.8494019263613348,1.3282962952122295,0.3035048211676928,1.4210854715202004e-14
Switch-0.06,6,32,614,509,noG,10,0,10.0,0.0,0.22765699999999356,0.8494019263613348,1.3282962952122295,0.3035048211676928,1.4210854715202004e-14
Switch-0.06,6,32,614,509,noG,15,0,15.0,0.0,0.3388290999999981,0.8494019263613348,1.3282962952122295,0.3035048211676928,1.4210854715202004e-14
Switch-0.06,6,32,614,509,noG,20,0,20.0,0.0,0.4561762000000158,0.8494019263613348,1.3282962952122295,0.3035048211676928,1.4210854715202004e-14
Switch-0.06,6,32,614,509,noG,25,0,25.0,0.0,0.568474000000009,0.8494019263613348,1.3282962952122295,0.3035048211676928,1.4210854715202004e-14
Switch-0.06,6,32,614,509,PPM-3,0,0,0.0,0.0,3.399999997100167e-06,0.8494019263613348,1.3282962952122295,0.3035048211676928,1.4210854715202004e-14
Switch-0.06,6,32,614,509,PPM-3,5,0,15.0,0.0,0.03189549999999031,0.8494482092209797,1.3274784120618763,0.3043775700360422,1.4210854715202004e-14
Switch-0.06,6,32,614,509,PPM-3,10,0,30.0,0.0,0.0644292000000064,0.8495070899994833,1.3266165196934718,0.30525367222903427,1.4210854715202004e-14
Switch-0.06,6,32,614,509,PPM-3,15,0,45.0,0.0,0.09737219999999525,0.8495788519938015,1.3257099446370342,0.3061331567563888,1.4210854715202004e-14
Switch-0.06,6,32,614,509,PPM-3,20,0,60.0,0.0,0.13171619999999962,0.8496637836108963,1.3247580110609323,0.30701603972383956,1.4210854715202004e-14
Switch-0.06,6,32,614,509,PPM-3,25,0,75.0,0.0,0.16496399999999767,0.849762178413312,1.323760040847392,0.3079023236186383,1.4210854715202004e-14
Switch-0.06,6,32,614,510,QP+G,0,0,0.0,0.0,3.8999999958377884e-06,0.8593905598736493,1.134357776186564,0.3131840407585974,2.1316282072803006e-14
Switch-0.06,6,32,614,510,QP+G,5,0,5.0,5.0,0.2734948000000088,0.8640606152411581,1.1127050090466892,0.3067522223280616,2.1316282072803006e-14
Switch-0.06,6,32,614,510,QP+G,10,0,10.0,10.0,0.5237246000000084,0.8684382793428589,1.0916111749195754,0.3002096766356964,1.4210854715202004e-14
Switch-0.06,6,32,614,510,QP+G,15,0,15.0,15.0,0.7770136999999977,0.8726219066853657,1.071083661105098,0.29366547346860516,1.4210854715202004e-14
Switch-0.06,6,32,614,510,QP+G,20,0,20.0,20.0,1.0318378999999993,0.8765040559842353,1.0513123134955507,0.28722400854942864,1.4210854715202004e-14
Switch-0.06,6,32,614,510,QP+G,25,0,25.0,25.0,1.2965221000000042,0.8799462934097062,1.0324941319238012,0.28097934271108294,1.4210854715202004e-14
Switch-0.06,6,32,614,510,noG,0,0,0.0,0.0,3.3000000030369847e-06,0.8593905598736493,1.134357776186564,0.3131840407585974,2.1316282072803006e-14
Switch-0.06,6,32,614,510,noG,5,0,5.0,0.0,0.10698809999999526,0.8593905598736493,1.134357776186564,0.3131840407585974,2.1316282072803006e-14
Switch-0.06,6,32,614,510,noG,10,0,10.0,0.0,0.21548989999999435,0.8593905598736493,1.134357776186564,0.3131840407585974,2.1316282072803006e-14
Switch-0.06,6,32,614,510,noG,15,0,15.0,0.0,0.3242990999999904,0.8593905598736493,1.134357776186564,0.3131840407585974,2.1316282072803006e-14
Switch-0.06,6,32,614,510,noG,20,0,20.0,0.0,0.4370143000000155,0.8593905598736493,1.134357776186564,0.3131840407585974,2.1316282072803006e-14
Switch-0.06,6,32,614,510,noG,25,0,25.0,0.0,0.5477931000000069,0.8593905598736493,1.134357776186564,0.3131840407585974,2.1316282072803006e-14
Switch-0.06,6,32,614,510,PPM-3,0,0,0.0,0.0,4.499999988638592e-06,0.8593905598736493,1.134357776186564,0.3131840407585974,2.1316282072803006e-14
Switch-0.06,6,32,614,510,PPM-3,5,0,15.0,0.0,0.033984799999984716,0.8595639244958989,1.1336932839469847,0.31400384678572,1.4210854715202004e-14
Switch-0.06,6,32,614,510,PPM-3,10,0,30.0,0.0,0.06751069999998549,0.8597643000236908,1.132928084812072,0.3148162902876266,1.4210854715202004e-14
Switch-0.06,6,32,614,510,PPM-3,15,0,45.0,0.0,0.09822829999998817,0.8599656943867402,1.132086775700186,0.31562082902694877,1.4210854715202004e-14
Switch-0.06,6,32,614,510,PPM-3,20,0,60.0,0.0,0.1303216999999961,0.8601788728021852,1.13115720938774,0.31641686331733676,1.4210854715202004e-14
Switch-0.06,6,32,614,510,PPM-3,25,0,75.0,0.0,0.16339299999998502,0.8604196683532044,1.1301221878309968,0.3172037383323956,2.1316282072803006e-14
Switch-0.06,6,32,614,511,QP+G,0,0,0.0,0.0,4.200000006449045e-06,0.842283206344371,1.3544217455059,0.30235624007692896,2.1316282072803006e-14
Switch-0.06,6,32,614,511,QP+G,5,0,5.0,5.0,0.2553291000000115,0.8450566616440448,1.3343747508238653,0.3009236883697983,1.4210854715202004e-14
Switch-0.06,6,32,614,511,QP+G,10,0,10.0,10.0,0.4914684999999963,0.8478351674947655,1.3141640629245361,0.2993691377029727,1.4210854715202004e-14
Switch-0.06,6,32,614,511,QP+G,15,0,15.0,15.0,0.7252342000000169,0.8504869077818068,1.2939573361789671,0.2976868684060597,1.4210854715202004e-14
Switch-0.06,6,32,614,511,QP+G,20,0,20.0,20.0,0.9520976000000019,0.8531770966565816,1.273628217720438,0.29587286640675814,2.1316282072803006e-14
Switch-0.06,6,32,614,511,QP+G,25,0,25.0,25.0,1.1864888000000064,0.8555152488760446,1.2536085074773808,0.29392507478409424,1.4210854715202004e-14
Switch-0.06,6,32,614,511,noG,0,0,0.0,0.0,5.899999990788274e-06,0.842283206344371,1.3544217455059,0.30235624007692896,2.1316282072803006e-14
Switch-0.06,6,32,614,511,noG,5,0,5.0,0.0,0.09264890000000037,0.842283206344371,1.3544217455059,0.30235624007692896,2.1316282072803006e-14
Switch-0.06,6,32,614,511,noG,10,0,10.0,0.0,0.19059619999998745,0.842283206344371,1.3544217455059,0.30235624007692896,2.1316282072803006e-14
Switch-0.06,6,32,614,511,noG,15,0,15.0,0.0,0.2902502000000027,0.842283206344371,1.3544217455059,0.30235624007692896,2.1316282072803006e-14
Switch-0.06,6,32,614,511,noG,20,0,20.0,0.0,0.38517669999998816,0.842283206344371,1.3544217455059,0.30235624007692896,2.1316282072803006e-14
Switch-0.06,6,32,614,511,noG,25,0,25.0,0.0,0.4802511000000038,0.842283206344371,1.3544217455059,0.30235624007692896,2.1316282072803006e-14
Switch-0.06,6,32,614,511,PPM-3,0,0,0.0,0.0,4.100000012385863e-06,0.842283206344371,1.3544217455059,0.30235624007692896,2.1316282072803006e-14
Switch-0.06,6,32,614,511,PPM-3,5,0,15.0,0.0,0.03332960000000185,0.8430234058893883,1.3518697371887023,0.3032932417323775,1.4210854715202004e-14
Switch-0.06,6,32,614,511,PPM-3,10,0,30.0,0.0,0.06471710000002417,0.8437839125572932,1.3492216957960006,0.30423646617783534,1.4210854715202004e-14
Switch-0.06,6,32,614,511,PPM-3,15,0,45.0,0.0,0.09532169999999951,0.8445651341205935,1.3464765981097857,0.30518585882323046,1.4210854715202004e-14
Switch-0.06,6,32,614,511,PPM-3,20,0,60.0,0.0,0.12737830000000372,0.8453674848438393,1.343633425911678,0.3061413249281509,2.1316282072803006e-14
Switch-0.06,6,32,614,511,PPM-3,25,0,75.0,0.0,0.15941720000000714,0.8461913853829359,1.340691167476868,0.3071027278244152,2.1316282072803006e-14
Switch-0.10,6,32,614,500,QP+G,0,0,0.0,0.0,3.8999999958377884e-06,0.8111245227691125,1.1070532652681293,0.2577910129800703,1.4210854715202004e-14
Switch-0.10,6,32,614,500,QP+G,5,0,5.0,5.0,0.261174699999998,0.8138938591475945,1.0939442262304535,0.2557973336867108,7.105427357601002e-15
Switch-0.10,6,32,614,500,QP+G,10,0,10.0,10.0,0.5257403999999894,0.8166435791058259,1.081001656786035,0.25380019532269443,1.4210854715202004e-14
Switch-0.10,6,32,614,500,QP+G,15,0,15.0,15.0,0.7923321000000101,0.8192919712727331,1.0683134940684489,0.2518078502759689,1.4210854715202004e-14
Switch-0.10,6,32,614,500,QP+G,20,0,20.0,20.0,1.0486018999999942,0.8219383185776732,1.055785656182916,0.24982821786164977,1.4210854715202004e-14
Switch-0.10,6,32,614,500,QP+G,25,0,25.0,25.0,1.317594200000002,0.824514325546434,1.0434906776863233,0.24786873990769398,2.1316282072803006e-14
Switch-0.10,6,32,614,500,noG,0,0,0.0,0.0,3.3000000030369847e-06,0.8111245227691125,1.1070532652681293,0.2577910129800703,1.4210854715202004e-14
Switch-0.10,6,32,614,500,noG,5,0,5.0,0.0,0.11567689999998265,0.8111245227691125,1.1070532652681293,0.2577910129800703,1.4210854715202004e-14
Switch-0.10,6,32,614,500,noG,10,0,10.0,0.0,0.22899179999998864,0.8111245227691125,1.1070532652681293,0.2577910129800703,1.4210854715202004e-14
Switch-0.10,6,32,614,500,noG,15,0,15.0,0.0,0.3394386999999881,0.8111245227691125,1.1070532652681293,0.2577910129800703,1.4210854715202004e-14
Switch-0.10,6,32,614,500,noG,20,0,20.0,0.0,0.45372169999998846,0.8111245227691125,1.1070532652681293,0.2577910129800703,1.4210854715202004e-14
Switch-0.10,6,32,614,500,noG,25,0,25.0,0.0,0.5690372999999909,0.8111245227691125,1.1070532652681293,0.2577910129800703,1.4210854715202004e-14
Switch-0.10,6,32,614,500,PPM-3,0,0,0.0,0.0,3.2000000089738023e-06,0.8111245227691125,1.1070532652681293,0.2577910129800703,1.4210854715202004e-14
Switch-0.10,6,32,614,500,PPM-3,5,0,15.0,0.0,0.03240460000000667,0.811755723183467,1.10707671753224,0.2581164048973655,1.4210854715202004e-14
Switch-0.10,6,32,614,500,PPM-3,10,0,30.0,0.0,0.06594090000001529,0.8123343228658705,1.1071082463830781,0.25845063821352177,1.4210854715202004e-14
Switch-0.10,6,32,614,500,PPM-3,15,0,45.0,0.0,0.0996332999999936,0.8127294034927462,1.1072781787570833,0.25879360721149536,1.4210854715202004e-14
Switch-0.10,6,32,614,500,PPM-3,20,0,60.0,0.0,0.1336326999999926,0.8131082826907893,1.1074186138422046,0.2591451941902352,2.1316282072803006e-14
Switch-0.10,6,32,614,500,PPM-3,25,0,75.0,0.0,0.17020249999998782,0.8134965693943782,1.1075033681234459,0.25950526953493247,1.4210854715202004e-14
Switch-0.10,6,32,614,501,QP+G,0,0,0.0,0.0,8.39999998447638e-06,0.8367373996943578,1.1271876202142335,0.3411150280525823,2.1316282072803006e-14
Switch-0.10,6,32,614,501,QP+G,5,0,5.0,5.0,0.5714438999999913,0.8394257812687148,1.1073674037252506,0.3392026478407395,1.4210854715202004e-14
Switch-0.10,6,32,614,501,QP+G,10,0,10.0,10.0,0.8900971999999854,0.8415361634020805,1.0882754369360126,0.33725656613785676,1.4210854715202004e-14
Switch-0.10,6,32,614,501,QP+G,15,0,15.0,15.0,1.1778613999999834,0.8432814754464344,1.069740650527187,0.33524774249973505,2.1316282072803006e-14
Switch-0.10,6,32,614,501,QP+G,20,0,20.0,20.0,1.4335921999999925,0.844562766679977,1.051905976884552,0.3331493879289091,1.4210854715202004e-14
Switch-0.10,6,32,614,501,QP+G,25,0,25.0,25.0,1.7002020999999843,0.8457962505941898,1.0343996895540426,0.33093604506414187,1.4210854715202004e-14
Switch-0.10,6,32,614,501,noG,0,0,0.0,0.0,3.999999989900971e-06,0.8367373996943578,1.1271876202142335,0.3411150280525823,2.1316282072803006e-14
Switch-0.10,6,32,614,501,noG,5,0,5.0,0.0,0.141702400000014,0.8367373996943578,1.1271876202142335,0.3411150280525823,2.1316282072803006e-14
Switch-0.10,6,32,614,501,noG,10,0,10.0,0.0,0.24966990000001488,0.8367373996943578,1.1271876202142335,0.3411150280525823,2.1316282072803006e-14
Switch-0.10,6,32,614,501,noG,15,0,15.0,0.0,0.3619655999999907,0.8367373996943578,1.1271876202142335,0.3411150280525823,2.1316282072803006e-14
Switch-0.10,6,32,614,501,noG,20,0,20.0,0.0,0.4672586000000081,0.8367373996943578,1.1271876202142335,0.3411150280525823,2.1316282072803006e-14
Switch-0.10,6,32,614,501,noG,25,0,25.0,0.0,0.5808322999999973,0.8367373996943578,1.1271876202142335,0.3411150280525823,2.1316282072803006e-14
Switch-0.10,6,32,614,501,PPM-3,0,0,0.0,0.0,3.3000000030369847e-06,0.8367373996943578,1.1271876202142335,0.3411150280525823,2.1316282072803006e-14
Switch-0.10,6,32,614,501,PPM-3,5,0,15.0,0.0,0.0330711000000008,0.8359261137620999,1.126869750737148,0.34171731339503036,1.4210854715202004e-14
Switch-0.10,6,32,614,501,PPM-3,10,0,30.0,0.0,0.07390409999999292,0.8350479633218975,1.1265477509666946,0.34229149432381,1.4210854715202004e-14
Switch-0.10,6,32,614,501,PPM-3,15,0,45.0,0.0,0.1220531999999821,0.8340896297001692,1.1262341875227124,0.34283779781753276,1.4210854715202004e-14
Switch-0.10,6,32,614,501,PPM-3,20,0,60.0,0.0,0.17570620000000758,0.8331581997099143,1.1258212559236762,0.3433564860620313,1.4210854715202004e-14
Switch-0.10,6,32,614,501,PPM-3,25,0,75.0,0.0,0.21984359999999015,0.8322541272934407,1.1253078201973599,0.34384785188582206,1.4210854715202004e-14
Switch-0.10,6,32,614,502,QP+G,0,0,0.0,0.0,7.199999998874773e-06,0.8308597553451235,1.1350158256731286,0.34125226878985915,7.105427357601002e-15
Switch-0.10,6,32,614,502,QP+G,5,0,5.0,5.0,0.3438658000000032,0.834726149753401,1.1149734917693683,0.335584700786368,2.1316282072803006e-14
Switch-0.10,6,32,614,502,QP+G,10,0,10.0,10.0,0.7044300000000021,0.8382205233229917,1.095457778356847,0.32973059611532246,1.4210854715202004e-14
Switch-0.10,6,32,614,502,QP+G,15,0,15.0,15.0,1.0469062999999892,0.841513044185129,1.0763620176910451,0.3237109323973897,1.4210854715202004e-14
Switch-0.10,6,32,614,502,QP+G,20,0,20.0,20.0,1.3858807999999954,0.8447157250771973,1.057636767750206,0.31755875438412473,2.1316282072803006e-14
Switch-0.10,6,32,614,502,QP+G,25,0,25.0,25.0,1.74026139999998,0.8477334566887923,1.0394359625157668,0.3113172573680309,1.4210854715202004e-14
Switch-0.10,6,32,614,502,noG,0,0,0.0,0.0,6.8999999882635166e-06,0.8308597553451235,1.1350158256731286,0.34125226878985915,7.105427357601002e-15
Switch-0.10,6,32,614,502,noG,5,0,5.0,0.0,0.16678600000000188,0.8308597553451235,1.1350158256731286,0.34125226878985915,7.105427357601002e-15
Switch-0.10,6,32,614,502,noG,10,0,10.0,0.0,0.32839799999999286,0.8308597553451235,1.1350158256731286,0.34125226878985915,7.105427357601002e-15
Switch-0.10,6,32,614,502,noG,15,0,15.0,0.0,0.49923839999999586,0.8308597553451235,1.1350158256731286,0.34125226878985915,7.105427357601002e-15
Switch-0.10,6,32,614,502,noG,20,0,20.0,0.0,0.6688982999999951,0.8308597553451235,1.1350158256731286,0.34125226878985915,7.105427357601002e-15
Switch-0.10,6,32,614,502,noG,25,0,25.0,0.0,0.8378232999999966,0.8308597553451235,1.1350158256731286,0.34125226878985915,7.105427357601002e-15
Switch-0.10,6,32,614,502,PPM-3,0,0,0.0,0.0,3.6000000136482413e-06,0.8308597553451235,1.1350158256731286,0.34125226878985915,7.105427357601002e-15
Switch-0.10,6,32,614,502,PPM-3,5,0,15.0,0.0,0.03317940000002295,0.8307524200801769,1.1331238919466302,0.3418576421035627,1.4210854715202004e-14
Switch-0.10,6,32,614,502,PPM-3,10,0,30.0,0.0,0.06778100000002496,0.830551483637078,1.1312597226616794,0.34243626754496254,1.4210854715202004e-14
Switch-0.10,6,32,614,502,PPM-3,15,0,45.0,0.0,0.11028190000001814,0.830348167701063,1.129332287476919,0.34298747781138533,1.4210854715202004e-14
Switch-0.10,6,32,614,502,PPM-3,20,0,60.0,0.0,0.16343950000000973,0.8300787036061531,1.1274055763364288,0.3435106130364458,1.4210854715202004e-14
Switch-0.10,6,32,614,502,PPM-3,25,0,75.0,0.0,0.20751350000000457,0.8297533329075691,1.125469599404163,0.3440050222339416,2.1316282072803006e-14
Switch-0.10,6,32,614,503,QP+G,0,0,0.0,0.0,4.899999993313031e-06,0.8232064384500939,1.2604912399471946,0.3764245279578689,1.4210854715202004e-14
Switch-0.10,6,32,614,503,QP+G,5,0,5.0,5.0,0.2803002999999933,0.8232064384500939,1.2604912399471946,0.3764245279578689,1.4210854715202004e-14
Switch-0.10,6,32,614,503,QP+G,10,0,10.0,10.0,0.5774080999999853,0.8232064384500939,1.2604912399471946,0.3764245279578689,1.4210854715202004e-14
Switch-0.10,6,32,614,503,QP+G,15,0,15.0,15.0,0.8747883999999999,0.8232064384500939,1.2604912399471946,0.3764245279578689,1.4210854715202004e-14
Switch-0.10,6,32,614,503,QP+G,20,0,20.0,20.0,1.15548849999999,0.8232064384500939,1.2604912399471946,0.3764245279578689,1.4210854715202004e-14
Switch-0.10,6,32,614,503,QP+G,25,0,25.0,25.0,1.4978992000000062,0.8232064384500939,1.2604912399471946,0.3764245279578689,1.4210854715202004e-14
Switch-0.10,6,32,614,503,noG,0,0,0.0,0.0,4.39999999457541e-06,0.8232064384500939,1.2604912399471946,0.3764245279578689,1.4210854715202004e-14
Switch-0.10,6,32,614,503,noG,5,0,5.0,0.0,0.13061909999998988,0.8232064384500939,1.2604912399471946,0.3764245279578689,1.4210854715202004e-14
Switch-0.10,6,32,614,503,noG,10,0,10.0,0.0,0.2674767000000031,0.8232064384500939,1.2604912399471946,0.3764245279578689,1.4210854715202004e-14
Switch-0.10,6,32,614,503,noG,15,0,15.0,0.0,0.4021509000000094,0.8232064384500939,1.2604912399471946,0.3764245279578689,1.4210854715202004e-14
Switch-0.10,6,32,614,503,noG,20,0,20.0,0.0,0.5321801999999991,0.8232064384500939,1.2604912399471946,0.3764245279578689,1.4210854715202004e-14
Switch-0.10,6,32,614,503,noG,25,0,25.0,0.0,0.6824391000000105,0.8232064384500939,1.2604912399471946,0.3764245279578689,1.4210854715202004e-14
Switch-0.10,6,32,614,503,PPM-3,0,0,0.0,0.0,5.599999980177017e-06,0.8232064384500939,1.2604912399471946,0.3764245279578689,1.4210854715202004e-14
Switch-0.10,6,32,614,503,PPM-3,5,0,15.0,0.0,0.04194149999997876,0.8231754674131369,1.2582926280342301,0.3766607388463453,1.4210854715202004e-14
Switch-0.10,6,32,614,503,PPM-3,10,0,30.0,0.0,0.0839010999999914,0.82255279919937,1.256617566837887,0.3768656429199265,1.0658141036401503e-14
Switch-0.10,6,32,614,503,PPM-3,15,0,45.0,0.0,0.12909479999999007,0.8216246385437884,1.2551794226765534,0.3770402841708657,1.4210854715202004e-14
Switch-0.10,6,32,614,503,PPM-3,20,0,60.0,0.0,0.17318379999997546,0.8206153234297127,1.253753459340628,0.3771856742465195,2.1316282072803006e-14
Switch-0.10,6,32,614,503,PPM-3,25,0,75.0,0.0,0.2166336999999885,0.8196182173215913,1.2522459469376634,0.37730278893033264,7.105427357601002e-15
Switch-0.10,6,32,614,504,QP+G,0,0,0.0,0.0,4.899999993313031e-06,0.8088282014989199,1.3270338259035195,0.3051645595427698,1.4210854715202004e-14
Switch-0.10,6,32,614,504,QP+G,5,0,5.0,5.0,0.34192809999998985,0.8128742668969696,1.3095776711682143,0.30389336914641146,1.4210854715202004e-14
Switch-0.10,6,32,614,504,QP+G,10,0,10.0,10.0,0.6671465999999953,0.8164563643213285,1.292305946746095,0.30253701884404616,1.4210854715202004e-14
Switch-0.10,6,32,614,504,QP+G,15,0,15.0,15.0,1.0422936999999877,0.8196073069308227,1.275218090275388,0.30109637848655857,7.105427357601002e-15
Switch-0.10,6,32,614,504,QP+G,20,0,20.0,20.0,1.3641231999999945,0.8216294918430288,1.2590479686998197,0.2995776411681525,1.4210854715202004e-14
Switch-0.10,6,32,614,504,QP+G,25,0,25.0,25.0,1.6998507999999788,0.8235569610254799,1.242800875757327,0.29799168734046644,1.4210854715202004e-14
Switch-0.10,6,32,614,504,noG,0,0,0.0,0.0,5.7999999967250915e-06,0.8088282014989199,1.3270338259035195,0.3051645595427698,1.4210854715202004e-14
Switch-0.10,6,32,614,504,noG,5,0,5.0,0.0,0.13102129999998624,0.8088282014989199,1.3270338259035195,0.3051645595427698,1.4210854715202004e-14
Switch-0.10,6,32,614,504,noG,10,0,10.0,0.0,0.2983062999999788,0.8088282014989199,1.3270338259035195,0.3051645595427698,1.4210854715202004e-14
Switch-0.10,6,32,614,504,noG,15,0,15.0,0.0,0.43082629999997835,0.8088282014989199,1.3270338259035195,0.3051645595427698,1.4210854715202004e-14
Switch-0.10,6,32,614,504,noG,20,0,20.0,0.0,0.5783692999999914,0.8088282014989199,1.3270338259035195,0.3051645595427698,1.4210854715202004e-14
Switch-0.10,6,32,614,504,noG,25,0,25.0,0.0,0.7367889999999875,0.8088282014989199,1.3270338259035195,0.3051645595427698,1.4210854715202004e-14
Switch-0.10,6,32,614,504,PPM-3,0,0,0.0,0.0,6.299999995462713e-06,0.8088282014989199,1.3270338259035195,0.3051645595427698,1.4210854715202004e-14
Switch-0.10,6,32,614,504,PPM-3,5,0,15.0,0.0,0.05102329999999711,0.8101623091202395,1.325888246270322,0.3059922285488897,1.4210854715202004e-14
Switch-0.10,6,32,614,504,PPM-3,10,0,30.0,0.0,0.14443029999998203,0.811458381625447,1.3247255591959404,0.3068287919268537,1.4210854715202004e-14
Switch-0.10,6,32,614,504,PPM-3,15,0,45.0,0.0,0.22384130000000368,0.8127885461444047,1.32347280131876,0.30767397961630333,2.1316282072803006e-14
Switch-0.10,6,32,614,504,PPM-3,20,0,60.0,0.0,0.2842964999999822,0.8141330804363932,1.3221488519708604,0.30852747551449133,1.4210854715202004e-14
Switch-0.10,6,32,614,504,PPM-3,25,0,75.0,0.0,0.3483417999999858,0.8152537254212053,1.3209911208380098,0.30938891583224476,1.4210854715202004e-14
Switch-0.10,6,32,614,505,QP+G,0,0,0.0,0.0,4.600000011123484e-06,0.8192301604762305,1.243671700493532,0.29447602890978214,1.4210854715202004e-14
Switch-0.10,6,32,614,505,QP+G,5,0,5.0,5.0,0.3209792000000107,0.8225528169757839,1.2296527611739005,0.29243227412282324,1.4210854715202004e-14
Switch-0.10,6,32,614,505,QP+G,10,0,10.0,10.0,0.7493740000000173,0.8258652320205938,1.2153036390441585,0.29034286570786844,1.4210854715202004e-14
Switch-0.10,6,32,614,505,QP+G,15,0,15.0,15.0,1.0094480000000203,0.8287439481968584,1.2010819047515573,0.28821855514884226,1.4210854715202004e-14
Switch-0.10,6,32,614,505,QP+G,20,0,20.0,20.0,1.2572214000000201,0.8314354233442266,1.1867786582338407,0.28607203445497115,1.4210854715202004e-14
Switch-0.10,6,32,614,505,QP+G,25,0,25.0,25.0,1.555216999999999,0.8340741030461312,1.1722997041084928,0.2839177929994439,1.4210854715202004e-14
Switch-0.10,6,32,614,505,noG,0,0,0.0,0.0,3.800000001774606e-06,0.8192301604762305,1.243671700493532,0.29447602890978214,1.4210854715202004e-14
Switch-0.10,6,32,614,505,noG,5,0,5.0,0.0,0.11207799999999679,0.8192301604762305,1.243671700493532,0.29447602890978214,1.4210854715202004e-14
Switch-0.10,6,32,614,505,noG,10,0,10.0,0.0,0.24215430000000993,0.8192301604762305,1.243671700493532,0.29447602890978214,1.4210854715202004e-14
Switch-0.10,6,32,614,505,noG,15,0,15.0,0.0,0.3947662000000207,0.8192301604762305,1.243671700493532,0.29447602890978214,1.4210854715202004e-14
Switch-0.10,6,32,614,505,noG,20,0,20.0,0.0,0.5401784999999961,0.8192301604762305,1.243671700493532,0.29447602890978214,1.4210854715202004e-14
Switch-0.10,6,32,614,505,noG,25,0,25.0,0.0,0.7123443000000123,0.8192301604762305,1.243671700493532,0.29447602890978214,1.4210854715202004e-14
Switch-0.10,6,32,614,505,PPM-3,0,0,0.0,0.0,9.199999993825259e-06,0.8192301604762305,1.243671700493532,0.29447602890978214,1.4210854715202004e-14
Switch-0.10,6,32,614,505,PPM-3,5,0,15.0,0.0,0.044604199999980665,0.8196173736626289,1.2433025205537018,0.295284119027879,1.4210854715202004e-14
Switch-0.10,6,32,614,505,PPM-3,10,0,30.0,0.0,0.08849959999997736,0.8200296682919789,1.242861455634777,0.2961032083656457,2.1316282072803006e-14
Switch-0.10,6,32,614,505,PPM-3,15,0,45.0,0.0,0.1306211999999789,0.8204679048137303,1.2423467190777315,0.2969331840154294,2.1316282072803006e-14
Switch-0.10,6,32,614,505,PPM-3,20,0,60.0,0.0,0.1736105999999893,0.8209232466141929,1.241766210089412,0.2977738994387837,7.105427357601002e-15
Switch-0.10,6,32,614,505,PPM-3,25,0,75.0,0.0,0.22365209999998115,0.8211078363507616,1.241406838077129,0.298625174920871,1.4210854715202004e-14
Switch-0.10,6,32,614,506,QP+G,0,0,0.0,0.0,4.700000005186666e-06,0.8208867341477835,1.1343185441804589,0.27561399216682814,1.4210854715202004e-14
Switch-0.10,6,32,614,506,QP+G,5,0,5.0,5.0,0.3847231000000022,0.8241384683738006,1.1237984349480796,0.2753163126127854,1.4210854715202004e-14
Switch-0.10,6,32,614,506,QP+G,10,0,10.0,10.0,0.7566348000000005,0.8271813007670484,1.1132688464587512,0.27493473510065336,1.4210854715202004e-14
Switch-0.10,6,32,614,506,QP+G,15,0,15.0,15.0,1.1357758999999987,0.8301207292079219,1.1026373230732878,0.2744753962270463,1.4210854715202004e-14
Switch-0.10,6,32,614,506,QP+G,20,0,20.0,20.0,1.4928586999999993,0.8330730346672972,1.0918023020294767,0.27395454774502603,1.4210854715202004e-14
Switch-0.10,6,32,614,506,QP+G,25,0,25.0,25.0,1.842587100000003,0.8360318056284148,1.0807852907759423,0.27339896212846815,2.1316282072803006e-14
Switch-0.10,6,32,614,506,noG,0,0,0.0,0.0,5.3999999920506525e-06,0.8208867341477835,1.1343185441804589,0.27561399216682814,1.4210854715202004e-14
Switch-0.10,6,32,614,506,noG,5,0,5.0,0.0,0.13390449999999987,0.8208867341477835,1.1343185441804589,0.27561399216682814,1.4210854715202004e-14
Switch-0.10,6,32,614,506,noG,10,0,10.0,0.0,0.30424959999999146,0.8208867341477835,1.1343185441804589,0.27561399216682814,1.4210854715202004e-14
Switch-0.10,6,32,614,506,noG,15,0,15.0,0.0,0.4667306999999994,0.8208867341477835,1.1343185441804589,0.27561399216682814,1.4210854715202004e-14
Switch-0.10,6,32,614,506,noG,20,0,20.0,0.0,0.6453599000000168,0.8208867341477835,1.1343185441804589,0.27561399216682814,1.4210854715202004e-14
Switch-0.10,6,32,614,506,noG,25,0,25.0,0.0,0.8043590999999992,0.8208867341477835,1.1343185441804589,0.27561399216682814,1.4210854715202004e-14
Switch-0.10,6,32,614,506,PPM-3,0,0,0.0,0.0,4.39999999457541e-06,0.8208867341477835,1.1343185441804589,0.27561399216682814,1.4210854715202004e-14
Switch-0.10,6,32,614,506,PPM-3,5,0,15.0,0.0,0.04234370000000354,0.822672586988328,1.1331366067066826,0.27656854836292705,1.4210854715202004e-14
Switch-0.10,6,32,614,506,PPM-3,10,0,30.0,0.0,0.08737630000001673,0.8243152848911217,1.1320660550886503,0.2775348347165833,1.4210854715202004e-14
Switch-0.10,6,32,614,506,PPM-3,15,0,45.0,0.0,0.13189170000001127,0.8259633079276639,1.1309574844199277,0.2785122656408496,1.4210854715202004e-14
Switch-0.10,6,32,614,506,PPM-3,20,0,60.0,0.0,0.17307740000001104,0.8276117778409802,1.1298148446971652,0.27950020454062574,1.4210854715202004e-14
Switch-0.10,6,32,614,506,PPM-3,25,0,75.0,0.0,0.2146438000000046,0.8292777538408516,1.1286201457445921,0.2804979659762161,2.1316282072803006e-14
Switch-0.10,6,32,614,507,QP+G,0,0,0.0,0.0,4.200000006449045e-06,0.8108414119706191,1.1668645971821578,0.29706156028965724,1.4210854715202004e-14
Switch-0.10,6,32,614,507,QP+G,5,0,5.0,5.0,0.2969038000000239,0.8124224532166349,1.1499812181685218,0.29420497814140156,1.4210854715202004e-14
Switch-0.10,6,32,614,507,QP+G,10,0,10.0,10.0,0.5923081000000252,0.8138081439998702,1.133457088970307,0.29152260300051525,1.4210854715202004e-14
Switch-0.10,6,32,614,507,QP+G,15,0,15.0,15.0,0.8438742000000161,0.8145242474927878,1.1177736488045165,0.2890411539693201,1.4210854715202004e-14
Switch-0.10,6,32,614,507,QP+G,20,0,20.0,20.0,1.1203576000000055,0.8149100040457288,1.10259379998875,0.28678416317947736,1.4210854715202004e-14
Switch-0.10,6,32,614,507,QP+G,25,0,25.0,25.0,1.367091400000021,0.8152410763343486,1.0876390935275642,0.2847715676964336,1.4210854715202004e-14
Switch-0.10,6,32,614,507,noG,0,0,0.0,0.0,3.199999980552093e-06,0.8108414119706191,1.1668645971821578,0.29706156028965724,1.4210854715202004e-14
Switch-0.10,6,32,614,507,noG,5,0,5.0,0.0,0.10049759999998287,0.8108414119706191,1.1668645971821578,0.29706156028965724,1.4210854715202004e-14
Switch-0.10,6,32,614,507,noG,10,0,10.0,0.0,0.22651270000000068,0.8108414119706191,1.1668645971821578,0.29706156028965724,1.4210854715202004e-14
Switch-0.10,6,32,614,507,noG,15,0,15.0,0.0,0.3730079000000046,0.8108414119706191,1.1668645971821578,0.29706156028965724,1.4210854715202004e-14
Switch-0.10,6,32,614,507,noG,20,0,20.0,0.0,0.5265502000000026,0.8108414119706191,1.1668645971821578,0.29706156028965724,1.4210854715202004e-14
Switch-0.10,6,32,614,507,noG,25,0,25.0,0.0,0.6597832999999866,0.8108414119706191,1.1668645971821578,0.29706156028965724,1.4210854715202004e-14
Switch-0.10,6,32,614,507,PPM-3,0,0,0.0,0.0,4.799999999249849e-06,0.8108414119706191,1.1668645971821578,0.29706156028965724,1.4210854715202004e-14
Switch-0.10,6,32,614,507,PPM-3,5,0,15.0,0.0,0.04167309999999702,0.8106012893761712,1.1663818988827135,0.2979528467807311,1.4210854715202004e-14
Switch-0.10,6,32,614,507,PPM-3,10,0,30.0,0.0,0.08470209999998701,0.81034456004149,1.1658504985132734,0.2988400296798464,1.4210854715202004e-14
Switch-0.10,6,32,614,507,PPM-3,15,0,45.0,0.0,0.12638629999997875,0.8100495915255221,1.1652914894113726,0.2997227174582447,1.4210854715202004e-14
Switch-0.10,6,32,614,507,PPM-3,20,0,60.0,0.0,0.16882139999998458,0.809690201861218,1.1647305353564608,0.3006005114399157,1.4210854715202004e-14
Switch-0.10,6,32,614,507,PPM-3,25,0,75.0,0.0,0.20965989999999124,0.8092355243771493,1.1641980066922004,0.30147300536664295,1.4210854715202004e-14
Switch-0.10,6,32,614,508,QP+G,0,0,0.0,0.0,4.499999988638592e-06,0.8187803927993269,1.0372921485878306,0.3043478582160952,1.4210854715202004e-14
Switch-0.10,6,32,614,508,QP+G,5,0,5.0,5.0,0.31597659999999905,0.820243172564717,1.014028425130236,0.30454120734404533,7.105427357601002e-15
Switch-0.10,6,32,614,508,QP+G,10,0,10.0,10.0,0.6638746999999796,0.8203128771629533,0.989190635245087,0.3041986205777876,7.105427357601002e-15
Switch-0.10,6,32,614,508,QP+G,15,0,15.0,15.0,0.9493386999999984,0.8201530170817117,0.9615268820169902,0.303037864967185,1.4210854715202004e-14
Switch-0.10,6,32,614,508,QP+G,20,0,20.0,20.0,1.1907377999999937,0.8201373988941683,0.9307134131481469,0.3009232495161101,1.4210854715202004e-14
Switch-0.10,6,32,614,508,QP+G,25,0,25.0,25.0,1.4370520999999883,0.8208579259558636,0.8963754867808665,0.297818674916708,2.1316282072803006e-14
Switch-0.10,6,32,614,508,noG,0,0,0.0,0.0,2.999999992425728e-06,0.8187803927993269,1.0372921485878306,0.3043478582160952,1.4210854715202004e-14
Switch-0.10,6,32,614,508,noG,5,0,5.0,0.0,0.09656710000001567,0.8195095943021153,1.0226929512970238,0.30443291443948506,1.4210854715202004e-14
Switch-0.10,6,32,614,508,noG,10,0,10.0,0.0,0.19925820000000272,0.8185542188740336,1.0077152228589514,0.304104332996649,1.4210854715202004e-14
Switch-0.10,6,32,614,508,noG,15,0,15.0,0.0,0.30021619999999416,0.8171333524427323,0.9909848641257423,0.3032939203564244,1.4210854715202004e-14
Switch-0.10,6,32,614,508,noG,20,0,20.0,0.0,0.40743620000000647,0.8152780097761829,0.9723311093563771,0.30196462013240566,7.105427357601002e-15
Switch-0.10,6,32,614,508,noG,25,0,25.0,0.0,0.5146623999999917,0.8136395629278006,0.9509904675804999,0.300161452686267,1.4210854715202004e-14
Switch-0.10,6,32,614,508,PPM-3,0,0,0.0,0.0,3.500000019585059e-06,0.8187803927993269,1.0372921485878306,0.3043478582160952,1.4210854715202004e-14
Switch-0.10,6,32,614,508,PPM-3,5,0,15.0,0.0,0.03157940000002668,0.8189746503889593,1.035443078429667,0.30437965740181416,1.4210854715202004e-14
Switch-0.10,6,32,614,508,PPM-3,10,0,30.0,0.0,0.062393600000007154,0.8191697863483866,1.0335627144481303,0.3044055985899032,7.105427357601002e-15
Switch-0.10,6,32,614,508,PPM-3,15,0,45.0,0.0,0.0942776000000265,0.8193656491975897,1.0316508924209424,0.30442563626413194,7.105427357601002e-15
Switch-0.10,6,32,614,508,PPM-3,20,0,60.0,0.0,0.12667240000001811,0.8194986084388262,1.0297709270135305,0.30443970672370113,2.1316282072803006e-14
Switch-0.10,6,32,614,508,PPM-3,25,0,75.0,0.0,0.16075600000002055,0.8195686423450009,1.0279225242320713,0.3044477289466358,1.4210854715202004e-14
Switch-0.10,6,32,614,509,QP+G,0,0,0.0,0.0,3.8999999958377884e-06,0.8157438857277158,1.3507876691791814,0.3032492474707168,1.4210854715202004e-14
Switch-0.10,6,32,614,509,QP+G,5,0,5.0,5.0,0.3963632999999902,0.8157438857277158,1.3507876691791814,0.3032492474707168,1.4210854715202004e-14
Switch-0.10,6,32,614,509,QP+G,10,0,10.0,10.0,0.7778276999999889,0.8157438857277158,1.3507876691791814,0.3032492474707168,1.4210854715202004e-14
Switch-0.10,6,32,614,509,QP+G,15,0,15.0,15.0,1.1216010999999924,0.8157438857277158,1.3507876691791814,0.3032492474707168,1.4210854715202004e-14
Switch-0.10,6,32,614,509,QP+G,20,0,20.0,20.0,1.4842964999999992,0.8157438857277158,1.3507876691791814,0.3032492474707168,1.4210854715202004e-14
Switch-0.10,6,32,614,509,QP+G,25,0,25.0,25.0,1.8055233000000044,0.8157438857277158,1.3507876691791814,0.3032492474707168,1.4210854715202004e-14
Switch-0.10,6,32,614,509,noG,0,0,0.0,0.0,6.700000000137152e-06,0.8157438857277158,1.3507876691791814,0.3032492474707168,1.4210854715202004e-14
Switch-0.10,6,32,614,509,noG,5,0,5.0,0.0,0.15329140000000052,0.8157438857277158,1.3507876691791814,0.3032492474707168,1.4210854715202004e-14
Switch-0.10,6,32,614,509,noG,10,0,10.0,0.0,0.2956236000000274,0.8157438857277158,1.3507876691791814,0.3032492474707168,1.4210854715202004e-14
Switch-0.10,6,32,614,509,noG,15,0,15.0,0.0,0.4388602000000219,0.8157438857277158,1.3507876691791814,0.3032492474707168,1.4210854715202004e-14
Switch-0.10,6,32,614,509,noG,20,0,20.0,0.0,0.5761472000000083,0.8157438857277158,1.3507876691791814,0.3032492474707168,1.4210854715202004e-14
Switch-0.10,6,32,614,509,noG,25,0,25.0,0.0,0.7445843000000139,0.8157438857277158,1.3507876691791814,0.3032492474707168,1.4210854715202004e-14
Switch-0.10,6,32,614,509,PPM-3,0,0,0.0,0.0,5.6999999742402e-06,0.8157438857277158,1.3507876691791814,0.3032492474707168,1.4210854715202004e-14
Switch-0.10,6,32,614,509,PPM-3,5,0,15.0,0.0,0.0459453999999937,0.8157896426829588,1.349970282925597,0.3041879918998397,1.4210854715202004e-14
Switch-0.10,6,32,614,509,PPM-3,10,0,30.0,0.0,0.09358229999998002,0.8158489293190637,1.3491079035275897,0.3051309817790999,2.1316282072803006e-14
Switch-0.10,6,32,614,509,PPM-3,15,0,45.0,0.0,0.14636409999999955,0.8159220449501942,1.3481998359012826,0.3060783010951884,2.1316282072803006e-14
Switch-0.10,6,32,614,509,PPM-3,20,0,60.0,0.0,0.2004795999999942,0.8160092952896332,1.3472453808166407,0.30703002234752363,2.1316282072803006e-14
Switch-0.10,6,32,614,509,PPM-3,25,0,75.0,0.0,0.23547349999998346,0.8161109925664992,1.346243834893981,0.307986205702115,2.1316282072803006e-14
Switch-0.10,6,32,614,510,QP+G,0,0,0.0,0.0,3.8999999958377884e-06,0.8265150577664834,1.1560666116270637,0.3140283821574517,1.4210854715202004e-14
Switch-0.10,6,32,614,510,QP+G,5,0,5.0,5.0,0.30106219999998984,0.831215405765075,1.134262117144338,0.30774343331997495,1.4210854715202004e-14
Switch-0.10,6,32,614,510,QP+G,10,0,10.0,10.0,0.5856440999999961,0.8356439226743317,1.1129577263419135,0.3013031781830581,2.1316282072803006e-14
Switch-0.10,6,32,614,510,QP+G,15,0,15.0,15.0,0.9183463999999901,0.8398750988927504,1.092196072696829,0.29481826434866104,2.1316282072803006e-14
Switch-0.10,6,32,614,510,QP+G,20,0,20.0,20.0,1.271530399999989,0.8437734630081242,1.0722056161035805,0.2883978945320277,1.4210854715202004e-14
Switch-0.10,6,32,614,510,QP+G,25,0,25.0,25.0,1.6092678999999919,0.8472575180113969,1.0531354330991003,0.2821428655913745,1.4210854715202004e-14
Switch-0.10,6,32,614,510,noG,0,0,0.0,0.0,6.2000000013995304e-06,0.8265150577664834,1.1560666116270637,0.3140283821574517,1.4210854715202004e-14
Switch-0.10,6,32,614,510,noG,5,0,5.0,0.0,0.1459639999999922,0.8265150577664834,1.1560666116270637,0.3140283821574517,1.4210854715202004e-14
Switch-0.10,6,32,614,510,noG,10,0,10.0,0.0,0.2928752999999915,0.8265150577664834,1.1560666116270637,0.3140283821574517,1.4210854715202004e-14
Switch-0.10,6,32,614,510,noG,15,0,15.0,0.0,0.4369764999999859,0.8265150577664834,1.1560666116270637,0.3140283821574517,1.4210854715202004e-14
Switch-0.10,6,32,614,510,noG,20,0,20.0,0.0,0.5757304999999917,0.8265150577664834,1.1560666116270637,0.3140283821574517,1.4210854715202004e-14
Switch-0.10,6,32,614,510,noG,25,0,25.0,0.0,0.7126307999999995,0.8265150577664834,1.1560666116270637,0.3140283821574517,1.4210854715202004e-14
Switch-0.10,6,32,614,510,PPM-3,0,0,0.0,0.0,4.600000011123484e-06,0.8265150577664834,1.1560666116270637,0.3140283821574517,1.4210854715202004e-14
Switch-0.10,6,32,614,510,PPM-3,5,0,15.0,0.0,0.04331429999999159,0.826694272974229,1.1553960004199955,0.31494213855990016,1.4210854715202004e-14
Switch-0.10,6,32,614,510,PPM-3,10,0,30.0,0.0,0.08510200000000623,0.8269019703309807,1.1546227346957645,0.3158486478595266,1.4210854715202004e-14
Switch-0.10,6,32,614,510,PPM-3,15,0,45.0,0.0,0.12505279999999175,0.8271141674893515,1.1537693608627908,0.31674731123862876,2.1316282072803006e-14
Switch-0.10,6,32,614,510,PPM-3,20,0,60.0,0.0,0.16581460000000448,0.827338392194448,1.152826927020778,0.3176374611813715,2.1316282072803006e-14
Switch-0.10,6,32,614,510,PPM-3,25,0,75.0,0.0,0.2082990000000109,0.8275917899665924,1.1517768792838416,0.3185183632755518,2.1316282072803006e-14
Switch-0.10,6,32,614,511,QP+G,0,0,0.0,0.0,4.39999999457541e-06,0.8101343022866327,1.3754039828969713,0.30240942816466365,2.1316282072803006e-14
Switch-0.10,6,32,614,511,QP+G,5,0,5.0,5.0,0.3200736000000006,0.8129742189389978,1.3552612126340917,0.3010551123598945,2.1316282072803006e-14
Switch-0.10,6,32,614,511,QP+G,10,0,10.0,10.0,0.6285070000000132,0.815825595249887,1.334934311445533,0.29959133904655605,1.4210854715202004e-14
Switch-0.10,6,32,614,511,QP+G,15,0,15.0,15.0,0.9429157000000146,0.8185564392145391,1.3145903025003935,0.298010540048078,1.4210854715202004e-14
Switch-0.10,6,32,614,511,QP+G,20,0,20.0,20.0,1.230421299999989,0.8213325206113578,1.2941019282592647,0.2963065380809615,1.4210854715202004e-14
Switch-0.10,6,32,614,511,QP+G,25,0,25.0,25.0,1.4690636999999924,0.8237378750423691,1.273926628653383,0.294474956235305,1.4210854715202004e-14
Switch-0.10,6,32,614,511,noG,0,0,0.0,0.0,4.699999976764957e-06,0.8101343022866327,1.3754039828969713,0.30240942816466365,2.1316282072803006e-14
Switch-0.10,6,32,614,511,noG,5,0,5.0,0.0,0.11536099999997873,0.8101343022866327,1.3754039828969713,0.30240942816466365,2.1316282072803006e-14
Switch-0.10,6,32,614,511,noG,10,0,10.0,0.0,0.21885679999999752,0.8101343022866327,1.3754039828969713,0.30240942816466365,2.1316282072803006e-14
Switch-0.10,6,32,614,511,noG,15,0,15.0,0.0,0.3176271999999756,0.8101343022866327,1.3754039828969713,0.30240942816466365,2.1316282072803006e-14
Switch-0.10,6,32,614,511,noG,20,0,20.0,0.0,0.4279583999999943,0.8101343022866327,1.3754039828969713,0.30240942816466365,2.1316282072803006e-14
Switch-0.10,6,32,614,511,noG,25,0,25.0,0.0,0.528365899999983,0.8101343022866327,1.3754039828969713,0.30240942816466365,2.1316282072803006e-14
Switch-0.10,6,32,614,511,PPM-3,0,0,0.0,0.0,3.500000019585059e-06,0.8101343022866327,1.3754039828969713,0.30240942816466365,2.1316282072803006e-14
Switch-0.10,6,32,614,511,PPM-3,5,0,15.0,0.0,0.033317100000004984,0.8108544660146745,1.3728719447681836,0.3034109023904807,1.4210854715202004e-14
Switch-0.10,6,32,614,511,PPM-3,10,0,30.0,0.0,0.0672064999999975,0.811596083793998,1.37024260014353,0.3044192419409119,2.1316282072803006e-14
Switch-0.10,6,32,614,511,PPM-3,15,0,45.0,0.0,0.10038880000001882,0.8123595751548074,1.3675148902300747,0.3054344436723707,2.1316282072803006e-14
Switch-0.10,6,32,614,511,PPM-3,20,0,60.0,0.0,0.1375011000000086,0.8131453668800809,1.3646877598556766,0.30645646538239935,1.4210854715202004e-14
Switch-0.10,6,32,614,511,PPM-3,25,0,75.0,0.0,0.18249539999999342,0.8139538929584674,1.3617601588987416,0.3074852235905527,1.4210854715202004e-14
Switch-0.14,6,32,614,500,QP+G,0,0,0.0,0.0,4.500000017060302e-06,0.778250333488662,1.1287607878819133,0.25818447314848075,1.4210854715202004e-14
Switch-0.14,6,32,614,500,QP+G,5,0,5.0,5.0,0.3399014999999963,0.7809966304344602,1.1157163115582307,0.25621156849117127,1.4210854715202004e-14
Switch-0.14,6,32,614,500,QP+G,10,0,10.0,10.0,0.6817486000000201,0.7837288313007388,1.1028235820282495,0.25422614083344597,1.4210854715202004e-14
Switch-0.14,6,32,614,500,QP+G,15,0,15.0,15.0,1.0215064000000211,0.7863747878091341,1.0901615232078534,0.2522360112690635,2.1316282072803006e-14
Switch-0.14,6,32,614,500,QP+G,20,0,20.0,20.0,1.3577343000000042,0.7890066472874826,1.077663758708646,0.2502488306158213,1.4210854715202004e-14
Switch-0.14,6,32,614,500,QP+G,25,0,25.0,25.0,1.6917243000000042,0.7915856720585596,1.0653738449018024,0.24827191609307397,1.4210854715202004e-14
Switch-0.14,6,32,614,500,noG,0,0,0.0,0.0,4.100000012385863e-06,0.778250333488662,1.1287607878819133,0.25818447314848075,1.4210854715202004e-14
Switch-0.14,6,32,614,500,noG,5,0,5.0,0.0,0.1282290000000046,0.778250333488662,1.1287607878819133,0.25818447314848075,1.4210854715202004e-14
Switch-0.14,6,32,614,500,noG,10,0,10.0,0.0,0.2628452000000152,0.778250333488662,1.1287607878819133,0.25818447314848075,1.4210854715202004e-14
Switch-0.14,6,32,614,500,noG,15,0,15.0,0.0,0.3920245000000193,0.778250333488662,1.1287607878819133,0.25818447314848075,1.4210854715202004e-14
Switch-0.14,6,32,614,500,noG,20,0,20.0,0.0,0.5172217000000217,0.778250333488662,1.1287607878819133,0.25818447314848075,1.4210854715202004e-14
Switch-0.14,6,32,614,500,noG,25,0,25.0,0.0,0.64295580000001,0.778250333488662,1.1287607878819133,0.25818447314848075,1.4210854715202004e-14
Switch-0.14,6,32,614,500,PPM-3,0,0,0.0,0.0,7.300000021359665e-06,0.778250333488662,1.1287607878819133,0.25818447314848075,1.4210854715202004e-14
Switch-0.14,6,32,614,500,PPM-3,5,0,15.0,0.0,0.040578400000015336,0.7788739003934513,1.1287919852359851,0.2585591406203796,1.4210854715202004e-14
Switch-0.14,6,32,614,500,PPM-3,10,0,30.0,0.0,0.07486769999999865,0.7794457370769773,1.1288305696491134,0.2589425823176738,2.1316282072803006e-14
Switch-0.14,6,32,614,500,PPM-3,15,0,45.0,0.0,0.11218920000001731,0.7798367061145933,1.1290050800607845,0.2593347111642608,1.4210854715202004e-14
Switch-0.14,6,32,614,500,PPM-3,20,0,60.0,0.0,0.14855780000002028,0.780210048583295,1.129151684733212,0.2597354275875768,1.4210854715202004e-14
Switch-0.14,6,32,614,500,PPM-3,25,0,75.0,0.0,0.1839006000000154,0.7805919408053409,1.1292436249134616,0.2601446195196241,1.4210854715202004e-14
Switch-0.14,6,32,614,501,QP+G,0,0,0.0,0.0,4.300000000512227e-06,0.8046350942355864,1.1481232590063382,0.3415295693684159,1.4210854715202004e-14
Switch-0.14,6,32,614,501,QP+G,5,0,5.0,5.0,0.2845122000000231,0.8072672019011723,1.128323818577826,0.3397749809867545,1.4210854715202004e-14
Switch-0.14,6,32,614,501,QP+G,10,0,10.0,10.0,0.5610743000000014,0.8093378453691443,1.1092006705266577,0.3379916700491288,1.4210854715202004e-14
Switch-0.14,6,32,614,501,QP+G,15,0,15.0,15.0,0.836349800000022,0.8110686737188695,1.0905732779251585,0.33614620248098526,1.4210854715202004e-14
Switch-0.14,6,32,614,501,QP+G,20,0,20.0,20.0,1.1141566000000012,0.8122949085694277,1.072650548583296,0.3342057878733682,1.4210854715202004e-14
Switch-0.14,6,32,614,501,QP+G,25,0,25.0,25.0,1.3911201000000233,0.8134274929096652,1.0550673927935432,0.3321383206113922,1.4210854715202004e-14
Switch-0.14,6,32,614,501,noG,0,0,0.0,0.0,5.29999999798747e-06,0.8046350942355864,1.1481232590063382,0.3415295693684159,1.4210854715202004e-14
Switch-0.14,6,32,614,501,noG,5,0,5.0,0.0,0.1153917999999976,0.8046350942355864,1.1481232590063382,0.3415295693684159,1.4210854715202004e-14
Switch-0.14,6,32,614,501,noG,10,0,10.0,0.0,0.2332610999999929,0.8046350942355864,1.1481232590063382,0.3415295693684159,1.4210854715202004e-14
Switch-0.14,6,32,614,501,noG,15,0,15.0,0.0,0.34574159999999665,0.8046350942355864,1.1481232590063382,0.3415295693684159,1.4210854715202004e-14
Switch-0.14,6,32,614,501,noG,20,0,20.0,0.0,0.4573799000000065,0.8046350942355864,1.1481232590063382,0.3415295693684159,1.4210854715202004e-14
Switch-0.14,6,32,614,501,noG,25,0,25.0,0.0,0.5669196999999997,0.8046350942355864,1.1481232590063382,0.3415295693684159,1.4210854715202004e-14
Switch-0.14,6,32,614,501,PPM-3,0,0,0.0,0.0,3.8999999958377884e-06,0.8046350942355864,1.1481232590063382,0.3415295693684159,1.4210854715202004e-14
Switch-0.14,6,32,614,501,PPM-3,5,0,15.0,0.0,0.033125599999976885,0.8038266558517677,1.1478024773945936,0.3422529689615833,1.4210854715202004e-14
Switch-0.14,6,32,614,501,PPM-3,10,0,30.0,0.0,0.06362449999997466,0.8029520562551298,1.147476727199421,0.34294901880989026,1.4210854715202004e-14
Switch-0.14,6,32,614,501,PPM-3,15,0,45.0,0.0,0.09477989999999181,0.8019989614276384,1.147157552166629,0.3436179341627059,1.4210854715202004e-14
Switch-0.14,6,32,614,501,PPM-3,20,0,60.0,0.0,0.12607149999999478,0.8010741862289598,1.1467373804200078,0.34425996787286894,2.1316282072803006e-14
Switch-0.14,6,32,614,501,PPM-3,25,0,75.0,0.0,0.1604558999999881,0.8001782269704444,1.1462149931815064,0.3448754057622568,7.105427357601002e-15
Switch-0.14,6,32,614,502,QP+G,0,0,0.0,0.0,4.9999999873762135e-06,0.7972402450242224,1.1574686693273635,0.34227985293878616,1.4210854715202004e-14
Switch-0.14,6,32,614,502,QP+G,5,0,5.0,5.0,0.2736633000000097,0.801078163080424,1.1373388320267581,0.33686315133444167,1.4210854715202004e-14
Switch-0.14,6,32,614,502,QP+G,10,0,10.0,10.0,0.5239020999999866,0.804521125076129,1.1177416653529242,0.3312650046440055,1.4210854715202004e-14
Switch-0.14,6,32,614,502,QP+G,15,0,15.0,15.0,0.7888939999999991,0.8077761054581425,1.0985337080458872,0.3254919624631136,1.4210854715202004e-14
Switch-0.14,6,32,614,502,QP+G,20,0,20.0,20.0,1.0664628000000107,0.8109412238215157,1.079681219526926,0.3195644050528195,1.4210854715202004e-14
Switch-0.14,6,32,614,502,QP+G,25,0,25.0,25.0,1.3840453999999909,0.8139505398070409,1.0613122919095224,0.3135159166457439,1.4210854715202004e-14
Switch-0.14,6,32,614,502,noG,0,0,0.0,0.0,6.900000016685226e-06,0.7972402450242224,1.1574686693273635,0.34227985293878616,1.4210854715202004e-14
Switch-0.14,6,32,614,502,noG,5,0,5.0,0.0,0.25491550000000984,0.7972402450242224,1.1574686693273635,0.34227985293878616,1.4210854715202004e-14
Switch-0.14,6,32,614,502,noG,10,0,10.0,0.0,0.4620456000000104,0.7972402450242224,1.1574686693273635,0.34227985293878616,1.4210854715202004e-14
Switch-0.14,6,32,614,502,noG,15,0,15.0,0.0,0.6341733000000147,0.7972402450242224,1.1574686693273635,0.34227985293878616,1.4210854715202004e-14
Switch-0.14,6,32,614,502,noG,20,0,20.0,0.0,0.8031175000000133,0.7972402450242224,1.1574686693273635,0.34227985293878616,1.4210854715202004e-14
Switch-0.14,6,32,614,502,noG,25,0,25.0,0.0,0.9381231000000128,0.7972402450242224,1.1574686693273635,0.34227985293878616,1.4210854715202004e-14
Switch-0.14,6,32,614,502,PPM-3,0,0,0.0,0.0,6.2000000013995304e-06,0.7972402450242224,1.1574686693273635,0.34227985293878616,1.4210854715202004e-14
Switch-0.14,6,32,614,502,PPM-3,5,0,15.0,0.0,0.034951599999999416,0.7971411460678027,1.1555682176063313,0.3429873804378911,1.4210854715202004e-14
Switch-0.14,6,32,614,502,PPM-3,10,0,30.0,0.0,0.07182889999998565,0.7969534408864605,1.1536900449916236,0.34366999987555574,1.4210854715202004e-14
Switch-0.14,6,32,614,502,PPM-3,15,0,45.0,0.0,0.126041999999984,0.7967628267723501,1.1517486168877575,0.34432707735773216,1.4210854715202004e-14
Switch-0.14,6,32,614,502,PPM-3,20,0,60.0,0.0,0.16094830000000115,0.7965094438437513,1.1498039856315523,0.34495797776445286,2.1316282072803006e-14
Switch-0.14,6,32,614,502,PPM-3,25,0,75.0,0.0,0.19676340000000891,0.7962000309769263,1.1478496350732668,0.3455620646860207,2.1316282072803006e-14
Switch-0.14,6,32,614,503,QP+G,0,0,0.0,0.0,4.199999978027336e-06,0.7913601779275229,1.2811708338030998,0.375523903744195,7.105427357601002e-15
Switch-0.14,6,32,614,503,QP+G,5,0,5.0,5.0,0.2697565999999938,0.7913601779275229,1.2811708338030998,0.375523903744195,7.105427357601002e-15
Switch-0.14,6,32,614,503,QP+G,10,0,10.0,10.0,0.5083345999999835,0.7913601779275229,1.2811708338030998,0.375523903744195,7.105427357601002e-15
Switch-0.14,6,32,614,503,QP+G,15,0,15.0,15.0,0.7781782999999791,0.7913601779275229,1.2811708338030998,0.375523903744195,7.105427357601002e-15
Switch-0.14,6,32,614,503,QP+G,20,0,20.0,20.0,1.0363916000000017,0.7913601779275229,1.2811708338030998,0.375523903744195,7.105427357601002e-15
Switch-0.14,6,32,614,503,QP+G,25,0,25.0,25.0,1.2845391999999833,0.7913601779275229,1.2811708338030998,0.375523903744195,7.105427357601002e-15
Switch-0.14,6,32,614,503,noG,0,0,0.0,0.0,3.7000000077114237e-06,0.7913601779275229,1.2811708338030998,0.375523903744195,7.105427357601002e-15
Switch-0.14,6,32,614,503,noG,5,0,5.0,0.0,0.10929640000000518,0.7913601779275229,1.2811708338030998,0.375523903744195,7.105427357601002e-15
Switch-0.14,6,32,614,503,noG,10,0,10.0,0.0,0.22911659999999756,0.7913601779275229,1.2811708338030998,0.375523903744195,7.105427357601002e-15
Switch-0.14,6,32,614,503,noG,15,0,15.0,0.0,0.34101799999999116,0.7913601779275229,1.2811708338030998,0.375523903744195,7.105427357601002e-15
Switch-0.14,6,32,614,503,noG,20,0,20.0,0.0,0.45809829999998897,0.7913601779275229,1.2811708338030998,0.375523903744195,7.105427357601002e-15
Switch-0.14,6,32,614,503,noG,25,0,25.0,0.0,0.5677197999999919,0.7913601779275229,1.2811708338030998,0.375523903744195,7.105427357601002e-15
Switch-0.14,6,32,614,503,PPM-3,0,0,0.0,0.0,3.399999997100167e-06,0.7913601779275229,1.2811708338030998,0.375523903744195,7.105427357601002e-15
Switch-0.14,6,32,614,503,PPM-3,5,0,15.0,0.0,0.035871200000002545,0.7913027810785712,1.2789986923404433,0.375883577015258,1.4210854715202004e-14
Switch-0.14,6,32,614,503,PPM-3,10,0,30.0,0.0,0.08152110000000334,0.7906716352278973,1.2773322138206253,0.3762114612575744,1.4210854715202004e-14
Switch-0.14,6,32,614,503,PPM-3,15,0,45.0,0.0,0.12436289999999417,0.7897355457613493,1.27590214418351,0.37650853813574364,1.4210854715202004e-14
Switch-0.14,6,32,614,503,PPM-3,20,0,60.0,0.0,0.1639944000000071,0.788715494791799,1.274487082579303,0.37677576273610763,1.4210854715202004e-14
Switch-0.14,6,32,614,503,PPM-3,25,0,75.0,0.0,0.19934829999999693,0.7877093856764803,1.2729887379629001,0.3770140594221136,2.1316282072803006e-14
Switch-0.14,6,32,614,504,QP+G,0,0,0.0,0.0,4.39999999457541e-06,0.7749110552098966,1.3497843055258758,0.30476305251066355,1.4210854715202004e-14
Switch-0.14,6,32,614,504,QP+G,5,0,5.0,5.0,0.28525790000000484,0.7789683917550227,1.3323643586769058,0.3035844083569108,1.4210854715202004e-14
Switch-0.14,6,32,614,504,QP+G,10,0,10.0,10.0,0.5866715999999883,0.7825962130585392,1.3150864355047212,0.30233107832653694,1.4210854715202004e-14
Switch-0.14,6,32,614,504,QP+G,15,0,15.0,15.0,0.8474332000000118,0.7857837091604242,1.2979927449842532,0.30100420767756275,1.4210854715202004e-14
Switch-0.14,6,32,614,504,QP+G,20,0,20.0,20.0,1.0940239999999903,0.7878579057810193,1.281791704588254,0.2996103395541222,2.1316282072803006e-14
Switch-0.14,6,32,614,504,QP+G,25,0,25.0,25.0,1.3554499999999905,0.7898461131346645,1.2654945088633416,0.29816072085384326,1.4210854715202004e-14
Switch-0.14,6,32,614,504,noG,0,0,0.0,0.0,3.399999997100167e-06,0.7749110552098966,1.3497843055258758,0.30476305251066355,1.4210854715202004e-14
Switch-0.14,6,32,614,504,noG,5,0,5.0,0.0,0.12007980000001339,0.7749110552098966,1.3497843055258758,0.30476305251066355,1.4210854715202004e-14
Switch-0.14,6,32,614,504,noG,10,0,10.0,0.0,0.22404840000001514,0.7749110552098966,1.3497843055258758,0.30476305251066355,1.4210854715202004e-14
Switch-0.14,6,32,614,504,noG,15,0,15.0,0.0,0.3508156000000042,0.7749110552098966,1.3497843055258758,0.30476305251066355,1.4210854715202004e-14
Switch-0.14,6,32,614,504,noG,20,0,20.0,0.0,0.48636659999999665,0.7749110552098966,1.3497843055258758,0.30476305251066355,1.4210854715202004e-14
Switch-0.14,6,32,614,504,noG,25,0,25.0,0.0,0.5939441000000159,0.7749110552098966,1.3497843055258758,0.30476305251066355,1.4210854715202004e-14
Switch-0.14,6,32,614,504,PPM-3,0,0,0.0,0.0,3.4999999911633495e-06,0.7749110552098966,1.3497843055258758,0.30476305251066355,1.4210854715202004e-14
Switch-0.14,6,32,614,504,PPM-3,5,0,15.0,0.0,0.0350962999999922,0.7762336506559252,1.3486503611024565,0.30566411622210216,1.4210854715202004e-14
Switch-0.14,6,32,614,504,PPM-3,10,0,30.0,0.0,0.06821930000000975,0.7775187536065968,1.3474989638818782,0.3065745602319193,1.4210854715202004e-14
Switch-0.14,6,32,614,504,PPM-3,15,0,45.0,0.0,0.10014770000000794,0.7788385082364172,1.3462571225174758,0.3074941604802657,2.1316282072803006e-14
Switch-0.14,6,32,614,504,PPM-3,20,0,60.0,0.0,0.13389960000000656,0.7801801753520106,1.3449367219492234,0.308422646511155,2.1316282072803006e-14
Switch-0.14,6,32,614,504,PPM-3,25,0,75.0,0.0,0.1665835999999956,0.7812970809597904,1.3437835750148435,0.30935969961465654,1.4210854715202004e-14
Switch-0.14,6,32,614,505,QP+G,0,0,0.0,0.0,4.39999999457541e-06,0.7868637658843923,1.264871428418704,0.2938667398911604,1.4210854715202004e-14
Switch-0.14,6,32,614,505,QP+G,5,0,5.0,5.0,0.2760041999999885,0.7901699955193655,1.2509166523980568,0.2918609165059749,2.1316282072803006e-14
Switch-0.14,6,32,614,505,QP+G,10,0,10.0,10.0,0.5525336000000038,0.7934767876682625,1.236612678759412,0.2898135112829961,2.1316282072803006e-14
Switch-0.14,6,32,614,505,QP+G,15,0,15.0,15.0,0.8319702000000007,0.7963134616358293,1.222463184998496,0.28773520777269307,2.1316282072803006e-14
Switch-0.14,6,32,614,505,QP+G,20,0,20.0,20.0,1.1103810999999837,0.7989995811215401,1.2081851225940765,0.28563857277870336,2.1316282072803006e-14
Switch-0.14,6,32,614,505,QP+G,25,0,25.0,25.0,1.3763131999999985,0.8016412561605245,1.193711714126433,0.2835380017706934,1.4210854715202004e-14
Switch-0.14,6,32,614,505,noG,0,0,0.0,0.0,4.200000006449045e-06,0.7868637658843923,1.264871428418704,0.2938667398911604,1.4210854715202004e-14
Switch-0.14,6,32,614,505,noG,5,0,5.0,0.0,0.11608140000001299,0.7868637658843923,1.264871428418704,0.2938667398911604,1.4210854715202004e-14
Switch-0.14,6,32,614,505,noG,10,0,10.0,0.0,0.2292304999999999,0.7868637658843923,1.264871428418704,0.2938667398911604,1.4210854715202004e-14
Switch-0.14,6,32,614,505,noG,15,0,15.0,0.0,0.342553200000026,0.7868637658843923,1.264871428418704,0.2938667398911604,1.4210854715202004e-14
Switch-0.14,6,32,614,505,noG,20,0,20.0,0.0,0.45755600000001095,0.7868637658843923,1.264871428418704,0.2938667398911604,1.4210854715202004e-14
Switch-0.14,6,32,614,505,noG,25,0,25.0,0.0,0.5690171000000248,0.7868637658843923,1.264871428418704,0.2938667398911604,1.4210854715202004e-14
Switch-0.14,6,32,614,505,PPM-3,0,0,0.0,0.0,4.799999999249849e-06,0.7868637658843923,1.264871428418704,0.2938667398911604,1.4210854715202004e-14
Switch-0.14,6,32,614,505,PPM-3,5,0,15.0,0.0,0.03648499999999899,0.787236739755918,1.2645166137345583,0.29473123929584016,1.4210854715202004e-14
Switch-0.14,6,32,614,505,PPM-3,10,0,30.0,0.0,0.07139530000000605,0.7876354302329759,1.2640894869609647,0.2956067837680292,2.1316282072803006e-14
Switch-0.14,6,32,614,505,PPM-3,15,0,45.0,0.0,0.10791040000000862,0.7880607085349867,1.2635882476502476,0.2964933182525109,1.4210854715202004e-14
Switch-0.14,6,32,614,505,PPM-3,20,0,60.0,0.0,0.14552960000000326,0.7885026236587995,1.2630219057189742,0.2973907553936298,7.105427357601002e-15
Switch-0.14,6,32,614,505,PPM-3,25,0,75.0,0.0,0.18013210000000868,0.7886751096726474,1.2626755747773468,0.2982989758794934,1.4210854715202004e-14
Switch-0.14,6,32,614,506,QP+G,0,0,0.0,0.0,5.3999999920506525e-06,0.7888657292159282,1.1554452202885366,0.27473548518714275,1.4210854715202004e-14
Switch-0.14,6,32,614,506,QP+G,5,0,5.0,5.0,0.2983997000000045,0.7921256425109829,1.144703540377074,0.27452177538376366,1.4210854715202004e-14
Switch-0.14,6,32,614,506,QP+G,10,0,10.0,10.0,0.6134248999999841,0.7952065702809863,1.1341000131125514,0.27422146726143654,1.4210854715202004e-14
Switch-0.14,6,32,614,506,QP+G,15,0,15.0,15.0,0.9202300999999977,0.7982022196955414,1.1233852416520145,0.27383998343044325,7.105427357601002e-15
Switch-0.14,6,32,614,506,QP+G,20,0,20.0,20.0,1.2394903,0.8012475934482834,1.1124073866334545,0.2733937574237622,1.4210854715202004e-14
Switch-0.14,6,32,614,506,QP+G,25,0,25.0,25.0,1.5454446999999902,0.8043381953528188,1.1011890397509458,0.2729107830048368,2.1316282072803006e-14
Switch-0.14,6,32,614,506,noG,0,0,0.0,0.0,5.100000009861105e-06,0.7888657292159282,1.1554452202885366,0.27473548518714275,1.4210854715202004e-14
Switch-0.14,6,32,614,506,noG,5,0,5.0,0.0,0.12124099999999771,0.7888657292159282,1.1554452202885366,0.27473548518714275,1.4210854715202004e-14
Switch-0.14,6,32,614,506,noG,10,0,10.0,0.0,0.23371779999999376,0.7888657292159282,1.1554452202885366,0.27473548518714275,1.4210854715202004e-14
Switch-0.14,6,32,614,506,noG,15,0,15.0,0.0,0.3532015000000115,0.7888657292159282,1.1554452202885366,0.27473548518714275,1.4210854715202004e-14
Switch-0.14,6,32,614,506,noG,20,0,20.0,0.0,0.4736257000000137,0.7888657292159282,1.1554452202885366,0.27473548518714275,1.4210854715202004e-14
Switch-0.14,6,32,614,506,noG,25,0,25.0,0.0,0.5926626000000113,0.7888657292159282,1.1554452202885366,0.27473548518714275,1.4210854715202004e-14
Switch-0.14,6,32,614,506,PPM-3,0,0,0.0,0.0,3.6999999792897142e-06,0.7888657292159282,1.1554452202885366,0.27473548518714275,1.4210854715202004e-14
Switch-0.14,6,32,614,506,PPM-3,5,0,15.0,0.0,0.040173599999974385,0.7906189683278175,1.1542921796179086,0.2757751668605628,2.1316282072803006e-14
Switch-0.14,6,32,614,506,PPM-3,10,0,30.0,0.0,0.07351949999997487,0.792229635318005,1.153249099486683,0.27682700716482816,1.4210854715202004e-14
Switch-0.14,6,32,614,506,PPM-3,15,0,45.0,0.0,0.10535629999998264,0.7938459583386301,1.152166818866017,0.277890463137746,1.4210854715202004e-14
Switch-0.14,6,32,614,506,PPM-3,20,0,60.0,0.0,0.13874709999998913,0.7954635109173004,1.1510488263970986,0.2789649346451593,1.4210854715202004e-14
Switch-0.14,6,32,614,506,PPM-3,25,0,75.0,0.0,0.17323469999999475,0.797101116311869,1.1498753567497553,0.28004976573996826,1.4210854715202004e-14
Switch-0.14,6,32,614,507,QP+G,0,0,0.0,0.0,4.300000000512227e-06,0.7774685603801942,1.1890707821059157,0.29689530252708674,1.4210854715202004e-14
Switch-0.14,6,32,614,507,QP+G,5,0,5.0,5.0,0.27123209999999176,0.7790414829270109,1.1722410775806316,0.2941463412131249,7.105427357601002e-15
Switch-0.14,6,32,614,507,QP+G,10,0,10.0,10.0,0.5368092999999874,0.7804571167322075,1.155724815565847,0.2915802299017737,1.4210854715202004e-14
Switch-0.14,6,32,614,507,QP+G,15,0,15.0,15.0,0.81792489999998,0.7812142203600271,1.140029779834875,0.2892238619640288,1.4210854715202004e-14
Switch-0.14,6,32,614,507,QP+G,20,0,20.0,20.0,1.0981677000000047,0.781677975626224,1.1247921734318267,0.2871010465564793,1.4210854715202004e-14
Switch-0.14,6,32,614,507,QP+G,25,0,25.0,25.0,1.3728477999999882,0.782044967648674,1.1098117513822847,0.2852321588156862,1.4210854715202004e-14
Switch-0.14,6,32,614,507,noG,0,0,0.0,0.0,8.199999996350016e-06,0.7774685603801942,1.1890707821059157,0.29689530252708674,1.4210854715202004e-14
Switch-0.14,6,32,614,507,noG,5,0,5.0,0.0,0.1327641999999969,0.7774685603801942,1.1890707821059157,0.29689530252708674,1.4210854715202004e-14
Switch-0.14,6,32,614,507,noG,10,0,10.0,0.0,0.24940639999999803,0.7774685603801942,1.1890707821059157,0.29689530252708674,1.4210854715202004e-14
Switch-0.14,6,32,614,507,noG,15,0,15.0,0.0,0.35340849999997204,0.7774685603801942,1.1890707821059157,0.29689530252708674,1.4210854715202004e-14
Switch-0.14,6,32,614,507,noG,20,0,20.0,0.0,0.4737070999999844,0.7774685603801942,1.1890707821059157,0.29689530252708674,1.4210854715202004e-14
Switch-0.14,6,32,614,507,noG,25,0,25.0,0.0,0.575870899999984,0.7774685603801942,1.1890707821059157,0.29689530252708674,1.4210854715202004e-14
Switch-0.14,6,32,614,507,PPM-3,0,0,0.0,0.0,3.7000000077114237e-06,0.7774685603801942,1.1890707821059157,0.29689530252708674,1.4210854715202004e-14
Switch-0.14,6,32,614,507,PPM-3,5,0,15.0,0.0,0.03187070000001313,0.7772197441244489,1.1885968938634286,0.2978432957799758,1.4210854715202004e-14
Switch-0.14,6,32,614,507,PPM-3,10,0,30.0,0.0,0.06777329999999893,0.7769549530572281,1.1880738522079795,0.29878773330834546,7.105427357601002e-15
Switch-0.14,6,32,614,507,PPM-3,15,0,45.0,0.0,0.10084950000000958,0.7766482852442701,1.1875270014005306,0.2997282593963625,1.4210854715202004e-14
Switch-0.14,6,32,614,507,PPM-3,20,0,60.0,0.0,0.1347770000000139,0.776272785660941,1.1869827593528077,0.3006645121908978,1.4210854715202004e-14
Switch-0.14,6,32,614,507,PPM-3,25,0,75.0,0.0,0.16872430000000804,0.7758085412661911,1.1864605235044077,0.30159612298782906,1.4210854715202004e-14
Switch-0.14,6,32,614,508,QP+G,0,0,0.0,0.0,4.00000001832268e-06,0.7874709793214223,1.057434895399067,0.30397147228813254,1.4210854715202004e-14
Switch-0.14,6,32,614,508,QP+G,5,0,5.0,5.0,0.2931688000000179,0.7887558854481781,1.0342972850324386,0.3047167465130328,1.4210854715202004e-14
Switch-0.14,6,32,614,508,QP+G,10,0,10.0,10.0,0.5694703000000061,0.7887199131861756,1.0094801402159401,0.30491645451703464,1.4210854715202004e-14
Switch-0.14,6,32,614,508,QP+G,15,0,15.0,15.0,0.8455274000000088,0.7885224443717249,0.9817236855246714,0.3042969815186902,1.4210854715202004e-14
Switch-0.14,6,32,614,508,QP+G,20,0,20.0,20.0,1.1561586000000261,0.7885390780288677,0.9506870627422299,0.3027194692284999,1.4210854715202004e-14
Switch-0.14,6,32,614,508,QP+G,25,0,25.0,25.0,1.4827669000000014,0.789363614321407,0.9159793587918782,0.3001324145528313,1.4210854715202004e-14
Switch-0.14,6,32,614,508,noG,0,0,0.0,0.0,5.499999986113835e-06,0.7874709793214223,1.057434895399067,0.30397147228813254,1.4210854715202004e-14
Switch-0.14,6,32,614,508,noG,5,0,5.0,0.0,0.1404331999999897,0.7879762543306463,1.0430553968073364,0.3047229226850232,2.1316282072803006e-14
Switch-0.14,6,32,614,508,noG,10,0,10.0,0.0,0.2770212000000072,0.7869259132894504,1.028157487873256,0.3050054198359857,2.1316282072803006e-14
Switch-0.14,6,32,614,508,noG,15,0,15.0,0.0,0.42080089999998904,0.7855013430058172,1.0114034065232893,0.30474977830672445,1.4210854715202004e-14
Switch-0.14,6,32,614,508,noG,20,0,20.0,0.0,0.5620181999999829,0.7837012230616447,0.9926522239571873,0.3039184223726674,1.4210854715202004e-14
Switch-0.14,6,32,614,508,noG,25,0,25.0,0.0,0.6998008999999854,0.7822901207480205,0.9710236754733091,0.30255537037892927,1.4210854715202004e-14
Switch-0.14,6,32,614,508,PPM-3,0,0,0.0,0.0,4.300000000512227e-06,0.7874709793214223,1.057434895399067,0.30397147228813254,1.4210854715202004e-14
Switch-0.14,6,32,614,508,PPM-3,5,0,15.0,0.0,0.042303200000020524,0.787628817120867,1.0556221427831969,0.3040889296130788,1.4210854715202004e-14
Switch-0.14,6,32,614,508,PPM-3,10,0,30.0,0.0,0.08683320000000094,0.7877893020619247,1.053776157130498,0.30419977337212384,1.4210854715202004e-14
Switch-0.14,6,32,614,508,PPM-3,15,0,45.0,0.0,0.135058000000015,0.7879522597672406,1.0518967968841417,0.30430393514348053,2.1316282072803006e-14
Switch-0.14,6,32,614,508,PPM-3,20,0,60.0,0.0,0.1815638000000206,0.7880666891942909,1.0500347467744182,0.30440133211446396,1.4210854715202004e-14
Switch-0.14,6,32,614,508,PPM-3,25,0,75.0,0.0,0.2258831999999984,0.7881102227565719,1.0482120579317362,0.30449186766176445,1.4210854715202004e-14
Switch-0.14,6,32,614,509,QP+G,0,0,0.0,0.0,1.1699999987513365e-05,0.782085845094097,1.373279043146133,0.3030592266788022,1.4210854715202004e-14
Switch-0.14,6,32,614,509,QP+G,5,0,5.0,5.0,0.43200429999998846,0.782085845094097,1.373279043146133,0.3030592266788022,1.4210854715202004e-14
Switch-0.14,6,32,614,509,QP+G,10,0,10.0,10.0,0.7086764999999957,0.782085845094097,1.373279043146133,0.3030592266788022,1.4210854715202004e-14
Switch-0.14,6,32,614,509,QP+G,15,0,15.0,15.0,1.0040970000000016,0.782085845094097,1.373279043146133,0.3030592266788022,1.4210854715202004e-14
Switch-0.14,6,32,614,509,QP+G,20,0,20.0,20.0,1.4120278000000042,0.782085845094097,1.373279043146133,0.3030592266788022,1.4210854715202004e-14
Switch-0.14,6,32,614,509,QP+G,25,0,25.0,25.0,1.8472342999999967,0.782085845094097,1.373279043146133,0.3030592266788022,1.4210854715202004e-14
Switch-0.14,6,32,614,509,noG,0,0,0.0,0.0,5.500000014535544e-06,0.782085845094097,1.373279043146133,0.3030592266788022,1.4210854715202004e-14
Switch-0.14,6,32,614,509,noG,5,0,5.0,0.0,0.16268930000001092,0.782085845094097,1.373279043146133,0.3030592266788022,1.4210854715202004e-14
Switch-0.14,6,32,614,509,noG,10,0,10.0,0.0,0.3378873999999996,0.782085845094097,1.373279043146133,0.3030592266788022,1.4210854715202004e-14
Switch-0.14,6,32,614,509,noG,15,0,15.0,0.0,0.5029830000000004,0.782085845094097,1.373279043146133,0.3030592266788022,1.4210854715202004e-14
Switch-0.14,6,32,614,509,noG,20,0,20.0,0.0,0.6695007000000146,0.782085845094097,1.373279043146133,0.3030592266788022,1.4210854715202004e-14
Switch-0.14,6,32,614,509,noG,25,0,25.0,0.0,0.8466495000000123,0.782085845094097,1.373279043146133,0.3030592266788022,1.4210854715202004e-14
Switch-0.14,6,32,614,509,PPM-3,0,0,0.0,0.0,6.300000023884422e-06,0.782085845094097,1.373279043146133,0.3030592266788022,1.4210854715202004e-14
Switch-0.14,6,32,614,509,PPM-3,5,0,15.0,0.0,0.05223040000001333,0.7821330669790855,1.372460162944368,0.30406371985346187,2.1316282072803006e-14
Switch-0.14,6,32,614,509,PPM-3,10,0,30.0,0.0,0.1063886000000025,0.7821947487245735,1.371595307200911,0.30507348929356515,1.4210854715202004e-14
Switch-0.14,6,32,614,509,PPM-3,15,0,45.0,0.0,0.15516850000000204,0.7822712090497128,1.3706837557752105,0.3060886743549557,1.4210854715202004e-14
Switch-0.14,6,32,614,509,PPM-3,20,0,60.0,0.0,0.2018658000000073,0.7823627744192613,1.3697247825289267,0.3071094047128352,2.1316282072803006e-14
Switch-0.14,6,32,614,509,PPM-3,25,0,75.0,0.0,0.24708140000001322,0.782469779242832,1.3687176552309874,0.30813579940857583,2.1316282072803006e-14
Switch-0.14,6,32,614,510,QP+G,0,0,0.0,0.0,4.700000005186666e-06,0.7936395556593174,1.1777754470675625,0.31494535736365825,1.4210854715202004e-14
Switch-0.14,6,32,614,510,QP+G,5,0,5.0,5.0,0.3797576000000049,0.7983750037540507,1.155813097733575,0.30884322607405473,1.4210854715202004e-14
Switch-0.14,6,32,614,510,QP+G,10,0,10.0,10.0,0.7543928999999991,0.8028596987383573,1.134288255550565,0.30254044148629755,1.4210854715202004e-14
Switch-0.14,6,32,614,510,QP+G,15,0,15.0,15.0,1.1112786000000199,0.8071431762493948,1.1132802857696182,0.29614720051828475,1.4210854715202004e-14
Switch-0.14,6,32,614,510,QP+G,20,0,20.0,20.0,1.5472410000000139,0.8110622547976627,1.093056644440427,0.28977650151539935,1.4210854715202004e-14
Switch-0.14,6,32,614,510,QP+G,25,0,25.0,25.0,2.0462890000000016,0.8145914818068726,1.0737201850357248,0.28353573493218504,1.4210854715202004e-14
Switch-0.14,6,32,614,510,noG,0,0,0.0,0.0,9.200000022246968e-06,0.7936395556593174,1.1777754470675625,0.31494535736365825,1.4210854715202004e-14
Switch-0.14,6,32,614,510,noG,5,0,5.0,0.0,0.17790870000001746,0.7936395556593174,1.1777754470675625,0.31494535736365825,1.4210854715202004e-14
Switch-0.14,6,32,614,510,noG,10,0,10.0,0.0,0.3515194000000008,0.7936395556593174,1.1777754470675625,0.31494535736365825,1.4210854715202004e-14
Switch-0.14,6,32,614,510,noG,15,0,15.0,0.0,0.5371956000000182,0.7936395556593174,1.1777754470675625,0.31494535736365825,1.4210854715202004e-14
Switch-0.14,6,32,614,510,noG,20,0,20.0,0.0,0.6976543000000106,0.7936395556593174,1.1777754470675625,0.31494535736365825,1.4210854715202004e-14
Switch-0.14,6,32,614,510,noG,25,0,25.0,0.0,0.8080319000000031,0.7936395556593174,1.1777754470675625,0.31494535736365825,1.4210854715202004e-14
Switch-0.14,6,32,614,510,PPM-3,0,0,0.0,0.0,5.29999999798747e-06,0.7936395556593174,1.1777754470675625,0.31494535736365825,1.4210854715202004e-14
Switch-0.14,6,32,614,510,PPM-3,5,0,15.0,0.0,0.03176959999998985,0.7938270109883371,1.177096327099814,0.31595508225353475,2.1316282072803006e-14
Switch-0.14,6,32,614,510,PPM-3,10,0,30.0,0.0,0.06501249999999459,0.7940444820850436,1.1763125414477973,0.3169579057628082,1.4210854715202004e-14
Switch-0.14,6,32,614,510,PPM-3,15,0,45.0,0.0,0.10583560000000602,0.7942700075534896,1.1754445736970696,0.3179531660966504,1.4210854715202004e-14
Switch-0.14,6,32,614,510,PPM-3,20,0,60.0,0.0,0.14954689999999005,0.7945078782488781,1.1744866655096264,0.31894011971088176,7.105427357601002e-15
Switch-0.14,6,32,614,510,PPM-3,25,0,75.0,0.0,0.18010849999998868,0.7947765605539319,1.1734188974588298,0.31991794242227195,1.4210854715202004e-14
Switch-0.14,6,32,614,511,QP+G,0,0,0.0,0.0,3.6000000136482413e-06,0.7779853982288945,1.3963862202880435,0.30256304368312015,1.4210854715202004e-14
Switch-0.14,6,32,614,511,QP+G,5,0,5.0,5.0,0.24857320000000982,0.7808830210593887,1.376155938760749,0.30130493193208613,1.4210854715202004e-14
Switch-0.14,6,32,614,511,QP+G,10,0,10.0,10.0,0.5176168000000132,0.7837986897085504,1.355719455188793,0.2999530872698364,1.4210854715202004e-14
Switch-0.14,6,32,614,511,QP+G,15,0,15.0,15.0,0.8524663999999973,0.7866000713669512,1.3352429330839561,0.2984979685698679,1.4210854715202004e-14
Switch-0.14,6,32,614,511,QP+G,20,0,20.0,20.0,1.2612548000000174,0.789453739202804,1.3145976069856855,0.2969309316752393,1.4210854715202004e-14
Switch-0.14,6,32,614,511,QP+G,25,0,25.0,25.0,1.5863333000000068,0.7919225235752922,1.2942620016995454,0.2952448200193843,1.4210854715202004e-14
Switch-0.14,6,32,614,511,noG,0,0,0.0,0.0,5.000000015797923e-06,0.7779853982288945,1.3963862202880435,0.30256304368312015,1.4210854715202004e-14
Switch-0.14,6,32,614,511,noG,5,0,5.0,0.0,0.16755030000001625,0.7779853982288945,1.3963862202880435,0.30256304368312015,1.4210854715202004e-14
Switch-0.14,6,32,614,511,noG,10,0,10.0,0.0,0.3295370000000162,0.7779853982288945,1.3963862202880435,0.30256304368312015,1.4210854715202004e-14
Switch-0.14,6,32,614,511,noG,15,0,15.0,0.0,0.511772800000017,0.7779853982288945,1.3963862202880435,0.30256304368312015,1.4210854715202004e-14
Switch-0.14,6,32,614,511,noG,20,0,20.0,0.0,0.7346847999999966,0.7779853982288945,1.3963862202880435,0.30256304368312015,1.4210854715202004e-14
Switch-0.14,6,32,614,511,noG,25,0,25.0,0.0,0.8943471000000045,0.7779853982288945,1.3963862202880435,0.30256304368312015,1.4210854715202004e-14
Switch-0.14,6,32,614,511,PPM-3,0,0,0.0,0.0,7.000000010748408e-06,0.7779853982288945,1.3963862202880435,0.30256304368312015,1.4210854715202004e-14
Switch-0.14,6,32,614,511,PPM-3,5,0,15.0,0.0,0.050017199999984996,0.7786885347267102,1.393871143762846,0.3036278155465194,2.1316282072803006e-14
Switch-0.14,6,32,614,511,PPM-3,10,0,30.0,0.0,0.09524439999998435,0.7794142221824275,1.391257537338595,0.3047002397840249,2.1316282072803006e-14
Switch-0.14,6,32,614,511,PPM-3,15,0,45.0,0.0,0.14371420000000512,0.7801628952673475,1.3885443032174103,0.3057803675200739,1.4210854715202004e-14
Switch-0.14,6,32,614,511,PPM-3,20,0,60.0,0.0,0.19690429999999992,0.7809349967042688,1.385730345758724,0.30686821226076666,1.4210854715202004e-14
Switch-0.14,6,32,614,511,PPM-3,25,0,75.0,0.0,0.24448999999998478,0.7817309772796218,1.3828145728371042,0.3079637472394765,1.4210854715202004e-14
Leakage-0.20,6,32,614,500,QP+G,0,0,0.0,0.0,4.700000005186666e-06,1.0661765659939453,1.2887729669644934,0.2930761899495761,1.4210854715202004e-14
Leakage-0.20,6,32,614,500,QP+G,5,0,5.0,5.0,0.35733189999999126,1.0871817186308306,1.2623632918616137,0.29786975561322754,2.1316282072803006e-14
Leakage-0.20,6,32,614,500,QP+G,10,0,10.0,10.0,0.6901005999999938,1.0917255953451557,1.2499131078397605,0.29928791092703105,2.1316282072803006e-14
Leakage-0.20,6,32,614,500,QP+G,15,0,15.0,15.0,0.9923584000000005,1.0964718683622048,1.2371293317734635,0.30086037416039785,1.4210854715202004e-14
Leakage-0.20,6,32,614,500,QP+G,20,0,20.0,20.0,1.2832513999999833,1.097507885540005,1.23434647148157,0.30122004311295525,2.1316282072803006e-14
Leakage-0.20,6,32,614,500,QP+G,25,0,25.0,25.0,1.568859500000002,1.097507885540005,1.23434647148157,0.30122004311295525,2.1316282072803006e-14
Leakage-0.20,6,32,614,500,noG,0,0,0.0,0.0,4.39999999457541e-06,1.0661765659939453,1.2887729669644934,0.2930761899495761,1.4210854715202004e-14
Leakage-0.20,6,32,614,500,noG,5,0,5.0,0.0,0.13148229999998762,1.0838088422970233,1.2732802121613733,0.2967818463329352,2.1316282072803006e-14
Leakage-0.20,6,32,614,500,noG,10,0,10.0,0.0,0.2610454999999945,1.0841774697144082,1.2729334409373978,0.29687485431885785,1.4210854715202004e-14
Leakage-0.20,6,32,614,500,noG,15,0,15.0,0.0,0.4019523000000049,1.0841774735942626,1.2729334372778933,0.29687485529890584,7.105427357601002e-15
Leakage-0.20,6,32,614,500,noG,20,0,20.0,0.0,0.5495990999999947,1.0841774735945446,1.2729334372776255,0.2968748552989767,2.1316282072803006e-14
Leakage-0.20,6,32,614,500,noG,25,0,25.0,0.0,0.6753721999999982,1.0841774735945446,1.2729334372776255,0.2968748552989767,2.1316282072803006e-14
Leakage-0.20,6,32,614,500,PPM-3,0,0,0.0,0.0,3.599999985226532e-06,1.0661765659939453,1.2887729669644934,0.2930761899495761,1.4210854715202004e-14
Leakage-0.20,6,32,614,500,PPM-3,5,0,15.0,0.0,0.03390690000000518,1.0686175036079588,1.2866774746471765,0.2934974824020843,2.1316282072803006e-14
Leakage-0.20,6,32,614,500,PPM-3,10,0,30.0,0.0,0.06796099999999683,1.0710228149721024,1.284588714866092,0.2939332481177398,2.842170943040401e-14
Leakage-0.20,6,32,614,500,PPM-3,15,0,45.0,0.0,0.10423370000000887,1.0733700254046343,1.282528746937763,0.29438386602061883,2.1316282072803006e-14
Leakage-0.20,6,32,614,500,PPM-3,20,0,60.0,0.0,0.1503477999999916,1.0756812178887822,1.2804750723687863,0.2948497079768246,2.1316282072803006e-14
Leakage-0.20,6,32,614,500,PPM-3,25,0,75.0,0.0,0.18974599999998532,1.077795377957135,1.2785882899367813,0.29533113830046426,1.4210854715202004e-14
Leakage-0.20,6,32,614,501,QP+G,0,0,0.0,0.0,3.7000000077114237e-06,1.1089429852589214,1.2728255497313992,0.4050204008223884,1.4210854715202004e-14
Leakage-0.20,6,32,614,501,QP+G,5,0,5.0,5.0,0.2704988000000128,1.1089429852589214,1.2728255497313992,0.4050204008223884,1.4210854715202004e-14
Leakage-0.20,6,32,614,501,QP+G,10,0,10.0,10.0,0.5474197000000061,1.1089429852589214,1.2728255497313992,0.4050204008223884,1.4210854715202004e-14
Leakage-0.20,6,32,614,501,QP+G,15,0,15.0,15.0,0.8974507000000074,1.1089429852589214,1.2728255497313992,0.4050204008223884,1.4210854715202004e-14
Leakage-0.20,6,32,614,501,QP+G,20,0,20.0,20.0,1.2512297000000103,1.1089429852589214,1.2728255497313992,0.4050204008223884,1.4210854715202004e-14
Leakage-0.20,6,32,614,501,QP+G,25,0,25.0,25.0,1.5951148999999987,1.1089429852589214,1.2728255497313992,0.4050204008223884,1.4210854715202004e-14
Leakage-0.20,6,32,614,501,noG,0,0,0.0,0.0,4.499999988638592e-06,1.1089429852589214,1.2728255497313992,0.4050204008223884,1.4210854715202004e-14
Leakage-0.20,6,32,614,501,noG,5,0,5.0,0.0,0.14993349999997463,1.1089429852589214,1.2728255497313992,0.4050204008223884,1.4210854715202004e-14
Leakage-0.20,6,32,614,501,noG,10,0,10.0,0.0,0.30024499999998966,1.1089429852589214,1.2728255497313992,0.4050204008223884,1.4210854715202004e-14
Leakage-0.20,6,32,614,501,noG,15,0,15.0,0.0,0.4558598999999788,1.1089429852589214,1.2728255497313992,0.4050204008223884,1.4210854715202004e-14
Leakage-0.20,6,32,614,501,noG,20,0,20.0,0.0,0.6830793999999969,1.1089429852589214,1.2728255497313992,0.4050204008223884,1.4210854715202004e-14
Leakage-0.20,6,32,614,501,noG,25,0,25.0,0.0,0.894246599999974,1.1089429852589214,1.2728255497313992,0.4050204008223884,1.4210854715202004e-14
Leakage-0.20,6,32,614,501,PPM-3,0,0,0.0,0.0,5.100000009861105e-06,1.1089429852589214,1.2728255497313992,0.4050204008223884,1.4210854715202004e-14
Leakage-0.20,6,32,614,501,PPM-3,5,0,15.0,0.0,0.06055030000001693,1.1106630503347275,1.2706498453094783,0.40624807624468173,1.4210854715202004e-14
Leakage-0.20,6,32,614,501,PPM-3,10,0,30.0,0.0,0.1143842000000177,1.1123044048998907,1.268503921498448,0.40744710219982205,1.4210854715202004e-14
Leakage-0.20,6,32,614,501,PPM-3,15,0,45.0,0.0,0.17228850000000762,1.113662946484786,1.2665910934720157,0.40861776443955744,2.1316282072803006e-14
Leakage-0.20,6,32,614,501,PPM-3,20,0,60.0,0.0,0.2246315000000152,1.1150048571985625,1.2646444093924207,0.40976040076880915,1.4210854715202004e-14
Leakage-0.20,6,32,614,501,PPM-3,25,0,75.0,0.0,0.277040999999997,1.1158485082671066,1.2631447465840189,0.41087538968904974,2.1316282072803006e-14
Leakage-0.20,6,32,614,502,QP+G,0,0,0.0,0.0,4.700000005186666e-06,1.118012463206605,1.259618274741005,0.3716139706576545,2.1316282072803006e-14
Leakage-0.20,6,32,614,502,QP+G,5,0,5.0,5.0,0.3196881000000076,1.1182161603620973,1.2571591143756566,0.3717221390760308,1.4210854715202004e-14
Leakage-0.20,6,32,614,502,QP+G,10,0,10.0,10.0,0.6096114000000057,1.1182161603620973,1.2571591143756566,0.3717221390760308,1.4210854715202004e-14
Leakage-0.20,6,32,614,502,QP+G,15,0,15.0,15.0,0.9038798999999926,1.1182161603620973,1.2571591143756566,0.3717221390760308,1.4210854715202004e-14
Leakage-0.20,6,32,614,502,QP+G,20,0,20.0,20.0,1.191515399999986,1.1182161603620973,1.2571591143756566,0.3717221390760308,1.4210854715202004e-14
Leakage-0.20,6,32,614,502,QP+G,25,0,25.0,25.0,1.4749124999999879,1.1182161603620973,1.2571591143756566,0.3717221390760308,1.4210854715202004e-14
Leakage-0.20,6,32,614,502,noG,0,0,0.0,0.0,5.899999990788274e-06,1.118012463206605,1.259618274741005,0.3716139706576545,2.1316282072803006e-14
Leakage-0.20,6,32,614,502,noG,5,0,5.0,0.0,0.1368580000000179,1.118012463206605,1.259618274741005,0.3716139706576545,2.1316282072803006e-14
Leakage-0.20,6,32,614,502,noG,10,0,10.0,0.0,0.2699477000000172,1.118012463206605,1.259618274741005,0.3716139706576545,2.1316282072803006e-14
Leakage-0.20,6,32,614,502,noG,15,0,15.0,0.0,0.39917990000000714,1.118012463206605,1.259618274741005,0.3716139706576545,2.1316282072803006e-14
Leakage-0.20,6,32,614,502,noG,20,0,20.0,0.0,0.5379091000000074,1.118012463206605,1.259618274741005,0.3716139706576545,2.1316282072803006e-14
Leakage-0.20,6,32,614,502,noG,25,0,25.0,0.0,0.6730446999999913,1.118012463206605,1.259618274741005,0.3716139706576545,2.1316282072803006e-14
Leakage-0.20,6,32,614,502,PPM-3,0,0,0.0,0.0,5.899999990788274e-06,1.118012463206605,1.259618274741005,0.3716139706576545,2.1316282072803006e-14
Leakage-0.20,6,32,614,502,PPM-3,5,0,15.0,0.0,0.04258399999997664,1.1187911590258224,1.2577607822028372,0.37216490821195203,2.1316282072803006e-14
Leakage-0.20,6,32,614,502,PPM-3,10,0,30.0,0.0,0.08389359999998192,1.11951879024436,1.2559079983986394,0.3726847987693708,2.1316282072803006e-14
Leakage-0.20,6,32,614,502,PPM-3,15,0,45.0,0.0,0.12369909999998185,1.1201366076173667,1.254118422188101,0.3731731352637302,2.1316282072803006e-14
Leakage-0.20,6,32,614,502,PPM-3,20,0,60.0,0.0,0.1659652999999821,1.1207320579046547,1.2523043646230647,0.37362942935948895,1.4210854715202004e-14
Leakage-0.20,6,32,614,502,PPM-3,25,0,75.0,0.0,0.20799169999997957,1.1212338601430236,1.2505368724273116,0.3740532149471626,1.4210854715202004e-14
Leakage-0.20,6,32,614,503,QP+G,0,0,0.0,0.0,4.600000011123484e-06,1.0997036678618302,1.3438963645253508,0.41481589597402757,2.842170943040401e-14
Leakage-0.20,6,32,614,503,QP+G,5,0,5.0,5.0,0.2786899000000176,1.1177336458939786,1.3139323628235782,0.41565073491528315,2.1316282072803006e-14
Leakage-0.20,6,32,614,503,QP+G,10,0,10.0,10.0,0.5177827000000264,1.1310245603037468,1.285424523975404,0.41427535447503183,2.1316282072803006e-14
Leakage-0.20,6,32,614,503,QP+G,15,0,15.0,15.0,0.7631614000000013,1.1401517728716846,1.2574382139803355,0.41114275684121543,1.4210854715202004e-14
Leakage-0.20,6,32,614,503,QP+G,20,0,20.0,20.0,1.0127238000000034,1.144960786838455,1.229794615894288,0.40643682931965536,1.4210854715202004e-14
Leakage-0.20,6,32,614,503,QP+G,25,0,25.0,25.0,1.24765960000002,1.1484888161977838,1.1856610710349453,0.4004938249769062,1.4210854715202004e-14
Leakage-0.20,6,32,614,503,noG,0,0,0.0,0.0,3.800000001774606e-06,1.0997036678618302,1.3438963645253508,0.41481589597402757,2.842170943040401e-14
Leakage-0.20,6,32,614,503,noG,5,0,5.0,0.0,0.10523420000001238,1.1177336458939786,1.3139323628235782,0.41565073491528315,2.1316282072803006e-14
Leakage-0.20,6,32,614,503,noG,10,0,10.0,0.0,0.21154640000000313,1.1310245603037468,1.285424523975404,0.41427535447503183,2.1316282072803006e-14
Leakage-0.20,6,32,614,503,noG,15,0,15.0,0.0,0.32619600000001014,1.1401517728716846,1.2574382139803355,0.41114275684121543,1.4210854715202004e-14
Leakage-0.20,6,32,614,503,noG,20,0,20.0,0.0,0.47092960000000517,1.144960786838455,1.229794615894288,0.40643682931965536,1.4210854715202004e-14
Leakage-0.20,6,32,614,503,noG,25,0,25.0,0.0,0.6091016000000025,1.1476694375630283,1.199973400500293,0.4004651382235722,1.4210854715202004e-14
Leakage-0.20,6,32,614,503,PPM-3,0,0,0.0,0.0,5.700000002661909e-06,1.0997036678618302,1.3438963645253508,0.41481589597402757,2.842170943040401e-14
Leakage-0.20,6,32,614,503,PPM-3,5,0,15.0,0.0,0.040951599999999644,1.1021781458325748,1.3400546947537402,0.41508882288316035,2.1316282072803006e-14
Leakage-0.20,6,32,614,503,PPM-3,10,0,30.0,0.0,0.08419219999998973,1.1046155892311773,1.3362027964218208,0.4153169164471695,2.1316282072803006e-14
Leakage-0.20,6,32,614,503,PPM-3,15,0,45.0,0.0,0.12869280000001027,1.1070040901184484,1.3323518249589912,0.4155018223699907,1.4210854715202004e-14
Leakage-0.20,6,32,614,503,PPM-3,20,0,60.0,0.0,0.17070019999999886,1.10921670013239,1.3286279792438356,0.415645138805286,2.1316282072803006e-14
Leakage-0.20,6,32,614,503,PPM-3,25,0,75.0,0.0,0.214936200000011,1.1113820550962312,1.324901877377741,0.41574840498154964,2.842170943040401e-14
Leakage-0.20,6,32,614,504,QP+G,0,0,0.0,0.0,6.299999995462713e-06,1.0705972512865527,1.3905911056791633,0.3376814250849965,2.1316282072803006e-14
Leakage-0.20,6,32,614,504,QP+G,5,0,5.0,5.0,0.30326709999999935,1.0705972512865527,1.3905911056791633,0.3376814250849965,2.1316282072803006e-14
Leakage-0.20,6,32,614,504,QP+G,10,0,10.0,10.0,0.5804337000000146,1.0705972512865527,1.3905911056791633,0.3376814250849965,2.1316282072803006e-14
Leakage-0.20,6,32,614,504,QP+G,15,0,15.0,15.0,0.8576642000000163,1.0705972512865527,1.3905911056791633,0.3376814250849965,2.1316282072803006e-14
Leakage-0.20,6,32,614,504,QP+G,20,0,20.0,20.0,1.1499742999999967,1.0705972512865527,1.3905911056791633,0.3376814250849965,2.1316282072803006e-14
Leakage-0.20,6,32,614,504,QP+G,25,0,25.0,25.0,1.4373530000000017,1.0705972512865527,1.3905911056791633,0.3376814250849965,2.1316282072803006e-14
Leakage-0.20,6,32,614,504,noG,0,0,0.0,0.0,5.3999999920506525e-06,1.0705972512865527,1.3905911056791633,0.3376814250849965,2.1316282072803006e-14
Leakage-0.20,6,32,614,504,noG,5,0,5.0,0.0,0.12076929999997787,1.0705972512865527,1.3905911056791633,0.3376814250849965,2.1316282072803006e-14
Leakage-0.20,6,32,614,504,noG,10,0,10.0,0.0,0.23850799999999595,1.0705972512865527,1.3905911056791633,0.3376814250849965,2.1316282072803006e-14
Leakage-0.20,6,32,614,504,noG,15,0,15.0,0.0,0.3677576999999985,1.0705972512865527,1.3905911056791633,0.3376814250849965,2.1316282072803006e-14
Leakage-0.20,6,32,614,504,noG,20,0,20.0,0.0,0.48205909999998653,1.0705972512865527,1.3905911056791633,0.3376814250849965,2.1316282072803006e-14
Leakage-0.20,6,32,614,504,noG,25,0,25.0,0.0,0.5984555999999941,1.0705972512865527,1.3905911056791633,0.3376814250849965,2.1316282072803006e-14
Leakage-0.20,6,32,614,504,PPM-3,0,0,0.0,0.0,3.6000000136482413e-06,1.0705972512865527,1.3905911056791633,0.3376814250849965,2.1316282072803006e-14
Leakage-0.20,6,32,614,504,PPM-3,5,0,15.0,0.0,0.036943400000012616,1.072546954568163,1.38884411443755,0.3385627196624582,2.1316282072803006e-14
Leakage-0.20,6,32,614,504,PPM-3,10,0,30.0,0.0,0.0718375000000151,1.0745029940905224,1.387058610576297,0.3394518204368949,2.1316282072803006e-14
Leakage-0.20,6,32,614,504,PPM-3,15,0,45.0,0.0,0.10754810000000248,1.0764652345027814,1.385234288904169,0.34034882349793155,2.1316282072803006e-14
Leakage-0.20,6,32,614,504,PPM-3,20,0,60.0,0.0,0.14508430000000772,1.0784335219094718,1.3833708617368463,0.3412538138213162,1.4210854715202004e-14
Leakage-0.20,6,32,614,504,PPM-3,25,0,75.0,0.0,0.18089170000001786,1.080407683371522,1.3814680594863462,0.3421668642399524,1.4210854715202004e-14
Leakage-0.20,6,32,614,505,QP+G,0,0,0.0,0.0,6.8999999882635166e-06,1.0886515033349118,1.4172927206584978,0.33168541477449903,2.1316282072803006e-14
Leakage-0.20,6,32,614,505,QP+G,5,0,5.0,5.0,0.2803662999999972,1.0886515033349118,1.4172927206584978,0.33168541477449903,2.1316282072803006e-14
Leakage-0.20,6,32,614,505,QP+G,10,0,10.0,10.0,0.5490093999999885,1.0886515033349118,1.4172927206584978,0.33168541477449903,2.1316282072803006e-14
Leakage-0.20,6,32,614,505,QP+G,15,0,15.0,15.0,0.8289870999999778,1.0886515033349118,1.4172927206584978,0.33168541477449903,2.1316282072803006e-14
Leakage-0.20,6,32,614,505,QP+G,20,0,20.0,20.0,1.105303699999979,1.0886515033349118,1.4172927206584978,0.33168541477449903,2.1316282072803006e-14
Leakage-0.20,6,32,614,505,QP+G,25,0,25.0,25.0,1.377291200000002,1.0886515033349118,1.4172927206584978,0.33168541477449903,2.1316282072803006e-14
Leakage-0.20,6,32,614,505,noG,0,0,0.0,0.0,3.6000000136482413e-06,1.0886515033349118,1.4172927206584978,0.33168541477449903,2.1316282072803006e-14
Leakage-0.20,6,32,614,505,noG,5,0,5.0,0.0,0.1044693000000052,1.0886515033349118,1.4172927206584978,0.33168541477449903,2.1316282072803006e-14
Leakage-0.20,6,32,614,505,noG,10,0,10.0,0.0,0.20749340000000416,1.0886515033349118,1.4172927206584978,0.33168541477449903,2.1316282072803006e-14
Leakage-0.20,6,32,614,505,noG,15,0,15.0,0.0,0.3116755000000069,1.0886515033349118,1.4172927206584978,0.33168541477449903,2.1316282072803006e-14
Leakage-0.20,6,32,614,505,noG,20,0,20.0,0.0,0.4128498000000036,1.0886515033349118,1.4172927206584978,0.33168541477449903,2.1316282072803006e-14
Leakage-0.20,6,32,614,505,noG,25,0,25.0,0.0,0.5182954999999936,1.0886515033349118,1.4172927206584978,0.33168541477449903,2.1316282072803006e-14
Leakage-0.20,6,32,614,505,PPM-3,0,0,0.0,0.0,3.4999999911633495e-06,1.0886515033349118,1.4172927206584978,0.33168541477449903,2.1316282072803006e-14
Leakage-0.20,6,32,614,505,PPM-3,5,0,15.0,0.0,0.03699710000000778,1.0911158009192636,1.4147806548597037,0.3325280681789073,1.4210854715202004e-14
Leakage-0.20,6,32,614,505,PPM-3,10,0,30.0,0.0,0.07102700000001505,1.0934564628321228,1.4123645720057871,0.33338826580674086,2.1316282072803006e-14
Leakage-0.20,6,32,614,505,PPM-3,15,0,45.0,0.0,0.10241600000000517,1.0957809404638281,1.4099364626450601,0.33426610882200386,1.4210854715202004e-14
Leakage-0.20,6,32,614,505,PPM-3,20,0,60.0,0.0,0.13449410000001194,1.0979900696971228,1.4075949251511777,0.3351616627025873,1.4210854715202004e-14
Leakage-0.20,6,32,614,505,PPM-3,25,0,75.0,0.0,0.16557330000000547,1.0998305907178272,1.4055926460972994,0.3360749579331344,2.1316282072803006e-14
Leakage-0.20,6,32,614,506,QP+G,0,0,0.0,0.0,3.4999999911633495e-06,1.05664668044606,1.341665046357037,0.32413851631938545,1.4210854715202004e-14
Leakage-0.20,6,32,614,506,QP+G,5,0,5.0,5.0,0.26231129999999325,1.05664668044606,1.341665046357037,0.32413851631938545,1.4210854715202004e-14
Leakage-0.20,6,32,614,506,QP+G,10,0,10.0,10.0,0.5113038000000074,1.05664668044606,1.341665046357037,0.32413851631938545,1.4210854715202004e-14
Leakage-0.20,6,32,614,506,QP+G,15,0,15.0,15.0,0.7838538000000028,1.05664668044606,1.341665046357037,0.32413851631938545,1.4210854715202004e-14
Leakage-0.20,6,32,614,506,QP+G,20,0,20.0,20.0,1.1327353000000073,1.05664668044606,1.341665046357037,0.32413851631938545,1.4210854715202004e-14
Leakage-0.20,6,32,614,506,QP+G,25,0,25.0,25.0,1.4638108999999986,1.05664668044606,1.341665046357037,0.32413851631938545,1.4210854715202004e-14
Leakage-0.20,6,32,614,506,noG,0,0,0.0,0.0,6.59999997765226e-06,1.05664668044606,1.341665046357037,0.32413851631938545,1.4210854715202004e-14
Leakage-0.20,6,32,614,506,noG,5,0,5.0,0.0,0.1336823000000038,1.05664668044606,1.341665046357037,0.32413851631938545,1.4210854715202004e-14
Leakage-0.20,6,32,614,506,noG,10,0,10.0,0.0,0.2651815999999769,1.05664668044606,1.341665046357037,0.32413851631938545,1.4210854715202004e-14
Leakage-0.20,6,32,614,506,noG,15,0,15.0,0.0,0.40408959999999183,1.05664668044606,1.341665046357037,0.32413851631938545,1.4210854715202004e-14
Leakage-0.20,6,32,614,506,noG,20,0,20.0,0.0,0.5344580999999948,1.05664668044606,1.341665046357037,0.32413851631938545,1.4210854715202004e-14
Leakage-0.20,6,32,614,506,noG,25,0,25.0,0.0,0.6673563999999885,1.05664668044606,1.341665046357037,0.32413851631938545,1.4210854715202004e-14
Leakage-0.20,6,32,614,506,PPM-3,0,0,0.0,0.0,7.400000015422847e-06,1.05664668044606,1.341665046357037,0.32413851631938545,1.4210854715202004e-14
Leakage-0.20,6,32,614,506,PPM-3,5,0,15.0,0.0,0.05074000000001888,1.0592507772419217,1.3396230754504652,0.3253691632998157,1.4210854715202004e-14
Leakage-0.20,6,32,614,506,PPM-3,10,0,30.0,0.0,0.09359900000001176,1.0615691289972502,1.3378471618062817,0.3266100965206096,1.4210854715202004e-14
Leakage-0.20,6,32,614,506,PPM-3,15,0,45.0,0.0,0.13628439999999387,1.0639058586158021,1.3360326508619638,0.32786009015521994,1.4210854715202004e-14
Leakage-0.20,6,32,614,506,PPM-3,20,0,60.0,0.0,0.17863540000001876,1.0662248550507196,1.334215119524068,0.3291178096664325,2.1316282072803006e-14
Leakage-0.20,6,32,614,506,PPM-3,25,0,75.0,0.0,0.2229885000000138,1.0685178950740843,1.3324022544552092,0.3303818130045697,1.4210854715202004e-14
Leakage-0.20,6,32,614,507,QP+G,0,0,0.0,0.0,7.000000010748408e-06,1.0926958267775886,1.2912588357841965,0.3375367685830832,2.1316282072803006e-14
Leakage-0.20,6,32,614,507,QP+G,5,0,5.0,5.0,0.32169790000000376,1.0926958267775886,1.2912588357841965,0.3375367685830832,2.1316282072803006e-14
Leakage-0.20,6,32,614,507,QP+G,10,0,10.0,10.0,0.6420437000000163,1.0926958267775886,1.2912588357841965,0.3375367685830832,2.1316282072803006e-14
Leakage-0.20,6,32,614,507,QP+G,15,0,15.0,15.0,0.9642137000000162,1.0926958267775886,1.2912588357841965,0.3375367685830832,2.1316282072803006e-14
Leakage-0.20,6,32,614,507,QP+G,20,0,20.0,20.0,1.2846506000000204,1.0926958267775886,1.2912588357841965,0.3375367685830832,2.1316282072803006e-14
Leakage-0.20,6,32,614,507,QP+G,25,0,25.0,25.0,1.6063012000000185,1.0926958267775886,1.2912588357841965,0.3375367685830832,2.1316282072803006e-14
Leakage-0.20,6,32,614,507,noG,0,0,0.0,0.0,5.29999999798747e-06,1.0926958267775886,1.2912588357841965,0.3375367685830832,2.1316282072803006e-14
Leakage-0.20,6,32,614,507,noG,5,0,5.0,0.0,0.13685909999998103,1.0926958267775886,1.2912588357841965,0.3375367685830832,2.1316282072803006e-14
Leakage-0.20,6,32,614,507,noG,10,0,10.0,0.0,0.2765226999999868,1.0926958267775886,1.2912588357841965,0.3375367685830832,2.1316282072803006e-14
Leakage-0.20,6,32,614,507,noG,15,0,15.0,0.0,0.4018250999999964,1.0926958267775886,1.2912588357841965,0.3375367685830832,2.1316282072803006e-14
Leakage-0.20,6,32,614,507,noG,20,0,20.0,0.0,0.5203362000000027,1.0926958267775886,1.2912588357841965,0.3375367685830832,2.1316282072803006e-14
Leakage-0.20,6,32,614,507,noG,25,0,25.0,0.0,0.6274520000000052,1.0926958267775886,1.2912588357841965,0.3375367685830832,2.1316282072803006e-14
Leakage-0.20,6,32,614,507,PPM-3,0,0,0.0,0.0,3.4999999911633495e-06,1.0926958267775886,1.2912588357841965,0.3375367685830832,2.1316282072803006e-14
Leakage-0.20,6,32,614,507,PPM-3,5,0,15.0,0.0,0.03445210000000998,1.0952555392312444,1.2881536231152397,0.3384862393949101,1.4210854715202004e-14
Leakage-0.20,6,32,614,507,PPM-3,10,0,30.0,0.0,0.06735840000001758,1.0978208752610596,1.2850000669535868,0.33942906617430235,2.842170943040401e-14
Leakage-0.20,6,32,614,507,PPM-3,15,0,45.0,0.0,0.09802830000000995,1.1003913810055996,1.2817981092710884,0.3403647643637489,2.1316282072803006e-14
Leakage-0.20,6,32,614,507,PPM-3,20,0,60.0,0.0,0.12941800000001535,1.102830351499945,1.2786839449445988,0.341292814257592,1.4210854715202004e-14
Leakage-0.20,6,32,614,507,PPM-3,25,0,75.0,0.0,0.1595987999999977,1.1049310496577316,1.2758638029021376,0.3422126592406769,1.4210854715202004e-14
Leakage-0.20,6,32,614,508,QP+G,0,0,0.0,0.0,4.100000012385863e-06,1.1076445900856342,1.1458796239440638,0.36098763573604575,1.4210854715202004e-14
Leakage-0.20,6,32,614,508,QP+G,5,0,5.0,5.0,0.25566880000002357,1.1222172828241117,1.1217929148911012,0.36248181992283157,1.4210854715202004e-14
Leakage-0.20,6,32,614,508,QP+G,10,0,10.0,10.0,0.5128453000000093,1.1337479614230117,1.098704172528943,0.36289590425119417,2.1316282072803006e-14
Leakage-0.20,6,32,614,508,QP+G,15,0,15.0,15.0,0.7872157000000186,1.1422257282724337,1.076371819128235,0.36197596489536793,1.4210854715202004e-14
Leakage-0.20,6,32,614,508,QP+G,20,0,20.0,20.0,1.031161300000008,1.1474096534576634,1.0547966493540468,0.35968461463440754,2.1316282072803006e-14
Leakage-0.20,6,32,614,508,QP+G,25,0,25.0,25.0,1.294393900000017,1.1491008414454067,1.0339621334015556,0.35632038458712717,1.4210854715202004e-14
Leakage-0.20,6,32,614,508,noG,0,0,0.0,0.0,5.700000002661909e-06,1.1076445900856342,1.1458796239440638,0.36098763573604575,1.4210854715202004e-14
Leakage-0.20,6,32,614,508,noG,5,0,5.0,0.0,0.11262569999999528,1.1222172828241117,1.1217929148911012,0.36248181992283157,1.4210854715202004e-14
Leakage-0.20,6,32,614,508,noG,10,0,10.0,0.0,0.2174890000000005,1.1337479614230117,1.098704172528943,0.36289590425119417,2.1316282072803006e-14
Leakage-0.20,6,32,614,508,noG,15,0,15.0,0.0,0.3224203999999986,1.1422257282724337,1.076371819128235,0.36197596489536793,1.4210854715202004e-14
Leakage-0.20,6,32,614,508,noG,20,0,20.0,0.0,0.43417199999998957,1.1474096534576634,1.0547966493540468,0.35968461463440754,2.1316282072803006e-14
Leakage-0.20,6,32,614,508,noG,25,0,25.0,0.0,0.5444291000000021,1.1491008414454067,1.0339621334015556,0.35632038458712717,1.4210854715202004e-14
Leakage-0.20,6,32,614,508,PPM-3,0,0,0.0,0.0,3.399999997100167e-06,1.1076445900856342,1.1458796239440638,0.36098763573604575,1.4210854715202004e-14
Leakage-0.20,6,32,614,508,PPM-3,5,0,15.0,0.0,0.03133499999998435,1.1096988401353713,1.142713949060317,0.36124312752701065,1.4210854715202004e-14
Leakage-0.20,6,32,614,508,PPM-3,10,0,30.0,0.0,0.06393009999999322,1.1116931274614124,1.13957916832993,0.3614850835551752,1.4210854715202004e-14
Leakage-0.20,6,32,614,508,PPM-3,15,0,45.0,0.0,0.10021309999999062,1.1135923053813297,1.1365099278482669,0.3617131029577764,2.1316282072803006e-14
Leakage-0.20,6,32,614,508,PPM-3,20,0,60.0,0.0,0.135598200000004,1.1154732650709835,1.1334288349615704,0.3619267362664864,1.0658141036401503e-14
Leakage-0.20,6,32,614,508,PPM-3,25,0,75.0,0.0,0.17076040000000603,1.1173357426173574,1.1303356514352763,0.36212548962867497,2.1316282072803006e-14
Leakage-0.20,6,32,614,509,QP+G,0,0,0.0,0.0,3.800000001774606e-06,1.0697854012068932,1.456990741101847,0.3396002386301202,2.1316282072803006e-14
Leakage-0.20,6,32,614,509,QP+G,5,0,5.0,5.0,0.24351989999999546,1.0697854012068932,1.456990741101847,0.3396002386301202,2.1316282072803006e-14
Leakage-0.20,6,32,614,509,QP+G,10,0,10.0,10.0,0.4987658999999951,1.0697854012068932,1.456990741101847,0.3396002386301202,2.1316282072803006e-14
Leakage-0.20,6,32,614,509,QP+G,15,0,15.0,15.0,0.7526045999999837,1.0697854012068932,1.456990741101847,0.3396002386301202,2.1316282072803006e-14
Leakage-0.20,6,32,614,509,QP+G,20,0,20.0,20.0,1.0078053999999952,1.0697854012068932,1.456990741101847,0.3396002386301202,2.1316282072803006e-14
Leakage-0.20,6,32,614,509,QP+G,25,0,25.0,25.0,1.2569878999999844,1.0697854012068932,1.456990741101847,0.3396002386301202,2.1316282072803006e-14
Leakage-0.20,6,32,614,509,noG,0,0,0.0,0.0,3.3000000030369847e-06,1.0697854012068932,1.456990741101847,0.3396002386301202,2.1316282072803006e-14
Leakage-0.20,6,32,614,509,noG,5,0,5.0,0.0,0.09786590000001638,1.0697854012068932,1.456990741101847,0.3396002386301202,2.1316282072803006e-14
Leakage-0.20,6,32,614,509,noG,10,0,10.0,0.0,0.20829240000000482,1.0697854012068932,1.456990741101847,0.3396002386301202,2.1316282072803006e-14
Leakage-0.20,6,32,614,509,noG,15,0,15.0,0.0,0.31549739999999815,1.0697854012068932,1.456990741101847,0.3396002386301202,2.1316282072803006e-14
Leakage-0.20,6,32,614,509,noG,20,0,20.0,0.0,0.42406090000000063,1.0697854012068932,1.456990741101847,0.3396002386301202,2.1316282072803006e-14
Leakage-0.20,6,32,614,509,noG,25,0,25.0,0.0,0.5345620000000224,1.0697854012068932,1.456990741101847,0.3396002386301202,2.1316282072803006e-14
Leakage-0.20,6,32,614,509,PPM-3,0,0,0.0,0.0,6.600000006073969e-06,1.0697854012068932,1.456990741101847,0.3396002386301202,2.1316282072803006e-14
Leakage-0.20,6,32,614,509,PPM-3,5,0,15.0,0.0,0.03410020000001168,1.0712871653383735,1.4550951967670671,0.3404544486878743,2.1316282072803006e-14
Leakage-0.20,6,32,614,509,PPM-3,10,0,30.0,0.0,0.0681515999999931,1.072783505166647,1.453185556853942,0.3413099291091693,2.1316282072803006e-14
Leakage-0.20,6,32,614,509,PPM-3,15,0,45.0,0.0,0.10336050000000796,1.0740393509590382,1.4514965876079424,0.342166854126321,2.842170943040401e-14
Leakage-0.20,6,32,614,509,PPM-3,20,0,60.0,0.0,0.1345040999999867,1.0751224334746174,1.4499602534981921,0.343025374648106,2.1316282072803006e-14
Leakage-0.20,6,32,614,509,PPM-3,25,0,75.0,0.0,0.16672760000000153,1.0761954016418889,1.448413599481706,0.34388561719035776,2.1316282072803006e-14
Leakage-0.20,6,32,614,510,QP+G,0,0,0.0,0.0,3.4999999911633495e-06,1.1224768704560715,1.292325547848506,0.3544895259288991,1.4210854715202004e-14
Leakage-0.20,6,32,614,510,QP+G,5,0,5.0,5.0,0.2609137999999973,1.1246829945247965,1.2795033543477603,0.35485088933140413,1.4210854715202004e-14
Leakage-0.20,6,32,614,510,QP+G,10,0,10.0,10.0,0.4985025999999948,1.1270629113737785,1.2662457223153158,0.35517056044008316,2.1316282072803006e-14
Leakage-0.20,6,32,614,510,QP+G,15,0,15.0,15.0,0.7506423000000098,1.129499436951916,1.2526826499323143,0.35547032076582685,1.4210854715202004e-14
Leakage-0.20,6,32,614,510,QP+G,20,0,20.0,20.0,0.9962514999999996,1.1308833676469672,1.2399388493293564,0.3557797491749777,1.4210854715202004e-14
Leakage-0.20,6,32,614,510,QP+G,25,0,25.0,25.0,1.257417199999992,1.1311682171036002,1.2280791262861261,0.35613576994233404,1.4210854715202004e-14
Leakage-0.20,6,32,614,510,noG,0,0,0.0,0.0,3.6999999792897142e-06,1.1224768704560715,1.292325547848506,0.3544895259288991,1.4210854715202004e-14
Leakage-0.20,6,32,614,510,noG,5,0,5.0,0.0,0.10787429999999176,1.1224768704560715,1.292325547848506,0.3544895259288991,1.4210854715202004e-14
Leakage-0.20,6,32,614,510,noG,10,0,10.0,0.0,0.21685889999997698,1.1224768704560715,1.292325547848506,0.3544895259288991,1.4210854715202004e-14
Leakage-0.20,6,32,614,510,noG,15,0,15.0,0.0,0.31683649999999375,1.1224768704560715,1.292325547848506,0.3544895259288991,1.4210854715202004e-14
Leakage-0.20,6,32,614,510,noG,20,0,20.0,0.0,0.4219873999999777,1.1224768704560715,1.292325547848506,0.3544895259288991,1.4210854715202004e-14
Leakage-0.20,6,32,614,510,noG,25,0,25.0,0.0,0.5298377000000016,1.1224768704560715,1.292325547848506,0.3544895259288991,1.4210854715202004e-14
Leakage-0.20,6,32,614,510,PPM-3,0,0,0.0,0.0,3.800000001774606e-06,1.1224768704560715,1.292325547848506,0.3544895259288991,1.4210854715202004e-14
Leakage-0.20,6,32,614,510,PPM-3,5,0,15.0,0.0,0.04132169999999746,1.1233859861253126,1.2911598375124813,0.35533419316278086,1.4210854715202004e-14
Leakage-0.20,6,32,614,510,PPM-3,10,0,30.0,0.0,0.0741700000000094,1.124326251926279,1.2899177228857857,0.35615898125975176,2.1316282072803006e-14
Leakage-0.20,6,32,614,510,PPM-3,15,0,45.0,0.0,0.10788420000000087,1.125277697319282,1.2886183444755535,0.35696452775698506,1.4210854715202004e-14
Leakage-0.20,6,32,614,510,PPM-3,20,0,60.0,0.0,0.1406475999999941,1.126145087469138,1.2873561078787839,0.3577515042062907,2.1316282072803006e-14
Leakage-0.20,6,32,614,510,PPM-3,25,0,75.0,0.0,0.17496750000000816,1.1270302287424656,1.286028379011553,0.35852061336488855,2.1316282072803006e-14
Leakage-0.20,6,32,614,511,QP+G,0,0,0.0,0.0,6.900000016685226e-06,1.1029295519736204,1.4276026347358706,0.3403439900813308,1.4210854715202004e-14
Leakage-0.20,6,32,614,511,QP+G,5,0,5.0,5.0,0.28886320000000865,1.1029295519736204,1.4276026347358706,0.3403439900813308,1.4210854715202004e-14
Leakage-0.20,6,32,614,511,QP+G,10,0,10.0,10.0,0.5544034000000124,1.1029295519736204,1.4276026347358706,0.3403439900813308,1.4210854715202004e-14
Leakage-0.20,6,32,614,511,QP+G,15,0,15.0,15.0,0.8610745000000009,1.1029295519736204,1.4276026347358706,0.3403439900813308,1.4210854715202004e-14
Leakage-0.20,6,32,614,511,QP+G,20,0,20.0,20.0,1.1847825000000114,1.1029295519736204,1.4276026347358706,0.3403439900813308,1.4210854715202004e-14
Leakage-0.20,6,32,614,511,QP+G,25,0,25.0,25.0,1.5267675999999994,1.1029295519736204,1.4276026347358706,0.3403439900813308,1.4210854715202004e-14
Leakage-0.20,6,32,614,511,noG,0,0,0.0,0.0,6.499999983589078e-06,1.1029295519736204,1.4276026347358706,0.3403439900813308,1.4210854715202004e-14
Leakage-0.20,6,32,614,511,noG,5,0,5.0,0.0,0.1616941000000054,1.1029295519736204,1.4276026347358706,0.3403439900813308,1.4210854715202004e-14
Leakage-0.20,6,32,614,511,noG,10,0,10.0,0.0,0.2817321999999933,1.1029295519736204,1.4276026347358706,0.3403439900813308,1.4210854715202004e-14
Leakage-0.20,6,32,614,511,noG,15,0,15.0,0.0,0.3873303999999962,1.1029295519736204,1.4276026347358706,0.3403439900813308,1.4210854715202004e-14
Leakage-0.20,6,32,614,511,noG,20,0,20.0,0.0,0.5014466000000084,1.1029295519736204,1.4276026347358706,0.3403439900813308,1.4210854715202004e-14
Leakage-0.20,6,32,614,511,noG,25,0,25.0,0.0,0.6546148999999843,1.1029295519736204,1.4276026347358706,0.3403439900813308,1.4210854715202004e-14
Leakage-0.20,6,32,614,511,PPM-3,0,0,0.0,0.0,4.400000022997119e-06,1.1029295519736204,1.4276026347358706,0.3403439900813308,1.4210854715202004e-14
Leakage-0.20,6,32,614,511,PPM-3,5,0,15.0,0.0,0.04260770000001912,1.1049117572697735,1.4248802682326,0.342102230704671,1.4210854715202004e-14
Leakage-0.20,6,32,614,511,PPM-3,10,0,30.0,0.0,0.07858360000000175,1.1068680395378305,1.4221441693768082,0.3439033940154138,1.4210854715202004e-14
Leakage-0.20,6,32,614,511,PPM-3,15,0,45.0,0.0,0.11892100000000028,1.1086779930020931,1.4195143437413718,0.34574864911925624,1.4210854715202004e-14
Leakage-0.20,6,32,614,511,PPM-3,20,0,60.0,0.0,0.16655840000001376,1.1101928818804718,1.4171391271762204,0.3476390808275939,2.1316282072803006e-14
Leakage-0.20,6,32,614,511,PPM-3,25,0,75.0,0.0,0.22266900000002465,1.111689581777166,1.414741244703859,0.3495756734246926,1.4210854715202004e-14
Leakage-0.40,6,32,614,500,QP+G,0,0,0.0,0.0,3.7000000077114237e-06,0.9333356707469478,1.1901613918962495,0.2740854948921378,1.4210854715202004e-14
Leakage-0.40,6,32,614,500,QP+G,5,0,5.0,5.0,0.30417280000000346,0.9380785142768706,1.1768309962359031,0.27366791536104257,2.1316282072803006e-14
Leakage-0.40,6,32,614,500,QP+G,10,0,10.0,10.0,0.5929284999999993,0.943376903499999,1.1629682887109944,0.27337201628737207,1.4210854715202004e-14
Leakage-0.40,6,32,614,500,QP+G,15,0,15.0,15.0,0.8691908000000126,0.9484820665151639,1.1491472212381213,0.2730991155074561,1.4210854715202004e-14
Leakage-0.40,6,32,614,500,QP+G,20,0,20.0,20.0,1.143207899999993,0.9531629121565834,1.1355839731982553,0.2728217479471285,1.4210854715202004e-14
Leakage-0.40,6,32,614,500,QP+G,25,0,25.0,25.0,1.4077997999999923,0.9576381125011411,1.122078736304808,0.27250359855186596,1.4210854715202004e-14
Leakage-0.40,6,32,614,500,noG,0,0,0.0,0.0,3.7000000077114237e-06,0.9333356707469478,1.1901613918962495,0.2740854948921378,1.4210854715202004e-14
Leakage-0.40,6,32,614,500,noG,5,0,5.0,0.0,0.11474000000001183,0.9333356707469478,1.1901613918962495,0.2740854948921378,1.4210854715202004e-14
Leakage-0.40,6,32,614,500,noG,10,0,10.0,0.0,0.2471749999999986,0.9333356707469478,1.1901613918962495,0.2740854948921378,1.4210854715202004e-14
Leakage-0.40,6,32,614,500,noG,15,0,15.0,0.0,0.3751165000000185,0.9333356707469478,1.1901613918962495,0.2740854948921378,1.4210854715202004e-14
Leakage-0.40,6,32,614,500,noG,20,0,20.0,0.0,0.5003517000000102,0.9333356707469478,1.1901613918962495,0.2740854948921378,1.4210854715202004e-14
Leakage-0.40,6,32,614,500,noG,25,0,25.0,0.0,0.6134495000000015,0.9333356707469478,1.1901613918962495,0.2740854948921378,1.4210854715202004e-14
Leakage-0.40,6,32,614,500,PPM-3,0,0,0.0,0.0,4.39999999457541e-06,0.9333356707469478,1.1901613918962495,0.2740854948921378,1.4210854715202004e-14
Leakage-0.40,6,32,614,500,PPM-3,5,0,15.0,0.0,0.04290359999998827,0.9351736718588364,1.1888845462043327,0.27445397295027685,1.4210854715202004e-14
Leakage-0.40,6,32,614,500,PPM-3,10,0,30.0,0.0,0.08268329999998514,0.9369768933321238,1.187605371854156,0.2748340583433679,1.4210854715202004e-14
Leakage-0.40,6,32,614,500,PPM-3,15,0,45.0,0.0,0.11315700000000106,0.9386452986290782,1.1864233808057207,0.27522583879996054,1.4210854715202004e-14
Leakage-0.40,6,32,614,500,PPM-3,20,0,60.0,0.0,0.1448350000000005,0.9399942129925991,1.1855227269628523,0.2756293908573743,1.4210854715202004e-14
Leakage-0.40,6,32,614,500,PPM-3,25,0,75.0,0.0,0.18070280000000594,0.9413773632477107,1.1845491665988788,0.27604477967177155,1.4210854715202004e-14
Leakage-0.40,6,32,614,501,QP+G,0,0,0.0,0.0,3.800000001774606e-06,0.9805184497709868,1.1798279925692716,0.3711117414324474,1.4210854715202004e-14
Leakage-0.40,6,32,614,501,QP+G,5,0,5.0,5.0,0.28744219999998677,0.9805780427747613,1.1787236816042732,0.37125239494397555,2.1316282072803006e-14
Leakage-0.40,6,32,614,501,QP+G,10,0,10.0,10.0,0.7010728999999856,0.9805780427747613,1.1787236816042732,0.37125239494397555,2.1316282072803006e-14
Leakage-0.40,6,32,614,501,QP+G,15,0,15.0,15.0,1.0075223999999992,0.9805780427747613,1.1787236816042732,0.37125239494397555,2.1316282072803006e-14
Leakage-0.40,6,32,614,501,QP+G,20,0,20.0,20.0,1.2923389999999984,0.9805780427747613,1.1787236816042732,0.37125239494397555,2.1316282072803006e-14
Leakage-0.40,6,32,614,501,QP+G,25,0,25.0,25.0,1.5518194999999935,0.9805780427747613,1.1787236816042732,0.37125239494397555,2.1316282072803006e-14
Leakage-0.40,6,32,614,501,noG,0,0,0.0,0.0,4.00000001832268e-06,0.9805184497709868,1.1798279925692716,0.3711117414324474,1.4210854715202004e-14
Leakage-0.40,6,32,614,501,noG,5,0,5.0,0.0,0.110517399999992,0.9805184497709868,1.1798279925692716,0.3711117414324474,1.4210854715202004e-14
Leakage-0.40,6,32,614,501,noG,10,0,10.0,0.0,0.22237710000001698,0.9805184497709868,1.1798279925692716,0.3711117414324474,1.4210854715202004e-14
Leakage-0.40,6,32,614,501,noG,15,0,15.0,0.0,0.33170420000001855,0.9805184497709868,1.1798279925692716,0.3711117414324474,1.4210854715202004e-14
Leakage-0.40,6,32,614,501,noG,20,0,20.0,0.0,0.44675120000002266,0.9805184497709868,1.1798279925692716,0.3711117414324474,1.4210854715202004e-14
Leakage-0.40,6,32,614,501,noG,25,0,25.0,0.0,0.5680078000000037,0.9805184497709868,1.1798279925692716,0.3711117414324474,1.4210854715202004e-14
Leakage-0.40,6,32,614,501,PPM-3,0,0,0.0,0.0,5.8999999623665644e-06,0.9805184497709868,1.1798279925692716,0.3711117414324474,1.4210854715202004e-14
Leakage-0.40,6,32,614,501,PPM-3,5,0,15.0,0.0,0.04253289999996923,0.9811810795171263,1.1784450842427698,0.37202084131326874,1.4210854715202004e-14
Leakage-0.40,6,32,614,501,PPM-3,10,0,30.0,0.0,0.0758310999999594,0.9816767991864672,1.1771676376752358,0.37290158258226386,2.842170943040401e-14
Leakage-0.40,6,32,614,501,PPM-3,15,0,45.0,0.0,0.11012909999999465,0.9821984211595932,1.175802019800098,0.3737541403807973,1.4210854715202004e-14
Leakage-0.40,6,32,614,501,PPM-3,20,0,60.0,0.0,0.14425990000000866,0.9826684958287105,1.174424886533615,0.3745787303655524,1.4210854715202004e-14
Leakage-0.40,6,32,614,501,PPM-3,25,0,75.0,0.0,0.1783795999999711,0.9830450434429989,1.1730774520550897,0.37537560162051403,1.4210854715202004e-14
Leakage-0.40,6,32,614,502,QP+G,0,0,0.0,0.0,3.800000001774606e-06,0.9721984379212932,1.187236527647464,0.3551133683389649,2.1316282072803006e-14
Leakage-0.40,6,32,614,502,QP+G,5,0,5.0,5.0,0.3053184999999985,0.9755271201747993,1.1697101964585725,0.3523298488706345,1.4210854715202004e-14
Leakage-0.40,6,32,614,502,QP+G,10,0,10.0,10.0,0.6418012000000317,0.9787911539649229,1.1521777427963849,0.3493425494342403,1.4210854715202004e-14
Leakage-0.40,6,32,614,502,QP+G,15,0,15.0,15.0,0.9840606999999864,0.981333487081523,1.1353296450771166,0.34614266081962153,2.1316282072803006e-14
Leakage-0.40,6,32,614,502,QP+G,20,0,20.0,20.0,1.257009299999993,0.981992506212728,1.1203647620211257,0.34273005626624575,1.4210854715202004e-14
Leakage-0.40,6,32,614,502,QP+G,25,0,25.0,25.0,1.5014929999999822,0.9820829234373908,1.1117075210456147,0.34058452025928915,1.4210854715202004e-14
Leakage-0.40,6,32,614,502,noG,0,0,0.0,0.0,8.40000001289809e-06,0.9721984379212932,1.187236527647464,0.3551133683389649,2.1316282072803006e-14
Leakage-0.40,6,32,614,502,noG,5,0,5.0,0.0,0.11255080000000817,0.9721984379212932,1.187236527647464,0.3551133683389649,2.1316282072803006e-14
Leakage-0.40,6,32,614,502,noG,10,0,10.0,0.0,0.2296088999999597,0.9721984379212932,1.187236527647464,0.3551133683389649,2.1316282072803006e-14
Leakage-0.40,6,32,614,502,noG,15,0,15.0,0.0,0.35336109999997234,0.9721984379212932,1.187236527647464,0.3551133683389649,2.1316282072803006e-14
Leakage-0.40,6,32,614,502,noG,20,0,20.0,0.0,0.4670994999999607,0.9721984379212932,1.187236527647464,0.3551133683389649,2.1316282072803006e-14
Leakage-0.40,6,32,614,502,noG,25,0,25.0,0.0,0.5728399999999851,0.9721984379212932,1.187236527647464,0.3551133683389649,2.1316282072803006e-14
Leakage-0.40,6,32,614,502,PPM-3,0,0,0.0,0.0,3.6000000136482413e-06,0.9721984379212932,1.187236527647464,0.3551133683389649,2.1316282072803006e-14
Leakage-0.40,6,32,614,502,PPM-3,5,0,15.0,0.0,0.033467400000006364,0.9725540034842005,1.18539276661551,0.3557089476494009,2.1316282072803006e-14
Leakage-0.40,6,32,614,502,PPM-3,10,0,30.0,0.0,0.07193119999999453,0.9729284262875622,1.1834725291726396,0.3562759938489924,2.842170943040401e-14
Leakage-0.40,6,32,614,502,PPM-3,15,0,45.0,0.0,0.10442879999999377,0.9733223741606407,1.1814751321807497,0.3568138952554539,1.4210854715202004e-14
Leakage-0.40,6,32,614,502,PPM-3,20,0,60.0,0.0,0.1358013999999912,0.9736896101471506,1.1794468208720572,0.3573220514892998,1.4210854715202004e-14
Leakage-0.40,6,32,614,502,PPM-3,25,0,75.0,0.0,0.16907279999998082,0.9740576458582019,1.1773601158517586,0.35779987534484153,2.1316282072803006e-14
Leakage-0.40,6,32,614,503,QP+G,0,0,0.0,0.0,4.2000000348707545e-06,0.9554783248454436,1.2974035810332096,0.3951310856119906,2.1316282072803006e-14
Leakage-0.40,6,32,614,503,QP+G,5,0,5.0,5.0,0.4016141000000175,0.9615915468014696,1.2761605914829115,0.39622068163915564,2.1316282072803006e-14
Leakage-0.40,6,32,614,503,QP+G,10,0,10.0,10.0,0.6506580999999869,0.9653585143771087,1.2533053560648724,0.39550178857035206,2.1316282072803006e-14
Leakage-0.40,6,32,614,503,QP+G,15,0,15.0,15.0,0.8705420000000004,0.9660804237580555,1.229335492999855,0.3933603908139905,1.4210854715202004e-14
Leakage-0.40,6,32,614,503,QP+G,20,0,20.0,20.0,1.1216413999999872,0.9655982871550425,1.1920070483642955,0.38956714627838873,2.1316282072803006e-14
Leakage-0.40,6,32,614,503,QP+G,25,0,25.0,25.0,1.3754893000000266,0.9648780649059002,1.1437734709709226,0.38355903691546217,2.1316282072803006e-14
Leakage-0.40,6,32,614,503,noG,0,0,0.0,0.0,4.3999999661537e-06,0.9554783248454436,1.2974035810332096,0.3951310856119906,2.1316282072803006e-14
Leakage-0.40,6,32,614,503,noG,5,0,5.0,0.0,0.10067700000001878,0.9615915468014696,1.2761605914829115,0.39622068163915564,2.1316282072803006e-14
Leakage-0.40,6,32,614,503,noG,10,0,10.0,0.0,0.20818730000002006,0.9653585143771087,1.2533053560648724,0.39550178857035206,2.1316282072803006e-14
Leakage-0.40,6,32,614,503,noG,15,0,15.0,0.0,0.3124197999999865,0.9660804237580555,1.229335492999855,0.3933603908139905,1.4210854715202004e-14
Leakage-0.40,6,32,614,503,noG,20,0,20.0,0.0,0.4226236999999742,0.9653912567839675,1.2025293587834194,0.38997731200373176,2.1316282072803006e-14
Leakage-0.40,6,32,614,503,noG,25,0,25.0,0.0,0.5352940000000217,0.9635557050456885,1.1726507851752093,0.3855508150572519,2.1316282072803006e-14
Leakage-0.40,6,32,614,503,PPM-3,0,0,0.0,0.0,3.4000000255218765e-06,0.9554783248454436,1.2974035810332096,0.3951310856119906,2.1316282072803006e-14
Leakage-0.40,6,32,614,503,PPM-3,5,0,15.0,0.0,0.03252459999998791,0.9564083190108015,1.2947358324208103,0.3953962898108634,1.4210854715202004e-14
Leakage-0.40,6,32,614,503,PPM-3,10,0,30.0,0.0,0.06781910000000835,0.9573218134584733,1.2920256013633953,0.39562482267106663,1.4210854715202004e-14
Leakage-0.40,6,32,614,503,PPM-3,15,0,45.0,0.0,0.10098049999999148,0.9582186523025191,1.289272430095063,0.3958180243588701,1.4210854715202004e-14
Leakage-0.40,6,32,614,503,PPM-3,20,0,60.0,0.0,0.1342152000000283,0.9590987207885279,1.2864758388239812,0.395977192616071,1.4210854715202004e-14
Leakage-0.40,6,32,614,503,PPM-3,25,0,75.0,0.0,0.16795519999999442,0.9597557107167825,1.2838415612786054,0.3961035758581528,1.4210854715202004e-14
Leakage-0.40,6,32,614,504,QP+G,0,0,0.0,0.0,4.300000000512227e-06,0.9321416018491433,1.3566510278023058,0.3203438843071564,2.842170943040401e-14
Leakage-0.40,6,32,614,504,QP+G,5,0,5.0,5.0,0.24705949999997756,0.9356114355837287,1.3424556997588675,0.3211183130376322,2.1316282072803006e-14
Leakage-0.40,6,32,614,504,QP+G,10,0,10.0,10.0,0.5030677999999966,0.9379041588454281,1.3291489735039455,0.32196091931854637,1.4210854715202004e-14
Leakage-0.40,6,32,614,504,QP+G,15,0,15.0,15.0,0.855789800000025,0.9398881426295382,1.3158685885327666,0.3228814149264046,2.1316282072803006e-14
Leakage-0.40,6,32,614,504,QP+G,20,0,20.0,20.0,1.269586600000025,0.9416727780532997,1.302514003312309,0.32389404780191017,2.1316282072803006e-14
Leakage-0.40,6,32,614,504,QP+G,25,0,25.0,25.0,1.661057000000028,0.9429943414969271,1.2893602481154212,0.3250167138650119,2.1316282072803006e-14
Leakage-0.40,6,32,614,504,noG,0,0,0.0,0.0,4.700000033608376e-06,0.9321416018491433,1.3566510278023058,0.3203438843071564,2.842170943040401e-14
Leakage-0.40,6,32,614,504,noG,5,0,5.0,0.0,0.1493947000000162,0.9321416018491433,1.3566510278023058,0.3203438843071564,2.842170943040401e-14
Leakage-0.40,6,32,614,504,noG,10,0,10.0,0.0,0.29786020000000235,0.9321416018491433,1.3566510278023058,0.3203438843071564,2.842170943040401e-14
Leakage-0.40,6,32,614,504,noG,15,0,15.0,0.0,0.46783540000001267,0.9321416018491433,1.3566510278023058,0.3203438843071564,2.842170943040401e-14
Leakage-0.40,6,32,614,504,noG,20,0,20.0,0.0,0.6678172000000018,0.9321416018491433,1.3566510278023058,0.3203438843071564,2.842170943040401e-14
Leakage-0.40,6,32,614,504,noG,25,0,25.0,0.0,0.8247800999999981,0.9321416018491433,1.3566510278023058,0.3203438843071564,2.842170943040401e-14
Leakage-0.40,6,32,614,504,PPM-3,0,0,0.0,0.0,3.6000000136482413e-06,0.9321416018491433,1.3566510278023058,0.3203438843071564,2.842170943040401e-14
Leakage-0.40,6,32,614,504,PPM-3,5,0,15.0,0.0,0.03772209999999632,0.9341257250268391,1.3549092482528222,0.32119196518525955,1.4210854715202004e-14
Leakage-0.40,6,32,614,504,PPM-3,10,0,30.0,0.0,0.08023480000002792,0.9357939409844744,1.3534389803645028,0.32204908557269707,7.105427357601002e-15
Leakage-0.40,6,32,614,504,PPM-3,15,0,45.0,0.0,0.11511489999998048,0.9373633058302974,1.3520225354182136,0.3229151676548815,2.1316282072803006e-14
Leakage-0.40,6,32,614,504,PPM-3,20,0,60.0,0.0,0.15312499999998863,0.938921127132645,1.3505719694501144,0.3237901023647806,1.4210854715202004e-14
Leakage-0.40,6,32,614,504,PPM-3,25,0,75.0,0.0,0.1870238999999856,0.9403333696860734,1.3492206775992484,0.324673747595524,1.4210854715202004e-14
Leakage-0.40,6,32,614,505,QP+G,0,0,0.0,0.0,3.899999967416079e-06,0.9595324885825987,1.3116363623045988,0.3111017755803606,1.4210854715202004e-14
Leakage-0.40,6,32,614,505,QP+G,5,0,5.0,5.0,0.26210249999996904,0.9637581406725407,1.2987386184754786,0.311256586624883,2.1316282072803006e-14
Leakage-0.40,6,32,614,505,QP+G,10,0,10.0,10.0,0.5552609999999731,0.967098722978646,1.2863842102112075,0.31144848140242576,1.4210854715202004e-14
Leakage-0.40,6,32,614,505,QP+G,15,0,15.0,15.0,0.865599799999984,0.9701144497182325,1.2740199192230839,0.31168078125172066,2.1316282072803006e-14
Leakage-0.40,6,32,614,505,QP+G,20,0,20.0,20.0,1.1941181999999912,0.9731614586516357,1.26129917187529,0.3119576843666964,1.4210854715202004e-14
Leakage-0.40,6,32,614,505,QP+G,25,0,25.0,25.0,1.4659363000000099,0.9758481105229545,1.2486257560884582,0.31228452341318447,1.4210854715202004e-14
Leakage-0.40,6,32,614,505,noG,0,0,0.0,0.0,5.100000009861105e-06,0.9595324885825987,1.3116363623045988,0.3111017755803606,1.4210854715202004e-14
Leakage-0.40,6,32,614,505,noG,5,0,5.0,0.0,0.10821600000002718,0.9595324885825987,1.3116363623045988,0.3111017755803606,1.4210854715202004e-14
Leakage-0.40,6,32,614,505,noG,10,0,10.0,0.0,0.275439600000027,0.9595324885825987,1.3116363623045988,0.3111017755803606,1.4210854715202004e-14
Leakage-0.40,6,32,614,505,noG,15,0,15.0,0.0,0.4667337999999859,0.9595324885825987,1.3116363623045988,0.3111017755803606,1.4210854715202004e-14
Leakage-0.40,6,32,614,505,noG,20,0,20.0,0.0,0.6032754000000295,0.9595324885825987,1.3116363623045988,0.3111017755803606,1.4210854715202004e-14
Leakage-0.40,6,32,614,505,noG,25,0,25.0,0.0,0.7439211000000228,0.9595324885825987,1.3116363623045988,0.3111017755803606,1.4210854715202004e-14
Leakage-0.40,6,32,614,505,PPM-3,0,0,0.0,0.0,4.199999978027336e-06,0.9595324885825987,1.3116363623045988,0.3111017755803606,1.4210854715202004e-14
Leakage-0.40,6,32,614,505,PPM-3,5,0,15.0,0.0,0.0418929999999591,0.9612430050055204,1.3099769223224276,0.31194715476318263,1.4210854715202004e-14
Leakage-0.40,6,32,614,505,PPM-3,10,0,30.0,0.0,0.08778049999995119,0.9628041219914986,1.3084292849204764,0.3128067011231291,1.4210854715202004e-14
Leakage-0.40,6,32,614,505,PPM-3,15,0,45.0,0.0,0.14753969999998162,0.9643945764443698,1.3068139578014086,0.31368041530407215,1.4210854715202004e-14
Leakage-0.40,6,32,614,505,PPM-3,20,0,60.0,0.0,0.20202289999997447,0.9659628523985498,1.305181691851312,0.3145682628072056,1.4210854715202004e-14
Leakage-0.40,6,32,614,505,PPM-3,25,0,75.0,0.0,0.2503084999999601,0.9673956574162748,1.3036450051697168,0.31547017443770736,1.4210854715202004e-14
Leakage-0.40,6,32,614,506,QP+G,0,0,0.0,0.0,5.400000020472362e-06,0.9345547267244432,1.22894766704677,0.2984336087054258,2.1316282072803006e-14
Leakage-0.40,6,32,614,506,QP+G,5,0,5.0,5.0,0.3860354999999913,0.9345547267244432,1.22894766704677,0.2984336087054258,2.1316282072803006e-14
Leakage-0.40,6,32,614,506,QP+G,10,0,10.0,10.0,0.7298592999999869,0.9345547267244432,1.22894766704677,0.2984336087054258,2.1316282072803006e-14
Leakage-0.40,6,32,614,506,QP+G,15,0,15.0,15.0,1.0650398000000223,0.9345547267244432,1.22894766704677,0.2984336087054258,2.1316282072803006e-14
Leakage-0.40,6,32,614,506,QP+G,20,0,20.0,20.0,1.4012447000000066,0.9345547267244432,1.22894766704677,0.2984336087054258,2.1316282072803006e-14
Leakage-0.40,6,32,614,506,QP+G,25,0,25.0,25.0,1.7580156000000215,0.9345547267244432,1.22894766704677,0.2984336087054258,2.1316282072803006e-14
Leakage-0.40,6,32,614,506,noG,0,0,0.0,0.0,6.300000052306132e-06,0.9345547267244432,1.22894766704677,0.2984336087054258,2.1316282072803006e-14
Leakage-0.40,6,32,614,506,noG,5,0,5.0,0.0,0.1784872000000064,0.9345547267244432,1.22894766704677,0.2984336087054258,2.1316282072803006e-14
Leakage-0.40,6,32,614,506,noG,10,0,10.0,0.0,0.3246279000000527,0.9345547267244432,1.22894766704677,0.2984336087054258,2.1316282072803006e-14
Leakage-0.40,6,32,614,506,noG,15,0,15.0,0.0,0.49055780000003324,0.9345547267244432,1.22894766704677,0.2984336087054258,2.1316282072803006e-14
Leakage-0.40,6,32,614,506,noG,20,0,20.0,0.0,0.6631510000000276,0.9345547267244432,1.22894766704677,0.2984336087054258,2.1316282072803006e-14
Leakage-0.40,6,32,614,506,noG,25,0,25.0,0.0,0.8042085000000156,0.9345547267244432,1.22894766704677,0.2984336087054258,2.1316282072803006e-14
Leakage-0.40,6,32,614,506,PPM-3,0,0,0.0,0.0,6.199999972977821e-06,0.9345547267244432,1.22894766704677,0.2984336087054258,2.1316282072803006e-14
Leakage-0.40,6,32,614,506,PPM-3,5,0,15.0,0.0,0.04223980000000438,0.9366360368088203,1.2275232217563739,0.299551292467817,2.1316282072803006e-14
Leakage-0.40,6,32,614,506,PPM-3,10,0,30.0,0.0,0.08593760000002248,0.9387415090931641,1.2260484183158755,0.30068119928156095,1.4210854715202004e-14
Leakage-0.40,6,32,614,506,PPM-3,15,0,45.0,0.0,0.13051969999997937,0.9408715247115825,1.2245221407577849,0.3018224695473082,2.1316282072803006e-14
Leakage-0.40,6,32,614,506,PPM-3,20,0,60.0,0.0,0.17220500000001948,0.9429360492249254,1.2230336858952953,0.30297416498445284,1.4210854715202004e-14
Leakage-0.40,6,32,614,506,PPM-3,25,0,75.0,0.0,0.217703599999993,0.9449986842369751,1.2215187120922835,0.30413527001643126,1.4210854715202004e-14
Leakage-0.40,6,32,614,507,QP+G,0,0,0.0,0.0,4.499999988638592e-06,0.9584811162227325,1.2101957599732704,0.31588310387051455,1.4210854715202004e-14
Leakage-0.40,6,32,614,507,QP+G,5,0,5.0,5.0,0.31745559999995976,0.9589831436708449,1.196641168581432,0.3151351109266474,1.4210854715202004e-14
Leakage-0.40,6,32,614,507,QP+G,10,0,10.0,10.0,0.627804900000001,0.9589844101251761,1.1940210959544166,0.3149975395869079,1.4210854715202004e-14
Leakage-0.40,6,32,614,507,QP+G,15,0,15.0,15.0,0.8861961999999721,0.9589844101251761,1.1940210959544166,0.3149975395869079,1.4210854715202004e-14
Leakage-0.40,6,32,614,507,QP+G,20,0,20.0,20.0,1.183696399999974,0.9589844101251761,1.1940210959544166,0.3149975395869079,1.4210854715202004e-14
Leakage-0.40,6,32,614,507,QP+G,25,0,25.0,25.0,1.4611454999999864,0.9589844101251761,1.1940210959544166,0.3149975395869079,1.4210854715202004e-14
Leakage-0.40,6,32,614,507,noG,0,0,0.0,0.0,6.600000006073969e-06,0.9584811162227325,1.2101957599732704,0.31588310387051455,1.4210854715202004e-14
Leakage-0.40,6,32,614,507,noG,5,0,5.0,0.0,0.12790499999999838,0.9584811162227325,1.2101957599732704,0.31588310387051455,1.4210854715202004e-14
Leakage-0.40,6,32,614,507,noG,10,0,10.0,0.0,0.26979729999999336,0.9584811162227325,1.2101957599732704,0.31588310387051455,1.4210854715202004e-14
Leakage-0.40,6,32,614,507,noG,15,0,15.0,0.0,0.39940599999999904,0.9584811162227325,1.2101957599732704,0.31588310387051455,1.4210854715202004e-14
Leakage-0.40,6,32,614,507,noG,20,0,20.0,0.0,0.5416870000000245,0.9584811162227325,1.2101957599732704,0.31588310387051455,1.4210854715202004e-14
Leakage-0.40,6,32,614,507,noG,25,0,25.0,0.0,0.6537979000000291,0.9584811162227325,1.2101957599732704,0.31588310387051455,1.4210854715202004e-14
Leakage-0.40,6,32,614,507,PPM-3,0,0,0.0,0.0,3.6000000136482413e-06,0.9584811162227325,1.2101957599732704,0.31588310387051455,1.4210854715202004e-14
Leakage-0.40,6,32,614,507,PPM-3,5,0,15.0,0.0,0.0335142999999789,0.9594451788350655,1.208664837103051,0.3168334813149586,1.4210854715202004e-14
Leakage-0.40,6,32,614,507,PPM-3,10,0,30.0,0.0,0.0674483999999893,0.9603831460124445,1.207105042541611,0.3177789328317652,2.1316282072803006e-14
Leakage-0.40,6,32,614,507,PPM-3,15,0,45.0,0.0,0.10204470000002175,0.9613337422693579,1.2054770994660595,0.31871899903432194,1.4210854715202004e-14
Leakage-0.40,6,32,614,507,PPM-3,20,0,60.0,0.0,0.1403682000000117,0.9622967055502633,1.2037807282311177,0.3196532027388692,2.1316282072803006e-14
Leakage-0.40,6,32,614,507,PPM-3,25,0,75.0,0.0,0.1901325999999699,0.9631514847579795,1.2021359494324573,0.32058104807657106,1.4210854715202004e-14
Leakage-0.40,6,32,614,508,QP+G,0,0,0.0,0.0,5.000000044219632e-06,0.9576847863921584,1.0852233048372004,0.33064784355332044,1.4210854715202004e-14
Leakage-0.40,6,32,614,508,QP+G,5,0,5.0,5.0,0.2622221999999965,0.9666166883144998,1.0649852584392194,0.33142617063248986,1.4210854715202004e-14
Leakage-0.40,6,32,614,508,QP+G,10,0,10.0,10.0,0.6032106000000113,0.9735913189774636,1.0446526404070153,0.3315357419484406,1.4210854715202004e-14
Leakage-0.40,6,32,614,508,QP+G,15,0,15.0,15.0,0.8953270000000089,0.9793410252116226,1.0232956759380387,0.3308267148740598,1.4210854715202004e-14
Leakage-0.40,6,32,614,508,QP+G,20,0,20.0,20.0,1.1907070999999974,0.9844417990655475,1.0001613702328007,0.3292439555411364,1.4210854715202004e-14
Leakage-0.40,6,32,614,508,QP+G,25,0,25.0,25.0,1.4435691000000475,0.9876283688738567,0.9763715574730454,0.3269147904129467,1.4210854715202004e-14
Leakage-0.40,6,32,614,508,noG,0,0,0.0,0.0,4.600000011123484e-06,0.9576847863921584,1.0852233048372004,0.33064784355332044,1.4210854715202004e-14
Leakage-0.40,6,32,614,508,noG,5,0,5.0,0.0,0.11368500000003223,0.9666166883144998,1.0649852584392194,0.33142617063248986,1.4210854715202004e-14
Leakage-0.40,6,32,614,508,noG,10,0,10.0,0.0,0.23795200000000705,0.9735913189774636,1.0446526404070153,0.3315357419484406,1.4210854715202004e-14
Leakage-0.40,6,32,614,508,noG,15,0,15.0,0.0,0.3483777999999802,0.9793410252116226,1.0232956759380387,0.3308267148740598,1.4210854715202004e-14
Leakage-0.40,6,32,614,508,noG,20,0,20.0,0.0,0.4582892999999899,0.9844417990655475,1.0001613702328007,0.3292439555411364,1.4210854715202004e-14
Leakage-0.40,6,32,614,508,noG,25,0,25.0,0.0,0.5682297000000176,0.9876283688738567,0.9763715574730454,0.3269147904129467,1.4210854715202004e-14
Leakage-0.40,6,32,614,508,PPM-3,0,0,0.0,0.0,5.100000009861105e-06,0.9576847863921584,1.0852233048372004,0.33064784355332044,1.4210854715202004e-14
Leakage-0.40,6,32,614,508,PPM-3,5,0,15.0,0.0,0.03346210000000838,0.9589629743420027,1.0826102977233725,0.33078527803272434,1.4210854715202004e-14
Leakage-0.40,6,32,614,508,PPM-3,10,0,30.0,0.0,0.06604110000000674,0.9601624148039452,1.0800462930866763,0.3309139568456769,1.4210854715202004e-14
Leakage-0.40,6,32,614,508,PPM-3,15,0,45.0,0.0,0.10125580000004675,0.9613174924728914,1.0774964980026724,0.33103369764011814,1.4210854715202004e-14
Leakage-0.40,6,32,614,508,PPM-3,20,0,60.0,0.0,0.13533250000000407,0.9623939244499664,1.074994787771404,0.3311442867427847,1.4210854715202004e-14
Leakage-0.40,6,32,614,508,PPM-3,25,0,75.0,0.0,0.1690076000000431,0.9634605425556115,1.072471923877158,0.3312454812372254,2.1316282072803006e-14
Leakage-0.40,6,32,614,509,QP+G,0,0,0.0,0.0,3.6000000136482413e-06,0.950557377367957,1.3853192833662702,0.32001709052863464,2.1316282072803006e-14
Leakage-0.40,6,32,614,509,QP+G,5,0,5.0,5.0,0.2765059999999835,0.950557377367957,1.3853192833662702,0.32001709052863464,2.1316282072803006e-14
Leakage-0.40,6,32,614,509,QP+G,10,0,10.0,10.0,0.6629032000000166,0.950557377367957,1.3853192833662702,0.32001709052863464,2.1316282072803006e-14
Leakage-0.40,6,32,614,509,QP+G,15,0,15.0,15.0,1.1550528000000213,0.950557377367957,1.3853192833662702,0.32001709052863464,2.1316282072803006e-14
Leakage-0.40,6,32,614,509,QP+G,20,0,20.0,20.0,1.5752092999999832,0.950557377367957,1.3853192833662702,0.32001709052863464,2.1316282072803006e-14
Leakage-0.40,6,32,614,509,QP+G,25,0,25.0,25.0,2.040991099999985,0.950557377367957,1.3853192833662702,0.32001709052863464,2.1316282072803006e-14
Leakage-0.40,6,32,614,509,noG,0,0,0.0,0.0,6.299999995462713e-06,0.950557377367957,1.3853192833662702,0.32001709052863464,2.1316282072803006e-14
Leakage-0.40,6,32,614,509,noG,5,0,5.0,0.0,0.16443119999996725,0.950557377367957,1.3853192833662702,0.32001709052863464,2.1316282072803006e-14
Leakage-0.40,6,32,614,509,noG,10,0,10.0,0.0,0.4097036999999659,0.950557377367957,1.3853192833662702,0.32001709052863464,2.1316282072803006e-14
Leakage-0.40,6,32,614,509,noG,15,0,15.0,0.0,0.6317856999999663,0.950557377367957,1.3853192833662702,0.32001709052863464,2.1316282072803006e-14
Leakage-0.40,6,32,614,509,noG,20,0,20.0,0.0,0.8090517999999634,0.950557377367957,1.3853192833662702,0.32001709052863464,2.1316282072803006e-14
Leakage-0.40,6,32,614,509,noG,25,0,25.0,0.0,0.9315943999999945,0.950557377367957,1.3853192833662702,0.32001709052863464,2.1316282072803006e-14
Leakage-0.40,6,32,614,509,PPM-3,0,0,0.0,0.0,6.799999994200334e-06,0.950557377367957,1.3853192833662702,0.32001709052863464,2.1316282072803006e-14
Leakage-0.40,6,32,614,509,PPM-3,5,0,15.0,0.0,0.04821590000000242,0.9513561961202481,1.3839867057251123,0.3209253778527501,1.4210854715202004e-14
Leakage-0.40,6,32,614,509,PPM-3,10,0,30.0,0.0,0.09600199999999859,0.9520693873494368,1.3827141440035344,0.3218365197660985,1.4210854715202004e-14
Leakage-0.40,6,32,614,509,PPM-3,15,0,45.0,0.0,0.13375519999999597,0.9527832593475862,1.3814149367216695,0.3227506491249395,1.4210854715202004e-14
Leakage-0.40,6,32,614,509,PPM-3,20,0,60.0,0.0,0.1834387000000106,0.95338976240392,1.3801967812609686,0.32366788348769654,1.4210854715202004e-14
Leakage-0.40,6,32,614,509,PPM-3,25,0,75.0,0.0,0.22381219999999757,0.9539851673671412,1.378963055345638,0.3245883240993376,2.1316282072803006e-14
Leakage-0.40,6,32,614,510,QP+G,0,0,0.0,0.0,4.900000021734741e-06,0.9704550342581344,1.2153065607326288,0.3326520704505683,1.4210854715202004e-14
Leakage-0.40,6,32,614,510,QP+G,5,0,5.0,5.0,0.5517029000000093,0.9756020132278136,1.195994299205122,0.3294233726709216,2.1316282072803006e-14
Leakage-0.40,6,32,614,510,QP+G,10,0,10.0,10.0,1.2184401000000094,0.9804402635448414,1.1769008906241427,0.3259643651385842,1.4210854715202004e-14
Leakage-0.40,6,32,614,510,QP+G,15,0,15.0,15.0,1.8351213999999914,0.9849940726652654,1.1580803192272193,0.3223330751119889,1.4210854715202004e-14
Leakage-0.40,6,32,614,510,QP+G,20,0,20.0,20.0,2.3676689000000124,0.9889923277242886,1.1398776902646715,0.3185985687442729,2.1316282072803006e-14
Leakage-0.40,6,32,614,510,QP+G,25,0,25.0,25.0,2.993035300000031,0.9919614572078261,1.1228336167653916,0.31483761519045,1.4210854715202004e-14
Leakage-0.40,6,32,614,510,noG,0,0,0.0,0.0,1.2599999990925426e-05,0.9704550342581344,1.2153065607326288,0.3326520704505683,1.4210854715202004e-14
Leakage-0.40,6,32,614,510,noG,5,0,5.0,0.0,0.4638332000000105,0.9704550342581344,1.2153065607326288,0.3326520704505683,1.4210854715202004e-14
Leakage-0.40,6,32,614,510,noG,10,0,10.0,0.0,0.7031923999999776,0.9704550342581344,1.2153065607326288,0.3326520704505683,1.4210854715202004e-14
Leakage-0.40,6,32,614,510,noG,15,0,15.0,0.0,0.9284647000000064,0.9704550342581344,1.2153065607326288,0.3326520704505683,1.4210854715202004e-14
Leakage-0.40,6,32,614,510,noG,20,0,20.0,0.0,1.113289399999985,0.9704550342581344,1.2153065607326288,0.3326520704505683,1.4210854715202004e-14
Leakage-0.40,6,32,614,510,noG,25,0,25.0,0.0,1.2965461000000005,0.9704550342581344,1.2153065607326288,0.3326520704505683,1.4210854715202004e-14
Leakage-0.40,6,32,614,510,PPM-3,0,0,0.0,0.0,6.499999983589078e-06,0.9704550342581344,1.2153065607326288,0.3326520704505683,1.4210854715202004e-14
Leakage-0.40,6,32,614,510,PPM-3,5,0,15.0,0.0,0.044551000000012664,0.9715534157048539,1.2138867451716036,0.33354499355552814,2.1316282072803006e-14
Leakage-0.40,6,32,614,510,PPM-3,10,0,30.0,0.0,0.10180689999998549,0.9725478637600258,1.2125101116639314,0.3344257965248405,2.1316282072803006e-14
Leakage-0.40,6,32,614,510,PPM-3,15,0,45.0,0.0,0.17288780000001225,0.9734931762015112,1.2111207103667336,0.3352944101435238,1.4210854715202004e-14
Leakage-0.40,6,32,614,510,PPM-3,20,0,60.0,0.0,0.21921329999997852,0.9743418263002249,1.2097649203357705,0.336150735130089,1.4210854715202004e-14
Leakage-0.40,6,32,614,510,PPM-3,25,0,75.0,0.0,0.2607722999999851,0.9750940530265106,1.208441361552267,0.33699464165774706,1.4210854715202004e-14
Leakage-0.40,6,32,614,511,QP+G,0,0,0.0,0.0,5.600000008598727e-06,0.9472079125643537,1.400506379717771,0.3197589688874328,1.4210854715202004e-14
Leakage-0.40,6,32,614,511,QP+G,5,0,5.0,5.0,0.4336048000000119,0.9472079125643537,1.400506379717771,0.3197589688874328,1.4210854715202004e-14
Leakage-0.40,6,32,614,511,QP+G,10,0,10.0,10.0,0.7716244000000074,0.9472079125643537,1.400506379717771,0.3197589688874328,1.4210854715202004e-14
Leakage-0.40,6,32,614,511,QP+G,15,0,15.0,15.0,1.1994552000000454,0.9472079125643537,1.400506379717771,0.3197589688874328,1.4210854715202004e-14
Leakage-0.40,6,32,614,511,QP+G,20,0,20.0,20.0,1.575041400000032,0.9472079125643537,1.400506379717771,0.3197589688874328,1.4210854715202004e-14
Leakage-0.40,6,32,614,511,QP+G,25,0,25.0,25.0,2.072971100000018,0.9472079125643537,1.400506379717771,0.3197589688874328,1.4210854715202004e-14
Leakage-0.40,6,32,614,511,noG,0,0,0.0,0.0,7.699999969190685e-06,0.9472079125643537,1.400506379717771,0.3197589688874328,1.4210854715202004e-14
Leakage-0.40,6,32,614,511,noG,5,0,5.0,0.0,0.20250139999996009,0.9472079125643537,1.400506379717771,0.3197589688874328,1.4210854715202004e-14
Leakage-0.40,6,32,614,511,noG,10,0,10.0,0.0,0.4286542999999483,0.9472079125643537,1.400506379717771,0.3197589688874328,1.4210854715202004e-14
Leakage-0.40,6,32,614,511,noG,15,0,15.0,0.0,0.6507342999999537,0.9472079125643537,1.400506379717771,0.3197589688874328,1.4210854715202004e-14
Leakage-0.40,6,32,614,511,noG,20,0,20.0,0.0,0.9483931999999982,0.9472079125643537,1.400506379717771,0.3197589688874328,1.4210854715202004e-14
Leakage-0.40,6,32,614,511,noG,25,0,25.0,0.0,1.1857497999999964,0.9472079125643537,1.400506379717771,0.3197589688874328,1.4210854715202004e-14
Leakage-0.40,6,32,614,511,PPM-3,0,0,0.0,0.0,9.899999952267535e-06,0.9472079125643537,1.400506379717771,0.3197589688874328,1.4210854715202004e-14
Leakage-0.40,6,32,614,511,PPM-3,5,0,15.0,0.0,0.07379379999997582,0.9485820618338834,1.3979077302940306,0.3211001670918698,1.4210854715202004e-14
Leakage-0.40,6,32,614,511,PPM-3,10,0,30.0,0.0,0.12716329999994969,0.9499047075603337,1.3953016635141304,0.3224630221000369,2.1316282072803006e-14
Leakage-0.40,6,32,614,511,PPM-3,15,0,45.0,0.0,0.19389169999999467,0.9511984491805672,1.392664999921469,0.32384795023620844,1.4210854715202004e-14
Leakage-0.40,6,32,614,511,PPM-3,20,0,60.0,0.0,0.2536531999999738,0.9524694777981837,1.3899909705386027,0.3252553093570081,1.0658141036401503e-14
Leakage-0.40,6,32,614,511,PPM-3,25,0,75.0,0.0,0.3191143999999895,0.9537209519388203,1.3872758418244717,0.32668539229211724,2.1316282072803006e-14
Leakage-0.60,6,32,614,500,QP+G,0,0,0.0,0.0,5.499999986113835e-06,0.8605537016244282,1.1379430383190832,0.2640601803635206,1.4210854715202004e-14
Leakage-0.60,6,32,614,500,QP+G,5,0,5.0,5.0,0.4990705999999818,0.8640088472547586,1.124715300421974,0.2625933227118941,2.1316282072803006e-14
Leakage-0.60,6,32,614,500,QP+G,10,0,10.0,10.0,0.8659772999999973,0.8672154768860906,1.111820883966796,0.2611252266672872,1.4210854715202004e-14
Leakage-0.60,6,32,614,500,QP+G,15,0,15.0,15.0,1.2634385999999722,0.8703452452379692,1.0990948569322452,0.25966367936202495,2.1316282072803006e-14
Leakage-0.60,6,32,614,500,QP+G,20,0,20.0,20.0,1.633012899999983,0.8734300191501921,1.0865114026874902,0.2582162340550899,1.4210854715202004e-14
Leakage-0.60,6,32,614,500,QP+G,25,0,25.0,25.0,1.9960446999999704,0.8763276946270943,1.074218028229355,0.25679005132904076,2.1316282072803006e-14
Leakage-0.60,6,32,614,500,noG,0,0,0.0,0.0,5.600000008598727e-06,0.8605537016244282,1.1379430383190832,0.2640601803635206,1.4210854715202004e-14
Leakage-0.60,6,32,614,500,noG,5,0,5.0,0.0,0.17728620000002593,0.8605537016244282,1.1379430383190832,0.2640601803635206,1.4210854715202004e-14
Leakage-0.60,6,32,614,500,noG,10,0,10.0,0.0,0.35319300000003295,0.8605537016244282,1.1379430383190832,0.2640601803635206,1.4210854715202004e-14
Leakage-0.60,6,32,614,500,noG,15,0,15.0,0.0,0.5119126000000165,0.8605537016244282,1.1379430383190832,0.2640601803635206,1.4210854715202004e-14
Leakage-0.60,6,32,614,500,noG,20,0,20.0,0.0,0.6552976000000399,0.8605537016244282,1.1379430383190832,0.2640601803635206,1.4210854715202004e-14
Leakage-0.60,6,32,614,500,noG,25,0,25.0,0.0,0.8027845000000298,0.8605537016244282,1.1379430383190832,0.2640601803635206,1.4210854715202004e-14
Leakage-0.60,6,32,614,500,PPM-3,0,0,0.0,0.0,4.499999988638592e-06,0.8605537016244282,1.1379430383190832,0.2640601803635206,1.4210854715202004e-14
Leakage-0.60,6,32,614,500,PPM-3,5,0,15.0,0.0,0.04224699999997483,0.8618232640845265,1.1373051131370158,0.264401460502239,1.4210854715202004e-14
Leakage-0.60,6,32,614,500,PPM-3,10,0,30.0,0.0,0.09440839999996342,0.8628293332453864,1.1368889988708633,0.26475267408916375,2.1316282072803006e-14
Leakage-0.60,6,32,614,500,PPM-3,15,0,45.0,0.0,0.14576549999998178,0.8637839987705402,1.1364820356552032,0.2651137836001468,1.4210854715202004e-14
Leakage-0.60,6,32,614,500,PPM-3,20,0,60.0,0.0,0.19999249999995072,0.864524654112603,1.136246266170243,0.2654847395019757,1.4210854715202004e-14
Leakage-0.60,6,32,614,500,PPM-3,25,0,75.0,0.0,0.24744119999996883,0.8652870889636424,1.1359453435337656,0.26586548022039036,1.4210854715202004e-14
Leakage-0.60,6,32,614,501,QP+G,0,0,0.0,0.0,4.799999999249849e-06,0.8977360077936315,1.1430272086843165,0.3527290763578203,1.4210854715202004e-14
Leakage-0.60,6,32,614,501,QP+G,5,0,5.0,5.0,0.3604346999999848,0.8998251318152215,1.1246037493418728,0.3523270232256565,1.4210854715202004e-14
Leakage-0.60,6,32,614,501,QP+G,10,0,10.0,10.0,0.6759637999999768,0.9009046866619923,1.1071856303986807,0.3520027066040174,1.4210854715202004e-14
Leakage-0.60,6,32,614,501,QP+G,15,0,15.0,15.0,0.999770299999966,0.9014274038881391,1.0903511416102305,0.35172301621966084,1.4210854715202004e-14
Leakage-0.60,6,32,614,501,QP+G,20,0,20.0,20.0,1.2651316999999835,0.9015091915152262,1.0837598604377492,0.3516156955312525,2.1316282072803006e-14
Leakage-0.60,6,32,614,501,QP+G,25,0,25.0,25.0,1.534040599999969,0.9015091915152262,1.0837598604377492,0.3516156955312525,2.1316282072803006e-14
Leakage-0.60,6,32,614,501,noG,0,0,0.0,0.0,5.7000000310836185e-06,0.8977360077936315,1.1430272086843165,0.3527290763578203,1.4210854715202004e-14
Leakage-0.60,6,32,614,501,noG,5,0,5.0,0.0,0.14430520000001934,0.8977360077936315,1.1430272086843165,0.3527290763578203,1.4210854715202004e-14
Leakage-0.60,6,32,614,501,noG,10,0,10.0,0.0,0.2843743000000245,0.8977360077936315,1.1430272086843165,0.3527290763578203,1.4210854715202004e-14
Leakage-0.60,6,32,614,501,noG,15,0,15.0,0.0,0.4113376000000244,0.8977360077936315,1.1430272086843165,0.3527290763578203,1.4210854715202004e-14
Leakage-0.60,6,32,614,501,noG,20,0,20.0,0.0,0.5451044999999795,0.8977360077936315,1.1430272086843165,0.3527290763578203,1.4210854715202004e-14
Leakage-0.60,6,32,614,501,noG,25,0,25.0,0.0,0.6656477000000223,0.8977360077936315,1.1430272086843165,0.3527290763578203,1.4210854715202004e-14
Leakage-0.60,6,32,614,501,PPM-3,0,0,0.0,0.0,6.199999972977821e-06,0.8977360077936315,1.1430272086843165,0.3527290763578203,1.4210854715202004e-14
Leakage-0.60,6,32,614,501,PPM-3,5,0,15.0,0.0,0.037126999999998134,0.897532940881736,1.1422824663474267,0.3534528554813668,1.4210854715202004e-14
Leakage-0.60,6,32,614,501,PPM-3,10,0,30.0,0.0,0.07468869999996741,0.8973303512335324,1.141469665306582,0.3541484280363106,1.4210854715202004e-14
Leakage-0.60,6,32,614,501,PPM-3,15,0,45.0,0.0,0.11222949999995535,0.8971529739447102,1.1405632768179845,0.35481598475590836,1.4210854715202004e-14
Leakage-0.60,6,32,614,501,PPM-3,20,0,60.0,0.0,0.14813989999998967,0.8967478569782874,1.1398154908546965,0.35545575309952576,1.4210854715202004e-14
Leakage-0.60,6,32,614,501,PPM-3,25,0,75.0,0.0,0.1847637999999847,0.8963483130755961,1.1389922654249993,0.3560679918419539,1.4210854715202004e-14
Leakage-0.60,6,32,614,502,QP+G,0,0,0.0,0.0,3.800000001774606e-06,0.8892893055542159,1.1523048699727871,0.34651069890522485,1.4210854715202004e-14
Leakage-0.60,6,32,614,502,QP+G,5,0,5.0,5.0,0.35470500000002403,0.8935445310507644,1.1325680923151793,0.34196092843859416,1.4210854715202004e-14
Leakage-0.60,6,32,614,502,QP+G,10,0,10.0,10.0,0.6551981000000069,0.89764374805207,1.1130543819500214,0.3372103115409629,2.1316282072803006e-14
Leakage-0.60,6,32,614,502,QP+G,15,0,15.0,15.0,0.9736300000000142,0.9013384927233928,1.094064878636328,0.3322685299358188,1.4210854715202004e-14
Leakage-0.60,6,32,614,502,QP+G,20,0,20.0,20.0,1.271061799999984,0.9041798246599343,1.076102729405465,0.32715623822043516,2.1316282072803006e-14
Leakage-0.60,6,32,614,502,QP+G,25,0,25.0,25.0,1.6400760000000218,0.9064269108158756,1.0589624522638394,0.32190498290382624,2.1316282072803006e-14
Leakage-0.60,6,32,614,502,noG,0,0,0.0,0.0,3.900000024259498e-06,0.8892893055542159,1.1523048699727871,0.34651069890522485,1.4210854715202004e-14
Leakage-0.60,6,32,614,502,noG,5,0,5.0,0.0,0.1628461000000243,0.8892893055542159,1.1523048699727871,0.34651069890522485,1.4210854715202004e-14
Leakage-0.60,6,32,614,502,noG,10,0,10.0,0.0,0.31787020000001576,0.8892893055542159,1.1523048699727871,0.34651069890522485,1.4210854715202004e-14
Leakage-0.60,6,32,614,502,noG,15,0,15.0,0.0,0.44183130000004667,0.8892893055542159,1.1523048699727871,0.34651069890522485,1.4210854715202004e-14
Leakage-0.60,6,32,614,502,noG,20,0,20.0,0.0,0.5940262999999959,0.8892893055542159,1.1523048699727871,0.34651069890522485,1.4210854715202004e-14
Leakage-0.60,6,32,614,502,noG,25,0,25.0,0.0,0.7228390000000218,0.8892893055542159,1.1523048699727871,0.34651069890522485,1.4210854715202004e-14
Leakage-0.60,6,32,614,502,PPM-3,0,0,0.0,0.0,4.3999999661537e-06,0.8892893055542159,1.1523048699727871,0.34651069890522485,1.4210854715202004e-14
Leakage-0.60,6,32,614,502,PPM-3,5,0,15.0,0.0,0.04047509999998056,0.8894418779954351,1.1503717222720002,0.34711573110333677,1.4210854715202004e-14
Leakage-0.60,6,32,614,502,PPM-3,10,0,30.0,0.0,0.07900569999998197,0.8896185487365126,1.1483515676376954,0.3476933732862018,1.4210854715202004e-14
Leakage-0.60,6,32,614,502,PPM-3,15,0,45.0,0.0,0.1152103000000011,0.8898257549797506,1.1462380796215352,0.34824297322654574,1.4210854715202004e-14
Leakage-0.60,6,32,614,502,PPM-3,20,0,60.0,0.0,0.1527337999999645,0.8899617260082681,1.1441331681122944,0.3487638869842516,2.1316282072803006e-14
Leakage-0.60,6,32,614,502,PPM-3,25,0,75.0,0.0,0.1911877000000004,0.8897302360408879,1.142333226969353,0.34925548039434573,1.4210854715202004e-14
Leakage-0.60,6,32,614,503,QP+G,0,0,0.0,0.0,5.200000032345997e-06,0.8754117503410414,1.274469192420756,0.38380193796413353,2.1316282072803006e-14
Leakage-0.60,6,32,614,503,QP+G,5,0,5.0,5.0,0.29235890000001064,0.874538682747109,1.2545122702426275,0.38501160106552024,2.1316282072803006e-14
Leakage-0.60,6,32,614,503,QP+G,10,0,10.0,10.0,0.5753137000000379,0.8726879943028961,1.2169891086333258,0.3843278210717169,1.4210854715202004e-14
Leakage-0.60,6,32,614,503,QP+G,15,0,15.0,15.0,0.8644663000000037,0.8720194830983897,1.173110573377671,0.38102755862816096,1.4210854715202004e-14
Leakage-0.60,6,32,614,503,QP+G,20,0,20.0,20.0,1.1956029000000399,0.8715564929360854,1.1247636555445766,0.37547467377341975,1.4210854715202004e-14
Leakage-0.60,6,32,614,503,QP+G,25,0,25.0,25.0,1.4564707000000112,0.8708408899192089,1.0732716943351468,0.3684760874298878,1.4210854715202004e-14
Leakage-0.60,6,32,614,503,noG,0,0,0.0,0.0,3.5999999568048224e-06,0.8754117503410414,1.274469192420756,0.38380193796413353,2.1316282072803006e-14
Leakage-0.60,6,32,614,503,noG,5,0,5.0,0.0,0.11143199999997933,0.874517369900247,1.2578832101095632,0.3849216778826417,1.4210854715202004e-14
Leakage-0.60,6,32,614,503,noG,10,0,10.0,0.0,0.22271719999997686,0.8713664883641885,1.2392733795584194,0.3843908685655577,2.1316282072803006e-14
Leakage-0.60,6,32,614,503,noG,15,0,15.0,0.0,0.3285808999999631,0.8686984147614869,1.2157896613829513,0.38256368556659104,1.4210854715202004e-14
Leakage-0.60,6,32,614,503,noG,20,0,20.0,0.0,0.45227330000000165,0.8661760835687621,1.1878025209911165,0.37964392720057644,1.4210854715202004e-14
Leakage-0.60,6,32,614,503,noG,25,0,25.0,0.0,0.5882250999999883,0.8645794572618691,1.1547048585943078,0.37584290630450196,1.4210854715202004e-14
Leakage-0.60,6,32,614,503,PPM-3,0,0,0.0,0.0,4.799999999249849e-06,0.8754117503410414,1.274469192420756,0.38380193796413353,2.1316282072803006e-14
Leakage-0.60,6,32,614,503,PPM-3,5,0,15.0,0.0,0.03955120000000534,0.8755324021995096,1.2723309790260307,0.3840524925957047,1.4210854715202004e-14
Leakage-0.60,6,32,614,503,PPM-3,10,0,30.0,0.0,0.08742200000000366,0.8754935220722341,1.2702875236331415,0.3842698927535036,1.4210854715202004e-14
Leakage-0.60,6,32,614,503,PPM-3,15,0,45.0,0.0,0.13472759999996242,0.8754315535114469,1.2682018744516599,0.3844552971963118,1.4210854715202004e-14
Leakage-0.60,6,32,614,503,PPM-3,20,0,60.0,0.0,0.18728419999996504,0.8753050042547831,1.2661150421904215,0.3846098277629423,1.4210854715202004e-14
Leakage-0.60,6,32,614,503,PPM-3,25,0,75.0,0.0,0.2315104999999562,0.8751717155426166,1.26396873183301,0.3847345646066314,1.4210854715202004e-14
Leakage-0.60,6,32,614,504,QP+G,0,0,0.0,0.0,4.9999999873762135e-06,0.8576864256066674,1.3380006022035928,0.3110380434729803,1.4210854715202004e-14
Leakage-0.60,6,32,614,504,QP+G,5,0,5.0,5.0,0.32123229999996283,0.8622525111768369,1.3210669539483073,0.31055648360263455,1.4210854715202004e-14
Leakage-0.60,6,32,614,504,QP+G,10,0,10.0,10.0,0.7350895999999807,0.8659793032658061,1.304681748581145,0.3100348625114998,1.4210854715202004e-14
Leakage-0.60,6,32,614,504,QP+G,15,0,15.0,15.0,0.9874952999999778,0.8691054716298151,1.288627317704508,0.309474072999898,1.4210854715202004e-14
Leakage-0.60,6,32,614,504,QP+G,20,0,20.0,20.0,1.2642796999999746,0.8712849492235135,1.2732746667662453,0.30887987071699385,1.4210854715202004e-14
Leakage-0.60,6,32,614,504,QP+G,25,0,25.0,25.0,1.5816552999999658,0.8730926806261547,1.258077115446293,0.3082622969583569,2.1316282072803006e-14
Leakage-0.60,6,32,614,504,noG,0,0,0.0,0.0,3.4000000255218765e-06,0.8576864256066674,1.3380006022035928,0.3110380434729803,1.4210854715202004e-14
Leakage-0.60,6,32,614,504,noG,5,0,5.0,0.0,0.10761210000003985,0.8576864256066674,1.3380006022035928,0.3110380434729803,1.4210854715202004e-14
Leakage-0.60,6,32,614,504,noG,10,0,10.0,0.0,0.22142900000000054,0.8576864256066674,1.3380006022035928,0.3110380434729803,1.4210854715202004e-14
Leakage-0.60,6,32,614,504,noG,15,0,15.0,0.0,0.3347031000000129,0.8576864256066674,1.3380006022035928,0.3110380434729803,1.4210854715202004e-14
Leakage-0.60,6,32,614,504,noG,20,0,20.0,0.0,0.45571790000002466,0.8576864256066674,1.3380006022035928,0.3110380434729803,1.4210854715202004e-14
Leakage-0.60,6,32,614,504,noG,25,0,25.0,0.0,0.5780832000000373,0.8576864256066674,1.3380006022035928,0.3110380434729803,1.4210854715202004e-14
Leakage-0.60,6,32,614,504,PPM-3,0,0,0.0,0.0,4.9999999873762135e-06,0.8576864256066674,1.3380006022035928,0.3110380434729803,1.4210854715202004e-14
Leakage-0.60,6,32,614,504,PPM-3,5,0,15.0,0.0,0.036386299999946914,0.8595000510015987,1.3364084534908005,0.31187381250900165,1.4210854715202004e-14
Leakage-0.60,6,32,614,504,PPM-3,10,0,30.0,0.0,0.07249959999995781,0.8609758087940156,1.3351031886259563,0.31271868312739615,1.4210854715202004e-14
Leakage-0.60,6,32,614,504,PPM-3,15,0,45.0,0.0,0.10806739999998172,0.8624784378859975,1.333719315012702,0.313572460606996,1.4210854715202004e-14
Leakage-0.60,6,32,614,504,PPM-3,20,0,60.0,0.0,0.142641900000001,0.8640150773970032,1.3322489343226231,0.3144349091720688,1.4210854715202004e-14
Leakage-0.60,6,32,614,504,PPM-3,25,0,75.0,0.0,0.1769500999999991,0.8654103107927248,1.3308666985172217,0.31530575019229273,1.4210854715202004e-14
Leakage-0.60,6,32,614,505,QP+G,0,0,0.0,0.0,3.800000001774606e-06,0.8766613884396156,1.2677125426947504,0.3007698825907424,7.105427357601002e-15
Leakage-0.60,6,32,614,505,QP+G,5,0,5.0,5.0,0.27770910000003823,0.880115827882041,1.254342435611266,0.299588985975962,1.4210854715202004e-14
Leakage-0.60,6,32,614,505,QP+G,10,0,10.0,10.0,0.5559030000000007,0.8833949486785472,1.2408017857937241,0.29838494610002253,2.1316282072803006e-14
Leakage-0.60,6,32,614,505,QP+G,15,0,15.0,15.0,0.8470902000000251,0.8865885611602657,1.227022996631835,0.2971639131572139,1.4210854715202004e-14
Leakage-0.60,6,32,614,505,QP+G,20,0,20.0,20.0,1.1670593000000054,0.8894625103190319,1.2132658913989474,0.29593369739078684,1.4210854715202004e-14
Leakage-0.60,6,32,614,505,QP+G,25,0,25.0,25.0,1.4724955000000364,0.8920998376702699,1.1994761843296602,0.29470386284213496,1.4210854715202004e-14
Leakage-0.60,6,32,614,505,noG,0,0,0.0,0.0,6.499999983589078e-06,0.8766613884396156,1.2677125426947504,0.3007698825907424,7.105427357601002e-15
Leakage-0.60,6,32,614,505,noG,5,0,5.0,0.0,0.11860500000000229,0.8766613884396156,1.2677125426947504,0.3007698825907424,7.105427357601002e-15
Leakage-0.60,6,32,614,505,noG,10,0,10.0,0.0,0.23644880000000512,0.8766613884396156,1.2677125426947504,0.3007698825907424,7.105427357601002e-15
Leakage-0.60,6,32,614,505,noG,15,0,15.0,0.0,0.3657185999999797,0.8766613884396156,1.2677125426947504,0.3007698825907424,7.105427357601002e-15
Leakage-0.60,6,32,614,505,noG,20,0,20.0,0.0,0.4869793999999956,0.8766613884396156,1.2677125426947504,0.3007698825907424,7.105427357601002e-15
Leakage-0.60,6,32,614,505,noG,25,0,25.0,0.0,0.6071278000000007,0.8766613884396156,1.2677125426947504,0.3007698825907424,7.105427357601002e-15
Leakage-0.60,6,32,614,505,PPM-3,0,0,0.0,0.0,5.499999986113835e-06,0.8766613884396156,1.2677125426947504,0.3007698825907424,7.105427357601002e-15
Leakage-0.60,6,32,614,505,PPM-3,5,0,15.0,0.0,0.036654600000019855,0.8776356250688041,1.2667846549262367,0.30159645956423614,1.4210854715202004e-14
Leakage-0.60,6,32,614,505,PPM-3,10,0,30.0,0.0,0.07206959999996343,0.8784914815395122,1.2659319130895028,0.30243528747196113,1.4210854715202004e-14
Leakage-0.60,6,32,614,505,PPM-3,15,0,45.0,0.0,0.10866790000000037,0.8793588202314818,1.2650235943468724,0.3032863002609923,1.4210854715202004e-14
Leakage-0.60,6,32,614,505,PPM-3,20,0,60.0,0.0,0.14920949999998356,0.8800183052134224,1.264278163563446,0.3041493975124015,1.4210854715202004e-14
Leakage-0.60,6,32,614,505,PPM-3,25,0,75.0,0.0,0.21819929999998067,0.8805888915796214,1.2635757845414688,0.3050244448646068,1.4210854715202004e-14
Leakage-0.60,6,32,614,506,QP+G,0,0,0.0,0.0,8.999999977277184e-06,0.8682588509866679,1.1684302823258998,0.2844713285859586,1.4210854715202004e-14
Leakage-0.60,6,32,614,506,QP+G,5,0,5.0,5.0,0.33934440000001587,0.8721114842746606,1.1577613252323422,0.2850450396172675,2.1316282072803006e-14
Leakage-0.60,6,32,614,506,QP+G,10,0,10.0,10.0,0.6800931000000219,0.8754634129344055,1.1473595779226216,0.2855532851304887,1.4210854715202004e-14
Leakage-0.60,6,32,614,506,QP+G,15,0,15.0,15.0,1.0124774999999886,0.8787589418598476,1.1367864011603033,0.285989419048692,1.4210854715202004e-14
Leakage-0.60,6,32,614,506,QP+G,20,0,20.0,20.0,1.3914882000000262,0.8818916794026209,1.126156388148289,0.2863570253873874,1.4210854715202004e-14
Leakage-0.60,6,32,614,506,QP+G,25,0,25.0,25.0,1.7212829999999713,0.8849351400954739,1.1154057833594369,0.28667179685911504,2.1316282072803006e-14
Leakage-0.60,6,32,614,506,noG,0,0,0.0,0.0,3.299999946193566e-06,0.8682588509866679,1.1684302823258998,0.2844713285859586,1.4210854715202004e-14
Leakage-0.60,6,32,614,506,noG,5,0,5.0,0.0,0.11996519999996735,0.8682588509866679,1.1684302823258998,0.2844713285859586,1.4210854715202004e-14
Leakage-0.60,6,32,614,506,noG,10,0,10.0,0.0,0.24096939999998312,0.8682588509866679,1.1684302823258998,0.2844713285859586,1.4210854715202004e-14
Leakage-0.60,6,32,614,506,noG,15,0,15.0,0.0,0.3671303999999509,0.8682588509866679,1.1684302823258998,0.2844713285859586,1.4210854715202004e-14
Leakage-0.60,6,32,614,506,noG,20,0,20.0,0.0,0.48759039999998777,0.8682588509866679,1.1684302823258998,0.2844713285859586,1.4210854715202004e-14
Leakage-0.60,6,32,614,506,noG,25,0,25.0,0.0,0.6454139999999597,0.8682588509866679,1.1684302823258998,0.2844713285859586,1.4210854715202004e-14
Leakage-0.60,6,32,614,506,PPM-3,0,0,0.0,0.0,3.3000000030369847e-06,0.8682588509866679,1.1684302823258998,0.2844713285859586,1.4210854715202004e-14
Leakage-0.60,6,32,614,506,PPM-3,5,0,15.0,0.0,0.03323710000000801,0.8703302584965187,1.1670007256759052,0.2854953978789912,2.1316282072803006e-14
Leakage-0.60,6,32,614,506,PPM-3,10,0,30.0,0.0,0.06470059999998057,0.8724056934828293,1.165537476883013,0.2865316342177263,1.4210854715202004e-14
Leakage-0.60,6,32,614,506,PPM-3,15,0,45.0,0.0,0.09833470000000943,0.8744808142354066,1.1640440247152288,0.28757935143630975,2.1316282072803006e-14
Leakage-0.60,6,32,614,506,PPM-3,20,0,60.0,0.0,0.1332087000000115,0.876411685381606,1.162663448309848,0.28863780180914084,2.1316282072803006e-14
Leakage-0.60,6,32,614,506,PPM-3,25,0,75.0,0.0,0.16923980000001393,0.8782565120908915,1.1613366835483814,0.2897061779163573,1.4210854715202004e-14
Leakage-0.60,6,32,614,507,QP+G,0,0,0.0,0.0,5.600000008598727e-06,0.871144848853022,1.1812671513226671,0.30433008911218945,1.4210854715202004e-14
Leakage-0.60,6,32,614,507,QP+G,5,0,5.0,5.0,0.2982544000000189,0.8725337976684945,1.1654169500298779,0.30226071255901316,2.1316282072803006e-14
Leakage-0.60,6,32,614,507,QP+G,10,0,10.0,10.0,0.6090124000000401,0.8734090001236631,1.1501472070510492,0.3003295720549225,2.1316282072803006e-14
Leakage-0.60,6,32,614,507,QP+G,15,0,15.0,15.0,0.8785627000000318,0.8736560539075159,1.1412990083968122,0.29924776903987543,1.4210854715202004e-14
Leakage-0.60,6,32,614,507,QP+G,20,0,20.0,20.0,1.144948100000022,0.8736560539075159,1.1412990083968122,0.29924776903987543,1.4210854715202004e-14
Leakage-0.60,6,32,614,507,QP+G,25,0,25.0,25.0,1.4129474000000073,0.8736560539075159,1.1412990083968122,0.29924776903987543,1.4210854715202004e-14
Leakage-0.60,6,32,614,507,noG,0,0,0.0,0.0,3.999999989900971e-06,0.871144848853022,1.1812671513226671,0.30433008911218945,1.4210854715202004e-14
Leakage-0.60,6,32,614,507,noG,5,0,5.0,0.0,0.11788530000001174,0.871144848853022,1.1812671513226671,0.30433008911218945,1.4210854715202004e-14
Leakage-0.60,6,32,614,507,noG,10,0,10.0,0.0,0.23271379999999908,0.871144848853022,1.1812671513226671,0.30433008911218945,1.4210854715202004e-14
Leakage-0.60,6,32,614,507,noG,15,0,15.0,0.0,0.34967100000000073,0.871144848853022,1.1812671513226671,0.30433008911218945,1.4210854715202004e-14
Leakage-0.60,6,32,614,507,noG,20,0,20.0,0.0,0.47424510000001874,0.871144848853022,1.1812671513226671,0.30433008911218945,1.4210854715202004e-14
Leakage-0.60,6,32,614,507,noG,25,0,25.0,0.0,0.5986437999999907,0.871144848853022,1.1812671513226671,0.30433008911218945,1.4210854715202004e-14
Leakage-0.60,6,32,614,507,PPM-3,0,0,0.0,0.0,4.2000000348707545e-06,0.871144848853022,1.1812671513226671,0.30433008911218945,1.4210854715202004e-14
Leakage-0.60,6,32,614,507,PPM-3,5,0,15.0,0.0,0.037039499999991676,0.8715315900866446,1.180236016202501,0.30525092029580675,1.4210854715202004e-14
Leakage-0.60,6,32,614,507,PPM-3,10,0,30.0,0.0,0.07565520000002834,0.871846805268799,1.1792150162519195,0.3061674161683468,1.4210854715202004e-14
Leakage-0.60,6,32,614,507,PPM-3,15,0,45.0,0.0,0.11197770000001128,0.8720939539766907,1.178200140269921,0.30707915541308595,2.1316282072803006e-14
Leakage-0.60,6,32,614,507,PPM-3,20,0,60.0,0.0,0.15226090000004433,0.8723601862340101,1.177103703277833,0.3079857059539293,1.4210854715202004e-14
Leakage-0.60,6,32,614,507,PPM-3,25,0,75.0,0.0,0.19087730000001102,0.8725302787602197,1.1760404110938114,0.3088866243652944,2.842170943040401e-14
Leakage-0.60,6,32,614,508,QP+G,0,0,0.0,0.0,4.199999978027336e-06,0.8735536535423466,1.055607182019613,0.3144671834000578,2.1316282072803006e-14
Leakage-0.60,6,32,614,508,QP+G,5,0,5.0,5.0,0.28354030000002695,0.8782818404499863,1.0303172767542712,0.31571573608599496,1.4210854715202004e-14
Leakage-0.60,6,32,614,508,QP+G,10,0,10.0,10.0,0.5721139999999991,0.8812482101228503,1.003687640168934,0.3162875151108821,1.4210854715202004e-14
Leakage-0.60,6,32,614,508,QP+G,15,0,15.0,15.0,0.8500257000000033,0.8840701849059497,0.9739934653810755,0.3158602833382835,1.4210854715202004e-14
Leakage-0.60,6,32,614,508,QP+G,20,0,20.0,20.0,1.1351630999999998,0.8871702649516063,0.9408455020495393,0.31430986557590396,1.4210854715202004e-14
Leakage-0.60,6,32,614,508,QP+G,25,0,25.0,25.0,1.454186199999981,0.8902335131647978,0.9047619302283711,0.31160371962185524,1.4210854715202004e-14
Leakage-0.60,6,32,614,508,noG,0,0,0.0,0.0,4.100000012385863e-06,0.8735536535423466,1.055607182019613,0.3144671834000578,2.1316282072803006e-14
Leakage-0.60,6,32,614,508,noG,5,0,5.0,0.0,0.1217593000000079,0.8778577248094405,1.0385552702234526,0.31483317549098655,1.4210854715202004e-14
Leakage-0.60,6,32,614,508,noG,10,0,10.0,0.0,0.23979380000002948,0.880116523614345,1.0214859597146253,0.314696846922774,7.105427357601002e-15
Leakage-0.60,6,32,614,508,noG,15,0,15.0,0.0,0.3579328000000146,0.8818463406121222,1.00271195738784,0.31395951025037333,1.4210854715202004e-14
Leakage-0.60,6,32,614,508,noG,20,0,20.0,0.0,0.48875400000002855,0.8834140516524376,0.9817138287417813,0.31257381579435056,1.4210854715202004e-14
Leakage-0.60,6,32,614,508,noG,25,0,25.0,0.0,0.6378105000000005,0.8850423909938873,0.9581473442372678,0.31060900348485876,1.4210854715202004e-14
Leakage-0.60,6,32,614,508,PPM-3,0,0,0.0,0.0,5.199999975502578e-06,0.8735536535423466,1.055607182019613,0.3144671834000578,2.1316282072803006e-14
Leakage-0.60,6,32,614,508,PPM-3,5,0,15.0,0.0,0.035689499999989494,0.874279644630573,1.0533666381395828,0.31454082678166806,2.1316282072803006e-14
Leakage-0.60,6,32,614,508,PPM-3,10,0,30.0,0.0,0.07198619999996936,0.8749952925081215,1.051106222744427,0.3146076141609584,1.4210854715202004e-14
Leakage-0.60,6,32,614,508,PPM-3,15,0,45.0,0.0,0.10926860000000715,0.8755390784540817,1.0489871013497936,0.31466745153100045,2.1316282072803006e-14
Leakage-0.60,6,32,614,508,PPM-3,20,0,60.0,0.0,0.14611719999999195,0.8760361734517637,1.0468837501735595,0.31472022197609206,1.4210854715202004e-14
Leakage-0.60,6,32,614,508,PPM-3,25,0,75.0,0.0,0.1836922999999615,0.8765311808475146,1.0447512137371864,0.3147657869355787,1.4210854715202004e-14
Leakage-0.60,6,32,614,509,QP+G,0,0,0.0,0.0,4.300000000512227e-06,0.8693010932342076,1.36347666011953,0.30967724825376264,2.1316282072803006e-14
Leakage-0.60,6,32,614,509,QP+G,5,0,5.0,5.0,0.31178160000001753,0.8693010932342076,1.36347666011953,0.30967724825376264,2.1316282072803006e-14
Leakage-0.60,6,32,614,509,QP+G,10,0,10.0,10.0,0.5757007000000272,0.8693010932342076,1.36347666011953,0.30967724825376264,2.1316282072803006e-14
Leakage-0.60,6,32,614,509,QP+G,15,0,15.0,15.0,0.8527751000000308,0.8693010932342076,1.36347666011953,0.30967724825376264,2.1316282072803006e-14
Leakage-0.60,6,32,614,509,QP+G,20,0,20.0,20.0,1.1538053000000446,0.8693010932342076,1.36347666011953,0.30967724825376264,2.1316282072803006e-14
Leakage-0.60,6,32,614,509,QP+G,25,0,25.0,25.0,1.5950907000000143,0.8693010932342076,1.36347666011953,0.30967724825376264,2.1316282072803006e-14
Leakage-0.60,6,32,614,509,noG,0,0,0.0,0.0,5.29999999798747e-06,0.8693010932342076,1.36347666011953,0.30967724825376264,2.1316282072803006e-14
Leakage-0.60,6,32,614,509,noG,5,0,5.0,0.0,0.13004580000000487,0.8693010932342076,1.36347666011953,0.30967724825376264,2.1316282072803006e-14
Leakage-0.60,6,32,614,509,noG,10,0,10.0,0.0,0.27489259999998694,0.8693010932342076,1.36347666011953,0.30967724825376264,2.1316282072803006e-14
Leakage-0.60,6,32,614,509,noG,15,0,15.0,0.0,0.40403750000001537,0.8693010932342076,1.36347666011953,0.30967724825376264,2.1316282072803006e-14
Leakage-0.60,6,32,614,509,noG,20,0,20.0,0.0,0.5326974000000178,0.8693010932342076,1.36347666011953,0.30967724825376264,2.1316282072803006e-14
Leakage-0.60,6,32,614,509,noG,25,0,25.0,0.0,0.6632420000000252,0.8693010932342076,1.36347666011953,0.30967724825376264,2.1316282072803006e-14
Leakage-0.60,6,32,614,509,PPM-3,0,0,0.0,0.0,4.499999988638592e-06,0.8693010932342076,1.36347666011953,0.30967724825376264,2.1316282072803006e-14
Leakage-0.60,6,32,614,509,PPM-3,5,0,15.0,0.0,0.037239499999998316,0.8699010877938577,1.3622122113186137,0.310605961925954,2.1316282072803006e-14
Leakage-0.60,6,32,614,509,PPM-3,10,0,30.0,0.0,0.07469140000000607,0.8704005276163344,1.361019143381799,0.3115383803484748,1.4210854715202004e-14
Leakage-0.60,6,32,614,509,PPM-3,15,0,45.0,0.0,0.11704989999998361,0.870807686907998,1.3598888027048166,0.31247460748766714,1.4210854715202004e-14
Leakage-0.60,6,32,614,509,PPM-3,20,0,60.0,0.0,0.15350289999997813,0.8712178841098255,1.3587254932592367,0.31341473471512393,1.4210854715202004e-14
Leakage-0.60,6,32,614,509,PPM-3,25,0,75.0,0.0,0.18681620000000976,0.8716395214488346,1.357520437130584,0.3143588398900126,2.1316282072803006e-14
Leakage-0.60,6,32,614,510,QP+G,0,0,0.0,0.0,3.6999999792897142e-06,0.88431779145236,1.1777459368159895,0.3211636666020086,1.4210854715202004e-14
Leakage-0.60,6,32,614,510,QP+G,5,0,5.0,5.0,0.357105899999965,0.8896339815427677,1.1564297625751596,0.3160544658981444,1.4210854715202004e-14
Leakage-0.60,6,32,614,510,QP+G,10,0,10.0,10.0,0.6379923999999733,0.8943278310805514,1.135821684213074,0.31073478080742156,1.4210854715202004e-14
Leakage-0.60,6,32,614,510,QP+G,15,0,15.0,15.0,0.9362936999999647,0.8986404172975513,1.11578664467543,0.3052956136120959,1.4210854715202004e-14
Leakage-0.60,6,32,614,510,QP+G,20,0,20.0,20.0,1.2384402999999793,0.9026646511321649,1.096322393666831,0.2998330209682602,2.1316282072803006e-14
Leakage-0.60,6,32,614,510,QP+G,25,0,25.0,25.0,1.5674898999999982,0.9064556076983998,1.077446623097023,0.29444209531736626,1.4210854715202004e-14
Leakage-0.60,6,32,614,510,noG,0,0,0.0,0.0,5.600000008598727e-06,0.88431779145236,1.1777459368159895,0.3211636666020086,1.4210854715202004e-14
Leakage-0.60,6,32,614,510,noG,5,0,5.0,0.0,0.1471556999999848,0.88431779145236,1.1777459368159895,0.3211636666020086,1.4210854715202004e-14
Leakage-0.60,6,32,614,510,noG,10,0,10.0,0.0,0.29441869999999426,0.88431779145236,1.1777459368159895,0.3211636666020086,1.4210854715202004e-14
Leakage-0.60,6,32,614,510,noG,15,0,15.0,0.0,0.44272310000002335,0.88431779145236,1.1777459368159895,0.3211636666020086,1.4210854715202004e-14
Leakage-0.60,6,32,614,510,noG,20,0,20.0,0.0,0.5950705999999855,0.88431779145236,1.1777459368159895,0.3211636666020086,1.4210854715202004e-14
Leakage-0.60,6,32,614,510,noG,25,0,25.0,0.0,0.7556908000000249,0.88431779145236,1.1777459368159895,0.3211636666020086,1.4210854715202004e-14
Leakage-0.60,6,32,614,510,PPM-3,0,0,0.0,0.0,5.600000008598727e-06,0.88431779145236,1.1777459368159895,0.3211636666020086,1.4210854715202004e-14
Leakage-0.60,6,32,614,510,PPM-3,5,0,15.0,0.0,0.04434750000001486,0.8851398372516717,1.1765143392222646,0.3220728139431182,2.1316282072803006e-14
Leakage-0.60,6,32,614,510,PPM-3,10,0,30.0,0.0,0.086983900000007,0.8858464969188552,1.1753290844458304,0.32297308347622744,1.4210854715202004e-14
Leakage-0.60,6,32,614,510,PPM-3,15,0,45.0,0.0,0.13015690000003133,0.8864704254030805,1.1741561901865882,0.32386406776967075,1.4210854715202004e-14
Leakage-0.60,6,32,614,510,PPM-3,20,0,60.0,0.0,0.1730329000000097,0.8870016137072247,1.1730043464781033,0.32474530332145757,1.4210854715202004e-14
Leakage-0.60,6,32,614,510,PPM-3,25,0,75.0,0.0,0.2232382000000257,0.8875357650638651,1.1717765427889015,0.3256162714547058,1.4210854715202004e-14
Leakage-0.60,6,32,614,511,QP+G,0,0,0.0,0.0,4.699999976764957e-06,0.8636861803124636,1.3852938199244202,0.3090307117297947,1.4210854715202004e-14
Leakage-0.60,6,32,614,511,QP+G,5,0,5.0,5.0,0.33615309999999,0.8658342738907355,1.3672172226902926,0.30915683315240094,1.0658141036401503e-14
Leakage-0.60,6,32,614,511,QP+G,10,0,10.0,10.0,0.5843444999999861,0.8678678649556276,1.3489776950080201,0.3092958868100195,1.4210854715202004e-14
Leakage-0.60,6,32,614,511,QP+G,15,0,15.0,15.0,0.8605219999999463,0.8699588861056294,1.3304178291101212,0.30943214166430405,1.4210854715202004e-14
Leakage-0.60,6,32,614,511,QP+G,20,0,20.0,20.0,1.1589449999999601,0.871990074044372,1.311674267530088,0.30954545093749813,2.1316282072803006e-14
Leakage-0.60,6,32,614,511,QP+G,25,0,25.0,25.0,1.507385499999998,0.8735936383055816,1.2931397798345292,0.3096116361245748,2.1316282072803006e-14
Leakage-0.60,6,32,614,511,noG,0,0,0.0,0.0,6.399999961104186e-06,0.8636861803124636,1.3852938199244202,0.3090307117297947,1.4210854715202004e-14
Leakage-0.60,6,32,614,511,noG,5,0,5.0,0.0,0.16060770000001412,0.8636861803124636,1.3852938199244202,0.3090307117297947,1.4210854715202004e-14
Leakage-0.60,6,32,614,511,noG,10,0,10.0,0.0,0.33754709999999477,0.8636861803124636,1.3852938199244202,0.3090307117297947,1.4210854715202004e-14
Leakage-0.60,6,32,614,511,noG,15,0,15.0,0.0,0.49641589999998814,0.8636861803124636,1.3852938199244202,0.3090307117297947,1.4210854715202004e-14
Leakage-0.60,6,32,614,511,noG,20,0,20.0,0.0,0.6423186000000101,0.8636861803124636,1.3852938199244202,0.3090307117297947,1.4210854715202004e-14
Leakage-0.60,6,32,614,511,noG,25,0,25.0,0.0,0.7749746999999729,0.8636861803124636,1.3852938199244202,0.3090307117297947,1.4210854715202004e-14
Leakage-0.60,6,32,614,511,PPM-3,0,0,0.0,0.0,6.100000007336348e-06,0.8636861803124636,1.3852938199244202,0.3090307117297947,1.4210854715202004e-14
Leakage-0.60,6,32,614,511,PPM-3,5,0,15.0,0.0,0.04239289999998164,0.8646648955914228,1.3827524071389732,0.31016039482402624,1.4210854715202004e-14
Leakage-0.60,6,32,614,511,PPM-3,10,0,30.0,0.0,0.08463790000001836,0.8656488394015388,1.3801364241668463,0.31130218148644456,1.4210854715202004e-14
Leakage-0.60,6,32,614,511,PPM-3,15,0,45.0,0.0,0.1281263999999851,0.8666513358760863,1.377431914658976,0.3124561975030173,1.4210854715202004e-14
Leakage-0.60,6,32,614,511,PPM-3,20,0,60.0,0.0,0.17494299999998475,0.867672823334565,1.3746378145180917,0.31362252177936484,2.1316282072803006e-14
Leakage-0.60,6,32,614,511,PPM-3,25,0,75.0,0.0,0.23377179999999953,0.8687137530450211,1.3717530542194711,0.31480118277884434,1.4210854715202004e-14
Leakage-0.80,6,32,614,500,QP+G,0,0,0.0,0.0,4.900000021734741e-06,0.8111245227691125,1.1070532652681293,0.2577910129800703,1.4210854715202004e-14
Leakage-0.80,6,32,614,500,QP+G,5,0,5.0,5.0,0.3565909000000147,0.8138938591475945,1.0939442262304535,0.2557973336867108,7.105427357601002e-15
Leakage-0.80,6,32,614,500,QP+G,10,0,10.0,10.0,0.6456286000000091,0.8166435791058259,1.081001656786035,0.25380019532269443,1.4210854715202004e-14
Leakage-0.80,6,32,614,500,QP+G,15,0,15.0,15.0,0.9223271999999838,0.8192919712727331,1.0683134940684489,0.2518078502759689,1.4210854715202004e-14
Leakage-0.80,6,32,614,500,QP+G,20,0,20.0,20.0,1.294348799999966,0.8219383185776732,1.055785656182916,0.24982821786164977,1.4210854715202004e-14
Leakage-0.80,6,32,614,500,QP+G,25,0,25.0,25.0,1.562488099999996,0.824514325546434,1.0434906776863233,0.24786873990769398,2.1316282072803006e-14
Leakage-0.80,6,32,614,500,noG,0,0,0.0,0.0,3.3000000030369847e-06,0.8111245227691125,1.1070532652681293,0.2577910129800703,1.4210854715202004e-14
Leakage-0.80,6,32,614,500,noG,5,0,5.0,0.0,0.11676009999996495,0.8111245227691125,1.1070532652681293,0.2577910129800703,1.4210854715202004e-14
Leakage-0.80,6,32,614,500,noG,10,0,10.0,0.0,0.2390615999999568,0.8111245227691125,1.1070532652681293,0.2577910129800703,1.4210854715202004e-14
Leakage-0.80,6,32,614,500,noG,15,0,15.0,0.0,0.3868577000000073,0.8111245227691125,1.1070532652681293,0.2577910129800703,1.4210854715202004e-14
Leakage-0.80,6,32,614,500,noG,20,0,20.0,0.0,0.5432799999999816,0.8111245227691125,1.1070532652681293,0.2577910129800703,1.4210854715202004e-14
Leakage-0.80,6,32,614,500,noG,25,0,25.0,0.0,0.7123780999999667,0.8111245227691125,1.1070532652681293,0.2577910129800703,1.4210854715202004e-14
Leakage-0.80,6,32,614,500,PPM-3,0,0,0.0,0.0,4.700000033608376e-06,0.8111245227691125,1.1070532652681293,0.2577910129800703,1.4210854715202004e-14
Leakage-0.80,6,32,614,500,PPM-3,5,0,15.0,0.0,0.03736930000002303,0.811755723183467,1.10707671753224,0.2581164048973655,1.4210854715202004e-14
Leakage-0.80,6,32,614,500,PPM-3,10,0,30.0,0.0,0.07298400000001948,0.8123343228658705,1.1071082463830781,0.25845063821352177,1.4210854715202004e-14
Leakage-0.80,6,32,614,500,PPM-3,15,0,45.0,0.0,0.1070751000000314,0.8127294034927462,1.1072781787570833,0.25879360721149536,1.4210854715202004e-14
Leakage-0.80,6,32,614,500,PPM-3,20,0,60.0,0.0,0.1486179000000334,0.8131082826907893,1.1074186138422046,0.2591451941902352,2.1316282072803006e-14
Leakage-0.80,6,32,614,500,PPM-3,25,0,75.0,0.0,0.18064930000002732,0.8134965693943782,1.1075033681234459,0.25950526953493247,1.4210854715202004e-14
Leakage-0.80,6,32,614,501,QP+G,0,0,0.0,0.0,3.6999999792897142e-06,0.8367373996943578,1.1271876202142335,0.3411150280525823,2.1316282072803006e-14
Leakage-0.80,6,32,614,501,QP+G,5,0,5.0,5.0,0.2929120999999668,0.8394257812687148,1.1073674037252506,0.3392026478407395,1.4210854715202004e-14
Leakage-0.80,6,32,614,501,QP+G,10,0,10.0,10.0,0.587038199999995,0.8415361634020805,1.0882754369360126,0.33725656613785676,1.4210854715202004e-14
Leakage-0.80,6,32,614,501,QP+G,15,0,15.0,15.0,0.9113155999999663,0.8432814754464344,1.069740650527187,0.33524774249973505,2.1316282072803006e-14
Leakage-0.80,6,32,614,501,QP+G,20,0,20.0,20.0,1.2915271999999618,0.844562766679977,1.051905976884552,0.3331493879289091,1.4210854715202004e-14
Leakage-0.80,6,32,614,501,QP+G,25,0,25.0,25.0,1.656891499999972,0.8457962505941898,1.0343996895540426,0.33093604506414187,1.4210854715202004e-14
Leakage-0.80,6,32,614,501,noG,0,0,0.0,0.0,9.099999999762076e-06,0.8367373996943578,1.1271876202142335,0.3411150280525823,2.1316282072803006e-14
Leakage-0.80,6,32,614,501,noG,5,0,5.0,0.0,0.1569939999999974,0.8367373996943578,1.1271876202142335,0.3411150280525823,2.1316282072803006e-14
Leakage-0.80,6,32,614,501,noG,10,0,10.0,0.0,0.31692240000000993,0.8367373996943578,1.1271876202142335,0.3411150280525823,2.1316282072803006e-14
Leakage-0.80,6,32,614,501,noG,15,0,15.0,0.0,0.47317409999999427,0.8367373996943578,1.1271876202142335,0.3411150280525823,2.1316282072803006e-14
Leakage-0.80,6,32,614,501,noG,20,0,20.0,0.0,0.6317002000000116,0.8367373996943578,1.1271876202142335,0.3411150280525823,2.1316282072803006e-14
Leakage-0.80,6,32,614,501,noG,25,0,25.0,0.0,0.7807187000000226,0.8367373996943578,1.1271876202142335,0.3411150280525823,2.1316282072803006e-14
Leakage-0.80,6,32,614,501,PPM-3,0,0,0.0,0.0,7.100000004811591e-06,0.8367373996943578,1.1271876202142335,0.3411150280525823,2.1316282072803006e-14
Leakage-0.80,6,32,614,501,PPM-3,5,0,15.0,0.0,0.042274399999996604,0.8359261137620999,1.126869750737148,0.34171731339503036,1.4210854715202004e-14
Leakage-0.80,6,32,614,501,PPM-3,10,0,30.0,0.0,0.08952340000001868,0.8350479633218975,1.1265477509666946,0.34229149432381,1.4210854715202004e-14
Leakage-0.80,6,32,614,501,PPM-3,15,0,45.0,0.0,0.14210300000002007,0.8340896297001692,1.1262341875227124,0.34283779781753276,1.4210854715202004e-14
Leakage-0.80,6,32,614,501,PPM-3,20,0,60.0,0.0,0.1864212000000407,0.8331581997099143,1.1258212559236762,0.3433564860620313,1.4210854715202004e-14
Leakage-0.80,6,32,614,501,PPM-3,25,0,75.0,0.0,0.22914840000004233,0.8322541272934407,1.1253078201973599,0.34384785188582206,1.4210854715202004e-14
Leakage-0.80,6,32,614,502,QP+G,0,0,0.0,0.0,5.499999986113835e-06,0.8308597553451235,1.1350158256731286,0.34125226878985915,7.105427357601002e-15
Leakage-0.80,6,32,614,502,QP+G,5,0,5.0,5.0,0.39622289999999794,0.834726149753401,1.1149734917693683,0.335584700786368,2.1316282072803006e-14
Leakage-0.80,6,32,614,502,QP+G,10,0,10.0,10.0,0.7970628999999576,0.8382205233229917,1.095457778356847,0.32973059611532246,1.4210854715202004e-14
Leakage-0.80,6,32,614,502,QP+G,15,0,15.0,15.0,1.1881805999999528,0.841513044185129,1.0763620176910451,0.3237109323973897,1.4210854715202004e-14
Leakage-0.80,6,32,614,502,QP+G,20,0,20.0,20.0,1.5130480999999918,0.8447157250771973,1.057636767750206,0.31755875438412473,2.1316282072803006e-14
Leakage-0.80,6,32,614,502,QP+G,25,0,25.0,25.0,1.7819197999999687,0.8477334566887923,1.0394359625157668,0.3113172573680309,1.4210854715202004e-14
Leakage-0.80,6,32,614,502,noG,0,0,0.0,0.0,4.799999999249849e-06,0.8308597553451235,1.1350158256731286,0.34125226878985915,7.105427357601002e-15
Leakage-0.80,6,32,614,502,noG,5,0,5.0,0.0,0.1336021000000187,0.8308597553451235,1.1350158256731286,0.34125226878985915,7.105427357601002e-15
Leakage-0.80,6,32,614,502,noG,10,0,10.0,0.0,0.25971650000002455,0.8308597553451235,1.1350158256731286,0.34125226878985915,7.105427357601002e-15
Leakage-0.80,6,32,614,502,noG,15,0,15.0,0.0,0.38227030000001605,0.8308597553451235,1.1350158256731286,0.34125226878985915,7.105427357601002e-15
Leakage-0.80,6,32,614,502,noG,20,0,20.0,0.0,0.5309829000000263,0.8308597553451235,1.1350158256731286,0.34125226878985915,7.105427357601002e-15
Leakage-0.80,6,32,614,502,noG,25,0,25.0,0.0,0.7665691000000265,0.8308597553451235,1.1350158256731286,0.34125226878985915,7.105427357601002e-15
Leakage-0.80,6,32,614,502,PPM-3,0,0,0.0,0.0,4.099999955542444e-06,0.8308597553451235,1.1350158256731286,0.34125226878985915,7.105427357601002e-15
Leakage-0.80,6,32,614,502,PPM-3,5,0,15.0,0.0,0.042856499999970765,0.8307524200801769,1.1331238919466302,0.3418576421035627,1.4210854715202004e-14
Leakage-0.80,6,32,614,502,PPM-3,10,0,30.0,0.0,0.07955779999997503,0.830551483637078,1.1312597226616794,0.34243626754496254,1.4210854715202004e-14
Leakage-0.80,6,32,614,502,PPM-3,15,0,45.0,0.0,0.1205817999999681,0.830348167701063,1.129332287476919,0.34298747781138533,1.4210854715202004e-14
Leakage-0.80,6,32,614,502,PPM-3,20,0,60.0,0.0,0.17720049999996945,0.8300787036061531,1.1274055763364288,0.3435106130364458,1.4210854715202004e-14
Leakage-0.80,6,32,614,502,PPM-3,25,0,75.0,0.0,0.2324805000000083,0.8297533329075691,1.125469599404163,0.3440050222339416,2.1316282072803006e-14
Leakage-0.80,6,32,614,503,QP+G,0,0,0.0,0.0,5.499999986113835e-06,0.8232064384500939,1.2604912399471946,0.3764245279578689,1.4210854715202004e-14
Leakage-0.80,6,32,614,503,QP+G,5,0,5.0,5.0,0.26253530000002456,0.8232064384500939,1.2604912399471946,0.3764245279578689,1.4210854715202004e-14
Leakage-0.80,6,32,614,503,QP+G,10,0,10.0,10.0,0.4944687000000272,0.8232064384500939,1.2604912399471946,0.3764245279578689,1.4210854715202004e-14
Leakage-0.80,6,32,614,503,QP+G,15,0,15.0,15.0,0.7262085000000411,0.8232064384500939,1.2604912399471946,0.3764245279578689,1.4210854715202004e-14
Leakage-0.80,6,32,614,503,QP+G,20,0,20.0,20.0,0.9521927000000119,0.8232064384500939,1.2604912399471946,0.3764245279578689,1.4210854715202004e-14
Leakage-0.80,6,32,614,503,QP+G,25,0,25.0,25.0,1.2547533000000044,0.8232064384500939,1.2604912399471946,0.3764245279578689,1.4210854715202004e-14
Leakage-0.80,6,32,614,503,noG,0,0,0.0,0.0,5.400000020472362e-06,0.8232064384500939,1.2604912399471946,0.3764245279578689,1.4210854715202004e-14
Leakage-0.80,6,32,614,503,noG,5,0,5.0,0.0,0.18733300000002373,0.8232064384500939,1.2604912399471946,0.3764245279578689,1.4210854715202004e-14
Leakage-0.80,6,32,614,503,noG,10,0,10.0,0.0,0.33992900000004056,0.8232064384500939,1.2604912399471946,0.3764245279578689,1.4210854715202004e-14
Leakage-0.80,6,32,614,503,noG,15,0,15.0,0.0,0.4784847000000241,0.8232064384500939,1.2604912399471946,0.3764245279578689,1.4210854715202004e-14
Leakage-0.80,6,32,614,503,noG,20,0,20.0,0.0,0.6243393999999967,0.8232064384500939,1.2604912399471946,0.3764245279578689,1.4210854715202004e-14
Leakage-0.80,6,32,614,503,noG,25,0,25.0,0.0,0.7585022000000095,0.8232064384500939,1.2604912399471946,0.3764245279578689,1.4210854715202004e-14
Leakage-0.80,6,32,614,503,PPM-3,0,0,0.0,0.0,5.499999986113835e-06,0.8232064384500939,1.2604912399471946,0.3764245279578689,1.4210854715202004e-14
Leakage-0.80,6,32,614,503,PPM-3,5,0,15.0,0.0,0.09055669999997917,0.8231754674131369,1.2582926280342301,0.3766607388463453,1.4210854715202004e-14
Leakage-0.80,6,32,614,503,PPM-3,10,0,30.0,0.0,0.13835539999996627,0.82255279919937,1.256617566837887,0.3768656429199265,1.0658141036401503e-14
Leakage-0.80,6,32,614,503,PPM-3,15,0,45.0,0.0,0.1808310999999776,0.8216246385437884,1.2551794226765534,0.3770402841708657,1.4210854715202004e-14
Leakage-0.80,6,32,614,503,PPM-3,20,0,60.0,0.0,0.22314679999999498,0.8206153234297127,1.253753459340628,0.3771856742465195,2.1316282072803006e-14
Leakage-0.80,6,32,614,503,PPM-3,25,0,75.0,0.0,0.2658540999999559,0.8196182173215913,1.2522459469376634,0.37730278893033264,7.105427357601002e-15
Leakage-0.80,6,32,614,504,QP+G,0,0,0.0,0.0,4.500000045482011e-06,0.8088282014989199,1.3270338259035195,0.3051645595427698,1.4210854715202004e-14
Leakage-0.80,6,32,614,504,QP+G,5,0,5.0,5.0,0.3336546000000453,0.8128742668969696,1.3095776711682143,0.30389336914641146,1.4210854715202004e-14
Leakage-0.80,6,32,614,504,QP+G,10,0,10.0,10.0,0.6557397000000265,0.8164563643213285,1.292305946746095,0.30253701884404616,1.4210854715202004e-14
Leakage-0.80,6,32,614,504,QP+G,15,0,15.0,15.0,0.9778516000000081,0.8196073069308227,1.275218090275388,0.30109637848655857,7.105427357601002e-15
Leakage-0.80,6,32,614,504,QP+G,20,0,20.0,20.0,1.3068001999999979,0.8216294918430288,1.2590479686998197,0.2995776411681525,1.4210854715202004e-14
Leakage-0.80,6,32,614,504,QP+G,25,0,25.0,25.0,1.7795341000000349,0.8235569610254799,1.242800875757327,0.29799168734046644,1.4210854715202004e-14
Leakage-0.80,6,32,614,504,noG,0,0,0.0,0.0,8.699999966665928e-06,0.8088282014989199,1.3270338259035195,0.3051645595427698,1.4210854715202004e-14
Leakage-0.80,6,32,614,504,noG,5,0,5.0,0.0,0.28644359999998414,0.8088282014989199,1.3270338259035195,0.3051645595427698,1.4210854715202004e-14
Leakage-0.80,6,32,614,504,noG,10,0,10.0,0.0,0.8248717999999826,0.8088282014989199,1.3270338259035195,0.3051645595427698,1.4210854715202004e-14
Leakage-0.80,6,32,614,504,noG,15,0,15.0,0.0,1.1728067999999894,0.8088282014989199,1.3270338259035195,0.3051645595427698,1.4210854715202004e-14
Leakage-0.80,6,32,614,504,noG,20,0,20.0,0.0,1.453725899999995,0.8088282014989199,1.3270338259035195,0.3051645595427698,1.4210854715202004e-14
Leakage-0.80,6,32,614,504,noG,25,0,25.0,0.0,1.666990999999996,0.8088282014989199,1.3270338259035195,0.3051645595427698,1.4210854715202004e-14
Leakage-0.80,6,32,614,504,PPM-3,0,0,0.0,0.0,1.3099999989663047e-05,0.8088282014989199,1.3270338259035195,0.3051645595427698,1.4210854715202004e-14
Leakage-0.80,6,32,614,504,PPM-3,5,0,15.0,0.0,0.04934339999999793,0.8101623091202395,1.325888246270322,0.3059922285488897,1.4210854715202004e-14
Leakage-0.80,6,32,614,504,PPM-3,10,0,30.0,0.0,0.08984280000004219,0.811458381625447,1.3247255591959404,0.3068287919268537,1.4210854715202004e-14
Leakage-0.80,6,32,614,504,PPM-3,15,0,45.0,0.0,0.12414419999998927,0.8127885461444047,1.32347280131876,0.30767397961630333,2.1316282072803006e-14
Leakage-0.80,6,32,614,504,PPM-3,20,0,60.0,0.0,0.1597411000000193,0.8141330804363932,1.3221488519708604,0.30852747551449133,1.4210854715202004e-14
Leakage-0.80,6,32,614,504,PPM-3,25,0,75.0,0.0,0.1922230000000127,0.8152537254212053,1.3209911208380098,0.30938891583224476,1.4210854715202004e-14
Leakage-0.80,6,32,614,505,QP+G,0,0,0.0,0.0,4.3999999661537e-06,0.8192301604762305,1.243671700493532,0.29447602890978214,1.4210854715202004e-14
Leakage-0.80,6,32,614,505,QP+G,5,0,5.0,5.0,0.41885650000000396,0.8225528169757839,1.2296527611739005,0.29243227412282324,1.4210854715202004e-14
Leakage-0.80,6,32,614,505,QP+G,10,0,10.0,10.0,0.6853917999999908,0.8258652320205938,1.2153036390441585,0.29034286570786844,1.4210854715202004e-14
Leakage-0.80,6,32,614,505,QP+G,15,0,15.0,15.0,1.1187661999999818,0.8287439481968584,1.2010819047515573,0.28821855514884226,1.4210854715202004e-14
Leakage-0.80,6,32,614,505,QP+G,20,0,20.0,20.0,1.5452286999999956,0.8314354233442266,1.1867786582338407,0.28607203445497115,1.4210854715202004e-14
Leakage-0.80,6,32,614,505,QP+G,25,0,25.0,25.0,1.948969599999998,0.8340741030461312,1.1722997041084928,0.2839177929994439,1.4210854715202004e-14
Leakage-0.80,6,32,614,505,noG,0,0,0.0,0.0,5.100000009861105e-06,0.8192301604762305,1.243671700493532,0.29447602890978214,1.4210854715202004e-14
Leakage-0.80,6,32,614,505,noG,5,0,5.0,0.0,0.11233590000000504,0.8192301604762305,1.243671700493532,0.29447602890978214,1.4210854715202004e-14
Leakage-0.80,6,32,614,505,noG,10,0,10.0,0.0,0.2203132999999866,0.8192301604762305,1.243671700493532,0.29447602890978214,1.4210854715202004e-14
Leakage-0.80,6,32,614,505,noG,15,0,15.0,0.0,0.3630582999999774,0.8192301604762305,1.243671700493532,0.29447602890978214,1.4210854715202004e-14
Leakage-0.80,6,32,614,505,noG,20,0,20.0,0.0,0.47693220000002157,0.8192301604762305,1.243671700493532,0.29447602890978214,1.4210854715202004e-14
Leakage-0.80,6,32,614,505,noG,25,0,25.0,0.0,0.5923607000000288,0.8192301604762305,1.243671700493532,0.29447602890978214,1.4210854715202004e-14
Leakage-0.80,6,32,614,505,PPM-3,0,0,0.0,0.0,5.29999999798747e-06,0.8192301604762305,1.243671700493532,0.29447602890978214,1.4210854715202004e-14
Leakage-0.80,6,32,614,505,PPM-3,5,0,15.0,0.0,0.03568529999995462,0.8196173736626289,1.2433025205537018,0.295284119027879,1.4210854715202004e-14
Leakage-0.80,6,32,614,505,PPM-3,10,0,30.0,0.0,0.0720597999999768,0.8200296682919789,1.242861455634777,0.2961032083656457,2.1316282072803006e-14
Leakage-0.80,6,32,614,505,PPM-3,15,0,45.0,0.0,0.10480139999998528,0.8204679048137303,1.2423467190777315,0.2969331840154294,2.1316282072803006e-14
Leakage-0.80,6,32,614,505,PPM-3,20,0,60.0,0.0,0.13711939999996048,0.8209232466141929,1.241766210089412,0.2977738994387837,7.105427357601002e-15
Leakage-0.80,6,32,614,505,PPM-3,25,0,75.0,0.0,0.16931119999998145,0.8211078363507616,1.241406838077129,0.298625174920871,1.4210854715202004e-14
Leakage-0.80,6,32,614,506,QP+G,0,0,0.0,0.0,3.999999989900971e-06,0.8208867341477835,1.1343185441804589,0.27561399216682814,1.4210854715202004e-14
Leakage-0.80,6,32,614,506,QP+G,5,0,5.0,5.0,0.3928932999999688,0.8241384683738006,1.1237984349480796,0.2753163126127854,1.4210854715202004e-14
Leakage-0.80,6,32,614,506,QP+G,10,0,10.0,10.0,0.7513007999999672,0.8271813007670484,1.1132688464587512,0.27493473510065336,1.4210854715202004e-14
Leakage-0.80,6,32,614,506,QP+G,15,0,15.0,15.0,1.0812070999999719,0.8301207292079219,1.1026373230732878,0.2744753962270463,1.4210854715202004e-14
Leakage-0.80,6,32,614,506,QP+G,20,0,20.0,20.0,1.3695104999999899,0.8330730346672972,1.0918023020294767,0.27395454774502603,1.4210854715202004e-14
Leakage-0.80,6,32,614,506,QP+G,25,0,25.0,25.0,1.663781399999948,0.8360318056284148,1.0807852907759423,0.27339896212846815,2.1316282072803006e-14
Leakage-0.80,6,32,614,506,noG,0,0,0.0,0.0,3.5000000480067683e-06,0.8208867341477835,1.1343185441804589,0.27561399216682814,1.4210854715202004e-14
Leakage-0.80,6,32,614,506,noG,5,0,5.0,0.0,0.13160090000002356,0.8208867341477835,1.1343185441804589,0.27561399216682814,1.4210854715202004e-14
Leakage-0.80,6,32,614,506,noG,10,0,10.0,0.0,0.2699592000000166,0.8208867341477835,1.1343185441804589,0.27561399216682814,1.4210854715202004e-14
Leakage-0.80,6,32,614,506,noG,15,0,15.0,0.0,0.3991831000000161,0.8208867341477835,1.1343185441804589,0.27561399216682814,1.4210854715202004e-14
Leakage-0.80,6,32,614,506,noG,20,0,20.0,0.0,0.5365534000000025,0.8208867341477835,1.1343185441804589,0.27561399216682814,1.4210854715202004e-14
Leakage-0.80,6,32,614,506,noG,25,0,25.0,0.0,0.6711580000000481,0.8208867341477835,1.1343185441804589,0.27561399216682814,1.4210854715202004e-14
Leakage-0.80,6,32,614,506,PPM-3,0,0,0.0,0.0,3.6000000136482413e-06,0.8208867341477835,1.1343185441804589,0.27561399216682814,1.4210854715202004e-14
Leakage-0.80,6,32,614,506,PPM-3,5,0,15.0,0.0,0.03461459999999761,0.822672586988328,1.1331366067066826,0.27656854836292705,1.4210854715202004e-14
Leakage-0.80,6,32,614,506,PPM-3,10,0,30.0,0.0,0.06872299999997722,0.8243152848911217,1.1320660550886503,0.2775348347165833,1.4210854715202004e-14
Leakage-0.80,6,32,614,506,PPM-3,15,0,45.0,0.0,0.10451430000000528,0.8259633079276639,1.1309574844199277,0.2785122656408496,1.4210854715202004e-14
Leakage-0.80,6,32,614,506,PPM-3,20,0,60.0,0.0,0.14369329999999536,0.8276117778409802,1.1298148446971652,0.27950020454062574,1.4210854715202004e-14
Leakage-0.80,6,32,614,506,PPM-3,25,0,75.0,0.0,0.18325090000001865,0.8292777538408516,1.1286201457445921,0.2804979659762161,2.1316282072803006e-14
Leakage-0.80,6,32,614,507,QP+G,0,0,0.0,0.0,3.6999999792897142e-06,0.8108414119706191,1.1668645971821578,0.29706156028965724,1.4210854715202004e-14
Leakage-0.80,6,32,614,507,QP+G,5,0,5.0,5.0,0.25553429999996524,0.8124224532166349,1.1499812181685218,0.29420497814140156,1.4210854715202004e-14
Leakage-0.80,6,32,614,507,QP+G,10,0,10.0,10.0,0.5017019000000005,0.8138081439998702,1.133457088970307,0.29152260300051525,1.4210854715202004e-14
Leakage-0.80,6,32,614,507,QP+G,15,0,15.0,15.0,0.7471177999999554,0.8145242474927878,1.1177736488045165,0.2890411539693201,1.4210854715202004e-14
Leakage-0.80,6,32,614,507,QP+G,20,0,20.0,20.0,1.0130800000000022,0.8149100040457288,1.10259379998875,0.28678416317947736,1.4210854715202004e-14
Leakage-0.80,6,32,614,507,QP+G,25,0,25.0,25.0,1.2612273999999957,0.8152410763343486,1.0876390935275642,0.2847715676964336,1.4210854715202004e-14
Leakage-0.80,6,32,614,507,noG,0,0,0.0,0.0,4.2000000348707545e-06,0.8108414119706191,1.1668645971821578,0.29706156028965724,1.4210854715202004e-14
Leakage-0.80,6,32,614,507,noG,5,0,5.0,0.0,0.11039780000004384,0.8108414119706191,1.1668645971821578,0.29706156028965724,1.4210854715202004e-14
Leakage-0.80,6,32,614,507,noG,10,0,10.0,0.0,0.21996110000003455,0.8108414119706191,1.1668645971821578,0.29706156028965724,1.4210854715202004e-14
Leakage-0.80,6,32,614,507,noG,15,0,15.0,0.0,0.32278800000000274,0.8108414119706191,1.1668645971821578,0.29706156028965724,1.4210854715202004e-14
Leakage-0.80,6,32,614,507,noG,20,0,20.0,0.0,0.4303546000000438,0.8108414119706191,1.1668645971821578,0.29706156028965724,1.4210854715202004e-14
Leakage-0.80,6,32,614,507,noG,25,0,25.0,0.0,0.5850867999999991,0.8108414119706191,1.1668645971821578,0.29706156028965724,1.4210854715202004e-14
Leakage-0.80,6,32,614,507,PPM-3,0,0,0.0,0.0,6.20000002982124e-06,0.8108414119706191,1.1668645971821578,0.29706156028965724,1.4210854715202004e-14
Leakage-0.80,6,32,614,507,PPM-3,5,0,15.0,0.0,0.07430880000003981,0.8106012893761712,1.1663818988827135,0.2979528467807311,1.4210854715202004e-14
Leakage-0.80,6,32,614,507,PPM-3,10,0,30.0,0.0,0.13232000000004973,0.81034456004149,1.1658504985132734,0.2988400296798464,1.4210854715202004e-14
Leakage-0.80,6,32,614,507,PPM-3,15,0,45.0,0.0,0.18093750000002728,0.8100495915255221,1.1652914894113726,0.2997227174582447,1.4210854715202004e-14
Leakage-0.80,6,32,614,507,PPM-3,20,0,60.0,0.0,0.2324902000000293,0.809690201861218,1.1647305353564608,0.3006005114399157,1.4210854715202004e-14
Leakage-0.80,6,32,614,507,PPM-3,25,0,75.0,0.0,0.2922875000000431,0.8092355243771493,1.1641980066922004,0.30147300536664295,1.4210854715202004e-14
Leakage-0.80,6,32,614,508,QP+G,0,0,0.0,0.0,7.199999970453064e-06,0.8187803927993269,1.0372921485878306,0.3043478582160952,1.4210854715202004e-14
Leakage-0.80,6,32,614,508,QP+G,5,0,5.0,5.0,0.374588000000017,0.820243172564717,1.014028425130236,0.30454120734404533,7.105427357601002e-15
Leakage-0.80,6,32,614,508,QP+G,10,0,10.0,10.0,0.709748100000013,0.8203128771629533,0.989190635245087,0.3041986205777876,7.105427357601002e-15
Leakage-0.80,6,32,614,508,QP+G,15,0,15.0,15.0,0.9819473000000016,0.8201530170817117,0.9615268820169902,0.303037864967185,1.4210854715202004e-14
Leakage-0.80,6,32,614,508,QP+G,20,0,20.0,20.0,1.4428216999999677,0.8201373988941683,0.9307134131481469,0.3009232495161101,1.4210854715202004e-14
Leakage-0.80,6,32,614,508,QP+G,25,0,25.0,25.0,1.8034835999999927,0.8208579259558636,0.8963754867808665,0.297818674916708,2.1316282072803006e-14
Leakage-0.80,6,32,614,508,noG,0,0,0.0,0.0,4.699999976764957e-06,0.8187803927993269,1.0372921485878306,0.3043478582160952,1.4210854715202004e-14
Leakage-0.80,6,32,614,508,noG,5,0,5.0,0.0,0.12101229999996121,0.8195095943021153,1.0226929512970238,0.30443291443948506,1.4210854715202004e-14
Leakage-0.80,6,32,614,508,noG,10,0,10.0,0.0,0.2430246999999781,0.8185542188740336,1.0077152228589514,0.304104332996649,1.4210854715202004e-14
Leakage-0.80,6,32,614,508,noG,15,0,15.0,0.0,0.35771539999996094,0.8171333524427323,0.9909848641257423,0.3032939203564244,1.4210854715202004e-14
Leakage-0.80,6,32,614,508,noG,20,0,20.0,0.0,0.47595549999999776,0.8152780097761829,0.9723311093563771,0.30196462013240566,7.105427357601002e-15
Leakage-0.80,6,32,614,508,noG,25,0,25.0,0.0,0.5776549999999929,0.8136395629278006,0.9509904675804999,0.300161452686267,1.4210854715202004e-14
Leakage-0.80,6,32,614,508,PPM-3,0,0,0.0,0.0,4.00000004674439e-06,0.8187803927993269,1.0372921485878306,0.3043478582160952,1.4210854715202004e-14
Leakage-0.80,6,32,614,508,PPM-3,5,0,15.0,0.0,0.03301670000001877,0.8189746503889593,1.035443078429667,0.30437965740181416,1.4210854715202004e-14
Leakage-0.80,6,32,614,508,PPM-3,10,0,30.0,0.0,0.06587469999999485,0.8191697863483866,1.0335627144481303,0.3044055985899032,7.105427357601002e-15
Leakage-0.80,6,32,614,508,PPM-3,15,0,45.0,0.0,0.10082020000004377,0.8193656491975897,1.0316508924209424,0.30442563626413194,7.105427357601002e-15
Leakage-0.80,6,32,614,508,PPM-3,20,0,60.0,0.0,0.13240410000003067,0.8194986084388262,1.0297709270135305,0.30443970672370113,2.1316282072803006e-14
Leakage-0.80,6,32,614,508,PPM-3,25,0,75.0,0.0,0.16411060000001498,0.8195686423450009,1.0279225242320713,0.3044477289466358,1.4210854715202004e-14
Leakage-0.80,6,32,614,509,QP+G,0,0,0.0,0.0,4.599999954280065e-06,0.8157438857277158,1.3507876691791814,0.3032492474707168,1.4210854715202004e-14
Leakage-0.80,6,32,614,509,QP+G,5,0,5.0,5.0,0.3028520999999955,0.8157438857277158,1.3507876691791814,0.3032492474707168,1.4210854715202004e-14
Leakage-0.80,6,32,614,509,QP+G,10,0,10.0,10.0,0.6098034999999982,0.8157438857277158,1.3507876691791814,0.3032492474707168,1.4210854715202004e-14
Leakage-0.80,6,32,614,509,QP+G,15,0,15.0,15.0,0.9207457999999633,0.8157438857277158,1.3507876691791814,0.3032492474707168,1.4210854715202004e-14
Leakage-0.80,6,32,614,509,QP+G,20,0,20.0,20.0,1.2267003000000045,0.8157438857277158,1.3507876691791814,0.3032492474707168,1.4210854715202004e-14
Leakage-0.80,6,32,614,509,QP+G,25,0,25.0,25.0,1.5430859999999598,0.8157438857277158,1.3507876691791814,0.3032492474707168,1.4210854715202004e-14
Leakage-0.80,6,32,614,509,noG,0,0,0.0,0.0,6.700000028558861e-06,0.8157438857277158,1.3507876691791814,0.3032492474707168,1.4210854715202004e-14
Leakage-0.80,6,32,614,509,noG,5,0,5.0,0.0,0.13925629999999956,0.8157438857277158,1.3507876691791814,0.3032492474707168,1.4210854715202004e-14
Leakage-0.80,6,32,614,509,noG,10,0,10.0,0.0,0.283446500000025,0.8157438857277158,1.3507876691791814,0.3032492474707168,1.4210854715202004e-14
Leakage-0.80,6,32,614,509,noG,15,0,15.0,0.0,0.4177667000000156,0.8157438857277158,1.3507876691791814,0.3032492474707168,1.4210854715202004e-14
Leakage-0.80,6,32,614,509,noG,20,0,20.0,0.0,0.5409231000000432,0.8157438857277158,1.3507876691791814,0.3032492474707168,1.4210854715202004e-14
Leakage-0.80,6,32,614,509,noG,25,0,25.0,0.0,0.6626563000000374,0.8157438857277158,1.3507876691791814,0.3032492474707168,1.4210854715202004e-14
Leakage-0.80,6,32,614,509,PPM-3,0,0,0.0,0.0,1.8800000020746666e-05,0.8157438857277158,1.3507876691791814,0.3032492474707168,1.4210854715202004e-14
Leakage-0.80,6,32,614,509,PPM-3,5,0,15.0,0.0,0.03324300000002722,0.8157896426829588,1.349970282925597,0.3041879918998397,1.4210854715202004e-14
Leakage-0.80,6,32,614,509,PPM-3,10,0,30.0,0.0,0.06594200000000683,0.8158489293190637,1.3491079035275897,0.3051309817790999,2.1316282072803006e-14
Leakage-0.80,6,32,614,509,PPM-3,15,0,45.0,0.0,0.1000739000000408,0.8159220449501942,1.3481998359012826,0.3060783010951884,2.1316282072803006e-14
Leakage-0.80,6,32,614,509,PPM-3,20,0,60.0,0.0,0.13482470000002422,0.8160092952896332,1.3472453808166407,0.30703002234752363,2.1316282072803006e-14
Leakage-0.80,6,32,614,509,PPM-3,25,0,75.0,0.0,0.17000480000001517,0.8161109925664992,1.346243834893981,0.307986205702115,2.1316282072803006e-14
Leakage-0.80,6,32,614,510,QP+G,0,0,0.0,0.0,3.3000000030369847e-06,0.8265150577664834,1.1560666116270637,0.3140283821574517,1.4210854715202004e-14
Leakage-0.80,6,32,614,510,QP+G,5,0,5.0,5.0,0.285412000000008,0.831215405765075,1.134262117144338,0.30774343331997495,1.4210854715202004e-14
Leakage-0.80,6,32,614,510,QP+G,10,0,10.0,10.0,0.5541977000000315,0.8356439226743317,1.1129577263419135,0.3013031781830581,2.1316282072803006e-14
Leakage-0.80,6,32,614,510,QP+G,15,0,15.0,15.0,0.8219766999999933,0.8398750988927504,1.092196072696829,0.29481826434866104,2.1316282072803006e-14
Leakage-0.80,6,32,614,510,QP+G,20,0,20.0,20.0,1.0927475999999956,0.8437734630081242,1.0722056161035805,0.2883978945320277,1.4210854715202004e-14
Leakage-0.80,6,32,614,510,QP+G,25,0,25.0,25.0,1.3849030000000084,0.8472575180113969,1.0531354330991003,0.2821428655913745,1.4210854715202004e-14
Leakage-0.80,6,32,614,510,noG,0,0,0.0,0.0,3.4999999911633495e-06,0.8265150577664834,1.1560666116270637,0.3140283821574517,1.4210854715202004e-14
Leakage-0.80,6,32,614,510,noG,5,0,5.0,0.0,0.11137249999995902,0.8265150577664834,1.1560666116270637,0.3140283821574517,1.4210854715202004e-14
Leakage-0.80,6,32,614,510,noG,10,0,10.0,0.0,0.22523469999998724,0.8265150577664834,1.1560666116270637,0.3140283821574517,1.4210854715202004e-14
Leakage-0.80,6,32,614,510,noG,15,0,15.0,0.0,0.33490079999995714,0.8265150577664834,1.1560666116270637,0.3140283821574517,1.4210854715202004e-14
Leakage-0.80,6,32,614,510,noG,20,0,20.0,0.0,0.4486488999999665,0.8265150577664834,1.1560666116270637,0.3140283821574517,1.4210854715202004e-14
Leakage-0.80,6,32,614,510,noG,25,0,25.0,0.0,0.5639696999999728,0.8265150577664834,1.1560666116270637,0.3140283821574517,1.4210854715202004e-14
Leakage-0.80,6,32,614,510,PPM-3,0,0,0.0,0.0,3.6999999792897142e-06,0.8265150577664834,1.1560666116270637,0.3140283821574517,1.4210854715202004e-14
Leakage-0.80,6,32,614,510,PPM-3,5,0,15.0,0.0,0.03528689999996004,0.826694272974229,1.1553960004199955,0.31494213855990016,1.4210854715202004e-14
Leakage-0.80,6,32,614,510,PPM-3,10,0,30.0,0.0,0.07053739999997788,0.8269019703309807,1.1546227346957645,0.3158486478595266,1.4210854715202004e-14
Leakage-0.80,6,32,614,510,PPM-3,15,0,45.0,0.0,0.1063150999999607,0.8271141674893515,1.1537693608627908,0.31674731123862876,2.1316282072803006e-14
Leakage-0.80,6,32,614,510,PPM-3,20,0,60.0,0.0,0.14249929999999722,0.827338392194448,1.152826927020778,0.3176374611813715,2.1316282072803006e-14
Leakage-0.80,6,32,614,510,PPM-3,25,0,75.0,0.0,0.17875399999996944,0.8275917899665924,1.1517768792838416,0.3185183632755518,2.1316282072803006e-14
Leakage-0.80,6,32,614,511,QP+G,0,0,0.0,0.0,3.899999967416079e-06,0.8101343022866327,1.3754039828969713,0.30240942816466365,2.1316282072803006e-14
Leakage-0.80,6,32,614,511,QP+G,5,0,5.0,5.0,0.2791936999999507,0.8129742189389978,1.3552612126340917,0.3010551123598945,2.1316282072803006e-14
Leakage-0.80,6,32,614,511,QP+G,10,0,10.0,10.0,0.5327980999999795,0.815825595249887,1.334934311445533,0.29959133904655605,1.4210854715202004e-14
Leakage-0.80,6,32,614,511,QP+G,15,0,15.0,15.0,0.9043557999999621,0.8185564392145391,1.3145903025003935,0.298010540048078,1.4210854715202004e-14
Leakage-0.80,6,32,614,511,QP+G,20,0,20.0,20.0,1.169529099999977,0.8213325206113578,1.2941019282592647,0.2963065380809615,1.4210854715202004e-14
Leakage-0.80,6,32,614,511,QP+G,25,0,25.0,25.0,1.458226599999989,0.8237378750423691,1.273926628653383,0.294474956235305,1.4210854715202004e-14
Leakage-0.80,6,32,614,511,noG,0,0,0.0,0.0,7.500000037907739e-06,0.8101343022866327,1.3754039828969713,0.30240942816466365,2.1316282072803006e-14
Leakage-0.80,6,32,614,511,noG,5,0,5.0,0.0,0.2031154000000015,0.8101343022866327,1.3754039828969713,0.30240942816466365,2.1316282072803006e-14
Leakage-0.80,6,32,614,511,noG,10,0,10.0,0.0,0.46655739999999923,0.8101343022866327,1.3754039828969713,0.30240942816466365,2.1316282072803006e-14
Leakage-0.80,6,32,614,511,noG,15,0,15.0,0.0,0.6089456000000268,0.8101343022866327,1.3754039828969713,0.30240942816466365,2.1316282072803006e-14
Leakage-0.80,6,32,614,511,noG,20,0,20.0,0.0,0.7195964000000004,0.8101343022866327,1.3754039828969713,0.30240942816466365,2.1316282072803006e-14
Leakage-0.80,6,32,614,511,noG,25,0,25.0,0.0,0.8301347999999962,0.8101343022866327,1.3754039828969713,0.30240942816466365,2.1316282072803006e-14
Leakage-0.80,6,32,614,511,PPM-3,0,0,0.0,0.0,3.3000000030369847e-06,0.8101343022866327,1.3754039828969713,0.30240942816466365,2.1316282072803006e-14
Leakage-0.80,6,32,614,511,PPM-3,5,0,15.0,0.0,0.034232799999983854,0.8108544660146745,1.3728719447681836,0.3034109023904807,1.4210854715202004e-14
Leakage-0.80,6,32,614,511,PPM-3,10,0,30.0,0.0,0.06689190000003009,0.811596083793998,1.37024260014353,0.3044192419409119,2.1316282072803006e-14
Leakage-0.80,6,32,614,511,PPM-3,15,0,45.0,0.0,0.10260249999998905,0.8123595751548074,1.3675148902300747,0.3054344436723707,2.1316282072803006e-14
Leakage-0.80,6,32,614,511,PPM-3,20,0,60.0,0.0,0.1371242999999822,0.8131453668800809,1.3646877598556766,0.30645646538239935,1.4210854715202004e-14
Leakage-0.80,6,32,614,511,PPM-3,25,0,75.0,0.0,0.17199069999998073,0.8139538929584674,1.3617601588987416,0.3074852235905527,1.4210854715202004e-14
Persistence-0.40,6,32,614,500,QP+G,0,0,0.0,0.0,3.4999999911633495e-06,0.8102638010055095,1.0672511967688618,0.25962036194649485,1.4210854715202004e-14
Persistence-0.40,6,32,614,500,QP+G,5,0,5.0,5.0,0.28331589999999096,0.813175851817754,1.053957627374118,0.2572389266305871,1.4210854715202004e-14
Persistence-0.40,6,32,614,500,QP+G,10,0,10.0,10.0,0.5541144000000031,0.8160659226682567,1.040863064574442,0.25485721266487554,7.105427357601002e-15
Persistence-0.40,6,32,614,500,QP+G,15,0,15.0,15.0,0.892952600000001,0.8188261278171256,1.0280803660724522,0.25248473493500206,1.4210854715202004e-14
Persistence-0.40,6,32,614,500,QP+G,20,0,20.0,20.0,1.200307099999975,0.8215583020202715,1.0155113757228273,0.2501303605811543,1.4210854715202004e-14
Persistence-0.40,6,32,614,500,QP+G,25,0,25.0,25.0,1.511755800000003,0.8248007476193433,1.0029382786116434,0.2479061841979367,1.4210854715202004e-14
Persistence-0.40,6,32,614,500,noG,0,0,0.0,0.0,6.600000006073969e-06,0.8102638010055095,1.0672511967688618,0.25962036194649485,1.4210854715202004e-14
Persistence-0.40,6,32,614,500,noG,5,0,5.0,0.0,0.13433980000002066,0.8102638010055095,1.0672511967688618,0.25962036194649485,1.4210854715202004e-14
Persistence-0.40,6,32,614,500,noG,10,0,10.0,0.0,0.27091500000000224,0.8102638010055095,1.0672511967688618,0.25962036194649485,1.4210854715202004e-14
Persistence-0.40,6,32,614,500,noG,15,0,15.0,0.0,0.4180279999999925,0.8102638010055095,1.0672511967688618,0.25962036194649485,1.4210854715202004e-14
Persistence-0.40,6,32,614,500,noG,20,0,20.0,0.0,0.5502779999999916,0.8102638010055095,1.0672511967688618,0.25962036194649485,1.4210854715202004e-14
Persistence-0.40,6,32,614,500,noG,25,0,25.0,0.0,0.6869242000000213,0.8102638010055095,1.0672511967688618,0.25962036194649485,1.4210854715202004e-14
Persistence-0.40,6,32,614,500,PPM-3,0,0,0.0,0.0,3.999999989900971e-06,0.8102638010055095,1.0672511967688618,0.25962036194649485,1.4210854715202004e-14
Persistence-0.40,6,32,614,500,PPM-3,5,0,15.0,0.0,0.03791400000000067,0.8108690829061377,1.0673127251902441,0.25982119928276587,1.4210854715202004e-14
Persistence-0.40,6,32,614,500,PPM-3,10,0,30.0,0.0,0.0799895000000106,0.81141646520698,1.0673876962859783,0.2600284306923711,1.4210854715202004e-14
Persistence-0.40,6,32,614,500,PPM-3,15,0,45.0,0.0,0.11856439999996837,0.811796600724221,1.0675849243969349,0.26024201036997746,7.105427357601002e-15
Persistence-0.40,6,32,614,500,PPM-3,20,0,60.0,0.0,0.15586719999998877,0.8121625361939049,1.0677508400294775,0.26046187831196954,1.4210854715202004e-14
Persistence-0.40,6,32,614,500,PPM-3,25,0,75.0,0.0,0.2005572999999572,0.8125257306668122,1.067873471887836,0.2606879604576544,1.4210854715202004e-14
Persistence-0.40,6,32,614,501,QP+G,0,0,0.0,0.0,4.3999999661537e-06,0.8364978037069747,1.070370992788943,0.3421714799733,2.1316282072803006e-14
Persistence-0.40,6,32,614,501,QP+G,5,0,5.0,5.0,0.3199379999999792,0.8394540073055998,1.0505524878569628,0.33995299992776845,2.1316282072803006e-14
Persistence-0.40,6,32,614,501,QP+G,10,0,10.0,10.0,0.6188140999999518,0.8417504955808734,1.031684720114619,0.33764027259931684,1.4210854715202004e-14
Persistence-0.40,6,32,614,501,QP+G,15,0,15.0,15.0,0.915224999999964,0.843516717161521,1.0136852130084468,0.33521635020178936,1.4210854715202004e-14
Persistence-0.40,6,32,614,501,QP+G,20,0,20.0,20.0,1.2015195999999833,0.8448718087253791,0.9964786454174358,0.3326663576988131,7.105427357601002e-15
Persistence-0.40,6,32,614,501,QP+G,25,0,25.0,25.0,1.5016154999999571,0.8461743936945543,0.9797452952060628,0.3299743079934752,1.4210854715202004e-14
Persistence-0.40,6,32,614,501,noG,0,0,0.0,0.0,4.300000000512227e-06,0.8364978037069747,1.070370992788943,0.3421714799733,2.1316282072803006e-14
Persistence-0.40,6,32,614,501,noG,5,0,5.0,0.0,0.13265189999998483,0.8364978037069747,1.070370992788943,0.3421714799733,2.1316282072803006e-14
Persistence-0.40,6,32,614,501,noG,10,0,10.0,0.0,0.26579449999996996,0.8364978037069747,1.070370992788943,0.3421714799733,2.1316282072803006e-14
Persistence-0.40,6,32,614,501,noG,15,0,15.0,0.0,0.40919429999996737,0.8364978037069747,1.070370992788943,0.3421714799733,2.1316282072803006e-14
Persistence-0.40,6,32,614,501,noG,20,0,20.0,0.0,0.5404980999999793,0.8364978037069747,1.070370992788943,0.3421714799733,2.1316282072803006e-14
Persistence-0.40,6,32,614,501,noG,25,0,25.0,0.0,0.673084700000004,0.8364978037069747,1.070370992788943,0.3421714799733,2.1316282072803006e-14
Persistence-0.40,6,32,614,501,PPM-3,0,0,0.0,0.0,5.600000008598727e-06,0.8364978037069747,1.070370992788943,0.3421714799733,2.1316282072803006e-14
Persistence-0.40,6,32,614,501,PPM-3,5,0,15.0,0.0,0.03930030000003626,0.8357186969042049,1.0700143420797512,0.34255008098089096,1.4210854715202004e-14
Persistence-0.40,6,32,614,501,PPM-3,10,0,30.0,0.0,0.08025790000004918,0.834885768807213,1.0696415760548832,0.3428998002341879,1.4210854715202004e-14
Persistence-0.40,6,32,614,501,PPM-3,15,0,45.0,0.0,0.11752480000001242,0.8339722752538908,1.0692788246879905,0.343220605351006,1.4210854715202004e-14
Persistence-0.40,6,32,614,501,PPM-3,20,0,60.0,0.0,0.16487460000001875,0.8330870823982999,1.0688166474840701,0.3435124752341895,1.4210854715202004e-14
Persistence-0.40,6,32,614,501,PPM-3,25,0,75.0,0.0,0.2036452000000395,0.8322306281899537,1.0682540734589092,0.34377539944015395,1.4210854715202004e-14
Persistence-0.40,6,32,614,502,QP+G,0,0,0.0,0.0,4.400000022997119e-06,0.8293688915062614,1.078994568637951,0.33851275250796986,7.105427357601002e-15
Persistence-0.40,6,32,614,502,QP+G,5,0,5.0,5.0,0.29001530000005005,0.8333889335168848,1.0598756983252806,0.3327255989213199,1.4210854715202004e-14
Persistence-0.40,6,32,614,502,QP+G,10,0,10.0,10.0,0.5860194000000547,0.8370129981942193,1.0412988212306402,0.32675801659749426,7.105427357601002e-15
Persistence-0.40,6,32,614,502,QP+G,15,0,15.0,15.0,0.8472036000000003,0.8404011163271351,1.0231630742234934,0.3206379170771072,1.4210854715202004e-14
Persistence-0.40,6,32,614,502,QP+G,20,0,20.0,20.0,1.1368610000000103,0.8436747915740539,1.0054037644546372,0.314403934536945,1.4210854715202004e-14
Persistence-0.40,6,32,614,502,QP+G,25,0,25.0,25.0,1.3986816000000317,0.8467457537333787,0.9881614627725697,0.3081030131557385,1.4210854715202004e-14
Persistence-0.40,6,32,614,502,noG,0,0,0.0,0.0,3.4999999911633495e-06,0.8293688915062614,1.078994568637951,0.33851275250796986,7.105427357601002e-15
Persistence-0.40,6,32,614,502,noG,5,0,5.0,0.0,0.12477649999999585,0.8293688915062614,1.078994568637951,0.33851275250796986,7.105427357601002e-15
Persistence-0.40,6,32,614,502,noG,10,0,10.0,0.0,0.25890609999999015,0.8293688915062614,1.078994568637951,0.33851275250796986,7.105427357601002e-15
Persistence-0.40,6,32,614,502,noG,15,0,15.0,0.0,0.3799617999999896,0.8293688915062614,1.078994568637951,0.33851275250796986,7.105427357601002e-15
Persistence-0.40,6,32,614,502,noG,20,0,20.0,0.0,0.518867699999987,0.8293688915062614,1.078994568637951,0.33851275250796986,7.105427357601002e-15
Persistence-0.40,6,32,614,502,noG,25,0,25.0,0.0,0.6422044999999912,0.8293688915062614,1.078994568637951,0.33851275250796986,7.105427357601002e-15
Persistence-0.40,6,32,614,502,PPM-3,0,0,0.0,0.0,5.100000009861105e-06,0.8293688915062614,1.078994568637951,0.33851275250796986,7.105427357601002e-15
Persistence-0.40,6,32,614,502,PPM-3,5,0,15.0,0.0,0.03148310000000265,0.8292570428729642,1.0771804147778112,0.3389487306419512,1.4210854715202004e-14
Persistence-0.40,6,32,614,502,PPM-3,10,0,30.0,0.0,0.0656435000000215,0.8290736321079137,1.07537746036549,0.3393592690060411,1.4210854715202004e-14
Persistence-0.40,6,32,614,502,PPM-3,15,0,45.0,0.0,0.10058020000002443,0.8288854755400061,1.07351924362264,0.3397438016321988,1.4210854715202004e-14
Persistence-0.40,6,32,614,502,PPM-3,20,0,60.0,0.0,0.1366085999999882,0.8286334700038029,1.0716652473554786,0.34010176235494594,1.4210854715202004e-14
Persistence-0.40,6,32,614,502,PPM-3,25,0,75.0,0.0,0.16870670000002974,0.8283195401300372,1.069813951639514,0.3404325871578643,1.4210854715202004e-14
Persistence-0.40,6,32,614,503,QP+G,0,0,0.0,0.0,3.6999999792897142e-06,0.8239393072103154,1.2465538518086368,0.3727356042274948,1.4210854715202004e-14
Persistence-0.40,6,32,614,503,QP+G,5,0,5.0,5.0,0.24810370000000148,0.8239393072103154,1.2465538518086368,0.3727356042274948,1.4210854715202004e-14
Persistence-0.40,6,32,614,503,QP+G,10,0,10.0,10.0,0.4766035999999758,0.8239393072103154,1.2465538518086368,0.3727356042274948,1.4210854715202004e-14
Persistence-0.40,6,32,614,503,QP+G,15,0,15.0,15.0,0.6991411999999855,0.8239393072103154,1.2465538518086368,0.3727356042274948,1.4210854715202004e-14
Persistence-0.40,6,32,614,503,QP+G,20,0,20.0,20.0,0.9349356999999827,0.8239393072103154,1.2465538518086368,0.3727356042274948,1.4210854715202004e-14
Persistence-0.40,6,32,614,503,QP+G,25,0,25.0,25.0,1.166368699999964,0.8239393072103154,1.2465538518086368,0.3727356042274948,1.4210854715202004e-14
Persistence-0.40,6,32,614,503,noG,0,0,0.0,0.0,3.800000001774606e-06,0.8239393072103154,1.2465538518086368,0.3727356042274948,1.4210854715202004e-14
Persistence-0.40,6,32,614,503,noG,5,0,5.0,0.0,0.12153090000003886,0.8239393072103154,1.2465538518086368,0.3727356042274948,1.4210854715202004e-14
Persistence-0.40,6,32,614,503,noG,10,0,10.0,0.0,0.24006239999999934,0.8239393072103154,1.2465538518086368,0.3727356042274948,1.4210854715202004e-14
Persistence-0.40,6,32,614,503,noG,15,0,15.0,0.0,0.3441543000000138,0.8239393072103154,1.2465538518086368,0.3727356042274948,1.4210854715202004e-14
Persistence-0.40,6,32,614,503,noG,20,0,20.0,0.0,0.4469193000000473,0.8239393072103154,1.2465538518086368,0.3727356042274948,1.4210854715202004e-14
Persistence-0.40,6,32,614,503,noG,25,0,25.0,0.0,0.548839600000008,0.8239393072103154,1.2465538518086368,0.3727356042274948,1.4210854715202004e-14
Persistence-0.40,6,32,614,503,PPM-3,0,0,0.0,0.0,3.3999999686784577e-06,0.8239393072103154,1.2465538518086368,0.3727356042274948,1.4210854715202004e-14
Persistence-0.40,6,32,614,503,PPM-3,5,0,15.0,0.0,0.03468979999996691,0.823871507421573,1.2445838494566448,0.37318871883851235,1.4210854715202004e-14
Persistence-0.40,6,32,614,503,PPM-3,10,0,30.0,0.0,0.06790300000000116,0.8232782687843457,1.243073495379504,0.37360657925483237,1.4210854715202004e-14
Persistence-0.40,6,32,614,503,PPM-3,15,0,45.0,0.0,0.10123279999999113,0.8223795564650164,1.241802333676881,0.37398966319821925,1.4210854715202004e-14
Persistence-0.40,6,32,614,503,PPM-3,20,0,60.0,0.0,0.13587019999999939,0.8213674904888919,1.2405777793488444,0.3743384633252891,1.4210854715202004e-14
Persistence-0.40,6,32,614,503,PPM-3,25,0,75.0,0.0,0.16975809999996727,0.8203650890148236,1.2392763760871381,0.37465348501584617,1.4210854715202004e-14
Persistence-0.40,6,32,614,504,QP+G,0,0,0.0,0.0,4.199999978027336e-06,0.8078197588227916,1.2929571775819926,0.30722666828982775,1.4210854715202004e-14
Persistence-0.40,6,32,614,504,QP+G,5,0,5.0,5.0,0.2561503000000016,0.8119520213445476,1.2751937496296857,0.30582840203031286,1.4210854715202004e-14
Persistence-0.40,6,32,614,504,QP+G,10,0,10.0,10.0,0.522803300000021,0.8155925893581515,1.257650879376725,0.304355524525688,1.4210854715202004e-14
Persistence-0.40,6,32,614,504,QP+G,15,0,15.0,15.0,0.7791560000000004,0.819012297813439,1.2400953295646309,0.30280863201578906,1.4210854715202004e-14
Persistence-0.40,6,32,614,504,QP+G,20,0,20.0,20.0,1.023477200000002,0.8213932782442491,1.2233862521706427,0.3011939675233344,1.4210854715202004e-14
Persistence-0.40,6,32,614,504,QP+G,25,0,25.0,25.0,1.2766447000000198,0.8235438979799862,1.2067590544846003,0.2995227189171431,1.4210854715202004e-14
Persistence-0.40,6,32,614,504,noG,0,0,0.0,0.0,3.2000000373955118e-06,0.8078197588227916,1.2929571775819926,0.30722666828982775,1.4210854715202004e-14
Persistence-0.40,6,32,614,504,noG,5,0,5.0,0.0,0.11083880000001045,0.8078197588227916,1.2929571775819926,0.30722666828982775,1.4210854715202004e-14
Persistence-0.40,6,32,614,504,noG,10,0,10.0,0.0,0.23109720000002199,0.8078197588227916,1.2929571775819926,0.30722666828982775,1.4210854715202004e-14
Persistence-0.40,6,32,614,504,noG,15,0,15.0,0.0,0.3338881000000242,0.8078197588227916,1.2929571775819926,0.30722666828982775,1.4210854715202004e-14
Persistence-0.40,6,32,614,504,noG,20,0,20.0,0.0,0.44347890000000234,0.8078197588227916,1.2929571775819926,0.30722666828982775,1.4210854715202004e-14
Persistence-0.40,6,32,614,504,noG,25,0,25.0,0.0,0.5545252000000005,0.8078197588227916,1.2929571775819926,0.30722666828982775,1.4210854715202004e-14
Persistence-0.40,6,32,614,504,PPM-3,0,0,0.0,0.0,5.6999999742402e-06,0.8078197588227916,1.2929571775819926,0.30722666828982775,1.4210854715202004e-14
Persistence-0.40,6,32,614,504,PPM-3,5,0,15.0,0.0,0.03763239999994994,0.8092716081588307,1.291702854582525,0.30799860558166325,7.105427357601002e-15
Persistence-0.40,6,32,614,504,PPM-3,10,0,30.0,0.0,0.07136489999999185,0.8106842982753388,1.290431658966317,0.30877608950358487,1.4210854715202004e-14
Persistence-0.40,6,32,614,504,PPM-3,15,0,45.0,0.0,0.10457969999998795,0.8121262060244743,1.2890744186122503,0.3095589869615186,7.105427357601002e-15
Persistence-0.40,6,32,614,504,PPM-3,20,0,60.0,0.0,0.1428781999999842,0.8135880962224974,1.2876395671995233,0.3103471251140304,1.4210854715202004e-14
Persistence-0.40,6,32,614,504,PPM-3,25,0,75.0,0.0,0.18662809999995034,0.8148276982949437,1.2863685677289962,0.31114028901882185,1.4210854715202004e-14
Persistence-0.40,6,32,614,505,QP+G,0,0,0.0,0.0,4.199999978027336e-06,0.8202735923014836,1.2332752609236395,0.29203088912876785,1.4210854715202004e-14
Persistence-0.40,6,32,614,505,QP+G,5,0,5.0,5.0,0.270546999999965,0.8236053567964305,1.2188830506325858,0.2901000294411363,7.105427357601002e-15
Persistence-0.40,6,32,614,505,QP+G,10,0,10.0,10.0,0.5255252000000041,0.8268997133770463,1.204201189694269,0.2881425996368365,1.4210854715202004e-14
Persistence-0.40,6,32,614,505,QP+G,15,0,15.0,15.0,0.7768232999999896,0.8296947156166423,1.1897233121893072,0.28616173417887125,1.4210854715202004e-14
Persistence-0.40,6,32,614,505,QP+G,20,0,20.0,20.0,1.0451403000000141,0.8322920439573469,1.175183073964889,0.2841613579018235,1.4210854715202004e-14
Persistence-0.40,6,32,614,505,QP+G,25,0,25.0,25.0,1.2931128999999828,0.8347997835853097,1.1605108886709492,0.28214644230973096,1.4210854715202004e-14
Persistence-0.40,6,32,614,505,noG,0,0,0.0,0.0,4.100000012385863e-06,0.8202735923014836,1.2332752609236395,0.29203088912876785,1.4210854715202004e-14
Persistence-0.40,6,32,614,505,noG,5,0,5.0,0.0,0.1061031000000412,0.8202735923014836,1.2332752609236395,0.29203088912876785,1.4210854715202004e-14
Persistence-0.40,6,32,614,505,noG,10,0,10.0,0.0,0.21630870000001323,0.8202735923014836,1.2332752609236395,0.29203088912876785,1.4210854715202004e-14
Persistence-0.40,6,32,614,505,noG,15,0,15.0,0.0,0.3190379000000121,0.8202735923014836,1.2332752609236395,0.29203088912876785,1.4210854715202004e-14
Persistence-0.40,6,32,614,505,noG,20,0,20.0,0.0,0.42953620000002957,0.8202735923014836,1.2332752609236395,0.29203088912876785,1.4210854715202004e-14
Persistence-0.40,6,32,614,505,noG,25,0,25.0,0.0,0.5493863000000374,0.8202735923014836,1.2332752609236395,0.29203088912876785,1.4210854715202004e-14
Persistence-0.40,6,32,614,505,PPM-3,0,0,0.0,0.0,9.200000022246968e-06,0.8202735923014836,1.2332752609236395,0.29203088912876785,1.4210854715202004e-14
Persistence-0.40,6,32,614,505,PPM-3,5,0,15.0,0.0,0.042212899999981346,0.8206925870714653,1.2328243466203572,0.29290562776308826,1.4210854715202004e-14
Persistence-0.40,6,32,614,505,PPM-3,10,0,30.0,0.0,0.07612189999997554,0.8211376398115704,1.2322990337702941,0.2937911361933074,2.1316282072803006e-14
Persistence-0.40,6,32,614,505,PPM-3,15,0,45.0,0.0,0.11435210000001916,0.8216094752083837,1.2316976967390385,0.2946872523797967,1.4210854715202004e-14
Persistence-0.40,6,32,614,505,PPM-3,20,0,60.0,0.0,0.14973279999998113,0.8220933574776911,1.231034160033972,0.29559378071168146,1.4210854715202004e-14
Persistence-0.40,6,32,614,505,PPM-3,25,0,75.0,0.0,0.1862545000000182,0.8222918101896024,1.2306049790462987,0.2965104915646632,1.4210854715202004e-14
Persistence-0.40,6,32,614,506,QP+G,0,0,0.0,0.0,4.799999999249849e-06,0.8210366676289095,1.0925479550691017,0.27456557036646667,1.4210854715202004e-14
Persistence-0.40,6,32,614,506,QP+G,5,0,5.0,5.0,0.2991346999999678,0.8241472317204872,1.0821700771840228,0.2735789464399011,1.4210854715202004e-14
Persistence-0.40,6,32,614,506,QP+G,10,0,10.0,10.0,0.6038743999999951,0.8270217164373087,1.0718721925026267,0.272507326168841,7.105427357601002e-15
Persistence-0.40,6,32,614,506,QP+G,15,0,15.0,15.0,1.052841199999989,0.8297874712018434,1.061541259287598,0.2713674054470823,1.4210854715202004e-14
Persistence-0.40,6,32,614,506,QP+G,20,0,20.0,20.0,1.4207422999999721,0.8325775871275573,1.051058593002851,0.27018206320780574,1.4210854715202004e-14
Persistence-0.40,6,32,614,506,QP+G,25,0,25.0,25.0,1.9021547999999484,0.8353649124975998,1.0404649273931077,0.26897957893594643,1.4210854715202004e-14
Persistence-0.40,6,32,614,506,noG,0,0,0.0,0.0,1.2699999956566899e-05,0.8210366676289095,1.0925479550691017,0.27456557036646667,1.4210854715202004e-14
Persistence-0.40,6,32,614,506,noG,5,0,5.0,0.0,0.15335809999999128,0.8210366676289095,1.0925479550691017,0.27456557036646667,1.4210854715202004e-14
Persistence-0.40,6,32,614,506,noG,10,0,10.0,0.0,0.3662880999999629,0.8210366676289095,1.0925479550691017,0.27456557036646667,1.4210854715202004e-14
Persistence-0.40,6,32,614,506,noG,15,0,15.0,0.0,0.5466142999999875,0.8210366676289095,1.0925479550691017,0.27456557036646667,1.4210854715202004e-14
Persistence-0.40,6,32,614,506,noG,20,0,20.0,0.0,0.6863970999999651,0.8210366676289095,1.0925479550691017,0.27456557036646667,1.4210854715202004e-14
Persistence-0.40,6,32,614,506,noG,25,0,25.0,0.0,0.8407492000000047,0.8210366676289095,1.0925479550691017,0.27456557036646667,1.4210854715202004e-14
Persistence-0.40,6,32,614,506,PPM-3,0,0,0.0,0.0,4.199999978027336e-06,0.8210366676289095,1.0925479550691017,0.27456557036646667,1.4210854715202004e-14
Persistence-0.40,6,32,614,506,PPM-3,5,0,15.0,0.0,0.04267809999998917,0.8229080498263823,1.0913463716320277,0.2753597503243761,1.4210854715202004e-14
Persistence-0.40,6,32,614,506,PPM-3,10,0,30.0,0.0,0.08008050000000821,0.8246484945824503,1.0902440472718804,0.27615793973205405,1.4210854715202004e-14
Persistence-0.40,6,32,614,506,PPM-3,15,0,45.0,0.0,0.11705339999997477,0.8263902247146693,1.0891078859671726,0.2769595810205284,2.1316282072803006e-14
Persistence-0.40,6,32,614,506,PPM-3,20,0,60.0,0.0,0.15663829999999734,0.8281288344482366,1.087941419196762,0.27776408869928304,2.1316282072803006e-14
Persistence-0.40,6,32,614,506,PPM-3,25,0,75.0,0.0,0.1956839000000059,0.8298886032022245,1.0867194928914183,0.2785708521708208,1.4210854715202004e-14
Persistence-0.40,6,32,614,507,QP+G,0,0,0.0,0.0,4.799999999249849e-06,0.8101103232093851,1.1524605057597719,0.29884436568070627,1.4210854715202004e-14
Persistence-0.40,6,32,614,507,QP+G,5,0,5.0,5.0,0.31396649999999227,0.8118944049905202,1.1353842253791058,0.2957947184611548,1.4210854715202004e-14
Persistence-0.40,6,32,614,507,QP+G,10,0,10.0,10.0,0.6130584999999655,0.8134302123686682,1.1187173819707965,0.29293699323643285,1.4210854715202004e-14
Persistence-0.40,6,32,614,507,QP+G,15,0,15.0,15.0,0.9087470999999709,0.8143479039310073,1.1028367179104537,0.2903015501330381,7.105427357601002e-15
Persistence-0.40,6,32,614,507,QP+G,20,0,20.0,20.0,1.1970752999999945,0.8148137275502704,1.0875778348207095,0.2879141548053046,2.1316282072803006e-14
Persistence-0.40,6,32,614,507,QP+G,25,0,25.0,25.0,1.5105825999999638,0.8152503226195311,1.0725150641998584,0.2857950544544658,1.4210854715202004e-14
Persistence-0.40,6,32,614,507,noG,0,0,0.0,0.0,3.800000001774606e-06,0.8101103232093851,1.1524605057597719,0.29884436568070627,1.4210854715202004e-14
Persistence-0.40,6,32,614,507,noG,5,0,5.0,0.0,0.12201399999997875,0.8101103232093851,1.1524605057597719,0.29884436568070627,1.4210854715202004e-14
Persistence-0.40,6,32,614,507,noG,10,0,10.0,0.0,0.23591469999996661,0.8101103232093851,1.1524605057597719,0.29884436568070627,1.4210854715202004e-14
Persistence-0.40,6,32,614,507,noG,15,0,15.0,0.0,0.3660454000000186,0.8101103232093851,1.1524605057597719,0.29884436568070627,1.4210854715202004e-14
Persistence-0.40,6,32,614,507,noG,20,0,20.0,0.0,0.5004880000000185,0.8101103232093851,1.1524605057597719,0.29884436568070627,1.4210854715202004e-14
Persistence-0.40,6,32,614,507,noG,25,0,25.0,0.0,0.6269020999999952,0.8101103232093851,1.1524605057597719,0.29884436568070627,1.4210854715202004e-14
Persistence-0.40,6,32,614,507,PPM-3,0,0,0.0,0.0,5.499999986113835e-06,0.8101103232093851,1.1524605057597719,0.29884436568070627,1.4210854715202004e-14
Persistence-0.40,6,32,614,507,PPM-3,5,0,15.0,0.0,0.05324839999997266,0.8098666485505085,1.1520332160313846,0.299702583246805,1.4210854715202004e-14
Persistence-0.40,6,32,614,507,PPM-3,10,0,30.0,0.0,0.09117720000000418,0.8095902984151934,1.1515733346932482,0.3005566352490322,1.4210854715202004e-14
Persistence-0.40,6,32,614,507,PPM-3,15,0,45.0,0.0,0.1293999000000099,0.8092628523791146,1.1510987756083366,0.30140621984925947,1.4210854715202004e-14
Persistence-0.40,6,32,614,507,PPM-3,20,0,60.0,0.0,0.16705789999997478,0.8088549858159348,1.1506383766425317,0.3022510328404389,1.4210854715202004e-14
Persistence-0.40,6,32,614,507,PPM-3,25,0,75.0,0.0,0.2054681000000187,0.8083419221758488,1.1502164481969865,0.3030907673857804,1.4210854715202004e-14
Persistence-0.40,6,32,614,508,QP+G,0,0,0.0,0.0,4.100000012385863e-06,0.8193279671270656,1.0138336153035126,0.29744377511605496,1.4210854715202004e-14
Persistence-0.40,6,32,614,508,QP+G,5,0,5.0,5.0,0.27049490000001697,0.8206022079955851,0.9918449983158327,0.2968948408896532,1.4210854715202004e-14
Persistence-0.40,6,32,614,508,QP+G,10,0,10.0,10.0,0.7431210999999962,0.8205636802016087,0.9685233742117096,0.2959471974315636,1.4210854715202004e-14
Persistence-0.40,6,32,614,508,QP+G,15,0,15.0,15.0,1.3747902000000067,0.8201385406527759,0.9428755867125642,0.29438753052502,1.4210854715202004e-14
Persistence-0.40,6,32,614,508,QP+G,20,0,20.0,20.0,1.724959800000022,0.8197901554666104,0.9144872245138252,0.29206666419833344,7.105427357601002e-15
Persistence-0.40,6,32,614,508,QP+G,25,0,25.0,25.0,2.1333220999999867,0.8200926770260779,0.8829709647463055,0.2889121794822678,1.4210854715202004e-14
Persistence-0.40,6,32,614,508,noG,0,0,0.0,0.0,4.300000000512227e-06,0.8193279671270656,1.0138336153035126,0.29744377511605496,1.4210854715202004e-14
Persistence-0.40,6,32,614,508,noG,5,0,5.0,0.0,0.13213810000002013,0.8197071906824714,1.0001268213967975,0.2970616781715451,2.1316282072803006e-14
Persistence-0.40,6,32,614,508,noG,10,0,10.0,0.0,0.2695949000000155,0.8185028856784639,0.9860977765379481,0.2963970129008041,1.4210854715202004e-14
Persistence-0.40,6,32,614,508,noG,15,0,15.0,0.0,0.406355700000006,0.8167277327637289,0.9706110656785066,0.29540369557788093,1.0658141036401503e-14
Persistence-0.40,6,32,614,508,noG,20,0,20.0,0.0,0.5296284000000355,0.8146258911228902,0.9533075017135607,0.29405474225838385,1.4210854715202004e-14
Persistence-0.40,6,32,614,508,noG,25,0,25.0,0.0,0.659718200000043,0.8128891758247875,0.9333986091565004,0.2923632482956095,1.4210854715202004e-14
Persistence-0.40,6,32,614,508,PPM-3,0,0,0.0,0.0,6.20000002982124e-06,0.8193279671270656,1.0138336153035126,0.29744377511605496,1.4210854715202004e-14
Persistence-0.40,6,32,614,508,PPM-3,5,0,15.0,0.0,0.046894199999997,0.8194708870681379,1.012098145815246,0.29740931612631016,1.4210854715202004e-14
Persistence-0.40,6,32,614,508,PPM-3,10,0,30.0,0.0,0.09662510000003977,0.8196153421919782,1.010332749760655,0.2973709871494813,1.4210854715202004e-14
Persistence-0.40,6,32,614,508,PPM-3,15,0,45.0,0.0,0.13577340000000504,0.8197612249143547,1.0085372959506709,0.29732871480526885,1.4210854715202004e-14
Persistence-0.40,6,32,614,508,PPM-3,20,0,60.0,0.0,0.17748810000000503,0.819864487350703,1.0067555921734512,0.2972824199868321,1.4210854715202004e-14
Persistence-0.40,6,32,614,508,PPM-3,25,0,75.0,0.0,0.22034160000004022,0.8198840459083556,1.0050284808002792,0.2972320182221906,1.4210854715202004e-14
Persistence-0.40,6,32,614,509,QP+G,0,0,0.0,0.0,4.100000012385863e-06,0.8156216439231113,1.2807812175323532,0.30743348997130715,7.105427357601002e-15
Persistence-0.40,6,32,614,509,QP+G,5,0,5.0,5.0,0.33317800000003217,0.8156216439231113,1.2807812175323532,0.30743348997130715,7.105427357601002e-15
Persistence-0.40,6,32,614,509,QP+G,10,0,10.0,10.0,0.6568067000000042,0.8156216439231113,1.2807812175323532,0.30743348997130715,7.105427357601002e-15
Persistence-0.40,6,32,614,509,QP+G,15,0,15.0,15.0,0.9856058999999959,0.8156216439231113,1.2807812175323532,0.30743348997130715,7.105427357601002e-15
Persistence-0.40,6,32,614,509,QP+G,20,0,20.0,20.0,1.3804552999999942,0.8156216439231113,1.2807812175323532,0.30743348997130715,7.105427357601002e-15
Persistence-0.40,6,32,614,509,QP+G,25,0,25.0,25.0,1.718089300000031,0.8156216439231113,1.2807812175323532,0.30743348997130715,7.105427357601002e-15
Persistence-0.40,6,32,614,509,noG,0,0,0.0,0.0,4.199999978027336e-06,0.8156216439231113,1.2807812175323532,0.30743348997130715,7.105427357601002e-15
Persistence-0.40,6,32,614,509,noG,5,0,5.0,0.0,0.14257370000001401,0.8156216439231113,1.2807812175323532,0.30743348997130715,7.105427357601002e-15
Persistence-0.40,6,32,614,509,noG,10,0,10.0,0.0,0.3018225000000143,0.8156216439231113,1.2807812175323532,0.30743348997130715,7.105427357601002e-15
Persistence-0.40,6,32,614,509,noG,15,0,15.0,0.0,0.43168739999998706,0.8156216439231113,1.2807812175323532,0.30743348997130715,7.105427357601002e-15
Persistence-0.40,6,32,614,509,noG,20,0,20.0,0.0,0.563495899999964,0.8156216439231113,1.2807812175323532,0.30743348997130715,7.105427357601002e-15
Persistence-0.40,6,32,614,509,noG,25,0,25.0,0.0,0.6990380999999957,0.8156216439231113,1.2807812175323532,0.30743348997130715,7.105427357601002e-15
Persistence-0.40,6,32,614,509,PPM-3,0,0,0.0,0.0,4.799999999249849e-06,0.8156216439231113,1.2807812175323532,0.30743348997130715,7.105427357601002e-15
Persistence-0.40,6,32,614,509,PPM-3,5,0,15.0,0.0,0.037878200000022844,0.8156674921560487,1.2798154161323407,0.30844129462320247,1.4210854715202004e-14
Persistence-0.40,6,32,614,509,PPM-3,10,0,30.0,0.0,0.07618840000003502,0.8157221870549932,1.2788069362059384,0.3094518201609284,1.4210854715202004e-14
Persistence-0.40,6,32,614,509,PPM-3,15,0,45.0,0.0,0.11033720000000358,0.8157859609761413,1.2777551745514306,0.31046486883122976,1.4210854715202004e-14
Persistence-0.40,6,32,614,509,PPM-3,20,0,60.0,0.0,0.14536610000004657,0.8158590520967913,1.276659526284727,0.31148022000959535,1.4210854715202004e-14
Persistence-0.40,6,32,614,509,PPM-3,25,0,75.0,0.0,0.17908610000000635,0.8159417044721469,1.2755193850242375,0.31249762923523966,1.4210854715202004e-14
Persistence-0.40,6,32,614,510,QP+G,0,0,0.0,0.0,4.400000022997119e-06,0.825754819907781,1.1199222679879712,0.3163873678577224,1.4210854715202004e-14
Persistence-0.40,6,32,614,510,QP+G,5,0,5.0,5.0,0.32169520000002194,0.8303327984235223,1.097737180606404,0.3090357454725191,1.4210854715202004e-14
Persistence-0.40,6,32,614,510,QP+G,10,0,10.0,10.0,0.6210341000000312,0.8346651269917391,1.076200565556843,0.3015945544152636,1.4210854715202004e-14
Persistence-0.40,6,32,614,510,QP+G,15,0,15.0,15.0,0.9257574000000091,0.8387866292987376,1.0553792549930934,0.2941968844093465,1.4210854715202004e-14
Persistence-0.40,6,32,614,510,QP+G,20,0,20.0,20.0,1.226617200000021,0.8427297167103067,1.0353136300289056,0.28696018211114865,1.4210854715202004e-14
Persistence-0.40,6,32,614,510,QP+G,25,0,25.0,25.0,1.5293756000000371,0.8463408337560232,1.0162031619732022,0.2799829447055175,1.4210854715202004e-14
Persistence-0.40,6,32,614,510,noG,0,0,0.0,0.0,4.499999988638592e-06,0.825754819907781,1.1199222679879712,0.3163873678577224,1.4210854715202004e-14
Persistence-0.40,6,32,614,510,noG,5,0,5.0,0.0,0.12898590000003196,0.825754819907781,1.1199222679879712,0.3163873678577224,1.4210854715202004e-14
Persistence-0.40,6,32,614,510,noG,10,0,10.0,0.0,0.2360171000000264,0.825754819907781,1.1199222679879712,0.3163873678577224,1.4210854715202004e-14
Persistence-0.40,6,32,614,510,noG,15,0,15.0,0.0,0.380360200000041,0.825754819907781,1.1199222679879712,0.3163873678577224,1.4210854715202004e-14
Persistence-0.40,6,32,614,510,noG,20,0,20.0,0.0,0.49189280000001645,0.825754819907781,1.1199222679879712,0.3163873678577224,1.4210854715202004e-14
Persistence-0.40,6,32,614,510,noG,25,0,25.0,0.0,0.6081326000000331,0.825754819907781,1.1199222679879712,0.3163873678577224,1.4210854715202004e-14
Persistence-0.40,6,32,614,510,PPM-3,0,0,0.0,0.0,5.900000019209983e-06,0.825754819907781,1.1199222679879712,0.3163873678577224,1.4210854715202004e-14
Persistence-0.40,6,32,614,510,PPM-3,5,0,15.0,0.0,0.047626900000011574,0.8259087476001942,1.1191713558254333,0.3170566114940242,1.4210854715202004e-14
Persistence-0.40,6,32,614,510,PPM-3,10,0,30.0,0.0,0.08060360000001765,0.8260926486551071,1.1183148748314111,0.3177120456099337,1.4210854715202004e-14
Persistence-0.40,6,32,614,510,PPM-3,15,0,45.0,0.0,0.11817360000003418,0.8262624373502299,1.1173958571410458,0.3183532034766344,7.105427357601002e-15
Persistence-0.40,6,32,614,510,PPM-3,20,0,60.0,0.0,0.15721300000001293,0.8264553605499965,1.1163760253843973,0.3189796010963729,1.4210854715202004e-14
Persistence-0.40,6,32,614,510,PPM-3,25,0,75.0,0.0,0.19362289999997984,0.8266785052172182,1.1152472888369895,0.31959074140868604,1.4210854715202004e-14
Persistence-0.40,6,32,614,511,QP+G,0,0,0.0,0.0,4.300000000512227e-06,0.8099055557997457,1.347319539926653,0.3030369748669571,1.4210854715202004e-14
Persistence-0.40,6,32,614,511,QP+G,5,0,5.0,5.0,0.2334961999999905,0.8125603965732079,1.327887554200177,0.30143276696108556,1.4210854715202004e-14
Persistence-0.40,6,32,614,511,QP+G,10,0,10.0,10.0,0.5836985999999911,0.8152198934647601,1.3083308485809375,0.29968733511908846,1.4210854715202004e-14
Persistence-0.40,6,32,614,511,QP+G,15,0,15.0,15.0,0.9934618999999998,0.817732111135743,1.2888404210292792,0.29779405674662257,2.1316282072803006e-14
Persistence-0.40,6,32,614,511,QP+G,20,0,20.0,20.0,1.3403829000000087,0.8202662045202596,1.2692887090758878,0.2957485506353328,1.4210854715202004e-14
Persistence-0.40,6,32,614,511,QP+G,25,0,25.0,25.0,1.7089560000000006,0.8227169436408156,1.2498243354894338,0.29354909089739706,1.4210854715202004e-14
Persistence-0.40,6,32,614,511,noG,0,0,0.0,0.0,8.100000002286833e-06,0.8099055557997457,1.347319539926653,0.3030369748669571,1.4210854715202004e-14
Persistence-0.40,6,32,614,511,noG,5,0,5.0,0.0,0.1471708999999919,0.8099055557997457,1.347319539926653,0.3030369748669571,1.4210854715202004e-14
Persistence-0.40,6,32,614,511,noG,10,0,10.0,0.0,0.2994613000000186,0.8099055557997457,1.347319539926653,0.3030369748669571,1.4210854715202004e-14
Persistence-0.40,6,32,614,511,noG,15,0,15.0,0.0,0.4402974999999856,0.8099055557997457,1.347319539926653,0.3030369748669571,1.4210854715202004e-14
Persistence-0.40,6,32,614,511,noG,20,0,20.0,0.0,0.5579020000000128,0.8099055557997457,1.347319539926653,0.3030369748669571,1.4210854715202004e-14
Persistence-0.40,6,32,614,511,noG,25,0,25.0,0.0,0.8253579999999943,0.8099055557997457,1.347319539926653,0.3030369748669571,1.4210854715202004e-14
Persistence-0.40,6,32,614,511,PPM-3,0,0,0.0,0.0,5.199999975502578e-06,0.8099055557997457,1.347319539926653,0.3030369748669571,1.4210854715202004e-14
Persistence-0.40,6,32,614,511,PPM-3,5,0,15.0,0.0,0.031240299999979015,0.8106144851793708,1.3448502258944297,0.30394748112909753,1.4210854715202004e-14
Persistence-0.40,6,32,614,511,PPM-3,10,0,30.0,0.0,0.06442239999995536,0.8113422709652026,1.3422884770814258,0.3048601936554182,1.4210854715202004e-14
Persistence-0.40,6,32,614,511,PPM-3,15,0,45.0,0.0,0.09878559999998515,0.8120892468933143,1.3396334305466537,0.3057750433026286,1.4210854715202004e-14
Persistence-0.40,6,32,614,511,PPM-3,20,0,60.0,0.0,0.13203149999998232,0.8128557510017539,1.336884232189807,0.306691922668012,1.4210854715202004e-14
Persistence-0.40,6,32,614,511,PPM-3,25,0,75.0,0.0,0.1697762999999668,0.8136421254587173,1.3340400382150128,0.30761068416031323,1.4210854715202004e-14
Persistence-0.55,6,32,614,500,QP+G,0,0,0.0,0.0,6.109999998216153e-05,0.8106310380911129,1.084310869795916,0.25874190455061874,2.1316282072803006e-14
Persistence-0.55,6,32,614,500,QP+G,5,0,5.0,5.0,0.39680079999999407,0.8134860134449048,1.0710991651478459,0.2565121817447742,1.4210854715202004e-14
Persistence-0.55,6,32,614,500,QP+G,10,0,10.0,10.0,0.6653534999999806,0.8163292590438006,1.05806451606106,0.2542804219802947,1.4210854715202004e-14
Persistence-0.55,6,32,614,500,QP+G,15,0,15.0,15.0,0.9255026000000157,0.8190501527654963,1.0453231074579254,0.2520555867697433,1.4210854715202004e-14
Persistence-0.55,6,32,614,500,QP+G,20,0,20.0,20.0,1.1874429999999734,0.8217541243309562,1.03277387070777,0.2498461239099089,1.4210854715202004e-14
Persistence-0.55,6,32,614,500,QP+G,25,0,25.0,25.0,1.4677219999999807,0.8243785406902937,1.0204826947149168,0.24765984177208103,1.4210854715202004e-14
Persistence-0.55,6,32,614,500,noG,0,0,0.0,0.0,3.6999999792897142e-06,0.8106310380911129,1.084310869795916,0.25874190455061874,2.1316282072803006e-14
Persistence-0.55,6,32,614,500,noG,5,0,5.0,0.0,0.10747049999997671,0.8106310380911129,1.084310869795916,0.25874190455061874,2.1316282072803006e-14
Persistence-0.55,6,32,614,500,noG,10,0,10.0,0.0,0.22378559999998515,0.8106310380911129,1.084310869795916,0.25874190455061874,2.1316282072803006e-14
Persistence-0.55,6,32,614,500,noG,15,0,15.0,0.0,0.3364063999999871,0.8106310380911129,1.084310869795916,0.25874190455061874,2.1316282072803006e-14
Persistence-0.55,6,32,614,500,noG,20,0,20.0,0.0,0.45772759999999835,0.8106310380911129,1.084310869795916,0.25874190455061874,2.1316282072803006e-14
Persistence-0.55,6,32,614,500,noG,25,0,25.0,0.0,0.5711165999999821,0.8106310380911129,1.084310869795916,0.25874190455061874,2.1316282072803006e-14
Persistence-0.55,6,32,614,500,PPM-3,0,0,0.0,0.0,3.2000000373955118e-06,0.8106310380911129,1.084310869795916,0.25874190455061874,2.1316282072803006e-14
Persistence-0.55,6,32,614,500,PPM-3,5,0,15.0,0.0,0.03145369999998593,0.8112479992304088,1.084356273822138,0.2589967465562573,7.105427357601002e-15
Persistence-0.55,6,32,614,500,PPM-3,10,0,30.0,0.0,0.06431220000001758,0.811809431636466,1.08441275173764,0.2592588614211022,1.4210854715202004e-14
Persistence-0.55,6,32,614,500,PPM-3,15,0,45.0,0.0,0.09593100000000732,0.8121965093224283,1.0845985749808413,0.2595281765063977,1.4210854715202004e-14
Persistence-0.55,6,32,614,500,PPM-3,20,0,60.0,0.0,0.12783150000001342,0.8125686380538867,1.084753792584507,0.25980460600403615,7.105427357601002e-15
Persistence-0.55,6,32,614,500,PPM-3,25,0,75.0,0.0,0.15963080000000218,0.8129431515860486,1.0848605353581007,0.26008805103314975,1.4210854715202004e-14
Persistence-0.55,6,32,614,501,QP+G,0,0,0.0,0.0,3.6000000136482413e-06,0.8365940355118809,1.0947274281608954,0.34155061384777397,1.4210854715202004e-14
Persistence-0.55,6,32,614,501,QP+G,5,0,5.0,5.0,0.27613360000003695,0.839449827141036,1.0749805694703622,0.3394000134389636,1.4210854715202004e-14
Persistence-0.55,6,32,614,501,QP+G,10,0,10.0,10.0,0.5354746000000432,0.8416648093846879,1.05611469875922,0.3371795303771282,1.4210854715202004e-14
Persistence-0.55,6,32,614,501,QP+G,15,0,15.0,15.0,0.8153022000000192,0.8434348819337704,1.0379780559479497,0.33486807007477687,1.4210854715202004e-14
Persistence-0.55,6,32,614,501,QP+G,20,0,20.0,20.0,1.1074593000000164,0.8447665819108375,1.0206071268203827,0.33244702678559584,1.4210854715202004e-14
Persistence-0.55,6,32,614,501,QP+G,25,0,25.0,25.0,1.473980700000027,0.8460498564559317,1.0036521228580462,0.3298980155648896,7.105427357601002e-15
Persistence-0.55,6,32,614,501,noG,0,0,0.0,0.0,6.299999995462713e-06,0.8365940355118809,1.0947274281608954,0.34155061384777397,1.4210854715202004e-14
Persistence-0.55,6,32,614,501,noG,5,0,5.0,0.0,0.13826879999999164,0.8365940355118809,1.0947274281608954,0.34155061384777397,1.4210854715202004e-14
Persistence-0.55,6,32,614,501,noG,10,0,10.0,0.0,0.25846880000000283,0.8365940355118809,1.0947274281608954,0.34155061384777397,1.4210854715202004e-14
Persistence-0.55,6,32,614,501,noG,15,0,15.0,0.0,0.3746931000000018,0.8365940355118809,1.0947274281608954,0.34155061384777397,1.4210854715202004e-14
Persistence-0.55,6,32,614,501,noG,20,0,20.0,0.0,0.4888172999999938,0.8365940355118809,1.0947274281608954,0.34155061384777397,1.4210854715202004e-14
Persistence-0.55,6,32,614,501,noG,25,0,25.0,0.0,0.6029651000000058,0.8365940355118809,1.0947274281608954,0.34155061384777397,1.4210854715202004e-14
Persistence-0.55,6,32,614,501,PPM-3,0,0,0.0,0.0,4.199999978027336e-06,0.8365940355118809,1.0947274281608954,0.34155061384777397,1.4210854715202004e-14
Persistence-0.55,6,32,614,501,PPM-3,5,0,15.0,0.0,0.035043999999970765,0.8358015638189195,1.0943890321243064,0.3420176554714109,1.4210854715202004e-14
Persistence-0.55,6,32,614,501,PPM-3,10,0,30.0,0.0,0.06947109999998702,0.8349500806336991,1.0940396132545576,0.34245581885753507,7.105427357601002e-15
Persistence-0.55,6,32,614,501,PPM-3,15,0,45.0,0.0,0.1030762999999979,0.8340182675990324,1.093699833228613,0.3428652014821133,1.4210854715202004e-14
Persistence-0.55,6,32,614,501,PPM-3,20,0,60.0,0.0,0.13900269999999182,0.8331142555759048,1.093260941925795,0.3432459239984352,1.4210854715202004e-14
Persistence-0.55,6,32,614,501,PPM-3,25,0,75.0,0.0,0.1714746999999761,0.832238489067386,1.0927219143289486,0.3435981276897558,1.4210854715202004e-14
Persistence-0.55,6,32,614,502,QP+G,0,0,0.0,0.0,3.3000000030369847e-06,0.8300181717010402,1.102993340246332,0.3396493815913186,1.4210854715202004e-14
Persistence-0.55,6,32,614,502,QP+G,5,0,5.0,5.0,0.284537499999999,0.8339684423453936,1.0835371229932398,0.33389357917462376,1.4210854715202004e-14
Persistence-0.55,6,32,614,502,QP+G,10,0,10.0,10.0,0.5857566999999904,0.8375334480702604,1.0646176141200772,0.32795852776867634,1.4210854715202004e-14
Persistence-0.55,6,32,614,502,QP+G,15,0,15.0,15.0,0.8745718000000124,0.8408770192438617,1.0461311891396188,0.32186911649394184,1.4210854715202004e-14
Persistence-0.55,6,32,614,502,QP+G,20,0,20.0,20.0,1.228981200000021,0.8441165955438081,1.0280188616400239,0.31566133805493224,1.4210854715202004e-14
Persistence-0.55,6,32,614,502,QP+G,25,0,25.0,25.0,1.5649558999999726,0.8471593899793387,1.010427729740044,0.30938011914549807,7.105427357601002e-15
Persistence-0.55,6,32,614,502,noG,0,0,0.0,0.0,5.600000008598727e-06,0.8300181717010402,1.102993340246332,0.3396493815913186,1.4210854715202004e-14
Persistence-0.55,6,32,614,502,noG,5,0,5.0,0.0,0.15336610000002793,0.8300181717010402,1.102993340246332,0.3396493815913186,1.4210854715202004e-14
Persistence-0.55,6,32,614,502,noG,10,0,10.0,0.0,0.3142685000000256,0.8300181717010402,1.102993340246332,0.3396493815913186,1.4210854715202004e-14
Persistence-0.55,6,32,614,502,noG,15,0,15.0,0.0,0.47618690000001607,0.8300181717010402,1.102993340246332,0.3396493815913186,1.4210854715202004e-14
Persistence-0.55,6,32,614,502,noG,20,0,20.0,0.0,0.6326237000000106,0.8300181717010402,1.102993340246332,0.3396493815913186,1.4210854715202004e-14
Persistence-0.55,6,32,614,502,noG,25,0,25.0,0.0,0.7971097000000213,0.8300181717010402,1.102993340246332,0.3396493815913186,1.4210854715202004e-14
Persistence-0.55,6,32,614,502,PPM-3,0,0,0.0,0.0,6.100000007336348e-06,0.8300181717010402,1.102993340246332,0.3396493815913186,1.4210854715202004e-14
Persistence-0.55,6,32,614,502,PPM-3,5,0,15.0,0.0,0.04429470000002311,0.8299075591710317,1.1011505882914936,0.34015436402180316,1.4210854715202004e-14
Persistence-0.55,6,32,614,502,PPM-3,10,0,30.0,0.0,0.0900679000000082,0.8297162584134213,1.0993260397670324,0.3406331251708282,1.4210854715202004e-14
Persistence-0.55,6,32,614,502,PPM-3,15,0,45.0,0.0,0.13401380000004792,0.8295210747428253,1.097443180739715,0.341085071060984,1.4210854715202004e-14
Persistence-0.55,6,32,614,502,PPM-3,20,0,60.0,0.0,0.1768498000000136,0.8292608624561123,1.0955634753051178,0.34150961196794494,1.4210854715202004e-14
Persistence-0.55,6,32,614,502,PPM-3,25,0,75.0,0.0,0.22120250000000397,0.8289413586047925,1.093681531984741,0.3419061642853515,1.4210854715202004e-14
Persistence-0.55,6,32,614,503,QP+G,0,0,0.0,0.0,4.699999976764957e-06,0.8236239381183162,1.252528300634209,0.37422062953308,1.4210854715202004e-14
Persistence-0.55,6,32,614,503,QP+G,5,0,5.0,5.0,0.2939187999999717,0.8236239381183162,1.252528300634209,0.37422062953308,1.4210854715202004e-14
Persistence-0.55,6,32,614,503,QP+G,10,0,10.0,10.0,0.5843224999999848,0.8236239381183162,1.252528300634209,0.37422062953308,1.4210854715202004e-14
Persistence-0.55,6,32,614,503,QP+G,15,0,15.0,15.0,0.8823822999999607,0.8236239381183162,1.252528300634209,0.37422062953308,1.4210854715202004e-14
Persistence-0.55,6,32,614,503,QP+G,20,0,20.0,20.0,1.183402199999989,0.8236239381183162,1.252528300634209,0.37422062953308,1.4210854715202004e-14
Persistence-0.55,6,32,614,503,QP+G,25,0,25.0,25.0,1.47324169999996,0.8236239381183162,1.252528300634209,0.37422062953308,1.4210854715202004e-14
Persistence-0.55,6,32,614,503,noG,0,0,0.0,0.0,4.799999999249849e-06,0.8236239381183162,1.252528300634209,0.37422062953308,1.4210854715202004e-14
Persistence-0.55,6,32,614,503,noG,5,0,5.0,0.0,0.1415255000000002,0.8236239381183162,1.252528300634209,0.37422062953308,1.4210854715202004e-14
Persistence-0.55,6,32,614,503,noG,10,0,10.0,0.0,0.2801337000000217,0.8236239381183162,1.252528300634209,0.37422062953308,1.4210854715202004e-14
Persistence-0.55,6,32,614,503,noG,15,0,15.0,0.0,0.43399900000002845,0.8236239381183162,1.252528300634209,0.37422062953308,1.4210854715202004e-14
Persistence-0.55,6,32,614,503,noG,20,0,20.0,0.0,0.573232599999983,0.8236239381183162,1.252528300634209,0.37422062953308,1.4210854715202004e-14
Persistence-0.55,6,32,614,503,noG,25,0,25.0,0.0,0.6815829000000235,0.8236239381183162,1.252528300634209,0.37422062953308,1.4210854715202004e-14
Persistence-0.55,6,32,614,503,PPM-3,0,0,0.0,0.0,4.9999999873762135e-06,0.8236239381183162,1.252528300634209,0.37422062953308,1.4210854715202004e-14
Persistence-0.55,6,32,614,503,PPM-3,5,0,15.0,0.0,0.042477000000019416,0.8235708194737115,1.2504648425048772,0.3745820148584034,2.1316282072803006e-14
Persistence-0.55,6,32,614,503,PPM-3,10,0,30.0,0.0,0.08905980000002955,0.822965222579563,1.2488873164126162,0.37490929678798507,1.4210854715202004e-14
Persistence-0.55,6,32,614,503,PPM-3,15,0,45.0,0.0,0.12235800000001973,0.822054103751903,1.2475483108419594,0.37520320604409896,1.4210854715202004e-14
Persistence-0.55,6,32,614,503,PPM-3,20,0,60.0,0.0,0.15346520000002783,0.8210432453515584,1.2462416159558474,0.3754644711150773,1.4210854715202004e-14
Persistence-0.55,6,32,614,503,PPM-3,25,0,75.0,0.0,0.1854948999999806,0.8200431737486454,1.2448563066845963,0.37569381527831597,2.1316282072803006e-14
Persistence-0.55,6,32,614,504,QP+G,0,0,0.0,0.0,3.4999999911633495e-06,0.8082434242827319,1.3075699796924753,0.3062754564905574,1.4210854715202004e-14
Persistence-0.55,6,32,614,504,QP+G,5,0,5.0,5.0,0.2558164000000147,0.8123412192059011,1.2899378760779427,0.3049117129571763,2.1316282072803006e-14
Persistence-0.55,6,32,614,504,QP+G,10,0,10.0,10.0,0.5304343999999901,0.8159581820981455,1.2725143626457602,0.30346793082756995,2.1316282072803006e-14
Persistence-0.55,6,32,614,504,QP+G,15,0,15.0,15.0,0.7880759999999896,0.8193075979150674,1.2551217012823757,0.30194480856271466,1.4210854715202004e-14
Persistence-0.55,6,32,614,504,QP+G,20,0,20.0,20.0,1.0462423000000172,0.8214986051345224,1.2386900706714856,0.3003485808185249,1.4210854715202004e-14
Persistence-0.55,6,32,614,504,QP+G,25,0,25.0,25.0,1.300579099999993,0.8235550205456738,1.2222376443824121,0.29869033146949675,1.4210854715202004e-14
Persistence-0.55,6,32,614,504,noG,0,0,0.0,0.0,3.700000036133133e-06,0.8082434242827319,1.3075699796924753,0.3062754564905574,1.4210854715202004e-14
Persistence-0.55,6,32,614,504,noG,5,0,5.0,0.0,0.11006259999999202,0.8082434242827319,1.3075699796924753,0.3062754564905574,1.4210854715202004e-14
Persistence-0.55,6,32,614,504,noG,10,0,10.0,0.0,0.22074350000002596,0.8082434242827319,1.3075699796924753,0.3062754564905574,1.4210854715202004e-14
Persistence-0.55,6,32,614,504,noG,15,0,15.0,0.0,0.33402560000001813,0.8082434242827319,1.3075699796924753,0.3062754564905574,1.4210854715202004e-14
Persistence-0.55,6,32,614,504,noG,20,0,20.0,0.0,0.46773610000002463,0.8082434242827319,1.3075699796924753,0.3062754564905574,1.4210854715202004e-14
Persistence-0.55,6,32,614,504,noG,25,0,25.0,0.0,0.587359900000024,0.8082434242827319,1.3075699796924753,0.3062754564905574,1.4210854715202004e-14
Persistence-0.55,6,32,614,504,PPM-3,0,0,0.0,0.0,4.400000022997119e-06,0.8082434242827319,1.3075699796924753,0.3062754564905574,1.4210854715202004e-14
Persistence-0.55,6,32,614,504,PPM-3,5,0,15.0,0.0,0.03363830000000689,0.8096440580241249,1.306363275898258,0.3070721791040308,1.4210854715202004e-14
Persistence-0.55,6,32,614,504,PPM-3,10,0,30.0,0.0,0.07209140000003345,0.8110061298286542,1.305139497249724,0.3078757209035011,7.105427357601002e-15
Persistence-0.55,6,32,614,504,PPM-3,15,0,45.0,0.0,0.10973410000002559,0.8123996000918051,1.3038278757073387,0.30868588946853043,1.4210854715202004e-14
Persistence-0.55,6,32,614,504,PPM-3,20,0,60.0,0.0,0.14505060000004733,0.8138105913680267,1.3024414747340187,0.3095024498991404,1.4210854715202004e-14
Persistence-0.55,6,32,614,504,PPM-3,25,0,75.0,0.0,0.1774148000000082,0.8149984127406563,1.301220165108699,0.3103251227559454,1.4210854715202004e-14
Persistence-0.55,6,32,614,505,QP+G,0,0,0.0,0.0,3.4999999911633495e-06,0.8198482638672993,1.237709021248383,0.2929848705974698,1.4210854715202004e-14
Persistence-0.55,6,32,614,505,QP+G,5,0,5.0,5.0,0.27405720000001565,0.8231806917935746,1.2234907372221149,0.2909922931838238,1.4210854715202004e-14
Persistence-0.55,6,32,614,505,QP+G,10,0,10.0,10.0,0.6060267000000295,0.8264868200310531,1.2089662590718067,0.288965725906476,2.1316282072803006e-14
Persistence-0.55,6,32,614,505,QP+G,15,0,15.0,15.0,0.8660621000000219,0.8293226819363202,1.194612375817146,0.28691161295246137,1.4210854715202004e-14
Persistence-0.55,6,32,614,505,QP+G,20,0,20.0,20.0,1.1440147000000138,0.8319641707856189,1.18018953909071,0.28483759014867754,2.1316282072803006e-14
Persistence-0.55,6,32,614,505,QP+G,25,0,25.0,25.0,1.4662425000000212,0.8345427341142699,1.1656055727465462,0.282752572026246,1.4210854715202004e-14
Persistence-0.55,6,32,614,505,noG,0,0,0.0,0.0,6.100000007336348e-06,0.8198482638672993,1.237709021248383,0.2929848705974698,1.4210854715202004e-14
Persistence-0.55,6,32,614,505,noG,5,0,5.0,0.0,0.12822510000000875,0.8198482638672993,1.237709021248383,0.2929848705974698,1.4210854715202004e-14
Persistence-0.55,6,32,614,505,noG,10,0,10.0,0.0,0.2578249000000028,0.8198482638672993,1.237709021248383,0.2929848705974698,1.4210854715202004e-14
Persistence-0.55,6,32,614,505,noG,15,0,15.0,0.0,0.3944014999999581,0.8198482638672993,1.237709021248383,0.2929848705974698,1.4210854715202004e-14
Persistence-0.55,6,32,614,505,noG,20,0,20.0,0.0,0.5278935000000047,0.8198482638672993,1.237709021248383,0.2929848705974698,1.4210854715202004e-14
Persistence-0.55,6,32,614,505,noG,25,0,25.0,0.0,0.6601835999999821,0.8198482638672993,1.237709021248383,0.2929848705974698,1.4210854715202004e-14
Persistence-0.55,6,32,614,505,PPM-3,0,0,0.0,0.0,8.800000045994238e-06,0.8198482638672993,1.237709021248383,0.2929848705974698,1.4210854715202004e-14
Persistence-0.55,6,32,614,505,PPM-3,5,0,15.0,0.0,0.0401320999999939,0.8202527103821418,1.2372952274135127,0.29383276828223454,1.4210854715202004e-14
Persistence-0.55,6,32,614,505,PPM-3,10,0,30.0,0.0,0.09444510000002992,0.8206828560409992,1.236808131370795,0.2946913967054606,1.4210854715202004e-14
Persistence-0.55,6,32,614,505,PPM-3,15,0,45.0,0.0,0.13623180000001867,0.8211394827559918,1.2362460440696115,0.29556061757004237,1.4210854715202004e-14
Persistence-0.55,6,32,614,505,PPM-3,20,0,60.0,0.0,0.26415070000001606,0.8216107405906857,1.2356198975764827,0.29644025910175076,1.4210854715202004e-14
Persistence-0.55,6,32,614,505,PPM-3,25,0,75.0,0.0,0.35294329999999263,0.8218029699490055,1.2352224234942994,0.29733011596284076,1.4210854715202004e-14
Persistence-0.55,6,32,614,506,QP+G,0,0,0.0,0.0,8.100000002286833e-06,0.8209692962285935,1.1103793206710242,0.27495962925026973,1.4210854715202004e-14
Persistence-0.55,6,32,614,506,QP+G,5,0,5.0,5.0,0.3032577000000174,0.8241436393010589,1.0998384031687216,0.274238441897811,1.4210854715202004e-14
Persistence-0.55,6,32,614,506,QP+G,10,0,10.0,10.0,0.8240046000000234,0.8270934997324997,1.0893388328806182,0.27342859859563884,1.4210854715202004e-14
Persistence-0.55,6,32,614,506,QP+G,15,0,15.0,15.0,1.2931326000000354,0.8299363418261402,1.078776984460855,0.27254324484637965,1.4210854715202004e-14
Persistence-0.55,6,32,614,506,QP+G,20,0,20.0,20.0,1.7963811999999848,0.8327983203115356,1.0682226841388305,0.2716033453434276,1.4210854715202004e-14
Persistence-0.55,6,32,614,506,QP+G,25,0,25.0,25.0,2.208905800000025,0.8356771854502693,1.057588833981343,0.2706372184494727,1.4210854715202004e-14
Persistence-0.55,6,32,614,506,noG,0,0,0.0,0.0,4.499999988638592e-06,0.8209692962285935,1.1103793206710242,0.27495962925026973,1.4210854715202004e-14
Persistence-0.55,6,32,614,506,noG,5,0,5.0,0.0,0.13989100000003418,0.8209692962285935,1.1103793206710242,0.27495962925026973,1.4210854715202004e-14
Persistence-0.55,6,32,614,506,noG,10,0,10.0,0.0,0.27663999999998623,0.8209692962285935,1.1103793206710242,0.27495962925026973,1.4210854715202004e-14
Persistence-0.55,6,32,614,506,noG,15,0,15.0,0.0,0.3943524000000025,0.8209692962285935,1.1103793206710242,0.27495962925026973,1.4210854715202004e-14
Persistence-0.55,6,32,614,506,noG,20,0,20.0,0.0,0.507750700000031,0.8209692962285935,1.1103793206710242,0.27495962925026973,1.4210854715202004e-14
Persistence-0.55,6,32,614,506,noG,25,0,25.0,0.0,0.6922481000000289,0.8209692962285935,1.1103793206710242,0.27495962925026973,1.4210854715202004e-14
Persistence-0.55,6,32,614,506,PPM-3,0,0,0.0,0.0,5.7999999967250915e-06,0.8209692962285935,1.1103793206710242,0.27495962925026973,1.4210854715202004e-14
Persistence-0.55,6,32,614,506,PPM-3,5,0,15.0,0.0,0.04826309999998557,0.8228039366351404,1.1091863275892435,0.2758238048408196,1.4210854715202004e-14
Persistence-0.55,6,32,614,506,PPM-3,10,0,30.0,0.0,0.08301599999998643,0.8245025045601361,1.1080972789828483,0.27669501428941723,1.4210854715202004e-14
Persistence-0.55,6,32,614,506,PPM-3,15,0,45.0,0.0,0.1162258999999608,0.8262041287582825,1.1069721523597575,0.277572677777279,1.4210854715202004e-14
Persistence-0.55,6,32,614,506,PPM-3,20,0,60.0,0.0,0.15940979999999172,0.8279041787230552,1.1058146824736548,0.27845617795491634,1.4210854715202004e-14
Persistence-0.55,6,32,614,506,PPM-3,25,0,75.0,0.0,0.1952613999999926,0.8296232405363139,1.104603386209953,0.2793448625730034,1.4210854715202004e-14
Persistence-0.55,6,32,614,507,QP+G,0,0,0.0,0.0,3.800000001774606e-06,0.8104194722414061,1.1586378625207296,0.2980199549450119,1.4210854715202004e-14
Persistence-0.55,6,32,614,507,QP+G,5,0,5.0,5.0,0.3009624999999687,0.8121190401203332,1.141662620088896,0.2950455820156884,1.4210854715202004e-14
Persistence-0.55,6,32,614,507,QP+G,10,0,10.0,10.0,0.6281065000000012,0.8135911555306098,1.1250794608575823,0.2922550179443097,1.4210854715202004e-14
Persistence-0.55,6,32,614,507,QP+G,15,0,15.0,15.0,1.0997704000000113,0.8144301884857621,1.1093009541579661,0.28967671348534596,1.4210854715202004e-14
Persistence-0.55,6,32,614,507,QP+G,20,0,20.0,20.0,1.4428795999999693,0.8148590283267092,1.094106117871974,0.2873351996431025,1.4210854715202004e-14
Persistence-0.55,6,32,614,507,QP+G,25,0,25.0,25.0,1.7669859999999744,0.8152521805378535,1.0791174789819067,0.28525040613687086,1.4210854715202004e-14
Persistence-0.55,6,32,614,507,noG,0,0,0.0,0.0,4.2000000348707545e-06,0.8104194722414061,1.1586378625207296,0.2980199549450119,1.4210854715202004e-14
Persistence-0.55,6,32,614,507,noG,5,0,5.0,0.0,0.17036600000000135,0.8104194722414061,1.1586378625207296,0.2980199549450119,1.4210854715202004e-14
Persistence-0.55,6,32,614,507,noG,10,0,10.0,0.0,0.3413310999999908,0.8104194722414061,1.1586378625207296,0.2980199549450119,1.4210854715202004e-14
Persistence-0.55,6,32,614,507,noG,15,0,15.0,0.0,0.4826649000000316,0.8104194722414061,1.1586378625207296,0.2980199549450119,1.4210854715202004e-14
Persistence-0.55,6,32,614,507,noG,20,0,20.0,0.0,0.5879777000000104,0.8104194722414061,1.1586378625207296,0.2980199549450119,1.4210854715202004e-14
Persistence-0.55,6,32,614,507,noG,25,0,25.0,0.0,0.7207058000000188,0.8104194722414061,1.1586378625207296,0.2980199549450119,1.4210854715202004e-14
Persistence-0.55,6,32,614,507,PPM-3,0,0,0.0,0.0,9.599999998499698e-06,0.8104194722414061,1.1586378625207296,0.2980199549450119,1.4210854715202004e-14
Persistence-0.55,6,32,614,507,PPM-3,5,0,15.0,0.0,0.04249830000003385,0.8101777621602567,1.1581892770538853,0.2988921363112579,1.4210854715202004e-14
Persistence-0.55,6,32,614,507,PPM-3,10,0,30.0,0.0,0.08505719999999428,0.8099102349802155,1.1577013118351576,0.2997600732855655,1.4210854715202004e-14
Persistence-0.55,6,32,614,507,PPM-3,15,0,45.0,0.0,0.13245860000000675,0.809597221986316,1.157193121490617,0.30062342484822335,1.4210854715202004e-14
Persistence-0.55,6,32,614,507,PPM-3,20,0,60.0,0.0,0.17875600000002123,0.8092110016791102,1.156691933823165,0.3014818455186752,1.4210854715202004e-14
Persistence-0.55,6,32,614,507,PPM-3,25,0,75.0,0.0,0.2352966000000265,0.8087235393073584,1.1562253111437892,0.3023349849984284,2.1316282072803006e-14
Persistence-0.55,6,32,614,508,QP+G,0,0,0.0,0.0,7.199999970453064e-06,0.8191018229063124,1.0238787419342263,0.30025060474738613,1.4210854715202004e-14
Persistence-0.55,6,32,614,508,QP+G,5,0,5.0,5.0,0.4258825999999658,0.8204559830357198,1.0014060820407145,0.299980914133021,1.4210854715202004e-14
Persistence-0.55,6,32,614,508,QP+G,10,0,10.0,10.0,0.7849513999999544,0.8204584765634158,0.9775244425662397,0.29925702526325815,1.4210854715202004e-14
Persistence-0.55,6,32,614,508,QP+G,15,0,15.0,15.0,1.1591513999999847,0.8201449740122788,0.9511235521204295,0.2978427218203191,1.4210854715202004e-14
Persistence-0.55,6,32,614,508,QP+G,20,0,20.0,20.0,1.514562299999966,0.8199320485773897,0.921835916376433,0.2955922013581715,1.4210854715202004e-14
Persistence-0.55,6,32,614,508,QP+G,25,0,25.0,25.0,1.8516758999999752,0.8203999421777957,0.8892785905731866,0.29244453608861193,7.105427357601002e-15
Persistence-0.55,6,32,614,508,noG,0,0,0.0,0.0,4.9999999873762135e-06,0.8191018229063124,1.0238787419342263,0.30025060474738613,1.4210854715202004e-14
Persistence-0.55,6,32,614,508,noG,5,0,5.0,0.0,0.13883479999998372,0.8196253668727732,1.0098215090766072,0.300064063691818,7.105427357601002e-15
Persistence-0.55,6,32,614,508,noG,10,0,10.0,0.0,0.285831700000017,0.8185188585175949,0.9954313111882047,0.29953231883669346,7.105427357601002e-15
Persistence-0.55,6,32,614,508,noG,15,0,15.0,0.0,0.4513410999999792,0.8168996846813583,0.9794565227066558,0.2986066391616554,1.4210854715202004e-14
Persistence-0.55,6,32,614,508,noG,20,0,20.0,0.0,0.5897307000000183,0.8148989291625773,0.9616422466652589,0.2972605456352826,1.4210854715202004e-14
Persistence-0.55,6,32,614,508,noG,25,0,25.0,0.0,0.7412272000000257,0.8132227542632311,0.9411800876545469,0.2955208875692897,1.4210854715202004e-14
Persistence-0.55,6,32,614,508,PPM-3,0,0,0.0,0.0,4.799999999249849e-06,0.8191018229063124,1.0238787419342263,0.30025060474738613,1.4210854715202004e-14
Persistence-0.55,6,32,614,508,PPM-3,5,0,15.0,0.0,0.04387840000003962,0.819265934379283,1.022098336094611,0.30024437914548696,1.4210854715202004e-14
Persistence-0.55,6,32,614,508,PPM-3,10,0,30.0,0.0,0.08704130000000987,0.8194313582614534,1.020287487852366,0.3002332592605203,1.4210854715202004e-14
Persistence-0.55,6,32,614,508,PPM-3,15,0,45.0,0.0,0.13223250000004327,0.8195979676412094,1.0184460577119538,0.3002171914337934,1.4210854715202004e-14
Persistence-0.55,6,32,614,508,PPM-3,20,0,60.0,0.0,0.17496350000004668,0.819713008730384,1.0166265321837362,0.3001961121086691,1.4210854715202004e-14
Persistence-0.55,6,32,614,508,PPM-3,25,0,75.0,0.0,0.2170327000000043,0.8197534666642572,1.0148516581974731,0.30016994832273836,1.4210854715202004e-14
Persistence-0.55,6,32,614,509,QP+G,0,0,0.0,0.0,6.499999983589078e-06,0.8156767089400531,1.3107813068517409,0.30553187614449373,1.4210854715202004e-14
Persistence-0.55,6,32,614,509,QP+G,5,0,5.0,5.0,0.36301810000003343,0.8156767089400531,1.3107813068517409,0.30553187614449373,1.4210854715202004e-14
Persistence-0.55,6,32,614,509,QP+G,10,0,10.0,10.0,0.7316604000000098,0.8156767089400531,1.3107813068517409,0.30553187614449373,1.4210854715202004e-14
Persistence-0.55,6,32,614,509,QP+G,15,0,15.0,15.0,1.0786391999999978,0.8156767089400531,1.3107813068517409,0.30553187614449373,1.4210854715202004e-14
Persistence-0.55,6,32,614,509,QP+G,20,0,20.0,20.0,1.3924198000000274,0.8156767089400531,1.3107813068517409,0.30553187614449373,1.4210854715202004e-14
Persistence-0.55,6,32,614,509,QP+G,25,0,25.0,25.0,1.7387770000000273,0.8156767089400531,1.3107813068517409,0.30553187614449373,1.4210854715202004e-14
Persistence-0.55,6,32,614,509,noG,0,0,0.0,0.0,6.20000002982124e-06,0.8156767089400531,1.3107813068517409,0.30553187614449373,1.4210854715202004e-14
Persistence-0.55,6,32,614,509,noG,5,0,5.0,0.0,0.17247520000000804,0.8156767089400531,1.3107813068517409,0.30553187614449373,1.4210854715202004e-14
Persistence-0.55,6,32,614,509,noG,10,0,10.0,0.0,0.3523469000000432,0.8156767089400531,1.3107813068517409,0.30553187614449373,1.4210854715202004e-14
Persistence-0.55,6,32,614,509,noG,15,0,15.0,0.0,0.49808460000002697,0.8156767089400531,1.3107813068517409,0.30553187614449373,1.4210854715202004e-14
Persistence-0.55,6,32,614,509,noG,20,0,20.0,0.0,0.6306009000000472,0.8156767089400531,1.3107813068517409,0.30553187614449373,1.4210854715202004e-14
Persistence-0.55,6,32,614,509,noG,25,0,25.0,0.0,0.7557137000000012,0.8156767089400531,1.3107813068517409,0.30553187614449373,1.4210854715202004e-14
Persistence-0.55,6,32,614,509,PPM-3,0,0,0.0,0.0,4.400000022997119e-06,0.8156767089400531,1.3107813068517409,0.30553187614449373,1.4210854715202004e-14
Persistence-0.55,6,32,614,509,PPM-3,5,0,15.0,0.0,0.03229540000000952,0.8157229082575809,1.3098789496467207,0.30650872109085603,1.4210854715202004e-14
Persistence-0.55,6,32,614,509,PPM-3,10,0,30.0,0.0,0.0646295999999893,0.8157800302835266,1.308932931272789,0.3074886657743643,1.4210854715202004e-14
Persistence-0.55,6,32,614,509,PPM-3,15,0,45.0,0.0,0.09711360000000013,0.8158483379031519,1.307942613783505,0.3084716283374866,1.4210854715202004e-14
Persistence-0.55,6,32,614,509,PPM-3,20,0,60.0,0.0,0.1339345000000094,0.8159280999957457,1.306907356721476,0.30945750959322493,1.4210854715202004e-14
Persistence-0.55,6,32,614,509,PPM-3,25,0,75.0,0.0,0.1707529999999906,0.816019591508783,1.3058265172344097,0.3104461921606499,1.4210854715202004e-14
Persistence-0.55,6,32,614,510,QP+G,0,0,0.0,0.0,4.3999999661537e-06,0.8260877949177818,1.1354055421913105,0.3153323073336055,1.4210854715202004e-14
Persistence-0.55,6,32,614,510,QP+G,5,0,5.0,5.0,0.3095862999999781,0.8307149688085026,1.1134188432453773,0.3083851147769071,1.4210854715202004e-14
Persistence-0.55,6,32,614,510,QP+G,10,0,10.0,10.0,0.5875449999999773,0.8350831488198107,1.0920276567605458,0.3013185498488067,1.4210854715202004e-14
Persistence-0.55,6,32,614,510,QP+G,15,0,15.0,15.0,0.8647765000000049,0.8392444576098588,1.0712878954256466,0.2942594414573479,1.4210854715202004e-14
Persistence-0.55,6,32,614,510,QP+G,20,0,20.0,20.0,1.205476400000009,0.84321810890834,1.0512609009376122,0.2873238852901397,1.4210854715202004e-14
Persistence-0.55,6,32,614,510,QP+G,25,0,25.0,25.0,1.5014524999999708,0.8467377845707182,1.0322668923961562,0.28061235355062786,1.4210854715202004e-14
Persistence-0.55,6,32,614,510,noG,0,0,0.0,0.0,3.6000000136482413e-06,0.8260877949177818,1.1354055421913105,0.3153323073336055,1.4210854715202004e-14
Persistence-0.55,6,32,614,510,noG,5,0,5.0,0.0,0.11987829999998212,0.8260877949177818,1.1354055421913105,0.3153323073336055,1.4210854715202004e-14
Persistence-0.55,6,32,614,510,noG,10,0,10.0,0.0,0.24238810000002786,0.8260877949177818,1.1354055421913105,0.3153323073336055,1.4210854715202004e-14
Persistence-0.55,6,32,614,510,noG,15,0,15.0,0.0,0.35260779999998704,0.8260877949177818,1.1354055421913105,0.3153323073336055,1.4210854715202004e-14
Persistence-0.55,6,32,614,510,noG,20,0,20.0,0.0,0.49840449999999237,0.8260877949177818,1.1354055421913105,0.3153323073336055,1.4210854715202004e-14
Persistence-0.55,6,32,614,510,noG,25,0,25.0,0.0,0.6531125999999858,0.8260877949177818,1.1354055421913105,0.3153323073336055,1.4210854715202004e-14
Persistence-0.55,6,32,614,510,PPM-3,0,0,0.0,0.0,4.599999954280065e-06,0.8260877949177818,1.1354055421913105,0.3153323073336055,1.4210854715202004e-14
Persistence-0.55,6,32,614,510,PPM-3,5,0,15.0,0.0,0.03698549999995748,0.8262521886252984,1.1346913861833507,0.3161047951769916,2.1316282072803006e-14
Persistence-0.55,6,32,614,510,PPM-3,10,0,30.0,0.0,0.08046959999995806,0.8264459110079926,1.1338730281486584,0.31686573377733845,1.4210854715202004e-14
Persistence-0.55,6,32,614,510,PPM-3,15,0,45.0,0.0,0.12186029999998027,0.8266339383664889,1.1329842803634511,0.3176145897390877,1.4210854715202004e-14
Persistence-0.55,6,32,614,510,PPM-3,20,0,60.0,0.0,0.16424569999998084,0.826840069854007,1.132000150861107,0.3183507920641842,1.4210854715202004e-14
Persistence-0.55,6,32,614,510,PPM-3,25,0,75.0,0.0,0.21313499999996566,0.8270759830244513,1.130907791710578,0.3190737356617145,2.1316282072803006e-14
Persistence-0.55,6,32,614,511,QP+G,0,0,0.0,0.0,4.9999999873762135e-06,0.8099921195384745,1.3593672002410093,0.30268012379822,2.1316282072803006e-14
Persistence-0.55,6,32,614,511,QP+G,5,0,5.0,5.0,0.3014448999999786,0.8127270801802897,1.3396615402552694,0.30115820020551354,1.4210854715202004e-14
Persistence-0.55,6,32,614,511,QP+G,10,0,10.0,10.0,0.5848310000000083,0.8154687411769992,1.3198111303012914,0.29950691755445896,1.4210854715202004e-14
Persistence-0.55,6,32,614,511,QP+G,15,0,15.0,15.0,0.8609998999999675,0.8180730696008501,1.299997672533793,0.2977193030933452,1.4210854715202004e-14
Persistence-0.55,6,32,614,511,QP+G,20,0,20.0,20.0,1.1444165999999996,0.8207076146687644,1.280094164864206,0.2957903492979475,1.4210854715202004e-14
Persistence-0.55,6,32,614,511,QP+G,25,0,25.0,25.0,1.4893402999999807,0.8231183720183143,1.260397372936771,0.293717431825422,1.4210854715202004e-14
Persistence-0.55,6,32,614,511,noG,0,0,0.0,0.0,5.000000044219632e-06,0.8099921195384745,1.3593672002410093,0.30268012379822,2.1316282072803006e-14
Persistence-0.55,6,32,614,511,noG,5,0,5.0,0.0,0.12222910000002685,0.8099921195384745,1.3593672002410093,0.30268012379822,2.1316282072803006e-14
Persistence-0.55,6,32,614,511,noG,10,0,10.0,0.0,0.2421634000000381,0.8099921195384745,1.3593672002410093,0.30268012379822,2.1316282072803006e-14
Persistence-0.55,6,32,614,511,noG,15,0,15.0,0.0,0.3597123000000124,0.8099921195384745,1.3593672002410093,0.30268012379822,2.1316282072803006e-14
Persistence-0.55,6,32,614,511,noG,20,0,20.0,0.0,0.48941420000005564,0.8099921195384745,1.3593672002410093,0.30268012379822,2.1316282072803006e-14
Persistence-0.55,6,32,614,511,noG,25,0,25.0,0.0,0.6160988000000316,0.8099921195384745,1.3593672002410093,0.30268012379822,2.1316282072803006e-14
Persistence-0.55,6,32,614,511,PPM-3,0,0,0.0,0.0,4.300000000512227e-06,0.8099921195384745,1.3593672002410093,0.30268012379822,2.1316282072803006e-14
Persistence-0.55,6,32,614,511,PPM-3,5,0,15.0,0.0,0.0418250000000171,0.8107055276149737,1.35687348889328,0.3036309676763306,1.4210854715202004e-14
Persistence-0.55,6,32,614,511,PPM-3,10,0,30.0,0.0,0.0785387999999898,0.8114389179730381,1.354285372740135,0.304585833232622,1.4210854715202004e-14
Persistence-0.55,6,32,614,511,PPM-3,15,0,45.0,0.0,0.11456540000000359,0.8121926584402042,1.3516019138321722,0.30554467089282966,1.4210854715202004e-14
Persistence-0.55,6,32,614,511,PPM-3,20,0,60.0,0.0,0.15655299999997396,0.8129671222312602,1.348822181142474,0.30650739255954673,1.4210854715202004e-14
Persistence-0.55,6,32,614,511,PPM-3,25,0,75.0,0.0,0.19636919999999236,0.8137626878218839,1.345945252025817,0.30747386956682227,2.1316282072803006e-14
Persistence-0.70,6,32,614,500,QP+G,0,0,0.0,0.0,4.099999955542444e-06,0.8110008074908368,1.101368010508855,0.2580050113573603,2.1316282072803006e-14
Persistence-0.70,6,32,614,500,QP+G,5,0,5.0,5.0,0.25490519999999606,0.8137945367217402,1.0882320464792024,0.25594872654757944,1.4210854715202004e-14
Persistence-0.70,6,32,614,500,QP+G,10,0,10.0,10.0,0.5233106000000021,0.8165662587354806,1.075269898378584,0.2538891894431196,1.0658141036401503e-14
Persistence-0.70,6,32,614,500,QP+G,15,0,15.0,15.0,0.8079644999999687,0.8192319760613683,1.062571643749592,0.2518348177341052,1.4210854715202004e-14
Persistence-0.70,6,32,614,500,QP+G,20,0,20.0,20.0,1.118111899999974,0.8218931700318981,1.0500408067803928,0.24979365122011674,2.1316282072803006e-14
Persistence-0.70,6,32,614,500,QP+G,25,0,25.0,25.0,1.4159482000000025,0.8244822633570298,1.0377489661063972,0.24777321228041527,1.4210854715202004e-14
Persistence-0.70,6,32,614,500,noG,0,0,0.0,0.0,3.999999989900971e-06,0.8110008074908368,1.101368010508855,0.2580050113573603,2.1316282072803006e-14
Persistence-0.70,6,32,614,500,noG,5,0,5.0,0.0,0.15286659999998164,0.8110008074908368,1.101368010508855,0.2580050113573603,2.1316282072803006e-14
Persistence-0.70,6,32,614,500,noG,10,0,10.0,0.0,0.28181890000001886,0.8110008074908368,1.101368010508855,0.2580050113573603,2.1316282072803006e-14
Persistence-0.70,6,32,614,500,noG,15,0,15.0,0.0,0.41908569999998235,0.8110008074908368,1.101368010508855,0.2580050113573603,2.1316282072803006e-14
Persistence-0.70,6,32,614,500,noG,20,0,20.0,0.0,0.5600769999999784,0.8110008074908368,1.101368010508855,0.2580050113573603,2.1316282072803006e-14
Persistence-0.70,6,32,614,500,noG,25,0,25.0,0.0,0.696748800000023,0.8110008074908368,1.101368010508855,0.2580050113573603,2.1316282072803006e-14
Persistence-0.70,6,32,614,500,PPM-3,0,0,0.0,0.0,3.999999989900971e-06,0.8110008074908368,1.101368010508855,0.2580050113573603,2.1316282072803006e-14
Persistence-0.70,6,32,614,500,PPM-3,5,0,15.0,0.0,0.03755559999996194,0.8116285887821852,1.101397000174711,0.2583128944991576,1.4210854715202004e-14
Persistence-0.70,6,32,614,500,PPM-3,10,0,30.0,0.0,0.0748634999999922,0.8122030615058528,1.101434799333607,0.25862918428786347,7.105427357601002e-15
Persistence-0.70,6,32,614,500,PPM-3,15,0,45.0,0.0,0.11396419999999807,0.812596273758056,1.101608778557821,0.2589537828207052,2.1316282072803006e-14
Persistence-0.70,6,32,614,500,PPM-3,20,0,60.0,0.0,0.15082789999996749,0.8129736251460283,1.101752965416407,0.25928657992744825,1.4210854715202004e-14
Persistence-0.70,6,32,614,500,PPM-3,25,0,75.0,0.0,0.18787169999995967,0.813358609191371,1.1018433024797716,0.259627453243907,1.4210854715202004e-14
Persistence-0.70,6,32,614,501,QP+G,0,0,0.0,0.0,4.400000022997119e-06,0.8366999321632529,1.1190741986863864,0.34118136824902395,1.0658141036401503e-14
Persistence-0.70,6,32,614,501,QP+G,5,0,5.0,5.0,0.3127001000000291,0.8394320207764281,1.09929285288693,0.3391918223023488,1.4210854715202004e-14
Persistence-0.70,6,32,614,501,QP+G,10,0,10.0,10.0,0.6059212000000116,0.8415701021858482,1.0802813387110421,0.33715858983384167,1.4210854715202004e-14
Persistence-0.70,6,32,614,501,QP+G,15,0,15.0,15.0,0.9074254000000224,0.8433249786899385,1.0618712388155287,0.33505497353621955,1.4210854715202004e-14
Persistence-0.70,6,32,614,501,QP+G,20,0,20.0,20.0,1.2131342000000132,0.8446211533614462,1.0441816462803697,0.33285671359891017,7.105427357601002e-15
Persistence-0.70,6,32,614,501,QP+G,25,0,25.0,25.0,1.52037660000002,0.8458732997015839,1.0268410231555367,0.3305407104840164,1.4210854715202004e-14
Persistence-0.70,6,32,614,501,noG,0,0,0.0,0.0,3.999999989900971e-06,0.8366999321632529,1.1190741986863864,0.34118136824902395,1.0658141036401503e-14
Persistence-0.70,6,32,614,501,noG,5,0,5.0,0.0,0.12487949999996317,0.8366999321632529,1.1190741986863864,0.34118136824902395,1.0658141036401503e-14
Persistence-0.70,6,32,614,501,noG,10,0,10.0,0.0,0.25023249999998143,0.8366999321632529,1.1190741986863864,0.34118136824902395,1.0658141036401503e-14
Persistence-0.70,6,32,614,501,noG,15,0,15.0,0.0,0.3743953000000033,0.8366999321632529,1.1190741986863864,0.34118136824902395,1.0658141036401503e-14
Persistence-0.70,6,32,614,501,noG,20,0,20.0,0.0,0.5030476000000021,0.8366999321632529,1.1190741986863864,0.34118136824902395,1.0658141036401503e-14
Persistence-0.70,6,32,614,501,noG,25,0,25.0,0.0,0.6437752999999589,0.8366999321632529,1.1190741986863864,0.34118136824902395,1.0658141036401503e-14
Persistence-0.70,6,32,614,501,PPM-3,0,0,0.0,0.0,5.900000019209983e-06,0.8366999321632529,1.1190741986863864,0.34118136824902395,1.0658141036401503e-14
Persistence-0.70,6,32,614,501,PPM-3,5,0,15.0,0.0,0.03733909999999696,0.8358934746349211,1.1187515895801383,0.34174796979941835,1.4210854715202004e-14
Persistence-0.70,6,32,614,501,PPM-3,10,0,30.0,0.0,0.0745155999999838,0.835022221730643,1.1184231122096397,0.3422861757764228,1.4210854715202004e-14
Persistence-0.70,6,32,614,501,PPM-3,15,0,45.0,0.0,0.11166559999998071,0.8340707673740829,1.1181034487927124,0.34279618390205513,1.4210854715202004e-14
Persistence-0.70,6,32,614,501,PPM-3,20,0,60.0,0.0,0.16348290000001953,0.8331464667833967,1.1176845554017305,0.343278224554408,1.4210854715202004e-14
Persistence-0.70,6,32,614,501,PPM-3,25,0,75.0,0.0,0.21919029999997974,0.8322497713653462,1.1171653283303948,0.3437325566692007,1.4210854715202004e-14
Persistence-0.70,6,32,614,502,QP+G,0,0,0.0,0.0,4.599999954280065e-06,0.8306519126299154,1.1270076511206168,0.34084243838612305,1.4210854715202004e-14
Persistence-0.70,6,32,614,502,QP+G,5,0,5.0,5.0,0.4019882999999709,0.83453827144872,1.1071265988942647,0.3351477053961448,2.1316282072803006e-14
Persistence-0.70,6,32,614,502,QP+G,10,0,10.0,10.0,0.8246083999999883,0.8380494041849693,1.0877751019107582,0.3292691954538865,1.4210854715202004e-14
Persistence-0.70,6,32,614,502,QP+G,15,0,15.0,15.0,1.127113099999974,0.841353739078344,1.0688471964595787,0.3232288626632468,1.4210854715202004e-14
Persistence-0.70,6,32,614,502,QP+G,20,0,20.0,20.0,1.4124967999999853,0.8445646576303955,1.050290824150633,0.3170604384250891,1.4210854715202004e-14
Persistence-0.70,6,32,614,502,QP+G,25,0,25.0,25.0,1.703239300000007,0.8475872854229763,1.0322583450201885,0.3108074561749398,1.4210854715202004e-14
Persistence-0.70,6,32,614,502,noG,0,0,0.0,0.0,4.100000012385863e-06,0.8306519126299154,1.1270076511206168,0.34084243838612305,1.4210854715202004e-14
Persistence-0.70,6,32,614,502,noG,5,0,5.0,0.0,0.12681010000000015,0.8306519126299154,1.1270076511206168,0.34084243838612305,1.4210854715202004e-14
Persistence-0.70,6,32,614,502,noG,10,0,10.0,0.0,0.24706449999996494,0.8306519126299154,1.1270076511206168,0.34084243838612305,1.4210854715202004e-14
Persistence-0.70,6,32,614,502,noG,15,0,15.0,0.0,0.3875833999999827,0.8306519126299154,1.1270076511206168,0.34084243838612305,1.4210854715202004e-14
Persistence-0.70,6,32,614,502,noG,20,0,20.0,0.0,0.5420062999999686,0.8306519126299154,1.1270076511206168,0.34084243838612305,1.4210854715202004e-14
Persistence-0.70,6,32,614,502,noG,25,0,25.0,0.0,0.7012564999999995,0.8306519126299154,1.1270076511206168,0.34084243838612305,1.4210854715202004e-14
Persistence-0.70,6,32,614,502,PPM-3,0,0,0.0,0.0,6.400000017947605e-06,0.8306519126299154,1.1270076511206168,0.34084243838612305,1.4210854715202004e-14
Persistence-0.70,6,32,614,502,PPM-3,5,0,15.0,0.0,0.04237560000001395,0.8305435876444428,1.1251291837222124,0.3414218472869698,1.4210854715202004e-14
Persistence-0.70,6,32,614,502,PPM-3,10,0,30.0,0.0,0.08768250000002809,0.8303449701533773,1.1232760665137111,0.34197458324836955,1.4210854715202004e-14
Persistence-0.70,6,32,614,502,PPM-3,15,0,45.0,0.0,0.13298950000000787,0.8301435589787197,1.1213610187865033,0.34250000086854226,1.4210854715202004e-14
Persistence-0.70,6,32,614,502,PPM-3,20,0,60.0,0.0,0.18352650000002768,0.829876231114898,1.1194474108264667,0.34299746168525075,1.4210854715202004e-14
Persistence-0.70,6,32,614,502,PPM-3,25,0,75.0,0.0,0.2291903000000275,0.8295521641277043,1.1175263419288353,0.34346633570418894,1.4210854715202004e-14
Persistence-0.70,6,32,614,503,QP+G,0,0,0.0,0.0,4.599999954280065e-06,0.823310471943795,1.2585008465423049,0.37584903621482446,1.4210854715202004e-14
Persistence-0.70,6,32,614,503,QP+G,5,0,5.0,5.0,0.31412599999998747,0.823310471943795,1.2585008465423049,0.37584903621482446,1.4210854715202004e-14
Persistence-0.70,6,32,614,503,QP+G,10,0,10.0,10.0,0.6029591999999866,0.823310471943795,1.2585008465423049,0.37584903621482446,1.4210854715202004e-14
Persistence-0.70,6,32,614,503,QP+G,15,0,15.0,15.0,0.8992088999999623,0.823310471943795,1.2585008465423049,0.37584903621482446,1.4210854715202004e-14
Persistence-0.70,6,32,614,503,QP+G,20,0,20.0,20.0,1.1904287999999497,0.823310471943795,1.2585008465423049,0.37584903621482446,1.4210854715202004e-14
Persistence-0.70,6,32,614,503,QP+G,25,0,25.0,25.0,1.490987999999959,0.823310471943795,1.2585008465423049,0.37584903621482446,1.4210854715202004e-14
Persistence-0.70,6,32,614,503,noG,0,0,0.0,0.0,1.1299999982838926e-05,0.823310471943795,1.2585008465423049,0.37584903621482446,1.4210854715202004e-14
Persistence-0.70,6,32,614,503,noG,5,0,5.0,0.0,0.14212829999996757,0.823310471943795,1.2585008465423049,0.37584903621482446,1.4210854715202004e-14
Persistence-0.70,6,32,614,503,noG,10,0,10.0,0.0,0.2772252999999978,0.823310471943795,1.2585008465423049,0.37584903621482446,1.4210854715202004e-14
Persistence-0.70,6,32,614,503,noG,15,0,15.0,0.0,0.41662579999996296,0.823310471943795,1.2585008465423049,0.37584903621482446,1.4210854715202004e-14
Persistence-0.70,6,32,614,503,noG,20,0,20.0,0.0,0.5699053999999819,0.823310471943795,1.2585008465423049,0.37584903621482446,1.4210854715202004e-14
Persistence-0.70,6,32,614,503,noG,25,0,25.0,0.0,0.709464099999991,0.823310471943795,1.2585008465423049,0.37584903621482446,1.4210854715202004e-14
Persistence-0.70,6,32,614,503,PPM-3,0,0,0.0,0.0,5.499999986113835e-06,0.823310471943795,1.2585008465423049,0.37584903621482446,1.4210854715202004e-14
Persistence-0.70,6,32,614,503,PPM-3,5,0,15.0,0.0,0.0426183000000151,0.8232736874725147,1.2563371878167704,0.3761168513281749,1.4210854715202004e-14
Persistence-0.70,6,32,614,503,PPM-3,10,0,30.0,0.0,0.08758040000003575,0.8226553482872486,1.2546874024105779,0.37635251924026675,1.4210854715202004e-14
Persistence-0.70,6,32,614,503,PPM-3,15,0,45.0,0.0,0.12791260000000193,0.8217315071705266,1.2532750042562797,0.37655700891463734,1.4210854715202004e-14
Persistence-0.70,6,32,614,503,PPM-3,20,0,60.0,0.0,0.1617853999999852,0.8207218154665407,1.2518799386478578,0.3767312652429697,7.105427357601002e-15
Persistence-0.70,6,32,614,503,PPM-3,25,0,75.0,0.0,0.19613470000001598,0.8197239849991818,1.2504041213901675,0.3768762056019562,1.4210854715202004e-14
Persistence-0.70,6,32,614,504,QP+G,0,0,0.0,0.0,4.400000022997119e-06,0.8086800070832763,1.3221698644623545,0.30542554132122873,1.4210854715202004e-14
Persistence-0.70,6,32,614,504,QP+G,5,0,5.0,5.0,0.28529070000001866,0.8127395568188736,1.3046696932200377,0.30412635685456746,1.4210854715202004e-14
Persistence-0.70,6,32,614,504,QP+G,10,0,10.0,10.0,0.5330709000000411,0.8163306841963817,1.2873608604441849,0.30274304733506424,7.105427357601002e-15
Persistence-0.70,6,32,614,504,QP+G,15,0,15.0,15.0,0.7954501000000391,0.8195430606819291,1.2701868322703622,0.3012764326883705,1.4210854715202004e-14
Persistence-0.70,6,32,614,504,QP+G,20,0,20.0,20.0,1.0412722000000372,0.821597823516442,1.2539635499965178,0.2997327155928132,7.105427357601002e-15
Persistence-0.70,6,32,614,504,QP+G,25,0,25.0,25.0,1.3050446000000306,0.823557963154029,1.2376680594151717,0.29812283069205436,2.1316282072803006e-14
Persistence-0.70,6,32,614,504,noG,0,0,0.0,0.0,5.199999975502578e-06,0.8086800070832763,1.3221698644623545,0.30542554132122873,1.4210854715202004e-14
Persistence-0.70,6,32,614,504,noG,5,0,5.0,0.0,0.10990140000001247,0.8086800070832763,1.3221698644623545,0.30542554132122873,1.4210854715202004e-14
Persistence-0.70,6,32,614,504,noG,10,0,10.0,0.0,0.21685149999996156,0.8086800070832763,1.3221698644623545,0.30542554132122873,1.4210854715202004e-14
Persistence-0.70,6,32,614,504,noG,15,0,15.0,0.0,0.3350010999999995,0.8086800070832763,1.3221698644623545,0.30542554132122873,1.4210854715202004e-14
Persistence-0.70,6,32,614,504,noG,20,0,20.0,0.0,0.4561764000000039,0.8086800070832763,1.3221698644623545,0.30542554132122873,1.4210854715202004e-14
Persistence-0.70,6,32,614,504,noG,25,0,25.0,0.0,0.5631541999999854,0.8086800070832763,1.3221698644623545,0.30542554132122873,1.4210854715202004e-14
Persistence-0.70,6,32,614,504,PPM-3,0,0,0.0,0.0,5.399999963628943e-06,0.8086800070832763,1.3221698644623545,0.30542554132122873,1.4210854715202004e-14
Persistence-0.70,6,32,614,504,PPM-3,5,0,15.0,0.0,0.031116299999951025,0.8100305522552315,1.32100926372929,0.30624567446722967,1.4210854715202004e-14
Persistence-0.70,6,32,614,504,PPM-3,10,0,30.0,0.0,0.06298909999998159,0.8113429578826054,1.3198315398755538,0.3070741435391822,1.4210854715202004e-14
Persistence-0.70,6,32,614,504,PPM-3,15,0,45.0,0.0,0.09533179999999675,0.8126888040087498,1.3185642850635522,0.3079106976744492,1.4210854715202004e-14
Persistence-0.70,6,32,614,504,PPM-3,20,0,60.0,0.0,0.12669019999998454,0.8140497703228018,1.317224985241848,0.3087550408387123,1.4210854715202004e-14
Persistence-0.70,6,32,614,504,PPM-3,25,0,75.0,0.0,0.16352759999995214,0.815187018414566,1.3160516380811786,0.3096068300769289,1.4210854715202004e-14
Persistence-0.70,6,32,614,505,QP+G,0,0,0.0,0.0,5.399999963628943e-06,0.8193903413945972,1.2421753756116471,0.29407906578554843,1.4210854715202004e-14
Persistence-0.70,6,32,614,505,QP+G,5,0,5.0,5.0,0.28786039999999957,0.8227166892704272,1.2281101705352362,0.29204436102333337,1.4210854715202004e-14
Persistence-0.70,6,32,614,505,QP+G,10,0,10.0,10.0,0.5409163999999578,0.8260286437460647,1.2137209829694855,0.28996711999711283,1.4210854715202004e-14
Persistence-0.70,6,32,614,505,QP+G,15,0,15.0,15.0,0.7956623999999692,0.828897980731265,1.1994698535909154,0.28785704124069467,1.4210854715202004e-14
Persistence-0.70,6,32,614,505,QP+G,20,0,20.0,20.0,1.0449312999999734,0.831578007506746,1.1851407451445788,0.2857255481900203,1.4210854715202004e-14
Persistence-0.70,6,32,614,505,QP+G,25,0,25.0,25.0,1.3678105999999843,0.8342025392324776,1.1706398539425926,0.2835857033398939,1.4210854715202004e-14
Persistence-0.70,6,32,614,505,noG,0,0,0.0,0.0,5.29999999798747e-06,0.8193903413945972,1.2421753756116471,0.29407906578554843,1.4210854715202004e-14
Persistence-0.70,6,32,614,505,noG,5,0,5.0,0.0,0.12607570000000123,0.8193903413945972,1.2421753756116471,0.29407906578554843,1.4210854715202004e-14
Persistence-0.70,6,32,614,505,noG,10,0,10.0,0.0,0.23836750000003804,0.8193903413945972,1.2421753756116471,0.29407906578554843,1.4210854715202004e-14
Persistence-0.70,6,32,614,505,noG,15,0,15.0,0.0,0.3603152000000023,0.8193903413945972,1.2421753756116471,0.29407906578554843,1.4210854715202004e-14
Persistence-0.70,6,32,614,505,noG,20,0,20.0,0.0,0.4725219000000038,0.8193903413945972,1.2421753756116471,0.29407906578554843,1.4210854715202004e-14
Persistence-0.70,6,32,614,505,noG,25,0,25.0,0.0,0.5799863999999957,0.8193903413945972,1.2421753756116471,0.29407906578554843,1.4210854715202004e-14
Persistence-0.70,6,32,614,505,PPM-3,0,0,0.0,0.0,4.2000000348707545e-06,0.8193903413945972,1.2421753756116471,0.29407906578554843,1.4210854715202004e-14
Persistence-0.70,6,32,614,505,PPM-3,5,0,15.0,0.0,0.03360370000001467,0.8197816328574744,1.2417955669666858,0.2948975673907423,7.105427357601002e-15
Persistence-0.70,6,32,614,505,PPM-3,10,0,30.0,0.0,0.06908950000001823,0.8201981756030025,1.2413435241863877,0.2957269624742447,1.4210854715202004e-14
Persistence-0.70,6,32,614,505,PPM-3,15,0,45.0,0.0,0.10446020000000544,0.8206408100913752,1.2408174865776442,0.29656713270625096,1.4210854715202004e-14
Persistence-0.70,6,32,614,505,PPM-3,20,0,60.0,0.0,0.1404077999999913,0.8211000325077347,1.2402260266317207,0.2974179261871059,1.4210854715202004e-14
Persistence-0.70,6,32,614,505,PPM-3,25,0,75.0,0.0,0.17527610000001914,0.8212864676683115,1.2398575777710632,0.2982791577582781,1.4210854715202004e-14
Persistence-0.70,6,32,614,506,QP+G,0,0,0.0,0.0,4.3999999661537e-06,0.8209065799880945,1.1282115227164362,0.2754362575301799,1.4210854715202004e-14
Persistence-0.70,6,32,614,506,QP+G,5,0,5.0,5.0,0.2826308999999583,0.8241397825935272,1.1176730629115048,0.275024917534257,1.4210854715202004e-14
Persistence-0.70,6,32,614,506,QP+G,10,0,10.0,10.0,0.6953533999999877,0.8271601610962858,1.1072109712387859,0.2745272065082202,1.4210854715202004e-14
Persistence-0.70,6,32,614,506,QP+G,15,0,15.0,15.0,1.0824016999999913,0.8300760742947916,1.0966599844780704,0.2739512708581003,1.4210854715202004e-14
Persistence-0.70,6,32,614,506,QP+G,20,0,20.0,20.0,1.3942450999999778,0.8330063387718777,1.0859162064500465,0.27331480263263724,1.4210854715202004e-14
Persistence-0.70,6,32,614,506,QP+G,25,0,25.0,25.0,1.6926891999999611,0.8359456344968186,1.0750000287871797,0.27264516690859997,1.4210854715202004e-14
Persistence-0.70,6,32,614,506,noG,0,0,0.0,0.0,3.4999999911633495e-06,0.8209065799880945,1.1282115227164362,0.2754362575301799,1.4210854715202004e-14
Persistence-0.70,6,32,614,506,noG,5,0,5.0,0.0,0.11497930000001588,0.8209065799880945,1.1282115227164362,0.2754362575301799,1.4210854715202004e-14
Persistence-0.70,6,32,614,506,noG,10,0,10.0,0.0,0.23982230000001437,0.8209065799880945,1.1282115227164362,0.2754362575301799,1.4210854715202004e-14
Persistence-0.70,6,32,614,506,noG,15,0,15.0,0.0,0.3621473000000037,0.8209065799880945,1.1282115227164362,0.2754362575301799,1.4210854715202004e-14
Persistence-0.70,6,32,614,506,noG,20,0,20.0,0.0,0.494424400000014,0.8209065799880945,1.1282115227164362,0.2754362575301799,1.4210854715202004e-14
Persistence-0.70,6,32,614,506,noG,25,0,25.0,0.0,0.6268491000000154,0.8209065799880945,1.1282115227164362,0.2754362575301799,1.4210854715202004e-14
Persistence-0.70,6,32,614,506,PPM-3,0,0,0.0,0.0,3.999999989900971e-06,0.8209065799880945,1.1282115227164362,0.2754362575301799,1.4210854715202004e-14
Persistence-0.70,6,32,614,506,PPM-3,5,0,15.0,0.0,0.033599699999967925,0.8227046089124439,1.12702441273583,0.27636854677667105,1.4210854715202004e-14
Persistence-0.70,6,32,614,506,PPM-3,10,0,30.0,0.0,0.06878619999997682,0.8243612788740876,1.1259460587053116,0.2773113180251059,1.4210854715202004e-14
Persistence-0.70,6,32,614,506,PPM-3,15,0,45.0,0.0,0.10509480000001759,0.8260227170549701,1.1248294138179147,0.2782639843771061,1.4210854715202004e-14
Persistence-0.70,6,32,614,506,PPM-3,20,0,60.0,0.0,0.14224269999999706,0.8276841006369481,1.123678378057225,0.2792259113330114,2.1316282072803006e-14
Persistence-0.70,6,32,614,506,PPM-3,25,0,75.0,0.0,0.17586719999997058,0.8293632227184393,1.1224742330030544,0.2801964190970599,1.4210854715202004e-14
Persistence-0.70,6,32,614,507,QP+G,0,0,0.0,0.0,3.4999999911633495e-06,0.8107348857677501,1.1648089547873663,0.297286437572517,1.4210854715202004e-14
Persistence-0.70,6,32,614,507,QP+G,5,0,5.0,5.0,0.26212700000002087,0.8123461654502119,1.1479071363382625,0.2943986003489376,1.4210854715202004e-14
Persistence-0.70,6,32,614,507,QP+G,10,0,10.0,10.0,0.5779464000000303,0.8137536462982802,1.131373787746277,0.2916872166097201,1.4210854715202004e-14
Persistence-0.70,6,32,614,507,QP+G,15,0,15.0,15.0,0.8700248000000101,0.8145007210109778,1.115672634530741,0.28917935289347785,1.4210854715202004e-14
Persistence-0.70,6,32,614,507,QP+G,20,0,20.0,20.0,1.168060099999991,0.8148983469508642,1.1004947900310487,0.2868987239738815,1.4210854715202004e-14
Persistence-0.70,6,32,614,507,QP+G,25,0,25.0,25.0,1.4468100000000277,0.8152454373425638,1.0855385019573824,0.28486522105249956,7.105427357601002e-15
Persistence-0.70,6,32,614,507,noG,0,0,0.0,0.0,3.900000024259498e-06,0.8107348857677501,1.1648089547873663,0.297286437572517,1.4210854715202004e-14
Persistence-0.70,6,32,614,507,noG,5,0,5.0,0.0,0.12081320000004325,0.8107348857677501,1.1648089547873663,0.297286437572517,1.4210854715202004e-14
Persistence-0.70,6,32,614,507,noG,10,0,10.0,0.0,0.23540140000000065,0.8107348857677501,1.1648089547873663,0.297286437572517,1.4210854715202004e-14
Persistence-0.70,6,32,614,507,noG,15,0,15.0,0.0,0.3610836999999947,0.8107348857677501,1.1648089547873663,0.297286437572517,1.4210854715202004e-14
Persistence-0.70,6,32,614,507,noG,20,0,20.0,0.0,0.4829595000000495,0.8107348857677501,1.1648089547873663,0.297286437572517,1.4210854715202004e-14
Persistence-0.70,6,32,614,507,noG,25,0,25.0,0.0,0.6060828000000242,0.8107348857677501,1.1648089547873663,0.297286437572517,1.4210854715202004e-14
Persistence-0.70,6,32,614,507,PPM-3,0,0,0.0,0.0,3.999999989900971e-06,0.8107348857677501,1.1648089547873663,0.297286437572517,1.4210854715202004e-14
Persistence-0.70,6,32,614,507,PPM-3,5,0,15.0,0.0,0.03750779999995757,0.8104944731429452,1.164335403251385,0.2981729167852873,1.4210854715202004e-14
Persistence-0.70,6,32,614,507,PPM-3,10,0,30.0,0.0,0.07639569999997775,0.8102351437483056,1.1638155093136189,0.2990552319387766,1.4210854715202004e-14
Persistence-0.70,6,32,614,507,PPM-3,15,0,45.0,0.0,0.1133186000000137,0.8099357853866254,1.163269853911064,0.2999330038395413,1.4210854715202004e-14
Persistence-0.70,6,32,614,507,PPM-3,20,0,60.0,0.0,0.1499744999999848,0.8095698930076717,1.1627244316479333,0.300805846805845,1.4210854715202004e-14
Persistence-0.70,6,32,614,507,PPM-3,25,0,75.0,0.0,0.1914152999999601,0.8091071559332758,1.1622090644936254,0.30167336824751506,1.4210854715202004e-14
Persistence-0.70,6,32,614,508,QP+G,0,0,0.0,0.0,4.9999999873762135e-06,0.8188629975187703,1.0339365497317323,0.30328361845708607,1.4210854715202004e-14
Persistence-0.70,6,32,614,508,QP+G,5,0,5.0,5.0,0.3063751000000252,0.8202984656651978,1.0108867769485208,0.3033500146510138,1.4210854715202004e-14
Persistence-0.70,6,32,614,508,QP+G,10,0,10.0,10.0,0.6000543999999763,0.8203499734868668,0.9863116125514081,0.30290176800809254,1.4210854715202004e-14
Persistence-0.70,6,32,614,508,QP+G,15,0,15.0,15.0,0.8616428000000269,0.820151164210002,0.9589929291815423,0.3016700859768422,7.105427357601002e-15
Persistence-0.70,6,32,614,508,QP+G,20,0,20.0,20.0,1.1134743000000071,0.8200842421482343,0.928598248706279,0.2995158383853292,7.105427357601002e-15
Persistence-0.70,6,32,614,508,QP+G,25,0,25.0,25.0,1.4039976000000252,0.8207377140707017,0.8947505954497206,0.29639537508103564,7.105427357601002e-15
Persistence-0.70,6,32,614,508,noG,0,0,0.0,0.0,5.999999984851456e-06,0.8188629975187703,1.0339365497317323,0.30328361845708607,1.4210854715202004e-14
Persistence-0.70,6,32,614,508,noG,5,0,5.0,0.0,0.10777949999999237,0.8195392911978922,1.0194811178007264,0.3032995073205527,7.105427357601002e-15
Persistence-0.70,6,32,614,508,noG,10,0,10.0,0.0,0.21293289999999843,0.8185438056397495,1.0046620527741483,0.302916873956603,1.4210854715202004e-14
Persistence-0.70,6,32,614,508,noG,15,0,15.0,0.0,0.3502364000000284,0.8170799027766761,0.9881267970990694,0.30207446882608263,7.105427357601002e-15
Persistence-0.70,6,32,614,508,noG,20,0,20.0,0.0,0.45407740000001695,0.8151816613632769,0.9697059872652255,0.30073933279462994,1.4210854715202004e-14
Persistence-0.70,6,32,614,508,noG,25,0,25.0,0.0,0.5571370999999772,0.8135334476410842,0.9486058772424907,0.2989519572759318,1.4210854715202004e-14
Persistence-0.70,6,32,614,508,PPM-3,0,0,0.0,0.0,3.4999999911633495e-06,0.8188629975187703,1.0339365497317323,0.30328361845708607,1.4210854715202004e-14
Persistence-0.70,6,32,614,508,PPM-3,5,0,15.0,0.0,0.03171140000000605,0.8190495033368537,1.0321056158478334,0.30330588451821733,1.4210854715202004e-14
Persistence-0.70,6,32,614,508,PPM-3,10,0,30.0,0.0,0.06457299999999577,0.819237012345544,1.0302436183420958,0.3033224803065046,1.4210854715202004e-14
Persistence-0.70,6,32,614,508,PPM-3,15,0,45.0,0.0,0.1011527000000001,0.8194253789849644,1.0283504008226834,0.3033333607120572,2.1316282072803006e-14
Persistence-0.70,6,32,614,508,PPM-3,20,0,60.0,0.0,0.1363190000000145,0.8195536088146241,1.0264866554480192,0.3033384648600872,7.105427357601002e-15
Persistence-0.70,6,32,614,508,PPM-3,25,0,75.0,0.0,0.1732804000000101,0.8196160573311614,1.0246577243426378,0.3033377168549763,7.105427357601002e-15
Persistence-0.70,6,32,614,509,QP+G,0,0,0.0,0.0,4.499999988638592e-06,0.8157277831242293,1.3407853870038937,0.30379310316944214,1.4210854715202004e-14
Persistence-0.70,6,32,614,509,QP+G,5,0,5.0,5.0,0.3049927999999795,0.8157277831242293,1.3407853870038937,0.30379310316944214,1.4210854715202004e-14
Persistence-0.70,6,32,614,509,QP+G,10,0,10.0,10.0,0.6096602000000075,0.8157277831242293,1.3407853870038937,0.30379310316944214,1.4210854715202004e-14
Persistence-0.70,6,32,614,509,QP+G,15,0,15.0,15.0,0.8769259000000034,0.8157277831242293,1.3407853870038937,0.30379310316944214,1.4210854715202004e-14
Persistence-0.70,6,32,614,509,QP+G,20,0,20.0,20.0,1.1494256000000291,0.8157277831242293,1.3407853870038937,0.30379310316944214,1.4210854715202004e-14
Persistence-0.70,6,32,614,509,QP+G,25,0,25.0,25.0,1.4275941000000216,0.8157277831242293,1.3407853870038937,0.30379310316944214,1.4210854715202004e-14
Persistence-0.70,6,32,614,509,noG,0,0,0.0,0.0,5.000000044219632e-06,0.8157277831242293,1.3407853870038937,0.30379310316944214,1.4210854715202004e-14
Persistence-0.70,6,32,614,509,noG,5,0,5.0,0.0,0.1277061000000117,0.8157277831242293,1.3407853870038937,0.30379310316944214,1.4210854715202004e-14
Persistence-0.70,6,32,614,509,noG,10,0,10.0,0.0,0.24680700000004663,0.8157277831242293,1.3407853870038937,0.30379310316944214,1.4210854715202004e-14
Persistence-0.70,6,32,614,509,noG,15,0,15.0,0.0,0.36152120000002697,0.8157277831242293,1.3407853870038937,0.30379310316944214,1.4210854715202004e-14
Persistence-0.70,6,32,614,509,noG,20,0,20.0,0.0,0.47944940000002134,0.8157277831242293,1.3407853870038937,0.30379310316944214,1.4210854715202004e-14
Persistence-0.70,6,32,614,509,noG,25,0,25.0,0.0,0.5967501000000084,0.8157277831242293,1.3407853870038937,0.30379310316944214,1.4210854715202004e-14
Persistence-0.70,6,32,614,509,PPM-3,0,0,0.0,0.0,7.500000037907739e-06,0.8157277831242293,1.3407853870038937,0.30379310316944214,1.4210854715202004e-14
Persistence-0.70,6,32,614,509,PPM-3,5,0,15.0,0.0,0.03414180000004308,0.8157737359932149,1.3399467282146431,0.30474103630237326,2.1316282072803006e-14
Persistence-0.70,6,32,614,509,PPM-3,10,0,30.0,0.0,0.06726500000002034,0.8158325836199197,1.339063411813099,0.30569286331818807,1.4210854715202004e-14
Persistence-0.70,6,32,614,509,PPM-3,15,0,45.0,0.0,0.10228600000004917,0.8159046166710336,1.3381347581073144,0.3066486257110195,1.4210854715202004e-14
Persistence-0.70,6,32,614,509,PPM-3,20,0,60.0,0.0,0.13643440000004148,0.8159901320897964,1.337160083725596,0.30760835217833515,1.4210854715202004e-14
Persistence-0.70,6,32,614,509,PPM-3,25,0,75.0,0.0,0.17773970000001782,0.8160894331999042,1.3361387016461146,0.3085720577799607,1.4210854715202004e-14
Persistence-0.70,6,32,614,510,QP+G,0,0,0.0,0.0,5.499999986113835e-06,0.8264100325017552,1.1508995538206794,0.3143434630958365,1.4210854715202004e-14
Persistence-0.70,6,32,614,510,QP+G,5,0,5.0,5.0,0.2765132999999764,0.831091228371006,1.1290583608225848,0.30787971846905976,7.105427357601002e-15
Persistence-0.70,6,32,614,510,QP+G,10,0,10.0,10.0,0.5572836000000052,0.8355032487750143,1.1077439945354195,0.3012688224487974,1.4210854715202004e-14
Persistence-0.70,6,32,614,510,QP+G,15,0,15.0,15.0,0.822149799999977,0.8397150862444971,1.0870023200979033,0.29462644035129615,1.4210854715202004e-14
Persistence-0.70,6,32,614,510,QP+G,20,0,20.0,20.0,1.0909991999999988,0.8436460868358534,1.0670036774633949,0.2880641869864634,7.105427357601002e-15
Persistence-0.70,6,32,614,510,QP+G,25,0,25.0,25.0,1.3638204999999743,0.8471188808705016,1.0479892629684642,0.28168313638079956,1.4210854715202004e-14
Persistence-0.70,6,32,614,510,noG,0,0,0.0,0.0,9.599999998499698e-06,0.8264100325017552,1.1508995538206794,0.3143434630958365,1.4210854715202004e-14
Persistence-0.70,6,32,614,510,noG,5,0,5.0,0.0,0.11654120000002877,0.8264100325017552,1.1508995538206794,0.3143434630958365,1.4210854715202004e-14
Persistence-0.70,6,32,614,510,noG,10,0,10.0,0.0,0.23386420000002772,0.8264100325017552,1.1508995538206794,0.3143434630958365,1.4210854715202004e-14
Persistence-0.70,6,32,614,510,noG,15,0,15.0,0.0,0.34718390000000454,0.8264100325017552,1.1508995538206794,0.3143434630958365,1.4210854715202004e-14
Persistence-0.70,6,32,614,510,noG,20,0,20.0,0.0,0.45667309999998906,0.8264100325017552,1.1508995538206794,0.3143434630958365,1.4210854715202004e-14
Persistence-0.70,6,32,614,510,noG,25,0,25.0,0.0,0.57382530000001,0.8264100325017552,1.1508995538206794,0.3143434630958365,1.4210854715202004e-14
Persistence-0.70,6,32,614,510,PPM-3,0,0,0.0,0.0,3.700000036133133e-06,0.8264100325017552,1.1508995538206794,0.3143434630958365,1.4210854715202004e-14
Persistence-0.70,6,32,614,510,PPM-3,5,0,15.0,0.0,0.035324199999990924,0.826585451050272,1.1502186417073363,0.3152215554506381,1.4210854715202004e-14
Persistence-0.70,6,32,614,510,PPM-3,10,0,30.0,0.0,0.07059609999998884,0.826789561782743,1.1494347176344932,0.31609118763516997,1.4210854715202004e-14
Persistence-0.70,6,32,614,510,PPM-3,15,0,45.0,0.0,0.10600240000002259,0.8269957318603153,1.148573036156554,0.31695177353989995,1.4210854715202004e-14
Persistence-0.70,6,32,614,510,PPM-3,20,0,60.0,0.0,0.14114019999999527,0.8272153816755309,1.147620812191596,0.31780266650576194,1.4210854715202004e-14
Persistence-0.70,6,32,614,510,PPM-3,25,0,75.0,0.0,0.1744807000000037,0.8274643587845747,1.1465608510559548,0.3186431616481297,1.4210854715202004e-14
Persistence-0.70,6,32,614,511,QP+G,0,0,0.0,0.0,3.899999967416079e-06,0.810095861087882,1.371397682744694,0.3024551201210205,2.1316282072803006e-14
Persistence-0.70,6,32,614,511,QP+G,5,0,5.0,5.0,0.25886579999996684,0.8129097074469643,1.3513717256905213,0.30105273526334236,1.4210854715202004e-14
Persistence-0.70,6,32,614,511,QP+G,10,0,10.0,10.0,0.5106234999999515,0.8157335743395316,1.3311729415444766,0.2995353657418883,1.4210854715202004e-14
Persistence-0.70,6,32,614,511,QP+G,15,0,15.0,15.0,0.7661993999999481,0.8184322825967428,1.310972317280294,0.29789557163824953,1.4210854715202004e-14
Persistence-0.70,6,32,614,511,QP+G,20,0,20.0,20.0,1.0204727999999932,0.82117199088916,1.290642821924696,0.29612747036704395,1.4210854715202004e-14
Persistence-0.70,6,32,614,511,QP+G,25,0,25.0,25.0,1.2774839999999585,0.8235733731216437,1.2706056670636865,0.294227153213236,1.4210854715202004e-14
Persistence-0.70,6,32,614,511,noG,0,0,0.0,0.0,3.6000000136482413e-06,0.810095861087882,1.371397682744694,0.3024551201210205,2.1316282072803006e-14
Persistence-0.70,6,32,614,511,noG,5,0,5.0,0.0,0.0993118000000095,0.810095861087882,1.371397682744694,0.3024551201210205,2.1316282072803006e-14
Persistence-0.70,6,32,614,511,noG,10,0,10.0,0.0,0.20375369999999293,0.810095861087882,1.371397682744694,0.3024551201210205,2.1316282072803006e-14
Persistence-0.70,6,32,614,511,noG,15,0,15.0,0.0,0.3105381000000307,0.810095861087882,1.371397682744694,0.3024551201210205,2.1316282072803006e-14
Persistence-0.70,6,32,614,511,noG,20,0,20.0,0.0,0.41664960000002793,0.810095861087882,1.371397682744694,0.3024551201210205,2.1316282072803006e-14
Persistence-0.70,6,32,614,511,noG,25,0,25.0,0.0,0.5348865000000274,0.810095861087882,1.371397682744694,0.3024551201210205,2.1316282072803006e-14
Persistence-0.70,6,32,614,511,PPM-3,0,0,0.0,0.0,3.4999999911633495e-06,0.810095861087882,1.371397682744694,0.3024551201210205,2.1316282072803006e-14
Persistence-0.70,6,32,614,511,PPM-3,5,0,15.0,0.0,0.033625900000004094,0.8108142433724362,1.368875846433041,0.30344430614452245,1.4210854715202004e-14
Persistence-0.70,6,32,614,511,PPM-3,10,0,30.0,0.0,0.07518370000002506,0.811553714688827,1.3662574576719029,0.3044396019491389,1.4210854715202004e-14
Persistence-0.70,6,32,614,511,PPM-3,15,0,45.0,0.0,0.11048759999999902,0.8123146809908292,1.3635414900761087,0.30544099051851886,1.4210854715202004e-14
Persistence-0.70,6,32,614,511,PPM-3,20,0,60.0,0.0,0.14583390000001373,0.8130975549707381,1.3607269217928546,0.30644841590639504,1.4210854715202004e-14
Persistence-0.70,6,32,614,511,PPM-3,25,0,75.0,0.0,0.18044650000001639,0.8139027559900136,1.3578127369421116,0.30746178106170297,1.4210854715202004e-14
Persistence-0.85,6,32,614,500,QP+G,0,0,0.0,0.0,3.999999989900971e-06,0.8113725058235721,1.1184232222887798,0.25741086684143855,1.4210854715202004e-14
Persistence-0.85,6,32,614,500,QP+G,5,0,5.0,5.0,0.2606605000000286,0.8140927669184802,1.1053648277505381,0.25554963018151017,1.4210854715202004e-14
Persistence-0.85,6,32,614,500,QP+G,10,0,10.0,10.0,0.5356176999999889,0.8167982739284485,1.0924573857263984,0.25368494728971797,1.4210854715202004e-14
Persistence-0.85,6,32,614,500,QP+G,15,0,15.0,15.0,0.8053085999999894,0.8194118755122751,1.0797845074215946,0.25182478588554447,1.4210854715202004e-14
Persistence-0.85,6,32,614,500,QP+G,20,0,20.0,20.0,1.0735172999999918,0.8220280472412588,1.067257261868198,0.24997686976916542,1.4210854715202004e-14
Persistence-0.85,6,32,614,500,QP+G,25,0,25.0,25.0,1.3519630999999777,0.8245780349109876,1.054949082764411,0.2481485237804375,2.1316282072803006e-14
Persistence-0.85,6,32,614,500,noG,0,0,0.0,0.0,3.3000000030369847e-06,0.8113725058235721,1.1184232222887798,0.25741086684143855,1.4210854715202004e-14
Persistence-0.85,6,32,614,500,noG,5,0,5.0,0.0,0.11550149999999348,0.8113725058235721,1.1184232222887798,0.25741086684143855,1.4210854715202004e-14
Persistence-0.85,6,32,614,500,noG,10,0,10.0,0.0,0.23755280000000312,0.8113725058235721,1.1184232222887798,0.25741086684143855,1.4210854715202004e-14
Persistence-0.85,6,32,614,500,noG,15,0,15.0,0.0,0.35943530000002966,0.8113725058235721,1.1184232222887798,0.25741086684143855,1.4210854715202004e-14
Persistence-0.85,6,32,614,500,noG,20,0,20.0,0.0,0.4889927000000398,0.8113725058235721,1.1184232222887798,0.25741086684143855,1.4210854715202004e-14
Persistence-0.85,6,32,614,500,noG,25,0,25.0,0.0,0.6241067999999927,0.8113725058235721,1.1184232222887798,0.25741086684143855,1.4210854715202004e-14
Persistence-0.85,6,32,614,500,PPM-3,0,0,0.0,0.0,4.600000011123484e-06,0.8113725058235721,1.1184232222887798,0.25741086684143855,1.4210854715202004e-14
Persistence-0.85,6,32,614,500,PPM-3,5,0,15.0,0.0,0.03533549999997376,0.8120102670300657,1.1184354989771466,0.2577710805308768,1.4210854715202004e-14
Persistence-0.85,6,32,614,500,PPM-3,10,0,30.0,0.0,0.06848370000000159,0.8125967961837315,1.1184544177611584,0.2581410910401195,1.4210854715202004e-14
Persistence-0.85,6,32,614,500,PPM-3,15,0,45.0,0.0,0.1047891999999706,0.8129953518090683,1.118616106916158,0.25852077827251224,1.4210854715202004e-14
Persistence-0.85,6,32,614,500,PPM-3,20,0,60.0,0.0,0.13756319999998823,0.8133769692719,1.118748925421043,0.2589100107077114,1.4210854715202004e-14
Persistence-0.85,6,32,614,500,PPM-3,25,0,75.0,0.0,0.17164999999999964,0.8137715803662692,1.1188223437621025,0.25930864547174093,1.4210854715202004e-14
Persistence-0.85,6,32,614,501,QP+G,0,0,0.0,0.0,3.6999999792897142e-06,0.836815623732343,1.1434111742941575,0.34106871293384095,1.4210854715202004e-14
Persistence-0.85,6,32,614,501,QP+G,5,0,5.0,5.0,0.2632945999999947,0.8394126592876641,1.123470666097154,0.3393504547485821,1.4210854715202004e-14
Persistence-0.85,6,32,614,501,QP+G,10,0,10.0,10.0,0.5300761000000307,0.8414641799491908,1.1041667090424703,0.3376221325688266,1.4210854715202004e-14
Persistence-0.85,6,32,614,501,QP+G,15,0,15.0,15.0,0.7907132999999931,0.8431831426519697,1.0853268734727108,0.3358491760570657,1.4210854715202004e-14
Persistence-0.85,6,32,614,501,QP+G,20,0,20.0,20.0,1.057066099999986,0.8443694057071071,1.0671960849204774,0.3339984412752069,1.4210854715202004e-14
Persistence-0.85,6,32,614,501,QP+G,25,0,25.0,25.0,1.3238580999999954,0.8454752980776494,1.0493696432181971,0.3320380385797424,1.4210854715202004e-14
Persistence-0.85,6,32,614,501,noG,0,0,0.0,0.0,6.900000016685226e-06,0.836815623732343,1.1434111742941575,0.34106871293384095,1.4210854715202004e-14
Persistence-0.85,6,32,614,501,noG,5,0,5.0,0.0,0.1170802999999978,0.836815623732343,1.1434111742941575,0.34106871293384095,1.4210854715202004e-14
Persistence-0.85,6,32,614,501,noG,10,0,10.0,0.0,0.23312920000000759,0.836815623732343,1.1434111742941575,0.34106871293384095,1.4210854715202004e-14
Persistence-0.85,6,32,614,501,noG,15,0,15.0,0.0,0.36922650000002477,0.836815623732343,1.1434111742941575,0.34106871293384095,1.4210854715202004e-14
Persistence-0.85,6,32,614,501,noG,20,0,20.0,0.0,0.4761303999999882,0.836815623732343,1.1434111742941575,0.34106871293384095,1.4210854715202004e-14
Persistence-0.85,6,32,614,501,noG,25,0,25.0,0.0,0.5911646000000133,0.836815623732343,1.1434111742941575,0.34106871293384095,1.4210854715202004e-14
Persistence-0.85,6,32,614,501,PPM-3,0,0,0.0,0.0,4.00000004674439e-06,0.836815623732343,1.1434111742941575,0.34106871293384095,1.4210854715202004e-14
Persistence-0.85,6,32,614,501,PPM-3,5,0,15.0,0.0,0.034944700000039575,0.8359943923583714,1.1431020362605624,0.34174616397815816,1.4210854715202004e-14
Persistence-0.85,6,32,614,501,PPM-3,10,0,30.0,0.0,0.0705812000000492,0.8351019330883617,1.1427922818950722,0.3423963254277151,7.105427357601002e-15
Persistence-0.85,6,32,614,501,PPM-3,15,0,45.0,0.0,0.10546160000001237,0.834129289280417,1.1424900501682984,0.3430194802151203,2.1316282072803006e-14
Persistence-0.85,6,32,614,501,PPM-3,20,0,60.0,0.0,0.14095050000003084,0.8331829947195243,1.1420880224061891,0.3436159506143454,1.4210854715202004e-14
Persistence-0.85,6,32,614,501,PPM-3,25,0,75.0,0.0,0.1763851000000045,0.8322635089537794,1.1415849882107616,0.34418609278075996,1.4210854715202004e-14
Persistence-0.85,6,32,614,502,QP+G,0,0,0.0,0.0,4.3999999661537e-06,0.8312703971305332,1.1510372184231614,0.3420896857478611,1.4210854715202004e-14
Persistence-0.85,6,32,614,502,QP+G,5,0,5.0,5.0,0.28468319999996083,0.8350989165253125,1.1306425153224695,0.33648694856701006,1.4210854715202004e-14
Persistence-0.85,6,32,614,502,QP+G,10,0,10.0,10.0,0.5467949999999746,0.838561626491366,1.1107675370752053,0.3306903300768403,1.4210854715202004e-14
Persistence-0.85,6,32,614,502,QP+G,15,0,15.0,15.0,0.9928905999999529,0.8418325257601702,1.091304298527535,0.32471882788138084,1.4210854715202004e-14
Persistence-0.85,6,32,614,502,QP+G,20,0,20.0,20.0,1.3650864999999612,0.8450208431978974,1.072209100052356,0.3186041865018377,2.1316282072803006e-14
Persistence-0.85,6,32,614,502,QP+G,25,0,25.0,25.0,1.652892099999974,0.8480016322683753,1.053668845027484,0.3123890953982576,7.105427357601002e-15
Persistence-0.85,6,32,614,502,noG,0,0,0.0,0.0,3.999999989900971e-06,0.8312703971305332,1.1510372184231614,0.3420896857478611,1.4210854715202004e-14
Persistence-0.85,6,32,614,502,noG,5,0,5.0,0.0,0.11542489999999361,0.8312703971305332,1.1510372184231614,0.3420896857478611,1.4210854715202004e-14
Persistence-0.85,6,32,614,502,noG,10,0,10.0,0.0,0.22824070000001484,0.8312703971305332,1.1510372184231614,0.3420896857478611,1.4210854715202004e-14
Persistence-0.85,6,32,614,502,noG,15,0,15.0,0.0,0.3476029000000267,0.8312703971305332,1.1510372184231614,0.3420896857478611,1.4210854715202004e-14
Persistence-0.85,6,32,614,502,noG,20,0,20.0,0.0,0.4625780000000077,0.8312703971305332,1.1510372184231614,0.3420896857478611,1.4210854715202004e-14
Persistence-0.85,6,32,614,502,noG,25,0,25.0,0.0,0.5764174000000253,0.8312703971305332,1.1510372184231614,0.3420896857478611,1.4210854715202004e-14
Persistence-0.85,6,32,614,502,PPM-3,0,0,0.0,0.0,4.099999955542444e-06,0.8312703971305332,1.1510372184231614,0.3420896857478611,1.4210854715202004e-14
Persistence-0.85,6,32,614,502,PPM-3,5,0,15.0,0.0,0.03594119999996792,0.8311653745921515,1.149116035602514,0.3427486605472733,1.4210854715202004e-14
Persistence-0.85,6,32,614,502,PPM-3,10,0,30.0,0.0,0.07598400000000538,0.8309599713246261,1.1472274941301404,0.3433808541319599,1.4210854715202004e-14
Persistence-0.85,6,32,614,502,PPM-3,15,0,45.0,0.0,0.11169439999997621,0.8307530946126364,1.1452728208632759,0.34398554884053373,1.4210854715202004e-14
Persistence-0.85,6,32,614,502,PPM-3,20,0,60.0,0.0,0.1490159999999605,0.8304797029804222,1.1433172229558597,0.344562034837097,1.4210854715202004e-14
Persistence-0.85,6,32,614,502,PPM-3,25,0,75.0,0.0,0.18597419999997555,0.8301520419942721,1.1413486527667873,0.3451096114215248,2.1316282072803006e-14
Persistence-0.85,6,32,614,503,QP+G,0,0,0.0,0.0,4.799999999249849e-06,0.8229990965562838,1.2644713016633897,0.3776256133768188,1.4210854715202004e-14
Persistence-0.85,6,32,614,503,QP+G,5,0,5.0,5.0,0.37349380000000565,0.8186003483443735,1.2312889269904814,0.37790511327580395,1.4210854715202004e-14
Persistence-0.85,6,32,614,503,QP+G,10,0,10.0,10.0,0.6964764999999602,0.8145767775430145,1.1919737885453934,0.3757052811065035,1.4210854715202004e-14
Persistence-0.85,6,32,614,503,QP+G,15,0,15.0,15.0,1.0317130999999904,0.8122241651683044,1.1462065440086504,0.37111196045295125,1.4210854715202004e-14
Persistence-0.85,6,32,614,503,QP+G,20,0,20.0,20.0,1.3650916999999936,0.8111498985931742,1.0954033206991156,0.3646893496516261,2.1316282072803006e-14
Persistence-0.85,6,32,614,503,QP+G,25,0,25.0,25.0,1.6894262999999796,0.8114677716945524,1.0403383336485437,0.35718959723792393,1.0658141036401503e-14
Persistence-0.85,6,32,614,503,noG,0,0,0.0,0.0,5.29999999798747e-06,0.8229990965562838,1.2644713016633897,0.3776256133768188,1.4210854715202004e-14
Persistence-0.85,6,32,614,503,noG,5,0,5.0,0.0,0.14513949999997067,0.8164382157943951,1.251290879038876,0.37825661324025134,2.1316282072803006e-14
Persistence-0.85,6,32,614,503,noG,10,0,10.0,0.0,0.2685435999999868,0.8093552479443374,1.2341069249477261,0.3774792729611789,1.4210854715202004e-14
Persistence-0.85,6,32,614,503,noG,15,0,15.0,0.0,0.3818713999999659,0.8032890973057292,1.211338360821645,0.3756216539468081,7.105427357601002e-15
Persistence-0.85,6,32,614,503,noG,20,0,20.0,0.0,0.4912344999999618,0.7982291523467204,1.1831155164190956,0.3728632736584858,2.1316282072803006e-14
Persistence-0.85,6,32,614,503,noG,25,0,25.0,0.0,0.5932222999999794,0.7947984353763103,1.14908288891777,0.36939269683349996,1.4210854715202004e-14
Persistence-0.85,6,32,614,503,PPM-3,0,0,0.0,0.0,4.900000021734741e-06,0.8229990965562838,1.2644713016633897,0.3776256133768188,1.4210854715202004e-14
Persistence-0.85,6,32,614,503,PPM-3,5,0,15.0,0.0,0.03362260000000106,0.8229803071023273,1.2622003839477514,0.37779797955528205,1.4210854715202004e-14
Persistence-0.85,6,32,614,503,PPM-3,10,0,30.0,0.0,0.07435290000000805,0.8223488640658101,1.2604729100225838,0.3779410180142882,1.4210854715202004e-14
Persistence-0.85,6,32,614,503,PPM-3,15,0,45.0,0.0,0.11815219999999726,0.8214119347665962,1.2589812879046203,0.37805591459858334,2.1316282072803006e-14
Persistence-0.85,6,32,614,503,PPM-3,20,0,60.0,0.0,0.16148010000000568,0.8204033503470086,1.2574912942116763,0.3781438048456161,2.1316282072803006e-14
Persistence-0.85,6,32,614,503,PPM-3,25,0,75.0,0.0,0.2083653000000254,0.8194076552587778,1.2559180257831422,0.37820577045047155,1.4210854715202004e-14
Persistence-0.85,6,32,614,504,QP+G,0,0,0.0,0.0,7.100000004811591e-06,0.8091283413725682,1.3367579977434882,0.30467584277756676,1.4210854715202004e-14
Persistence-0.85,6,32,614,504,QP+G,5,0,5.0,5.0,0.3332366999999863,0.8131464417166541,1.3193898100417356,0.3034701679179846,1.4210854715202004e-14
Persistence-0.85,6,32,614,504,QP+G,10,0,10.0,10.0,0.6661937999999736,0.8167099324835361,1.302190500891868,0.3021778261569254,1.4210854715202004e-14
Persistence-0.85,6,32,614,504,QP+G,15,0,15.0,15.0,0.9733296999999652,0.819734588032006,1.2852746374631794,0.3007998149539317,1.4210854715202004e-14
Persistence-0.85,6,32,614,504,QP+G,20,0,20.0,20.0,1.2253788999999529,0.8216905831542267,1.2692065620719586,0.29934232642422987,1.4210854715202004e-14
Persistence-0.85,6,32,614,504,QP+G,25,0,25.0,25.0,1.4913274999999544,0.823551668455394,1.2530503639421169,0.29781614263160605,2.1316282072803006e-14
Persistence-0.85,6,32,614,504,noG,0,0,0.0,0.0,4.300000000512227e-06,0.8091283413725682,1.3367579977434882,0.30467584277756676,1.4210854715202004e-14
Persistence-0.85,6,32,614,504,noG,5,0,5.0,0.0,0.10975010000004204,0.8091283413725682,1.3367579977434882,0.30467584277756676,1.4210854715202004e-14
Persistence-0.85,6,32,614,504,noG,10,0,10.0,0.0,0.2162162000000194,0.8091283413725682,1.3367579977434882,0.30467584277756676,1.4210854715202004e-14
Persistence-0.85,6,32,614,504,noG,15,0,15.0,0.0,0.3184404000000427,0.8091283413725682,1.3367579977434882,0.30467584277756676,1.4210854715202004e-14
Persistence-0.85,6,32,614,504,noG,20,0,20.0,0.0,0.4232990000000427,0.8091283413725682,1.3367579977434882,0.30467584277756676,1.4210854715202004e-14
Persistence-0.85,6,32,614,504,noG,25,0,25.0,0.0,0.5319661000000337,0.8091283413725682,1.3367579977434882,0.30467584277756676,1.4210854715202004e-14
Persistence-0.85,6,32,614,504,PPM-3,0,0,0.0,0.0,6.999999982326699e-06,0.8091283413725682,1.3367579977434882,0.30467584277756676,1.4210854715202004e-14
Persistence-0.85,6,32,614,504,PPM-3,5,0,15.0,0.0,0.04010119999998096,0.8104299705037377,1.33564192931898,0.3055182267146416,1.4210854715202004e-14
Persistence-0.85,6,32,614,504,PPM-3,10,0,30.0,0.0,0.07354379999998173,0.8116937218852058,1.3345088293703276,0.30637069995405514,1.4210854715202004e-14
Persistence-0.85,6,32,614,504,PPM-3,15,0,45.0,0.0,0.10658419999998614,0.8129928266431172,1.3332846110874665,0.3072329545684736,1.4210854715202004e-14
Persistence-0.85,6,32,614,504,PPM-3,20,0,60.0,0.0,0.14002899999996998,0.8143048716128867,1.3319908250023933,0.30810463491098755,1.4210854715202004e-14
Persistence-0.85,6,32,614,504,PPM-3,25,0,75.0,0.0,0.17550829999998996,0.8153927246892938,1.3308637338266884,0.3089853361800766,1.4210854715202004e-14
Persistence-0.85,6,32,614,505,QP+G,0,0,0.0,0.0,4.100000012385863e-06,0.8188980814331785,1.2466760674636264,0.29531986751369405,1.4210854715202004e-14
Persistence-0.85,6,32,614,505,QP+G,5,0,5.0,5.0,0.2716252999999824,0.8222105831363656,1.2327423814840341,0.2932665145334254,1.4210854715202004e-14
Persistence-0.85,6,32,614,505,QP+G,10,0,10.0,10.0,0.5397050999999919,0.8255214244980428,1.2184657096675529,0.29116087777353095,1.4210854715202004e-14
Persistence-0.85,6,32,614,505,QP+G,15,0,15.0,15.0,0.7952670999999896,0.8284159796984024,1.2042953255826987,0.28901573480267495,1.4210854715202004e-14
Persistence-0.85,6,32,614,505,QP+G,20,0,20.0,20.0,1.04355529999998,0.8311279888244322,1.1900355869038943,0.2868463033621458,1.4210854715202004e-14
Persistence-0.85,6,32,614,505,QP+G,25,0,25.0,25.0,1.3044802000000004,0.8337929555380938,1.1755917031973508,0.284669986447146,1.4210854715202004e-14
Persistence-0.85,6,32,614,505,noG,0,0,0.0,0.0,3.800000001774606e-06,0.8188980814331785,1.2466760674636264,0.29531986751369405,1.4210854715202004e-14
Persistence-0.85,6,32,614,505,noG,5,0,5.0,0.0,0.11830249999997022,0.8188980814331785,1.2466760674636264,0.29531986751369405,1.4210854715202004e-14
Persistence-0.85,6,32,614,505,noG,10,0,10.0,0.0,0.22131489999998166,0.8188980814331785,1.2466760674636264,0.29531986751369405,1.4210854715202004e-14
Persistence-0.85,6,32,614,505,noG,15,0,15.0,0.0,0.32701119999995854,0.8188980814331785,1.2466760674636264,0.29531986751369405,1.4210854715202004e-14
Persistence-0.85,6,32,614,505,noG,20,0,20.0,0.0,0.4322894999999676,0.8188980814331785,1.2466760674636264,0.29531986751369405,1.4210854715202004e-14
Persistence-0.85,6,32,614,505,noG,25,0,25.0,0.0,0.5350330999999642,0.8188980814331785,1.2466760674636264,0.29531986751369405,1.4210854715202004e-14
Persistence-0.85,6,32,614,505,PPM-3,0,0,0.0,0.0,3.6999999792897142e-06,0.8188980814331785,1.2466760674636264,0.29531986751369405,1.4210854715202004e-14
Persistence-0.85,6,32,614,505,PPM-3,5,0,15.0,0.0,0.038364500000000135,0.819277596767288,1.246327089437751,0.2961061431196009,1.4210854715202004e-14
Persistence-0.85,6,32,614,505,PPM-3,10,0,30.0,0.0,0.09254870000000892,0.8196818216646914,1.2459069139346028,0.29690371676530386,1.4210854715202004e-14
Persistence-0.85,6,32,614,505,PPM-3,15,0,45.0,0.0,0.13067200000000412,0.8201116575203597,1.2454136988732798,0.2977124839074787,1.4210854715202004e-14
Persistence-0.85,6,32,614,505,PPM-3,20,0,60.0,0.0,0.16917560000001686,0.8205594360209378,1.244854160495565,0.29853230622831833,1.4210854715202004e-14
Persistence-0.85,6,32,614,505,PPM-3,25,0,75.0,0.0,0.21233799999998837,0.820740452001143,1.244512041211424,0.29936301239551183,1.4210854715202004e-14
Persistence-0.85,6,32,614,506,QP+G,0,0,0.0,0.0,5.7999999967250915e-06,0.8208486626499518,1.1466718178628195,0.27599840496955536,1.4210854715202004e-14
Persistence-0.85,6,32,614,506,QP+G,5,0,5.0,5.0,0.3309476999999674,0.8241358268854618,1.1360463763463446,0.27594437022153756,1.4210854715202004e-14
Persistence-0.85,6,32,614,506,QP+G,10,0,10.0,10.0,0.6775293000000033,0.8272220152126923,1.1253784052419884,0.27581455443247727,7.105427357601002e-15
Persistence-0.85,6,32,614,506,QP+G,15,0,15.0,15.0,1.0266112999999564,0.8302072682180847,1.1145796266414627,0.27561055339865037,2.1316282072803006e-14
Persistence-0.85,6,32,614,506,QP+G,20,0,20.0,20.0,1.3322541,0.8332026614997059,1.1035530277208117,0.27534515980447644,1.4210854715202004e-14
Persistence-0.85,6,32,614,506,QP+G,25,0,25.0,25.0,1.6303744999999594,0.8361995583465502,1.0923222210875103,0.2750434739832878,1.4210854715202004e-14
Persistence-0.85,6,32,614,506,noG,0,0,0.0,0.0,3.6000000136482413e-06,0.8208486626499518,1.1466718178628195,0.27599840496955536,1.4210854715202004e-14
Persistence-0.85,6,32,614,506,noG,5,0,5.0,0.0,0.1522552999999789,0.8208486626499518,1.1466718178628195,0.27599840496955536,1.4210854715202004e-14
Persistence-0.85,6,32,614,506,noG,10,0,10.0,0.0,0.31702819999998155,0.8208486626499518,1.1466718178628195,0.27599840496955536,1.4210854715202004e-14
Persistence-0.85,6,32,614,506,noG,15,0,15.0,0.0,0.4850721999999905,0.8208486626499518,1.1466718178628195,0.27599840496955536,1.4210854715202004e-14
Persistence-0.85,6,32,614,506,noG,20,0,20.0,0.0,0.6557794999999942,0.8208486626499518,1.1466718178628195,0.27599840496955536,1.4210854715202004e-14
Persistence-0.85,6,32,614,506,noG,25,0,25.0,0.0,0.8297016000000212,0.8208486626499518,1.1466718178628195,0.27599840496955536,1.4210854715202004e-14
Persistence-0.85,6,32,614,506,PPM-3,0,0,0.0,0.0,4.3999999661537e-06,0.8208486626499518,1.1466718178628195,0.27599840496955536,1.4210854715202004e-14
Persistence-0.85,6,32,614,506,PPM-3,5,0,15.0,0.0,0.04440169999998034,0.8226102032320611,1.1454918306926047,0.2769968127329419,1.4210854715202004e-14
Persistence-0.85,6,32,614,506,PPM-3,10,0,30.0,0.0,0.09107410000001437,0.8242249459716625,1.144426555075134,0.278009601804896,1.4210854715202004e-14
Persistence-0.85,6,32,614,506,PPM-3,15,0,45.0,0.0,0.1387617999999975,0.825846106338264,1.1433218290772418,0.2790361950946401,1.4210854715202004e-14
Persistence-0.85,6,32,614,506,PPM-3,20,0,60.0,0.0,0.18198960000000852,0.8274687099297356,1.1421816762658077,0.280075957695314,1.4210854715202004e-14
Persistence-0.85,6,32,614,506,PPM-3,25,0,75.0,0.0,0.22592090000000553,0.8291086396932142,1.1409892591868753,0.28112819871350203,1.4210854715202004e-14
Persistence-0.85,6,32,614,507,QP+G,0,0,0.0,0.0,5.199999975502578e-06,0.8110565417390927,1.1709738046090048,0.29664055867796313,2.1316282072803006e-14
Persistence-0.85,6,32,614,507,QP+G,5,0,5.0,5.0,0.3470800000000054,0.812575918506134,1.1541183709917155,0.2938500404124188,1.4210854715202004e-14
Persistence-0.85,6,32,614,507,QP+G,10,0,10.0,10.0,0.6835236999999665,0.8139176141007,1.1376017571252786,0.29122959440231794,1.4210854715202004e-14
Persistence-0.85,6,32,614,507,QP+G,15,0,15.0,15.0,1.0047910999999772,0.8145711345982509,1.1219418534266121,0.2888054173838353,1.4210854715202004e-14
Persistence-0.85,6,32,614,507,QP+G,20,0,20.0,20.0,1.3256543999999622,0.8149309662651495,1.1067464755199614,0.2866008120877178,1.4210854715202004e-14
Persistence-0.85,6,32,614,507,QP+G,25,0,25.0,25.0,1.652965599999959,0.8152288982747949,1.0917811579933931,0.2846358978861351,1.4210854715202004e-14
Persistence-0.85,6,32,614,507,noG,0,0,0.0,0.0,6.199999972977821e-06,0.8110565417390927,1.1709738046090048,0.29664055867796313,2.1316282072803006e-14
Persistence-0.85,6,32,614,507,noG,5,0,5.0,0.0,0.13963710000001583,0.8110565417390927,1.1709738046090048,0.29664055867796313,2.1316282072803006e-14
Persistence-0.85,6,32,614,507,noG,10,0,10.0,0.0,0.27385090000001355,0.8110565417390927,1.1709738046090048,0.29664055867796313,2.1316282072803006e-14
Persistence-0.85,6,32,614,507,noG,15,0,15.0,0.0,0.37344849999999497,0.8110565417390927,1.1709738046090048,0.29664055867796313,2.1316282072803006e-14
Persistence-0.85,6,32,614,507,noG,20,0,20.0,0.0,0.48596670000000586,0.8110565417390927,1.1709738046090048,0.29664055867796313,2.1316282072803006e-14
Persistence-0.85,6,32,614,507,noG,25,0,25.0,0.0,0.593760599999996,0.8110565417390927,1.1709738046090048,0.29664055867796313,2.1316282072803006e-14
Persistence-0.85,6,32,614,507,PPM-3,0,0,0.0,0.0,3.4999999911633495e-06,0.8110565417390927,1.1709738046090048,0.29664055867796313,2.1316282072803006e-14
Persistence-0.85,6,32,614,507,PPM-3,5,0,15.0,0.0,0.03437939999997752,0.810816792752056,1.1704715642633778,0.2975414838023762,1.4210854715202004e-14
Persistence-0.85,6,32,614,507,PPM-3,10,0,30.0,0.0,0.06643610000003264,0.810565072613732,1.1699158443526114,0.2984384751832874,1.4210854715202004e-14
Persistence-0.85,6,32,614,507,PPM-3,15,0,45.0,0.0,0.1006024999999795,0.8102786549353592,1.1693288133167035,0.29933111739742885,1.4210854715202004e-14
Persistence-0.85,6,32,614,507,PPM-3,20,0,60.0,0.0,0.13395309999998517,0.8099318847624722,1.168735589220391,0.300218986584796,1.4210854715202004e-14
Persistence-0.85,6,32,614,507,PPM-3,25,0,75.0,0.0,0.16540539999999737,0.8094930682519127,1.1681673510633788,0.3011016499920864,1.4210854715202004e-14
Persistence-0.85,6,32,614,508,QP+G,0,0,0.0,0.0,4.799999999249849e-06,0.8186104413157441,1.0440080883447216,0.30656031960542196,1.4210854715202004e-14
Persistence-0.85,6,32,614,508,QP+G,5,0,5.0,5.0,0.2723536999999965,0.8201279942044047,1.0202828299746587,0.3070335747794316,1.4210854715202004e-14
Persistence-0.85,6,32,614,508,QP+G,10,0,10.0,10.0,0.5137598000000025,0.8202369824323938,0.9948700032487243,0.30692662902534984,1.4210854715202004e-14
Persistence-0.85,6,32,614,508,QP+G,15,0,15.0,15.0,0.7757993999999826,0.820156130810992,0.9664536003884966,0.30592584523130795,1.4210854715202004e-14
Persistence-0.85,6,32,614,508,QP+G,20,0,20.0,20.0,1.060165999999981,0.8202474980801382,0.9347224083796963,0.30390515516196315,1.4210854715202004e-14
Persistence-0.85,6,32,614,508,QP+G,25,0,25.0,25.0,1.3208956999999941,0.8211110150941643,0.8993062499640301,0.3008471557212943,1.4210854715202004e-14
Persistence-0.85,6,32,614,508,noG,0,0,0.0,0.0,3.4000000255218765e-06,0.8186104413157441,1.0440080883447216,0.30656031960542196,1.4210854715202004e-14
Persistence-0.85,6,32,614,508,noG,5,0,5.0,0.0,0.10775439999997616,0.8194486085560929,1.029104232023006,0.30678651067453905,1.4210854715202004e-14
Persistence-0.85,6,32,614,508,noG,10,0,10.0,0.0,0.2121678999999972,0.8185783282992739,1.01378469458203,0.3065737645347903,1.4210854715202004e-14
Persistence-0.85,6,32,614,508,noG,15,0,15.0,0.0,0.31942620000000943,0.8172432690568829,0.9966378125031041,0.30583493467229284,1.4210854715202004e-14
Persistence-0.85,6,32,614,508,noG,20,0,20.0,0.0,0.4345058000000108,0.8154737594688299,0.9774835388314069,0.30452126930281637,1.4210854715202004e-14
Persistence-0.85,6,32,614,508,noG,25,0,25.0,0.0,0.5505092000000218,0.813855656733557,0.9556178718323219,0.30268683976320904,1.4210854715202004e-14
Persistence-0.85,6,32,614,508,PPM-3,0,0,0.0,0.0,6.999999982326699e-06,0.8186104413157441,1.0440080883447216,0.30656031960542196,1.4210854715202004e-14
Persistence-0.85,6,32,614,508,PPM-3,5,0,15.0,0.0,0.036422700000002806,0.8188206608779439,1.0421207342896812,0.3066112039618947,1.4210854715202004e-14
Persistence-0.85,6,32,614,508,PPM-3,10,0,30.0,0.0,0.06815579999999954,0.8190314727414636,1.0402015919046708,0.3066559867410917,7.105427357601002e-15
Persistence-0.85,6,32,614,508,PPM-3,15,0,45.0,0.0,0.10077079999996386,0.8192427142776584,1.0382504775489065,0.30669461542806276,1.4210854715202004e-14
Persistence-0.85,6,32,614,508,PPM-3,20,0,60.0,0.0,0.13338679999998249,0.8193856593593578,1.036335771381538,0.3067270136638733,1.4210854715202004e-14
Persistence-0.85,6,32,614,508,PPM-3,25,0,75.0,0.0,0.1665246999999681,0.8194712640566174,1.0344461719244489,0.30675308241343735,1.4210854715202004e-14
Persistence-0.85,6,32,614,509,QP+G,0,0,0.0,0.0,3.6999999792897142e-06,0.8157746605741354,1.3707936638903158,0.30221459366844994,1.4210854715202004e-14
Persistence-0.85,6,32,614,509,QP+G,5,0,5.0,5.0,0.29110769999999775,0.8157746605741354,1.3707936638903158,0.30221459366844994,1.4210854715202004e-14
Persistence-0.85,6,32,614,509,QP+G,10,0,10.0,10.0,0.5660391999999774,0.8157746605741354,1.3707936638903158,0.30221459366844994,1.4210854715202004e-14
Persistence-0.85,6,32,614,509,QP+G,15,0,15.0,15.0,0.8648821999999541,0.8157746605741354,1.3707936638903158,0.30221459366844994,1.4210854715202004e-14
Persistence-0.85,6,32,614,509,QP+G,20,0,20.0,20.0,1.1423780000000079,0.8157746605741354,1.3707936638903158,0.30221459366844994,1.4210854715202004e-14
Persistence-0.85,6,32,614,509,QP+G,25,0,25.0,25.0,1.4207872999999722,0.8157746605741354,1.3707936638903158,0.30221459366844994,1.4210854715202004e-14
Persistence-0.85,6,32,614,509,noG,0,0,0.0,0.0,4.799999999249849e-06,0.8157746605741354,1.3707936638903158,0.30221459366844994,1.4210854715202004e-14
Persistence-0.85,6,32,614,509,noG,5,0,5.0,0.0,0.11696820000003072,0.8157746605741354,1.3707936638903158,0.30221459366844994,1.4210854715202004e-14
Persistence-0.85,6,32,614,509,noG,10,0,10.0,0.0,0.23511369999999943,0.8157746605741354,1.3707936638903158,0.30221459366844994,1.4210854715202004e-14
Persistence-0.85,6,32,614,509,noG,15,0,15.0,0.0,0.35291599999999335,0.8157746605741354,1.3707936638903158,0.30221459366844994,1.4210854715202004e-14
Persistence-0.85,6,32,614,509,noG,20,0,20.0,0.0,0.47186229999999796,0.8157746605741354,1.3707936638903158,0.30221459366844994,1.4210854715202004e-14
Persistence-0.85,6,32,614,509,noG,25,0,25.0,0.0,0.5886952000000178,0.8157746605741354,1.3707936638903158,0.30221459366844994,1.4210854715202004e-14
Persistence-0.85,6,32,614,509,PPM-3,0,0,0.0,0.0,4.300000000512227e-06,0.8157746605741354,1.3707936638903158,0.30221459366844994,1.4210854715202004e-14
Persistence-0.85,6,32,614,509,PPM-3,5,0,15.0,0.0,0.03270609999998442,0.8158198786690616,1.3700188613147721,0.3031356256425009,1.4210854715202004e-14
Persistence-0.85,6,32,614,509,PPM-3,10,0,30.0,0.0,0.06569709999996576,0.815879863468376,1.3691983889328623,0.304061731170042,1.0658141036401503e-14
Persistence-0.85,6,32,614,509,PPM-3,15,0,45.0,0.0,0.11086009999996804,0.8159549306732027,1.3683315187312757,0.30499308100968026,1.4210854715202004e-14
Persistence-0.85,6,32,614,509,PPM-3,20,0,60.0,0.0,0.14890700000000834,0.8160454026762199,1.3674175175001535,0.30592983678403624,1.4210854715202004e-14
Persistence-0.85,6,32,614,509,PPM-3,25,0,75.0,0.0,0.18113009999996166,0.8161516087086049,1.3664556467564921,0.3068721501089787,1.4210854715202004e-14
Persistence-0.85,6,32,614,510,QP+G,0,0,0.0,0.0,3.899999967416079e-06,0.8267215260938571,1.16640430944192,0.31341981648087763,2.1316282072803006e-14
Persistence-0.85,6,32,614,510,QP+G,5,0,5.0,5.0,0.47554559999997537,0.8314619874346215,1.1446554066492798,0.30751916704074395,1.4210854715202004e-14
Persistence-0.85,6,32,614,510,QP+G,10,0,10.0,10.0,0.7714849999999842,0.8359264750349678,1.123346907204886,0.30144958795769305,1.4210854715202004e-14
Persistence-0.85,6,32,614,510,QP+G,15,0,15.0,15.0,1.0499076999999488,0.8402002561982649,1.1025150026423045,0.29530945984389567,1.4210854715202004e-14
Persistence-0.85,6,32,614,510,QP+G,20,0,20.0,20.0,1.382047899999975,0.8440402244455332,1.082502690324458,0.289201426629425,1.4210854715202004e-14
Persistence-0.85,6,32,614,510,QP+G,25,0,25.0,25.0,1.7044591999999739,0.8475523106719166,1.0632798000583192,0.28322471488825,1.4210854715202004e-14
Persistence-0.85,6,32,614,510,noG,0,0,0.0,0.0,4.699999976764957e-06,0.8267215260938571,1.16640430944192,0.31341981648087763,2.1316282072803006e-14
Persistence-0.85,6,32,614,510,noG,5,0,5.0,0.0,0.11303370000001678,0.8267215260938571,1.16640430944192,0.31341981648087763,2.1316282072803006e-14
Persistence-0.85,6,32,614,510,noG,10,0,10.0,0.0,0.23793739999996433,0.8267215260938571,1.16640430944192,0.31341981648087763,2.1316282072803006e-14
Persistence-0.85,6,32,614,510,noG,15,0,15.0,0.0,0.3549901999999747,0.8267215260938571,1.16640430944192,0.31341981648087763,2.1316282072803006e-14
Persistence-0.85,6,32,614,510,noG,20,0,20.0,0.0,0.48393529999998464,0.8267215260938571,1.16640430944192,0.31341981648087763,2.1316282072803006e-14
Persistence-0.85,6,32,614,510,noG,25,0,25.0,0.0,0.5952788999999825,0.8267215260938571,1.16640430944192,0.31341981648087763,2.1316282072803006e-14
Persistence-0.85,6,32,614,510,PPM-3,0,0,0.0,0.0,3.700000036133133e-06,0.8267215260938571,1.16640430944192,0.31341981648087763,2.1316282072803006e-14
Persistence-0.85,6,32,614,510,PPM-3,5,0,15.0,0.0,0.03219160000003285,0.8269085139804079,1.1657531293943166,0.31440551725601357,7.105427357601002e-15
Persistence-0.85,6,32,614,510,PPM-3,10,0,30.0,0.0,0.06561049999999113,0.8271235675429864,1.164999950785216,0.31538667143311,1.4210854715202004e-14
Persistence-0.85,6,32,614,510,PPM-3,15,0,45.0,0.0,0.09715520000003153,0.8273477888136604,1.1641621172402405,0.3163626643051022,1.0658141036401503e-14
Persistence-0.85,6,32,614,510,PPM-3,20,0,60.0,0.0,0.13156459999999015,0.827581266153829,1.1632379939816087,0.3173327955582217,1.4210854715202004e-14
Persistence-0.85,6,32,614,510,PPM-3,25,0,75.0,0.0,0.1653911000000221,0.8278436045741646,1.1622064415769722,0.31829627981840136,1.4210854715202004e-14
Persistence-0.85,6,32,614,511,QP+G,0,0,0.0,0.0,4.099999955542444e-06,0.8102170331137678,1.3834107347718976,0.3023620764847297,1.4210854715202004e-14
Persistence-0.85,6,32,614,511,QP+G,5,0,5.0,5.0,0.3256344999999783,0.8131088177056486,1.3630196258686298,0.3011163222657944,1.4210854715202004e-14
Persistence-0.85,6,32,614,511,QP+G,10,0,10.0,10.0,0.5931165000000078,0.8160155048900711,1.3424186286647668,0.2997735607457477,1.4210854715202004e-14
Persistence-0.85,6,32,614,511,QP+G,15,0,15.0,15.0,0.8585477999999966,0.8188118715386364,1.32176612468534,0.2983260971580493,1.4210854715202004e-14
Persistence-0.85,6,32,614,511,QP+G,20,0,20.0,20.0,1.1433149000000071,0.8216170779734814,1.3009799217245623,0.2967672520644639,2.1316282072803006e-14
Persistence-0.85,6,32,614,511,QP+G,25,0,25.0,25.0,1.400102199999992,0.8240875716368189,1.2804439398405645,0.29509173805966105,1.4210854715202004e-14
Persistence-0.85,6,32,614,511,noG,0,0,0.0,0.0,3.5999999568048224e-06,0.8102170331137678,1.3834107347718976,0.3023620764847297,1.4210854715202004e-14
Persistence-0.85,6,32,614,511,noG,5,0,5.0,0.0,0.10672359999995251,0.8102170331137678,1.3834107347718976,0.3023620764847297,1.4210854715202004e-14
Persistence-0.85,6,32,614,511,noG,10,0,10.0,0.0,0.2108711999999855,0.8102170331137678,1.3834107347718976,0.3023620764847297,1.4210854715202004e-14
Persistence-0.85,6,32,614,511,noG,15,0,15.0,0.0,0.33339409999996406,0.8102170331137678,1.3834107347718976,0.3023620764847297,1.4210854715202004e-14
Persistence-0.85,6,32,614,511,noG,20,0,20.0,0.0,0.4449993000000063,0.8102170331137678,1.3834107347718976,0.3023620764847297,1.4210854715202004e-14
Persistence-0.85,6,32,614,511,noG,25,0,25.0,0.0,0.5492570999999771,0.8102170331137678,1.3834107347718976,0.3023620764847297,1.4210854715202004e-14
Persistence-0.85,6,32,614,511,PPM-3,0,0,0.0,0.0,5.000000044219632e-06,0.8102170331137678,1.3834107347718976,0.3023620764847297,1.4210854715202004e-14
Persistence-0.85,6,32,614,511,PPM-3,5,0,15.0,0.0,0.03264880000000403,0.8109409630543679,1.3808570531666073,0.30338732189961287,1.4210854715202004e-14
Persistence-0.85,6,32,614,511,PPM-3,10,0,30.0,0.0,0.06510590000004868,0.8116870716958765,1.3782045012562945,0.3044210325932677,1.4210854715202004e-14
Persistence-0.85,6,32,614,511,PPM-3,15,0,45.0,0.0,0.09804440000004888,0.8124558069917818,1.3754519510998477,0.30546323780863077,1.4210854715202004e-14
Persistence-0.85,6,32,614,511,PPM-3,20,0,60.0,0.0,0.13022620000003826,0.8132476252785855,1.372598276369133,0.3065139275341001,1.4210854715202004e-14
Persistence-0.85,6,32,614,511,PPM-3,25,0,75.0,0.0,0.16395060000002104,0.814062991279048,1.36964235374881,0.30757305019745645,1.4210854715202004e-14
